DATAFLOW,MEASURE,REGION,FREQ,TIME_PERIOD,OBS_VALUE,UNIT_MEASURE,UNIT_MULT,OBS_STATUS,OBS_COMMENT
ABS:ERP_COMP_Q(1.0.0),3,3,Q,1981-Q2,6.2,,,,
ABS:ERP_COMP_Q(1.0.0),3,3,Q,1981-Q3,4.9,,,,
ABS:ERP_COMP_Q(1.0.0),3,3,Q,1981-Q4,4.8,,,,
ABS:ERP_COMP_Q(1.0.0),3,3,Q,1982-Q1,6.3,,,,
ABS:ERP_COMP_Q(1.0.0),3,3,Q,1982-Q2,6.1,,,,
ABS:ERP_COMP_Q(1.0.0),3,3,Q,1982-Q3,4.8,,,,
ABS:ERP_COMP_Q(1.0.0),3,3,Q,1982-Q4,5.4,,,,
ABS:ERP_COMP_Q(1.0.0),3,3,Q,1983-Q1,6.9,,,,
ABS:ERP_COMP_Q(1.0.0),3,3,Q,1983-Q2,6.9,,,,
ABS:ERP_COMP_Q(1.0.0),3,3,Q,1983-Q3,5.9,,,,
ABS:ERP_COMP_Q(1.0.0),3,3,Q,1983-Q4,5.3,,,,
ABS:ERP_COMP_Q(1.0.0),3,3,Q,1984-Q1,6.4,,,,
ABS:ERP_COMP_Q(1.0.0),3,3,Q,1984-Q2,6.5,,,,
ABS:ERP_COMP_Q(1.0.0),3,3,Q,1984-Q3,5.1,,,,
ABS:ERP_COMP_Q(1.0.0),3,3,Q,1984-Q4,5.1,,,,
ABS:ERP_COMP_Q(1.0.0),3,3,Q,1985-Q1,5.8,,,,
ABS:ERP_COMP_Q(1.0.0),3,3,Q,1985-Q2,6.3,,,,
ABS:ERP_COMP_Q(1.0.0),3,3,Q,1985-Q3,4.5,,,,
ABS:ERP_COMP_Q(1.0.0),3,3,Q,1985-Q4,5.2,,,,
ABS:ERP_COMP_Q(1.0.0),3,3,Q,1986-Q1,5.5,,,,
ABS:ERP_COMP_Q(1.0.0),3,3,Q,1986-Q2,6.5,,,,
ABS:ERP_COMP_Q(1.0.0),3,3,Q,1986-Q3,5.3,,,,
ABS:ERP_COMP_Q(1.0.0),3,3,Q,1986-Q4,5.1,,,,
ABS:ERP_COMP_Q(1.0.0),3,3,Q,1987-Q1,5.6,,,,
ABS:ERP_COMP_Q(1.0.0),3,3,Q,1987-Q2,5.8,,,,
ABS:ERP_COMP_Q(1.0.0),3,3,Q,1987-Q3,4.6,,,,
ABS:ERP_COMP_Q(1.0.0),3,3,Q,1987-Q4,4.6,,,,
ABS:ERP_COMP_Q(1.0.0),3,3,Q,1988-Q1,5.7,,,,
ABS:ERP_COMP_Q(1.0.0),3,3,Q,1988-Q2,5.6,,,,
ABS:ERP_COMP_Q(1.0.0),3,3,Q,1988-Q3,4.8,,,,
ABS:ERP_COMP_Q(1.0.0),3,3,Q,1988-Q4,5.7,,,,
ABS:ERP_COMP_Q(1.0.0),3,3,Q,1989-Q1,5.9,,,,
ABS:ERP_COMP_Q(1.0.0),3,3,Q,1989-Q2,6,,,,
ABS:ERP_COMP_Q(1.0.0),3,3,Q,1989-Q3,4.9,,,,
ABS:ERP_COMP_Q(1.0.0),3,3,Q,1989-Q4,4.9,,,,
ABS:ERP_COMP_Q(1.0.0),3,3,Q,1990-Q1,6.8,,,,
ABS:ERP_COMP_Q(1.0.0),3,3,Q,1990-Q2,7.1,,,,
ABS:ERP_COMP_Q(1.0.0),3,3,Q,1990-Q3,6,,,,
ABS:ERP_COMP_Q(1.0.0),3,3,Q,1990-Q4,5.7,,,,
ABS:ERP_COMP_Q(1.0.0),3,3,Q,1991-Q1,6.4,,,,
ABS:ERP_COMP_Q(1.0.0),3,3,Q,1991-Q2,6.9,,,,
ABS:ERP_COMP_Q(1.0.0),3,3,Q,1991-Q3,5.9,,,,
ABS:ERP_COMP_Q(1.0.0),3,3,Q,1991-Q4,6.1,,,,
ABS:ERP_COMP_Q(1.0.0),3,3,Q,1992-Q1,7,,,,
ABS:ERP_COMP_Q(1.0.0),3,3,Q,1992-Q2,6.8,,,,
ABS:ERP_COMP_Q(1.0.0),3,3,Q,1992-Q3,5.8,,,,
ABS:ERP_COMP_Q(1.0.0),3,3,Q,1992-Q4,6.3,,,,
ABS:ERP_COMP_Q(1.0.0),3,3,Q,1993-Q1,7.1,,,,
ABS:ERP_COMP_Q(1.0.0),3,3,Q,1993-Q2,6.9,,,,
ABS:ERP_COMP_Q(1.0.0),3,3,Q,1993-Q3,6.5,,,,
ABS:ERP_COMP_Q(1.0.0),3,3,Q,1993-Q4,6.4,,,,
ABS:ERP_COMP_Q(1.0.0),3,3,Q,1994-Q1,6.8,,,,
ABS:ERP_COMP_Q(1.0.0),3,3,Q,1994-Q2,6.5,,,,
ABS:ERP_COMP_Q(1.0.0),3,3,Q,1994-Q3,5.6,,,,
ABS:ERP_COMP_Q(1.0.0),3,3,Q,1994-Q4,6.4,,,,
ABS:ERP_COMP_Q(1.0.0),3,3,Q,1995-Q1,7.2,,,,
ABS:ERP_COMP_Q(1.0.0),3,3,Q,1995-Q2,6.7,,,,
ABS:ERP_COMP_Q(1.0.0),3,3,Q,1995-Q3,6.2,,,,
ABS:ERP_COMP_Q(1.0.0),3,3,Q,1995-Q4,6,,,,
ABS:ERP_COMP_Q(1.0.0),3,3,Q,1996-Q1,6.7,,,,
ABS:ERP_COMP_Q(1.0.0),3,3,Q,1996-Q2,6.3,,,,
ABS:ERP_COMP_Q(1.0.0),3,3,Q,1996-Q3,5.6,,,,
ABS:ERP_COMP_Q(1.0.0),3,3,Q,1996-Q4,6.1,,,,
ABS:ERP_COMP_Q(1.0.0),3,3,Q,1997-Q1,6.5,,,,
ABS:ERP_COMP_Q(1.0.0),3,3,Q,1997-Q2,7.4,,,,
ABS:ERP_COMP_Q(1.0.0),3,3,Q,1997-Q3,5.8,,,,
ABS:ERP_COMP_Q(1.0.0),3,3,Q,1997-Q4,5.8,,,,
ABS:ERP_COMP_Q(1.0.0),3,3,Q,1998-Q1,6.6,,,,
ABS:ERP_COMP_Q(1.0.0),3,3,Q,1998-Q2,6.5,,,,
ABS:ERP_COMP_Q(1.0.0),3,3,Q,1998-Q3,5.8,,,,
ABS:ERP_COMP_Q(1.0.0),3,3,Q,1998-Q4,5.7,,,,
ABS:ERP_COMP_Q(1.0.0),3,3,Q,1999-Q1,6.8,,,,
ABS:ERP_COMP_Q(1.0.0),3,3,Q,1999-Q2,6.1,,,,
ABS:ERP_COMP_Q(1.0.0),3,3,Q,1999-Q3,5.8,,,,
ABS:ERP_COMP_Q(1.0.0),3,3,Q,1999-Q4,5.8,,,,
ABS:ERP_COMP_Q(1.0.0),3,3,Q,2000-Q1,7,,,,
ABS:ERP_COMP_Q(1.0.0),3,3,Q,2000-Q2,6,,,,
ABS:ERP_COMP_Q(1.0.0),3,3,Q,2000-Q3,6,,,,
ABS:ERP_COMP_Q(1.0.0),3,3,Q,2000-Q4,6.1,,,,
ABS:ERP_COMP_Q(1.0.0),3,3,Q,2001-Q1,6.7,,,,
ABS:ERP_COMP_Q(1.0.0),3,3,Q,2001-Q2,6.6,,,,
ABS:ERP_COMP_Q(1.0.0),3,3,Q,2001-Q3,6.2,,,,
ABS:ERP_COMP_Q(1.0.0),3,3,Q,2001-Q4,5.8,,,,
ABS:ERP_COMP_Q(1.0.0),3,3,Q,2002-Q1,6.5,,,,
ABS:ERP_COMP_Q(1.0.0),3,3,Q,2002-Q2,6.3,,,,
ABS:ERP_COMP_Q(1.0.0),3,3,Q,2002-Q3,5.3,,,,
ABS:ERP_COMP_Q(1.0.0),3,3,Q,2002-Q4,5.8,,,,
ABS:ERP_COMP_Q(1.0.0),3,3,Q,2003-Q1,6.7,,,,
ABS:ERP_COMP_Q(1.0.0),3,3,Q,2003-Q2,6.6,,,,
ABS:ERP_COMP_Q(1.0.0),3,3,Q,2003-Q3,6,,,,
ABS:ERP_COMP_Q(1.0.0),3,3,Q,2003-Q4,6.4,,,,
ABS:ERP_COMP_Q(1.0.0),3,3,Q,2004-Q1,6.7,,,,
ABS:ERP_COMP_Q(1.0.0),3,3,Q,2004-Q2,6.1,,,,
ABS:ERP_COMP_Q(1.0.0),3,3,Q,2004-Q3,6.3,,,,
ABS:ERP_COMP_Q(1.0.0),3,3,Q,2004-Q4,5.9,,,,
ABS:ERP_COMP_Q(1.0.0),3,3,Q,2005-Q1,7.7,,,,
ABS:ERP_COMP_Q(1.0.0),3,3,Q,2005-Q2,8.1,,,,
ABS:ERP_COMP_Q(1.0.0),3,3,Q,2005-Q3,7.2,,,,
ABS:ERP_COMP_Q(1.0.0),3,3,Q,2005-Q4,7,,,,
ABS:ERP_COMP_Q(1.0.0),3,3,Q,2006-Q1,7.9,,,,
ABS:ERP_COMP_Q(1.0.0),3,3,Q,2006-Q2,7.5,,,,
ABS:ERP_COMP_Q(1.0.0),3,3,Q,2006-Q3,7.8,,,,
ABS:ERP_COMP_Q(1.0.0),3,3,Q,2006-Q4,7.7,,,,
ABS:ERP_COMP_Q(1.0.0),3,3,Q,2007-Q1,8.9,,,,
ABS:ERP_COMP_Q(1.0.0),3,3,Q,2007-Q2,8.6,,,,
ABS:ERP_COMP_Q(1.0.0),3,3,Q,2007-Q3,8.5,,,,
ABS:ERP_COMP_Q(1.0.0),3,3,Q,2007-Q4,8.4,,,,
ABS:ERP_COMP_Q(1.0.0),3,3,Q,2008-Q1,9.4,,,,
ABS:ERP_COMP_Q(1.0.0),3,3,Q,2008-Q2,9.2,,,,
ABS:ERP_COMP_Q(1.0.0),3,3,Q,2008-Q3,8.5,,,,
ABS:ERP_COMP_Q(1.0.0),3,3,Q,2008-Q4,8.9,,,,
ABS:ERP_COMP_Q(1.0.0),3,3,Q,2009-Q1,9.7,,,,
ABS:ERP_COMP_Q(1.0.0),3,3,Q,2009-Q2,9.4,,,,
ABS:ERP_COMP_Q(1.0.0),3,3,Q,2009-Q3,8.7,,,,
ABS:ERP_COMP_Q(1.0.0),3,3,Q,2009-Q4,8.7,,,,
ABS:ERP_COMP_Q(1.0.0),3,3,Q,2010-Q1,9.8,,,,
ABS:ERP_COMP_Q(1.0.0),3,3,Q,2010-Q2,9.4,,,,
ABS:ERP_COMP_Q(1.0.0),3,3,Q,2010-Q3,8.9,,,,
ABS:ERP_COMP_Q(1.0.0),3,3,Q,2010-Q4,8.2,,,,
ABS:ERP_COMP_Q(1.0.0),3,3,Q,2011-Q1,9.5,,,,
ABS:ERP_COMP_Q(1.0.0),3,3,Q,2011-Q2,9.2,,,,
ABS:ERP_COMP_Q(1.0.0),3,3,Q,2011-Q3,7.9,,,,
ABS:ERP_COMP_Q(1.0.0),3,3,Q,2011-Q4,8.4,,,,
ABS:ERP_COMP_Q(1.0.0),3,3,Q,2012-Q1,10.1,,,,
ABS:ERP_COMP_Q(1.0.0),3,3,Q,2012-Q2,9.1,,,,
ABS:ERP_COMP_Q(1.0.0),3,3,Q,2012-Q3,8.1,,,,
ABS:ERP_COMP_Q(1.0.0),3,3,Q,2012-Q4,9.2,,,,
ABS:ERP_COMP_Q(1.0.0),3,3,Q,2013-Q1,9.4,,,,
ABS:ERP_COMP_Q(1.0.0),3,3,Q,2013-Q2,8.8,,,,
ABS:ERP_COMP_Q(1.0.0),3,3,Q,2013-Q3,8.8,,,,
ABS:ERP_COMP_Q(1.0.0),3,3,Q,2013-Q4,8.4,,,,
ABS:ERP_COMP_Q(1.0.0),3,3,Q,2014-Q1,9.7,,,,
ABS:ERP_COMP_Q(1.0.0),3,3,Q,2014-Q2,8.8,,,,
ABS:ERP_COMP_Q(1.0.0),3,3,Q,2014-Q3,8.2,,,,
ABS:ERP_COMP_Q(1.0.0),3,3,Q,2014-Q4,8.4,,,,
ABS:ERP_COMP_Q(1.0.0),3,3,Q,2015-Q1,8.4,,,,
ABS:ERP_COMP_Q(1.0.0),3,3,Q,2015-Q2,8.2,,,,
ABS:ERP_COMP_Q(1.0.0),3,3,Q,2015-Q3,7.6,,,,
ABS:ERP_COMP_Q(1.0.0),3,3,Q,2015-Q4,7.4,,,,
ABS:ERP_COMP_Q(1.0.0),3,3,Q,2016-Q1,9,,,,
ABS:ERP_COMP_Q(1.0.0),3,3,Q,2016-Q2,8.4,,,,
ABS:ERP_COMP_Q(1.0.0),3,3,Q,2016-Q3,7.7,,,,
ABS:ERP_COMP_Q(1.0.0),3,3,Q,2016-Q4,7.3,,,,
ABS:ERP_COMP_Q(1.0.0),3,3,Q,2017-Q1,7.9,,,,
ABS:ERP_COMP_Q(1.0.0),3,3,Q,2017-Q2,7.7,,,,
ABS:ERP_COMP_Q(1.0.0),3,3,Q,2017-Q3,6.7,,,,
ABS:ERP_COMP_Q(1.0.0),3,3,Q,2017-Q4,6.8,,,,
ABS:ERP_COMP_Q(1.0.0),3,3,Q,2018-Q1,8.3,,,,
ABS:ERP_COMP_Q(1.0.0),3,3,Q,2018-Q2,7.6,,,,
ABS:ERP_COMP_Q(1.0.0),3,3,Q,2018-Q3,7,,,,
ABS:ERP_COMP_Q(1.0.0),3,3,Q,2018-Q4,7.2,,,,
ABS:ERP_COMP_Q(1.0.0),3,3,Q,2019-Q1,7.9,,,,
ABS:ERP_COMP_Q(1.0.0),3,3,Q,2019-Q2,7.8,,,,
ABS:ERP_COMP_Q(1.0.0),3,3,Q,2019-Q3,6.4,,,,
ABS:ERP_COMP_Q(1.0.0),3,3,Q,2019-Q4,6.8,,,,
ABS:ERP_COMP_Q(1.0.0),3,3,Q,2020-Q1,7.3,,,,
ABS:ERP_COMP_Q(1.0.0),3,3,Q,2020-Q2,7.5,,,,
ABS:ERP_COMP_Q(1.0.0),3,3,Q,2020-Q3,7,,,,
ABS:ERP_COMP_Q(1.0.0),3,3,Q,2020-Q4,6.3,,,,
ABS:ERP_COMP_Q(1.0.0),3,3,Q,2021-Q1,8.5,,,,
ABS:ERP_COMP_Q(1.0.0),3,3,Q,2021-Q2,7.7,,,,
ABS:ERP_COMP_Q(1.0.0),3,3,Q,2021-Q3,7,,,,
ABS:ERP_COMP_Q(1.0.0),3,3,Q,2021-Q4,6.5,,,,
ABS:ERP_COMP_Q(1.0.0),3,3,Q,2022-Q1,6.8,,,,
ABS:ERP_COMP_Q(1.0.0),3,3,Q,2022-Q2,6.4,,,,
ABS:ERP_COMP_Q(1.0.0),3,3,Q,2022-Q3,4.9,,,,
ABS:ERP_COMP_Q(1.0.0),3,3,Q,2022-Q4,5.2,,,,
ABS:ERP_COMP_Q(1.0.0),3,3,Q,2023-Q1,5.7,,,,
ABS:ERP_COMP_Q(1.0.0),3,3,Q,2023-Q2,5.4,,,,
ABS:ERP_COMP_Q(1.0.0),3,3,Q,2023-Q3,5.5,,,,
ABS:ERP_COMP_Q(1.0.0),3,3,Q,2023-Q4,5.1,,,,
ABS:ERP_COMP_Q(1.0.0),3,3,Q,2024-Q1,5.2,,,,
ABS:ERP_COMP_Q(1.0.0),3,3,Q,2024-Q2,5.2,,,,
ABS:ERP_COMP_Q(1.0.0),3,3,Q,2024-Q3,4.5,,,,
ABS:ERP_COMP_Q(1.0.0),3,3,Q,2024-Q4,4.6,,,,
ABS:ERP_COMP_Q(1.0.0),3,3,Q,2025-Q1,5.8,,,,
ABS:ERP_COMP_Q(1.0.0),3,3,Q,2025-Q2,5.7,,,,
ABS:ERP_COMP_Q(1.0.0),3,3,Q,2025-Q3,5.1,,,,
ABS:ERP_COMP_Q(1.0.0),3,3,Q,2025-Q4,4.5,,,,
ABS:ERP_COMP_Q(1.0.0),6,5,Q,1981-Q2,680,,,,
ABS:ERP_COMP_Q(1.0.0),6,5,Q,1981-Q3,2002,,,,
ABS:ERP_COMP_Q(1.0.0),6,5,Q,1981-Q4,441,,,,
ABS:ERP_COMP_Q(1.0.0),6,5,Q,1982-Q1,494,,,,
ABS:ERP_COMP_Q(1.0.0),6,5,Q,1982-Q2,621,,,,
ABS:ERP_COMP_Q(1.0.0),6,5,Q,1982-Q3,504,,,,
ABS:ERP_COMP_Q(1.0.0),6,5,Q,1982-Q4,394,,,,
ABS:ERP_COMP_Q(1.0.0),6,5,Q,1983-Q1,34,,,,
ABS:ERP_COMP_Q(1.0.0),6,5,Q,1983-Q2,578,,,,
ABS:ERP_COMP_Q(1.0.0),6,5,Q,1983-Q3,444,,,,
ABS:ERP_COMP_Q(1.0.0),6,5,Q,1983-Q4,221,,,,
ABS:ERP_COMP_Q(1.0.0),6,5,Q,1984-Q1,-263,,,,
ABS:ERP_COMP_Q(1.0.0),6,5,Q,1984-Q2,330,,,,
ABS:ERP_COMP_Q(1.0.0),6,5,Q,1984-Q3,443,,,,
ABS:ERP_COMP_Q(1.0.0),6,5,Q,1984-Q4,-67,,,,
ABS:ERP_COMP_Q(1.0.0),6,5,Q,1985-Q1,370,,,,
ABS:ERP_COMP_Q(1.0.0),6,5,Q,1985-Q2,1224,,,,
ABS:ERP_COMP_Q(1.0.0),6,5,Q,1985-Q3,2104,,,,
ABS:ERP_COMP_Q(1.0.0),6,5,Q,1985-Q4,2032,,,,
ABS:ERP_COMP_Q(1.0.0),6,5,Q,1986-Q1,2522,,,,
ABS:ERP_COMP_Q(1.0.0),6,5,Q,1986-Q2,2770,,,,
ABS:ERP_COMP_Q(1.0.0),6,5,Q,1986-Q3,2068,,,,
ABS:ERP_COMP_Q(1.0.0),6,5,Q,1986-Q4,1281,,,,
ABS:ERP_COMP_Q(1.0.0),6,5,Q,1987-Q1,1584,,,,
ABS:ERP_COMP_Q(1.0.0),6,5,Q,1987-Q2,1643,,,,
ABS:ERP_COMP_Q(1.0.0),6,5,Q,1987-Q3,918,,,,
ABS:ERP_COMP_Q(1.0.0),6,5,Q,1987-Q4,1143,,,,
ABS:ERP_COMP_Q(1.0.0),6,5,Q,1988-Q1,1094,,,,
ABS:ERP_COMP_Q(1.0.0),6,5,Q,1988-Q2,1119,,,,
ABS:ERP_COMP_Q(1.0.0),6,5,Q,1988-Q3,1590,,,,
ABS:ERP_COMP_Q(1.0.0),6,5,Q,1988-Q4,1425,,,,
ABS:ERP_COMP_Q(1.0.0),6,5,Q,1989-Q1,461,,,,
ABS:ERP_COMP_Q(1.0.0),6,5,Q,1989-Q2,1541,,,,
ABS:ERP_COMP_Q(1.0.0),6,5,Q,1989-Q3,1338,,,,
ABS:ERP_COMP_Q(1.0.0),6,5,Q,1989-Q4,872,,,,
ABS:ERP_COMP_Q(1.0.0),6,5,Q,1990-Q1,716,,,,
ABS:ERP_COMP_Q(1.0.0),6,5,Q,1990-Q2,86,,,,
ABS:ERP_COMP_Q(1.0.0),6,5,Q,1990-Q3,267,,,,
ABS:ERP_COMP_Q(1.0.0),6,5,Q,1990-Q4,-471,,,,
ABS:ERP_COMP_Q(1.0.0),6,5,Q,1991-Q1,-1111,,,,
ABS:ERP_COMP_Q(1.0.0),6,5,Q,1991-Q2,-476,,,,
ABS:ERP_COMP_Q(1.0.0),6,5,Q,1991-Q3,-185,,,,
ABS:ERP_COMP_Q(1.0.0),6,5,Q,1991-Q4,-87,,,,
ABS:ERP_COMP_Q(1.0.0),6,5,Q,1992-Q1,-293,,,,
ABS:ERP_COMP_Q(1.0.0),6,5,Q,1992-Q2,-749,,,,
ABS:ERP_COMP_Q(1.0.0),6,5,Q,1992-Q3,534,,,,
ABS:ERP_COMP_Q(1.0.0),6,5,Q,1992-Q4,-230,,,,
ABS:ERP_COMP_Q(1.0.0),6,5,Q,1993-Q1,-1252,,,,
ABS:ERP_COMP_Q(1.0.0),6,5,Q,1993-Q2,796,,,,
ABS:ERP_COMP_Q(1.0.0),6,5,Q,1993-Q3,360,,,,
ABS:ERP_COMP_Q(1.0.0),6,5,Q,1993-Q4,842,,,,
ABS:ERP_COMP_Q(1.0.0),6,5,Q,1994-Q1,1096,,,,
ABS:ERP_COMP_Q(1.0.0),6,5,Q,1994-Q2,1527,,,,
ABS:ERP_COMP_Q(1.0.0),6,5,Q,1994-Q3,1487,,,,
ABS:ERP_COMP_Q(1.0.0),6,5,Q,1994-Q4,541,,,,
ABS:ERP_COMP_Q(1.0.0),6,5,Q,1995-Q1,1698,,,,
ABS:ERP_COMP_Q(1.0.0),6,5,Q,1995-Q2,1375,,,,
ABS:ERP_COMP_Q(1.0.0),6,5,Q,1995-Q3,1123,,,,
ABS:ERP_COMP_Q(1.0.0),6,5,Q,1995-Q4,317,,,,
ABS:ERP_COMP_Q(1.0.0),6,5,Q,1996-Q1,1188,,,,
ABS:ERP_COMP_Q(1.0.0),6,5,Q,1996-Q2,1438,,,,
ABS:ERP_COMP_Q(1.0.0),6,5,Q,1996-Q3,1289,,,,
ABS:ERP_COMP_Q(1.0.0),6,5,Q,1996-Q4,994,,,,
ABS:ERP_COMP_Q(1.0.0),6,5,Q,1997-Q1,1795,,,,
ABS:ERP_COMP_Q(1.0.0),6,5,Q,1997-Q2,582,,,,
ABS:ERP_COMP_Q(1.0.0),6,5,Q,1997-Q3,676,,,,
ABS:ERP_COMP_Q(1.0.0),6,5,Q,1997-Q4,727,,,,
ABS:ERP_COMP_Q(1.0.0),6,5,Q,1998-Q1,1312,,,,
ABS:ERP_COMP_Q(1.0.0),6,5,Q,1998-Q2,512,,,,
ABS:ERP_COMP_Q(1.0.0),6,5,Q,1998-Q3,838,,,,
ABS:ERP_COMP_Q(1.0.0),6,5,Q,1998-Q4,-281,,,,
ABS:ERP_COMP_Q(1.0.0),6,5,Q,1999-Q1,77,,,,
ABS:ERP_COMP_Q(1.0.0),6,5,Q,1999-Q2,-338,,,,
ABS:ERP_COMP_Q(1.0.0),6,5,Q,1999-Q3,-448,,,,
ABS:ERP_COMP_Q(1.0.0),6,5,Q,1999-Q4,-767,,,,
ABS:ERP_COMP_Q(1.0.0),6,5,Q,2000-Q1,-674,,,,
ABS:ERP_COMP_Q(1.0.0),6,5,Q,2000-Q2,-298,,,,
ABS:ERP_COMP_Q(1.0.0),6,5,Q,2000-Q3,-660,,,,
ABS:ERP_COMP_Q(1.0.0),6,5,Q,2000-Q4,-869,,,,
ABS:ERP_COMP_Q(1.0.0),6,5,Q,2001-Q1,-669,,,,
ABS:ERP_COMP_Q(1.0.0),6,5,Q,2001-Q2,-912,,,,
ABS:ERP_COMP_Q(1.0.0),6,5,Q,2001-Q3,-627,,,,
ABS:ERP_COMP_Q(1.0.0),6,5,Q,2001-Q4,-1229,,,,
ABS:ERP_COMP_Q(1.0.0),6,5,Q,2002-Q1,-778,,,,
ABS:ERP_COMP_Q(1.0.0),6,5,Q,2002-Q2,-948,,,,
ABS:ERP_COMP_Q(1.0.0),6,5,Q,2002-Q3,-778,,,,
ABS:ERP_COMP_Q(1.0.0),6,5,Q,2002-Q4,-899,,,,
ABS:ERP_COMP_Q(1.0.0),6,5,Q,2003-Q1,-286,,,,
ABS:ERP_COMP_Q(1.0.0),6,5,Q,2003-Q2,-9,,,,
ABS:ERP_COMP_Q(1.0.0),6,5,Q,2003-Q3,410,,,,
ABS:ERP_COMP_Q(1.0.0),6,5,Q,2003-Q4,344,,,,
ABS:ERP_COMP_Q(1.0.0),6,5,Q,2004-Q1,686,,,,
ABS:ERP_COMP_Q(1.0.0),6,5,Q,2004-Q2,655,,,,
ABS:ERP_COMP_Q(1.0.0),6,5,Q,2004-Q3,463,,,,
ABS:ERP_COMP_Q(1.0.0),6,5,Q,2004-Q4,508,,,,
ABS:ERP_COMP_Q(1.0.0),6,5,Q,2005-Q1,739,,,,
ABS:ERP_COMP_Q(1.0.0),6,5,Q,2005-Q2,531,,,,
ABS:ERP_COMP_Q(1.0.0),6,5,Q,2005-Q3,992,,,,
ABS:ERP_COMP_Q(1.0.0),6,5,Q,2005-Q4,556,,,,
ABS:ERP_COMP_Q(1.0.0),6,5,Q,2006-Q1,1387,,,,
ABS:ERP_COMP_Q(1.0.0),6,5,Q,2006-Q2,998,,,,
ABS:ERP_COMP_Q(1.0.0),6,5,Q,2006-Q3,1076,,,,
ABS:ERP_COMP_Q(1.0.0),6,5,Q,2006-Q4,1152,,,,
ABS:ERP_COMP_Q(1.0.0),6,5,Q,2007-Q1,1490,,,,
ABS:ERP_COMP_Q(1.0.0),6,5,Q,2007-Q2,1644,,,,
ABS:ERP_COMP_Q(1.0.0),6,5,Q,2007-Q3,932,,,,
ABS:ERP_COMP_Q(1.0.0),6,5,Q,2007-Q4,789,,,,
ABS:ERP_COMP_Q(1.0.0),6,5,Q,2008-Q1,1757,,,,
ABS:ERP_COMP_Q(1.0.0),6,5,Q,2008-Q2,1513,,,,
ABS:ERP_COMP_Q(1.0.0),6,5,Q,2008-Q3,1684,,,,
ABS:ERP_COMP_Q(1.0.0),6,5,Q,2008-Q4,1499,,,,
ABS:ERP_COMP_Q(1.0.0),6,5,Q,2009-Q1,1356,,,,
ABS:ERP_COMP_Q(1.0.0),6,5,Q,2009-Q2,473,,,,
ABS:ERP_COMP_Q(1.0.0),6,5,Q,2009-Q3,218,,,,
ABS:ERP_COMP_Q(1.0.0),6,5,Q,2009-Q4,398,,,,
ABS:ERP_COMP_Q(1.0.0),6,5,Q,2010-Q1,810,,,,
ABS:ERP_COMP_Q(1.0.0),6,5,Q,2010-Q2,693,,,,
ABS:ERP_COMP_Q(1.0.0),6,5,Q,2010-Q3,1397,,,,
ABS:ERP_COMP_Q(1.0.0),6,5,Q,2010-Q4,1557,,,,
ABS:ERP_COMP_Q(1.0.0),6,5,Q,2011-Q1,2038,,,,
ABS:ERP_COMP_Q(1.0.0),6,5,Q,2011-Q2,2041,,,,
ABS:ERP_COMP_Q(1.0.0),6,5,Q,2011-Q3,1444,,,,
ABS:ERP_COMP_Q(1.0.0),6,5,Q,2011-Q4,2137,,,,
ABS:ERP_COMP_Q(1.0.0),6,5,Q,2012-Q1,2672,,,,
ABS:ERP_COMP_Q(1.0.0),6,5,Q,2012-Q2,2356,,,,
ABS:ERP_COMP_Q(1.0.0),6,5,Q,2012-Q3,1484,,,,
ABS:ERP_COMP_Q(1.0.0),6,5,Q,2012-Q4,1592,,,,
ABS:ERP_COMP_Q(1.0.0),6,5,Q,2013-Q1,1601,,,,
ABS:ERP_COMP_Q(1.0.0),6,5,Q,2013-Q2,999,,,,
ABS:ERP_COMP_Q(1.0.0),6,5,Q,2013-Q3,-32,,,,
ABS:ERP_COMP_Q(1.0.0),6,5,Q,2013-Q4,-459,,,,
ABS:ERP_COMP_Q(1.0.0),6,5,Q,2014-Q1,-570,,,,
ABS:ERP_COMP_Q(1.0.0),6,5,Q,2014-Q2,-663,,,,
ABS:ERP_COMP_Q(1.0.0),6,5,Q,2014-Q3,-696,,,,
ABS:ERP_COMP_Q(1.0.0),6,5,Q,2014-Q4,-1058,,,,
ABS:ERP_COMP_Q(1.0.0),6,5,Q,2015-Q1,-1188,,,,
ABS:ERP_COMP_Q(1.0.0),6,5,Q,2015-Q2,-1336,,,,
ABS:ERP_COMP_Q(1.0.0),6,5,Q,2015-Q3,-1425,,,,
ABS:ERP_COMP_Q(1.0.0),6,5,Q,2015-Q4,-2651,,,,
ABS:ERP_COMP_Q(1.0.0),6,5,Q,2016-Q1,-2511,,,,
ABS:ERP_COMP_Q(1.0.0),6,5,Q,2016-Q2,-3423,,,,
ABS:ERP_COMP_Q(1.0.0),6,5,Q,2016-Q3,-2395,,,,
ABS:ERP_COMP_Q(1.0.0),6,5,Q,2016-Q4,-3669,,,,
ABS:ERP_COMP_Q(1.0.0),6,5,Q,2017-Q1,-3088,,,,
ABS:ERP_COMP_Q(1.0.0),6,5,Q,2017-Q2,-2749,,,,
ABS:ERP_COMP_Q(1.0.0),6,5,Q,2017-Q3,-2288,,,,
ABS:ERP_COMP_Q(1.0.0),6,5,Q,2017-Q4,-2746,,,,
ABS:ERP_COMP_Q(1.0.0),6,5,Q,2018-Q1,-1861,,,,
ABS:ERP_COMP_Q(1.0.0),6,5,Q,2018-Q2,-1878,,,,
ABS:ERP_COMP_Q(1.0.0),6,5,Q,2018-Q3,-847,,,,
ABS:ERP_COMP_Q(1.0.0),6,5,Q,2018-Q4,-1913,,,,
ABS:ERP_COMP_Q(1.0.0),6,5,Q,2019-Q1,-453,,,,
ABS:ERP_COMP_Q(1.0.0),6,5,Q,2019-Q2,-194,,,,
ABS:ERP_COMP_Q(1.0.0),6,5,Q,2019-Q3,-195,,,,
ABS:ERP_COMP_Q(1.0.0),6,5,Q,2019-Q4,-304,,,,
ABS:ERP_COMP_Q(1.0.0),6,5,Q,2020-Q1,505,,,,
ABS:ERP_COMP_Q(1.0.0),6,5,Q,2020-Q2,262,,,,
ABS:ERP_COMP_Q(1.0.0),6,5,Q,2020-Q3,2831,,,,
ABS:ERP_COMP_Q(1.0.0),6,5,Q,2020-Q4,3941,,,,
ABS:ERP_COMP_Q(1.0.0),6,5,Q,2021-Q1,4062,,,,
ABS:ERP_COMP_Q(1.0.0),6,5,Q,2021-Q2,3169,,,,
ABS:ERP_COMP_Q(1.0.0),6,5,Q,2021-Q3,2553,,,,
ABS:ERP_COMP_Q(1.0.0),6,5,Q,2021-Q4,2910,,,,
ABS:ERP_COMP_Q(1.0.0),6,5,Q,2022-Q1,3541,,,,
ABS:ERP_COMP_Q(1.0.0),6,5,Q,2022-Q2,3096,,,,
ABS:ERP_COMP_Q(1.0.0),6,5,Q,2022-Q3,3604,,,,
ABS:ERP_COMP_Q(1.0.0),6,5,Q,2022-Q4,4503,,,,
ABS:ERP_COMP_Q(1.0.0),6,5,Q,2023-Q1,4439,,,,
ABS:ERP_COMP_Q(1.0.0),6,5,Q,2023-Q2,3981,,,,
ABS:ERP_COMP_Q(1.0.0),6,5,Q,2023-Q3,3297,,,,
ABS:ERP_COMP_Q(1.0.0),6,5,Q,2023-Q4,3742,,,,
ABS:ERP_COMP_Q(1.0.0),6,5,Q,2024-Q1,3624,,,,
ABS:ERP_COMP_Q(1.0.0),6,5,Q,2024-Q2,3625,,,,
ABS:ERP_COMP_Q(1.0.0),6,5,Q,2024-Q3,2658,,,,
ABS:ERP_COMP_Q(1.0.0),6,5,Q,2024-Q4,3244,,,,
ABS:ERP_COMP_Q(1.0.0),6,5,Q,2025-Q1,2980,,,,
ABS:ERP_COMP_Q(1.0.0),6,5,Q,2025-Q2,2495,,,,
ABS:ERP_COMP_Q(1.0.0),6,5,Q,2025-Q3,2529,,,,
ABS:ERP_COMP_Q(1.0.0),6,5,Q,2025-Q4,2415,,,,
ABS:ERP_COMP_Q(1.0.0),9,7,Q,1981-Q2,0.4,,,,
ABS:ERP_COMP_Q(1.0.0),9,7,Q,1981-Q3,0.3,,,,
ABS:ERP_COMP_Q(1.0.0),9,7,Q,1981-Q4,0.4,,,,
ABS:ERP_COMP_Q(1.0.0),9,7,Q,1982-Q1,0.2,,,,
ABS:ERP_COMP_Q(1.0.0),9,7,Q,1982-Q2,0.3,,,,
ABS:ERP_COMP_Q(1.0.0),9,7,Q,1982-Q3,0.1,,,,
ABS:ERP_COMP_Q(1.0.0),9,7,Q,1982-Q4,0,,,,
ABS:ERP_COMP_Q(1.0.0),9,7,Q,1983-Q1,0.2,,,,
ABS:ERP_COMP_Q(1.0.0),9,7,Q,1983-Q2,0.1,,,,
ABS:ERP_COMP_Q(1.0.0),9,7,Q,1983-Q3,0.4,,,,
ABS:ERP_COMP_Q(1.0.0),9,7,Q,1983-Q4,0,,,,
ABS:ERP_COMP_Q(1.0.0),9,7,Q,1984-Q1,0.1,,,,
ABS:ERP_COMP_Q(1.0.0),9,7,Q,1984-Q2,0.3,,,,
ABS:ERP_COMP_Q(1.0.0),9,7,Q,1984-Q3,0.2,,,,
ABS:ERP_COMP_Q(1.0.0),9,7,Q,1984-Q4,0.1,,,,
ABS:ERP_COMP_Q(1.0.0),9,7,Q,1985-Q1,0.4,,,,
ABS:ERP_COMP_Q(1.0.0),9,7,Q,1985-Q2,0.3,,,,
ABS:ERP_COMP_Q(1.0.0),9,7,Q,1985-Q3,0.4,,,,
ABS:ERP_COMP_Q(1.0.0),9,7,Q,1985-Q4,0.2,,,,
ABS:ERP_COMP_Q(1.0.0),9,7,Q,1986-Q1,0.3,,,,
ABS:ERP_COMP_Q(1.0.0),9,7,Q,1986-Q2,0.3,,,,
ABS:ERP_COMP_Q(1.0.0),9,7,Q,1986-Q3,0.3,,,,
ABS:ERP_COMP_Q(1.0.0),9,7,Q,1986-Q4,0.2,,,,
ABS:ERP_COMP_Q(1.0.0),9,7,Q,1987-Q1,0.3,,,,
ABS:ERP_COMP_Q(1.0.0),9,7,Q,1987-Q2,0.2,,,,
ABS:ERP_COMP_Q(1.0.0),9,7,Q,1987-Q3,0.3,,,,
ABS:ERP_COMP_Q(1.0.0),9,7,Q,1987-Q4,0.1,,,,
ABS:ERP_COMP_Q(1.0.0),9,7,Q,1988-Q1,0.4,,,,
ABS:ERP_COMP_Q(1.0.0),9,7,Q,1988-Q2,0.2,,,,
ABS:ERP_COMP_Q(1.0.0),9,7,Q,1988-Q3,0.3,,,,
ABS:ERP_COMP_Q(1.0.0),9,7,Q,1988-Q4,0.2,,,,
ABS:ERP_COMP_Q(1.0.0),9,7,Q,1989-Q1,0.4,,,,
ABS:ERP_COMP_Q(1.0.0),9,7,Q,1989-Q2,0.1,,,,
ABS:ERP_COMP_Q(1.0.0),9,7,Q,1989-Q3,0.3,,,,
ABS:ERP_COMP_Q(1.0.0),9,7,Q,1989-Q4,0.1,,,,
ABS:ERP_COMP_Q(1.0.0),9,7,Q,1990-Q1,0.3,,,,
ABS:ERP_COMP_Q(1.0.0),9,7,Q,1990-Q2,0.3,,,,
ABS:ERP_COMP_Q(1.0.0),9,7,Q,1990-Q3,0.3,,,,
ABS:ERP_COMP_Q(1.0.0),9,7,Q,1990-Q4,0,,,,
ABS:ERP_COMP_Q(1.0.0),9,7,Q,1991-Q1,0.2,,,,
ABS:ERP_COMP_Q(1.0.0),9,7,Q,1991-Q2,0.1,,,,
ABS:ERP_COMP_Q(1.0.0),9,7,Q,1991-Q3,0.2,,,,
ABS:ERP_COMP_Q(1.0.0),9,7,Q,1991-Q4,-0.1,,,,
ABS:ERP_COMP_Q(1.0.0),9,7,Q,1992-Q1,0.2,,,,
ABS:ERP_COMP_Q(1.0.0),9,7,Q,1992-Q2,-0.1,,,,
ABS:ERP_COMP_Q(1.0.0),9,7,Q,1992-Q3,0.1,,,,
ABS:ERP_COMP_Q(1.0.0),9,7,Q,1992-Q4,-0.1,,,,
ABS:ERP_COMP_Q(1.0.0),9,7,Q,1993-Q1,0.1,,,,
ABS:ERP_COMP_Q(1.0.0),9,7,Q,1993-Q2,-0.1,,,,
ABS:ERP_COMP_Q(1.0.0),9,7,Q,1993-Q3,0.1,,,,
ABS:ERP_COMP_Q(1.0.0),9,7,Q,1993-Q4,-0.1,,,,
ABS:ERP_COMP_Q(1.0.0),9,7,Q,1994-Q1,0.1,,,,
ABS:ERP_COMP_Q(1.0.0),9,7,Q,1994-Q2,0.1,,,,
ABS:ERP_COMP_Q(1.0.0),9,7,Q,1994-Q3,0.3,,,,
ABS:ERP_COMP_Q(1.0.0),9,7,Q,1994-Q4,-0.1,,,,
ABS:ERP_COMP_Q(1.0.0),9,7,Q,1995-Q1,0.1,,,,
ABS:ERP_COMP_Q(1.0.0),9,7,Q,1995-Q2,0.2,,,,
ABS:ERP_COMP_Q(1.0.0),9,7,Q,1995-Q3,0.2,,,,
ABS:ERP_COMP_Q(1.0.0),9,7,Q,1995-Q4,0.1,,,,
ABS:ERP_COMP_Q(1.0.0),9,7,Q,1996-Q1,0.1,,,,
ABS:ERP_COMP_Q(1.0.0),9,7,Q,1996-Q2,0.1,,,,
ABS:ERP_COMP_Q(1.0.0),9,7,Q,1996-Q3,0.3,,,,
ABS:ERP_COMP_Q(1.0.0),9,7,Q,1996-Q4,0.1,,,,
ABS:ERP_COMP_Q(1.0.0),9,7,Q,1997-Q1,0.1,,,,
ABS:ERP_COMP_Q(1.0.0),9,7,Q,1997-Q2,0,,,,
ABS:ERP_COMP_Q(1.0.0),9,7,Q,1997-Q3,0.3,,,,
ABS:ERP_COMP_Q(1.0.0),9,7,Q,1997-Q4,0,,,,
ABS:ERP_COMP_Q(1.0.0),9,7,Q,1998-Q1,0.2,,,,
ABS:ERP_COMP_Q(1.0.0),9,7,Q,1998-Q2,0.1,,,,
ABS:ERP_COMP_Q(1.0.0),9,7,Q,1998-Q3,0.2,,,,
ABS:ERP_COMP_Q(1.0.0),9,7,Q,1998-Q4,0.4,,,,
ABS:ERP_COMP_Q(1.0.0),9,7,Q,1999-Q1,0.2,,,,
ABS:ERP_COMP_Q(1.0.0),9,7,Q,1999-Q2,0.2,,,,
ABS:ERP_COMP_Q(1.0.0),9,7,Q,1999-Q3,0.4,,,,
ABS:ERP_COMP_Q(1.0.0),9,7,Q,1999-Q4,0.2,,,,
ABS:ERP_COMP_Q(1.0.0),9,7,Q,2000-Q1,0.2,,,,
ABS:ERP_COMP_Q(1.0.0),9,7,Q,2000-Q2,0.2,,,,
ABS:ERP_COMP_Q(1.0.0),9,7,Q,2000-Q3,0.3,,,,
ABS:ERP_COMP_Q(1.0.0),9,7,Q,2000-Q4,0.1,,,,
ABS:ERP_COMP_Q(1.0.0),9,7,Q,2001-Q1,0.2,,,,
ABS:ERP_COMP_Q(1.0.0),9,7,Q,2001-Q2,0.3,,,,
ABS:ERP_COMP_Q(1.0.0),9,7,Q,2001-Q3,0.2,,,,
ABS:ERP_COMP_Q(1.0.0),9,7,Q,2001-Q4,0.1,,,,
ABS:ERP_COMP_Q(1.0.0),9,7,Q,2002-Q1,0.3,,,,
ABS:ERP_COMP_Q(1.0.0),9,7,Q,2002-Q2,0.1,,,,
ABS:ERP_COMP_Q(1.0.0),9,7,Q,2002-Q3,0.2,,,,
ABS:ERP_COMP_Q(1.0.0),9,7,Q,2002-Q4,-0.2,,,,
ABS:ERP_COMP_Q(1.0.0),9,7,Q,2003-Q1,0,,,,
ABS:ERP_COMP_Q(1.0.0),9,7,Q,2003-Q2,0.3,,,,
ABS:ERP_COMP_Q(1.0.0),9,7,Q,2003-Q3,0.3,,,,
ABS:ERP_COMP_Q(1.0.0),9,7,Q,2003-Q4,0,,,,
ABS:ERP_COMP_Q(1.0.0),9,7,Q,2004-Q1,0.2,,,,
ABS:ERP_COMP_Q(1.0.0),9,7,Q,2004-Q2,0.2,,,,
ABS:ERP_COMP_Q(1.0.0),9,7,Q,2004-Q3,0.5,,,,
ABS:ERP_COMP_Q(1.0.0),9,7,Q,2004-Q4,0.1,,,,
ABS:ERP_COMP_Q(1.0.0),9,7,Q,2005-Q1,0.3,,,,
ABS:ERP_COMP_Q(1.0.0),9,7,Q,2005-Q2,0.2,,,,
ABS:ERP_COMP_Q(1.0.0),9,7,Q,2005-Q3,0.4,,,,
ABS:ERP_COMP_Q(1.0.0),9,7,Q,2005-Q4,0.3,,,,
ABS:ERP_COMP_Q(1.0.0),9,7,Q,2006-Q1,0.8,,,,
ABS:ERP_COMP_Q(1.0.0),9,7,Q,2006-Q2,0.5,,,,
ABS:ERP_COMP_Q(1.0.0),9,7,Q,2006-Q3,0.2,,,,
ABS:ERP_COMP_Q(1.0.0),9,7,Q,2006-Q4,0,,,,
ABS:ERP_COMP_Q(1.0.0),9,7,Q,2007-Q1,0.5,,,,
ABS:ERP_COMP_Q(1.0.0),9,7,Q,2007-Q2,0.4,,,,
ABS:ERP_COMP_Q(1.0.0),9,7,Q,2007-Q3,0.3,,,,
ABS:ERP_COMP_Q(1.0.0),9,7,Q,2007-Q4,0.2,,,,
ABS:ERP_COMP_Q(1.0.0),9,7,Q,2008-Q1,0.5,,,,
ABS:ERP_COMP_Q(1.0.0),9,7,Q,2008-Q2,0.7,,,,
ABS:ERP_COMP_Q(1.0.0),9,7,Q,2008-Q3,0.5,,,,
ABS:ERP_COMP_Q(1.0.0),9,7,Q,2008-Q4,0.3,,,,
ABS:ERP_COMP_Q(1.0.0),9,7,Q,2009-Q1,0.4,,,,
ABS:ERP_COMP_Q(1.0.0),9,7,Q,2009-Q2,0.8,,,,
ABS:ERP_COMP_Q(1.0.0),9,7,Q,2009-Q3,0.4,,,,
ABS:ERP_COMP_Q(1.0.0),9,7,Q,2009-Q4,0,,,,
ABS:ERP_COMP_Q(1.0.0),9,7,Q,2010-Q1,0.3,,,,
ABS:ERP_COMP_Q(1.0.0),9,7,Q,2010-Q2,0.5,,,,
ABS:ERP_COMP_Q(1.0.0),9,7,Q,2010-Q3,0.2,,,,
ABS:ERP_COMP_Q(1.0.0),9,7,Q,2010-Q4,0,,,,
ABS:ERP_COMP_Q(1.0.0),9,7,Q,2011-Q1,0.3,,,,
ABS:ERP_COMP_Q(1.0.0),9,7,Q,2011-Q2,0.6,,,,
ABS:ERP_COMP_Q(1.0.0),9,7,Q,2011-Q3,0.8,,,,
ABS:ERP_COMP_Q(1.0.0),9,7,Q,2011-Q4,0.5,,,,
ABS:ERP_COMP_Q(1.0.0),9,7,Q,2012-Q1,1.1,,,,
ABS:ERP_COMP_Q(1.0.0),9,7,Q,2012-Q2,1,,,,
ABS:ERP_COMP_Q(1.0.0),9,7,Q,2012-Q3,1.1,,,,
ABS:ERP_COMP_Q(1.0.0),9,7,Q,2012-Q4,0.9,,,,
ABS:ERP_COMP_Q(1.0.0),9,7,Q,2013-Q1,1.2,,,,
ABS:ERP_COMP_Q(1.0.0),9,7,Q,2013-Q2,1.1,,,,
ABS:ERP_COMP_Q(1.0.0),9,7,Q,2013-Q3,0.4,,,,
ABS:ERP_COMP_Q(1.0.0),9,7,Q,2013-Q4,0.5,,,,
ABS:ERP_COMP_Q(1.0.0),9,7,Q,2014-Q1,0.6,,,,
ABS:ERP_COMP_Q(1.0.0),9,7,Q,2014-Q2,0.2,,,,
ABS:ERP_COMP_Q(1.0.0),9,7,Q,2014-Q3,0.2,,,,
ABS:ERP_COMP_Q(1.0.0),9,7,Q,2014-Q4,0,,,,
ABS:ERP_COMP_Q(1.0.0),9,7,Q,2015-Q1,0.7,,,,
ABS:ERP_COMP_Q(1.0.0),9,7,Q,2015-Q2,1.4,,,,
ABS:ERP_COMP_Q(1.0.0),9,7,Q,2015-Q3,-0.3,,,,
ABS:ERP_COMP_Q(1.0.0),9,7,Q,2015-Q4,-0.3,,,,
ABS:ERP_COMP_Q(1.0.0),9,7,Q,2016-Q1,0.6,,,,
ABS:ERP_COMP_Q(1.0.0),9,7,Q,2016-Q2,1,,,,
ABS:ERP_COMP_Q(1.0.0),9,7,Q,2016-Q3,0.6,,,,
ABS:ERP_COMP_Q(1.0.0),9,7,Q,2016-Q4,-0.1,,,,
ABS:ERP_COMP_Q(1.0.0),9,7,Q,2017-Q1,0.4,,,,
ABS:ERP_COMP_Q(1.0.0),9,7,Q,2017-Q2,0.9,,,,
ABS:ERP_COMP_Q(1.0.0),9,7,Q,2017-Q3,0.1,,,,
ABS:ERP_COMP_Q(1.0.0),9,7,Q,2017-Q4,-0.2,,,,
ABS:ERP_COMP_Q(1.0.0),9,7,Q,2018-Q1,0.3,,,,
ABS:ERP_COMP_Q(1.0.0),9,7,Q,2018-Q2,0.6,,,,
ABS:ERP_COMP_Q(1.0.0),9,7,Q,2018-Q3,0.1,,,,
ABS:ERP_COMP_Q(1.0.0),9,7,Q,2018-Q4,-0.4,,,,
ABS:ERP_COMP_Q(1.0.0),9,7,Q,2019-Q1,0.6,,,,
ABS:ERP_COMP_Q(1.0.0),9,7,Q,2019-Q2,0.7,,,,
ABS:ERP_COMP_Q(1.0.0),9,7,Q,2019-Q3,0,,,,
ABS:ERP_COMP_Q(1.0.0),9,7,Q,2019-Q4,-0.3,,,,
ABS:ERP_COMP_Q(1.0.0),9,7,Q,2020-Q1,0.6,,,,
ABS:ERP_COMP_Q(1.0.0),9,7,Q,2020-Q2,-0.1,,,,
ABS:ERP_COMP_Q(1.0.0),9,7,Q,2020-Q3,-0.2,,,,
ABS:ERP_COMP_Q(1.0.0),9,7,Q,2020-Q4,-0.3,,,,
ABS:ERP_COMP_Q(1.0.0),9,7,Q,2021-Q1,0,,,,
ABS:ERP_COMP_Q(1.0.0),9,7,Q,2021-Q2,0,,,,
ABS:ERP_COMP_Q(1.0.0),9,7,Q,2021-Q3,0.6,,,,
ABS:ERP_COMP_Q(1.0.0),9,7,Q,2021-Q4,0.6,,,,
ABS:ERP_COMP_Q(1.0.0),9,7,Q,2022-Q1,1,,,,
ABS:ERP_COMP_Q(1.0.0),9,7,Q,2022-Q2,0.6,,,,
ABS:ERP_COMP_Q(1.0.0),9,7,Q,2022-Q3,1.1,,,,
ABS:ERP_COMP_Q(1.0.0),9,7,Q,2022-Q4,0.9,,,,
ABS:ERP_COMP_Q(1.0.0),9,7,Q,2023-Q1,1.3,,,,
ABS:ERP_COMP_Q(1.0.0),9,7,Q,2023-Q2,1.2,,,,
ABS:ERP_COMP_Q(1.0.0),9,7,Q,2023-Q3,1.1,,,,
ABS:ERP_COMP_Q(1.0.0),9,7,Q,2023-Q4,0.9,,,,
ABS:ERP_COMP_Q(1.0.0),9,7,Q,2024-Q1,1,,,,
ABS:ERP_COMP_Q(1.0.0),9,7,Q,2024-Q2,0.8,,,,
ABS:ERP_COMP_Q(1.0.0),9,7,Q,2024-Q3,0.9,,,,
ABS:ERP_COMP_Q(1.0.0),9,7,Q,2024-Q4,0.9,,,,
ABS:ERP_COMP_Q(1.0.0),9,7,Q,2025-Q1,1.2,,,,
ABS:ERP_COMP_Q(1.0.0),9,7,Q,2025-Q2,0.8,,,,
ABS:ERP_COMP_Q(1.0.0),9,7,Q,2025-Q3,1,,,,
ABS:ERP_COMP_Q(1.0.0),9,7,Q,2025-Q4,0.5,,,,
ABS:ERP_COMP_Q(1.0.0),1,AUS,Q,1981-Q2,60.3,,,,
ABS:ERP_COMP_Q(1.0.0),1,AUS,Q,1981-Q3,61,,,,
ABS:ERP_COMP_Q(1.0.0),1,AUS,Q,1981-Q4,55,,,,
ABS:ERP_COMP_Q(1.0.0),1,AUS,Q,1982-Q1,60.6,,,,
ABS:ERP_COMP_Q(1.0.0),1,AUS,Q,1982-Q2,60.5,,,,
ABS:ERP_COMP_Q(1.0.0),1,AUS,Q,1982-Q3,60.3,,,,
ABS:ERP_COMP_Q(1.0.0),1,AUS,Q,1982-Q4,58.6,,,,
ABS:ERP_COMP_Q(1.0.0),1,AUS,Q,1983-Q1,61.9,,,,
ABS:ERP_COMP_Q(1.0.0),1,AUS,Q,1983-Q2,61,,,,
ABS:ERP_COMP_Q(1.0.0),1,AUS,Q,1983-Q3,62,,,,
ABS:ERP_COMP_Q(1.0.0),1,AUS,Q,1983-Q4,57.6,,,,
ABS:ERP_COMP_Q(1.0.0),1,AUS,Q,1984-Q1,61.1,,,,
ABS:ERP_COMP_Q(1.0.0),1,AUS,Q,1984-Q2,59.8,,,,
ABS:ERP_COMP_Q(1.0.0),1,AUS,Q,1984-Q3,60.7,,,,
ABS:ERP_COMP_Q(1.0.0),1,AUS,Q,1984-Q4,56.9,,,,
ABS:ERP_COMP_Q(1.0.0),1,AUS,Q,1985-Q1,62.3,,,,
ABS:ERP_COMP_Q(1.0.0),1,AUS,Q,1985-Q2,62,,,,
ABS:ERP_COMP_Q(1.0.0),1,AUS,Q,1985-Q3,60.8,,,,
ABS:ERP_COMP_Q(1.0.0),1,AUS,Q,1985-Q4,57.8,,,,
ABS:ERP_COMP_Q(1.0.0),1,AUS,Q,1986-Q1,60,,,,
ABS:ERP_COMP_Q(1.0.0),1,AUS,Q,1986-Q2,60.5,,,,
ABS:ERP_COMP_Q(1.0.0),1,AUS,Q,1986-Q3,60.8,,,,
ABS:ERP_COMP_Q(1.0.0),1,AUS,Q,1986-Q4,62.2,,,,
ABS:ERP_COMP_Q(1.0.0),1,AUS,Q,1987-Q1,59.1,,,,
ABS:ERP_COMP_Q(1.0.0),1,AUS,Q,1987-Q2,60.8,,,,
ABS:ERP_COMP_Q(1.0.0),1,AUS,Q,1987-Q3,61.5,,,,
ABS:ERP_COMP_Q(1.0.0),1,AUS,Q,1987-Q4,62.6,,,,
ABS:ERP_COMP_Q(1.0.0),1,AUS,Q,1988-Q1,61.5,,,,
ABS:ERP_COMP_Q(1.0.0),1,AUS,Q,1988-Q2,60.6,,,,
ABS:ERP_COMP_Q(1.0.0),1,AUS,Q,1988-Q3,62.2,,,,
ABS:ERP_COMP_Q(1.0.0),1,AUS,Q,1988-Q4,62,,,,
ABS:ERP_COMP_Q(1.0.0),1,AUS,Q,1989-Q1,63.4,,,,
ABS:ERP_COMP_Q(1.0.0),1,AUS,Q,1989-Q2,62.7,,,,
ABS:ERP_COMP_Q(1.0.0),1,AUS,Q,1989-Q3,61.9,,,,
ABS:ERP_COMP_Q(1.0.0),1,AUS,Q,1989-Q4,62.9,,,,
ABS:ERP_COMP_Q(1.0.0),1,AUS,Q,1990-Q1,65,,,,
ABS:ERP_COMP_Q(1.0.0),1,AUS,Q,1990-Q2,67.7,,,,
ABS:ERP_COMP_Q(1.0.0),1,AUS,Q,1990-Q3,65.8,,,,
ABS:ERP_COMP_Q(1.0.0),1,AUS,Q,1990-Q4,64.1,,,,
ABS:ERP_COMP_Q(1.0.0),1,AUS,Q,1991-Q1,64.9,,,,
ABS:ERP_COMP_Q(1.0.0),1,AUS,Q,1991-Q2,66.3,,,,
ABS:ERP_COMP_Q(1.0.0),1,AUS,Q,1991-Q3,65.3,,,,
ABS:ERP_COMP_Q(1.0.0),1,AUS,Q,1991-Q4,62.8,,,,
ABS:ERP_COMP_Q(1.0.0),1,AUS,Q,1992-Q1,65.7,,,,
ABS:ERP_COMP_Q(1.0.0),1,AUS,Q,1992-Q2,65.8,,,,
ABS:ERP_COMP_Q(1.0.0),1,AUS,Q,1992-Q3,67.2,,,,
ABS:ERP_COMP_Q(1.0.0),1,AUS,Q,1992-Q4,63.9,,,,
ABS:ERP_COMP_Q(1.0.0),1,AUS,Q,1993-Q1,64.3,,,,
ABS:ERP_COMP_Q(1.0.0),1,AUS,Q,1993-Q2,65.1,,,,
ABS:ERP_COMP_Q(1.0.0),1,AUS,Q,1993-Q3,66,,,,
ABS:ERP_COMP_Q(1.0.0),1,AUS,Q,1993-Q4,63.7,,,,
ABS:ERP_COMP_Q(1.0.0),1,AUS,Q,1994-Q1,65.3,,,,
ABS:ERP_COMP_Q(1.0.0),1,AUS,Q,1994-Q2,63.9,,,,
ABS:ERP_COMP_Q(1.0.0),1,AUS,Q,1994-Q3,66,,,,
ABS:ERP_COMP_Q(1.0.0),1,AUS,Q,1994-Q4,63.8,,,,
ABS:ERP_COMP_Q(1.0.0),1,AUS,Q,1995-Q1,64.5,,,,
ABS:ERP_COMP_Q(1.0.0),1,AUS,Q,1995-Q2,64.3,,,,
ABS:ERP_COMP_Q(1.0.0),1,AUS,Q,1995-Q3,65.3,,,,
ABS:ERP_COMP_Q(1.0.0),1,AUS,Q,1995-Q4,61.2,,,,
ABS:ERP_COMP_Q(1.0.0),1,AUS,Q,1996-Q1,62.3,,,,
ABS:ERP_COMP_Q(1.0.0),1,AUS,Q,1996-Q2,62,,,,
ABS:ERP_COMP_Q(1.0.0),1,AUS,Q,1996-Q3,65.3,,,,
ABS:ERP_COMP_Q(1.0.0),1,AUS,Q,1996-Q4,63.8,,,,
ABS:ERP_COMP_Q(1.0.0),1,AUS,Q,1997-Q1,61.6,,,,
ABS:ERP_COMP_Q(1.0.0),1,AUS,Q,1997-Q2,63.6,,,,
ABS:ERP_COMP_Q(1.0.0),1,AUS,Q,1997-Q3,64.5,,,,
ABS:ERP_COMP_Q(1.0.0),1,AUS,Q,1997-Q4,62.1,,,,
ABS:ERP_COMP_Q(1.0.0),1,AUS,Q,1998-Q1,60.9,,,,
ABS:ERP_COMP_Q(1.0.0),1,AUS,Q,1998-Q2,62.3,,,,
ABS:ERP_COMP_Q(1.0.0),1,AUS,Q,1998-Q3,64.3,,,,
ABS:ERP_COMP_Q(1.0.0),1,AUS,Q,1998-Q4,61.5,,,,
ABS:ERP_COMP_Q(1.0.0),1,AUS,Q,1999-Q1,62.2,,,,
ABS:ERP_COMP_Q(1.0.0),1,AUS,Q,1999-Q2,62.7,,,,
ABS:ERP_COMP_Q(1.0.0),1,AUS,Q,1999-Q3,64.8,,,,
ABS:ERP_COMP_Q(1.0.0),1,AUS,Q,1999-Q4,61.4,,,,
ABS:ERP_COMP_Q(1.0.0),1,AUS,Q,2000-Q1,62.2,,,,
ABS:ERP_COMP_Q(1.0.0),1,AUS,Q,2000-Q2,62.1,,,,
ABS:ERP_COMP_Q(1.0.0),1,AUS,Q,2000-Q3,64.1,,,,
ABS:ERP_COMP_Q(1.0.0),1,AUS,Q,2000-Q4,62.3,,,,
ABS:ERP_COMP_Q(1.0.0),1,AUS,Q,2001-Q1,61.1,,,,
ABS:ERP_COMP_Q(1.0.0),1,AUS,Q,2001-Q2,61.8,,,,
ABS:ERP_COMP_Q(1.0.0),1,AUS,Q,2001-Q3,64.2,,,,
ABS:ERP_COMP_Q(1.0.0),1,AUS,Q,2001-Q4,60.8,,,,
ABS:ERP_COMP_Q(1.0.0),1,AUS,Q,2002-Q1,62.5,,,,
ABS:ERP_COMP_Q(1.0.0),1,AUS,Q,2002-Q2,61.9,,,,
ABS:ERP_COMP_Q(1.0.0),1,AUS,Q,2002-Q3,63.9,,,,
ABS:ERP_COMP_Q(1.0.0),1,AUS,Q,2002-Q4,61.8,,,,
ABS:ERP_COMP_Q(1.0.0),1,AUS,Q,2003-Q1,61,,,,
ABS:ERP_COMP_Q(1.0.0),1,AUS,Q,2003-Q2,62.5,,,,
ABS:ERP_COMP_Q(1.0.0),1,AUS,Q,2003-Q3,64.9,,,,
ABS:ERP_COMP_Q(1.0.0),1,AUS,Q,2003-Q4,62.3,,,,
ABS:ERP_COMP_Q(1.0.0),1,AUS,Q,2004-Q1,63.5,,,,
ABS:ERP_COMP_Q(1.0.0),1,AUS,Q,2004-Q2,61.3,,,,
ABS:ERP_COMP_Q(1.0.0),1,AUS,Q,2004-Q3,65,,,,
ABS:ERP_COMP_Q(1.0.0),1,AUS,Q,2004-Q4,61.7,,,,
ABS:ERP_COMP_Q(1.0.0),1,AUS,Q,2005-Q1,64.6,,,,
ABS:ERP_COMP_Q(1.0.0),1,AUS,Q,2005-Q2,67,,,,
ABS:ERP_COMP_Q(1.0.0),1,AUS,Q,2005-Q3,68.1,,,,
ABS:ERP_COMP_Q(1.0.0),1,AUS,Q,2005-Q4,65.9,,,,
ABS:ERP_COMP_Q(1.0.0),1,AUS,Q,2006-Q1,65.3,,,,
ABS:ERP_COMP_Q(1.0.0),1,AUS,Q,2006-Q2,66.8,,,,
ABS:ERP_COMP_Q(1.0.0),1,AUS,Q,2006-Q3,72.6,,,,
ABS:ERP_COMP_Q(1.0.0),1,AUS,Q,2006-Q4,69.7,,,,
ABS:ERP_COMP_Q(1.0.0),1,AUS,Q,2007-Q1,72.7,,,,
ABS:ERP_COMP_Q(1.0.0),1,AUS,Q,2007-Q2,72.3,,,,
ABS:ERP_COMP_Q(1.0.0),1,AUS,Q,2007-Q3,75.6,,,,
ABS:ERP_COMP_Q(1.0.0),1,AUS,Q,2007-Q4,72.6,,,,
ABS:ERP_COMP_Q(1.0.0),1,AUS,Q,2008-Q1,74.1,,,,
ABS:ERP_COMP_Q(1.0.0),1,AUS,Q,2008-Q2,72.9,,,,
ABS:ERP_COMP_Q(1.0.0),1,AUS,Q,2008-Q3,76.7,,,,
ABS:ERP_COMP_Q(1.0.0),1,AUS,Q,2008-Q4,74.6,,,,
ABS:ERP_COMP_Q(1.0.0),1,AUS,Q,2009-Q1,73.9,,,,
ABS:ERP_COMP_Q(1.0.0),1,AUS,Q,2009-Q2,74.9,,,,
ABS:ERP_COMP_Q(1.0.0),1,AUS,Q,2009-Q3,76.5,,,,
ABS:ERP_COMP_Q(1.0.0),1,AUS,Q,2009-Q4,75.5,,,,
ABS:ERP_COMP_Q(1.0.0),1,AUS,Q,2010-Q1,76,,,,
ABS:ERP_COMP_Q(1.0.0),1,AUS,Q,2010-Q2,76,,,,
ABS:ERP_COMP_Q(1.0.0),1,AUS,Q,2010-Q3,76.3,,,,
ABS:ERP_COMP_Q(1.0.0),1,AUS,Q,2010-Q4,72.5,,,,
ABS:ERP_COMP_Q(1.0.0),1,AUS,Q,2011-Q1,76,,,,
ABS:ERP_COMP_Q(1.0.0),1,AUS,Q,2011-Q2,76.3,,,,
ABS:ERP_COMP_Q(1.0.0),1,AUS,Q,2011-Q3,76.2,,,,
ABS:ERP_COMP_Q(1.0.0),1,AUS,Q,2011-Q4,74.2,,,,
ABS:ERP_COMP_Q(1.0.0),1,AUS,Q,2012-Q1,78.1,,,,
ABS:ERP_COMP_Q(1.0.0),1,AUS,Q,2012-Q2,77.5,,,,
ABS:ERP_COMP_Q(1.0.0),1,AUS,Q,2012-Q3,78.7,,,,
ABS:ERP_COMP_Q(1.0.0),1,AUS,Q,2012-Q4,77.9,,,,
ABS:ERP_COMP_Q(1.0.0),1,AUS,Q,2013-Q1,77.4,,,,
ABS:ERP_COMP_Q(1.0.0),1,AUS,Q,2013-Q2,77.1,,,,
ABS:ERP_COMP_Q(1.0.0),1,AUS,Q,2013-Q3,76.9,,,,
ABS:ERP_COMP_Q(1.0.0),1,AUS,Q,2013-Q4,75.7,,,,
ABS:ERP_COMP_Q(1.0.0),1,AUS,Q,2014-Q1,77.5,,,,
ABS:ERP_COMP_Q(1.0.0),1,AUS,Q,2014-Q2,76.9,,,,
ABS:ERP_COMP_Q(1.0.0),1,AUS,Q,2014-Q3,79,,,,
ABS:ERP_COMP_Q(1.0.0),1,AUS,Q,2014-Q4,77.1,,,,
ABS:ERP_COMP_Q(1.0.0),1,AUS,Q,2015-Q1,76.2,,,,
ABS:ERP_COMP_Q(1.0.0),1,AUS,Q,2015-Q2,75.4,,,,
ABS:ERP_COMP_Q(1.0.0),1,AUS,Q,2015-Q3,78.8,,,,
ABS:ERP_COMP_Q(1.0.0),1,AUS,Q,2015-Q4,75.9,,,,
ABS:ERP_COMP_Q(1.0.0),1,AUS,Q,2016-Q1,78.8,,,,
ABS:ERP_COMP_Q(1.0.0),1,AUS,Q,2016-Q2,78.2,,,,
ABS:ERP_COMP_Q(1.0.0),1,AUS,Q,2016-Q3,79,,,,
ABS:ERP_COMP_Q(1.0.0),1,AUS,Q,2016-Q4,75.8,,,,
ABS:ERP_COMP_Q(1.0.0),1,AUS,Q,2017-Q1,76.7,,,,
ABS:ERP_COMP_Q(1.0.0),1,AUS,Q,2017-Q2,76.3,,,,
ABS:ERP_COMP_Q(1.0.0),1,AUS,Q,2017-Q3,77.7,,,,
ABS:ERP_COMP_Q(1.0.0),1,AUS,Q,2017-Q4,74.5,,,,
ABS:ERP_COMP_Q(1.0.0),1,AUS,Q,2018-Q1,76.5,,,,
ABS:ERP_COMP_Q(1.0.0),1,AUS,Q,2018-Q2,75.9,,,,
ABS:ERP_COMP_Q(1.0.0),1,AUS,Q,2018-Q3,76.5,,,,
ABS:ERP_COMP_Q(1.0.0),1,AUS,Q,2018-Q4,75.3,,,,
ABS:ERP_COMP_Q(1.0.0),1,AUS,Q,2019-Q1,76.5,,,,
ABS:ERP_COMP_Q(1.0.0),1,AUS,Q,2019-Q2,76.4,,,,
ABS:ERP_COMP_Q(1.0.0),1,AUS,Q,2019-Q3,76.8,,,,
ABS:ERP_COMP_Q(1.0.0),1,AUS,Q,2019-Q4,74.3,,,,
ABS:ERP_COMP_Q(1.0.0),1,AUS,Q,2020-Q1,74.6,,,,
ABS:ERP_COMP_Q(1.0.0),1,AUS,Q,2020-Q2,73.6,,,,
ABS:ERP_COMP_Q(1.0.0),1,AUS,Q,2020-Q3,74.3,,,,
ABS:ERP_COMP_Q(1.0.0),1,AUS,Q,2020-Q4,71.2,,,,
ABS:ERP_COMP_Q(1.0.0),1,AUS,Q,2021-Q1,80.2,,,,
ABS:ERP_COMP_Q(1.0.0),1,AUS,Q,2021-Q2,79.4,,,,
ABS:ERP_COMP_Q(1.0.0),1,AUS,Q,2021-Q3,78.5,,,,
ABS:ERP_COMP_Q(1.0.0),1,AUS,Q,2021-Q4,77.1,,,,
ABS:ERP_COMP_Q(1.0.0),1,AUS,Q,2022-Q1,76.8,,,,
ABS:ERP_COMP_Q(1.0.0),1,AUS,Q,2022-Q2,76.3,,,,
ABS:ERP_COMP_Q(1.0.0),1,AUS,Q,2022-Q3,74.8,,,,
ABS:ERP_COMP_Q(1.0.0),1,AUS,Q,2022-Q4,72.3,,,,
ABS:ERP_COMP_Q(1.0.0),1,AUS,Q,2023-Q1,71.3,,,,
ABS:ERP_COMP_Q(1.0.0),1,AUS,Q,2023-Q2,72.7,,,,
ABS:ERP_COMP_Q(1.0.0),1,AUS,Q,2023-Q3,73.7,,,,
ABS:ERP_COMP_Q(1.0.0),1,AUS,Q,2023-Q4,71.3,,,,
ABS:ERP_COMP_Q(1.0.0),1,AUS,Q,2024-Q1,72.1,,,,
ABS:ERP_COMP_Q(1.0.0),1,AUS,Q,2024-Q2,73.2,,,,
ABS:ERP_COMP_Q(1.0.0),1,AUS,Q,2024-Q3,76.8,,,,
ABS:ERP_COMP_Q(1.0.0),1,AUS,Q,2024-Q4,67.6,,,,
ABS:ERP_COMP_Q(1.0.0),1,AUS,Q,2025-Q1,78.3,,,,
ABS:ERP_COMP_Q(1.0.0),1,AUS,Q,2025-Q2,77.6,,,,
ABS:ERP_COMP_Q(1.0.0),1,AUS,Q,2025-Q3,75.5,,,,
ABS:ERP_COMP_Q(1.0.0),1,AUS,Q,2025-Q4,68.5,,,,
ABS:ERP_COMP_Q(1.0.0),2,AUS,Q,1981-Q2,26.7,,,,
ABS:ERP_COMP_Q(1.0.0),2,AUS,Q,1981-Q3,31.5,,,,
ABS:ERP_COMP_Q(1.0.0),2,AUS,Q,1981-Q4,25.7,,,,
ABS:ERP_COMP_Q(1.0.0),2,AUS,Q,1982-Q1,26.1,,,,
ABS:ERP_COMP_Q(1.0.0),2,AUS,Q,1982-Q2,27.7,,,,
ABS:ERP_COMP_Q(1.0.0),2,AUS,Q,1982-Q3,33.9,,,,
ABS:ERP_COMP_Q(1.0.0),2,AUS,Q,1982-Q4,27.1,,,,
ABS:ERP_COMP_Q(1.0.0),2,AUS,Q,1983-Q1,25.6,,,,
ABS:ERP_COMP_Q(1.0.0),2,AUS,Q,1983-Q2,26.4,,,,
ABS:ERP_COMP_Q(1.0.0),2,AUS,Q,1983-Q3,31.9,,,,
ABS:ERP_COMP_Q(1.0.0),2,AUS,Q,1983-Q4,26.2,,,,
ABS:ERP_COMP_Q(1.0.0),2,AUS,Q,1984-Q1,25.9,,,,
ABS:ERP_COMP_Q(1.0.0),2,AUS,Q,1984-Q2,26.9,,,,
ABS:ERP_COMP_Q(1.0.0),2,AUS,Q,1984-Q3,31.9,,,,
ABS:ERP_COMP_Q(1.0.0),2,AUS,Q,1984-Q4,27.2,,,,
ABS:ERP_COMP_Q(1.0.0),2,AUS,Q,1985-Q1,26.6,,,,
ABS:ERP_COMP_Q(1.0.0),2,AUS,Q,1985-Q2,28.5,,,,
ABS:ERP_COMP_Q(1.0.0),2,AUS,Q,1985-Q3,35.1,,,,
ABS:ERP_COMP_Q(1.0.0),2,AUS,Q,1985-Q4,26.7,,,,
ABS:ERP_COMP_Q(1.0.0),2,AUS,Q,1986-Q1,26.8,,,,
ABS:ERP_COMP_Q(1.0.0),2,AUS,Q,1986-Q2,27.5,,,,
ABS:ERP_COMP_Q(1.0.0),2,AUS,Q,1986-Q3,31.9,,,,
ABS:ERP_COMP_Q(1.0.0),2,AUS,Q,1986-Q4,28.7,,,,
ABS:ERP_COMP_Q(1.0.0),2,AUS,Q,1987-Q1,27.1,,,,
ABS:ERP_COMP_Q(1.0.0),2,AUS,Q,1987-Q2,28.4,,,,
ABS:ERP_COMP_Q(1.0.0),2,AUS,Q,1987-Q3,32.3,,,,
ABS:ERP_COMP_Q(1.0.0),2,AUS,Q,1987-Q4,29.6,,,,
ABS:ERP_COMP_Q(1.0.0),2,AUS,Q,1988-Q1,29.9,,,,
ABS:ERP_COMP_Q(1.0.0),2,AUS,Q,1988-Q2,28.7,,,,
ABS:ERP_COMP_Q(1.0.0),2,AUS,Q,1988-Q3,33.6,,,,
ABS:ERP_COMP_Q(1.0.0),2,AUS,Q,1988-Q4,27.6,,,,
ABS:ERP_COMP_Q(1.0.0),2,AUS,Q,1989-Q1,27.8,,,,
ABS:ERP_COMP_Q(1.0.0),2,AUS,Q,1989-Q2,29.8,,,,
ABS:ERP_COMP_Q(1.0.0),2,AUS,Q,1989-Q3,36.9,,,,
ABS:ERP_COMP_Q(1.0.0),2,AUS,Q,1989-Q4,29.8,,,,
ABS:ERP_COMP_Q(1.0.0),2,AUS,Q,1990-Q1,29.2,,,,
ABS:ERP_COMP_Q(1.0.0),2,AUS,Q,1990-Q2,29.2,,,,
ABS:ERP_COMP_Q(1.0.0),2,AUS,Q,1990-Q3,33,,,,
ABS:ERP_COMP_Q(1.0.0),2,AUS,Q,1990-Q4,28.7,,,,
ABS:ERP_COMP_Q(1.0.0),2,AUS,Q,1991-Q1,28.6,,,,
ABS:ERP_COMP_Q(1.0.0),2,AUS,Q,1991-Q2,29.3,,,,
ABS:ERP_COMP_Q(1.0.0),2,AUS,Q,1991-Q3,33,,,,
ABS:ERP_COMP_Q(1.0.0),2,AUS,Q,1991-Q4,28.8,,,,
ABS:ERP_COMP_Q(1.0.0),2,AUS,Q,1992-Q1,27.3,,,,
ABS:ERP_COMP_Q(1.0.0),2,AUS,Q,1992-Q2,31.7,,,,
ABS:ERP_COMP_Q(1.0.0),2,AUS,Q,1992-Q3,34.4,,,,
ABS:ERP_COMP_Q(1.0.0),2,AUS,Q,1992-Q4,29.6,,,,
ABS:ERP_COMP_Q(1.0.0),2,AUS,Q,1993-Q1,27.1,,,,
ABS:ERP_COMP_Q(1.0.0),2,AUS,Q,1993-Q2,30.3,,,,
ABS:ERP_COMP_Q(1.0.0),2,AUS,Q,1993-Q3,33.5,,,,
ABS:ERP_COMP_Q(1.0.0),2,AUS,Q,1993-Q4,29.9,,,,
ABS:ERP_COMP_Q(1.0.0),2,AUS,Q,1994-Q1,28.5,,,,
ABS:ERP_COMP_Q(1.0.0),2,AUS,Q,1994-Q2,31.6,,,,
ABS:ERP_COMP_Q(1.0.0),2,AUS,Q,1994-Q3,36.7,,,,
ABS:ERP_COMP_Q(1.0.0),2,AUS,Q,1994-Q4,30.2,,,,
ABS:ERP_COMP_Q(1.0.0),2,AUS,Q,1995-Q1,27.8,,,,
ABS:ERP_COMP_Q(1.0.0),2,AUS,Q,1995-Q2,31.5,,,,
ABS:ERP_COMP_Q(1.0.0),2,AUS,Q,1995-Q3,35,,,,
ABS:ERP_COMP_Q(1.0.0),2,AUS,Q,1995-Q4,30.8,,,,
ABS:ERP_COMP_Q(1.0.0),2,AUS,Q,1996-Q1,28.9,,,,
ABS:ERP_COMP_Q(1.0.0),2,AUS,Q,1996-Q2,31.7,,,,
ABS:ERP_COMP_Q(1.0.0),2,AUS,Q,1996-Q3,37.1,,,,
ABS:ERP_COMP_Q(1.0.0),2,AUS,Q,1996-Q4,30.5,,,,
ABS:ERP_COMP_Q(1.0.0),2,AUS,Q,1997-Q1,28.4,,,,
ABS:ERP_COMP_Q(1.0.0),2,AUS,Q,1997-Q2,31.4,,,,
ABS:ERP_COMP_Q(1.0.0),2,AUS,Q,1997-Q3,38,,,,
ABS:ERP_COMP_Q(1.0.0),2,AUS,Q,1997-Q4,31,,,,
ABS:ERP_COMP_Q(1.0.0),2,AUS,Q,1998-Q1,28.4,,,,
ABS:ERP_COMP_Q(1.0.0),2,AUS,Q,1998-Q2,31.8,,,,
ABS:ERP_COMP_Q(1.0.0),2,AUS,Q,1998-Q3,36.4,,,,
ABS:ERP_COMP_Q(1.0.0),2,AUS,Q,1998-Q4,30.8,,,,
ABS:ERP_COMP_Q(1.0.0),2,AUS,Q,1999-Q1,28.8,,,,
ABS:ERP_COMP_Q(1.0.0),2,AUS,Q,1999-Q2,32.2,,,,
ABS:ERP_COMP_Q(1.0.0),2,AUS,Q,1999-Q3,35.9,,,,
ABS:ERP_COMP_Q(1.0.0),2,AUS,Q,1999-Q4,31.2,,,,
ABS:ERP_COMP_Q(1.0.0),2,AUS,Q,2000-Q1,28.9,,,,
ABS:ERP_COMP_Q(1.0.0),2,AUS,Q,2000-Q2,32.3,,,,
ABS:ERP_COMP_Q(1.0.0),2,AUS,Q,2000-Q3,36.3,,,,
ABS:ERP_COMP_Q(1.0.0),2,AUS,Q,2000-Q4,31.4,,,,
ABS:ERP_COMP_Q(1.0.0),2,AUS,Q,2001-Q1,29.2,,,,
ABS:ERP_COMP_Q(1.0.0),2,AUS,Q,2001-Q2,32.1,,,,
ABS:ERP_COMP_Q(1.0.0),2,AUS,Q,2001-Q3,35.2,,,,
ABS:ERP_COMP_Q(1.0.0),2,AUS,Q,2001-Q4,32.3,,,,
ABS:ERP_COMP_Q(1.0.0),2,AUS,Q,2002-Q1,29.6,,,,
ABS:ERP_COMP_Q(1.0.0),2,AUS,Q,2002-Q2,33.1,,,,
ABS:ERP_COMP_Q(1.0.0),2,AUS,Q,2002-Q3,38.1,,,,
ABS:ERP_COMP_Q(1.0.0),2,AUS,Q,2002-Q4,32.2,,,,
ABS:ERP_COMP_Q(1.0.0),2,AUS,Q,2003-Q1,29.4,,,,
ABS:ERP_COMP_Q(1.0.0),2,AUS,Q,2003-Q2,32.5,,,,
ABS:ERP_COMP_Q(1.0.0),2,AUS,Q,2003-Q3,37.8,,,,
ABS:ERP_COMP_Q(1.0.0),2,AUS,Q,2003-Q4,32.1,,,,
ABS:ERP_COMP_Q(1.0.0),2,AUS,Q,2004-Q1,30.3,,,,
ABS:ERP_COMP_Q(1.0.0),2,AUS,Q,2004-Q2,33,,,,
ABS:ERP_COMP_Q(1.0.0),2,AUS,Q,2004-Q3,36.8,,,,
ABS:ERP_COMP_Q(1.0.0),2,AUS,Q,2004-Q4,32.3,,,,
ABS:ERP_COMP_Q(1.0.0),2,AUS,Q,2005-Q1,29.5,,,,
ABS:ERP_COMP_Q(1.0.0),2,AUS,Q,2005-Q2,32.8,,,,
ABS:ERP_COMP_Q(1.0.0),2,AUS,Q,2005-Q3,36.5,,,,
ABS:ERP_COMP_Q(1.0.0),2,AUS,Q,2005-Q4,32.6,,,,
ABS:ERP_COMP_Q(1.0.0),2,AUS,Q,2006-Q1,30.7,,,,
ABS:ERP_COMP_Q(1.0.0),2,AUS,Q,2006-Q2,34.2,,,,
ABS:ERP_COMP_Q(1.0.0),2,AUS,Q,2006-Q3,36.4,,,,
ABS:ERP_COMP_Q(1.0.0),2,AUS,Q,2006-Q4,33.2,,,,
ABS:ERP_COMP_Q(1.0.0),2,AUS,Q,2007-Q1,31.6,,,,
ABS:ERP_COMP_Q(1.0.0),2,AUS,Q,2007-Q2,34.8,,,,
ABS:ERP_COMP_Q(1.0.0),2,AUS,Q,2007-Q3,39.3,,,,
ABS:ERP_COMP_Q(1.0.0),2,AUS,Q,2007-Q4,34.1,,,,
ABS:ERP_COMP_Q(1.0.0),2,AUS,Q,2008-Q1,32.2,,,,
ABS:ERP_COMP_Q(1.0.0),2,AUS,Q,2008-Q2,35.1,,,,
ABS:ERP_COMP_Q(1.0.0),2,AUS,Q,2008-Q3,40.5,,,,
ABS:ERP_COMP_Q(1.0.0),2,AUS,Q,2008-Q4,34.6,,,,
ABS:ERP_COMP_Q(1.0.0),2,AUS,Q,2009-Q1,33.1,,,,
ABS:ERP_COMP_Q(1.0.0),2,AUS,Q,2009-Q2,35.5,,,,
ABS:ERP_COMP_Q(1.0.0),2,AUS,Q,2009-Q3,38,,,,
ABS:ERP_COMP_Q(1.0.0),2,AUS,Q,2009-Q4,35,,,,
ABS:ERP_COMP_Q(1.0.0),2,AUS,Q,2010-Q1,32.7,,,,
ABS:ERP_COMP_Q(1.0.0),2,AUS,Q,2010-Q2,35.8,,,,
ABS:ERP_COMP_Q(1.0.0),2,AUS,Q,2010-Q3,38.5,,,,
ABS:ERP_COMP_Q(1.0.0),2,AUS,Q,2010-Q4,35.8,,,,
ABS:ERP_COMP_Q(1.0.0),2,AUS,Q,2011-Q1,33.8,,,,
ABS:ERP_COMP_Q(1.0.0),2,AUS,Q,2011-Q2,37.4,,,,
ABS:ERP_COMP_Q(1.0.0),2,AUS,Q,2011-Q3,39.6,,,,
ABS:ERP_COMP_Q(1.0.0),2,AUS,Q,2011-Q4,36.1,,,,
ABS:ERP_COMP_Q(1.0.0),2,AUS,Q,2012-Q1,34.1,,,,
ABS:ERP_COMP_Q(1.0.0),2,AUS,Q,2012-Q2,37.5,,,,
ABS:ERP_COMP_Q(1.0.0),2,AUS,Q,2012-Q3,42.2,,,,
ABS:ERP_COMP_Q(1.0.0),2,AUS,Q,2012-Q4,35.4,,,,
ABS:ERP_COMP_Q(1.0.0),2,AUS,Q,2013-Q1,34.2,,,,
ABS:ERP_COMP_Q(1.0.0),2,AUS,Q,2013-Q2,37.3,,,,
ABS:ERP_COMP_Q(1.0.0),2,AUS,Q,2013-Q3,39.7,,,,
ABS:ERP_COMP_Q(1.0.0),2,AUS,Q,2013-Q4,37,,,,
ABS:ERP_COMP_Q(1.0.0),2,AUS,Q,2014-Q1,34.9,,,,
ABS:ERP_COMP_Q(1.0.0),2,AUS,Q,2014-Q2,38.5,,,,
ABS:ERP_COMP_Q(1.0.0),2,AUS,Q,2014-Q3,43.1,,,,
ABS:ERP_COMP_Q(1.0.0),2,AUS,Q,2014-Q4,37.5,,,,
ABS:ERP_COMP_Q(1.0.0),2,AUS,Q,2015-Q1,35.8,,,,
ABS:ERP_COMP_Q(1.0.0),2,AUS,Q,2015-Q2,39.5,,,,
ABS:ERP_COMP_Q(1.0.0),2,AUS,Q,2015-Q3,44.1,,,,
ABS:ERP_COMP_Q(1.0.0),2,AUS,Q,2015-Q4,38,,,,
ABS:ERP_COMP_Q(1.0.0),2,AUS,Q,2016-Q1,36.1,,,,
ABS:ERP_COMP_Q(1.0.0),2,AUS,Q,2016-Q2,39.2,,,,
ABS:ERP_COMP_Q(1.0.0),2,AUS,Q,2016-Q3,43.7,,,,
ABS:ERP_COMP_Q(1.0.0),2,AUS,Q,2016-Q4,39.6,,,,
ABS:ERP_COMP_Q(1.0.0),2,AUS,Q,2017-Q1,36.8,,,,
ABS:ERP_COMP_Q(1.0.0),2,AUS,Q,2017-Q2,40.1,,,,
ABS:ERP_COMP_Q(1.0.0),2,AUS,Q,2017-Q3,47.4,,,,
ABS:ERP_COMP_Q(1.0.0),2,AUS,Q,2017-Q4,38.9,,,,
ABS:ERP_COMP_Q(1.0.0),2,AUS,Q,2018-Q1,36.3,,,,
ABS:ERP_COMP_Q(1.0.0),2,AUS,Q,2018-Q2,39.4,,,,
ABS:ERP_COMP_Q(1.0.0),2,AUS,Q,2018-Q3,43.3,,,,
ABS:ERP_COMP_Q(1.0.0),2,AUS,Q,2018-Q4,39.5,,,,
ABS:ERP_COMP_Q(1.0.0),2,AUS,Q,2019-Q1,38.4,,,,
ABS:ERP_COMP_Q(1.0.0),2,AUS,Q,2019-Q2,41.9,,,,
ABS:ERP_COMP_Q(1.0.0),2,AUS,Q,2019-Q3,44.8,,,,
ABS:ERP_COMP_Q(1.0.0),2,AUS,Q,2019-Q4,39.9,,,,
ABS:ERP_COMP_Q(1.0.0),2,AUS,Q,2020-Q1,39.1,,,,
ABS:ERP_COMP_Q(1.0.0),2,AUS,Q,2020-Q2,40.7,,,,
ABS:ERP_COMP_Q(1.0.0),2,AUS,Q,2020-Q3,43,,,,
ABS:ERP_COMP_Q(1.0.0),2,AUS,Q,2020-Q4,40,,,,
ABS:ERP_COMP_Q(1.0.0),2,AUS,Q,2021-Q1,39.1,,,,
ABS:ERP_COMP_Q(1.0.0),2,AUS,Q,2021-Q2,43.5,,,,
ABS:ERP_COMP_Q(1.0.0),2,AUS,Q,2021-Q3,46.1,,,,
ABS:ERP_COMP_Q(1.0.0),2,AUS,Q,2021-Q4,43.5,,,,
ABS:ERP_COMP_Q(1.0.0),2,AUS,Q,2022-Q1,45.1,,,,
ABS:ERP_COMP_Q(1.0.0),2,AUS,Q,2022-Q2,48.6,,,,
ABS:ERP_COMP_Q(1.0.0),2,AUS,Q,2022-Q3,51.9,,,,
ABS:ERP_COMP_Q(1.0.0),2,AUS,Q,2022-Q4,45.9,,,,
ABS:ERP_COMP_Q(1.0.0),2,AUS,Q,2023-Q1,42.8,,,,
ABS:ERP_COMP_Q(1.0.0),2,AUS,Q,2023-Q2,47.6,,,,
ABS:ERP_COMP_Q(1.0.0),2,AUS,Q,2023-Q3,47.7,,,,
ABS:ERP_COMP_Q(1.0.0),2,AUS,Q,2023-Q4,45.2,,,,
ABS:ERP_COMP_Q(1.0.0),2,AUS,Q,2024-Q1,43.9,,,,
ABS:ERP_COMP_Q(1.0.0),2,AUS,Q,2024-Q2,48.2,,,,
ABS:ERP_COMP_Q(1.0.0),2,AUS,Q,2024-Q3,51.6,,,,
ABS:ERP_COMP_Q(1.0.0),2,AUS,Q,2024-Q4,44.5,,,,
ABS:ERP_COMP_Q(1.0.0),2,AUS,Q,2025-Q1,44.1,,,,
ABS:ERP_COMP_Q(1.0.0),2,AUS,Q,2025-Q2,45.5,,,,
ABS:ERP_COMP_Q(1.0.0),2,AUS,Q,2025-Q3,52.3,,,,
ABS:ERP_COMP_Q(1.0.0),2,AUS,Q,2025-Q4,46.5,,,,
ABS:ERP_COMP_Q(1.0.0),13,AUS,Q,1981-Q3,65.4,,,,
ABS:ERP_COMP_Q(1.0.0),13,AUS,Q,1981-Q4,65.4,,,,
ABS:ERP_COMP_Q(1.0.0),13,AUS,Q,1982-Q1,67.6,,,,
ABS:ERP_COMP_Q(1.0.0),13,AUS,Q,1982-Q2,62.5,,,,
ABS:ERP_COMP_Q(1.0.0),13,AUS,Q,1982-Q3,55,,,,
ABS:ERP_COMP_Q(1.0.0),13,AUS,Q,1982-Q4,49.6,,,,
ABS:ERP_COMP_Q(1.0.0),13,AUS,Q,1983-Q1,57.4,,,,
ABS:ERP_COMP_Q(1.0.0),13,AUS,Q,1983-Q2,47.2,,,,
ABS:ERP_COMP_Q(1.0.0),13,AUS,Q,1983-Q3,45.5,,,,
ABS:ERP_COMP_Q(1.0.0),13,AUS,Q,1983-Q4,44.5,,,,
ABS:ERP_COMP_Q(1.0.0),13,AUS,Q,1984-Q1,48,,,,
ABS:ERP_COMP_Q(1.0.0),13,AUS,Q,1984-Q2,47.9,,,,
ABS:ERP_COMP_Q(1.0.0),13,AUS,Q,1984-Q3,49.2,,,,
ABS:ERP_COMP_Q(1.0.0),13,AUS,Q,1984-Q4,48.7,,,,
ABS:ERP_COMP_Q(1.0.0),13,AUS,Q,1985-Q1,59.4,,,,
ABS:ERP_COMP_Q(1.0.0),13,AUS,Q,1985-Q2,51.6,,,,
ABS:ERP_COMP_Q(1.0.0),13,AUS,Q,1985-Q3,51.4,,,,
ABS:ERP_COMP_Q(1.0.0),13,AUS,Q,1985-Q4,60.9,,,,
ABS:ERP_COMP_Q(1.0.0),13,AUS,Q,1986-Q1,60.9,,,,
ABS:ERP_COMP_Q(1.0.0),13,AUS,Q,1986-Q2,56.9,,,,
ABS:ERP_COMP_Q(1.0.0),13,AUS,Q,1986-Q3,56.7,,,,
ABS:ERP_COMP_Q(1.0.0),13,AUS,Q,1986-Q4,63.7,,,,
ABS:ERP_COMP_Q(1.0.0),13,AUS,Q,1987-Q1,65.3,,,,
ABS:ERP_COMP_Q(1.0.0),13,AUS,Q,1987-Q2,59.8,,,,
ABS:ERP_COMP_Q(1.0.0),13,AUS,Q,1987-Q3,65,,,,
ABS:ERP_COMP_Q(1.0.0),13,AUS,Q,1987-Q4,65.8,,,,
ABS:ERP_COMP_Q(1.0.0),13,AUS,Q,1988-Q1,77.1,,,,
ABS:ERP_COMP_Q(1.0.0),13,AUS,Q,1988-Q2,60.4,,,,
ABS:ERP_COMP_Q(1.0.0),13,AUS,Q,1988-Q3,80.5,,,,
ABS:ERP_COMP_Q(1.0.0),13,AUS,Q,1988-Q4,74.4,,,,
ABS:ERP_COMP_Q(1.0.0),13,AUS,Q,1989-Q1,77,,,,
ABS:ERP_COMP_Q(1.0.0),13,AUS,Q,1989-Q2,50.4,,,,
ABS:ERP_COMP_Q(1.0.0),13,AUS,Q,1989-Q3,57.6,,,,
ABS:ERP_COMP_Q(1.0.0),13,AUS,Q,1989-Q4,64.7,,,,
ABS:ERP_COMP_Q(1.0.0),13,AUS,Q,1990-Q1,68.9,,,,
ABS:ERP_COMP_Q(1.0.0),13,AUS,Q,1990-Q2,59.5,,,,
ABS:ERP_COMP_Q(1.0.0),13,AUS,Q,1990-Q3,56,,,,
ABS:ERP_COMP_Q(1.0.0),13,AUS,Q,1990-Q4,48.6,,,,
ABS:ERP_COMP_Q(1.0.0),13,AUS,Q,1991-Q1,67.7,,,,
ABS:ERP_COMP_Q(1.0.0),13,AUS,Q,1991-Q2,46.6,,,,
ABS:ERP_COMP_Q(1.0.0),13,AUS,Q,1991-Q3,54.8,,,,
ABS:ERP_COMP_Q(1.0.0),13,AUS,Q,1991-Q4,40.1,,,,
ABS:ERP_COMP_Q(1.0.0),13,AUS,Q,1992-Q1,62.3,,,,
ABS:ERP_COMP_Q(1.0.0),13,AUS,Q,1992-Q2,37.3,,,,
ABS:ERP_COMP_Q(1.0.0),13,AUS,Q,1992-Q3,44.7,,,,
ABS:ERP_COMP_Q(1.0.0),13,AUS,Q,1992-Q4,33.8,,,,
ABS:ERP_COMP_Q(1.0.0),13,AUS,Q,1993-Q1,52.4,,,,
ABS:ERP_COMP_Q(1.0.0),13,AUS,Q,1993-Q2,25.3,,,,
ABS:ERP_COMP_Q(1.0.0),13,AUS,Q,1993-Q3,48.9,,,,
ABS:ERP_COMP_Q(1.0.0),13,AUS,Q,1993-Q4,35.4,,,,
ABS:ERP_COMP_Q(1.0.0),13,AUS,Q,1994-Q1,53,,,,
ABS:ERP_COMP_Q(1.0.0),13,AUS,Q,1994-Q2,33.4,,,,
ABS:ERP_COMP_Q(1.0.0),13,AUS,Q,1994-Q3,53.8,,,,
ABS:ERP_COMP_Q(1.0.0),13,AUS,Q,1994-Q4,34.2,,,,
ABS:ERP_COMP_Q(1.0.0),13,AUS,Q,1995-Q1,58.1,,,,
ABS:ERP_COMP_Q(1.0.0),13,AUS,Q,1995-Q2,53.3,,,,
ABS:ERP_COMP_Q(1.0.0),13,AUS,Q,1995-Q3,57.3,,,,
ABS:ERP_COMP_Q(1.0.0),13,AUS,Q,1995-Q4,57.4,,,,
ABS:ERP_COMP_Q(1.0.0),13,AUS,Q,1996-Q1,56.4,,,,
ABS:ERP_COMP_Q(1.0.0),13,AUS,Q,1996-Q2,48.8,,,,
ABS:ERP_COMP_Q(1.0.0),13,AUS,Q,1996-Q3,56.6,,,,
ABS:ERP_COMP_Q(1.0.0),13,AUS,Q,1996-Q4,48.8,,,,
ABS:ERP_COMP_Q(1.0.0),13,AUS,Q,1997-Q1,58.6,,,,
ABS:ERP_COMP_Q(1.0.0),13,AUS,Q,1997-Q2,34.3,,,,
ABS:ERP_COMP_Q(1.0.0),13,AUS,Q,1997-Q3,45.7,,,,
ABS:ERP_COMP_Q(1.0.0),13,AUS,Q,1997-Q4,41.3,,,,
ABS:ERP_COMP_Q(1.0.0),13,AUS,Q,1998-Q1,62.4,,,,
ABS:ERP_COMP_Q(1.0.0),13,AUS,Q,1998-Q2,35.2,,,,
ABS:ERP_COMP_Q(1.0.0),13,AUS,Q,1998-Q3,50.8,,,,
ABS:ERP_COMP_Q(1.0.0),13,AUS,Q,1998-Q4,47.2,,,,
ABS:ERP_COMP_Q(1.0.0),13,AUS,Q,1999-Q1,64.9,,,,
ABS:ERP_COMP_Q(1.0.0),13,AUS,Q,1999-Q2,41.7,,,,
ABS:ERP_COMP_Q(1.0.0),13,AUS,Q,1999-Q3,55.4,,,,
ABS:ERP_COMP_Q(1.0.0),13,AUS,Q,1999-Q4,51.5,,,,
ABS:ERP_COMP_Q(1.0.0),13,AUS,Q,2000-Q1,67.5,,,,
ABS:ERP_COMP_Q(1.0.0),13,AUS,Q,2000-Q2,42.1,,,,
ABS:ERP_COMP_Q(1.0.0),13,AUS,Q,2000-Q3,57.2,,,,
ABS:ERP_COMP_Q(1.0.0),13,AUS,Q,2000-Q4,55,,,,
ABS:ERP_COMP_Q(1.0.0),13,AUS,Q,2001-Q1,84.1,,,,
ABS:ERP_COMP_Q(1.0.0),13,AUS,Q,2001-Q2,49.5,,,,
ABS:ERP_COMP_Q(1.0.0),13,AUS,Q,2001-Q3,54.4,,,,
ABS:ERP_COMP_Q(1.0.0),13,AUS,Q,2001-Q4,57.4,,,,
ABS:ERP_COMP_Q(1.0.0),13,AUS,Q,2002-Q1,66.9,,,,
ABS:ERP_COMP_Q(1.0.0),13,AUS,Q,2002-Q2,41.9,,,,
ABS:ERP_COMP_Q(1.0.0),13,AUS,Q,2002-Q3,53.7,,,,
ABS:ERP_COMP_Q(1.0.0),13,AUS,Q,2002-Q4,56.6,,,,
ABS:ERP_COMP_Q(1.0.0),13,AUS,Q,2003-Q1,71.2,,,,
ABS:ERP_COMP_Q(1.0.0),13,AUS,Q,2003-Q2,44.1,,,,
ABS:ERP_COMP_Q(1.0.0),13,AUS,Q,2003-Q3,52.7,,,,
ABS:ERP_COMP_Q(1.0.0),13,AUS,Q,2003-Q4,53.7,,,,
ABS:ERP_COMP_Q(1.0.0),13,AUS,Q,2004-Q1,67,,,,
ABS:ERP_COMP_Q(1.0.0),13,AUS,Q,2004-Q2,38.6,,,,
ABS:ERP_COMP_Q(1.0.0),13,AUS,Q,2004-Q3,57,,,,
ABS:ERP_COMP_Q(1.0.0),13,AUS,Q,2004-Q4,56.3,,,,
ABS:ERP_COMP_Q(1.0.0),13,AUS,Q,2005-Q1,80.6,,,,
ABS:ERP_COMP_Q(1.0.0),13,AUS,Q,2005-Q2,50.3,,,,
ABS:ERP_COMP_Q(1.0.0),13,AUS,Q,2005-Q3,67.9,,,,
ABS:ERP_COMP_Q(1.0.0),13,AUS,Q,2005-Q4,66.8,,,,
ABS:ERP_COMP_Q(1.0.0),13,AUS,Q,2006-Q1,86.6,,,,
ABS:ERP_COMP_Q(1.0.0),13,AUS,Q,2006-Q2,52.8,,,,
ABS:ERP_COMP_Q(1.0.0),13,AUS,Q,2006-Q3,91.3,,,,
ABS:ERP_COMP_Q(1.0.0),13,AUS,Q,2006-Q4,85.3,,,,
ABS:ERP_COMP_Q(1.0.0),13,AUS,Q,2007-Q1,115.3,,,,
ABS:ERP_COMP_Q(1.0.0),13,AUS,Q,2007-Q2,84.8,,,,
ABS:ERP_COMP_Q(1.0.0),13,AUS,Q,2007-Q3,96.5,,,,
ABS:ERP_COMP_Q(1.0.0),13,AUS,Q,2007-Q4,92,,,,
ABS:ERP_COMP_Q(1.0.0),13,AUS,Q,2008-Q1,132.8,,,,
ABS:ERP_COMP_Q(1.0.0),13,AUS,Q,2008-Q2,100.3,,,,
ABS:ERP_COMP_Q(1.0.0),13,AUS,Q,2008-Q3,116.9,,,,
ABS:ERP_COMP_Q(1.0.0),13,AUS,Q,2008-Q4,109.6,,,,
ABS:ERP_COMP_Q(1.0.0),13,AUS,Q,2009-Q1,126.1,,,,
ABS:ERP_COMP_Q(1.0.0),13,AUS,Q,2009-Q2,90,,,,
ABS:ERP_COMP_Q(1.0.0),13,AUS,Q,2009-Q3,96.4,,,,
ABS:ERP_COMP_Q(1.0.0),13,AUS,Q,2009-Q4,77.5,,,,
ABS:ERP_COMP_Q(1.0.0),13,AUS,Q,2010-Q1,98.5,,,,
ABS:ERP_COMP_Q(1.0.0),13,AUS,Q,2010-Q2,67.7,,,,
ABS:ERP_COMP_Q(1.0.0),13,AUS,Q,2010-Q3,72.7,,,,
ABS:ERP_COMP_Q(1.0.0),13,AUS,Q,2010-Q4,68.1,,,,
ABS:ERP_COMP_Q(1.0.0),13,AUS,Q,2011-Q1,96.3,,,,
ABS:ERP_COMP_Q(1.0.0),13,AUS,Q,2011-Q2,71.3,,,,
ABS:ERP_COMP_Q(1.0.0),13,AUS,Q,2011-Q3,92.7,,,,
ABS:ERP_COMP_Q(1.0.0),13,AUS,Q,2011-Q4,89.4,,,,
ABS:ERP_COMP_Q(1.0.0),13,AUS,Q,2012-Q1,118.7,,,,
ABS:ERP_COMP_Q(1.0.0),13,AUS,Q,2012-Q2,92.5,,,,
ABS:ERP_COMP_Q(1.0.0),13,AUS,Q,2012-Q3,100.5,,,,
ABS:ERP_COMP_Q(1.0.0),13,AUS,Q,2012-Q4,94.1,,,,
ABS:ERP_COMP_Q(1.0.0),13,AUS,Q,2013-Q1,115,,,,
ABS:ERP_COMP_Q(1.0.0),13,AUS,Q,2013-Q2,85.1,,,,
ABS:ERP_COMP_Q(1.0.0),13,AUS,Q,2013-Q3,92.1,,,,
ABS:ERP_COMP_Q(1.0.0),13,AUS,Q,2013-Q4,77.5,,,,
ABS:ERP_COMP_Q(1.0.0),13,AUS,Q,2014-Q1,108.4,,,,
ABS:ERP_COMP_Q(1.0.0),13,AUS,Q,2014-Q2,69.5,,,,
ABS:ERP_COMP_Q(1.0.0),13,AUS,Q,2014-Q3,87.2,,,,
ABS:ERP_COMP_Q(1.0.0),13,AUS,Q,2014-Q4,77.4,,,,
ABS:ERP_COMP_Q(1.0.0),13,AUS,Q,2015-Q1,105.3,,,,
ABS:ERP_COMP_Q(1.0.0),13,AUS,Q,2015-Q2,70.4,,,,
ABS:ERP_COMP_Q(1.0.0),13,AUS,Q,2015-Q3,88.3,,,,
ABS:ERP_COMP_Q(1.0.0),13,AUS,Q,2015-Q4,80.3,,,,
ABS:ERP_COMP_Q(1.0.0),13,AUS,Q,2016-Q1,118.8,,,,
ABS:ERP_COMP_Q(1.0.0),13,AUS,Q,2016-Q2,87.5,,,,
ABS:ERP_COMP_Q(1.0.0),13,AUS,Q,2016-Q3,106.6,,,,
ABS:ERP_COMP_Q(1.0.0),13,AUS,Q,2016-Q4,87.5,,,,
ABS:ERP_COMP_Q(1.0.0),13,AUS,Q,2017-Q1,126.3,,,,
ABS:ERP_COMP_Q(1.0.0),13,AUS,Q,2017-Q2,81.2,,,,
ABS:ERP_COMP_Q(1.0.0),13,AUS,Q,2017-Q3,97.5,,,,
ABS:ERP_COMP_Q(1.0.0),13,AUS,Q,2017-Q4,68.9,,,,
ABS:ERP_COMP_Q(1.0.0),13,AUS,Q,2018-Q1,122.7,,,,
ABS:ERP_COMP_Q(1.0.0),13,AUS,Q,2018-Q2,81.5,,,,
ABS:ERP_COMP_Q(1.0.0),13,AUS,Q,2018-Q3,104.1,,,,
ABS:ERP_COMP_Q(1.0.0),13,AUS,Q,2018-Q4,78.7,,,,
ABS:ERP_COMP_Q(1.0.0),13,AUS,Q,2019-Q1,118.8,,,,
ABS:ERP_COMP_Q(1.0.0),13,AUS,Q,2019-Q2,69.9,,,,
ABS:ERP_COMP_Q(1.0.0),13,AUS,Q,2019-Q3,103.2,,,,
ABS:ERP_COMP_Q(1.0.0),13,AUS,Q,2019-Q4,82.4,,,,
ABS:ERP_COMP_Q(1.0.0),13,AUS,Q,2020-Q1,107.5,,,,
ABS:ERP_COMP_Q(1.0.0),13,AUS,Q,2020-Q2,21.3,,,,
ABS:ERP_COMP_Q(1.0.0),13,AUS,Q,2020-Q3,-15.9,,,,
ABS:ERP_COMP_Q(1.0.0),13,AUS,Q,2020-Q4,-2.6,,,,
ABS:ERP_COMP_Q(1.0.0),13,AUS,Q,2021-Q1,22.3,,,,
ABS:ERP_COMP_Q(1.0.0),13,AUS,Q,2021-Q2,32.4,,,,
ABS:ERP_COMP_Q(1.0.0),13,AUS,Q,2021-Q3,19.4,,,,
ABS:ERP_COMP_Q(1.0.0),13,AUS,Q,2021-Q4,69,,,,
ABS:ERP_COMP_Q(1.0.0),13,AUS,Q,2022-Q1,139.2,,,,
ABS:ERP_COMP_Q(1.0.0),13,AUS,Q,2022-Q2,105.7,,,,
ABS:ERP_COMP_Q(1.0.0),13,AUS,Q,2022-Q3,150.6,,,,
ABS:ERP_COMP_Q(1.0.0),13,AUS,Q,2022-Q4,151,,,,
ABS:ERP_COMP_Q(1.0.0),13,AUS,Q,2023-Q1,194,,,,
ABS:ERP_COMP_Q(1.0.0),13,AUS,Q,2023-Q2,145.6,,,,
ABS:ERP_COMP_Q(1.0.0),13,AUS,Q,2023-Q3,171.2,,,,
ABS:ERP_COMP_Q(1.0.0),13,AUS,Q,2023-Q4,125.5,,,,
ABS:ERP_COMP_Q(1.0.0),13,AUS,Q,2024-Q1,156.9,,,,
ABS:ERP_COMP_Q(1.0.0),13,AUS,Q,2024-Q2,80.8,,,,
ABS:ERP_COMP_Q(1.0.0),13,AUS,Q,2024-Q3,106.9,,,,
ABS:ERP_COMP_Q(1.0.0),13,AUS,Q,2024-Q4,87.4,,,,
ABS:ERP_COMP_Q(1.0.0),13,AUS,Q,2025-Q1,141.2,,,,
ABS:ERP_COMP_Q(1.0.0),13,AUS,Q,2025-Q2,81.3,,,,
ABS:ERP_COMP_Q(1.0.0),13,AUS,Q,2025-Q3,111.4,,,,
ABS:ERP_COMP_Q(1.0.0),13,AUS,Q,2025-Q4,78.6,,,,
ABS:ERP_COMP_Q(1.0.0),6,1,Q,1981-Q2,-6330,,,,
ABS:ERP_COMP_Q(1.0.0),6,1,Q,1981-Q3,-7768,,,,
ABS:ERP_COMP_Q(1.0.0),6,1,Q,1981-Q4,-4528,,,,
ABS:ERP_COMP_Q(1.0.0),6,1,Q,1982-Q1,-3824,,,,
ABS:ERP_COMP_Q(1.0.0),6,1,Q,1982-Q2,-3464,,,,
ABS:ERP_COMP_Q(1.0.0),6,1,Q,1982-Q3,-5094,,,,
ABS:ERP_COMP_Q(1.0.0),6,1,Q,1982-Q4,-4193,,,,
ABS:ERP_COMP_Q(1.0.0),6,1,Q,1983-Q1,-2809,,,,
ABS:ERP_COMP_Q(1.0.0),6,1,Q,1983-Q2,-5085,,,,
ABS:ERP_COMP_Q(1.0.0),6,1,Q,1983-Q3,-2955,,,,
ABS:ERP_COMP_Q(1.0.0),6,1,Q,1983-Q4,-3333,,,,
ABS:ERP_COMP_Q(1.0.0),6,1,Q,1984-Q1,-1565,,,,
ABS:ERP_COMP_Q(1.0.0),6,1,Q,1984-Q2,-2414,,,,
ABS:ERP_COMP_Q(1.0.0),6,1,Q,1984-Q3,-2640,,,,
ABS:ERP_COMP_Q(1.0.0),6,1,Q,1984-Q4,-1646,,,,
ABS:ERP_COMP_Q(1.0.0),6,1,Q,1985-Q1,-1219,,,,
ABS:ERP_COMP_Q(1.0.0),6,1,Q,1985-Q2,-3823,,,,
ABS:ERP_COMP_Q(1.0.0),6,1,Q,1985-Q3,-3549,,,,
ABS:ERP_COMP_Q(1.0.0),6,1,Q,1985-Q4,-3641,,,,
ABS:ERP_COMP_Q(1.0.0),6,1,Q,1986-Q1,-2127,,,,
ABS:ERP_COMP_Q(1.0.0),6,1,Q,1986-Q2,-3145,,,,
ABS:ERP_COMP_Q(1.0.0),6,1,Q,1986-Q3,-2476,,,,
ABS:ERP_COMP_Q(1.0.0),6,1,Q,1986-Q4,-1397,,,,
ABS:ERP_COMP_Q(1.0.0),6,1,Q,1987-Q1,-2887,,,,
ABS:ERP_COMP_Q(1.0.0),6,1,Q,1987-Q2,-2764,,,,
ABS:ERP_COMP_Q(1.0.0),6,1,Q,1987-Q3,-2003,,,,
ABS:ERP_COMP_Q(1.0.0),6,1,Q,1987-Q4,-3141,,,,
ABS:ERP_COMP_Q(1.0.0),6,1,Q,1988-Q1,-4029,,,,
ABS:ERP_COMP_Q(1.0.0),6,1,Q,1988-Q2,-4167,,,,
ABS:ERP_COMP_Q(1.0.0),6,1,Q,1988-Q3,-7495,,,,
ABS:ERP_COMP_Q(1.0.0),6,1,Q,1988-Q4,-7594,,,,
ABS:ERP_COMP_Q(1.0.0),6,1,Q,1989-Q1,-11342,,,,
ABS:ERP_COMP_Q(1.0.0),6,1,Q,1989-Q2,-11543,,,,
ABS:ERP_COMP_Q(1.0.0),6,1,Q,1989-Q3,-10427,,,,
ABS:ERP_COMP_Q(1.0.0),6,1,Q,1989-Q4,-9163,,,,
ABS:ERP_COMP_Q(1.0.0),6,1,Q,1990-Q1,-8884,,,,
ABS:ERP_COMP_Q(1.0.0),6,1,Q,1990-Q2,-7509,,,,
ABS:ERP_COMP_Q(1.0.0),6,1,Q,1990-Q3,-5141,,,,
ABS:ERP_COMP_Q(1.0.0),6,1,Q,1990-Q4,-6389,,,,
ABS:ERP_COMP_Q(1.0.0),6,1,Q,1991-Q1,-3372,,,,
ABS:ERP_COMP_Q(1.0.0),6,1,Q,1991-Q2,-2304,,,,
ABS:ERP_COMP_Q(1.0.0),6,1,Q,1991-Q3,-2989,,,,
ABS:ERP_COMP_Q(1.0.0),6,1,Q,1991-Q4,-3719,,,,
ABS:ERP_COMP_Q(1.0.0),6,1,Q,1992-Q1,-5164,,,,
ABS:ERP_COMP_Q(1.0.0),6,1,Q,1992-Q2,-1935,,,,
ABS:ERP_COMP_Q(1.0.0),6,1,Q,1992-Q3,-3407,,,,
ABS:ERP_COMP_Q(1.0.0),6,1,Q,1992-Q4,-5250,,,,
ABS:ERP_COMP_Q(1.0.0),6,1,Q,1993-Q1,-5784,,,,
ABS:ERP_COMP_Q(1.0.0),6,1,Q,1993-Q2,-3094,,,,
ABS:ERP_COMP_Q(1.0.0),6,1,Q,1993-Q3,-2998,,,,
ABS:ERP_COMP_Q(1.0.0),6,1,Q,1993-Q4,-2895,,,,
ABS:ERP_COMP_Q(1.0.0),6,1,Q,1994-Q1,-2330,,,,
ABS:ERP_COMP_Q(1.0.0),6,1,Q,1994-Q2,-3957,,,,
ABS:ERP_COMP_Q(1.0.0),6,1,Q,1994-Q3,-2412,,,,
ABS:ERP_COMP_Q(1.0.0),6,1,Q,1994-Q4,-3658,,,,
ABS:ERP_COMP_Q(1.0.0),6,1,Q,1995-Q1,-4447,,,,
ABS:ERP_COMP_Q(1.0.0),6,1,Q,1995-Q2,-2961,,,,
ABS:ERP_COMP_Q(1.0.0),6,1,Q,1995-Q3,-2527,,,,
ABS:ERP_COMP_Q(1.0.0),6,1,Q,1995-Q4,-4506,,,,
ABS:ERP_COMP_Q(1.0.0),6,1,Q,1996-Q1,-5522,,,,
ABS:ERP_COMP_Q(1.0.0),6,1,Q,1996-Q2,-2215,,,,
ABS:ERP_COMP_Q(1.0.0),6,1,Q,1996-Q3,-3401,,,,
ABS:ERP_COMP_Q(1.0.0),6,1,Q,1996-Q4,-3241,,,,
ABS:ERP_COMP_Q(1.0.0),6,1,Q,1997-Q1,-2519,,,,
ABS:ERP_COMP_Q(1.0.0),6,1,Q,1997-Q2,-1500,,,,
ABS:ERP_COMP_Q(1.0.0),6,1,Q,1997-Q3,-3144,,,,
ABS:ERP_COMP_Q(1.0.0),6,1,Q,1997-Q4,-3555,,,,
ABS:ERP_COMP_Q(1.0.0),6,1,Q,1998-Q1,-2425,,,,
ABS:ERP_COMP_Q(1.0.0),6,1,Q,1998-Q2,-3125,,,,
ABS:ERP_COMP_Q(1.0.0),6,1,Q,1998-Q3,-2663,,,,
ABS:ERP_COMP_Q(1.0.0),6,1,Q,1998-Q4,-3750,,,,
ABS:ERP_COMP_Q(1.0.0),6,1,Q,1999-Q1,-2909,,,,
ABS:ERP_COMP_Q(1.0.0),6,1,Q,1999-Q2,-3728,,,,
ABS:ERP_COMP_Q(1.0.0),6,1,Q,1999-Q3,-2970,,,,
ABS:ERP_COMP_Q(1.0.0),6,1,Q,1999-Q4,-4295,,,,
ABS:ERP_COMP_Q(1.0.0),6,1,Q,2000-Q1,-3580,,,,
ABS:ERP_COMP_Q(1.0.0),6,1,Q,2000-Q2,-3429,,,,
ABS:ERP_COMP_Q(1.0.0),6,1,Q,2000-Q3,-3427,,,,
ABS:ERP_COMP_Q(1.0.0),6,1,Q,2000-Q4,-4272,,,,
ABS:ERP_COMP_Q(1.0.0),6,1,Q,2001-Q1,-4182,,,,
ABS:ERP_COMP_Q(1.0.0),6,1,Q,2001-Q2,-4434,,,,
ABS:ERP_COMP_Q(1.0.0),6,1,Q,2001-Q3,-4092,,,,
ABS:ERP_COMP_Q(1.0.0),6,1,Q,2001-Q4,-6814,,,,
ABS:ERP_COMP_Q(1.0.0),6,1,Q,2002-Q1,-6631,,,,
ABS:ERP_COMP_Q(1.0.0),6,1,Q,2002-Q2,-7565,,,,
ABS:ERP_COMP_Q(1.0.0),6,1,Q,2002-Q3,-7317,,,,
ABS:ERP_COMP_Q(1.0.0),6,1,Q,2002-Q4,-9561,,,,
ABS:ERP_COMP_Q(1.0.0),6,1,Q,2003-Q1,-7417,,,,
ABS:ERP_COMP_Q(1.0.0),6,1,Q,2003-Q2,-8172,,,,
ABS:ERP_COMP_Q(1.0.0),6,1,Q,2003-Q3,-7741,,,,
ABS:ERP_COMP_Q(1.0.0),6,1,Q,2003-Q4,-8616,,,,
ABS:ERP_COMP_Q(1.0.0),6,1,Q,2004-Q1,-7239,,,,
ABS:ERP_COMP_Q(1.0.0),6,1,Q,2004-Q2,-7502,,,,
ABS:ERP_COMP_Q(1.0.0),6,1,Q,2004-Q3,-6116,,,,
ABS:ERP_COMP_Q(1.0.0),6,1,Q,2004-Q4,-7071,,,,
ABS:ERP_COMP_Q(1.0.0),6,1,Q,2005-Q1,-6828,,,,
ABS:ERP_COMP_Q(1.0.0),6,1,Q,2005-Q2,-6306,,,,
ABS:ERP_COMP_Q(1.0.0),6,1,Q,2005-Q3,-5563,,,,
ABS:ERP_COMP_Q(1.0.0),6,1,Q,2005-Q4,-7787,,,,
ABS:ERP_COMP_Q(1.0.0),6,1,Q,2006-Q1,-6188,,,,
ABS:ERP_COMP_Q(1.0.0),6,1,Q,2006-Q2,-6038,,,,
ABS:ERP_COMP_Q(1.0.0),6,1,Q,2006-Q3,-5523,,,,
ABS:ERP_COMP_Q(1.0.0),6,1,Q,2006-Q4,-7796,,,,
ABS:ERP_COMP_Q(1.0.0),6,1,Q,2007-Q1,-6051,,,,
ABS:ERP_COMP_Q(1.0.0),6,1,Q,2007-Q2,-6901,,,,
ABS:ERP_COMP_Q(1.0.0),6,1,Q,2007-Q3,-4892,,,,
ABS:ERP_COMP_Q(1.0.0),6,1,Q,2007-Q4,-5070,,,,
ABS:ERP_COMP_Q(1.0.0),6,1,Q,2008-Q1,-5330,,,,
ABS:ERP_COMP_Q(1.0.0),6,1,Q,2008-Q2,-5488,,,,
ABS:ERP_COMP_Q(1.0.0),6,1,Q,2008-Q3,-5323,,,,
ABS:ERP_COMP_Q(1.0.0),6,1,Q,2008-Q4,-5386,,,,
ABS:ERP_COMP_Q(1.0.0),6,1,Q,2009-Q1,-4537,,,,
ABS:ERP_COMP_Q(1.0.0),6,1,Q,2009-Q2,-3421,,,,
ABS:ERP_COMP_Q(1.0.0),6,1,Q,2009-Q3,-2197,,,,
ABS:ERP_COMP_Q(1.0.0),6,1,Q,2009-Q4,-2536,,,,
ABS:ERP_COMP_Q(1.0.0),6,1,Q,2010-Q1,-2065,,,,
ABS:ERP_COMP_Q(1.0.0),6,1,Q,2010-Q2,-2660,,,,
ABS:ERP_COMP_Q(1.0.0),6,1,Q,2010-Q3,-2293,,,,
ABS:ERP_COMP_Q(1.0.0),6,1,Q,2010-Q4,-3831,,,,
ABS:ERP_COMP_Q(1.0.0),6,1,Q,2011-Q1,-3360,,,,
ABS:ERP_COMP_Q(1.0.0),6,1,Q,2011-Q2,-4012,,,,
ABS:ERP_COMP_Q(1.0.0),6,1,Q,2011-Q3,-3698,,,,
ABS:ERP_COMP_Q(1.0.0),6,1,Q,2011-Q4,-4999,,,,
ABS:ERP_COMP_Q(1.0.0),6,1,Q,2012-Q1,-4948,,,,
ABS:ERP_COMP_Q(1.0.0),6,1,Q,2012-Q2,-4470,,,,
ABS:ERP_COMP_Q(1.0.0),6,1,Q,2012-Q3,-3786,,,,
ABS:ERP_COMP_Q(1.0.0),6,1,Q,2012-Q4,-3718,,,,
ABS:ERP_COMP_Q(1.0.0),6,1,Q,2013-Q1,-3725,,,,
ABS:ERP_COMP_Q(1.0.0),6,1,Q,2013-Q2,-3416,,,,
ABS:ERP_COMP_Q(1.0.0),6,1,Q,2013-Q3,-1713,,,,
ABS:ERP_COMP_Q(1.0.0),6,1,Q,2013-Q4,-2466,,,,
ABS:ERP_COMP_Q(1.0.0),6,1,Q,2014-Q1,-957,,,,
ABS:ERP_COMP_Q(1.0.0),6,1,Q,2014-Q2,-1615,,,,
ABS:ERP_COMP_Q(1.0.0),6,1,Q,2014-Q3,-1184,,,,
ABS:ERP_COMP_Q(1.0.0),6,1,Q,2014-Q4,-1826,,,,
ABS:ERP_COMP_Q(1.0.0),6,1,Q,2015-Q1,-1662,,,,
ABS:ERP_COMP_Q(1.0.0),6,1,Q,2015-Q2,-2104,,,,
ABS:ERP_COMP_Q(1.0.0),6,1,Q,2015-Q3,-2006,,,,
ABS:ERP_COMP_Q(1.0.0),6,1,Q,2015-Q4,-3131,,,,
ABS:ERP_COMP_Q(1.0.0),6,1,Q,2016-Q1,-3262,,,,
ABS:ERP_COMP_Q(1.0.0),6,1,Q,2016-Q2,-3140,,,,
ABS:ERP_COMP_Q(1.0.0),6,1,Q,2016-Q3,-2454,,,,
ABS:ERP_COMP_Q(1.0.0),6,1,Q,2016-Q4,-4462,,,,
ABS:ERP_COMP_Q(1.0.0),6,1,Q,2017-Q1,-4608,,,,
ABS:ERP_COMP_Q(1.0.0),6,1,Q,2017-Q2,-4440,,,,
ABS:ERP_COMP_Q(1.0.0),6,1,Q,2017-Q3,-4092,,,,
ABS:ERP_COMP_Q(1.0.0),6,1,Q,2017-Q4,-6843,,,,
ABS:ERP_COMP_Q(1.0.0),6,1,Q,2018-Q1,-5942,,,,
ABS:ERP_COMP_Q(1.0.0),6,1,Q,2018-Q2,-5622,,,,
ABS:ERP_COMP_Q(1.0.0),6,1,Q,2018-Q3,-4749,,,,
ABS:ERP_COMP_Q(1.0.0),6,1,Q,2018-Q4,-7098,,,,
ABS:ERP_COMP_Q(1.0.0),6,1,Q,2019-Q1,-6209,,,,
ABS:ERP_COMP_Q(1.0.0),6,1,Q,2019-Q2,-5774,,,,
ABS:ERP_COMP_Q(1.0.0),6,1,Q,2019-Q3,-5164,,,,
ABS:ERP_COMP_Q(1.0.0),6,1,Q,2019-Q4,-7466,,,,
ABS:ERP_COMP_Q(1.0.0),6,1,Q,2020-Q1,-5647,,,,
ABS:ERP_COMP_Q(1.0.0),6,1,Q,2020-Q2,-4173,,,,
ABS:ERP_COMP_Q(1.0.0),6,1,Q,2020-Q3,-7338,,,,
ABS:ERP_COMP_Q(1.0.0),6,1,Q,2020-Q4,-9883,,,,
ABS:ERP_COMP_Q(1.0.0),6,1,Q,2021-Q1,-9445,,,,
ABS:ERP_COMP_Q(1.0.0),6,1,Q,2021-Q2,-7342,,,,
ABS:ERP_COMP_Q(1.0.0),6,1,Q,2021-Q3,-4685,,,,
ABS:ERP_COMP_Q(1.0.0),6,1,Q,2021-Q4,-6393,,,,
ABS:ERP_COMP_Q(1.0.0),6,1,Q,2022-Q1,-9792,,,,
ABS:ERP_COMP_Q(1.0.0),6,1,Q,2022-Q2,-4679,,,,
ABS:ERP_COMP_Q(1.0.0),6,1,Q,2022-Q3,-8167,,,,
ABS:ERP_COMP_Q(1.0.0),6,1,Q,2022-Q4,-10665,,,,
ABS:ERP_COMP_Q(1.0.0),6,1,Q,2023-Q1,-8151,,,,
ABS:ERP_COMP_Q(1.0.0),6,1,Q,2023-Q2,-8316,,,,
ABS:ERP_COMP_Q(1.0.0),6,1,Q,2023-Q3,-6744,,,,
ABS:ERP_COMP_Q(1.0.0),6,1,Q,2023-Q4,-8427,,,,
ABS:ERP_COMP_Q(1.0.0),6,1,Q,2024-Q1,-7063,,,,
ABS:ERP_COMP_Q(1.0.0),6,1,Q,2024-Q2,-7511,,,,
ABS:ERP_COMP_Q(1.0.0),6,1,Q,2024-Q3,-5665,,,,
ABS:ERP_COMP_Q(1.0.0),6,1,Q,2024-Q4,-8129,,,,
ABS:ERP_COMP_Q(1.0.0),6,1,Q,2025-Q1,-5617,,,,
ABS:ERP_COMP_Q(1.0.0),6,1,Q,2025-Q2,-5375,,,,
ABS:ERP_COMP_Q(1.0.0),6,1,Q,2025-Q3,-4631,,,,
ABS:ERP_COMP_Q(1.0.0),6,1,Q,2025-Q4,-5842,,,,
ABS:ERP_COMP_Q(1.0.0),9,3,Q,1981-Q2,4.6,,,,
ABS:ERP_COMP_Q(1.0.0),9,3,Q,1981-Q3,4.5,,,,
ABS:ERP_COMP_Q(1.0.0),9,3,Q,1981-Q4,4.5,,,,
ABS:ERP_COMP_Q(1.0.0),9,3,Q,1982-Q1,4,,,,
ABS:ERP_COMP_Q(1.0.0),9,3,Q,1982-Q2,4.5,,,,
ABS:ERP_COMP_Q(1.0.0),9,3,Q,1982-Q3,4.2,,,,
ABS:ERP_COMP_Q(1.0.0),9,3,Q,1982-Q4,1.4,,,,
ABS:ERP_COMP_Q(1.0.0),9,3,Q,1983-Q1,1.9,,,,
ABS:ERP_COMP_Q(1.0.0),9,3,Q,1983-Q2,1.1,,,,
ABS:ERP_COMP_Q(1.0.0),9,3,Q,1983-Q3,1.2,,,,
ABS:ERP_COMP_Q(1.0.0),9,3,Q,1983-Q4,0.4,,,,
ABS:ERP_COMP_Q(1.0.0),9,3,Q,1984-Q1,0.4,,,,
ABS:ERP_COMP_Q(1.0.0),9,3,Q,1984-Q2,1.3,,,,
ABS:ERP_COMP_Q(1.0.0),9,3,Q,1984-Q3,2.2,,,,
ABS:ERP_COMP_Q(1.0.0),9,3,Q,1984-Q4,1.2,,,,
ABS:ERP_COMP_Q(1.0.0),9,3,Q,1985-Q1,2.1,,,,
ABS:ERP_COMP_Q(1.0.0),9,3,Q,1985-Q2,2.1,,,,
ABS:ERP_COMP_Q(1.0.0),9,3,Q,1985-Q3,2.6,,,,
ABS:ERP_COMP_Q(1.0.0),9,3,Q,1985-Q4,2.9,,,,
ABS:ERP_COMP_Q(1.0.0),9,3,Q,1986-Q1,2.7,,,,
ABS:ERP_COMP_Q(1.0.0),9,3,Q,1986-Q2,3.1,,,,
ABS:ERP_COMP_Q(1.0.0),9,3,Q,1986-Q3,3.4,,,,
ABS:ERP_COMP_Q(1.0.0),9,3,Q,1986-Q4,3.3,,,,
ABS:ERP_COMP_Q(1.0.0),9,3,Q,1987-Q1,3.1,,,,
ABS:ERP_COMP_Q(1.0.0),9,3,Q,1987-Q2,3.4,,,,
ABS:ERP_COMP_Q(1.0.0),9,3,Q,1987-Q3,4.4,,,,
ABS:ERP_COMP_Q(1.0.0),9,3,Q,1987-Q4,4.5,,,,
ABS:ERP_COMP_Q(1.0.0),9,3,Q,1988-Q1,6.6,,,,
ABS:ERP_COMP_Q(1.0.0),9,3,Q,1988-Q2,5,,,,
ABS:ERP_COMP_Q(1.0.0),9,3,Q,1988-Q3,7.5,,,,
ABS:ERP_COMP_Q(1.0.0),9,3,Q,1988-Q4,5.9,,,,
ABS:ERP_COMP_Q(1.0.0),9,3,Q,1989-Q1,5.6,,,,
ABS:ERP_COMP_Q(1.0.0),9,3,Q,1989-Q2,2.8,,,,
ABS:ERP_COMP_Q(1.0.0),9,3,Q,1989-Q3,4,,,,
ABS:ERP_COMP_Q(1.0.0),9,3,Q,1989-Q4,3.4,,,,
ABS:ERP_COMP_Q(1.0.0),9,3,Q,1990-Q1,3,,,,
ABS:ERP_COMP_Q(1.0.0),9,3,Q,1990-Q2,2.6,,,,
ABS:ERP_COMP_Q(1.0.0),9,3,Q,1990-Q3,2.6,,,,
ABS:ERP_COMP_Q(1.0.0),9,3,Q,1990-Q4,1,,,,
ABS:ERP_COMP_Q(1.0.0),9,3,Q,1991-Q1,4.1,,,,
ABS:ERP_COMP_Q(1.0.0),9,3,Q,1991-Q2,2.1,,,,
ABS:ERP_COMP_Q(1.0.0),9,3,Q,1991-Q3,3.2,,,,
ABS:ERP_COMP_Q(1.0.0),9,3,Q,1991-Q4,0.8,,,,
ABS:ERP_COMP_Q(1.0.0),9,3,Q,1992-Q1,3.3,,,,
ABS:ERP_COMP_Q(1.0.0),9,3,Q,1992-Q2,0.9,,,,
ABS:ERP_COMP_Q(1.0.0),9,3,Q,1992-Q3,2.2,,,,
ABS:ERP_COMP_Q(1.0.0),9,3,Q,1992-Q4,-0.1,,,,
ABS:ERP_COMP_Q(1.0.0),9,3,Q,1993-Q1,2.5,,,,
ABS:ERP_COMP_Q(1.0.0),9,3,Q,1993-Q2,-0.8,,,,
ABS:ERP_COMP_Q(1.0.0),9,3,Q,1993-Q3,2.4,,,,
ABS:ERP_COMP_Q(1.0.0),9,3,Q,1993-Q4,0.1,,,,
ABS:ERP_COMP_Q(1.0.0),9,3,Q,1994-Q1,2.3,,,,
ABS:ERP_COMP_Q(1.0.0),9,3,Q,1994-Q2,0.5,,,,
ABS:ERP_COMP_Q(1.0.0),9,3,Q,1994-Q3,4.1,,,,
ABS:ERP_COMP_Q(1.0.0),9,3,Q,1994-Q4,-0.2,,,,
ABS:ERP_COMP_Q(1.0.0),9,3,Q,1995-Q1,3,,,,
ABS:ERP_COMP_Q(1.0.0),9,3,Q,1995-Q2,3.6,,,,
ABS:ERP_COMP_Q(1.0.0),9,3,Q,1995-Q3,4.1,,,,
ABS:ERP_COMP_Q(1.0.0),9,3,Q,1995-Q4,3,,,,
ABS:ERP_COMP_Q(1.0.0),9,3,Q,1996-Q1,2.9,,,,
ABS:ERP_COMP_Q(1.0.0),9,3,Q,1996-Q2,3,,,,
ABS:ERP_COMP_Q(1.0.0),9,3,Q,1996-Q3,4.8,,,,
ABS:ERP_COMP_Q(1.0.0),9,3,Q,1996-Q4,1.9,,,,
ABS:ERP_COMP_Q(1.0.0),9,3,Q,1997-Q1,4.5,,,,
ABS:ERP_COMP_Q(1.0.0),9,3,Q,1997-Q2,1.4,,,,
ABS:ERP_COMP_Q(1.0.0),9,3,Q,1997-Q3,4.1,,,,
ABS:ERP_COMP_Q(1.0.0),9,3,Q,1997-Q4,1.8,,,,
ABS:ERP_COMP_Q(1.0.0),9,3,Q,1998-Q1,4.9,,,,
ABS:ERP_COMP_Q(1.0.0),9,3,Q,1998-Q2,1.6,,,,
ABS:ERP_COMP_Q(1.0.0),9,3,Q,1998-Q3,3.5,,,,
ABS:ERP_COMP_Q(1.0.0),9,3,Q,1998-Q4,2.5,,,,
ABS:ERP_COMP_Q(1.0.0),9,3,Q,1999-Q1,5.5,,,,
ABS:ERP_COMP_Q(1.0.0),9,3,Q,1999-Q2,2.2,,,,
ABS:ERP_COMP_Q(1.0.0),9,3,Q,1999-Q3,3.9,,,,
ABS:ERP_COMP_Q(1.0.0),9,3,Q,1999-Q4,5.5,,,,
ABS:ERP_COMP_Q(1.0.0),9,3,Q,2000-Q1,5.3,,,,
ABS:ERP_COMP_Q(1.0.0),9,3,Q,2000-Q2,2.9,,,,
ABS:ERP_COMP_Q(1.0.0),9,3,Q,2000-Q3,4.4,,,,
ABS:ERP_COMP_Q(1.0.0),9,3,Q,2000-Q4,3.4,,,,
ABS:ERP_COMP_Q(1.0.0),9,3,Q,2001-Q1,8.9,,,,
ABS:ERP_COMP_Q(1.0.0),9,3,Q,2001-Q2,4.3,,,,
ABS:ERP_COMP_Q(1.0.0),9,3,Q,2001-Q3,7.8,,,,
ABS:ERP_COMP_Q(1.0.0),9,3,Q,2001-Q4,6.5,,,,
ABS:ERP_COMP_Q(1.0.0),9,3,Q,2002-Q1,7,,,,
ABS:ERP_COMP_Q(1.0.0),9,3,Q,2002-Q2,5.2,,,,
ABS:ERP_COMP_Q(1.0.0),9,3,Q,2002-Q3,8.8,,,,
ABS:ERP_COMP_Q(1.0.0),9,3,Q,2002-Q4,7,,,,
ABS:ERP_COMP_Q(1.0.0),9,3,Q,2003-Q1,7.7,,,,
ABS:ERP_COMP_Q(1.0.0),9,3,Q,2003-Q2,3.7,,,,
ABS:ERP_COMP_Q(1.0.0),9,3,Q,2003-Q3,7,,,,
ABS:ERP_COMP_Q(1.0.0),9,3,Q,2003-Q4,6.7,,,,
ABS:ERP_COMP_Q(1.0.0),9,3,Q,2004-Q1,7.8,,,,
ABS:ERP_COMP_Q(1.0.0),9,3,Q,2004-Q2,3.9,,,,
ABS:ERP_COMP_Q(1.0.0),9,3,Q,2004-Q3,6.2,,,,
ABS:ERP_COMP_Q(1.0.0),9,3,Q,2004-Q4,7.9,,,,
ABS:ERP_COMP_Q(1.0.0),9,3,Q,2005-Q1,9.3,,,,
ABS:ERP_COMP_Q(1.0.0),9,3,Q,2005-Q2,6.2,,,,
ABS:ERP_COMP_Q(1.0.0),9,3,Q,2005-Q3,8.4,,,,
ABS:ERP_COMP_Q(1.0.0),9,3,Q,2005-Q4,8.3,,,,
ABS:ERP_COMP_Q(1.0.0),9,3,Q,2006-Q1,10.1,,,,
ABS:ERP_COMP_Q(1.0.0),9,3,Q,2006-Q2,6.2,,,,
ABS:ERP_COMP_Q(1.0.0),9,3,Q,2006-Q3,10.8,,,,
ABS:ERP_COMP_Q(1.0.0),9,3,Q,2006-Q4,9.2,,,,
ABS:ERP_COMP_Q(1.0.0),9,3,Q,2007-Q1,14,,,,
ABS:ERP_COMP_Q(1.0.0),9,3,Q,2007-Q2,12.1,,,,
ABS:ERP_COMP_Q(1.0.0),9,3,Q,2007-Q3,10.8,,,,
ABS:ERP_COMP_Q(1.0.0),9,3,Q,2007-Q4,10.8,,,,
ABS:ERP_COMP_Q(1.0.0),9,3,Q,2008-Q1,18,,,,
ABS:ERP_COMP_Q(1.0.0),9,3,Q,2008-Q2,14.4,,,,
ABS:ERP_COMP_Q(1.0.0),9,3,Q,2008-Q3,15.9,,,,
ABS:ERP_COMP_Q(1.0.0),9,3,Q,2008-Q4,14.6,,,,
ABS:ERP_COMP_Q(1.0.0),9,3,Q,2009-Q1,17.6,,,,
ABS:ERP_COMP_Q(1.0.0),9,3,Q,2009-Q2,11.2,,,,
ABS:ERP_COMP_Q(1.0.0),9,3,Q,2009-Q3,11.2,,,,
ABS:ERP_COMP_Q(1.0.0),9,3,Q,2009-Q4,7.3,,,,
ABS:ERP_COMP_Q(1.0.0),9,3,Q,2010-Q1,10.6,,,,
ABS:ERP_COMP_Q(1.0.0),9,3,Q,2010-Q2,6.7,,,,
ABS:ERP_COMP_Q(1.0.0),9,3,Q,2010-Q3,7.5,,,,
ABS:ERP_COMP_Q(1.0.0),9,3,Q,2010-Q4,6.8,,,,
ABS:ERP_COMP_Q(1.0.0),9,3,Q,2011-Q1,11.4,,,,
ABS:ERP_COMP_Q(1.0.0),9,3,Q,2011-Q2,8.9,,,,
ABS:ERP_COMP_Q(1.0.0),9,3,Q,2011-Q3,11.2,,,,
ABS:ERP_COMP_Q(1.0.0),9,3,Q,2011-Q4,9.4,,,,
ABS:ERP_COMP_Q(1.0.0),9,3,Q,2012-Q1,14.2,,,,
ABS:ERP_COMP_Q(1.0.0),9,3,Q,2012-Q2,11.8,,,,
ABS:ERP_COMP_Q(1.0.0),9,3,Q,2012-Q3,12.8,,,,
ABS:ERP_COMP_Q(1.0.0),9,3,Q,2012-Q4,8.5,,,,
ABS:ERP_COMP_Q(1.0.0),9,3,Q,2013-Q1,12.3,,,,
ABS:ERP_COMP_Q(1.0.0),9,3,Q,2013-Q2,8.3,,,,
ABS:ERP_COMP_Q(1.0.0),9,3,Q,2013-Q3,8.3,,,,
ABS:ERP_COMP_Q(1.0.0),9,3,Q,2013-Q4,4.7,,,,
ABS:ERP_COMP_Q(1.0.0),9,3,Q,2014-Q1,9.8,,,,
ABS:ERP_COMP_Q(1.0.0),9,3,Q,2014-Q2,4.5,,,,
ABS:ERP_COMP_Q(1.0.0),9,3,Q,2014-Q3,5.7,,,,
ABS:ERP_COMP_Q(1.0.0),9,3,Q,2014-Q4,3,,,,
ABS:ERP_COMP_Q(1.0.0),9,3,Q,2015-Q1,8,,,,
ABS:ERP_COMP_Q(1.0.0),9,3,Q,2015-Q2,3.7,,,,
ABS:ERP_COMP_Q(1.0.0),9,3,Q,2015-Q3,4.6,,,,
ABS:ERP_COMP_Q(1.0.0),9,3,Q,2015-Q4,3.2,,,,
ABS:ERP_COMP_Q(1.0.0),9,3,Q,2016-Q1,9.9,,,,
ABS:ERP_COMP_Q(1.0.0),9,3,Q,2016-Q2,7.3,,,,
ABS:ERP_COMP_Q(1.0.0),9,3,Q,2016-Q3,9.4,,,,
ABS:ERP_COMP_Q(1.0.0),9,3,Q,2016-Q4,5.9,,,,
ABS:ERP_COMP_Q(1.0.0),9,3,Q,2017-Q1,11.4,,,,
ABS:ERP_COMP_Q(1.0.0),9,3,Q,2017-Q2,7.4,,,,
ABS:ERP_COMP_Q(1.0.0),9,3,Q,2017-Q3,7,,,,
ABS:ERP_COMP_Q(1.0.0),9,3,Q,2017-Q4,1.8,,,,
ABS:ERP_COMP_Q(1.0.0),9,3,Q,2018-Q1,11.3,,,,
ABS:ERP_COMP_Q(1.0.0),9,3,Q,2018-Q2,7.5,,,,
ABS:ERP_COMP_Q(1.0.0),9,3,Q,2018-Q3,9.6,,,,
ABS:ERP_COMP_Q(1.0.0),9,3,Q,2018-Q4,5.3,,,,
ABS:ERP_COMP_Q(1.0.0),9,3,Q,2019-Q1,11.3,,,,
ABS:ERP_COMP_Q(1.0.0),9,3,Q,2019-Q2,5.6,,,,
ABS:ERP_COMP_Q(1.0.0),9,3,Q,2019-Q3,10.4,,,,
ABS:ERP_COMP_Q(1.0.0),9,3,Q,2019-Q4,6.6,,,,
ABS:ERP_COMP_Q(1.0.0),9,3,Q,2020-Q1,12.5,,,,
ABS:ERP_COMP_Q(1.0.0),9,3,Q,2020-Q2,-1.5,,,,
ABS:ERP_COMP_Q(1.0.0),9,3,Q,2020-Q3,-6.8,,,,
ABS:ERP_COMP_Q(1.0.0),9,3,Q,2020-Q4,-5.2,,,,
ABS:ERP_COMP_Q(1.0.0),9,3,Q,2021-Q1,-1.7,,,,
ABS:ERP_COMP_Q(1.0.0),9,3,Q,2021-Q2,0.8,,,,
ABS:ERP_COMP_Q(1.0.0),9,3,Q,2021-Q3,-1.2,,,,
ABS:ERP_COMP_Q(1.0.0),9,3,Q,2021-Q4,1.8,,,,
ABS:ERP_COMP_Q(1.0.0),9,3,Q,2022-Q1,16.1,,,,
ABS:ERP_COMP_Q(1.0.0),9,3,Q,2022-Q2,13.8,,,,
ABS:ERP_COMP_Q(1.0.0),9,3,Q,2022-Q3,19.6,,,,
ABS:ERP_COMP_Q(1.0.0),9,3,Q,2022-Q4,19.1,,,,
ABS:ERP_COMP_Q(1.0.0),9,3,Q,2023-Q1,26.5,,,,
ABS:ERP_COMP_Q(1.0.0),9,3,Q,2023-Q2,21.4,,,,
ABS:ERP_COMP_Q(1.0.0),9,3,Q,2023-Q3,23.1,,,,
ABS:ERP_COMP_Q(1.0.0),9,3,Q,2023-Q4,16.4,,,,
ABS:ERP_COMP_Q(1.0.0),9,3,Q,2024-Q1,21,,,,
ABS:ERP_COMP_Q(1.0.0),9,3,Q,2024-Q2,11.3,,,,
ABS:ERP_COMP_Q(1.0.0),9,3,Q,2024-Q3,13.4,,,,
ABS:ERP_COMP_Q(1.0.0),9,3,Q,2024-Q4,12.2,,,,
ABS:ERP_COMP_Q(1.0.0),9,3,Q,2025-Q1,18.6,,,,
ABS:ERP_COMP_Q(1.0.0),9,3,Q,2025-Q2,11.3,,,,
ABS:ERP_COMP_Q(1.0.0),9,3,Q,2025-Q3,14.6,,,,
ABS:ERP_COMP_Q(1.0.0),9,3,Q,2025-Q4,10.1,,,,
ABS:ERP_COMP_Q(1.0.0),13,4,Q,1981-Q2,,,,,
ABS:ERP_COMP_Q(1.0.0),13,4,Q,1981-Q3,2.5,,,,
ABS:ERP_COMP_Q(1.0.0),13,4,Q,1981-Q4,3.9,,,,
ABS:ERP_COMP_Q(1.0.0),13,4,Q,1982-Q1,3.5,,,,
ABS:ERP_COMP_Q(1.0.0),13,4,Q,1982-Q2,2.4,,,,
ABS:ERP_COMP_Q(1.0.0),13,4,Q,1982-Q3,3,,,,
ABS:ERP_COMP_Q(1.0.0),13,4,Q,1982-Q4,3.7,,,,
ABS:ERP_COMP_Q(1.0.0),13,4,Q,1983-Q1,4.4,,,,
ABS:ERP_COMP_Q(1.0.0),13,4,Q,1983-Q2,3.6,,,,
ABS:ERP_COMP_Q(1.0.0),13,4,Q,1983-Q3,3.8,,,,
ABS:ERP_COMP_Q(1.0.0),13,4,Q,1983-Q4,3.7,,,,
ABS:ERP_COMP_Q(1.0.0),13,4,Q,1984-Q1,3.3,,,,
ABS:ERP_COMP_Q(1.0.0),13,4,Q,1984-Q2,3.5,,,,
ABS:ERP_COMP_Q(1.0.0),13,4,Q,1984-Q3,2.6,,,,
ABS:ERP_COMP_Q(1.0.0),13,4,Q,1984-Q4,2.7,,,,
ABS:ERP_COMP_Q(1.0.0),13,4,Q,1985-Q1,3.4,,,,
ABS:ERP_COMP_Q(1.0.0),13,4,Q,1985-Q2,2.5,,,,
ABS:ERP_COMP_Q(1.0.0),13,4,Q,1985-Q3,2.1,,,,
ABS:ERP_COMP_Q(1.0.0),13,4,Q,1985-Q4,3.5,,,,
ABS:ERP_COMP_Q(1.0.0),13,4,Q,1986-Q1,3.5,,,,
ABS:ERP_COMP_Q(1.0.0),13,4,Q,1986-Q2,2.2,,,,
ABS:ERP_COMP_Q(1.0.0),13,4,Q,1986-Q3,2.3,,,,
ABS:ERP_COMP_Q(1.0.0),13,4,Q,1986-Q4,2.7,,,,
ABS:ERP_COMP_Q(1.0.0),13,4,Q,1987-Q1,2.9,,,,
ABS:ERP_COMP_Q(1.0.0),13,4,Q,1987-Q2,2.3,,,,
ABS:ERP_COMP_Q(1.0.0),13,4,Q,1987-Q3,3.2,,,,
ABS:ERP_COMP_Q(1.0.0),13,4,Q,1987-Q4,3,,,,
ABS:ERP_COMP_Q(1.0.0),13,4,Q,1988-Q1,3.4,,,,
ABS:ERP_COMP_Q(1.0.0),13,4,Q,1988-Q2,2.6,,,,
ABS:ERP_COMP_Q(1.0.0),13,4,Q,1988-Q3,3.8,,,,
ABS:ERP_COMP_Q(1.0.0),13,4,Q,1988-Q4,3.6,,,,
ABS:ERP_COMP_Q(1.0.0),13,4,Q,1989-Q1,4.6,,,,
ABS:ERP_COMP_Q(1.0.0),13,4,Q,1989-Q2,2.1,,,,
ABS:ERP_COMP_Q(1.0.0),13,4,Q,1989-Q3,2.6,,,,
ABS:ERP_COMP_Q(1.0.0),13,4,Q,1989-Q4,3.8,,,,
ABS:ERP_COMP_Q(1.0.0),13,4,Q,1990-Q1,4.1,,,,
ABS:ERP_COMP_Q(1.0.0),13,4,Q,1990-Q2,2.5,,,,
ABS:ERP_COMP_Q(1.0.0),13,4,Q,1990-Q3,3.4,,,,
ABS:ERP_COMP_Q(1.0.0),13,4,Q,1990-Q4,3.4,,,,
ABS:ERP_COMP_Q(1.0.0),13,4,Q,1991-Q1,4.5,,,,
ABS:ERP_COMP_Q(1.0.0),13,4,Q,1991-Q2,2.9,,,,
ABS:ERP_COMP_Q(1.0.0),13,4,Q,1991-Q3,2.7,,,,
ABS:ERP_COMP_Q(1.0.0),13,4,Q,1991-Q4,1.8,,,,
ABS:ERP_COMP_Q(1.0.0),13,4,Q,1992-Q1,3.3,,,,
ABS:ERP_COMP_Q(1.0.0),13,4,Q,1992-Q2,1.3,,,,
ABS:ERP_COMP_Q(1.0.0),13,4,Q,1992-Q3,0.7,,,,
ABS:ERP_COMP_Q(1.0.0),13,4,Q,1992-Q4,1.1,,,,
ABS:ERP_COMP_Q(1.0.0),13,4,Q,1993-Q1,0.7,,,,
ABS:ERP_COMP_Q(1.0.0),13,4,Q,1993-Q2,0.7,,,,
ABS:ERP_COMP_Q(1.0.0),13,4,Q,1993-Q3,1.7,,,,
ABS:ERP_COMP_Q(1.0.0),13,4,Q,1993-Q4,0.8,,,,
ABS:ERP_COMP_Q(1.0.0),13,4,Q,1994-Q1,1.5,,,,
ABS:ERP_COMP_Q(1.0.0),13,4,Q,1994-Q2,0.5,,,,
ABS:ERP_COMP_Q(1.0.0),13,4,Q,1994-Q3,0.6,,,,
ABS:ERP_COMP_Q(1.0.0),13,4,Q,1994-Q4,0.3,,,,
ABS:ERP_COMP_Q(1.0.0),13,4,Q,1995-Q1,0.8,,,,
ABS:ERP_COMP_Q(1.0.0),13,4,Q,1995-Q2,0.6,,,,
ABS:ERP_COMP_Q(1.0.0),13,4,Q,1995-Q3,0.4,,,,
ABS:ERP_COMP_Q(1.0.0),13,4,Q,1995-Q4,0.8,,,,
ABS:ERP_COMP_Q(1.0.0),13,4,Q,1996-Q1,1.3,,,,
ABS:ERP_COMP_Q(1.0.0),13,4,Q,1996-Q2,1.1,,,,
ABS:ERP_COMP_Q(1.0.0),13,4,Q,1996-Q3,1.3,,,,
ABS:ERP_COMP_Q(1.0.0),13,4,Q,1996-Q4,1.7,,,,
ABS:ERP_COMP_Q(1.0.0),13,4,Q,1997-Q1,2.4,,,,
ABS:ERP_COMP_Q(1.0.0),13,4,Q,1997-Q2,1.2,,,,
ABS:ERP_COMP_Q(1.0.0),13,4,Q,1997-Q3,1.7,,,,
ABS:ERP_COMP_Q(1.0.0),13,4,Q,1997-Q4,1.6,,,,
ABS:ERP_COMP_Q(1.0.0),13,4,Q,1998-Q1,3.1,,,,
ABS:ERP_COMP_Q(1.0.0),13,4,Q,1998-Q2,1.1,,,,
ABS:ERP_COMP_Q(1.0.0),13,4,Q,1998-Q3,1.3,,,,
ABS:ERP_COMP_Q(1.0.0),13,4,Q,1998-Q4,2.5,,,,
ABS:ERP_COMP_Q(1.0.0),13,4,Q,1999-Q1,2.7,,,,
ABS:ERP_COMP_Q(1.0.0),13,4,Q,1999-Q2,1.2,,,,
ABS:ERP_COMP_Q(1.0.0),13,4,Q,1999-Q3,2.1,,,,
ABS:ERP_COMP_Q(1.0.0),13,4,Q,1999-Q4,2.2,,,,
ABS:ERP_COMP_Q(1.0.0),13,4,Q,2000-Q1,1.6,,,,
ABS:ERP_COMP_Q(1.0.0),13,4,Q,2000-Q2,0.7,,,,
ABS:ERP_COMP_Q(1.0.0),13,4,Q,2000-Q3,1.4,,,,
ABS:ERP_COMP_Q(1.0.0),13,4,Q,2000-Q4,1.2,,,,
ABS:ERP_COMP_Q(1.0.0),13,4,Q,2001-Q1,2.2,,,,
ABS:ERP_COMP_Q(1.0.0),13,4,Q,2001-Q2,1.2,,,,
ABS:ERP_COMP_Q(1.0.0),13,4,Q,2001-Q3,1.5,,,,
ABS:ERP_COMP_Q(1.0.0),13,4,Q,2001-Q4,2.8,,,,
ABS:ERP_COMP_Q(1.0.0),13,4,Q,2002-Q1,2.2,,,,
ABS:ERP_COMP_Q(1.0.0),13,4,Q,2002-Q2,1.6,,,,
ABS:ERP_COMP_Q(1.0.0),13,4,Q,2002-Q3,2.1,,,,
ABS:ERP_COMP_Q(1.0.0),13,4,Q,2002-Q4,2.1,,,,
ABS:ERP_COMP_Q(1.0.0),13,4,Q,2003-Q1,2.8,,,,
ABS:ERP_COMP_Q(1.0.0),13,4,Q,2003-Q2,1.8,,,,
ABS:ERP_COMP_Q(1.0.0),13,4,Q,2003-Q3,1.8,,,,
ABS:ERP_COMP_Q(1.0.0),13,4,Q,2003-Q4,2.5,,,,
ABS:ERP_COMP_Q(1.0.0),13,4,Q,2004-Q1,2.3,,,,
ABS:ERP_COMP_Q(1.0.0),13,4,Q,2004-Q2,1.2,,,,
ABS:ERP_COMP_Q(1.0.0),13,4,Q,2004-Q3,2.3,,,,
ABS:ERP_COMP_Q(1.0.0),13,4,Q,2004-Q4,2,,,,
ABS:ERP_COMP_Q(1.0.0),13,4,Q,2005-Q1,4.2,,,,
ABS:ERP_COMP_Q(1.0.0),13,4,Q,2005-Q2,2,,,,
ABS:ERP_COMP_Q(1.0.0),13,4,Q,2005-Q3,3.2,,,,
ABS:ERP_COMP_Q(1.0.0),13,4,Q,2005-Q4,2.8,,,,
ABS:ERP_COMP_Q(1.0.0),13,4,Q,2006-Q1,5.3,,,,
ABS:ERP_COMP_Q(1.0.0),13,4,Q,2006-Q2,2.4,,,,
ABS:ERP_COMP_Q(1.0.0),13,4,Q,2006-Q3,4.8,,,,
ABS:ERP_COMP_Q(1.0.0),13,4,Q,2006-Q4,4,,,,
ABS:ERP_COMP_Q(1.0.0),13,4,Q,2007-Q1,5.9,,,,
ABS:ERP_COMP_Q(1.0.0),13,4,Q,2007-Q2,3.4,,,,
ABS:ERP_COMP_Q(1.0.0),13,4,Q,2007-Q3,3.9,,,,
ABS:ERP_COMP_Q(1.0.0),13,4,Q,2007-Q4,4,,,,
ABS:ERP_COMP_Q(1.0.0),13,4,Q,2008-Q1,5.9,,,,
ABS:ERP_COMP_Q(1.0.0),13,4,Q,2008-Q2,4.3,,,,
ABS:ERP_COMP_Q(1.0.0),13,4,Q,2008-Q3,5.1,,,,
ABS:ERP_COMP_Q(1.0.0),13,4,Q,2008-Q4,4.2,,,,
ABS:ERP_COMP_Q(1.0.0),13,4,Q,2009-Q1,6.3,,,,
ABS:ERP_COMP_Q(1.0.0),13,4,Q,2009-Q2,4.8,,,,
ABS:ERP_COMP_Q(1.0.0),13,4,Q,2009-Q3,5.7,,,,
ABS:ERP_COMP_Q(1.0.0),13,4,Q,2009-Q4,4,,,,
ABS:ERP_COMP_Q(1.0.0),13,4,Q,2010-Q1,5.5,,,,
ABS:ERP_COMP_Q(1.0.0),13,4,Q,2010-Q2,3.3,,,,
ABS:ERP_COMP_Q(1.0.0),13,4,Q,2010-Q3,2.9,,,,
ABS:ERP_COMP_Q(1.0.0),13,4,Q,2010-Q4,2.3,,,,
ABS:ERP_COMP_Q(1.0.0),13,4,Q,2011-Q1,4.3,,,,
ABS:ERP_COMP_Q(1.0.0),13,4,Q,2011-Q2,2.9,,,,
ABS:ERP_COMP_Q(1.0.0),13,4,Q,2011-Q3,3.8,,,,
ABS:ERP_COMP_Q(1.0.0),13,4,Q,2011-Q4,3.8,,,,
ABS:ERP_COMP_Q(1.0.0),13,4,Q,2012-Q1,5.5,,,,
ABS:ERP_COMP_Q(1.0.0),13,4,Q,2012-Q2,4,,,,
ABS:ERP_COMP_Q(1.0.0),13,4,Q,2012-Q3,3.5,,,,
ABS:ERP_COMP_Q(1.0.0),13,4,Q,2012-Q4,2.9,,,,
ABS:ERP_COMP_Q(1.0.0),13,4,Q,2013-Q1,5,,,,
ABS:ERP_COMP_Q(1.0.0),13,4,Q,2013-Q2,3.4,,,,
ABS:ERP_COMP_Q(1.0.0),13,4,Q,2013-Q3,3.8,,,,
ABS:ERP_COMP_Q(1.0.0),13,4,Q,2013-Q4,2.7,,,,
ABS:ERP_COMP_Q(1.0.0),13,4,Q,2014-Q1,5.5,,,,
ABS:ERP_COMP_Q(1.0.0),13,4,Q,2014-Q2,3.4,,,,
ABS:ERP_COMP_Q(1.0.0),13,4,Q,2014-Q3,3.2,,,,
ABS:ERP_COMP_Q(1.0.0),13,4,Q,2014-Q4,3,,,,
ABS:ERP_COMP_Q(1.0.0),13,4,Q,2015-Q1,5.3,,,,
ABS:ERP_COMP_Q(1.0.0),13,4,Q,2015-Q2,2.2,,,,
ABS:ERP_COMP_Q(1.0.0),13,4,Q,2015-Q3,3,,,,
ABS:ERP_COMP_Q(1.0.0),13,4,Q,2015-Q4,2.2,,,,
ABS:ERP_COMP_Q(1.0.0),13,4,Q,2016-Q1,4.4,,,,
ABS:ERP_COMP_Q(1.0.0),13,4,Q,2016-Q2,2.5,,,,
ABS:ERP_COMP_Q(1.0.0),13,4,Q,2016-Q3,4.4,,,,
ABS:ERP_COMP_Q(1.0.0),13,4,Q,2016-Q4,2.3,,,,
ABS:ERP_COMP_Q(1.0.0),13,4,Q,2017-Q1,5.7,,,,
ABS:ERP_COMP_Q(1.0.0),13,4,Q,2017-Q2,3.4,,,,
ABS:ERP_COMP_Q(1.0.0),13,4,Q,2017-Q3,4.4,,,,
ABS:ERP_COMP_Q(1.0.0),13,4,Q,2017-Q4,2.6,,,,
ABS:ERP_COMP_Q(1.0.0),13,4,Q,2018-Q1,6.6,,,,
ABS:ERP_COMP_Q(1.0.0),13,4,Q,2018-Q2,3.9,,,,
ABS:ERP_COMP_Q(1.0.0),13,4,Q,2018-Q3,5.7,,,,
ABS:ERP_COMP_Q(1.0.0),13,4,Q,2018-Q4,3.9,,,,
ABS:ERP_COMP_Q(1.0.0),13,4,Q,2019-Q1,7.2,,,,
ABS:ERP_COMP_Q(1.0.0),13,4,Q,2019-Q2,4.5,,,,
ABS:ERP_COMP_Q(1.0.0),13,4,Q,2019-Q3,6.6,,,,
ABS:ERP_COMP_Q(1.0.0),13,4,Q,2019-Q4,4.9,,,,
ABS:ERP_COMP_Q(1.0.0),13,4,Q,2020-Q1,8.9,,,,
ABS:ERP_COMP_Q(1.0.0),13,4,Q,2020-Q2,2.5,,,,
ABS:ERP_COMP_Q(1.0.0),13,4,Q,2020-Q3,1.8,,,,
ABS:ERP_COMP_Q(1.0.0),13,4,Q,2020-Q4,2.3,,,,
ABS:ERP_COMP_Q(1.0.0),13,4,Q,2021-Q1,4.1,,,,
ABS:ERP_COMP_Q(1.0.0),13,4,Q,2021-Q2,4,,,,
ABS:ERP_COMP_Q(1.0.0),13,4,Q,2021-Q3,1.2,,,,
ABS:ERP_COMP_Q(1.0.0),13,4,Q,2021-Q4,4.1,,,,
ABS:ERP_COMP_Q(1.0.0),13,4,Q,2022-Q1,10.5,,,,
ABS:ERP_COMP_Q(1.0.0),13,4,Q,2022-Q2,6.6,,,,
ABS:ERP_COMP_Q(1.0.0),13,4,Q,2022-Q3,8.4,,,,
ABS:ERP_COMP_Q(1.0.0),13,4,Q,2022-Q4,6.9,,,,
ABS:ERP_COMP_Q(1.0.0),13,4,Q,2023-Q1,10.8,,,,
ABS:ERP_COMP_Q(1.0.0),13,4,Q,2023-Q2,6.6,,,,
ABS:ERP_COMP_Q(1.0.0),13,4,Q,2023-Q3,8.1,,,,
ABS:ERP_COMP_Q(1.0.0),13,4,Q,2023-Q4,5.2,,,,
ABS:ERP_COMP_Q(1.0.0),13,4,Q,2024-Q1,7.7,,,,
ABS:ERP_COMP_Q(1.0.0),13,4,Q,2024-Q2,3.5,,,,
ABS:ERP_COMP_Q(1.0.0),13,4,Q,2024-Q3,4.7,,,,
ABS:ERP_COMP_Q(1.0.0),13,4,Q,2024-Q4,4,,,,
ABS:ERP_COMP_Q(1.0.0),13,4,Q,2025-Q1,7.4,,,,
ABS:ERP_COMP_Q(1.0.0),13,4,Q,2025-Q2,3.4,,,,
ABS:ERP_COMP_Q(1.0.0),13,4,Q,2025-Q3,5.5,,,,
ABS:ERP_COMP_Q(1.0.0),13,4,Q,2025-Q4,3.5,,,,
ABS:ERP_COMP_Q(1.0.0),3,7,Q,1981-Q2,0.7,,,,
ABS:ERP_COMP_Q(1.0.0),3,7,Q,1981-Q3,0.5,,,,
ABS:ERP_COMP_Q(1.0.0),3,7,Q,1981-Q4,0.7,,,,
ABS:ERP_COMP_Q(1.0.0),3,7,Q,1982-Q1,0.7,,,,
ABS:ERP_COMP_Q(1.0.0),3,7,Q,1982-Q2,0.5,,,,
ABS:ERP_COMP_Q(1.0.0),3,7,Q,1982-Q3,0.6,,,,
ABS:ERP_COMP_Q(1.0.0),3,7,Q,1982-Q4,0.5,,,,
ABS:ERP_COMP_Q(1.0.0),3,7,Q,1983-Q1,0.7,,,,
ABS:ERP_COMP_Q(1.0.0),3,7,Q,1983-Q2,0.6,,,,
ABS:ERP_COMP_Q(1.0.0),3,7,Q,1983-Q3,0.5,,,,
ABS:ERP_COMP_Q(1.0.0),3,7,Q,1983-Q4,0.6,,,,
ABS:ERP_COMP_Q(1.0.0),3,7,Q,1984-Q1,0.7,,,,
ABS:ERP_COMP_Q(1.0.0),3,7,Q,1984-Q2,0.7,,,,
ABS:ERP_COMP_Q(1.0.0),3,7,Q,1984-Q3,0.6,,,,
ABS:ERP_COMP_Q(1.0.0),3,7,Q,1984-Q4,0.7,,,,
ABS:ERP_COMP_Q(1.0.0),3,7,Q,1985-Q1,0.7,,,,
ABS:ERP_COMP_Q(1.0.0),3,7,Q,1985-Q2,0.6,,,,
ABS:ERP_COMP_Q(1.0.0),3,7,Q,1985-Q3,0.7,,,,
ABS:ERP_COMP_Q(1.0.0),3,7,Q,1985-Q4,0.7,,,,
ABS:ERP_COMP_Q(1.0.0),3,7,Q,1986-Q1,0.7,,,,
ABS:ERP_COMP_Q(1.0.0),3,7,Q,1986-Q2,0.7,,,,
ABS:ERP_COMP_Q(1.0.0),3,7,Q,1986-Q3,0.7,,,,
ABS:ERP_COMP_Q(1.0.0),3,7,Q,1986-Q4,0.6,,,,
ABS:ERP_COMP_Q(1.0.0),3,7,Q,1987-Q1,0.8,,,,
ABS:ERP_COMP_Q(1.0.0),3,7,Q,1987-Q2,0.6,,,,
ABS:ERP_COMP_Q(1.0.0),3,7,Q,1987-Q3,0.8,,,,
ABS:ERP_COMP_Q(1.0.0),3,7,Q,1987-Q4,0.7,,,,
ABS:ERP_COMP_Q(1.0.0),3,7,Q,1988-Q1,0.6,,,,
ABS:ERP_COMP_Q(1.0.0),3,7,Q,1988-Q2,0.7,,,,
ABS:ERP_COMP_Q(1.0.0),3,7,Q,1988-Q3,0.6,,,,
ABS:ERP_COMP_Q(1.0.0),3,7,Q,1988-Q4,0.7,,,,
ABS:ERP_COMP_Q(1.0.0),3,7,Q,1989-Q1,0.5,,,,
ABS:ERP_COMP_Q(1.0.0),3,7,Q,1989-Q2,0.7,,,,
ABS:ERP_COMP_Q(1.0.0),3,7,Q,1989-Q3,0.6,,,,
ABS:ERP_COMP_Q(1.0.0),3,7,Q,1989-Q4,0.7,,,,
ABS:ERP_COMP_Q(1.0.0),3,7,Q,1990-Q1,0.6,,,,
ABS:ERP_COMP_Q(1.0.0),3,7,Q,1990-Q2,0.8,,,,
ABS:ERP_COMP_Q(1.0.0),3,7,Q,1990-Q3,0.8,,,,
ABS:ERP_COMP_Q(1.0.0),3,7,Q,1990-Q4,0.6,,,,
ABS:ERP_COMP_Q(1.0.0),3,7,Q,1991-Q1,0.7,,,,
ABS:ERP_COMP_Q(1.0.0),3,7,Q,1991-Q2,0.8,,,,
ABS:ERP_COMP_Q(1.0.0),3,7,Q,1991-Q3,0.7,,,,
ABS:ERP_COMP_Q(1.0.0),3,7,Q,1991-Q4,0.6,,,,
ABS:ERP_COMP_Q(1.0.0),3,7,Q,1992-Q1,0.7,,,,
ABS:ERP_COMP_Q(1.0.0),3,7,Q,1992-Q2,0.9,,,,
ABS:ERP_COMP_Q(1.0.0),3,7,Q,1992-Q3,0.7,,,,
ABS:ERP_COMP_Q(1.0.0),3,7,Q,1992-Q4,0.7,,,,
ABS:ERP_COMP_Q(1.0.0),3,7,Q,1993-Q1,0.7,,,,
ABS:ERP_COMP_Q(1.0.0),3,7,Q,1993-Q2,0.7,,,,
ABS:ERP_COMP_Q(1.0.0),3,7,Q,1993-Q3,0.7,,,,
ABS:ERP_COMP_Q(1.0.0),3,7,Q,1993-Q4,0.7,,,,
ABS:ERP_COMP_Q(1.0.0),3,7,Q,1994-Q1,0.7,,,,
ABS:ERP_COMP_Q(1.0.0),3,7,Q,1994-Q2,0.7,,,,
ABS:ERP_COMP_Q(1.0.0),3,7,Q,1994-Q3,0.6,,,,
ABS:ERP_COMP_Q(1.0.0),3,7,Q,1994-Q4,0.7,,,,
ABS:ERP_COMP_Q(1.0.0),3,7,Q,1995-Q1,0.8,,,,
ABS:ERP_COMP_Q(1.0.0),3,7,Q,1995-Q2,0.7,,,,
ABS:ERP_COMP_Q(1.0.0),3,7,Q,1995-Q3,0.8,,,,
ABS:ERP_COMP_Q(1.0.0),3,7,Q,1995-Q4,0.6,,,,
ABS:ERP_COMP_Q(1.0.0),3,7,Q,1996-Q1,0.7,,,,
ABS:ERP_COMP_Q(1.0.0),3,7,Q,1996-Q2,0.7,,,,
ABS:ERP_COMP_Q(1.0.0),3,7,Q,1996-Q3,0.7,,,,
ABS:ERP_COMP_Q(1.0.0),3,7,Q,1996-Q4,0.6,,,,
ABS:ERP_COMP_Q(1.0.0),3,7,Q,1997-Q1,0.7,,,,
ABS:ERP_COMP_Q(1.0.0),3,7,Q,1997-Q2,0.7,,,,
ABS:ERP_COMP_Q(1.0.0),3,7,Q,1997-Q3,0.7,,,,
ABS:ERP_COMP_Q(1.0.0),3,7,Q,1997-Q4,0.6,,,,
ABS:ERP_COMP_Q(1.0.0),3,7,Q,1998-Q1,0.8,,,,
ABS:ERP_COMP_Q(1.0.0),3,7,Q,1998-Q2,0.7,,,,
ABS:ERP_COMP_Q(1.0.0),3,7,Q,1998-Q3,0.6,,,,
ABS:ERP_COMP_Q(1.0.0),3,7,Q,1998-Q4,0.6,,,,
ABS:ERP_COMP_Q(1.0.0),3,7,Q,1999-Q1,0.7,,,,
ABS:ERP_COMP_Q(1.0.0),3,7,Q,1999-Q2,0.8,,,,
ABS:ERP_COMP_Q(1.0.0),3,7,Q,1999-Q3,0.6,,,,
ABS:ERP_COMP_Q(1.0.0),3,7,Q,1999-Q4,0.6,,,,
ABS:ERP_COMP_Q(1.0.0),3,7,Q,2000-Q1,0.7,,,,
ABS:ERP_COMP_Q(1.0.0),3,7,Q,2000-Q2,0.7,,,,
ABS:ERP_COMP_Q(1.0.0),3,7,Q,2000-Q3,0.6,,,,
ABS:ERP_COMP_Q(1.0.0),3,7,Q,2000-Q4,0.7,,,,
ABS:ERP_COMP_Q(1.0.0),3,7,Q,2001-Q1,0.8,,,,
ABS:ERP_COMP_Q(1.0.0),3,7,Q,2001-Q2,0.8,,,,
ABS:ERP_COMP_Q(1.0.0),3,7,Q,2001-Q3,0.7,,,,
ABS:ERP_COMP_Q(1.0.0),3,7,Q,2001-Q4,0.7,,,,
ABS:ERP_COMP_Q(1.0.0),3,7,Q,2002-Q1,0.7,,,,
ABS:ERP_COMP_Q(1.0.0),3,7,Q,2002-Q2,0.7,,,,
ABS:ERP_COMP_Q(1.0.0),3,7,Q,2002-Q3,0.7,,,,
ABS:ERP_COMP_Q(1.0.0),3,7,Q,2002-Q4,0.7,,,,
ABS:ERP_COMP_Q(1.0.0),3,7,Q,2003-Q1,0.8,,,,
ABS:ERP_COMP_Q(1.0.0),3,7,Q,2003-Q2,0.8,,,,
ABS:ERP_COMP_Q(1.0.0),3,7,Q,2003-Q3,0.7,,,,
ABS:ERP_COMP_Q(1.0.0),3,7,Q,2003-Q4,0.7,,,,
ABS:ERP_COMP_Q(1.0.0),3,7,Q,2004-Q1,0.7,,,,
ABS:ERP_COMP_Q(1.0.0),3,7,Q,2004-Q2,0.7,,,,
ABS:ERP_COMP_Q(1.0.0),3,7,Q,2004-Q3,0.6,,,,
ABS:ERP_COMP_Q(1.0.0),3,7,Q,2004-Q4,0.6,,,,
ABS:ERP_COMP_Q(1.0.0),3,7,Q,2005-Q1,0.7,,,,
ABS:ERP_COMP_Q(1.0.0),3,7,Q,2005-Q2,0.7,,,,
ABS:ERP_COMP_Q(1.0.0),3,7,Q,2005-Q3,0.7,,,,
ABS:ERP_COMP_Q(1.0.0),3,7,Q,2005-Q4,0.6,,,,
ABS:ERP_COMP_Q(1.0.0),3,7,Q,2006-Q1,0.7,,,,
ABS:ERP_COMP_Q(1.0.0),3,7,Q,2006-Q2,0.7,,,,
ABS:ERP_COMP_Q(1.0.0),3,7,Q,2006-Q3,0.7,,,,
ABS:ERP_COMP_Q(1.0.0),3,7,Q,2006-Q4,0.7,,,,
ABS:ERP_COMP_Q(1.0.0),3,7,Q,2007-Q1,0.8,,,,
ABS:ERP_COMP_Q(1.0.0),3,7,Q,2007-Q2,0.7,,,,
ABS:ERP_COMP_Q(1.0.0),3,7,Q,2007-Q3,0.7,,,,
ABS:ERP_COMP_Q(1.0.0),3,7,Q,2007-Q4,0.7,,,,
ABS:ERP_COMP_Q(1.0.0),3,7,Q,2008-Q1,0.7,,,,
ABS:ERP_COMP_Q(1.0.0),3,7,Q,2008-Q2,0.7,,,,
ABS:ERP_COMP_Q(1.0.0),3,7,Q,2008-Q3,0.7,,,,
ABS:ERP_COMP_Q(1.0.0),3,7,Q,2008-Q4,0.6,,,,
ABS:ERP_COMP_Q(1.0.0),3,7,Q,2009-Q1,0.7,,,,
ABS:ERP_COMP_Q(1.0.0),3,7,Q,2009-Q2,0.8,,,,
ABS:ERP_COMP_Q(1.0.0),3,7,Q,2009-Q3,0.7,,,,
ABS:ERP_COMP_Q(1.0.0),3,7,Q,2009-Q4,0.7,,,,
ABS:ERP_COMP_Q(1.0.0),3,7,Q,2010-Q1,0.8,,,,
ABS:ERP_COMP_Q(1.0.0),3,7,Q,2010-Q2,0.8,,,,
ABS:ERP_COMP_Q(1.0.0),3,7,Q,2010-Q3,0.7,,,,
ABS:ERP_COMP_Q(1.0.0),3,7,Q,2010-Q4,0.7,,,,
ABS:ERP_COMP_Q(1.0.0),3,7,Q,2011-Q1,0.7,,,,
ABS:ERP_COMP_Q(1.0.0),3,7,Q,2011-Q2,0.8,,,,
ABS:ERP_COMP_Q(1.0.0),3,7,Q,2011-Q3,0.7,,,,
ABS:ERP_COMP_Q(1.0.0),3,7,Q,2011-Q4,0.6,,,,
ABS:ERP_COMP_Q(1.0.0),3,7,Q,2012-Q1,0.8,,,,
ABS:ERP_COMP_Q(1.0.0),3,7,Q,2012-Q2,0.9,,,,
ABS:ERP_COMP_Q(1.0.0),3,7,Q,2012-Q3,0.7,,,,
ABS:ERP_COMP_Q(1.0.0),3,7,Q,2012-Q4,0.7,,,,
ABS:ERP_COMP_Q(1.0.0),3,7,Q,2013-Q1,0.8,,,,
ABS:ERP_COMP_Q(1.0.0),3,7,Q,2013-Q2,0.8,,,,
ABS:ERP_COMP_Q(1.0.0),3,7,Q,2013-Q3,0.7,,,,
ABS:ERP_COMP_Q(1.0.0),3,7,Q,2013-Q4,0.7,,,,
ABS:ERP_COMP_Q(1.0.0),3,7,Q,2014-Q1,0.7,,,,
ABS:ERP_COMP_Q(1.0.0),3,7,Q,2014-Q2,0.8,,,,
ABS:ERP_COMP_Q(1.0.0),3,7,Q,2014-Q3,0.6,,,,
ABS:ERP_COMP_Q(1.0.0),3,7,Q,2014-Q4,0.7,,,,
ABS:ERP_COMP_Q(1.0.0),3,7,Q,2015-Q1,0.8,,,,
ABS:ERP_COMP_Q(1.0.0),3,7,Q,2015-Q2,0.8,,,,
ABS:ERP_COMP_Q(1.0.0),3,7,Q,2015-Q3,0.7,,,,
ABS:ERP_COMP_Q(1.0.0),3,7,Q,2015-Q4,0.6,,,,
ABS:ERP_COMP_Q(1.0.0),3,7,Q,2016-Q1,0.8,,,,
ABS:ERP_COMP_Q(1.0.0),3,7,Q,2016-Q2,0.8,,,,
ABS:ERP_COMP_Q(1.0.0),3,7,Q,2016-Q3,0.7,,,,
ABS:ERP_COMP_Q(1.0.0),3,7,Q,2016-Q4,0.7,,,,
ABS:ERP_COMP_Q(1.0.0),3,7,Q,2017-Q1,0.7,,,,
ABS:ERP_COMP_Q(1.0.0),3,7,Q,2017-Q2,0.8,,,,
ABS:ERP_COMP_Q(1.0.0),3,7,Q,2017-Q3,0.6,,,,
ABS:ERP_COMP_Q(1.0.0),3,7,Q,2017-Q4,0.6,,,,
ABS:ERP_COMP_Q(1.0.0),3,7,Q,2018-Q1,0.7,,,,
ABS:ERP_COMP_Q(1.0.0),3,7,Q,2018-Q2,0.7,,,,
ABS:ERP_COMP_Q(1.0.0),3,7,Q,2018-Q3,0.6,,,,
ABS:ERP_COMP_Q(1.0.0),3,7,Q,2018-Q4,0.6,,,,
ABS:ERP_COMP_Q(1.0.0),3,7,Q,2019-Q1,0.7,,,,
ABS:ERP_COMP_Q(1.0.0),3,7,Q,2019-Q2,0.6,,,,
ABS:ERP_COMP_Q(1.0.0),3,7,Q,2019-Q3,0.6,,,,
ABS:ERP_COMP_Q(1.0.0),3,7,Q,2019-Q4,0.6,,,,
ABS:ERP_COMP_Q(1.0.0),3,7,Q,2020-Q1,0.7,,,,
ABS:ERP_COMP_Q(1.0.0),3,7,Q,2020-Q2,0.7,,,,
ABS:ERP_COMP_Q(1.0.0),3,7,Q,2020-Q3,0.6,,,,
ABS:ERP_COMP_Q(1.0.0),3,7,Q,2020-Q4,0.6,,,,
ABS:ERP_COMP_Q(1.0.0),3,7,Q,2021-Q1,0.8,,,,
ABS:ERP_COMP_Q(1.0.0),3,7,Q,2021-Q2,0.7,,,,
ABS:ERP_COMP_Q(1.0.0),3,7,Q,2021-Q3,0.5,,,,
ABS:ERP_COMP_Q(1.0.0),3,7,Q,2021-Q4,0.6,,,,
ABS:ERP_COMP_Q(1.0.0),3,7,Q,2022-Q1,0.6,,,,
ABS:ERP_COMP_Q(1.0.0),3,7,Q,2022-Q2,0.5,,,,
ABS:ERP_COMP_Q(1.0.0),3,7,Q,2022-Q3,0.6,,,,
ABS:ERP_COMP_Q(1.0.0),3,7,Q,2022-Q4,0.5,,,,
ABS:ERP_COMP_Q(1.0.0),3,7,Q,2023-Q1,0.5,,,,
ABS:ERP_COMP_Q(1.0.0),3,7,Q,2023-Q2,0.6,,,,
ABS:ERP_COMP_Q(1.0.0),3,7,Q,2023-Q3,0.5,,,,
ABS:ERP_COMP_Q(1.0.0),3,7,Q,2023-Q4,0.5,,,,
ABS:ERP_COMP_Q(1.0.0),3,7,Q,2024-Q1,0.6,,,,
ABS:ERP_COMP_Q(1.0.0),3,7,Q,2024-Q2,0.5,,,,
ABS:ERP_COMP_Q(1.0.0),3,7,Q,2024-Q3,0.5,,,,
ABS:ERP_COMP_Q(1.0.0),3,7,Q,2024-Q4,0.5,,,,
ABS:ERP_COMP_Q(1.0.0),3,7,Q,2025-Q1,0.5,,,,
ABS:ERP_COMP_Q(1.0.0),3,7,Q,2025-Q2,0.5,,,,
ABS:ERP_COMP_Q(1.0.0),3,7,Q,2025-Q3,0.5,,,,
ABS:ERP_COMP_Q(1.0.0),3,7,Q,2025-Q4,0.4,,,,
ABS:ERP_COMP_Q(1.0.0),13,8,Q,1981-Q2,,,,,
ABS:ERP_COMP_Q(1.0.0),13,8,Q,1981-Q3,1.2,,,,
ABS:ERP_COMP_Q(1.0.0),13,8,Q,1981-Q4,0.7,,,,
ABS:ERP_COMP_Q(1.0.0),13,8,Q,1982-Q1,1.5,,,,
ABS:ERP_COMP_Q(1.0.0),13,8,Q,1982-Q2,2.1,,,,
ABS:ERP_COMP_Q(1.0.0),13,8,Q,1982-Q3,0.7,,,,
ABS:ERP_COMP_Q(1.0.0),13,8,Q,1982-Q4,1.2,,,,
ABS:ERP_COMP_Q(1.0.0),13,8,Q,1983-Q1,2,,,,
ABS:ERP_COMP_Q(1.0.0),13,8,Q,1983-Q2,2,,,,
ABS:ERP_COMP_Q(1.0.0),13,8,Q,1983-Q3,1.1,,,,
ABS:ERP_COMP_Q(1.0.0),13,8,Q,1983-Q4,1.9,,,,
ABS:ERP_COMP_Q(1.0.0),13,8,Q,1984-Q1,1.5,,,,
ABS:ERP_COMP_Q(1.0.0),13,8,Q,1984-Q2,1.6,,,,
ABS:ERP_COMP_Q(1.0.0),13,8,Q,1984-Q3,1.1,,,,
ABS:ERP_COMP_Q(1.0.0),13,8,Q,1984-Q4,0.8,,,,
ABS:ERP_COMP_Q(1.0.0),13,8,Q,1985-Q1,1.8,,,,
ABS:ERP_COMP_Q(1.0.0),13,8,Q,1985-Q2,2.6,,,,
ABS:ERP_COMP_Q(1.0.0),13,8,Q,1985-Q3,2.1,,,,
ABS:ERP_COMP_Q(1.0.0),13,8,Q,1985-Q4,2.5,,,,
ABS:ERP_COMP_Q(1.0.0),13,8,Q,1986-Q1,1.4,,,,
ABS:ERP_COMP_Q(1.0.0),13,8,Q,1986-Q2,1.6,,,,
ABS:ERP_COMP_Q(1.0.0),13,8,Q,1986-Q3,1.6,,,,
ABS:ERP_COMP_Q(1.0.0),13,8,Q,1986-Q4,1.6,,,,
ABS:ERP_COMP_Q(1.0.0),13,8,Q,1987-Q1,1.9,,,,
ABS:ERP_COMP_Q(1.0.0),13,8,Q,1987-Q2,1.4,,,,
ABS:ERP_COMP_Q(1.0.0),13,8,Q,1987-Q3,1.9,,,,
ABS:ERP_COMP_Q(1.0.0),13,8,Q,1987-Q4,1.4,,,,
ABS:ERP_COMP_Q(1.0.0),13,8,Q,1988-Q1,2.2,,,,
ABS:ERP_COMP_Q(1.0.0),13,8,Q,1988-Q2,1.2,,,,
ABS:ERP_COMP_Q(1.0.0),13,8,Q,1988-Q3,1,,,,
ABS:ERP_COMP_Q(1.0.0),13,8,Q,1988-Q4,1,,,,
ABS:ERP_COMP_Q(1.0.0),13,8,Q,1989-Q1,1.8,,,,
ABS:ERP_COMP_Q(1.0.0),13,8,Q,1989-Q2,0.6,,,,
ABS:ERP_COMP_Q(1.0.0),13,8,Q,1989-Q3,1,,,,
ABS:ERP_COMP_Q(1.0.0),13,8,Q,1989-Q4,1.7,,,,
ABS:ERP_COMP_Q(1.0.0),13,8,Q,1990-Q1,1.4,,,,
ABS:ERP_COMP_Q(1.0.0),13,8,Q,1990-Q2,1.6,,,,
ABS:ERP_COMP_Q(1.0.0),13,8,Q,1990-Q3,1.5,,,,
ABS:ERP_COMP_Q(1.0.0),13,8,Q,1990-Q4,1.3,,,,
ABS:ERP_COMP_Q(1.0.0),13,8,Q,1991-Q1,2.3,,,,
ABS:ERP_COMP_Q(1.0.0),13,8,Q,1991-Q2,2,,,,
ABS:ERP_COMP_Q(1.0.0),13,8,Q,1991-Q3,1.2,,,,
ABS:ERP_COMP_Q(1.0.0),13,8,Q,1991-Q4,1,,,,
ABS:ERP_COMP_Q(1.0.0),13,8,Q,1992-Q1,2,,,,
ABS:ERP_COMP_Q(1.0.0),13,8,Q,1992-Q2,1.4,,,,
ABS:ERP_COMP_Q(1.0.0),13,8,Q,1992-Q3,1.2,,,,
ABS:ERP_COMP_Q(1.0.0),13,8,Q,1992-Q4,0.4,,,,
ABS:ERP_COMP_Q(1.0.0),13,8,Q,1993-Q1,2.7,,,,
ABS:ERP_COMP_Q(1.0.0),13,8,Q,1993-Q2,0.5,,,,
ABS:ERP_COMP_Q(1.0.0),13,8,Q,1993-Q3,0.3,,,,
ABS:ERP_COMP_Q(1.0.0),13,8,Q,1993-Q4,0.5,,,,
ABS:ERP_COMP_Q(1.0.0),13,8,Q,1994-Q1,0.9,,,,
ABS:ERP_COMP_Q(1.0.0),13,8,Q,1994-Q2,0.8,,,,
ABS:ERP_COMP_Q(1.0.0),13,8,Q,1994-Q3,0.9,,,,
ABS:ERP_COMP_Q(1.0.0),13,8,Q,1994-Q4,0.2,,,,
ABS:ERP_COMP_Q(1.0.0),13,8,Q,1995-Q1,2.1,,,,
ABS:ERP_COMP_Q(1.0.0),13,8,Q,1995-Q2,0.5,,,,
ABS:ERP_COMP_Q(1.0.0),13,8,Q,1995-Q3,1,,,,
ABS:ERP_COMP_Q(1.0.0),13,8,Q,1995-Q4,0.1,,,,
ABS:ERP_COMP_Q(1.0.0),13,8,Q,1996-Q1,1.5,,,,
ABS:ERP_COMP_Q(1.0.0),13,8,Q,1996-Q2,1.1,,,,
ABS:ERP_COMP_Q(1.0.0),13,8,Q,1996-Q3,0.6,,,,
ABS:ERP_COMP_Q(1.0.0),13,8,Q,1996-Q4,0.4,,,,
ABS:ERP_COMP_Q(1.0.0),13,8,Q,1997-Q1,0.3,,,,
ABS:ERP_COMP_Q(1.0.0),13,8,Q,1997-Q2,-0.4,,,,
ABS:ERP_COMP_Q(1.0.0),13,8,Q,1997-Q3,-0.3,,,,
ABS:ERP_COMP_Q(1.0.0),13,8,Q,1997-Q4,0,,,,
ABS:ERP_COMP_Q(1.0.0),13,8,Q,1998-Q1,0.7,,,,
ABS:ERP_COMP_Q(1.0.0),13,8,Q,1998-Q2,0.5,,,,
ABS:ERP_COMP_Q(1.0.0),13,8,Q,1998-Q3,0.2,,,,
ABS:ERP_COMP_Q(1.0.0),13,8,Q,1998-Q4,0.6,,,,
ABS:ERP_COMP_Q(1.0.0),13,8,Q,1999-Q1,1.2,,,,
ABS:ERP_COMP_Q(1.0.0),13,8,Q,1999-Q2,0.7,,,,
ABS:ERP_COMP_Q(1.0.0),13,8,Q,1999-Q3,0.7,,,,
ABS:ERP_COMP_Q(1.0.0),13,8,Q,1999-Q4,0.6,,,,
ABS:ERP_COMP_Q(1.0.0),13,8,Q,2000-Q1,1.3,,,,
ABS:ERP_COMP_Q(1.0.0),13,8,Q,2000-Q2,0.5,,,,
ABS:ERP_COMP_Q(1.0.0),13,8,Q,2000-Q3,0.8,,,,
ABS:ERP_COMP_Q(1.0.0),13,8,Q,2000-Q4,0.9,,,,
ABS:ERP_COMP_Q(1.0.0),13,8,Q,2001-Q1,1.6,,,,
ABS:ERP_COMP_Q(1.0.0),13,8,Q,2001-Q2,1,,,,
ABS:ERP_COMP_Q(1.0.0),13,8,Q,2001-Q3,0.4,,,,
ABS:ERP_COMP_Q(1.0.0),13,8,Q,2001-Q4,0.9,,,,
ABS:ERP_COMP_Q(1.0.0),13,8,Q,2002-Q1,1.3,,,,
ABS:ERP_COMP_Q(1.0.0),13,8,Q,2002-Q2,0.4,,,,
ABS:ERP_COMP_Q(1.0.0),13,8,Q,2002-Q3,0.6,,,,
ABS:ERP_COMP_Q(1.0.0),13,8,Q,2002-Q4,0.7,,,,
ABS:ERP_COMP_Q(1.0.0),13,8,Q,2003-Q1,1.1,,,,
ABS:ERP_COMP_Q(1.0.0),13,8,Q,2003-Q2,0.3,,,,
ABS:ERP_COMP_Q(1.0.0),13,8,Q,2003-Q3,0,,,,
ABS:ERP_COMP_Q(1.0.0),13,8,Q,2003-Q4,0.2,,,,
ABS:ERP_COMP_Q(1.0.0),13,8,Q,2004-Q1,1,,,,
ABS:ERP_COMP_Q(1.0.0),13,8,Q,2004-Q2,0.4,,,,
ABS:ERP_COMP_Q(1.0.0),13,8,Q,2004-Q3,0.2,,,,
ABS:ERP_COMP_Q(1.0.0),13,8,Q,2004-Q4,0.4,,,,
ABS:ERP_COMP_Q(1.0.0),13,8,Q,2005-Q1,1.4,,,,
ABS:ERP_COMP_Q(1.0.0),13,8,Q,2005-Q2,0.5,,,,
ABS:ERP_COMP_Q(1.0.0),13,8,Q,2005-Q3,0.8,,,,
ABS:ERP_COMP_Q(1.0.0),13,8,Q,2005-Q4,1.3,,,,
ABS:ERP_COMP_Q(1.0.0),13,8,Q,2006-Q1,0.8,,,,
ABS:ERP_COMP_Q(1.0.0),13,8,Q,2006-Q2,0.9,,,,
ABS:ERP_COMP_Q(1.0.0),13,8,Q,2006-Q3,1.4,,,,
ABS:ERP_COMP_Q(1.0.0),13,8,Q,2006-Q4,1.8,,,,
ABS:ERP_COMP_Q(1.0.0),13,8,Q,2007-Q1,2.2,,,,
ABS:ERP_COMP_Q(1.0.0),13,8,Q,2007-Q2,2.1,,,,
ABS:ERP_COMP_Q(1.0.0),13,8,Q,2007-Q3,0.7,,,,
ABS:ERP_COMP_Q(1.0.0),13,8,Q,2007-Q4,0.8,,,,
ABS:ERP_COMP_Q(1.0.0),13,8,Q,2008-Q1,2.3,,,,
ABS:ERP_COMP_Q(1.0.0),13,8,Q,2008-Q2,1.9,,,,
ABS:ERP_COMP_Q(1.0.0),13,8,Q,2008-Q3,1.2,,,,
ABS:ERP_COMP_Q(1.0.0),13,8,Q,2008-Q4,1.6,,,,
ABS:ERP_COMP_Q(1.0.0),13,8,Q,2009-Q1,2.3,,,,
ABS:ERP_COMP_Q(1.0.0),13,8,Q,2009-Q2,1.4,,,,
ABS:ERP_COMP_Q(1.0.0),13,8,Q,2009-Q3,1.5,,,,
ABS:ERP_COMP_Q(1.0.0),13,8,Q,2009-Q4,1.5,,,,
ABS:ERP_COMP_Q(1.0.0),13,8,Q,2010-Q1,2.5,,,,
ABS:ERP_COMP_Q(1.0.0),13,8,Q,2010-Q2,1.4,,,,
ABS:ERP_COMP_Q(1.0.0),13,8,Q,2010-Q3,1.1,,,,
ABS:ERP_COMP_Q(1.0.0),13,8,Q,2010-Q4,2,,,,
ABS:ERP_COMP_Q(1.0.0),13,8,Q,2011-Q1,1.9,,,,
ABS:ERP_COMP_Q(1.0.0),13,8,Q,2011-Q2,1.2,,,,
ABS:ERP_COMP_Q(1.0.0),13,8,Q,2011-Q3,1.9,,,,
ABS:ERP_COMP_Q(1.0.0),13,8,Q,2011-Q4,2.2,,,,
ABS:ERP_COMP_Q(1.0.0),13,8,Q,2012-Q1,2.8,,,,
ABS:ERP_COMP_Q(1.0.0),13,8,Q,2012-Q2,1.7,,,,
ABS:ERP_COMP_Q(1.0.0),13,8,Q,2012-Q3,2,,,,
ABS:ERP_COMP_Q(1.0.0),13,8,Q,2012-Q4,1.2,,,,
ABS:ERP_COMP_Q(1.0.0),13,8,Q,2013-Q1,2.3,,,,
ABS:ERP_COMP_Q(1.0.0),13,8,Q,2013-Q2,1.2,,,,
ABS:ERP_COMP_Q(1.0.0),13,8,Q,2013-Q3,1.4,,,,
ABS:ERP_COMP_Q(1.0.0),13,8,Q,2013-Q4,1.6,,,,
ABS:ERP_COMP_Q(1.0.0),13,8,Q,2014-Q1,1.9,,,,
ABS:ERP_COMP_Q(1.0.0),13,8,Q,2014-Q2,0.6,,,,
ABS:ERP_COMP_Q(1.0.0),13,8,Q,2014-Q3,1.9,,,,
ABS:ERP_COMP_Q(1.0.0),13,8,Q,2014-Q4,1.3,,,,
ABS:ERP_COMP_Q(1.0.0),13,8,Q,2015-Q1,2.5,,,,
ABS:ERP_COMP_Q(1.0.0),13,8,Q,2015-Q2,1.3,,,,
ABS:ERP_COMP_Q(1.0.0),13,8,Q,2015-Q3,1.7,,,,
ABS:ERP_COMP_Q(1.0.0),13,8,Q,2015-Q4,1.3,,,,
ABS:ERP_COMP_Q(1.0.0),13,8,Q,2016-Q1,2.8,,,,
ABS:ERP_COMP_Q(1.0.0),13,8,Q,2016-Q2,1.4,,,,
ABS:ERP_COMP_Q(1.0.0),13,8,Q,2016-Q3,2.9,,,,
ABS:ERP_COMP_Q(1.0.0),13,8,Q,2016-Q4,2.8,,,,
ABS:ERP_COMP_Q(1.0.0),13,8,Q,2017-Q1,4.1,,,,
ABS:ERP_COMP_Q(1.0.0),13,8,Q,2017-Q2,2,,,,
ABS:ERP_COMP_Q(1.0.0),13,8,Q,2017-Q3,2.9,,,,
ABS:ERP_COMP_Q(1.0.0),13,8,Q,2017-Q4,2.3,,,,
ABS:ERP_COMP_Q(1.0.0),13,8,Q,2018-Q1,3.6,,,,
ABS:ERP_COMP_Q(1.0.0),13,8,Q,2018-Q2,2.3,,,,
ABS:ERP_COMP_Q(1.0.0),13,8,Q,2018-Q3,2.3,,,,
ABS:ERP_COMP_Q(1.0.0),13,8,Q,2018-Q4,2.3,,,,
ABS:ERP_COMP_Q(1.0.0),13,8,Q,2019-Q1,3,,,,
ABS:ERP_COMP_Q(1.0.0),13,8,Q,2019-Q2,1.9,,,,
ABS:ERP_COMP_Q(1.0.0),13,8,Q,2019-Q3,2.9,,,,
ABS:ERP_COMP_Q(1.0.0),13,8,Q,2019-Q4,1.6,,,,
ABS:ERP_COMP_Q(1.0.0),13,8,Q,2020-Q1,2.8,,,,
ABS:ERP_COMP_Q(1.0.0),13,8,Q,2020-Q2,1.9,,,,
ABS:ERP_COMP_Q(1.0.0),13,8,Q,2020-Q3,0.8,,,,
ABS:ERP_COMP_Q(1.0.0),13,8,Q,2020-Q4,1.9,,,,
ABS:ERP_COMP_Q(1.0.0),13,8,Q,2021-Q1,1.9,,,,
ABS:ERP_COMP_Q(1.0.0),13,8,Q,2021-Q2,2.9,,,,
ABS:ERP_COMP_Q(1.0.0),13,8,Q,2021-Q3,0.9,,,,
ABS:ERP_COMP_Q(1.0.0),13,8,Q,2021-Q4,2.6,,,,
ABS:ERP_COMP_Q(1.0.0),13,8,Q,2022-Q1,3.6,,,,
ABS:ERP_COMP_Q(1.0.0),13,8,Q,2022-Q2,1.7,,,,
ABS:ERP_COMP_Q(1.0.0),13,8,Q,2022-Q3,2.8,,,,
ABS:ERP_COMP_Q(1.0.0),13,8,Q,2022-Q4,1.9,,,,
ABS:ERP_COMP_Q(1.0.0),13,8,Q,2023-Q1,3.3,,,,
ABS:ERP_COMP_Q(1.0.0),13,8,Q,2023-Q2,2.2,,,,
ABS:ERP_COMP_Q(1.0.0),13,8,Q,2023-Q3,2.5,,,,
ABS:ERP_COMP_Q(1.0.0),13,8,Q,2023-Q4,1,,,,
ABS:ERP_COMP_Q(1.0.0),13,8,Q,2024-Q1,2.7,,,,
ABS:ERP_COMP_Q(1.0.0),13,8,Q,2024-Q2,0.9,,,,
ABS:ERP_COMP_Q(1.0.0),13,8,Q,2024-Q3,1.4,,,,
ABS:ERP_COMP_Q(1.0.0),13,8,Q,2024-Q4,1.3,,,,
ABS:ERP_COMP_Q(1.0.0),13,8,Q,2025-Q1,2.1,,,,
ABS:ERP_COMP_Q(1.0.0),13,8,Q,2025-Q2,1.4,,,,
ABS:ERP_COMP_Q(1.0.0),13,8,Q,2025-Q3,1.5,,,,
ABS:ERP_COMP_Q(1.0.0),13,8,Q,2025-Q4,1,,,,
ABS:ERP_COMP_Q(1.0.0),12,AUS,Q,1981-Q2,-3.6,,,,
ABS:ERP_COMP_Q(1.0.0),12,AUS,Q,1981-Q3,3.3,,,,
ABS:ERP_COMP_Q(1.0.0),12,AUS,Q,1981-Q4,-0.5,,,,
ABS:ERP_COMP_Q(1.0.0),12,AUS,Q,1982-Q1,-1,,,,
ABS:ERP_COMP_Q(1.0.0),12,AUS,Q,1982-Q2,3.3,,,,
ABS:ERP_COMP_Q(1.0.0),12,AUS,Q,1982-Q3,2.5,,,,
ABS:ERP_COMP_Q(1.0.0),12,AUS,Q,1982-Q4,-5,,,,
ABS:ERP_COMP_Q(1.0.0),12,AUS,Q,1983-Q1,1.1,,,,
ABS:ERP_COMP_Q(1.0.0),12,AUS,Q,1983-Q2,-0.7,,,,
ABS:ERP_COMP_Q(1.0.0),12,AUS,Q,1983-Q3,3.3,,,,
ABS:ERP_COMP_Q(1.0.0),12,AUS,Q,1983-Q4,-1.7,,,,
ABS:ERP_COMP_Q(1.0.0),12,AUS,Q,1984-Q1,-3.3,,,,
ABS:ERP_COMP_Q(1.0.0),12,AUS,Q,1984-Q2,4.2,,,,
ABS:ERP_COMP_Q(1.0.0),12,AUS,Q,1984-Q3,3.6,,,,
ABS:ERP_COMP_Q(1.0.0),12,AUS,Q,1984-Q4,-1.9,,,,
ABS:ERP_COMP_Q(1.0.0),12,AUS,Q,1985-Q1,1.7,,,,
ABS:ERP_COMP_Q(1.0.0),12,AUS,Q,1985-Q2,2.3,,,,
ABS:ERP_COMP_Q(1.0.0),12,AUS,Q,1985-Q3,4.1,,,,
ABS:ERP_COMP_Q(1.0.0),12,AUS,Q,1985-Q4,2.1,,,,
ABS:ERP_COMP_Q(1.0.0),12,AUS,Q,1986-Q1,-1.7,,,,
ABS:ERP_COMP_Q(1.0.0),12,AUS,Q,1986-Q2,2,,,,
ABS:ERP_COMP_Q(1.0.0),12,AUS,Q,1986-Q3,3.7,,,,
ABS:ERP_COMP_Q(1.0.0),12,AUS,Q,1986-Q4,2.5,,,,
ABS:ERP_COMP_Q(1.0.0),12,AUS,Q,1987-Q1,6.1,,,,
ABS:ERP_COMP_Q(1.0.0),12,AUS,Q,1987-Q2,4.3,,,,
ABS:ERP_COMP_Q(1.0.0),12,AUS,Q,1987-Q3,6.2,,,,
ABS:ERP_COMP_Q(1.0.0),12,AUS,Q,1987-Q4,-4.3,,,,
ABS:ERP_COMP_Q(1.0.0),12,AUS,Q,1988-Q1,5.5,,,,
ABS:ERP_COMP_Q(1.0.0),12,AUS,Q,1988-Q2,-1.2,,,,
ABS:ERP_COMP_Q(1.0.0),12,AUS,Q,1988-Q3,15.9,,,,
ABS:ERP_COMP_Q(1.0.0),12,AUS,Q,1988-Q4,3.5,,,,
ABS:ERP_COMP_Q(1.0.0),12,AUS,Q,1989-Q1,7.7,,,,
ABS:ERP_COMP_Q(1.0.0),12,AUS,Q,1989-Q2,-6.9,,,,
ABS:ERP_COMP_Q(1.0.0),12,AUS,Q,1989-Q3,4.9,,,,
ABS:ERP_COMP_Q(1.0.0),12,AUS,Q,1989-Q4,5.8,,,,
ABS:ERP_COMP_Q(1.0.0),12,AUS,Q,1990-Q1,6.3,,,,
ABS:ERP_COMP_Q(1.0.0),12,AUS,Q,1990-Q2,3.8,,,,
ABS:ERP_COMP_Q(1.0.0),12,AUS,Q,1990-Q3,-1.2,,,,
ABS:ERP_COMP_Q(1.0.0),12,AUS,Q,1990-Q4,-8.3,,,,
ABS:ERP_COMP_Q(1.0.0),12,AUS,Q,1991-Q1,4.6,,,,
ABS:ERP_COMP_Q(1.0.0),12,AUS,Q,1991-Q2,-3.3,,,,
ABS:ERP_COMP_Q(1.0.0),12,AUS,Q,1991-Q3,-0.8,,,,
ABS:ERP_COMP_Q(1.0.0),12,AUS,Q,1991-Q4,-12.3,,,,
ABS:ERP_COMP_Q(1.0.0),12,AUS,Q,1992-Q1,-1,,,,
ABS:ERP_COMP_Q(1.0.0),12,AUS,Q,1992-Q2,-7.2,,,,
ABS:ERP_COMP_Q(1.0.0),12,AUS,Q,1992-Q3,-4,,,,
ABS:ERP_COMP_Q(1.0.0),12,AUS,Q,1992-Q4,-13.2,,,,
ABS:ERP_COMP_Q(1.0.0),12,AUS,Q,1993-Q1,-2,,,,
ABS:ERP_COMP_Q(1.0.0),12,AUS,Q,1993-Q2,-13.4,,,,
ABS:ERP_COMP_Q(1.0.0),12,AUS,Q,1993-Q3,1.5,,,,
ABS:ERP_COMP_Q(1.0.0),12,AUS,Q,1993-Q4,-8.7,,,,
ABS:ERP_COMP_Q(1.0.0),12,AUS,Q,1994-Q1,-6.2,,,,
ABS:ERP_COMP_Q(1.0.0),12,AUS,Q,1994-Q2,-7.4,,,,
ABS:ERP_COMP_Q(1.0.0),12,AUS,Q,1994-Q3,4.3,,,,
ABS:ERP_COMP_Q(1.0.0),12,AUS,Q,1994-Q4,-15.4,,,,
ABS:ERP_COMP_Q(1.0.0),12,AUS,Q,1995-Q1,-7.8,,,,
ABS:ERP_COMP_Q(1.0.0),12,AUS,Q,1995-Q2,6.1,,,,
ABS:ERP_COMP_Q(1.0.0),12,AUS,Q,1995-Q3,0.2,,,,
ABS:ERP_COMP_Q(1.0.0),12,AUS,Q,1995-Q4,3.8,,,,
ABS:ERP_COMP_Q(1.0.0),12,AUS,Q,1996-Q1,-14.5,,,,
ABS:ERP_COMP_Q(1.0.0),12,AUS,Q,1996-Q2,4.9,,,,
ABS:ERP_COMP_Q(1.0.0),12,AUS,Q,1996-Q3,4.6,,,,
ABS:ERP_COMP_Q(1.0.0),12,AUS,Q,1996-Q4,-0.7,,,,
ABS:ERP_COMP_Q(1.0.0),12,AUS,Q,1997-Q1,-6.7,,,,
ABS:ERP_COMP_Q(1.0.0),12,AUS,Q,1997-Q2,-4.5,,,,
ABS:ERP_COMP_Q(1.0.0),12,AUS,Q,1997-Q3,0,,,,
ABS:ERP_COMP_Q(1.0.0),12,AUS,Q,1997-Q4,0,,,,
ABS:ERP_COMP_Q(1.0.0),12,AUS,Q,1998-Q1,0,,,,
ABS:ERP_COMP_Q(1.0.0),12,AUS,Q,1998-Q2,0,,,,
ABS:ERP_COMP_Q(1.0.0),12,AUS,Q,1998-Q3,0,,,,
ABS:ERP_COMP_Q(1.0.0),12,AUS,Q,1998-Q4,0,,,,
ABS:ERP_COMP_Q(1.0.0),12,AUS,Q,1999-Q1,0,,,,
ABS:ERP_COMP_Q(1.0.0),12,AUS,Q,1999-Q2,0,,,,
ABS:ERP_COMP_Q(1.0.0),12,AUS,Q,1999-Q3,0,,,,
ABS:ERP_COMP_Q(1.0.0),12,AUS,Q,1999-Q4,0,,,,
ABS:ERP_COMP_Q(1.0.0),12,AUS,Q,2000-Q1,0,,,,
ABS:ERP_COMP_Q(1.0.0),12,AUS,Q,2000-Q2,0,,,,
ABS:ERP_COMP_Q(1.0.0),12,AUS,Q,2000-Q3,0,,,,
ABS:ERP_COMP_Q(1.0.0),12,AUS,Q,2000-Q4,0,,,,
ABS:ERP_COMP_Q(1.0.0),12,AUS,Q,2001-Q1,0,,,,
ABS:ERP_COMP_Q(1.0.0),12,AUS,Q,2001-Q2,0,,,,
ABS:ERP_COMP_Q(1.0.0),12,AUS,Q,2001-Q3,-7.9,,,,
ABS:ERP_COMP_Q(1.0.0),12,AUS,Q,2001-Q4,3.7,,,,
ABS:ERP_COMP_Q(1.0.0),12,AUS,Q,2002-Q1,-14.2,,,,
ABS:ERP_COMP_Q(1.0.0),12,AUS,Q,2002-Q2,-4.7,,,,
ABS:ERP_COMP_Q(1.0.0),12,AUS,Q,2002-Q3,-10.1,,,,
ABS:ERP_COMP_Q(1.0.0),12,AUS,Q,2002-Q4,0.4,,,,
ABS:ERP_COMP_Q(1.0.0),12,AUS,Q,2003-Q1,-18.8,,,,
ABS:ERP_COMP_Q(1.0.0),12,AUS,Q,2003-Q2,-9.3,,,,
ABS:ERP_COMP_Q(1.0.0),12,AUS,Q,2003-Q3,-20.2,,,,
ABS:ERP_COMP_Q(1.0.0),12,AUS,Q,2003-Q4,-5.2,,,,
ABS:ERP_COMP_Q(1.0.0),12,AUS,Q,2004-Q1,-27.5,,,,
ABS:ERP_COMP_Q(1.0.0),12,AUS,Q,2004-Q2,-11.8,,,,
ABS:ERP_COMP_Q(1.0.0),12,AUS,Q,2004-Q3,-20.4,,,,
ABS:ERP_COMP_Q(1.0.0),12,AUS,Q,2004-Q4,-2.8,,,,
ABS:ERP_COMP_Q(1.0.0),12,AUS,Q,2005-Q1,-21.8,,,,
ABS:ERP_COMP_Q(1.0.0),12,AUS,Q,2005-Q2,-9.3,,,,
ABS:ERP_COMP_Q(1.0.0),12,AUS,Q,2005-Q3,-17.7,,,,
ABS:ERP_COMP_Q(1.0.0),12,AUS,Q,2005-Q4,-4.8,,,,
ABS:ERP_COMP_Q(1.0.0),12,AUS,Q,2006-Q1,-20.5,,,,
ABS:ERP_COMP_Q(1.0.0),12,AUS,Q,2006-Q2,-9.6,,,,
ABS:ERP_COMP_Q(1.0.0),12,AUS,Q,2006-Q3,0,,,,
ABS:ERP_COMP_Q(1.0.0),12,AUS,Q,2006-Q4,0,,,,
ABS:ERP_COMP_Q(1.0.0),12,AUS,Q,2007-Q1,0,,,,
ABS:ERP_COMP_Q(1.0.0),12,AUS,Q,2007-Q2,0,,,,
ABS:ERP_COMP_Q(1.0.0),12,AUS,Q,2007-Q3,0,,,,
ABS:ERP_COMP_Q(1.0.0),12,AUS,Q,2007-Q4,0,,,,
ABS:ERP_COMP_Q(1.0.0),12,AUS,Q,2008-Q1,0,,,,
ABS:ERP_COMP_Q(1.0.0),12,AUS,Q,2008-Q2,0,,,,
ABS:ERP_COMP_Q(1.0.0),12,AUS,Q,2008-Q3,0,,,,
ABS:ERP_COMP_Q(1.0.0),12,AUS,Q,2008-Q4,0,,,,
ABS:ERP_COMP_Q(1.0.0),12,AUS,Q,2009-Q1,0,,,,
ABS:ERP_COMP_Q(1.0.0),12,AUS,Q,2009-Q2,0,,,,
ABS:ERP_COMP_Q(1.0.0),12,AUS,Q,2009-Q3,0,,,,
ABS:ERP_COMP_Q(1.0.0),12,AUS,Q,2009-Q4,0,,,,
ABS:ERP_COMP_Q(1.0.0),12,AUS,Q,2010-Q1,0,,,,
ABS:ERP_COMP_Q(1.0.0),12,AUS,Q,2010-Q2,0,,,,
ABS:ERP_COMP_Q(1.0.0),12,AUS,Q,2010-Q3,0,,,,
ABS:ERP_COMP_Q(1.0.0),12,AUS,Q,2010-Q4,0,,,,
ABS:ERP_COMP_Q(1.0.0),12,AUS,Q,2011-Q1,0,,,,
ABS:ERP_COMP_Q(1.0.0),12,AUS,Q,2011-Q2,0,,,,
ABS:ERP_COMP_Q(1.0.0),12,AUS,Q,2011-Q3,0,,,,
ABS:ERP_COMP_Q(1.0.0),12,AUS,Q,2011-Q4,0,,,,
ABS:ERP_COMP_Q(1.0.0),12,AUS,Q,2012-Q1,0,,,,
ABS:ERP_COMP_Q(1.0.0),12,AUS,Q,2012-Q2,0,,,,
ABS:ERP_COMP_Q(1.0.0),12,AUS,Q,2012-Q3,0,,,,
ABS:ERP_COMP_Q(1.0.0),12,AUS,Q,2012-Q4,0,,,,
ABS:ERP_COMP_Q(1.0.0),12,AUS,Q,2013-Q1,0,,,,
ABS:ERP_COMP_Q(1.0.0),12,AUS,Q,2013-Q2,0,,,,
ABS:ERP_COMP_Q(1.0.0),12,AUS,Q,2013-Q3,0,,,,
ABS:ERP_COMP_Q(1.0.0),12,AUS,Q,2013-Q4,0,,,,
ABS:ERP_COMP_Q(1.0.0),12,AUS,Q,2014-Q1,0,,,,
ABS:ERP_COMP_Q(1.0.0),12,AUS,Q,2014-Q2,0,,,,
ABS:ERP_COMP_Q(1.0.0),12,AUS,Q,2014-Q3,0,,,,
ABS:ERP_COMP_Q(1.0.0),12,AUS,Q,2014-Q4,0,,,,
ABS:ERP_COMP_Q(1.0.0),12,AUS,Q,2015-Q1,0,,,,
ABS:ERP_COMP_Q(1.0.0),12,AUS,Q,2015-Q2,0,,,,
ABS:ERP_COMP_Q(1.0.0),12,AUS,Q,2015-Q3,0,,,,
ABS:ERP_COMP_Q(1.0.0),12,AUS,Q,2015-Q4,0,,,,
ABS:ERP_COMP_Q(1.0.0),12,AUS,Q,2016-Q1,0,,,,
ABS:ERP_COMP_Q(1.0.0),12,AUS,Q,2016-Q2,0,,,,
ABS:ERP_COMP_Q(1.0.0),12,AUS,Q,2016-Q3,0,,,,
ABS:ERP_COMP_Q(1.0.0),12,AUS,Q,2016-Q4,0,,,,
ABS:ERP_COMP_Q(1.0.0),12,AUS,Q,2017-Q1,0,,,,
ABS:ERP_COMP_Q(1.0.0),12,AUS,Q,2017-Q2,0,,,,
ABS:ERP_COMP_Q(1.0.0),12,AUS,Q,2017-Q3,0,,,,
ABS:ERP_COMP_Q(1.0.0),12,AUS,Q,2017-Q4,0,,,,
ABS:ERP_COMP_Q(1.0.0),12,AUS,Q,2018-Q1,0,,,,
ABS:ERP_COMP_Q(1.0.0),12,AUS,Q,2018-Q2,0,,,,
ABS:ERP_COMP_Q(1.0.0),12,AUS,Q,2018-Q3,0,,,,
ABS:ERP_COMP_Q(1.0.0),12,AUS,Q,2018-Q4,0,,,,
ABS:ERP_COMP_Q(1.0.0),12,AUS,Q,2019-Q1,0,,,,
ABS:ERP_COMP_Q(1.0.0),12,AUS,Q,2019-Q2,0,,,,
ABS:ERP_COMP_Q(1.0.0),12,AUS,Q,2019-Q3,0,,,,
ABS:ERP_COMP_Q(1.0.0),12,AUS,Q,2019-Q4,0,,,,
ABS:ERP_COMP_Q(1.0.0),12,AUS,Q,2020-Q1,0,,,,
ABS:ERP_COMP_Q(1.0.0),12,AUS,Q,2020-Q2,0,,,,
ABS:ERP_COMP_Q(1.0.0),12,AUS,Q,2020-Q3,0,,,,
ABS:ERP_COMP_Q(1.0.0),12,AUS,Q,2020-Q4,0,,,,
ABS:ERP_COMP_Q(1.0.0),12,AUS,Q,2021-Q1,0,,,,
ABS:ERP_COMP_Q(1.0.0),12,AUS,Q,2021-Q2,0,,,,
ABS:ERP_COMP_Q(1.0.0),12,AUS,Q,2021-Q3,0,,,,
ABS:ERP_COMP_Q(1.0.0),12,AUS,Q,2021-Q4,0,,,,
ABS:ERP_COMP_Q(1.0.0),12,AUS,Q,2022-Q1,0,,,,
ABS:ERP_COMP_Q(1.0.0),12,AUS,Q,2022-Q2,0,,,,
ABS:ERP_COMP_Q(1.0.0),12,AUS,Q,2022-Q3,0,,,,
ABS:ERP_COMP_Q(1.0.0),12,AUS,Q,2022-Q4,0,,,,
ABS:ERP_COMP_Q(1.0.0),12,AUS,Q,2023-Q1,0,,,,
ABS:ERP_COMP_Q(1.0.0),12,AUS,Q,2023-Q2,0,,,,
ABS:ERP_COMP_Q(1.0.0),12,AUS,Q,2023-Q3,0,,,,
ABS:ERP_COMP_Q(1.0.0),12,AUS,Q,2023-Q4,0,,,,
ABS:ERP_COMP_Q(1.0.0),12,AUS,Q,2024-Q1,0,,,,
ABS:ERP_COMP_Q(1.0.0),12,AUS,Q,2024-Q2,0,,,,
ABS:ERP_COMP_Q(1.0.0),12,AUS,Q,2024-Q3,0,,,,
ABS:ERP_COMP_Q(1.0.0),12,AUS,Q,2024-Q4,0,,,,
ABS:ERP_COMP_Q(1.0.0),12,AUS,Q,2025-Q1,0,,,,
ABS:ERP_COMP_Q(1.0.0),12,AUS,Q,2025-Q2,0,,,,
ABS:ERP_COMP_Q(1.0.0),12,AUS,Q,2025-Q3,0,,,,
ABS:ERP_COMP_Q(1.0.0),12,AUS,Q,2025-Q4,0,,,,
ABS:ERP_COMP_Q(1.0.0),7,AUS,Q,1981-Q2,48.2,,,,
ABS:ERP_COMP_Q(1.0.0),7,AUS,Q,1981-Q3,50,,,,
ABS:ERP_COMP_Q(1.0.0),7,AUS,Q,1981-Q4,56.7,,,,
ABS:ERP_COMP_Q(1.0.0),7,AUS,Q,1982-Q1,58.7,,,,
ABS:ERP_COMP_Q(1.0.0),7,AUS,Q,1982-Q2,45.3,,,,
ABS:ERP_COMP_Q(1.0.0),7,AUS,Q,1982-Q3,45.6,,,,
ABS:ERP_COMP_Q(1.0.0),7,AUS,Q,1982-Q4,45.6,,,,
ABS:ERP_COMP_Q(1.0.0),7,AUS,Q,1983-Q1,47.4,,,,
ABS:ERP_COMP_Q(1.0.0),7,AUS,Q,1983-Q2,34.1,,,,
ABS:ERP_COMP_Q(1.0.0),7,AUS,Q,1983-Q3,34.2,,,,
ABS:ERP_COMP_Q(1.0.0),7,AUS,Q,1983-Q4,37.8,,,,
ABS:ERP_COMP_Q(1.0.0),7,AUS,Q,1984-Q1,41.3,,,,
ABS:ERP_COMP_Q(1.0.0),7,AUS,Q,1984-Q2,32,,,,
ABS:ERP_COMP_Q(1.0.0),7,AUS,Q,1984-Q3,36.8,,,,
ABS:ERP_COMP_Q(1.0.0),7,AUS,Q,1984-Q4,43.4,,,,
ABS:ERP_COMP_Q(1.0.0),7,AUS,Q,1985-Q1,46.5,,,,
ABS:ERP_COMP_Q(1.0.0),7,AUS,Q,1985-Q2,36.5,,,,
ABS:ERP_COMP_Q(1.0.0),7,AUS,Q,1985-Q3,40.9,,,,
ABS:ERP_COMP_Q(1.0.0),7,AUS,Q,1985-Q4,48.7,,,,
ABS:ERP_COMP_Q(1.0.0),7,AUS,Q,1986-Q1,53.6,,,,
ABS:ERP_COMP_Q(1.0.0),7,AUS,Q,1986-Q2,43.2,,,,
ABS:ERP_COMP_Q(1.0.0),7,AUS,Q,1986-Q3,47.2,,,,
ABS:ERP_COMP_Q(1.0.0),7,AUS,Q,1986-Q4,52.7,,,,
ABS:ERP_COMP_Q(1.0.0),7,AUS,Q,1987-Q1,57.1,,,,
ABS:ERP_COMP_Q(1.0.0),7,AUS,Q,1987-Q2,47.5,,,,
ABS:ERP_COMP_Q(1.0.0),7,AUS,Q,1987-Q3,54.2,,,,
ABS:ERP_COMP_Q(1.0.0),7,AUS,Q,1987-Q4,62.8,,,,
ABS:ERP_COMP_Q(1.0.0),7,AUS,Q,1988-Q1,69.8,,,,
ABS:ERP_COMP_Q(1.0.0),7,AUS,Q,1988-Q2,55.4,,,,
ABS:ERP_COMP_Q(1.0.0),7,AUS,Q,1988-Q3,62.5,,,,
ABS:ERP_COMP_Q(1.0.0),7,AUS,Q,1988-Q4,66.1,,,,
ABS:ERP_COMP_Q(1.0.0),7,AUS,Q,1989-Q1,67.9,,,,
ABS:ERP_COMP_Q(1.0.0),7,AUS,Q,1989-Q2,53.4,,,,
ABS:ERP_COMP_Q(1.0.0),7,AUS,Q,1989-Q3,57.5,,,,
ABS:ERP_COMP_Q(1.0.0),7,AUS,Q,1989-Q4,59.3,,,,
ABS:ERP_COMP_Q(1.0.0),7,AUS,Q,1990-Q1,64.3,,,,
ABS:ERP_COMP_Q(1.0.0),7,AUS,Q,1990-Q2,50.8,,,,
ABS:ERP_COMP_Q(1.0.0),7,AUS,Q,1990-Q3,58.7,,,,
ABS:ERP_COMP_Q(1.0.0),7,AUS,Q,1990-Q4,60.2,,,,
ABS:ERP_COMP_Q(1.0.0),7,AUS,Q,1991-Q1,68.5,,,,
ABS:ERP_COMP_Q(1.0.0),7,AUS,Q,1991-Q2,49,,,,
ABS:ERP_COMP_Q(1.0.0),7,AUS,Q,1991-Q3,60.1,,,,
ABS:ERP_COMP_Q(1.0.0),7,AUS,Q,1991-Q4,59.6,,,,
ABS:ERP_COMP_Q(1.0.0),7,AUS,Q,1992-Q1,68.3,,,,
ABS:ERP_COMP_Q(1.0.0),7,AUS,Q,1992-Q2,46.1,,,,
ABS:ERP_COMP_Q(1.0.0),7,AUS,Q,1992-Q3,52.4,,,,
ABS:ERP_COMP_Q(1.0.0),7,AUS,Q,1992-Q4,53.7,,,,
ABS:ERP_COMP_Q(1.0.0),7,AUS,Q,1993-Q1,59.3,,,,
ABS:ERP_COMP_Q(1.0.0),7,AUS,Q,1993-Q2,38.4,,,,
ABS:ERP_COMP_Q(1.0.0),7,AUS,Q,1993-Q3,49.3,,,,
ABS:ERP_COMP_Q(1.0.0),7,AUS,Q,1993-Q4,50.9,,,,
ABS:ERP_COMP_Q(1.0.0),7,AUS,Q,1994-Q1,63.5,,,,
ABS:ERP_COMP_Q(1.0.0),7,AUS,Q,1994-Q2,43.7,,,,
ABS:ERP_COMP_Q(1.0.0),7,AUS,Q,1994-Q3,56.6,,,,
ABS:ERP_COMP_Q(1.0.0),7,AUS,Q,1994-Q4,58.2,,,,
ABS:ERP_COMP_Q(1.0.0),7,AUS,Q,1995-Q1,73.3,,,,
ABS:ERP_COMP_Q(1.0.0),7,AUS,Q,1995-Q2,50.5,,,,
ABS:ERP_COMP_Q(1.0.0),7,AUS,Q,1995-Q3,64,,,,
ABS:ERP_COMP_Q(1.0.0),7,AUS,Q,1995-Q4,66.2,,,,
ABS:ERP_COMP_Q(1.0.0),7,AUS,Q,1996-Q1,82.7,,,,
ABS:ERP_COMP_Q(1.0.0),7,AUS,Q,1996-Q2,49.9,,,,
ABS:ERP_COMP_Q(1.0.0),7,AUS,Q,1996-Q3,64.3,,,,
ABS:ERP_COMP_Q(1.0.0),7,AUS,Q,1996-Q4,64.4,,,,
ABS:ERP_COMP_Q(1.0.0),7,AUS,Q,1997-Q1,82.7,,,,
ABS:ERP_COMP_Q(1.0.0),7,AUS,Q,1997-Q2,49.5,,,,
ABS:ERP_COMP_Q(1.0.0),7,AUS,Q,1997-Q3,65.1,,,,
ABS:ERP_COMP_Q(1.0.0),7,AUS,Q,1997-Q4,62.9,,,,
ABS:ERP_COMP_Q(1.0.0),7,AUS,Q,1998-Q1,83.4,,,,
ABS:ERP_COMP_Q(1.0.0),7,AUS,Q,1998-Q2,54.1,,,,
ABS:ERP_COMP_Q(1.0.0),7,AUS,Q,1998-Q3,67.6,,,,
ABS:ERP_COMP_Q(1.0.0),7,AUS,Q,1998-Q4,63.3,,,,
ABS:ERP_COMP_Q(1.0.0),7,AUS,Q,1999-Q1,85.4,,,,
ABS:ERP_COMP_Q(1.0.0),7,AUS,Q,1999-Q2,55.6,,,,
ABS:ERP_COMP_Q(1.0.0),7,AUS,Q,1999-Q3,75.3,,,,
ABS:ERP_COMP_Q(1.0.0),7,AUS,Q,1999-Q4,73.6,,,,
ABS:ERP_COMP_Q(1.0.0),7,AUS,Q,2000-Q1,93.9,,,,
ABS:ERP_COMP_Q(1.0.0),7,AUS,Q,2000-Q2,62.4,,,,
ABS:ERP_COMP_Q(1.0.0),7,AUS,Q,2000-Q3,80.2,,,,
ABS:ERP_COMP_Q(1.0.0),7,AUS,Q,2000-Q4,81,,,,
ABS:ERP_COMP_Q(1.0.0),7,AUS,Q,2001-Q1,116.1,,,,
ABS:ERP_COMP_Q(1.0.0),7,AUS,Q,2001-Q2,71.2,,,,
ABS:ERP_COMP_Q(1.0.0),7,AUS,Q,2001-Q3,88.8,,,,
ABS:ERP_COMP_Q(1.0.0),7,AUS,Q,2001-Q4,80.4,,,,
ABS:ERP_COMP_Q(1.0.0),7,AUS,Q,2002-Q1,113.9,,,,
ABS:ERP_COMP_Q(1.0.0),7,AUS,Q,2002-Q2,70.3,,,,
ABS:ERP_COMP_Q(1.0.0),7,AUS,Q,2002-Q3,93.6,,,,
ABS:ERP_COMP_Q(1.0.0),7,AUS,Q,2002-Q4,84.2,,,,
ABS:ERP_COMP_Q(1.0.0),7,AUS,Q,2003-Q1,122,,,,
ABS:ERP_COMP_Q(1.0.0),7,AUS,Q,2003-Q2,74.1,,,,
ABS:ERP_COMP_Q(1.0.0),7,AUS,Q,2003-Q3,101.7,,,,
ABS:ERP_COMP_Q(1.0.0),7,AUS,Q,2003-Q4,90.7,,,,
ABS:ERP_COMP_Q(1.0.0),7,AUS,Q,2004-Q1,128.9,,,,
ABS:ERP_COMP_Q(1.0.0),7,AUS,Q,2004-Q2,80,,,,
ABS:ERP_COMP_Q(1.0.0),7,AUS,Q,2004-Q3,107.7,,,,
ABS:ERP_COMP_Q(1.0.0),7,AUS,Q,2004-Q4,95.9,,,,
ABS:ERP_COMP_Q(1.0.0),7,AUS,Q,2005-Q1,138.7,,,,
ABS:ERP_COMP_Q(1.0.0),7,AUS,Q,2005-Q2,84.6,,,,
ABS:ERP_COMP_Q(1.0.0),7,AUS,Q,2005-Q3,114.1,,,,
ABS:ERP_COMP_Q(1.0.0),7,AUS,Q,2005-Q4,104.9,,,,
ABS:ERP_COMP_Q(1.0.0),7,AUS,Q,2006-Q1,146,,,,
ABS:ERP_COMP_Q(1.0.0),7,AUS,Q,2006-Q2,92.4,,,,
ABS:ERP_COMP_Q(1.0.0),7,AUS,Q,2006-Q3,108.4,,,,
ABS:ERP_COMP_Q(1.0.0),7,AUS,Q,2006-Q4,105,,,,
ABS:ERP_COMP_Q(1.0.0),7,AUS,Q,2007-Q1,125.2,,,,
ABS:ERP_COMP_Q(1.0.0),7,AUS,Q,2007-Q2,98.8,,,,
ABS:ERP_COMP_Q(1.0.0),7,AUS,Q,2007-Q3,120.1,,,,
ABS:ERP_COMP_Q(1.0.0),7,AUS,Q,2007-Q4,116.4,,,,
ABS:ERP_COMP_Q(1.0.0),7,AUS,Q,2008-Q1,146.6,,,,
ABS:ERP_COMP_Q(1.0.0),7,AUS,Q,2008-Q2,118.2,,,,
ABS:ERP_COMP_Q(1.0.0),7,AUS,Q,2008-Q3,139,,,,
ABS:ERP_COMP_Q(1.0.0),7,AUS,Q,2008-Q4,132.2,,,,
ABS:ERP_COMP_Q(1.0.0),7,AUS,Q,2009-Q1,143.2,,,,
ABS:ERP_COMP_Q(1.0.0),7,AUS,Q,2009-Q2,105.4,,,,
ABS:ERP_COMP_Q(1.0.0),7,AUS,Q,2009-Q3,122.6,,,,
ABS:ERP_COMP_Q(1.0.0),7,AUS,Q,2009-Q4,107.6,,,,
ABS:ERP_COMP_Q(1.0.0),7,AUS,Q,2010-Q1,119.2,,,,
ABS:ERP_COMP_Q(1.0.0),7,AUS,Q,2010-Q2,88.5,,,,
ABS:ERP_COMP_Q(1.0.0),7,AUS,Q,2010-Q3,109.6,,,,
ABS:ERP_COMP_Q(1.0.0),7,AUS,Q,2010-Q4,107.8,,,,
ABS:ERP_COMP_Q(1.0.0),7,AUS,Q,2011-Q1,120.4,,,,
ABS:ERP_COMP_Q(1.0.0),7,AUS,Q,2011-Q2,94,,,,
ABS:ERP_COMP_Q(1.0.0),7,AUS,Q,2011-Q3,117.7,,,,
ABS:ERP_COMP_Q(1.0.0),7,AUS,Q,2011-Q4,116.9,,,,
ABS:ERP_COMP_Q(1.0.0),7,AUS,Q,2012-Q1,128.7,,,,
ABS:ERP_COMP_Q(1.0.0),7,AUS,Q,2012-Q2,104,,,,
ABS:ERP_COMP_Q(1.0.0),7,AUS,Q,2012-Q3,125.9,,,,
ABS:ERP_COMP_Q(1.0.0),7,AUS,Q,2012-Q4,119.7,,,,
ABS:ERP_COMP_Q(1.0.0),7,AUS,Q,2013-Q1,134.2,,,,
ABS:ERP_COMP_Q(1.0.0),7,AUS,Q,2013-Q2,102.2,,,,
ABS:ERP_COMP_Q(1.0.0),7,AUS,Q,2013-Q3,128.1,,,,
ABS:ERP_COMP_Q(1.0.0),7,AUS,Q,2013-Q4,114.1,,,,
ABS:ERP_COMP_Q(1.0.0),7,AUS,Q,2014-Q1,128.2,,,,
ABS:ERP_COMP_Q(1.0.0),7,AUS,Q,2014-Q2,94.3,,,,
ABS:ERP_COMP_Q(1.0.0),7,AUS,Q,2014-Q3,123.3,,,,
ABS:ERP_COMP_Q(1.0.0),7,AUS,Q,2014-Q4,113,,,,
ABS:ERP_COMP_Q(1.0.0),7,AUS,Q,2015-Q1,130,,,,
ABS:ERP_COMP_Q(1.0.0),7,AUS,Q,2015-Q2,98.9,,,,
ABS:ERP_COMP_Q(1.0.0),7,AUS,Q,2015-Q3,127.4,,,,
ABS:ERP_COMP_Q(1.0.0),7,AUS,Q,2015-Q4,116.9,,,,
ABS:ERP_COMP_Q(1.0.0),7,AUS,Q,2016-Q1,138.1,,,,
ABS:ERP_COMP_Q(1.0.0),7,AUS,Q,2016-Q2,106.8,,,,
ABS:ERP_COMP_Q(1.0.0),7,AUS,Q,2016-Q3,145.2,,,,
ABS:ERP_COMP_Q(1.0.0),7,AUS,Q,2016-Q4,129.4,,,,
ABS:ERP_COMP_Q(1.0.0),7,AUS,Q,2017-Q1,155.1,,,,
ABS:ERP_COMP_Q(1.0.0),7,AUS,Q,2017-Q2,110.3,,,,
ABS:ERP_COMP_Q(1.0.0),7,AUS,Q,2017-Q3,145.2,,,,
ABS:ERP_COMP_Q(1.0.0),7,AUS,Q,2017-Q4,120.8,,,,
ABS:ERP_COMP_Q(1.0.0),7,AUS,Q,2018-Q1,151,,,,
ABS:ERP_COMP_Q(1.0.0),7,AUS,Q,2018-Q2,110.6,,,,
ABS:ERP_COMP_Q(1.0.0),7,AUS,Q,2018-Q3,148.6,,,,
ABS:ERP_COMP_Q(1.0.0),7,AUS,Q,2018-Q4,124.2,,,,
ABS:ERP_COMP_Q(1.0.0),7,AUS,Q,2019-Q1,153.2,,,,
ABS:ERP_COMP_Q(1.0.0),7,AUS,Q,2019-Q2,124.4,,,,
ABS:ERP_COMP_Q(1.0.0),7,AUS,Q,2019-Q3,164.5,,,,
ABS:ERP_COMP_Q(1.0.0),7,AUS,Q,2019-Q4,165.7,,,,
ABS:ERP_COMP_Q(1.0.0),7,AUS,Q,2020-Q1,163.7,,,,
ABS:ERP_COMP_Q(1.0.0),7,AUS,Q,2020-Q2,12.9,,,,
ABS:ERP_COMP_Q(1.0.0),7,AUS,Q,2020-Q3,19.6,,,,
ABS:ERP_COMP_Q(1.0.0),7,AUS,Q,2020-Q4,39.1,,,,
ABS:ERP_COMP_Q(1.0.0),7,AUS,Q,2021-Q1,41.3,,,,
ABS:ERP_COMP_Q(1.0.0),7,AUS,Q,2021-Q2,45.9,,,,
ABS:ERP_COMP_Q(1.0.0),7,AUS,Q,2021-Q3,34.9,,,,
ABS:ERP_COMP_Q(1.0.0),7,AUS,Q,2021-Q4,92.3,,,,
ABS:ERP_COMP_Q(1.0.0),7,AUS,Q,2022-Q1,161,,,,
ABS:ERP_COMP_Q(1.0.0),7,AUS,Q,2022-Q2,135.8,,,,
ABS:ERP_COMP_Q(1.0.0),7,AUS,Q,2022-Q3,180.2,,,,
ABS:ERP_COMP_Q(1.0.0),7,AUS,Q,2022-Q4,174.4,,,,
ABS:ERP_COMP_Q(1.0.0),7,AUS,Q,2023-Q1,214.6,,,,
ABS:ERP_COMP_Q(1.0.0),7,AUS,Q,2023-Q2,169.2,,,,
ABS:ERP_COMP_Q(1.0.0),7,AUS,Q,2023-Q3,197.3,,,,
ABS:ERP_COMP_Q(1.0.0),7,AUS,Q,2023-Q4,158,,,,
ABS:ERP_COMP_Q(1.0.0),7,AUS,Q,2024-Q1,185.4,,,,
ABS:ERP_COMP_Q(1.0.0),7,AUS,Q,2024-Q2,120.8,,,,
ABS:ERP_COMP_Q(1.0.0),7,AUS,Q,2024-Q3,152,,,,
ABS:ERP_COMP_Q(1.0.0),7,AUS,Q,2024-Q4,137.7,,,,
ABS:ERP_COMP_Q(1.0.0),7,AUS,Q,2025-Q1,170,,,,
ABS:ERP_COMP_Q(1.0.0),7,AUS,Q,2025-Q2,110.3,,,,
ABS:ERP_COMP_Q(1.0.0),7,AUS,Q,2025-Q3,154.4,,,,
ABS:ERP_COMP_Q(1.0.0),7,AUS,Q,2025-Q4,128.8,,,,
ABS:ERP_COMP_Q(1.0.0),6,4,Q,1981-Q2,-1675,,,,
ABS:ERP_COMP_Q(1.0.0),6,4,Q,1981-Q3,-1846,,,,
ABS:ERP_COMP_Q(1.0.0),6,4,Q,1981-Q4,-988,,,,
ABS:ERP_COMP_Q(1.0.0),6,4,Q,1982-Q1,-602,,,,
ABS:ERP_COMP_Q(1.0.0),6,4,Q,1982-Q2,-1439,,,,
ABS:ERP_COMP_Q(1.0.0),6,4,Q,1982-Q3,-722,,,,
ABS:ERP_COMP_Q(1.0.0),6,4,Q,1982-Q4,60,,,,
ABS:ERP_COMP_Q(1.0.0),6,4,Q,1983-Q1,140,,,,
ABS:ERP_COMP_Q(1.0.0),6,4,Q,1983-Q2,194,,,,
ABS:ERP_COMP_Q(1.0.0),6,4,Q,1983-Q3,406,,,,
ABS:ERP_COMP_Q(1.0.0),6,4,Q,1983-Q4,88,,,,
ABS:ERP_COMP_Q(1.0.0),6,4,Q,1984-Q1,-185,,,,
ABS:ERP_COMP_Q(1.0.0),6,4,Q,1984-Q2,244,,,,
ABS:ERP_COMP_Q(1.0.0),6,4,Q,1984-Q3,-601,,,,
ABS:ERP_COMP_Q(1.0.0),6,4,Q,1984-Q4,-673,,,,
ABS:ERP_COMP_Q(1.0.0),6,4,Q,1985-Q1,-156,,,,
ABS:ERP_COMP_Q(1.0.0),6,4,Q,1985-Q2,-887,,,,
ABS:ERP_COMP_Q(1.0.0),6,4,Q,1985-Q3,-659,,,,
ABS:ERP_COMP_Q(1.0.0),6,4,Q,1985-Q4,-197,,,,
ABS:ERP_COMP_Q(1.0.0),6,4,Q,1986-Q1,-91,,,,
ABS:ERP_COMP_Q(1.0.0),6,4,Q,1986-Q2,-470,,,,
ABS:ERP_COMP_Q(1.0.0),6,4,Q,1986-Q3,-1094,,,,
ABS:ERP_COMP_Q(1.0.0),6,4,Q,1986-Q4,-1344,,,,
ABS:ERP_COMP_Q(1.0.0),6,4,Q,1987-Q1,-794,,,,
ABS:ERP_COMP_Q(1.0.0),6,4,Q,1987-Q2,-745,,,,
ABS:ERP_COMP_Q(1.0.0),6,4,Q,1987-Q3,-48,,,,
ABS:ERP_COMP_Q(1.0.0),6,4,Q,1987-Q4,-144,,,,
ABS:ERP_COMP_Q(1.0.0),6,4,Q,1988-Q1,-459,,,,
ABS:ERP_COMP_Q(1.0.0),6,4,Q,1988-Q2,-589,,,,
ABS:ERP_COMP_Q(1.0.0),6,4,Q,1988-Q3,-333,,,,
ABS:ERP_COMP_Q(1.0.0),6,4,Q,1988-Q4,138,,,,
ABS:ERP_COMP_Q(1.0.0),6,4,Q,1989-Q1,573,,,,
ABS:ERP_COMP_Q(1.0.0),6,4,Q,1989-Q2,-599,,,,
ABS:ERP_COMP_Q(1.0.0),6,4,Q,1989-Q3,-170,,,,
ABS:ERP_COMP_Q(1.0.0),6,4,Q,1989-Q4,136,,,,
ABS:ERP_COMP_Q(1.0.0),6,4,Q,1990-Q1,267,,,,
ABS:ERP_COMP_Q(1.0.0),6,4,Q,1990-Q2,-485,,,,
ABS:ERP_COMP_Q(1.0.0),6,4,Q,1990-Q3,446,,,,
ABS:ERP_COMP_Q(1.0.0),6,4,Q,1990-Q4,287,,,,
ABS:ERP_COMP_Q(1.0.0),6,4,Q,1991-Q1,575,,,,
ABS:ERP_COMP_Q(1.0.0),6,4,Q,1991-Q2,237,,,,
ABS:ERP_COMP_Q(1.0.0),6,4,Q,1991-Q3,156,,,,
ABS:ERP_COMP_Q(1.0.0),6,4,Q,1991-Q4,-325,,,,
ABS:ERP_COMP_Q(1.0.0),6,4,Q,1992-Q1,50,,,,
ABS:ERP_COMP_Q(1.0.0),6,4,Q,1992-Q2,-539,,,,
ABS:ERP_COMP_Q(1.0.0),6,4,Q,1992-Q3,-1324,,,,
ABS:ERP_COMP_Q(1.0.0),6,4,Q,1992-Q4,-810,,,,
ABS:ERP_COMP_Q(1.0.0),6,4,Q,1993-Q1,-2136,,,,
ABS:ERP_COMP_Q(1.0.0),6,4,Q,1993-Q2,-940,,,,
ABS:ERP_COMP_Q(1.0.0),6,4,Q,1993-Q3,-786,,,,
ABS:ERP_COMP_Q(1.0.0),6,4,Q,1993-Q4,-799,,,,
ABS:ERP_COMP_Q(1.0.0),6,4,Q,1994-Q1,-1445,,,,
ABS:ERP_COMP_Q(1.0.0),6,4,Q,1994-Q2,-948,,,,
ABS:ERP_COMP_Q(1.0.0),6,4,Q,1994-Q3,-1504,,,,
ABS:ERP_COMP_Q(1.0.0),6,4,Q,1994-Q4,-1357,,,,
ABS:ERP_COMP_Q(1.0.0),6,4,Q,1995-Q1,-2214,,,,
ABS:ERP_COMP_Q(1.0.0),6,4,Q,1995-Q2,-1994,,,,
ABS:ERP_COMP_Q(1.0.0),6,4,Q,1995-Q3,-2144,,,,
ABS:ERP_COMP_Q(1.0.0),6,4,Q,1995-Q4,-1493,,,,
ABS:ERP_COMP_Q(1.0.0),6,4,Q,1996-Q1,-1465,,,,
ABS:ERP_COMP_Q(1.0.0),6,4,Q,1996-Q2,-1090,,,,
ABS:ERP_COMP_Q(1.0.0),6,4,Q,1996-Q3,-1209,,,,
ABS:ERP_COMP_Q(1.0.0),6,4,Q,1996-Q4,-855,,,,
ABS:ERP_COMP_Q(1.0.0),6,4,Q,1997-Q1,-710,,,,
ABS:ERP_COMP_Q(1.0.0),6,4,Q,1997-Q2,-544,,,,
ABS:ERP_COMP_Q(1.0.0),6,4,Q,1997-Q3,-468,,,,
ABS:ERP_COMP_Q(1.0.0),6,4,Q,1997-Q4,-743,,,,
ABS:ERP_COMP_Q(1.0.0),6,4,Q,1998-Q1,-283,,,,
ABS:ERP_COMP_Q(1.0.0),6,4,Q,1998-Q2,-502,,,,
ABS:ERP_COMP_Q(1.0.0),6,4,Q,1998-Q3,-144,,,,
ABS:ERP_COMP_Q(1.0.0),6,4,Q,1998-Q4,-552,,,,
ABS:ERP_COMP_Q(1.0.0),6,4,Q,1999-Q1,-381,,,,
ABS:ERP_COMP_Q(1.0.0),6,4,Q,1999-Q2,-554,,,,
ABS:ERP_COMP_Q(1.0.0),6,4,Q,1999-Q3,-326,,,,
ABS:ERP_COMP_Q(1.0.0),6,4,Q,1999-Q4,-943,,,,
ABS:ERP_COMP_Q(1.0.0),6,4,Q,2000-Q1,-1425,,,,
ABS:ERP_COMP_Q(1.0.0),6,4,Q,2000-Q2,-837,,,,
ABS:ERP_COMP_Q(1.0.0),6,4,Q,2000-Q3,-618,,,,
ABS:ERP_COMP_Q(1.0.0),6,4,Q,2000-Q4,-789,,,,
ABS:ERP_COMP_Q(1.0.0),6,4,Q,2001-Q1,-821,,,,
ABS:ERP_COMP_Q(1.0.0),6,4,Q,2001-Q2,-190,,,,
ABS:ERP_COMP_Q(1.0.0),6,4,Q,2001-Q3,-509,,,,
ABS:ERP_COMP_Q(1.0.0),6,4,Q,2001-Q4,-32,,,,
ABS:ERP_COMP_Q(1.0.0),6,4,Q,2002-Q1,-396,,,,
ABS:ERP_COMP_Q(1.0.0),6,4,Q,2002-Q2,-371,,,,
ABS:ERP_COMP_Q(1.0.0),6,4,Q,2002-Q3,107,,,,
ABS:ERP_COMP_Q(1.0.0),6,4,Q,2002-Q4,-568,,,,
ABS:ERP_COMP_Q(1.0.0),6,4,Q,2003-Q1,-385,,,,
ABS:ERP_COMP_Q(1.0.0),6,4,Q,2003-Q2,-345,,,,
ABS:ERP_COMP_Q(1.0.0),6,4,Q,2003-Q3,-588,,,,
ABS:ERP_COMP_Q(1.0.0),6,4,Q,2003-Q4,-334,,,,
ABS:ERP_COMP_Q(1.0.0),6,4,Q,2004-Q1,-946,,,,
ABS:ERP_COMP_Q(1.0.0),6,4,Q,2004-Q2,-1042,,,,
ABS:ERP_COMP_Q(1.0.0),6,4,Q,2004-Q3,-468,,,,
ABS:ERP_COMP_Q(1.0.0),6,4,Q,2004-Q4,-1063,,,,
ABS:ERP_COMP_Q(1.0.0),6,4,Q,2005-Q1,-1017,,,,
ABS:ERP_COMP_Q(1.0.0),6,4,Q,2005-Q2,-678,,,,
ABS:ERP_COMP_Q(1.0.0),6,4,Q,2005-Q3,-724,,,,
ABS:ERP_COMP_Q(1.0.0),6,4,Q,2005-Q4,-947,,,,
ABS:ERP_COMP_Q(1.0.0),6,4,Q,2006-Q1,-205,,,,
ABS:ERP_COMP_Q(1.0.0),6,4,Q,2006-Q2,-835,,,,
ABS:ERP_COMP_Q(1.0.0),6,4,Q,2006-Q3,-500,,,,
ABS:ERP_COMP_Q(1.0.0),6,4,Q,2006-Q4,-1053,,,,
ABS:ERP_COMP_Q(1.0.0),6,4,Q,2007-Q1,-1033,,,,
ABS:ERP_COMP_Q(1.0.0),6,4,Q,2007-Q2,-785,,,,
ABS:ERP_COMP_Q(1.0.0),6,4,Q,2007-Q3,-888,,,,
ABS:ERP_COMP_Q(1.0.0),6,4,Q,2007-Q4,-958,,,,
ABS:ERP_COMP_Q(1.0.0),6,4,Q,2008-Q1,-1351,,,,
ABS:ERP_COMP_Q(1.0.0),6,4,Q,2008-Q2,-1024,,,,
ABS:ERP_COMP_Q(1.0.0),6,4,Q,2008-Q3,-1127,,,,
ABS:ERP_COMP_Q(1.0.0),6,4,Q,2008-Q4,-1418,,,,
ABS:ERP_COMP_Q(1.0.0),6,4,Q,2009-Q1,-1147,,,,
ABS:ERP_COMP_Q(1.0.0),6,4,Q,2009-Q2,-710,,,,
ABS:ERP_COMP_Q(1.0.0),6,4,Q,2009-Q3,-406,,,,
ABS:ERP_COMP_Q(1.0.0),6,4,Q,2009-Q4,-788,,,,
ABS:ERP_COMP_Q(1.0.0),6,4,Q,2010-Q1,-848,,,,
ABS:ERP_COMP_Q(1.0.0),6,4,Q,2010-Q2,-667,,,,
ABS:ERP_COMP_Q(1.0.0),6,4,Q,2010-Q3,-808,,,,
ABS:ERP_COMP_Q(1.0.0),6,4,Q,2010-Q4,-715,,,,
ABS:ERP_COMP_Q(1.0.0),6,4,Q,2011-Q1,-400,,,,
ABS:ERP_COMP_Q(1.0.0),6,4,Q,2011-Q2,-691,,,,
ABS:ERP_COMP_Q(1.0.0),6,4,Q,2011-Q3,-855,,,,
ABS:ERP_COMP_Q(1.0.0),6,4,Q,2011-Q4,-858,,,,
ABS:ERP_COMP_Q(1.0.0),6,4,Q,2012-Q1,-943,,,,
ABS:ERP_COMP_Q(1.0.0),6,4,Q,2012-Q2,-564,,,,
ABS:ERP_COMP_Q(1.0.0),6,4,Q,2012-Q3,-1038,,,,
ABS:ERP_COMP_Q(1.0.0),6,4,Q,2012-Q4,-1271,,,,
ABS:ERP_COMP_Q(1.0.0),6,4,Q,2013-Q1,-1269,,,,
ABS:ERP_COMP_Q(1.0.0),6,4,Q,2013-Q2,-1183,,,,
ABS:ERP_COMP_Q(1.0.0),6,4,Q,2013-Q3,-974,,,,
ABS:ERP_COMP_Q(1.0.0),6,4,Q,2013-Q4,-1319,,,,
ABS:ERP_COMP_Q(1.0.0),6,4,Q,2014-Q1,-837,,,,
ABS:ERP_COMP_Q(1.0.0),6,4,Q,2014-Q2,-760,,,,
ABS:ERP_COMP_Q(1.0.0),6,4,Q,2014-Q3,-926,,,,
ABS:ERP_COMP_Q(1.0.0),6,4,Q,2014-Q4,-1134,,,,
ABS:ERP_COMP_Q(1.0.0),6,4,Q,2015-Q1,-937,,,,
ABS:ERP_COMP_Q(1.0.0),6,4,Q,2015-Q2,-1573,,,,
ABS:ERP_COMP_Q(1.0.0),6,4,Q,2015-Q3,-1272,,,,
ABS:ERP_COMP_Q(1.0.0),6,4,Q,2015-Q4,-1972,,,,
ABS:ERP_COMP_Q(1.0.0),6,4,Q,2016-Q1,-1865,,,,
ABS:ERP_COMP_Q(1.0.0),6,4,Q,2016-Q2,-2103,,,,
ABS:ERP_COMP_Q(1.0.0),6,4,Q,2016-Q3,-1420,,,,
ABS:ERP_COMP_Q(1.0.0),6,4,Q,2016-Q4,-2305,,,,
ABS:ERP_COMP_Q(1.0.0),6,4,Q,2017-Q1,-1346,,,,
ABS:ERP_COMP_Q(1.0.0),6,4,Q,2017-Q2,-1229,,,,
ABS:ERP_COMP_Q(1.0.0),6,4,Q,2017-Q3,-1202,,,,
ABS:ERP_COMP_Q(1.0.0),6,4,Q,2017-Q4,-1641,,,,
ABS:ERP_COMP_Q(1.0.0),6,4,Q,2018-Q1,-950,,,,
ABS:ERP_COMP_Q(1.0.0),6,4,Q,2018-Q2,-879,,,,
ABS:ERP_COMP_Q(1.0.0),6,4,Q,2018-Q3,-704,,,,
ABS:ERP_COMP_Q(1.0.0),6,4,Q,2018-Q4,-1154,,,,
ABS:ERP_COMP_Q(1.0.0),6,4,Q,2019-Q1,-619,,,,
ABS:ERP_COMP_Q(1.0.0),6,4,Q,2019-Q2,-836,,,,
ABS:ERP_COMP_Q(1.0.0),6,4,Q,2019-Q3,-773,,,,
ABS:ERP_COMP_Q(1.0.0),6,4,Q,2019-Q4,-657,,,,
ABS:ERP_COMP_Q(1.0.0),6,4,Q,2020-Q1,-73,,,,
ABS:ERP_COMP_Q(1.0.0),6,4,Q,2020-Q2,250,,,,
ABS:ERP_COMP_Q(1.0.0),6,4,Q,2020-Q3,874,,,,
ABS:ERP_COMP_Q(1.0.0),6,4,Q,2020-Q4,1297,,,,
ABS:ERP_COMP_Q(1.0.0),6,4,Q,2021-Q1,1755,,,,
ABS:ERP_COMP_Q(1.0.0),6,4,Q,2021-Q2,925,,,,
ABS:ERP_COMP_Q(1.0.0),6,4,Q,2021-Q3,675,,,,
ABS:ERP_COMP_Q(1.0.0),6,4,Q,2021-Q4,969,,,,
ABS:ERP_COMP_Q(1.0.0),6,4,Q,2022-Q1,1239,,,,
ABS:ERP_COMP_Q(1.0.0),6,4,Q,2022-Q2,920,,,,
ABS:ERP_COMP_Q(1.0.0),6,4,Q,2022-Q3,445,,,,
ABS:ERP_COMP_Q(1.0.0),6,4,Q,2022-Q4,77,,,,
ABS:ERP_COMP_Q(1.0.0),6,4,Q,2023-Q1,175,,,,
ABS:ERP_COMP_Q(1.0.0),6,4,Q,2023-Q2,-218,,,,
ABS:ERP_COMP_Q(1.0.0),6,4,Q,2023-Q3,-371,,,,
ABS:ERP_COMP_Q(1.0.0),6,4,Q,2023-Q4,-537,,,,
ABS:ERP_COMP_Q(1.0.0),6,4,Q,2024-Q1,-517,,,,
ABS:ERP_COMP_Q(1.0.0),6,4,Q,2024-Q2,-341,,,,
ABS:ERP_COMP_Q(1.0.0),6,4,Q,2024-Q3,-504,,,,
ABS:ERP_COMP_Q(1.0.0),6,4,Q,2024-Q4,-803,,,,
ABS:ERP_COMP_Q(1.0.0),6,4,Q,2025-Q1,-688,,,,
ABS:ERP_COMP_Q(1.0.0),6,4,Q,2025-Q2,-427,,,,
ABS:ERP_COMP_Q(1.0.0),6,4,Q,2025-Q3,-98,,,,
ABS:ERP_COMP_Q(1.0.0),6,4,Q,2025-Q4,-363,,,,
ABS:ERP_COMP_Q(1.0.0),6,6,Q,1981-Q2,-274,,,,
ABS:ERP_COMP_Q(1.0.0),6,6,Q,1981-Q3,-480,,,,
ABS:ERP_COMP_Q(1.0.0),6,6,Q,1981-Q4,-810,,,,
ABS:ERP_COMP_Q(1.0.0),6,6,Q,1982-Q1,-106,,,,
ABS:ERP_COMP_Q(1.0.0),6,6,Q,1982-Q2,-626,,,,
ABS:ERP_COMP_Q(1.0.0),6,6,Q,1982-Q3,-555,,,,
ABS:ERP_COMP_Q(1.0.0),6,6,Q,1982-Q4,-328,,,,
ABS:ERP_COMP_Q(1.0.0),6,6,Q,1983-Q1,-487,,,,
ABS:ERP_COMP_Q(1.0.0),6,6,Q,1983-Q2,156,,,,
ABS:ERP_COMP_Q(1.0.0),6,6,Q,1983-Q3,54,,,,
ABS:ERP_COMP_Q(1.0.0),6,6,Q,1983-Q4,105,,,,
ABS:ERP_COMP_Q(1.0.0),6,6,Q,1984-Q1,-5,,,,
ABS:ERP_COMP_Q(1.0.0),6,6,Q,1984-Q2,541,,,,
ABS:ERP_COMP_Q(1.0.0),6,6,Q,1984-Q3,106,,,,
ABS:ERP_COMP_Q(1.0.0),6,6,Q,1984-Q4,147,,,,
ABS:ERP_COMP_Q(1.0.0),6,6,Q,1985-Q1,14,,,,
ABS:ERP_COMP_Q(1.0.0),6,6,Q,1985-Q2,510,,,,
ABS:ERP_COMP_Q(1.0.0),6,6,Q,1985-Q3,-284,,,,
ABS:ERP_COMP_Q(1.0.0),6,6,Q,1985-Q4,21,,,,
ABS:ERP_COMP_Q(1.0.0),6,6,Q,1986-Q1,-26,,,,
ABS:ERP_COMP_Q(1.0.0),6,6,Q,1986-Q2,151,,,,
ABS:ERP_COMP_Q(1.0.0),6,6,Q,1986-Q3,-229,,,,
ABS:ERP_COMP_Q(1.0.0),6,6,Q,1986-Q4,-260,,,,
ABS:ERP_COMP_Q(1.0.0),6,6,Q,1987-Q1,-688,,,,
ABS:ERP_COMP_Q(1.0.0),6,6,Q,1987-Q2,-331,,,,
ABS:ERP_COMP_Q(1.0.0),6,6,Q,1987-Q3,-847,,,,
ABS:ERP_COMP_Q(1.0.0),6,6,Q,1987-Q4,-440,,,,
ABS:ERP_COMP_Q(1.0.0),6,6,Q,1988-Q1,-349,,,,
ABS:ERP_COMP_Q(1.0.0),6,6,Q,1988-Q2,-288,,,,
ABS:ERP_COMP_Q(1.0.0),6,6,Q,1988-Q3,-194,,,,
ABS:ERP_COMP_Q(1.0.0),6,6,Q,1988-Q4,-232,,,,
ABS:ERP_COMP_Q(1.0.0),6,6,Q,1989-Q1,92,,,,
ABS:ERP_COMP_Q(1.0.0),6,6,Q,1989-Q2,537,,,,
ABS:ERP_COMP_Q(1.0.0),6,6,Q,1989-Q3,681,,,,
ABS:ERP_COMP_Q(1.0.0),6,6,Q,1989-Q4,446,,,,
ABS:ERP_COMP_Q(1.0.0),6,6,Q,1990-Q1,481,,,,
ABS:ERP_COMP_Q(1.0.0),6,6,Q,1990-Q2,1182,,,,
ABS:ERP_COMP_Q(1.0.0),6,6,Q,1990-Q3,412,,,,
ABS:ERP_COMP_Q(1.0.0),6,6,Q,1990-Q4,94,,,,
ABS:ERP_COMP_Q(1.0.0),6,6,Q,1991-Q1,155,,,,
ABS:ERP_COMP_Q(1.0.0),6,6,Q,1991-Q2,155,,,,
ABS:ERP_COMP_Q(1.0.0),6,6,Q,1991-Q3,91,,,,
ABS:ERP_COMP_Q(1.0.0),6,6,Q,1991-Q4,-30,,,,
ABS:ERP_COMP_Q(1.0.0),6,6,Q,1992-Q1,-154,,,,
ABS:ERP_COMP_Q(1.0.0),6,6,Q,1992-Q2,-196,,,,
ABS:ERP_COMP_Q(1.0.0),6,6,Q,1992-Q3,-417,,,,
ABS:ERP_COMP_Q(1.0.0),6,6,Q,1992-Q4,-44,,,,
ABS:ERP_COMP_Q(1.0.0),6,6,Q,1993-Q1,-471,,,,
ABS:ERP_COMP_Q(1.0.0),6,6,Q,1993-Q2,-562,,,,
ABS:ERP_COMP_Q(1.0.0),6,6,Q,1993-Q3,-351,,,,
ABS:ERP_COMP_Q(1.0.0),6,6,Q,1993-Q4,-490,,,,
ABS:ERP_COMP_Q(1.0.0),6,6,Q,1994-Q1,-862,,,,
ABS:ERP_COMP_Q(1.0.0),6,6,Q,1994-Q2,-404,,,,
ABS:ERP_COMP_Q(1.0.0),6,6,Q,1994-Q3,-409,,,,
ABS:ERP_COMP_Q(1.0.0),6,6,Q,1994-Q4,-753,,,,
ABS:ERP_COMP_Q(1.0.0),6,6,Q,1995-Q1,-746,,,,
ABS:ERP_COMP_Q(1.0.0),6,6,Q,1995-Q2,-748,,,,
ABS:ERP_COMP_Q(1.0.0),6,6,Q,1995-Q3,-623,,,,
ABS:ERP_COMP_Q(1.0.0),6,6,Q,1995-Q4,-614,,,,
ABS:ERP_COMP_Q(1.0.0),6,6,Q,1996-Q1,-884,,,,
ABS:ERP_COMP_Q(1.0.0),6,6,Q,1996-Q2,-469,,,,
ABS:ERP_COMP_Q(1.0.0),6,6,Q,1996-Q3,-650,,,,
ABS:ERP_COMP_Q(1.0.0),6,6,Q,1996-Q4,-919,,,,
ABS:ERP_COMP_Q(1.0.0),6,6,Q,1997-Q1,-740,,,,
ABS:ERP_COMP_Q(1.0.0),6,6,Q,1997-Q2,-1016,,,,
ABS:ERP_COMP_Q(1.0.0),6,6,Q,1997-Q3,-791,,,,
ABS:ERP_COMP_Q(1.0.0),6,6,Q,1997-Q4,-864,,,,
ABS:ERP_COMP_Q(1.0.0),6,6,Q,1998-Q1,-952,,,,
ABS:ERP_COMP_Q(1.0.0),6,6,Q,1998-Q2,-1026,,,,
ABS:ERP_COMP_Q(1.0.0),6,6,Q,1998-Q3,-750,,,,
ABS:ERP_COMP_Q(1.0.0),6,6,Q,1998-Q4,-1007,,,,
ABS:ERP_COMP_Q(1.0.0),6,6,Q,1999-Q1,-862,,,,
ABS:ERP_COMP_Q(1.0.0),6,6,Q,1999-Q2,-698,,,,
ABS:ERP_COMP_Q(1.0.0),6,6,Q,1999-Q3,-600,,,,
ABS:ERP_COMP_Q(1.0.0),6,6,Q,1999-Q4,-686,,,,
ABS:ERP_COMP_Q(1.0.0),6,6,Q,2000-Q1,-687,,,,
ABS:ERP_COMP_Q(1.0.0),6,6,Q,2000-Q2,-659,,,,
ABS:ERP_COMP_Q(1.0.0),6,6,Q,2000-Q3,-649,,,,
ABS:ERP_COMP_Q(1.0.0),6,6,Q,2000-Q4,-538,,,,
ABS:ERP_COMP_Q(1.0.0),6,6,Q,2001-Q1,-393,,,,
ABS:ERP_COMP_Q(1.0.0),6,6,Q,2001-Q2,-556,,,,
ABS:ERP_COMP_Q(1.0.0),6,6,Q,2001-Q3,-392,,,,
ABS:ERP_COMP_Q(1.0.0),6,6,Q,2001-Q4,-503,,,,
ABS:ERP_COMP_Q(1.0.0),6,6,Q,2002-Q1,-226,,,,
ABS:ERP_COMP_Q(1.0.0),6,6,Q,2002-Q2,-302,,,,
ABS:ERP_COMP_Q(1.0.0),6,6,Q,2002-Q3,40,,,,
ABS:ERP_COMP_Q(1.0.0),6,6,Q,2002-Q4,466,,,,
ABS:ERP_COMP_Q(1.0.0),6,6,Q,2003-Q1,842,,,,
ABS:ERP_COMP_Q(1.0.0),6,6,Q,2003-Q2,645,,,,
ABS:ERP_COMP_Q(1.0.0),6,6,Q,2003-Q3,851,,,,
ABS:ERP_COMP_Q(1.0.0),6,6,Q,2003-Q4,799,,,,
ABS:ERP_COMP_Q(1.0.0),6,6,Q,2004-Q1,779,,,,
ABS:ERP_COMP_Q(1.0.0),6,6,Q,2004-Q2,145,,,,
ABS:ERP_COMP_Q(1.0.0),6,6,Q,2004-Q3,158,,,,
ABS:ERP_COMP_Q(1.0.0),6,6,Q,2004-Q4,-71,,,,
ABS:ERP_COMP_Q(1.0.0),6,6,Q,2005-Q1,107,,,,
ABS:ERP_COMP_Q(1.0.0),6,6,Q,2005-Q2,73,,,,
ABS:ERP_COMP_Q(1.0.0),6,6,Q,2005-Q3,-6,,,,
ABS:ERP_COMP_Q(1.0.0),6,6,Q,2005-Q4,132,,,,
ABS:ERP_COMP_Q(1.0.0),6,6,Q,2006-Q1,13,,,,
ABS:ERP_COMP_Q(1.0.0),6,6,Q,2006-Q2,-221,,,,
ABS:ERP_COMP_Q(1.0.0),6,6,Q,2006-Q3,-159,,,,
ABS:ERP_COMP_Q(1.0.0),6,6,Q,2006-Q4,-118,,,,
ABS:ERP_COMP_Q(1.0.0),6,6,Q,2007-Q1,-55,,,,
ABS:ERP_COMP_Q(1.0.0),6,6,Q,2007-Q2,-205,,,,
ABS:ERP_COMP_Q(1.0.0),6,6,Q,2007-Q3,247,,,,
ABS:ERP_COMP_Q(1.0.0),6,6,Q,2007-Q4,225,,,,
ABS:ERP_COMP_Q(1.0.0),6,6,Q,2008-Q1,193,,,,
ABS:ERP_COMP_Q(1.0.0),6,6,Q,2008-Q2,65,,,,
ABS:ERP_COMP_Q(1.0.0),6,6,Q,2008-Q3,355,,,,
ABS:ERP_COMP_Q(1.0.0),6,6,Q,2008-Q4,513,,,,
ABS:ERP_COMP_Q(1.0.0),6,6,Q,2009-Q1,261,,,,
ABS:ERP_COMP_Q(1.0.0),6,6,Q,2009-Q2,-66,,,,
ABS:ERP_COMP_Q(1.0.0),6,6,Q,2009-Q3,87,,,,
ABS:ERP_COMP_Q(1.0.0),6,6,Q,2009-Q4,30,,,,
ABS:ERP_COMP_Q(1.0.0),6,6,Q,2010-Q1,456,,,,
ABS:ERP_COMP_Q(1.0.0),6,6,Q,2010-Q2,91,,,,
ABS:ERP_COMP_Q(1.0.0),6,6,Q,2010-Q3,49,,,,
ABS:ERP_COMP_Q(1.0.0),6,6,Q,2010-Q4,118,,,,
ABS:ERP_COMP_Q(1.0.0),6,6,Q,2011-Q1,1,,,,
ABS:ERP_COMP_Q(1.0.0),6,6,Q,2011-Q2,-215,,,,
ABS:ERP_COMP_Q(1.0.0),6,6,Q,2011-Q3,-209,,,,
ABS:ERP_COMP_Q(1.0.0),6,6,Q,2011-Q4,-640,,,,
ABS:ERP_COMP_Q(1.0.0),6,6,Q,2012-Q1,-522,,,,
ABS:ERP_COMP_Q(1.0.0),6,6,Q,2012-Q2,-554,,,,
ABS:ERP_COMP_Q(1.0.0),6,6,Q,2012-Q3,-450,,,,
ABS:ERP_COMP_Q(1.0.0),6,6,Q,2012-Q4,-249,,,,
ABS:ERP_COMP_Q(1.0.0),6,6,Q,2013-Q1,-253,,,,
ABS:ERP_COMP_Q(1.0.0),6,6,Q,2013-Q2,-334,,,,
ABS:ERP_COMP_Q(1.0.0),6,6,Q,2013-Q3,-256,,,,
ABS:ERP_COMP_Q(1.0.0),6,6,Q,2013-Q4,83,,,,
ABS:ERP_COMP_Q(1.0.0),6,6,Q,2014-Q1,-44,,,,
ABS:ERP_COMP_Q(1.0.0),6,6,Q,2014-Q2,-218,,,,
ABS:ERP_COMP_Q(1.0.0),6,6,Q,2014-Q3,-65,,,,
ABS:ERP_COMP_Q(1.0.0),6,6,Q,2014-Q4,-297,,,,
ABS:ERP_COMP_Q(1.0.0),6,6,Q,2015-Q1,148,,,,
ABS:ERP_COMP_Q(1.0.0),6,6,Q,2015-Q2,341,,,,
ABS:ERP_COMP_Q(1.0.0),6,6,Q,2015-Q3,315,,,,
ABS:ERP_COMP_Q(1.0.0),6,6,Q,2015-Q4,-185,,,,
ABS:ERP_COMP_Q(1.0.0),6,6,Q,2016-Q1,240,,,,
ABS:ERP_COMP_Q(1.0.0),6,6,Q,2016-Q2,390,,,,
ABS:ERP_COMP_Q(1.0.0),6,6,Q,2016-Q3,309,,,,
ABS:ERP_COMP_Q(1.0.0),6,6,Q,2016-Q4,485,,,,
ABS:ERP_COMP_Q(1.0.0),6,6,Q,2017-Q1,506,,,,
ABS:ERP_COMP_Q(1.0.0),6,6,Q,2017-Q2,641,,,,
ABS:ERP_COMP_Q(1.0.0),6,6,Q,2017-Q3,685,,,,
ABS:ERP_COMP_Q(1.0.0),6,6,Q,2017-Q4,515,,,,
ABS:ERP_COMP_Q(1.0.0),6,6,Q,2018-Q1,995,,,,
ABS:ERP_COMP_Q(1.0.0),6,6,Q,2018-Q2,834,,,,
ABS:ERP_COMP_Q(1.0.0),6,6,Q,2018-Q3,566,,,,
ABS:ERP_COMP_Q(1.0.0),6,6,Q,2018-Q4,649,,,,
ABS:ERP_COMP_Q(1.0.0),6,6,Q,2019-Q1,527,,,,
ABS:ERP_COMP_Q(1.0.0),6,6,Q,2019-Q2,469,,,,
ABS:ERP_COMP_Q(1.0.0),6,6,Q,2019-Q3,45,,,,
ABS:ERP_COMP_Q(1.0.0),6,6,Q,2019-Q4,311,,,,
ABS:ERP_COMP_Q(1.0.0),6,6,Q,2020-Q1,236,,,,
ABS:ERP_COMP_Q(1.0.0),6,6,Q,2020-Q2,296,,,,
ABS:ERP_COMP_Q(1.0.0),6,6,Q,2020-Q3,797,,,,
ABS:ERP_COMP_Q(1.0.0),6,6,Q,2020-Q4,1304,,,,
ABS:ERP_COMP_Q(1.0.0),6,6,Q,2021-Q1,1397,,,,
ABS:ERP_COMP_Q(1.0.0),6,6,Q,2021-Q2,1099,,,,
ABS:ERP_COMP_Q(1.0.0),6,6,Q,2021-Q3,264,,,,
ABS:ERP_COMP_Q(1.0.0),6,6,Q,2021-Q4,288,,,,
ABS:ERP_COMP_Q(1.0.0),6,6,Q,2022-Q1,320,,,,
ABS:ERP_COMP_Q(1.0.0),6,6,Q,2022-Q2,-83,,,,
ABS:ERP_COMP_Q(1.0.0),6,6,Q,2022-Q3,-471,,,,
ABS:ERP_COMP_Q(1.0.0),6,6,Q,2022-Q4,-1082,,,,
ABS:ERP_COMP_Q(1.0.0),6,6,Q,2023-Q1,-1217,,,,
ABS:ERP_COMP_Q(1.0.0),6,6,Q,2023-Q2,-1117,,,,
ABS:ERP_COMP_Q(1.0.0),6,6,Q,2023-Q3,-949,,,,
ABS:ERP_COMP_Q(1.0.0),6,6,Q,2023-Q4,-1131,,,,
ABS:ERP_COMP_Q(1.0.0),6,6,Q,2024-Q1,-659,,,,
ABS:ERP_COMP_Q(1.0.0),6,6,Q,2024-Q2,-670,,,,
ABS:ERP_COMP_Q(1.0.0),6,6,Q,2024-Q3,-82,,,,
ABS:ERP_COMP_Q(1.0.0),6,6,Q,2024-Q4,-404,,,,
ABS:ERP_COMP_Q(1.0.0),6,6,Q,2025-Q1,-90,,,,
ABS:ERP_COMP_Q(1.0.0),6,6,Q,2025-Q2,-25,,,,
ABS:ERP_COMP_Q(1.0.0),6,6,Q,2025-Q3,11,,,,
ABS:ERP_COMP_Q(1.0.0),6,6,Q,2025-Q4,-348,,,,
ABS:ERP_COMP_Q(1.0.0),9,8,Q,1981-Q2,-0.1,,,,
ABS:ERP_COMP_Q(1.0.0),9,8,Q,1981-Q3,0.2,,,,
ABS:ERP_COMP_Q(1.0.0),9,8,Q,1981-Q4,0.4,,,,
ABS:ERP_COMP_Q(1.0.0),9,8,Q,1982-Q1,0.4,,,,
ABS:ERP_COMP_Q(1.0.0),9,8,Q,1982-Q2,0.3,,,,
ABS:ERP_COMP_Q(1.0.0),9,8,Q,1982-Q3,0.1,,,,
ABS:ERP_COMP_Q(1.0.0),9,8,Q,1982-Q4,0.2,,,,
ABS:ERP_COMP_Q(1.0.0),9,8,Q,1983-Q1,0.3,,,,
ABS:ERP_COMP_Q(1.0.0),9,8,Q,1983-Q2,0,,,,
ABS:ERP_COMP_Q(1.0.0),9,8,Q,1983-Q3,0.2,,,,
ABS:ERP_COMP_Q(1.0.0),9,8,Q,1983-Q4,0.1,,,,
ABS:ERP_COMP_Q(1.0.0),9,8,Q,1984-Q1,0.3,,,,
ABS:ERP_COMP_Q(1.0.0),9,8,Q,1984-Q2,0,,,,
ABS:ERP_COMP_Q(1.0.0),9,8,Q,1984-Q3,0.2,,,,
ABS:ERP_COMP_Q(1.0.0),9,8,Q,1984-Q4,-0.1,,,,
ABS:ERP_COMP_Q(1.0.0),9,8,Q,1985-Q1,0.5,,,,
ABS:ERP_COMP_Q(1.0.0),9,8,Q,1985-Q2,0,,,,
ABS:ERP_COMP_Q(1.0.0),9,8,Q,1985-Q3,0.3,,,,
ABS:ERP_COMP_Q(1.0.0),9,8,Q,1985-Q4,0.3,,,,
ABS:ERP_COMP_Q(1.0.0),9,8,Q,1986-Q1,0.5,,,,
ABS:ERP_COMP_Q(1.0.0),9,8,Q,1986-Q2,0.3,,,,
ABS:ERP_COMP_Q(1.0.0),9,8,Q,1986-Q3,0.3,,,,
ABS:ERP_COMP_Q(1.0.0),9,8,Q,1986-Q4,0.4,,,,
ABS:ERP_COMP_Q(1.0.0),9,8,Q,1987-Q1,0.7,,,,
ABS:ERP_COMP_Q(1.0.0),9,8,Q,1987-Q2,0.2,,,,
ABS:ERP_COMP_Q(1.0.0),9,8,Q,1987-Q3,0.5,,,,
ABS:ERP_COMP_Q(1.0.0),9,8,Q,1987-Q4,0,,,,
ABS:ERP_COMP_Q(1.0.0),9,8,Q,1988-Q1,0.8,,,,
ABS:ERP_COMP_Q(1.0.0),9,8,Q,1988-Q2,0.1,,,,
ABS:ERP_COMP_Q(1.0.0),9,8,Q,1988-Q3,0.5,,,,
ABS:ERP_COMP_Q(1.0.0),9,8,Q,1988-Q4,0.3,,,,
ABS:ERP_COMP_Q(1.0.0),9,8,Q,1989-Q1,0.4,,,,
ABS:ERP_COMP_Q(1.0.0),9,8,Q,1989-Q2,-0.2,,,,
ABS:ERP_COMP_Q(1.0.0),9,8,Q,1989-Q3,0.2,,,,
ABS:ERP_COMP_Q(1.0.0),9,8,Q,1989-Q4,0.3,,,,
ABS:ERP_COMP_Q(1.0.0),9,8,Q,1990-Q1,0.6,,,,
ABS:ERP_COMP_Q(1.0.0),9,8,Q,1990-Q2,0,,,,
ABS:ERP_COMP_Q(1.0.0),9,8,Q,1990-Q3,0.2,,,,
ABS:ERP_COMP_Q(1.0.0),9,8,Q,1990-Q4,-0.2,,,,
ABS:ERP_COMP_Q(1.0.0),9,8,Q,1991-Q1,0.6,,,,
ABS:ERP_COMP_Q(1.0.0),9,8,Q,1991-Q2,-0.1,,,,
ABS:ERP_COMP_Q(1.0.0),9,8,Q,1991-Q3,0.1,,,,
ABS:ERP_COMP_Q(1.0.0),9,8,Q,1991-Q4,-0.2,,,,
ABS:ERP_COMP_Q(1.0.0),9,8,Q,1992-Q1,0.4,,,,
ABS:ERP_COMP_Q(1.0.0),9,8,Q,1992-Q2,-0.3,,,,
ABS:ERP_COMP_Q(1.0.0),9,8,Q,1992-Q3,0,,,,
ABS:ERP_COMP_Q(1.0.0),9,8,Q,1992-Q4,-0.3,,,,
ABS:ERP_COMP_Q(1.0.0),9,8,Q,1993-Q1,0.2,,,,
ABS:ERP_COMP_Q(1.0.0),9,8,Q,1993-Q2,-0.5,,,,
ABS:ERP_COMP_Q(1.0.0),9,8,Q,1993-Q3,0.1,,,,
ABS:ERP_COMP_Q(1.0.0),9,8,Q,1993-Q4,-0.4,,,,
ABS:ERP_COMP_Q(1.0.0),9,8,Q,1994-Q1,0.2,,,,
ABS:ERP_COMP_Q(1.0.0),9,8,Q,1994-Q2,-0.2,,,,
ABS:ERP_COMP_Q(1.0.0),9,8,Q,1994-Q3,0.2,,,,
ABS:ERP_COMP_Q(1.0.0),9,8,Q,1994-Q4,-0.6,,,,
ABS:ERP_COMP_Q(1.0.0),9,8,Q,1995-Q1,0.4,,,,
ABS:ERP_COMP_Q(1.0.0),9,8,Q,1995-Q2,0.1,,,,
ABS:ERP_COMP_Q(1.0.0),9,8,Q,1995-Q3,0.2,,,,
ABS:ERP_COMP_Q(1.0.0),9,8,Q,1995-Q4,0.1,,,,
ABS:ERP_COMP_Q(1.0.0),9,8,Q,1996-Q1,0,,,,
ABS:ERP_COMP_Q(1.0.0),9,8,Q,1996-Q2,0.1,,,,
ABS:ERP_COMP_Q(1.0.0),9,8,Q,1996-Q3,0.2,,,,
ABS:ERP_COMP_Q(1.0.0),9,8,Q,1996-Q4,-0.2,,,,
ABS:ERP_COMP_Q(1.0.0),9,8,Q,1997-Q1,0.1,,,,
ABS:ERP_COMP_Q(1.0.0),9,8,Q,1997-Q2,-0.2,,,,
ABS:ERP_COMP_Q(1.0.0),9,8,Q,1997-Q3,-0.1,,,,
ABS:ERP_COMP_Q(1.0.0),9,8,Q,1997-Q4,-0.2,,,,
ABS:ERP_COMP_Q(1.0.0),9,8,Q,1998-Q1,0.4,,,,
ABS:ERP_COMP_Q(1.0.0),9,8,Q,1998-Q2,-0.3,,,,
ABS:ERP_COMP_Q(1.0.0),9,8,Q,1998-Q3,-0.2,,,,
ABS:ERP_COMP_Q(1.0.0),9,8,Q,1998-Q4,0,,,,
ABS:ERP_COMP_Q(1.0.0),9,8,Q,1999-Q1,0.2,,,,
ABS:ERP_COMP_Q(1.0.0),9,8,Q,1999-Q2,-0.3,,,,
ABS:ERP_COMP_Q(1.0.0),9,8,Q,1999-Q3,-0.1,,,,
ABS:ERP_COMP_Q(1.0.0),9,8,Q,1999-Q4,-0.3,,,,
ABS:ERP_COMP_Q(1.0.0),9,8,Q,2000-Q1,0.3,,,,
ABS:ERP_COMP_Q(1.0.0),9,8,Q,2000-Q2,0,,,,
ABS:ERP_COMP_Q(1.0.0),9,8,Q,2000-Q3,0.2,,,,
ABS:ERP_COMP_Q(1.0.0),9,8,Q,2000-Q4,-0.1,,,,
ABS:ERP_COMP_Q(1.0.0),9,8,Q,2001-Q1,0.6,,,,
ABS:ERP_COMP_Q(1.0.0),9,8,Q,2001-Q2,0,,,,
ABS:ERP_COMP_Q(1.0.0),9,8,Q,2001-Q3,0.1,,,,
ABS:ERP_COMP_Q(1.0.0),9,8,Q,2001-Q4,0.1,,,,
ABS:ERP_COMP_Q(1.0.0),9,8,Q,2002-Q1,0.4,,,,
ABS:ERP_COMP_Q(1.0.0),9,8,Q,2002-Q2,0.1,,,,
ABS:ERP_COMP_Q(1.0.0),9,8,Q,2002-Q3,0.2,,,,
ABS:ERP_COMP_Q(1.0.0),9,8,Q,2002-Q4,0,,,,
ABS:ERP_COMP_Q(1.0.0),9,8,Q,2003-Q1,0.6,,,,
ABS:ERP_COMP_Q(1.0.0),9,8,Q,2003-Q2,0,,,,
ABS:ERP_COMP_Q(1.0.0),9,8,Q,2003-Q3,0,,,,
ABS:ERP_COMP_Q(1.0.0),9,8,Q,2003-Q4,0.1,,,,
ABS:ERP_COMP_Q(1.0.0),9,8,Q,2004-Q1,0.4,,,,
ABS:ERP_COMP_Q(1.0.0),9,8,Q,2004-Q2,-0.1,,,,
ABS:ERP_COMP_Q(1.0.0),9,8,Q,2004-Q3,0.1,,,,
ABS:ERP_COMP_Q(1.0.0),9,8,Q,2004-Q4,-0.2,,,,
ABS:ERP_COMP_Q(1.0.0),9,8,Q,2005-Q1,0.6,,,,
ABS:ERP_COMP_Q(1.0.0),9,8,Q,2005-Q2,-0.1,,,,
ABS:ERP_COMP_Q(1.0.0),9,8,Q,2005-Q3,0.1,,,,
ABS:ERP_COMP_Q(1.0.0),9,8,Q,2005-Q4,0.1,,,,
ABS:ERP_COMP_Q(1.0.0),9,8,Q,2006-Q1,0.4,,,,
ABS:ERP_COMP_Q(1.0.0),9,8,Q,2006-Q2,-0.1,,,,
ABS:ERP_COMP_Q(1.0.0),9,8,Q,2006-Q3,0.4,,,,
ABS:ERP_COMP_Q(1.0.0),9,8,Q,2006-Q4,0.3,,,,
ABS:ERP_COMP_Q(1.0.0),9,8,Q,2007-Q1,0.9,,,,
ABS:ERP_COMP_Q(1.0.0),9,8,Q,2007-Q2,0.4,,,,
ABS:ERP_COMP_Q(1.0.0),9,8,Q,2007-Q3,0.4,,,,
ABS:ERP_COMP_Q(1.0.0),9,8,Q,2007-Q4,0.2,,,,
ABS:ERP_COMP_Q(1.0.0),9,8,Q,2008-Q1,1.3,,,,
ABS:ERP_COMP_Q(1.0.0),9,8,Q,2008-Q2,0.6,,,,
ABS:ERP_COMP_Q(1.0.0),9,8,Q,2008-Q3,0.9,,,,
ABS:ERP_COMP_Q(1.0.0),9,8,Q,2008-Q4,0.5,,,,
ABS:ERP_COMP_Q(1.0.0),9,8,Q,2009-Q1,1.6,,,,
ABS:ERP_COMP_Q(1.0.0),9,8,Q,2009-Q2,0.6,,,,
ABS:ERP_COMP_Q(1.0.0),9,8,Q,2009-Q3,1,,,,
ABS:ERP_COMP_Q(1.0.0),9,8,Q,2009-Q4,0.5,,,,
ABS:ERP_COMP_Q(1.0.0),9,8,Q,2010-Q1,1.3,,,,
ABS:ERP_COMP_Q(1.0.0),9,8,Q,2010-Q2,0.3,,,,
ABS:ERP_COMP_Q(1.0.0),9,8,Q,2010-Q3,0.3,,,,
ABS:ERP_COMP_Q(1.0.0),9,8,Q,2010-Q4,0.1,,,,
ABS:ERP_COMP_Q(1.0.0),9,8,Q,2011-Q1,1,,,,
ABS:ERP_COMP_Q(1.0.0),9,8,Q,2011-Q2,0.3,,,,
ABS:ERP_COMP_Q(1.0.0),9,8,Q,2011-Q3,1,,,,
ABS:ERP_COMP_Q(1.0.0),9,8,Q,2011-Q4,0.7,,,,
ABS:ERP_COMP_Q(1.0.0),9,8,Q,2012-Q1,1.7,,,,
ABS:ERP_COMP_Q(1.0.0),9,8,Q,2012-Q2,0.6,,,,
ABS:ERP_COMP_Q(1.0.0),9,8,Q,2012-Q3,0.9,,,,
ABS:ERP_COMP_Q(1.0.0),9,8,Q,2012-Q4,0.3,,,,
ABS:ERP_COMP_Q(1.0.0),9,8,Q,2013-Q1,1.3,,,,
ABS:ERP_COMP_Q(1.0.0),9,8,Q,2013-Q2,0.4,,,,
ABS:ERP_COMP_Q(1.0.0),9,8,Q,2013-Q3,0.8,,,,
ABS:ERP_COMP_Q(1.0.0),9,8,Q,2013-Q4,0.2,,,,
ABS:ERP_COMP_Q(1.0.0),9,8,Q,2014-Q1,1.5,,,,
ABS:ERP_COMP_Q(1.0.0),9,8,Q,2014-Q2,0.3,,,,
ABS:ERP_COMP_Q(1.0.0),9,8,Q,2014-Q3,1.1,,,,
ABS:ERP_COMP_Q(1.0.0),9,8,Q,2014-Q4,0.3,,,,
ABS:ERP_COMP_Q(1.0.0),9,8,Q,2015-Q1,1.6,,,,
ABS:ERP_COMP_Q(1.0.0),9,8,Q,2015-Q2,0.5,,,,
ABS:ERP_COMP_Q(1.0.0),9,8,Q,2015-Q3,1,,,,
ABS:ERP_COMP_Q(1.0.0),9,8,Q,2015-Q4,0.3,,,,
ABS:ERP_COMP_Q(1.0.0),9,8,Q,2016-Q1,1.6,,,,
ABS:ERP_COMP_Q(1.0.0),9,8,Q,2016-Q2,0.4,,,,
ABS:ERP_COMP_Q(1.0.0),9,8,Q,2016-Q3,1.3,,,,
ABS:ERP_COMP_Q(1.0.0),9,8,Q,2016-Q4,0.4,,,,
ABS:ERP_COMP_Q(1.0.0),9,8,Q,2017-Q1,1.9,,,,
ABS:ERP_COMP_Q(1.0.0),9,8,Q,2017-Q2,0.5,,,,
ABS:ERP_COMP_Q(1.0.0),9,8,Q,2017-Q3,1.6,,,,
ABS:ERP_COMP_Q(1.0.0),9,8,Q,2017-Q4,0.3,,,,
ABS:ERP_COMP_Q(1.0.0),9,8,Q,2018-Q1,1.9,,,,
ABS:ERP_COMP_Q(1.0.0),9,8,Q,2018-Q2,0.7,,,,
ABS:ERP_COMP_Q(1.0.0),9,8,Q,2018-Q3,1.3,,,,
ABS:ERP_COMP_Q(1.0.0),9,8,Q,2018-Q4,-0.1,,,,
ABS:ERP_COMP_Q(1.0.0),9,8,Q,2019-Q1,1.4,,,,
ABS:ERP_COMP_Q(1.0.0),9,8,Q,2019-Q2,0.2,,,,
ABS:ERP_COMP_Q(1.0.0),9,8,Q,2019-Q3,1,,,,
ABS:ERP_COMP_Q(1.0.0),9,8,Q,2019-Q4,-0.4,,,,
ABS:ERP_COMP_Q(1.0.0),9,8,Q,2020-Q1,1.6,,,,
ABS:ERP_COMP_Q(1.0.0),9,8,Q,2020-Q2,0,,,,
ABS:ERP_COMP_Q(1.0.0),9,8,Q,2020-Q3,-1,,,,
ABS:ERP_COMP_Q(1.0.0),9,8,Q,2020-Q4,-1.1,,,,
ABS:ERP_COMP_Q(1.0.0),9,8,Q,2021-Q1,-0.6,,,,
ABS:ERP_COMP_Q(1.0.0),9,8,Q,2021-Q2,-0.5,,,,
ABS:ERP_COMP_Q(1.0.0),9,8,Q,2021-Q3,-0.7,,,,
ABS:ERP_COMP_Q(1.0.0),9,8,Q,2021-Q4,0.9,,,,
ABS:ERP_COMP_Q(1.0.0),9,8,Q,2022-Q1,2.1,,,,
ABS:ERP_COMP_Q(1.0.0),9,8,Q,2022-Q2,1,,,,
ABS:ERP_COMP_Q(1.0.0),9,8,Q,2022-Q3,2.4,,,,
ABS:ERP_COMP_Q(1.0.0),9,8,Q,2022-Q4,1.4,,,,
ABS:ERP_COMP_Q(1.0.0),9,8,Q,2023-Q1,3,,,,
ABS:ERP_COMP_Q(1.0.0),9,8,Q,2023-Q2,1.5,,,,
ABS:ERP_COMP_Q(1.0.0),9,8,Q,2023-Q3,2.5,,,,
ABS:ERP_COMP_Q(1.0.0),9,8,Q,2023-Q4,0.9,,,,
ABS:ERP_COMP_Q(1.0.0),9,8,Q,2024-Q1,2.2,,,,
ABS:ERP_COMP_Q(1.0.0),9,8,Q,2024-Q2,0.3,,,,
ABS:ERP_COMP_Q(1.0.0),9,8,Q,2024-Q3,1.1,,,,
ABS:ERP_COMP_Q(1.0.0),9,8,Q,2024-Q4,0.6,,,,
ABS:ERP_COMP_Q(1.0.0),9,8,Q,2025-Q1,1.9,,,,
ABS:ERP_COMP_Q(1.0.0),9,8,Q,2025-Q2,0.7,,,,
ABS:ERP_COMP_Q(1.0.0),9,8,Q,2025-Q3,1.5,,,,
ABS:ERP_COMP_Q(1.0.0),9,8,Q,2025-Q4,0.6,,,,
ABS:ERP_COMP_Q(1.0.0),3,AUS,Q,1981-Q2,33.6,,,,
ABS:ERP_COMP_Q(1.0.0),3,AUS,Q,1981-Q3,29.6,,,,
ABS:ERP_COMP_Q(1.0.0),3,AUS,Q,1981-Q4,29.3,,,,
ABS:ERP_COMP_Q(1.0.0),3,AUS,Q,1982-Q1,34.5,,,,
ABS:ERP_COMP_Q(1.0.0),3,AUS,Q,1982-Q2,32.7,,,,
ABS:ERP_COMP_Q(1.0.0),3,AUS,Q,1982-Q3,26.4,,,,
ABS:ERP_COMP_Q(1.0.0),3,AUS,Q,1982-Q4,31.5,,,,
ABS:ERP_COMP_Q(1.0.0),3,AUS,Q,1983-Q1,36.4,,,,
ABS:ERP_COMP_Q(1.0.0),3,AUS,Q,1983-Q2,34.6,,,,
ABS:ERP_COMP_Q(1.0.0),3,AUS,Q,1983-Q3,30.1,,,,
ABS:ERP_COMP_Q(1.0.0),3,AUS,Q,1983-Q4,31.4,,,,
ABS:ERP_COMP_Q(1.0.0),3,AUS,Q,1984-Q1,35.2,,,,
ABS:ERP_COMP_Q(1.0.0),3,AUS,Q,1984-Q2,32.9,,,,
ABS:ERP_COMP_Q(1.0.0),3,AUS,Q,1984-Q3,28.8,,,,
ABS:ERP_COMP_Q(1.0.0),3,AUS,Q,1984-Q4,29.7,,,,
ABS:ERP_COMP_Q(1.0.0),3,AUS,Q,1985-Q1,35.6,,,,
ABS:ERP_COMP_Q(1.0.0),3,AUS,Q,1985-Q2,33.5,,,,
ABS:ERP_COMP_Q(1.0.0),3,AUS,Q,1985-Q3,25.8,,,,
ABS:ERP_COMP_Q(1.0.0),3,AUS,Q,1985-Q4,31.1,,,,
ABS:ERP_COMP_Q(1.0.0),3,AUS,Q,1986-Q1,33.1,,,,
ABS:ERP_COMP_Q(1.0.0),3,AUS,Q,1986-Q2,33,,,,
ABS:ERP_COMP_Q(1.0.0),3,AUS,Q,1986-Q3,28.8,,,,
ABS:ERP_COMP_Q(1.0.0),3,AUS,Q,1986-Q4,33.5,,,,
ABS:ERP_COMP_Q(1.0.0),3,AUS,Q,1987-Q1,31.9,,,,
ABS:ERP_COMP_Q(1.0.0),3,AUS,Q,1987-Q2,32.4,,,,
ABS:ERP_COMP_Q(1.0.0),3,AUS,Q,1987-Q3,29.3,,,,
ABS:ERP_COMP_Q(1.0.0),3,AUS,Q,1987-Q4,33,,,,
ABS:ERP_COMP_Q(1.0.0),3,AUS,Q,1988-Q1,31.6,,,,
ABS:ERP_COMP_Q(1.0.0),3,AUS,Q,1988-Q2,31.9,,,,
ABS:ERP_COMP_Q(1.0.0),3,AUS,Q,1988-Q3,28.5,,,,
ABS:ERP_COMP_Q(1.0.0),3,AUS,Q,1988-Q4,34.3,,,,
ABS:ERP_COMP_Q(1.0.0),3,AUS,Q,1989-Q1,35.6,,,,
ABS:ERP_COMP_Q(1.0.0),3,AUS,Q,1989-Q2,32.9,,,,
ABS:ERP_COMP_Q(1.0.0),3,AUS,Q,1989-Q3,25,,,,
ABS:ERP_COMP_Q(1.0.0),3,AUS,Q,1989-Q4,33.1,,,,
ABS:ERP_COMP_Q(1.0.0),3,AUS,Q,1990-Q1,35.8,,,,
ABS:ERP_COMP_Q(1.0.0),3,AUS,Q,1990-Q2,38.5,,,,
ABS:ERP_COMP_Q(1.0.0),3,AUS,Q,1990-Q3,32.9,,,,
ABS:ERP_COMP_Q(1.0.0),3,AUS,Q,1990-Q4,35.4,,,,
ABS:ERP_COMP_Q(1.0.0),3,AUS,Q,1991-Q1,36.3,,,,
ABS:ERP_COMP_Q(1.0.0),3,AUS,Q,1991-Q2,37,,,,
ABS:ERP_COMP_Q(1.0.0),3,AUS,Q,1991-Q3,32.2,,,,
ABS:ERP_COMP_Q(1.0.0),3,AUS,Q,1991-Q4,34,,,,
ABS:ERP_COMP_Q(1.0.0),3,AUS,Q,1992-Q1,38.4,,,,
ABS:ERP_COMP_Q(1.0.0),3,AUS,Q,1992-Q2,34.1,,,,
ABS:ERP_COMP_Q(1.0.0),3,AUS,Q,1992-Q3,32.8,,,,
ABS:ERP_COMP_Q(1.0.0),3,AUS,Q,1992-Q4,34.3,,,,
ABS:ERP_COMP_Q(1.0.0),3,AUS,Q,1993-Q1,37.2,,,,
ABS:ERP_COMP_Q(1.0.0),3,AUS,Q,1993-Q2,34.9,,,,
ABS:ERP_COMP_Q(1.0.0),3,AUS,Q,1993-Q3,32.5,,,,
ABS:ERP_COMP_Q(1.0.0),3,AUS,Q,1993-Q4,33.8,,,,
ABS:ERP_COMP_Q(1.0.0),3,AUS,Q,1994-Q1,36.7,,,,
ABS:ERP_COMP_Q(1.0.0),3,AUS,Q,1994-Q2,32.3,,,,
ABS:ERP_COMP_Q(1.0.0),3,AUS,Q,1994-Q3,29.3,,,,
ABS:ERP_COMP_Q(1.0.0),3,AUS,Q,1994-Q4,33.6,,,,
ABS:ERP_COMP_Q(1.0.0),3,AUS,Q,1995-Q1,36.7,,,,
ABS:ERP_COMP_Q(1.0.0),3,AUS,Q,1995-Q2,32.8,,,,
ABS:ERP_COMP_Q(1.0.0),3,AUS,Q,1995-Q3,30.3,,,,
ABS:ERP_COMP_Q(1.0.0),3,AUS,Q,1995-Q4,30.4,,,,
ABS:ERP_COMP_Q(1.0.0),3,AUS,Q,1996-Q1,33.4,,,,
ABS:ERP_COMP_Q(1.0.0),3,AUS,Q,1996-Q2,30.3,,,,
ABS:ERP_COMP_Q(1.0.0),3,AUS,Q,1996-Q3,28.2,,,,
ABS:ERP_COMP_Q(1.0.0),3,AUS,Q,1996-Q4,33.3,,,,
ABS:ERP_COMP_Q(1.0.0),3,AUS,Q,1997-Q1,33.2,,,,
ABS:ERP_COMP_Q(1.0.0),3,AUS,Q,1997-Q2,32.2,,,,
ABS:ERP_COMP_Q(1.0.0),3,AUS,Q,1997-Q3,26.5,,,,
ABS:ERP_COMP_Q(1.0.0),3,AUS,Q,1997-Q4,31,,,,
ABS:ERP_COMP_Q(1.0.0),3,AUS,Q,1998-Q1,32.5,,,,
ABS:ERP_COMP_Q(1.0.0),3,AUS,Q,1998-Q2,30.5,,,,
ABS:ERP_COMP_Q(1.0.0),3,AUS,Q,1998-Q3,27.8,,,,
ABS:ERP_COMP_Q(1.0.0),3,AUS,Q,1998-Q4,30.7,,,,
ABS:ERP_COMP_Q(1.0.0),3,AUS,Q,1999-Q1,33.4,,,,
ABS:ERP_COMP_Q(1.0.0),3,AUS,Q,1999-Q2,30.5,,,,
ABS:ERP_COMP_Q(1.0.0),3,AUS,Q,1999-Q3,28.9,,,,
ABS:ERP_COMP_Q(1.0.0),3,AUS,Q,1999-Q4,30.1,,,,
ABS:ERP_COMP_Q(1.0.0),3,AUS,Q,2000-Q1,33.3,,,,
ABS:ERP_COMP_Q(1.0.0),3,AUS,Q,2000-Q2,29.8,,,,
ABS:ERP_COMP_Q(1.0.0),3,AUS,Q,2000-Q3,27.9,,,,
ABS:ERP_COMP_Q(1.0.0),3,AUS,Q,2000-Q4,30.9,,,,
ABS:ERP_COMP_Q(1.0.0),3,AUS,Q,2001-Q1,31.9,,,,
ABS:ERP_COMP_Q(1.0.0),3,AUS,Q,2001-Q2,29.7,,,,
ABS:ERP_COMP_Q(1.0.0),3,AUS,Q,2001-Q3,29,,,,
ABS:ERP_COMP_Q(1.0.0),3,AUS,Q,2001-Q4,28.5,,,,
ABS:ERP_COMP_Q(1.0.0),3,AUS,Q,2002-Q1,32.8,,,,
ABS:ERP_COMP_Q(1.0.0),3,AUS,Q,2002-Q2,28.9,,,,
ABS:ERP_COMP_Q(1.0.0),3,AUS,Q,2002-Q3,25.7,,,,
ABS:ERP_COMP_Q(1.0.0),3,AUS,Q,2002-Q4,29.6,,,,
ABS:ERP_COMP_Q(1.0.0),3,AUS,Q,2003-Q1,31.6,,,,
ABS:ERP_COMP_Q(1.0.0),3,AUS,Q,2003-Q2,30,,,,
ABS:ERP_COMP_Q(1.0.0),3,AUS,Q,2003-Q3,27.2,,,,
ABS:ERP_COMP_Q(1.0.0),3,AUS,Q,2003-Q4,30.2,,,,
ABS:ERP_COMP_Q(1.0.0),3,AUS,Q,2004-Q1,33.2,,,,
ABS:ERP_COMP_Q(1.0.0),3,AUS,Q,2004-Q2,28.2,,,,
ABS:ERP_COMP_Q(1.0.0),3,AUS,Q,2004-Q3,28.2,,,,
ABS:ERP_COMP_Q(1.0.0),3,AUS,Q,2004-Q4,29.5,,,,
ABS:ERP_COMP_Q(1.0.0),3,AUS,Q,2005-Q1,35.1,,,,
ABS:ERP_COMP_Q(1.0.0),3,AUS,Q,2005-Q2,34.1,,,,
ABS:ERP_COMP_Q(1.0.0),3,AUS,Q,2005-Q3,31.6,,,,
ABS:ERP_COMP_Q(1.0.0),3,AUS,Q,2005-Q4,33.3,,,,
ABS:ERP_COMP_Q(1.0.0),3,AUS,Q,2006-Q1,34.5,,,,
ABS:ERP_COMP_Q(1.0.0),3,AUS,Q,2006-Q2,32.6,,,,
ABS:ERP_COMP_Q(1.0.0),3,AUS,Q,2006-Q3,36.2,,,,
ABS:ERP_COMP_Q(1.0.0),3,AUS,Q,2006-Q4,36.5,,,,
ABS:ERP_COMP_Q(1.0.0),3,AUS,Q,2007-Q1,41.1,,,,
ABS:ERP_COMP_Q(1.0.0),3,AUS,Q,2007-Q2,37.5,,,,
ABS:ERP_COMP_Q(1.0.0),3,AUS,Q,2007-Q3,36.3,,,,
ABS:ERP_COMP_Q(1.0.0),3,AUS,Q,2007-Q4,38.5,,,,
ABS:ERP_COMP_Q(1.0.0),3,AUS,Q,2008-Q1,41.9,,,,
ABS:ERP_COMP_Q(1.0.0),3,AUS,Q,2008-Q2,37.7,,,,
ABS:ERP_COMP_Q(1.0.0),3,AUS,Q,2008-Q3,36.2,,,,
ABS:ERP_COMP_Q(1.0.0),3,AUS,Q,2008-Q4,40,,,,
ABS:ERP_COMP_Q(1.0.0),3,AUS,Q,2009-Q1,40.8,,,,
ABS:ERP_COMP_Q(1.0.0),3,AUS,Q,2009-Q2,39.4,,,,
ABS:ERP_COMP_Q(1.0.0),3,AUS,Q,2009-Q3,38.5,,,,
ABS:ERP_COMP_Q(1.0.0),3,AUS,Q,2009-Q4,40.5,,,,
ABS:ERP_COMP_Q(1.0.0),3,AUS,Q,2010-Q1,43.2,,,,
ABS:ERP_COMP_Q(1.0.0),3,AUS,Q,2010-Q2,40.3,,,,
ABS:ERP_COMP_Q(1.0.0),3,AUS,Q,2010-Q3,37.8,,,,
ABS:ERP_COMP_Q(1.0.0),3,AUS,Q,2010-Q4,36.6,,,,
ABS:ERP_COMP_Q(1.0.0),3,AUS,Q,2011-Q1,42.3,,,,
ABS:ERP_COMP_Q(1.0.0),3,AUS,Q,2011-Q2,39,,,,
ABS:ERP_COMP_Q(1.0.0),3,AUS,Q,2011-Q3,36.6,,,,
ABS:ERP_COMP_Q(1.0.0),3,AUS,Q,2011-Q4,38.2,,,,
ABS:ERP_COMP_Q(1.0.0),3,AUS,Q,2012-Q1,44.1,,,,
ABS:ERP_COMP_Q(1.0.0),3,AUS,Q,2012-Q2,40,,,,
ABS:ERP_COMP_Q(1.0.0),3,AUS,Q,2012-Q3,36.5,,,,
ABS:ERP_COMP_Q(1.0.0),3,AUS,Q,2012-Q4,42.5,,,,
ABS:ERP_COMP_Q(1.0.0),3,AUS,Q,2013-Q1,43.2,,,,
ABS:ERP_COMP_Q(1.0.0),3,AUS,Q,2013-Q2,39.8,,,,
ABS:ERP_COMP_Q(1.0.0),3,AUS,Q,2013-Q3,37.2,,,,
ABS:ERP_COMP_Q(1.0.0),3,AUS,Q,2013-Q4,38.7,,,,
ABS:ERP_COMP_Q(1.0.0),3,AUS,Q,2014-Q1,42.7,,,,
ABS:ERP_COMP_Q(1.0.0),3,AUS,Q,2014-Q2,38.4,,,,
ABS:ERP_COMP_Q(1.0.0),3,AUS,Q,2014-Q3,35.9,,,,
ABS:ERP_COMP_Q(1.0.0),3,AUS,Q,2014-Q4,39.5,,,,
ABS:ERP_COMP_Q(1.0.0),3,AUS,Q,2015-Q1,40.4,,,,
ABS:ERP_COMP_Q(1.0.0),3,AUS,Q,2015-Q2,35.9,,,,
ABS:ERP_COMP_Q(1.0.0),3,AUS,Q,2015-Q3,34.8,,,,
ABS:ERP_COMP_Q(1.0.0),3,AUS,Q,2015-Q4,37.9,,,,
ABS:ERP_COMP_Q(1.0.0),3,AUS,Q,2016-Q1,42.7,,,,
ABS:ERP_COMP_Q(1.0.0),3,AUS,Q,2016-Q2,39,,,,
ABS:ERP_COMP_Q(1.0.0),3,AUS,Q,2016-Q3,35.3,,,,
ABS:ERP_COMP_Q(1.0.0),3,AUS,Q,2016-Q4,36.2,,,,
ABS:ERP_COMP_Q(1.0.0),3,AUS,Q,2017-Q1,39.9,,,,
ABS:ERP_COMP_Q(1.0.0),3,AUS,Q,2017-Q2,36.2,,,,
ABS:ERP_COMP_Q(1.0.0),3,AUS,Q,2017-Q3,30.3,,,,
ABS:ERP_COMP_Q(1.0.0),3,AUS,Q,2017-Q4,35.6,,,,
ABS:ERP_COMP_Q(1.0.0),3,AUS,Q,2018-Q1,40.2,,,,
ABS:ERP_COMP_Q(1.0.0),3,AUS,Q,2018-Q2,36.5,,,,
ABS:ERP_COMP_Q(1.0.0),3,AUS,Q,2018-Q3,33.2,,,,
ABS:ERP_COMP_Q(1.0.0),3,AUS,Q,2018-Q4,35.9,,,,
ABS:ERP_COMP_Q(1.0.0),3,AUS,Q,2019-Q1,38.1,,,,
ABS:ERP_COMP_Q(1.0.0),3,AUS,Q,2019-Q2,34.6,,,,
ABS:ERP_COMP_Q(1.0.0),3,AUS,Q,2019-Q3,32,,,,
ABS:ERP_COMP_Q(1.0.0),3,AUS,Q,2019-Q4,34.3,,,,
ABS:ERP_COMP_Q(1.0.0),3,AUS,Q,2020-Q1,35.6,,,,
ABS:ERP_COMP_Q(1.0.0),3,AUS,Q,2020-Q2,32.9,,,,
ABS:ERP_COMP_Q(1.0.0),3,AUS,Q,2020-Q3,31.2,,,,
ABS:ERP_COMP_Q(1.0.0),3,AUS,Q,2020-Q4,31.2,,,,
ABS:ERP_COMP_Q(1.0.0),3,AUS,Q,2021-Q1,41.1,,,,
ABS:ERP_COMP_Q(1.0.0),3,AUS,Q,2021-Q2,35.9,,,,
ABS:ERP_COMP_Q(1.0.0),3,AUS,Q,2021-Q3,32.4,,,,
ABS:ERP_COMP_Q(1.0.0),3,AUS,Q,2021-Q4,33.6,,,,
ABS:ERP_COMP_Q(1.0.0),3,AUS,Q,2022-Q1,31.7,,,,
ABS:ERP_COMP_Q(1.0.0),3,AUS,Q,2022-Q2,27.8,,,,
ABS:ERP_COMP_Q(1.0.0),3,AUS,Q,2022-Q3,22.9,,,,
ABS:ERP_COMP_Q(1.0.0),3,AUS,Q,2022-Q4,26.3,,,,
ABS:ERP_COMP_Q(1.0.0),3,AUS,Q,2023-Q1,28.5,,,,
ABS:ERP_COMP_Q(1.0.0),3,AUS,Q,2023-Q2,25.1,,,,
ABS:ERP_COMP_Q(1.0.0),3,AUS,Q,2023-Q3,26,,,,
ABS:ERP_COMP_Q(1.0.0),3,AUS,Q,2023-Q4,26.1,,,,
ABS:ERP_COMP_Q(1.0.0),3,AUS,Q,2024-Q1,28.2,,,,
ABS:ERP_COMP_Q(1.0.0),3,AUS,Q,2024-Q2,24.9,,,,
ABS:ERP_COMP_Q(1.0.0),3,AUS,Q,2024-Q3,25.2,,,,
ABS:ERP_COMP_Q(1.0.0),3,AUS,Q,2024-Q4,23.1,,,,
ABS:ERP_COMP_Q(1.0.0),3,AUS,Q,2025-Q1,34.2,,,,
ABS:ERP_COMP_Q(1.0.0),3,AUS,Q,2025-Q2,32.1,,,,
ABS:ERP_COMP_Q(1.0.0),3,AUS,Q,2025-Q3,23.3,,,,
ABS:ERP_COMP_Q(1.0.0),3,AUS,Q,2025-Q4,22,,,,
ABS:ERP_COMP_Q(1.0.0),13,1,Q,1981-Q2,,,,,
ABS:ERP_COMP_Q(1.0.0),13,1,Q,1981-Q3,14.6,,,,
ABS:ERP_COMP_Q(1.0.0),13,1,Q,1981-Q4,17.4,,,,
ABS:ERP_COMP_Q(1.0.0),13,1,Q,1982-Q1,19.2,,,,
ABS:ERP_COMP_Q(1.0.0),13,1,Q,1982-Q2,17.5,,,,
ABS:ERP_COMP_Q(1.0.0),13,1,Q,1982-Q3,12.3,,,,
ABS:ERP_COMP_Q(1.0.0),13,1,Q,1982-Q4,12.4,,,,
ABS:ERP_COMP_Q(1.0.0),13,1,Q,1983-Q1,15.8,,,,
ABS:ERP_COMP_Q(1.0.0),13,1,Q,1983-Q2,8.9,,,,
ABS:ERP_COMP_Q(1.0.0),13,1,Q,1983-Q3,10.8,,,,
ABS:ERP_COMP_Q(1.0.0),13,1,Q,1983-Q4,11.2,,,,
ABS:ERP_COMP_Q(1.0.0),13,1,Q,1984-Q1,14.3,,,,
ABS:ERP_COMP_Q(1.0.0),13,1,Q,1984-Q2,13.5,,,,
ABS:ERP_COMP_Q(1.0.0),13,1,Q,1984-Q3,13.8,,,,
ABS:ERP_COMP_Q(1.0.0),13,1,Q,1984-Q4,15.2,,,,
ABS:ERP_COMP_Q(1.0.0),13,1,Q,1985-Q1,19.8,,,,
ABS:ERP_COMP_Q(1.0.0),13,1,Q,1985-Q2,13,,,,
ABS:ERP_COMP_Q(1.0.0),13,1,Q,1985-Q3,13.7,,,,
ABS:ERP_COMP_Q(1.0.0),13,1,Q,1985-Q4,18.2,,,,
ABS:ERP_COMP_Q(1.0.0),13,1,Q,1986-Q1,19.9,,,,
ABS:ERP_COMP_Q(1.0.0),13,1,Q,1986-Q2,15.1,,,,
ABS:ERP_COMP_Q(1.0.0),13,1,Q,1986-Q3,18.4,,,,
ABS:ERP_COMP_Q(1.0.0),13,1,Q,1986-Q4,24.3,,,,
ABS:ERP_COMP_Q(1.0.0),13,1,Q,1987-Q1,22,,,,
ABS:ERP_COMP_Q(1.0.0),13,1,Q,1987-Q2,20.5,,,,
ABS:ERP_COMP_Q(1.0.0),13,1,Q,1987-Q3,23.2,,,,
ABS:ERP_COMP_Q(1.0.0),13,1,Q,1987-Q4,26.3,,,,
ABS:ERP_COMP_Q(1.0.0),13,1,Q,1988-Q1,23.2,,,,
ABS:ERP_COMP_Q(1.0.0),13,1,Q,1988-Q2,17.9,,,,
ABS:ERP_COMP_Q(1.0.0),13,1,Q,1988-Q3,23,,,,
ABS:ERP_COMP_Q(1.0.0),13,1,Q,1988-Q4,21.9,,,,
ABS:ERP_COMP_Q(1.0.0),13,1,Q,1989-Q1,17.5,,,,
ABS:ERP_COMP_Q(1.0.0),13,1,Q,1989-Q2,6.6,,,,
ABS:ERP_COMP_Q(1.0.0),13,1,Q,1989-Q3,9.3,,,,
ABS:ERP_COMP_Q(1.0.0),13,1,Q,1989-Q4,17.5,,,,
ABS:ERP_COMP_Q(1.0.0),13,1,Q,1990-Q1,15.1,,,,
ABS:ERP_COMP_Q(1.0.0),13,1,Q,1990-Q2,15.9,,,,
ABS:ERP_COMP_Q(1.0.0),13,1,Q,1990-Q3,15.5,,,,
ABS:ERP_COMP_Q(1.0.0),13,1,Q,1990-Q4,13,,,,
ABS:ERP_COMP_Q(1.0.0),13,1,Q,1991-Q1,20.8,,,,
ABS:ERP_COMP_Q(1.0.0),13,1,Q,1991-Q2,15.5,,,,
ABS:ERP_COMP_Q(1.0.0),13,1,Q,1991-Q3,18,,,,
ABS:ERP_COMP_Q(1.0.0),13,1,Q,1991-Q4,11.4,,,,
ABS:ERP_COMP_Q(1.0.0),13,1,Q,1992-Q1,18.3,,,,
ABS:ERP_COMP_Q(1.0.0),13,1,Q,1992-Q2,11.4,,,,
ABS:ERP_COMP_Q(1.0.0),13,1,Q,1992-Q3,12.9,,,,
ABS:ERP_COMP_Q(1.0.0),13,1,Q,1992-Q4,7.1,,,,
ABS:ERP_COMP_Q(1.0.0),13,1,Q,1993-Q1,12.6,,,,
ABS:ERP_COMP_Q(1.0.0),13,1,Q,1993-Q2,4.6,,,,
ABS:ERP_COMP_Q(1.0.0),13,1,Q,1993-Q3,14.6,,,,
ABS:ERP_COMP_Q(1.0.0),13,1,Q,1993-Q4,10.5,,,,
ABS:ERP_COMP_Q(1.0.0),13,1,Q,1994-Q1,16.9,,,,
ABS:ERP_COMP_Q(1.0.0),13,1,Q,1994-Q2,7.7,,,,
ABS:ERP_COMP_Q(1.0.0),13,1,Q,1994-Q3,18.2,,,,
ABS:ERP_COMP_Q(1.0.0),13,1,Q,1994-Q4,8.8,,,,
ABS:ERP_COMP_Q(1.0.0),13,1,Q,1995-Q1,16,,,,
ABS:ERP_COMP_Q(1.0.0),13,1,Q,1995-Q2,17.7,,,,
ABS:ERP_COMP_Q(1.0.0),13,1,Q,1995-Q3,19.1,,,,
ABS:ERP_COMP_Q(1.0.0),13,1,Q,1995-Q4,19.3,,,,
ABS:ERP_COMP_Q(1.0.0),13,1,Q,1996-Q1,15.8,,,,
ABS:ERP_COMP_Q(1.0.0),13,1,Q,1996-Q2,16.7,,,,
ABS:ERP_COMP_Q(1.0.0),13,1,Q,1996-Q3,19.8,,,,
ABS:ERP_COMP_Q(1.0.0),13,1,Q,1996-Q4,18.3,,,,
ABS:ERP_COMP_Q(1.0.0),13,1,Q,1997-Q1,19.8,,,,
ABS:ERP_COMP_Q(1.0.0),13,1,Q,1997-Q2,12,,,,
ABS:ERP_COMP_Q(1.0.0),13,1,Q,1997-Q3,14.6,,,,
ABS:ERP_COMP_Q(1.0.0),13,1,Q,1997-Q4,14.1,,,,
ABS:ERP_COMP_Q(1.0.0),13,1,Q,1998-Q1,20.3,,,,
ABS:ERP_COMP_Q(1.0.0),13,1,Q,1998-Q2,10.5,,,,
ABS:ERP_COMP_Q(1.0.0),13,1,Q,1998-Q3,18.3,,,,
ABS:ERP_COMP_Q(1.0.0),13,1,Q,1998-Q4,14.7,,,,
ABS:ERP_COMP_Q(1.0.0),13,1,Q,1999-Q1,21.8,,,,
ABS:ERP_COMP_Q(1.0.0),13,1,Q,1999-Q2,14.6,,,,
ABS:ERP_COMP_Q(1.0.0),13,1,Q,1999-Q3,18,,,,
ABS:ERP_COMP_Q(1.0.0),13,1,Q,1999-Q4,16.9,,,,
ABS:ERP_COMP_Q(1.0.0),13,1,Q,2000-Q1,21.9,,,,
ABS:ERP_COMP_Q(1.0.0),13,1,Q,2000-Q2,14.7,,,,
ABS:ERP_COMP_Q(1.0.0),13,1,Q,2000-Q3,19.1,,,,
ABS:ERP_COMP_Q(1.0.0),13,1,Q,2000-Q4,19.5,,,,
ABS:ERP_COMP_Q(1.0.0),13,1,Q,2001-Q1,28.8,,,,
ABS:ERP_COMP_Q(1.0.0),13,1,Q,2001-Q2,16.5,,,,
ABS:ERP_COMP_Q(1.0.0),13,1,Q,2001-Q3,14.5,,,,
ABS:ERP_COMP_Q(1.0.0),13,1,Q,2001-Q4,13.6,,,,
ABS:ERP_COMP_Q(1.0.0),13,1,Q,2002-Q1,16.8,,,,
ABS:ERP_COMP_Q(1.0.0),13,1,Q,2002-Q2,5.5,,,,
ABS:ERP_COMP_Q(1.0.0),13,1,Q,2002-Q3,9.9,,,,
ABS:ERP_COMP_Q(1.0.0),13,1,Q,2002-Q4,8.8,,,,
ABS:ERP_COMP_Q(1.0.0),13,1,Q,2003-Q1,16.3,,,,
ABS:ERP_COMP_Q(1.0.0),13,1,Q,2003-Q2,5,,,,
ABS:ERP_COMP_Q(1.0.0),13,1,Q,2003-Q3,6.8,,,,
ABS:ERP_COMP_Q(1.0.0),13,1,Q,2003-Q4,7,,,,
ABS:ERP_COMP_Q(1.0.0),13,1,Q,2004-Q1,13.8,,,,
ABS:ERP_COMP_Q(1.0.0),13,1,Q,2004-Q2,2.5,,,,
ABS:ERP_COMP_Q(1.0.0),13,1,Q,2004-Q3,9.7,,,,
ABS:ERP_COMP_Q(1.0.0),13,1,Q,2004-Q4,8.8,,,,
ABS:ERP_COMP_Q(1.0.0),13,1,Q,2005-Q1,16.7,,,,
ABS:ERP_COMP_Q(1.0.0),13,1,Q,2005-Q2,7.3,,,,
ABS:ERP_COMP_Q(1.0.0),13,1,Q,2005-Q3,14.2,,,,
ABS:ERP_COMP_Q(1.0.0),13,1,Q,2005-Q4,10.6,,,,
ABS:ERP_COMP_Q(1.0.0),13,1,Q,2006-Q1,17.5,,,,
ABS:ERP_COMP_Q(1.0.0),13,1,Q,2006-Q2,7.2,,,,
ABS:ERP_COMP_Q(1.0.0),13,1,Q,2006-Q3,23.4,,,,
ABS:ERP_COMP_Q(1.0.0),13,1,Q,2006-Q4,20,,,,
ABS:ERP_COMP_Q(1.0.0),13,1,Q,2007-Q1,29.2,,,,
ABS:ERP_COMP_Q(1.0.0),13,1,Q,2007-Q2,18.8,,,,
ABS:ERP_COMP_Q(1.0.0),13,1,Q,2007-Q3,25.6,,,,
ABS:ERP_COMP_Q(1.0.0),13,1,Q,2007-Q4,24.1,,,,
ABS:ERP_COMP_Q(1.0.0),13,1,Q,2008-Q1,36.1,,,,
ABS:ERP_COMP_Q(1.0.0),13,1,Q,2008-Q2,23.6,,,,
ABS:ERP_COMP_Q(1.0.0),13,1,Q,2008-Q3,28.9,,,,
ABS:ERP_COMP_Q(1.0.0),13,1,Q,2008-Q4,29.4,,,,
ABS:ERP_COMP_Q(1.0.0),13,1,Q,2009-Q1,30.6,,,,
ABS:ERP_COMP_Q(1.0.0),13,1,Q,2009-Q2,21.3,,,,
ABS:ERP_COMP_Q(1.0.0),13,1,Q,2009-Q3,25.4,,,,
ABS:ERP_COMP_Q(1.0.0),13,1,Q,2009-Q4,22.3,,,,
ABS:ERP_COMP_Q(1.0.0),13,1,Q,2010-Q1,26.9,,,,
ABS:ERP_COMP_Q(1.0.0),13,1,Q,2010-Q2,15.9,,,,
ABS:ERP_COMP_Q(1.0.0),13,1,Q,2010-Q3,18.4,,,,
ABS:ERP_COMP_Q(1.0.0),13,1,Q,2010-Q4,17.2,,,,
ABS:ERP_COMP_Q(1.0.0),13,1,Q,2011-Q1,24.8,,,,
ABS:ERP_COMP_Q(1.0.0),13,1,Q,2011-Q2,13.8,,,,
ABS:ERP_COMP_Q(1.0.0),13,1,Q,2011-Q3,21,,,,
ABS:ERP_COMP_Q(1.0.0),13,1,Q,2011-Q4,19.2,,,,
ABS:ERP_COMP_Q(1.0.0),13,1,Q,2012-Q1,26.3,,,,
ABS:ERP_COMP_Q(1.0.0),13,1,Q,2012-Q2,19.3,,,,
ABS:ERP_COMP_Q(1.0.0),13,1,Q,2012-Q3,23.4,,,,
ABS:ERP_COMP_Q(1.0.0),13,1,Q,2012-Q4,25.6,,,,
ABS:ERP_COMP_Q(1.0.0),13,1,Q,2013-Q1,29.8,,,,
ABS:ERP_COMP_Q(1.0.0),13,1,Q,2013-Q2,21.1,,,,
ABS:ERP_COMP_Q(1.0.0),13,1,Q,2013-Q3,26.9,,,,
ABS:ERP_COMP_Q(1.0.0),13,1,Q,2013-Q4,24,,,,
ABS:ERP_COMP_Q(1.0.0),13,1,Q,2014-Q1,32.9,,,,
ABS:ERP_COMP_Q(1.0.0),13,1,Q,2014-Q2,20.5,,,,
ABS:ERP_COMP_Q(1.0.0),13,1,Q,2014-Q3,27.9,,,,
ABS:ERP_COMP_Q(1.0.0),13,1,Q,2014-Q4,25.9,,,,
ABS:ERP_COMP_Q(1.0.0),13,1,Q,2015-Q1,33.6,,,,
ABS:ERP_COMP_Q(1.0.0),13,1,Q,2015-Q2,20.4,,,,
ABS:ERP_COMP_Q(1.0.0),13,1,Q,2015-Q3,29.2,,,,
ABS:ERP_COMP_Q(1.0.0),13,1,Q,2015-Q4,26.1,,,,
ABS:ERP_COMP_Q(1.0.0),13,1,Q,2016-Q1,36,,,,
ABS:ERP_COMP_Q(1.0.0),13,1,Q,2016-Q2,25.4,,,,
ABS:ERP_COMP_Q(1.0.0),13,1,Q,2016-Q3,35.1,,,,
ABS:ERP_COMP_Q(1.0.0),13,1,Q,2016-Q4,27.7,,,,
ABS:ERP_COMP_Q(1.0.0),13,1,Q,2017-Q1,37.8,,,,
ABS:ERP_COMP_Q(1.0.0),13,1,Q,2017-Q2,21.9,,,,
ABS:ERP_COMP_Q(1.0.0),13,1,Q,2017-Q3,29.4,,,,
ABS:ERP_COMP_Q(1.0.0),13,1,Q,2017-Q4,16.2,,,,
ABS:ERP_COMP_Q(1.0.0),13,1,Q,2018-Q1,33.7,,,,
ABS:ERP_COMP_Q(1.0.0),13,1,Q,2018-Q2,19.8,,,,
ABS:ERP_COMP_Q(1.0.0),13,1,Q,2018-Q3,30,,,,
ABS:ERP_COMP_Q(1.0.0),13,1,Q,2018-Q4,19,,,,
ABS:ERP_COMP_Q(1.0.0),13,1,Q,2019-Q1,29.4,,,,
ABS:ERP_COMP_Q(1.0.0),13,1,Q,2019-Q2,13.8,,,,
ABS:ERP_COMP_Q(1.0.0),13,1,Q,2019-Q3,24.6,,,,
ABS:ERP_COMP_Q(1.0.0),13,1,Q,2019-Q4,17,,,,
ABS:ERP_COMP_Q(1.0.0),13,1,Q,2020-Q1,23.6,,,,
ABS:ERP_COMP_Q(1.0.0),13,1,Q,2020-Q2,-1.4,,,,
ABS:ERP_COMP_Q(1.0.0),13,1,Q,2020-Q3,-11.7,,,,
ABS:ERP_COMP_Q(1.0.0),13,1,Q,2020-Q4,-4.6,,,,
ABS:ERP_COMP_Q(1.0.0),13,1,Q,2021-Q1,-1.3,,,,
ABS:ERP_COMP_Q(1.0.0),13,1,Q,2021-Q2,4,,,,
ABS:ERP_COMP_Q(1.0.0),13,1,Q,2021-Q3,-0.3,,,,
ABS:ERP_COMP_Q(1.0.0),13,1,Q,2021-Q4,20.3,,,,
ABS:ERP_COMP_Q(1.0.0),13,1,Q,2022-Q1,36.1,,,,
ABS:ERP_COMP_Q(1.0.0),13,1,Q,2022-Q2,28.9,,,,
ABS:ERP_COMP_Q(1.0.0),13,1,Q,2022-Q3,41.8,,,,
ABS:ERP_COMP_Q(1.0.0),13,1,Q,2022-Q4,40.1,,,,
ABS:ERP_COMP_Q(1.0.0),13,1,Q,2023-Q1,53.3,,,,
ABS:ERP_COMP_Q(1.0.0),13,1,Q,2023-Q2,39.1,,,,
ABS:ERP_COMP_Q(1.0.0),13,1,Q,2023-Q3,50,,,,
ABS:ERP_COMP_Q(1.0.0),13,1,Q,2023-Q4,31,,,,
ABS:ERP_COMP_Q(1.0.0),13,1,Q,2024-Q1,40.1,,,,
ABS:ERP_COMP_Q(1.0.0),13,1,Q,2024-Q2,14.6,,,,
ABS:ERP_COMP_Q(1.0.0),13,1,Q,2024-Q3,26.8,,,,
ABS:ERP_COMP_Q(1.0.0),13,1,Q,2024-Q4,17.6,,,,
ABS:ERP_COMP_Q(1.0.0),13,1,Q,2025-Q1,36.1,,,,
ABS:ERP_COMP_Q(1.0.0),13,1,Q,2025-Q2,17.5,,,,
ABS:ERP_COMP_Q(1.0.0),13,1,Q,2025-Q3,32.4,,,,
ABS:ERP_COMP_Q(1.0.0),13,1,Q,2025-Q4,18.6,,,,
ABS:ERP_COMP_Q(1.0.0),3,4,Q,1981-Q2,2.5,,,,
ABS:ERP_COMP_Q(1.0.0),3,4,Q,1981-Q3,2.2,,,,
ABS:ERP_COMP_Q(1.0.0),3,4,Q,1981-Q4,2.4,,,,
ABS:ERP_COMP_Q(1.0.0),3,4,Q,1982-Q1,2.4,,,,
ABS:ERP_COMP_Q(1.0.0),3,4,Q,1982-Q2,2.3,,,,
ABS:ERP_COMP_Q(1.0.0),3,4,Q,1982-Q3,1.9,,,,
ABS:ERP_COMP_Q(1.0.0),3,4,Q,1982-Q4,2.2,,,,
ABS:ERP_COMP_Q(1.0.0),3,4,Q,1983-Q1,2.6,,,,
ABS:ERP_COMP_Q(1.0.0),3,4,Q,1983-Q2,2.4,,,,
ABS:ERP_COMP_Q(1.0.0),3,4,Q,1983-Q3,2.3,,,,
ABS:ERP_COMP_Q(1.0.0),3,4,Q,1983-Q4,2.7,,,,
ABS:ERP_COMP_Q(1.0.0),3,4,Q,1984-Q1,2.8,,,,
ABS:ERP_COMP_Q(1.0.0),3,4,Q,1984-Q2,2.6,,,,
ABS:ERP_COMP_Q(1.0.0),3,4,Q,1984-Q3,2.4,,,,
ABS:ERP_COMP_Q(1.0.0),3,4,Q,1984-Q4,2.2,,,,
ABS:ERP_COMP_Q(1.0.0),3,4,Q,1985-Q1,2.6,,,,
ABS:ERP_COMP_Q(1.0.0),3,4,Q,1985-Q2,2.6,,,,
ABS:ERP_COMP_Q(1.0.0),3,4,Q,1985-Q3,1.7,,,,
ABS:ERP_COMP_Q(1.0.0),3,4,Q,1985-Q4,2.5,,,,
ABS:ERP_COMP_Q(1.0.0),3,4,Q,1986-Q1,2.5,,,,
ABS:ERP_COMP_Q(1.0.0),3,4,Q,1986-Q2,2.5,,,,
ABS:ERP_COMP_Q(1.0.0),3,4,Q,1986-Q3,2.1,,,,
ABS:ERP_COMP_Q(1.0.0),3,4,Q,1986-Q4,2.3,,,,
ABS:ERP_COMP_Q(1.0.0),3,4,Q,1987-Q1,2.6,,,,
ABS:ERP_COMP_Q(1.0.0),3,4,Q,1987-Q2,2.1,,,,
ABS:ERP_COMP_Q(1.0.0),3,4,Q,1987-Q3,2,,,,
ABS:ERP_COMP_Q(1.0.0),3,4,Q,1987-Q4,2,,,,
ABS:ERP_COMP_Q(1.0.0),3,4,Q,1988-Q1,2.3,,,,
ABS:ERP_COMP_Q(1.0.0),3,4,Q,1988-Q2,2.2,,,,
ABS:ERP_COMP_Q(1.0.0),3,4,Q,1988-Q3,1.8,,,,
ABS:ERP_COMP_Q(1.0.0),3,4,Q,1988-Q4,2.2,,,,
ABS:ERP_COMP_Q(1.0.0),3,4,Q,1989-Q1,2.6,,,,
ABS:ERP_COMP_Q(1.0.0),3,4,Q,1989-Q2,2.1,,,,
ABS:ERP_COMP_Q(1.0.0),3,4,Q,1989-Q3,1.5,,,,
ABS:ERP_COMP_Q(1.0.0),3,4,Q,1989-Q4,2.1,,,,
ABS:ERP_COMP_Q(1.0.0),3,4,Q,1990-Q1,2.5,,,,
ABS:ERP_COMP_Q(1.0.0),3,4,Q,1990-Q2,2.2,,,,
ABS:ERP_COMP_Q(1.0.0),3,4,Q,1990-Q3,2,,,,
ABS:ERP_COMP_Q(1.0.0),3,4,Q,1990-Q4,2.3,,,,
ABS:ERP_COMP_Q(1.0.0),3,4,Q,1991-Q1,2.5,,,,
ABS:ERP_COMP_Q(1.0.0),3,4,Q,1991-Q2,2,,,,
ABS:ERP_COMP_Q(1.0.0),3,4,Q,1991-Q3,1.9,,,,
ABS:ERP_COMP_Q(1.0.0),3,4,Q,1991-Q4,2.1,,,,
ABS:ERP_COMP_Q(1.0.0),3,4,Q,1992-Q1,2.5,,,,
ABS:ERP_COMP_Q(1.0.0),3,4,Q,1992-Q2,2,,,,
ABS:ERP_COMP_Q(1.0.0),3,4,Q,1992-Q3,1.8,,,,
ABS:ERP_COMP_Q(1.0.0),3,4,Q,1992-Q4,2.1,,,,
ABS:ERP_COMP_Q(1.0.0),3,4,Q,1993-Q1,2.2,,,,
ABS:ERP_COMP_Q(1.0.0),3,4,Q,1993-Q2,2.3,,,,
ABS:ERP_COMP_Q(1.0.0),3,4,Q,1993-Q3,1.9,,,,
ABS:ERP_COMP_Q(1.0.0),3,4,Q,1993-Q4,1.8,,,,
ABS:ERP_COMP_Q(1.0.0),3,4,Q,1994-Q1,2.4,,,,
ABS:ERP_COMP_Q(1.0.0),3,4,Q,1994-Q2,1.9,,,,
ABS:ERP_COMP_Q(1.0.0),3,4,Q,1994-Q3,1.6,,,,
ABS:ERP_COMP_Q(1.0.0),3,4,Q,1994-Q4,2,,,,
ABS:ERP_COMP_Q(1.0.0),3,4,Q,1995-Q1,2.4,,,,
ABS:ERP_COMP_Q(1.0.0),3,4,Q,1995-Q2,2,,,,
ABS:ERP_COMP_Q(1.0.0),3,4,Q,1995-Q3,1.8,,,,
ABS:ERP_COMP_Q(1.0.0),3,4,Q,1995-Q4,1.7,,,,
ABS:ERP_COMP_Q(1.0.0),3,4,Q,1996-Q1,2.2,,,,
ABS:ERP_COMP_Q(1.0.0),3,4,Q,1996-Q2,1.8,,,,
ABS:ERP_COMP_Q(1.0.0),3,4,Q,1996-Q3,1.4,,,,
ABS:ERP_COMP_Q(1.0.0),3,4,Q,1996-Q4,1.8,,,,
ABS:ERP_COMP_Q(1.0.0),3,4,Q,1997-Q1,2.1,,,,
ABS:ERP_COMP_Q(1.0.0),3,4,Q,1997-Q2,1.7,,,,
ABS:ERP_COMP_Q(1.0.0),3,4,Q,1997-Q3,1.4,,,,
ABS:ERP_COMP_Q(1.0.0),3,4,Q,1997-Q4,1.7,,,,
ABS:ERP_COMP_Q(1.0.0),3,4,Q,1998-Q1,2.1,,,,
ABS:ERP_COMP_Q(1.0.0),3,4,Q,1998-Q2,1.5,,,,
ABS:ERP_COMP_Q(1.0.0),3,4,Q,1998-Q3,1.3,,,,
ABS:ERP_COMP_Q(1.0.0),3,4,Q,1998-Q4,1.7,,,,
ABS:ERP_COMP_Q(1.0.0),3,4,Q,1999-Q1,2.1,,,,
ABS:ERP_COMP_Q(1.0.0),3,4,Q,1999-Q2,1.7,,,,
ABS:ERP_COMP_Q(1.0.0),3,4,Q,1999-Q3,1.4,,,,
ABS:ERP_COMP_Q(1.0.0),3,4,Q,1999-Q4,1.6,,,,
ABS:ERP_COMP_Q(1.0.0),3,4,Q,2000-Q1,1.8,,,,
ABS:ERP_COMP_Q(1.0.0),3,4,Q,2000-Q2,1.4,,,,
ABS:ERP_COMP_Q(1.0.0),3,4,Q,2000-Q3,1.1,,,,
ABS:ERP_COMP_Q(1.0.0),3,4,Q,2000-Q4,1.4,,,,
ABS:ERP_COMP_Q(1.0.0),3,4,Q,2001-Q1,1.7,,,,
ABS:ERP_COMP_Q(1.0.0),3,4,Q,2001-Q2,1.3,,,,
ABS:ERP_COMP_Q(1.0.0),3,4,Q,2001-Q3,1.3,,,,
ABS:ERP_COMP_Q(1.0.0),3,4,Q,2001-Q4,1.2,,,,
ABS:ERP_COMP_Q(1.0.0),3,4,Q,2002-Q1,1.9,,,,
ABS:ERP_COMP_Q(1.0.0),3,4,Q,2002-Q2,1.4,,,,
ABS:ERP_COMP_Q(1.0.0),3,4,Q,2002-Q3,1.1,,,,
ABS:ERP_COMP_Q(1.0.0),3,4,Q,2002-Q4,1.3,,,,
ABS:ERP_COMP_Q(1.0.0),3,4,Q,2003-Q1,1.5,,,,
ABS:ERP_COMP_Q(1.0.0),3,4,Q,2003-Q2,1.4,,,,
ABS:ERP_COMP_Q(1.0.0),3,4,Q,2003-Q3,1.2,,,,
ABS:ERP_COMP_Q(1.0.0),3,4,Q,2003-Q4,1.4,,,,
ABS:ERP_COMP_Q(1.0.0),3,4,Q,2004-Q1,1.5,,,,
ABS:ERP_COMP_Q(1.0.0),3,4,Q,2004-Q2,1.4,,,,
ABS:ERP_COMP_Q(1.0.0),3,4,Q,2004-Q3,1.1,,,,
ABS:ERP_COMP_Q(1.0.0),3,4,Q,2004-Q4,1.4,,,,
ABS:ERP_COMP_Q(1.0.0),3,4,Q,2005-Q1,1.9,,,,
ABS:ERP_COMP_Q(1.0.0),3,4,Q,2005-Q2,1.5,,,,
ABS:ERP_COMP_Q(1.0.0),3,4,Q,2005-Q3,1.2,,,,
ABS:ERP_COMP_Q(1.0.0),3,4,Q,2005-Q4,1.5,,,,
ABS:ERP_COMP_Q(1.0.0),3,4,Q,2006-Q1,1.9,,,,
ABS:ERP_COMP_Q(1.0.0),3,4,Q,2006-Q2,1.3,,,,
ABS:ERP_COMP_Q(1.0.0),3,4,Q,2006-Q3,1.7,,,,
ABS:ERP_COMP_Q(1.0.0),3,4,Q,2006-Q4,1.6,,,,
ABS:ERP_COMP_Q(1.0.0),3,4,Q,2007-Q1,2.2,,,,
ABS:ERP_COMP_Q(1.0.0),3,4,Q,2007-Q2,1.6,,,,
ABS:ERP_COMP_Q(1.0.0),3,4,Q,2007-Q3,1.6,,,,
ABS:ERP_COMP_Q(1.0.0),3,4,Q,2007-Q4,2,,,,
ABS:ERP_COMP_Q(1.0.0),3,4,Q,2008-Q1,2.1,,,,
ABS:ERP_COMP_Q(1.0.0),3,4,Q,2008-Q2,1.7,,,,
ABS:ERP_COMP_Q(1.0.0),3,4,Q,2008-Q3,1.6,,,,
ABS:ERP_COMP_Q(1.0.0),3,4,Q,2008-Q4,1.8,,,,
ABS:ERP_COMP_Q(1.0.0),3,4,Q,2009-Q1,2,,,,
ABS:ERP_COMP_Q(1.0.0),3,4,Q,2009-Q2,1.8,,,,
ABS:ERP_COMP_Q(1.0.0),3,4,Q,2009-Q3,1.7,,,,
ABS:ERP_COMP_Q(1.0.0),3,4,Q,2009-Q4,1.8,,,,
ABS:ERP_COMP_Q(1.0.0),3,4,Q,2010-Q1,2.2,,,,
ABS:ERP_COMP_Q(1.0.0),3,4,Q,2010-Q2,1.8,,,,
ABS:ERP_COMP_Q(1.0.0),3,4,Q,2010-Q3,1.5,,,,
ABS:ERP_COMP_Q(1.0.0),3,4,Q,2010-Q4,1.6,,,,
ABS:ERP_COMP_Q(1.0.0),3,4,Q,2011-Q1,2.1,,,,
ABS:ERP_COMP_Q(1.0.0),3,4,Q,2011-Q2,1.8,,,,
ABS:ERP_COMP_Q(1.0.0),3,4,Q,2011-Q3,1.8,,,,
ABS:ERP_COMP_Q(1.0.0),3,4,Q,2011-Q4,1.8,,,,
ABS:ERP_COMP_Q(1.0.0),3,4,Q,2012-Q1,2.1,,,,
ABS:ERP_COMP_Q(1.0.0),3,4,Q,2012-Q2,1.8,,,,
ABS:ERP_COMP_Q(1.0.0),3,4,Q,2012-Q3,1.5,,,,
ABS:ERP_COMP_Q(1.0.0),3,4,Q,2012-Q4,1.9,,,,
ABS:ERP_COMP_Q(1.0.0),3,4,Q,2013-Q1,2.1,,,,
ABS:ERP_COMP_Q(1.0.0),3,4,Q,2013-Q2,1.8,,,,
ABS:ERP_COMP_Q(1.0.0),3,4,Q,2013-Q3,1.5,,,,
ABS:ERP_COMP_Q(1.0.0),3,4,Q,2013-Q4,1.7,,,,
ABS:ERP_COMP_Q(1.0.0),3,4,Q,2014-Q1,2.1,,,,
ABS:ERP_COMP_Q(1.0.0),3,4,Q,2014-Q2,1.9,,,,
ABS:ERP_COMP_Q(1.0.0),3,4,Q,2014-Q3,1.4,,,,
ABS:ERP_COMP_Q(1.0.0),3,4,Q,2014-Q4,1.8,,,,
ABS:ERP_COMP_Q(1.0.0),3,4,Q,2015-Q1,1.8,,,,
ABS:ERP_COMP_Q(1.0.0),3,4,Q,2015-Q2,1.5,,,,
ABS:ERP_COMP_Q(1.0.0),3,4,Q,2015-Q3,1.2,,,,
ABS:ERP_COMP_Q(1.0.0),3,4,Q,2015-Q4,1.7,,,,
ABS:ERP_COMP_Q(1.0.0),3,4,Q,2016-Q1,2,,,,
ABS:ERP_COMP_Q(1.0.0),3,4,Q,2016-Q2,1.7,,,,
ABS:ERP_COMP_Q(1.0.0),3,4,Q,2016-Q3,1.4,,,,
ABS:ERP_COMP_Q(1.0.0),3,4,Q,2016-Q4,1.3,,,,
ABS:ERP_COMP_Q(1.0.0),3,4,Q,2017-Q1,1.7,,,,
ABS:ERP_COMP_Q(1.0.0),3,4,Q,2017-Q2,1.3,,,,
ABS:ERP_COMP_Q(1.0.0),3,4,Q,2017-Q3,0.9,,,,
ABS:ERP_COMP_Q(1.0.0),3,4,Q,2017-Q4,1.1,,,,
ABS:ERP_COMP_Q(1.0.0),3,4,Q,2018-Q1,1.7,,,,
ABS:ERP_COMP_Q(1.0.0),3,4,Q,2018-Q2,1.3,,,,
ABS:ERP_COMP_Q(1.0.0),3,4,Q,2018-Q3,1,,,,
ABS:ERP_COMP_Q(1.0.0),3,4,Q,2018-Q4,1.4,,,,
ABS:ERP_COMP_Q(1.0.0),3,4,Q,2019-Q1,1.5,,,,
ABS:ERP_COMP_Q(1.0.0),3,4,Q,2019-Q2,1.1,,,,
ABS:ERP_COMP_Q(1.0.0),3,4,Q,2019-Q3,1.2,,,,
ABS:ERP_COMP_Q(1.0.0),3,4,Q,2019-Q4,1.2,,,,
ABS:ERP_COMP_Q(1.0.0),3,4,Q,2020-Q1,1.3,,,,
ABS:ERP_COMP_Q(1.0.0),3,4,Q,2020-Q2,1.1,,,,
ABS:ERP_COMP_Q(1.0.0),3,4,Q,2020-Q3,1,,,,
ABS:ERP_COMP_Q(1.0.0),3,4,Q,2020-Q4,1.1,,,,
ABS:ERP_COMP_Q(1.0.0),3,4,Q,2021-Q1,1.9,,,,
ABS:ERP_COMP_Q(1.0.0),3,4,Q,2021-Q2,1.4,,,,
ABS:ERP_COMP_Q(1.0.0),3,4,Q,2021-Q3,1,,,,
ABS:ERP_COMP_Q(1.0.0),3,4,Q,2021-Q4,1.1,,,,
ABS:ERP_COMP_Q(1.0.0),3,4,Q,2022-Q1,1.2,,,,
ABS:ERP_COMP_Q(1.0.0),3,4,Q,2022-Q2,0.7,,,,
ABS:ERP_COMP_Q(1.0.0),3,4,Q,2022-Q3,0.6,,,,
ABS:ERP_COMP_Q(1.0.0),3,4,Q,2022-Q4,0.8,,,,
ABS:ERP_COMP_Q(1.0.0),3,4,Q,2023-Q1,0.9,,,,
ABS:ERP_COMP_Q(1.0.0),3,4,Q,2023-Q2,0.5,,,,
ABS:ERP_COMP_Q(1.0.0),3,4,Q,2023-Q3,0.6,,,,
ABS:ERP_COMP_Q(1.0.0),3,4,Q,2023-Q4,0.8,,,,
ABS:ERP_COMP_Q(1.0.0),3,4,Q,2024-Q1,0.9,,,,
ABS:ERP_COMP_Q(1.0.0),3,4,Q,2024-Q2,0.6,,,,
ABS:ERP_COMP_Q(1.0.0),3,4,Q,2024-Q3,0.1,,,,
ABS:ERP_COMP_Q(1.0.0),3,4,Q,2024-Q4,0.7,,,,
ABS:ERP_COMP_Q(1.0.0),3,4,Q,2025-Q1,1.2,,,,
ABS:ERP_COMP_Q(1.0.0),3,4,Q,2025-Q2,0.6,,,,
ABS:ERP_COMP_Q(1.0.0),3,4,Q,2025-Q3,0.2,,,,
ABS:ERP_COMP_Q(1.0.0),3,4,Q,2025-Q4,0.8,,,,
ABS:ERP_COMP_Q(1.0.0),6,8,Q,1981-Q2,565,,,,
ABS:ERP_COMP_Q(1.0.0),6,8,Q,1981-Q3,-15,,,,
ABS:ERP_COMP_Q(1.0.0),6,8,Q,1981-Q4,-824,,,,
ABS:ERP_COMP_Q(1.0.0),6,8,Q,1982-Q1,-42,,,,
ABS:ERP_COMP_Q(1.0.0),6,8,Q,1982-Q2,711,,,,
ABS:ERP_COMP_Q(1.0.0),6,8,Q,1982-Q3,-430,,,,
ABS:ERP_COMP_Q(1.0.0),6,8,Q,1982-Q4,-98,,,,
ABS:ERP_COMP_Q(1.0.0),6,8,Q,1983-Q1,603,,,,
ABS:ERP_COMP_Q(1.0.0),6,8,Q,1983-Q2,913,,,,
ABS:ERP_COMP_Q(1.0.0),6,8,Q,1983-Q3,-229,,,,
ABS:ERP_COMP_Q(1.0.0),6,8,Q,1983-Q4,584,,,,
ABS:ERP_COMP_Q(1.0.0),6,8,Q,1984-Q1,84,,,,
ABS:ERP_COMP_Q(1.0.0),6,8,Q,1984-Q2,503,,,,
ABS:ERP_COMP_Q(1.0.0),6,8,Q,1984-Q3,-153,,,,
ABS:ERP_COMP_Q(1.0.0),6,8,Q,1984-Q4,-235,,,,
ABS:ERP_COMP_Q(1.0.0),6,8,Q,1985-Q1,155,,,,
ABS:ERP_COMP_Q(1.0.0),6,8,Q,1985-Q2,1402,,,,
ABS:ERP_COMP_Q(1.0.0),6,8,Q,1985-Q3,664,,,,
ABS:ERP_COMP_Q(1.0.0),6,8,Q,1985-Q4,966,,,,
ABS:ERP_COMP_Q(1.0.0),6,8,Q,1986-Q1,-138,,,,
ABS:ERP_COMP_Q(1.0.0),6,8,Q,1986-Q2,291,,,,
ABS:ERP_COMP_Q(1.0.0),6,8,Q,1986-Q3,627,,,,
ABS:ERP_COMP_Q(1.0.0),6,8,Q,1986-Q4,362,,,,
ABS:ERP_COMP_Q(1.0.0),6,8,Q,1987-Q1,399,,,,
ABS:ERP_COMP_Q(1.0.0),6,8,Q,1987-Q2,552,,,,
ABS:ERP_COMP_Q(1.0.0),6,8,Q,1987-Q3,586,,,,
ABS:ERP_COMP_Q(1.0.0),6,8,Q,1987-Q4,553,,,,
ABS:ERP_COMP_Q(1.0.0),6,8,Q,1988-Q1,562,,,,
ABS:ERP_COMP_Q(1.0.0),6,8,Q,1988-Q2,361,,,,
ABS:ERP_COMP_Q(1.0.0),6,8,Q,1988-Q3,-341,,,,
ABS:ERP_COMP_Q(1.0.0),6,8,Q,1988-Q4,-257,,,,
ABS:ERP_COMP_Q(1.0.0),6,8,Q,1989-Q1,472,,,,
ABS:ERP_COMP_Q(1.0.0),6,8,Q,1989-Q2,12,,,,
ABS:ERP_COMP_Q(1.0.0),6,8,Q,1989-Q3,35,,,,
ABS:ERP_COMP_Q(1.0.0),6,8,Q,1989-Q4,644,,,,
ABS:ERP_COMP_Q(1.0.0),6,8,Q,1990-Q1,-106,,,,
ABS:ERP_COMP_Q(1.0.0),6,8,Q,1990-Q2,757,,,,
ABS:ERP_COMP_Q(1.0.0),6,8,Q,1990-Q3,495,,,,
ABS:ERP_COMP_Q(1.0.0),6,8,Q,1990-Q4,636,,,,
ABS:ERP_COMP_Q(1.0.0),6,8,Q,1991-Q1,758,,,,
ABS:ERP_COMP_Q(1.0.0),6,8,Q,1991-Q2,1043,,,,
ABS:ERP_COMP_Q(1.0.0),6,8,Q,1991-Q3,79,,,,
ABS:ERP_COMP_Q(1.0.0),6,8,Q,1991-Q4,39,,,,
ABS:ERP_COMP_Q(1.0.0),6,8,Q,1992-Q1,543,,,,
ABS:ERP_COMP_Q(1.0.0),6,8,Q,1992-Q2,704,,,,
ABS:ERP_COMP_Q(1.0.0),6,8,Q,1992-Q3,174,,,,
ABS:ERP_COMP_Q(1.0.0),6,8,Q,1992-Q4,-297,,,,
ABS:ERP_COMP_Q(1.0.0),6,8,Q,1993-Q1,1410,,,,
ABS:ERP_COMP_Q(1.0.0),6,8,Q,1993-Q2,29,,,,
ABS:ERP_COMP_Q(1.0.0),6,8,Q,1993-Q3,-45,,,,
ABS:ERP_COMP_Q(1.0.0),6,8,Q,1993-Q4,-113,,,,
ABS:ERP_COMP_Q(1.0.0),6,8,Q,1994-Q1,-284,,,,
ABS:ERP_COMP_Q(1.0.0),6,8,Q,1994-Q2,16,,,,
ABS:ERP_COMP_Q(1.0.0),6,8,Q,1994-Q3,-288,,,,
ABS:ERP_COMP_Q(1.0.0),6,8,Q,1994-Q4,-187,,,,
ABS:ERP_COMP_Q(1.0.0),6,8,Q,1995-Q1,629,,,,
ABS:ERP_COMP_Q(1.0.0),6,8,Q,1995-Q2,-640,,,,
ABS:ERP_COMP_Q(1.0.0),6,8,Q,1995-Q3,-196,,,,
ABS:ERP_COMP_Q(1.0.0),6,8,Q,1995-Q4,-972,,,,
ABS:ERP_COMP_Q(1.0.0),6,8,Q,1996-Q1,437,,,,
ABS:ERP_COMP_Q(1.0.0),6,8,Q,1996-Q2,75,,,,
ABS:ERP_COMP_Q(1.0.0),6,8,Q,1996-Q3,-467,,,,
ABS:ERP_COMP_Q(1.0.0),6,8,Q,1996-Q4,-292,,,,
ABS:ERP_COMP_Q(1.0.0),6,8,Q,1997-Q1,-688,,,,
ABS:ERP_COMP_Q(1.0.0),6,8,Q,1997-Q2,-1023,,,,
ABS:ERP_COMP_Q(1.0.0),6,8,Q,1997-Q3,-934,,,,
ABS:ERP_COMP_Q(1.0.0),6,8,Q,1997-Q4,-536,,,,
ABS:ERP_COMP_Q(1.0.0),6,8,Q,1998-Q1,-477,,,,
ABS:ERP_COMP_Q(1.0.0),6,8,Q,1998-Q2,-35,,,,
ABS:ERP_COMP_Q(1.0.0),6,8,Q,1998-Q3,-427,,,,
ABS:ERP_COMP_Q(1.0.0),6,8,Q,1998-Q4,-353,,,,
ABS:ERP_COMP_Q(1.0.0),6,8,Q,1999-Q1,54,,,,
ABS:ERP_COMP_Q(1.0.0),6,8,Q,1999-Q2,220,,,,
ABS:ERP_COMP_Q(1.0.0),6,8,Q,1999-Q3,-26,,,,
ABS:ERP_COMP_Q(1.0.0),6,8,Q,1999-Q4,130,,,,
ABS:ERP_COMP_Q(1.0.0),6,8,Q,2000-Q1,189,,,,
ABS:ERP_COMP_Q(1.0.0),6,8,Q,2000-Q2,-384,,,,
ABS:ERP_COMP_Q(1.0.0),6,8,Q,2000-Q3,-145,,,,
ABS:ERP_COMP_Q(1.0.0),6,8,Q,2000-Q4,122,,,,
ABS:ERP_COMP_Q(1.0.0),6,8,Q,2001-Q1,158,,,,
ABS:ERP_COMP_Q(1.0.0),6,8,Q,2001-Q2,272,,,,
ABS:ERP_COMP_Q(1.0.0),6,8,Q,2001-Q3,-342,,,,
ABS:ERP_COMP_Q(1.0.0),6,8,Q,2001-Q4,265,,,,
ABS:ERP_COMP_Q(1.0.0),6,8,Q,2002-Q1,161,,,,
ABS:ERP_COMP_Q(1.0.0),6,8,Q,2002-Q2,-281,,,,
ABS:ERP_COMP_Q(1.0.0),6,8,Q,2002-Q3,-293,,,,
ABS:ERP_COMP_Q(1.0.0),6,8,Q,2002-Q4,35,,,,
ABS:ERP_COMP_Q(1.0.0),6,8,Q,2003-Q1,-195,,,,
ABS:ERP_COMP_Q(1.0.0),6,8,Q,2003-Q2,-349,,,,
ABS:ERP_COMP_Q(1.0.0),6,8,Q,2003-Q3,-691,,,,
ABS:ERP_COMP_Q(1.0.0),6,8,Q,2003-Q4,-579,,,,
ABS:ERP_COMP_Q(1.0.0),6,8,Q,2004-Q1,-155,,,,
ABS:ERP_COMP_Q(1.0.0),6,8,Q,2004-Q2,-161,,,,
ABS:ERP_COMP_Q(1.0.0),6,8,Q,2004-Q3,-663,,,,
ABS:ERP_COMP_Q(1.0.0),6,8,Q,2004-Q4,-152,,,,
ABS:ERP_COMP_Q(1.0.0),6,8,Q,2005-Q1,108,,,,
ABS:ERP_COMP_Q(1.0.0),6,8,Q,2005-Q2,-135,,,,
ABS:ERP_COMP_Q(1.0.0),6,8,Q,2005-Q3,11,,,,
ABS:ERP_COMP_Q(1.0.0),6,8,Q,2005-Q4,486,,,,
ABS:ERP_COMP_Q(1.0.0),6,8,Q,2006-Q1,-463,,,,
ABS:ERP_COMP_Q(1.0.0),6,8,Q,2006-Q2,224,,,,
ABS:ERP_COMP_Q(1.0.0),6,8,Q,2006-Q3,158,,,,
ABS:ERP_COMP_Q(1.0.0),6,8,Q,2006-Q4,832,,,,
ABS:ERP_COMP_Q(1.0.0),6,8,Q,2007-Q1,506,,,,
ABS:ERP_COMP_Q(1.0.0),6,8,Q,2007-Q2,969,,,,
ABS:ERP_COMP_Q(1.0.0),6,8,Q,2007-Q3,-485,,,,
ABS:ERP_COMP_Q(1.0.0),6,8,Q,2007-Q4,-98,,,,
ABS:ERP_COMP_Q(1.0.0),6,8,Q,2008-Q1,309,,,,
ABS:ERP_COMP_Q(1.0.0),6,8,Q,2008-Q2,534,,,,
ABS:ERP_COMP_Q(1.0.0),6,8,Q,2008-Q3,-506,,,,
ABS:ERP_COMP_Q(1.0.0),6,8,Q,2008-Q4,211,,,,
ABS:ERP_COMP_Q(1.0.0),6,8,Q,2009-Q1,-27,,,,
ABS:ERP_COMP_Q(1.0.0),6,8,Q,2009-Q2,13,,,,
ABS:ERP_COMP_Q(1.0.0),6,8,Q,2009-Q3,-308,,,,
ABS:ERP_COMP_Q(1.0.0),6,8,Q,2009-Q4,221,,,,
ABS:ERP_COMP_Q(1.0.0),6,8,Q,2010-Q1,297,,,,
ABS:ERP_COMP_Q(1.0.0),6,8,Q,2010-Q2,217,,,,
ABS:ERP_COMP_Q(1.0.0),6,8,Q,2010-Q3,4,,,,
ABS:ERP_COMP_Q(1.0.0),6,8,Q,2010-Q4,1222,,,,
ABS:ERP_COMP_Q(1.0.0),6,8,Q,2011-Q1,-16,,,,
ABS:ERP_COMP_Q(1.0.0),6,8,Q,2011-Q2,144,,,,
ABS:ERP_COMP_Q(1.0.0),6,8,Q,2011-Q3,139,,,,
ABS:ERP_COMP_Q(1.0.0),6,8,Q,2011-Q4,570,,,,
ABS:ERP_COMP_Q(1.0.0),6,8,Q,2012-Q1,125,,,,
ABS:ERP_COMP_Q(1.0.0),6,8,Q,2012-Q2,311,,,,
ABS:ERP_COMP_Q(1.0.0),6,8,Q,2012-Q3,186,,,,
ABS:ERP_COMP_Q(1.0.0),6,8,Q,2012-Q4,-6,,,,
ABS:ERP_COMP_Q(1.0.0),6,8,Q,2013-Q1,65,,,,
ABS:ERP_COMP_Q(1.0.0),6,8,Q,2013-Q2,-43,,,,
ABS:ERP_COMP_Q(1.0.0),6,8,Q,2013-Q3,-321,,,,
ABS:ERP_COMP_Q(1.0.0),6,8,Q,2013-Q4,529,,,,
ABS:ERP_COMP_Q(1.0.0),6,8,Q,2014-Q1,-536,,,,
ABS:ERP_COMP_Q(1.0.0),6,8,Q,2014-Q2,-484,,,,
ABS:ERP_COMP_Q(1.0.0),6,8,Q,2014-Q3,-180,,,,
ABS:ERP_COMP_Q(1.0.0),6,8,Q,2014-Q4,69,,,,
ABS:ERP_COMP_Q(1.0.0),6,8,Q,2015-Q1,47,,,,
ABS:ERP_COMP_Q(1.0.0),6,8,Q,2015-Q2,-39,,,,
ABS:ERP_COMP_Q(1.0.0),6,8,Q,2015-Q3,-96,,,,
ABS:ERP_COMP_Q(1.0.0),6,8,Q,2015-Q4,113,,,,
ABS:ERP_COMP_Q(1.0.0),6,8,Q,2016-Q1,214,,,,
ABS:ERP_COMP_Q(1.0.0),6,8,Q,2016-Q2,152,,,,
ABS:ERP_COMP_Q(1.0.0),6,8,Q,2016-Q3,367,,,,
ABS:ERP_COMP_Q(1.0.0),6,8,Q,2016-Q4,1178,,,,
ABS:ERP_COMP_Q(1.0.0),6,8,Q,2017-Q1,937,,,,
ABS:ERP_COMP_Q(1.0.0),6,8,Q,2017-Q2,433,,,,
ABS:ERP_COMP_Q(1.0.0),6,8,Q,2017-Q3,157,,,,
ABS:ERP_COMP_Q(1.0.0),6,8,Q,2017-Q4,784,,,,
ABS:ERP_COMP_Q(1.0.0),6,8,Q,2018-Q1,478,,,,
ABS:ERP_COMP_Q(1.0.0),6,8,Q,2018-Q2,509,,,,
ABS:ERP_COMP_Q(1.0.0),6,8,Q,2018-Q3,-9,,,,
ABS:ERP_COMP_Q(1.0.0),6,8,Q,2018-Q4,1262,,,,
ABS:ERP_COMP_Q(1.0.0),6,8,Q,2019-Q1,420,,,,
ABS:ERP_COMP_Q(1.0.0),6,8,Q,2019-Q2,552,,,,
ABS:ERP_COMP_Q(1.0.0),6,8,Q,2019-Q3,645,,,,
ABS:ERP_COMP_Q(1.0.0),6,8,Q,2019-Q4,912,,,,
ABS:ERP_COMP_Q(1.0.0),6,8,Q,2020-Q1,38,,,,
ABS:ERP_COMP_Q(1.0.0),6,8,Q,2020-Q2,744,,,,
ABS:ERP_COMP_Q(1.0.0),6,8,Q,2020-Q3,768,,,,
ABS:ERP_COMP_Q(1.0.0),6,8,Q,2020-Q4,1930,,,,
ABS:ERP_COMP_Q(1.0.0),6,8,Q,2021-Q1,1243,,,,
ABS:ERP_COMP_Q(1.0.0),6,8,Q,2021-Q2,2334,,,,
ABS:ERP_COMP_Q(1.0.0),6,8,Q,2021-Q3,724,,,,
ABS:ERP_COMP_Q(1.0.0),6,8,Q,2021-Q4,789,,,,
ABS:ERP_COMP_Q(1.0.0),6,8,Q,2022-Q1,581,,,,
ABS:ERP_COMP_Q(1.0.0),6,8,Q,2022-Q2,65,,,,
ABS:ERP_COMP_Q(1.0.0),6,8,Q,2022-Q3,-324,,,,
ABS:ERP_COMP_Q(1.0.0),6,8,Q,2022-Q4,-207,,,,
ABS:ERP_COMP_Q(1.0.0),6,8,Q,2023-Q1,-375,,,,
ABS:ERP_COMP_Q(1.0.0),6,8,Q,2023-Q2,-68,,,,
ABS:ERP_COMP_Q(1.0.0),6,8,Q,2023-Q3,-711,,,,
ABS:ERP_COMP_Q(1.0.0),6,8,Q,2023-Q4,-442,,,,
ABS:ERP_COMP_Q(1.0.0),6,8,Q,2024-Q1,-336,,,,
ABS:ERP_COMP_Q(1.0.0),6,8,Q,2024-Q2,-78,,,,
ABS:ERP_COMP_Q(1.0.0),6,8,Q,2024-Q3,-344,,,,
ABS:ERP_COMP_Q(1.0.0),6,8,Q,2024-Q4,-16,,,,
ABS:ERP_COMP_Q(1.0.0),6,8,Q,2025-Q1,-529,,,,
ABS:ERP_COMP_Q(1.0.0),6,8,Q,2025-Q2,-234,,,,
ABS:ERP_COMP_Q(1.0.0),6,8,Q,2025-Q3,-577,,,,
ABS:ERP_COMP_Q(1.0.0),6,8,Q,2025-Q4,-201,,,,
ABS:ERP_COMP_Q(1.0.0),8,AUS,Q,1981-Q2,19.1,,,,
ABS:ERP_COMP_Q(1.0.0),8,AUS,Q,1981-Q3,19.1,,,,
ABS:ERP_COMP_Q(1.0.0),8,AUS,Q,1981-Q4,21.7,,,,
ABS:ERP_COMP_Q(1.0.0),8,AUS,Q,1982-Q1,26.3,,,,
ABS:ERP_COMP_Q(1.0.0),8,AUS,Q,1982-Q2,20.5,,,,
ABS:ERP_COMP_Q(1.0.0),8,AUS,Q,1982-Q3,21.2,,,,
ABS:ERP_COMP_Q(1.0.0),8,AUS,Q,1982-Q4,24.3,,,,
ABS:ERP_COMP_Q(1.0.0),8,AUS,Q,1983-Q1,29.3,,,,
ABS:ERP_COMP_Q(1.0.0),8,AUS,Q,1983-Q2,22.5,,,,
ABS:ERP_COMP_Q(1.0.0),8,AUS,Q,1983-Q3,23.9,,,,
ABS:ERP_COMP_Q(1.0.0),8,AUS,Q,1983-Q4,24.8,,,,
ABS:ERP_COMP_Q(1.0.0),8,AUS,Q,1984-Q1,27,,,,
ABS:ERP_COMP_Q(1.0.0),8,AUS,Q,1984-Q2,23,,,,
ABS:ERP_COMP_Q(1.0.0),8,AUS,Q,1984-Q3,22,,,,
ABS:ERP_COMP_Q(1.0.0),8,AUS,Q,1984-Q4,24.4,,,,
ABS:ERP_COMP_Q(1.0.0),8,AUS,Q,1985-Q1,26.4,,,,
ABS:ERP_COMP_Q(1.0.0),8,AUS,Q,1985-Q2,22.5,,,,
ABS:ERP_COMP_Q(1.0.0),8,AUS,Q,1985-Q3,21.4,,,,
ABS:ERP_COMP_Q(1.0.0),8,AUS,Q,1985-Q4,23.1,,,,
ABS:ERP_COMP_Q(1.0.0),8,AUS,Q,1986-Q1,26.2,,,,
ABS:ERP_COMP_Q(1.0.0),8,AUS,Q,1986-Q2,21.8,,,,
ABS:ERP_COMP_Q(1.0.0),8,AUS,Q,1986-Q3,21.2,,,,
ABS:ERP_COMP_Q(1.0.0),8,AUS,Q,1986-Q4,23.2,,,,
ABS:ERP_COMP_Q(1.0.0),8,AUS,Q,1987-Q1,28.2,,,,
ABS:ERP_COMP_Q(1.0.0),8,AUS,Q,1987-Q2,22.6,,,,
ABS:ERP_COMP_Q(1.0.0),8,AUS,Q,1987-Q3,22.9,,,,
ABS:ERP_COMP_Q(1.0.0),8,AUS,Q,1987-Q4,24,,,,
ABS:ERP_COMP_Q(1.0.0),8,AUS,Q,1988-Q1,28,,,,
ABS:ERP_COMP_Q(1.0.0),8,AUS,Q,1988-Q2,24.1,,,,
ABS:ERP_COMP_Q(1.0.0),8,AUS,Q,1988-Q3,24.8,,,,
ABS:ERP_COMP_Q(1.0.0),8,AUS,Q,1988-Q4,27.9,,,,
ABS:ERP_COMP_Q(1.0.0),8,AUS,Q,1989-Q1,32.6,,,,
ABS:ERP_COMP_Q(1.0.0),8,AUS,Q,1989-Q2,27.3,,,,
ABS:ERP_COMP_Q(1.0.0),8,AUS,Q,1989-Q3,28.2,,,,
ABS:ERP_COMP_Q(1.0.0),8,AUS,Q,1989-Q4,31.9,,,,
ABS:ERP_COMP_Q(1.0.0),8,AUS,Q,1990-Q1,35.9,,,,
ABS:ERP_COMP_Q(1.0.0),8,AUS,Q,1990-Q2,32.1,,,,
ABS:ERP_COMP_Q(1.0.0),8,AUS,Q,1990-Q3,32.6,,,,
ABS:ERP_COMP_Q(1.0.0),8,AUS,Q,1990-Q4,36.9,,,,
ABS:ERP_COMP_Q(1.0.0),8,AUS,Q,1991-Q1,39.9,,,,
ABS:ERP_COMP_Q(1.0.0),8,AUS,Q,1991-Q2,32.2,,,,
ABS:ERP_COMP_Q(1.0.0),8,AUS,Q,1991-Q3,33.5,,,,
ABS:ERP_COMP_Q(1.0.0),8,AUS,Q,1991-Q4,38.1,,,,
ABS:ERP_COMP_Q(1.0.0),8,AUS,Q,1992-Q1,40.2,,,,
ABS:ERP_COMP_Q(1.0.0),8,AUS,Q,1992-Q2,32.5,,,,
ABS:ERP_COMP_Q(1.0.0),8,AUS,Q,1992-Q3,33.2,,,,
ABS:ERP_COMP_Q(1.0.0),8,AUS,Q,1992-Q4,37.7,,,,
ABS:ERP_COMP_Q(1.0.0),8,AUS,Q,1993-Q1,38.8,,,,
ABS:ERP_COMP_Q(1.0.0),8,AUS,Q,1993-Q2,31.4,,,,
ABS:ERP_COMP_Q(1.0.0),8,AUS,Q,1993-Q3,33,,,,
ABS:ERP_COMP_Q(1.0.0),8,AUS,Q,1993-Q4,37.3,,,,
ABS:ERP_COMP_Q(1.0.0),8,AUS,Q,1994-Q1,37.8,,,,
ABS:ERP_COMP_Q(1.0.0),8,AUS,Q,1994-Q2,32,,,,
ABS:ERP_COMP_Q(1.0.0),8,AUS,Q,1994-Q3,33.1,,,,
ABS:ERP_COMP_Q(1.0.0),8,AUS,Q,1994-Q4,38.9,,,,
ABS:ERP_COMP_Q(1.0.0),8,AUS,Q,1995-Q1,40.8,,,,
ABS:ERP_COMP_Q(1.0.0),8,AUS,Q,1995-Q2,32.7,,,,
ABS:ERP_COMP_Q(1.0.0),8,AUS,Q,1995-Q3,35,,,,
ABS:ERP_COMP_Q(1.0.0),8,AUS,Q,1995-Q4,40.8,,,,
ABS:ERP_COMP_Q(1.0.0),8,AUS,Q,1996-Q1,43,,,,
ABS:ERP_COMP_Q(1.0.0),8,AUS,Q,1996-Q2,34.2,,,,
ABS:ERP_COMP_Q(1.0.0),8,AUS,Q,1996-Q3,36.7,,,,
ABS:ERP_COMP_Q(1.0.0),8,AUS,Q,1996-Q4,44.3,,,,
ABS:ERP_COMP_Q(1.0.0),8,AUS,Q,1997-Q1,46.6,,,,
ABS:ERP_COMP_Q(1.0.0),8,AUS,Q,1997-Q2,38.9,,,,
ABS:ERP_COMP_Q(1.0.0),8,AUS,Q,1997-Q3,42.2,,,,
ABS:ERP_COMP_Q(1.0.0),8,AUS,Q,1997-Q4,48.8,,,,
ABS:ERP_COMP_Q(1.0.0),8,AUS,Q,1998-Q1,49.7,,,,
ABS:ERP_COMP_Q(1.0.0),8,AUS,Q,1998-Q2,45.6,,,,
ABS:ERP_COMP_Q(1.0.0),8,AUS,Q,1998-Q3,41.1,,,,
ABS:ERP_COMP_Q(1.0.0),8,AUS,Q,1998-Q4,43.2,,,,
ABS:ERP_COMP_Q(1.0.0),8,AUS,Q,1999-Q1,50.3,,,,
ABS:ERP_COMP_Q(1.0.0),8,AUS,Q,1999-Q2,40.8,,,,
ABS:ERP_COMP_Q(1.0.0),8,AUS,Q,1999-Q3,45.5,,,,
ABS:ERP_COMP_Q(1.0.0),8,AUS,Q,1999-Q4,49,,,,
ABS:ERP_COMP_Q(1.0.0),8,AUS,Q,2000-Q1,56.4,,,,
ABS:ERP_COMP_Q(1.0.0),8,AUS,Q,2000-Q2,46.9,,,,
ABS:ERP_COMP_Q(1.0.0),8,AUS,Q,2000-Q3,48.3,,,,
ABS:ERP_COMP_Q(1.0.0),8,AUS,Q,2000-Q4,54.4,,,,
ABS:ERP_COMP_Q(1.0.0),8,AUS,Q,2001-Q1,61.3,,,,
ABS:ERP_COMP_Q(1.0.0),8,AUS,Q,2001-Q2,48.8,,,,
ABS:ERP_COMP_Q(1.0.0),8,AUS,Q,2001-Q3,53.1,,,,
ABS:ERP_COMP_Q(1.0.0),8,AUS,Q,2001-Q4,52.9,,,,
ABS:ERP_COMP_Q(1.0.0),8,AUS,Q,2002-Q1,63.4,,,,
ABS:ERP_COMP_Q(1.0.0),8,AUS,Q,2002-Q2,50.3,,,,
ABS:ERP_COMP_Q(1.0.0),8,AUS,Q,2002-Q3,53.6,,,,
ABS:ERP_COMP_Q(1.0.0),8,AUS,Q,2002-Q4,55.7,,,,
ABS:ERP_COMP_Q(1.0.0),8,AUS,Q,2003-Q1,61.6,,,,
ABS:ERP_COMP_Q(1.0.0),8,AUS,Q,2003-Q2,48.7,,,,
ABS:ERP_COMP_Q(1.0.0),8,AUS,Q,2003-Q3,54.3,,,,
ABS:ERP_COMP_Q(1.0.0),8,AUS,Q,2003-Q4,60.3,,,,
ABS:ERP_COMP_Q(1.0.0),8,AUS,Q,2004-Q1,66,,,,
ABS:ERP_COMP_Q(1.0.0),8,AUS,Q,2004-Q2,56.1,,,,
ABS:ERP_COMP_Q(1.0.0),8,AUS,Q,2004-Q3,57,,,,
ABS:ERP_COMP_Q(1.0.0),8,AUS,Q,2004-Q4,64.6,,,,
ABS:ERP_COMP_Q(1.0.0),8,AUS,Q,2005-Q1,69.9,,,,
ABS:ERP_COMP_Q(1.0.0),8,AUS,Q,2005-Q2,57.5,,,,
ABS:ERP_COMP_Q(1.0.0),8,AUS,Q,2005-Q3,59,,,,
ABS:ERP_COMP_Q(1.0.0),8,AUS,Q,2005-Q4,65.4,,,,
ABS:ERP_COMP_Q(1.0.0),8,AUS,Q,2006-Q1,72.4,,,,
ABS:ERP_COMP_Q(1.0.0),8,AUS,Q,2006-Q2,61.4,,,,
ABS:ERP_COMP_Q(1.0.0),8,AUS,Q,2006-Q3,51.5,,,,
ABS:ERP_COMP_Q(1.0.0),8,AUS,Q,2006-Q4,54.4,,,,
ABS:ERP_COMP_Q(1.0.0),8,AUS,Q,2007-Q1,49.2,,,,
ABS:ERP_COMP_Q(1.0.0),8,AUS,Q,2007-Q2,49.6,,,,
ABS:ERP_COMP_Q(1.0.0),8,AUS,Q,2007-Q3,57.3,,,,
ABS:ERP_COMP_Q(1.0.0),8,AUS,Q,2007-Q4,60.4,,,,
ABS:ERP_COMP_Q(1.0.0),8,AUS,Q,2008-Q1,53.1,,,,
ABS:ERP_COMP_Q(1.0.0),8,AUS,Q,2008-Q2,53.1,,,,
ABS:ERP_COMP_Q(1.0.0),8,AUS,Q,2008-Q3,54.9,,,,
ABS:ERP_COMP_Q(1.0.0),8,AUS,Q,2008-Q4,59.1,,,,
ABS:ERP_COMP_Q(1.0.0),8,AUS,Q,2009-Q1,54.5,,,,
ABS:ERP_COMP_Q(1.0.0),8,AUS,Q,2009-Q2,51.4,,,,
ABS:ERP_COMP_Q(1.0.0),8,AUS,Q,2009-Q3,60.1,,,,
ABS:ERP_COMP_Q(1.0.0),8,AUS,Q,2009-Q4,65.9,,,,
ABS:ERP_COMP_Q(1.0.0),8,AUS,Q,2010-Q1,59.4,,,,
ABS:ERP_COMP_Q(1.0.0),8,AUS,Q,2010-Q2,56.5,,,,
ABS:ERP_COMP_Q(1.0.0),8,AUS,Q,2010-Q3,67.8,,,,
ABS:ERP_COMP_Q(1.0.0),8,AUS,Q,2010-Q4,69.4,,,,
ABS:ERP_COMP_Q(1.0.0),8,AUS,Q,2011-Q1,59.5,,,,
ABS:ERP_COMP_Q(1.0.0),8,AUS,Q,2011-Q2,54.7,,,,
ABS:ERP_COMP_Q(1.0.0),8,AUS,Q,2011-Q3,62.3,,,,
ABS:ERP_COMP_Q(1.0.0),8,AUS,Q,2011-Q4,66.3,,,,
ABS:ERP_COMP_Q(1.0.0),8,AUS,Q,2012-Q1,54.7,,,,
ABS:ERP_COMP_Q(1.0.0),8,AUS,Q,2012-Q2,52.1,,,,
ABS:ERP_COMP_Q(1.0.0),8,AUS,Q,2012-Q3,62.5,,,,
ABS:ERP_COMP_Q(1.0.0),8,AUS,Q,2012-Q4,68.8,,,,
ABS:ERP_COMP_Q(1.0.0),8,AUS,Q,2013-Q1,63,,,,
ABS:ERP_COMP_Q(1.0.0),8,AUS,Q,2013-Q2,57.5,,,,
ABS:ERP_COMP_Q(1.0.0),8,AUS,Q,2013-Q3,73.9,,,,
ABS:ERP_COMP_Q(1.0.0),8,AUS,Q,2013-Q4,76,,,,
ABS:ERP_COMP_Q(1.0.0),8,AUS,Q,2014-Q1,63.1,,,,
ABS:ERP_COMP_Q(1.0.0),8,AUS,Q,2014-Q2,63.9,,,,
ABS:ERP_COMP_Q(1.0.0),8,AUS,Q,2014-Q3,73.1,,,,
ABS:ERP_COMP_Q(1.0.0),8,AUS,Q,2014-Q4,76.3,,,,
ABS:ERP_COMP_Q(1.0.0),8,AUS,Q,2015-Q1,66.3,,,,
ABS:ERP_COMP_Q(1.0.0),8,AUS,Q,2015-Q2,65.6,,,,
ABS:ERP_COMP_Q(1.0.0),8,AUS,Q,2015-Q3,77,,,,
ABS:ERP_COMP_Q(1.0.0),8,AUS,Q,2015-Q4,77.6,,,,
ABS:ERP_COMP_Q(1.0.0),8,AUS,Q,2016-Q1,65.1,,,,
ABS:ERP_COMP_Q(1.0.0),8,AUS,Q,2016-Q2,63.3,,,,
ABS:ERP_COMP_Q(1.0.0),8,AUS,Q,2016-Q3,71.6,,,,
ABS:ERP_COMP_Q(1.0.0),8,AUS,Q,2016-Q4,75.9,,,,
ABS:ERP_COMP_Q(1.0.0),8,AUS,Q,2017-Q1,66.4,,,,
ABS:ERP_COMP_Q(1.0.0),8,AUS,Q,2017-Q2,63,,,,
ABS:ERP_COMP_Q(1.0.0),8,AUS,Q,2017-Q3,75.4,,,,
ABS:ERP_COMP_Q(1.0.0),8,AUS,Q,2017-Q4,84.9,,,,
ABS:ERP_COMP_Q(1.0.0),8,AUS,Q,2018-Q1,65.9,,,,
ABS:ERP_COMP_Q(1.0.0),8,AUS,Q,2018-Q2,63.1,,,,
ABS:ERP_COMP_Q(1.0.0),8,AUS,Q,2018-Q3,74.7,,,,
ABS:ERP_COMP_Q(1.0.0),8,AUS,Q,2018-Q4,78.5,,,,
ABS:ERP_COMP_Q(1.0.0),8,AUS,Q,2019-Q1,69.6,,,,
ABS:ERP_COMP_Q(1.0.0),8,AUS,Q,2019-Q2,86.2,,,,
ABS:ERP_COMP_Q(1.0.0),8,AUS,Q,2019-Q3,90,,,,
ABS:ERP_COMP_Q(1.0.0),8,AUS,Q,2019-Q4,114.4,,,,
ABS:ERP_COMP_Q(1.0.0),8,AUS,Q,2020-Q1,88.5,,,,
ABS:ERP_COMP_Q(1.0.0),8,AUS,Q,2020-Q2,21.2,,,,
ABS:ERP_COMP_Q(1.0.0),8,AUS,Q,2020-Q3,62.2,,,,
ABS:ERP_COMP_Q(1.0.0),8,AUS,Q,2020-Q4,68.4,,,,
ABS:ERP_COMP_Q(1.0.0),8,AUS,Q,2021-Q1,55.5,,,,
ABS:ERP_COMP_Q(1.0.0),8,AUS,Q,2021-Q2,44.8,,,,
ABS:ERP_COMP_Q(1.0.0),8,AUS,Q,2021-Q3,47.9,,,,
ABS:ERP_COMP_Q(1.0.0),8,AUS,Q,2021-Q4,56.9,,,,
ABS:ERP_COMP_Q(1.0.0),8,AUS,Q,2022-Q1,53.4,,,,
ABS:ERP_COMP_Q(1.0.0),8,AUS,Q,2022-Q2,57.8,,,,
ABS:ERP_COMP_Q(1.0.0),8,AUS,Q,2022-Q3,52.5,,,,
ABS:ERP_COMP_Q(1.0.0),8,AUS,Q,2022-Q4,49.7,,,,
ABS:ERP_COMP_Q(1.0.0),8,AUS,Q,2023-Q1,49.1,,,,
ABS:ERP_COMP_Q(1.0.0),8,AUS,Q,2023-Q2,48.7,,,,
ABS:ERP_COMP_Q(1.0.0),8,AUS,Q,2023-Q3,52.1,,,,
ABS:ERP_COMP_Q(1.0.0),8,AUS,Q,2023-Q4,58.5,,,,
ABS:ERP_COMP_Q(1.0.0),8,AUS,Q,2024-Q1,56.7,,,,
ABS:ERP_COMP_Q(1.0.0),8,AUS,Q,2024-Q2,64.9,,,,
ABS:ERP_COMP_Q(1.0.0),8,AUS,Q,2024-Q3,70.4,,,,
ABS:ERP_COMP_Q(1.0.0),8,AUS,Q,2024-Q4,73.4,,,,
ABS:ERP_COMP_Q(1.0.0),8,AUS,Q,2025-Q1,63,,,,
ABS:ERP_COMP_Q(1.0.0),8,AUS,Q,2025-Q2,61.2,,,,
ABS:ERP_COMP_Q(1.0.0),8,AUS,Q,2025-Q3,66.3,,,,
ABS:ERP_COMP_Q(1.0.0),8,AUS,Q,2025-Q4,72.2,,,,
ABS:ERP_COMP_Q(1.0.0),3,2,Q,1981-Q2,7.3,,,,
ABS:ERP_COMP_Q(1.0.0),3,2,Q,1981-Q3,7.4,,,,
ABS:ERP_COMP_Q(1.0.0),3,2,Q,1981-Q4,7.2,,,,
ABS:ERP_COMP_Q(1.0.0),3,2,Q,1982-Q1,8.5,,,,
ABS:ERP_COMP_Q(1.0.0),3,2,Q,1982-Q2,7.3,,,,
ABS:ERP_COMP_Q(1.0.0),3,2,Q,1982-Q3,5.8,,,,
ABS:ERP_COMP_Q(1.0.0),3,2,Q,1982-Q4,7.6,,,,
ABS:ERP_COMP_Q(1.0.0),3,2,Q,1983-Q1,8.1,,,,
ABS:ERP_COMP_Q(1.0.0),3,2,Q,1983-Q2,7.9,,,,
ABS:ERP_COMP_Q(1.0.0),3,2,Q,1983-Q3,7.3,,,,
ABS:ERP_COMP_Q(1.0.0),3,2,Q,1983-Q4,7.2,,,,
ABS:ERP_COMP_Q(1.0.0),3,2,Q,1984-Q1,8.5,,,,
ABS:ERP_COMP_Q(1.0.0),3,2,Q,1984-Q2,7.5,,,,
ABS:ERP_COMP_Q(1.0.0),3,2,Q,1984-Q3,6.5,,,,
ABS:ERP_COMP_Q(1.0.0),3,2,Q,1984-Q4,7.4,,,,
ABS:ERP_COMP_Q(1.0.0),3,2,Q,1985-Q1,8.5,,,,
ABS:ERP_COMP_Q(1.0.0),3,2,Q,1985-Q2,7.9,,,,
ABS:ERP_COMP_Q(1.0.0),3,2,Q,1985-Q3,6.2,,,,
ABS:ERP_COMP_Q(1.0.0),3,2,Q,1985-Q4,7.6,,,,
ABS:ERP_COMP_Q(1.0.0),3,2,Q,1986-Q1,7.4,,,,
ABS:ERP_COMP_Q(1.0.0),3,2,Q,1986-Q2,7.8,,,,
ABS:ERP_COMP_Q(1.0.0),3,2,Q,1986-Q3,7.2,,,,
ABS:ERP_COMP_Q(1.0.0),3,2,Q,1986-Q4,7.5,,,,
ABS:ERP_COMP_Q(1.0.0),3,2,Q,1987-Q1,8,,,,
ABS:ERP_COMP_Q(1.0.0),3,2,Q,1987-Q2,7.8,,,,
ABS:ERP_COMP_Q(1.0.0),3,2,Q,1987-Q3,7.1,,,,
ABS:ERP_COMP_Q(1.0.0),3,2,Q,1987-Q4,7,,,,
ABS:ERP_COMP_Q(1.0.0),3,2,Q,1988-Q1,8.3,,,,
ABS:ERP_COMP_Q(1.0.0),3,2,Q,1988-Q2,8.1,,,,
ABS:ERP_COMP_Q(1.0.0),3,2,Q,1988-Q3,7.3,,,,
ABS:ERP_COMP_Q(1.0.0),3,2,Q,1988-Q4,7.7,,,,
ABS:ERP_COMP_Q(1.0.0),3,2,Q,1989-Q1,8.8,,,,
ABS:ERP_COMP_Q(1.0.0),3,2,Q,1989-Q2,7.8,,,,
ABS:ERP_COMP_Q(1.0.0),3,2,Q,1989-Q3,7.1,,,,
ABS:ERP_COMP_Q(1.0.0),3,2,Q,1989-Q4,7.9,,,,
ABS:ERP_COMP_Q(1.0.0),3,2,Q,1990-Q1,9.6,,,,
ABS:ERP_COMP_Q(1.0.0),3,2,Q,1990-Q2,9.1,,,,
ABS:ERP_COMP_Q(1.0.0),3,2,Q,1990-Q3,8.5,,,,
ABS:ERP_COMP_Q(1.0.0),3,2,Q,1990-Q4,8.8,,,,
ABS:ERP_COMP_Q(1.0.0),3,2,Q,1991-Q1,9.1,,,,
ABS:ERP_COMP_Q(1.0.0),3,2,Q,1991-Q2,8.5,,,,
ABS:ERP_COMP_Q(1.0.0),3,2,Q,1991-Q3,7.9,,,,
ABS:ERP_COMP_Q(1.0.0),3,2,Q,1991-Q4,8.5,,,,
ABS:ERP_COMP_Q(1.0.0),3,2,Q,1992-Q1,9.2,,,,
ABS:ERP_COMP_Q(1.0.0),3,2,Q,1992-Q2,7.9,,,,
ABS:ERP_COMP_Q(1.0.0),3,2,Q,1992-Q3,8.2,,,,
ABS:ERP_COMP_Q(1.0.0),3,2,Q,1992-Q4,8.5,,,,
ABS:ERP_COMP_Q(1.0.0),3,2,Q,1993-Q1,8.8,,,,
ABS:ERP_COMP_Q(1.0.0),3,2,Q,1993-Q2,8.1,,,,
ABS:ERP_COMP_Q(1.0.0),3,2,Q,1993-Q3,7.7,,,,
ABS:ERP_COMP_Q(1.0.0),3,2,Q,1993-Q4,8.3,,,,
ABS:ERP_COMP_Q(1.0.0),3,2,Q,1994-Q1,8.8,,,,
ABS:ERP_COMP_Q(1.0.0),3,2,Q,1994-Q2,7.7,,,,
ABS:ERP_COMP_Q(1.0.0),3,2,Q,1994-Q3,7,,,,
ABS:ERP_COMP_Q(1.0.0),3,2,Q,1994-Q4,8.3,,,,
ABS:ERP_COMP_Q(1.0.0),3,2,Q,1995-Q1,8.5,,,,
ABS:ERP_COMP_Q(1.0.0),3,2,Q,1995-Q2,7.6,,,,
ABS:ERP_COMP_Q(1.0.0),3,2,Q,1995-Q3,6.9,,,,
ABS:ERP_COMP_Q(1.0.0),3,2,Q,1995-Q4,7.2,,,,
ABS:ERP_COMP_Q(1.0.0),3,2,Q,1996-Q1,7.7,,,,
ABS:ERP_COMP_Q(1.0.0),3,2,Q,1996-Q2,6.7,,,,
ABS:ERP_COMP_Q(1.0.0),3,2,Q,1996-Q3,6.6,,,,
ABS:ERP_COMP_Q(1.0.0),3,2,Q,1996-Q4,7.7,,,,
ABS:ERP_COMP_Q(1.0.0),3,2,Q,1997-Q1,7.5,,,,
ABS:ERP_COMP_Q(1.0.0),3,2,Q,1997-Q2,6.8,,,,
ABS:ERP_COMP_Q(1.0.0),3,2,Q,1997-Q3,6.1,,,,
ABS:ERP_COMP_Q(1.0.0),3,2,Q,1997-Q4,7.4,,,,
ABS:ERP_COMP_Q(1.0.0),3,2,Q,1998-Q1,7.4,,,,
ABS:ERP_COMP_Q(1.0.0),3,2,Q,1998-Q2,6.8,,,,
ABS:ERP_COMP_Q(1.0.0),3,2,Q,1998-Q3,6.2,,,,
ABS:ERP_COMP_Q(1.0.0),3,2,Q,1998-Q4,6.8,,,,
ABS:ERP_COMP_Q(1.0.0),3,2,Q,1999-Q1,7.7,,,,
ABS:ERP_COMP_Q(1.0.0),3,2,Q,1999-Q2,6.4,,,,
ABS:ERP_COMP_Q(1.0.0),3,2,Q,1999-Q3,7,,,,
ABS:ERP_COMP_Q(1.0.0),3,2,Q,1999-Q4,7,,,,
ABS:ERP_COMP_Q(1.0.0),3,2,Q,2000-Q1,7.3,,,,
ABS:ERP_COMP_Q(1.0.0),3,2,Q,2000-Q2,6.4,,,,
ABS:ERP_COMP_Q(1.0.0),3,2,Q,2000-Q3,6.2,,,,
ABS:ERP_COMP_Q(1.0.0),3,2,Q,2000-Q4,6.8,,,,
ABS:ERP_COMP_Q(1.0.0),3,2,Q,2001-Q1,6.8,,,,
ABS:ERP_COMP_Q(1.0.0),3,2,Q,2001-Q2,6.6,,,,
ABS:ERP_COMP_Q(1.0.0),3,2,Q,2001-Q3,7,,,,
ABS:ERP_COMP_Q(1.0.0),3,2,Q,2001-Q4,6.7,,,,
ABS:ERP_COMP_Q(1.0.0),3,2,Q,2002-Q1,7.4,,,,
ABS:ERP_COMP_Q(1.0.0),3,2,Q,2002-Q2,6.7,,,,
ABS:ERP_COMP_Q(1.0.0),3,2,Q,2002-Q3,6.2,,,,
ABS:ERP_COMP_Q(1.0.0),3,2,Q,2002-Q4,7,,,,
ABS:ERP_COMP_Q(1.0.0),3,2,Q,2003-Q1,7.3,,,,
ABS:ERP_COMP_Q(1.0.0),3,2,Q,2003-Q2,6.6,,,,
ABS:ERP_COMP_Q(1.0.0),3,2,Q,2003-Q3,6.6,,,,
ABS:ERP_COMP_Q(1.0.0),3,2,Q,2003-Q4,7.4,,,,
ABS:ERP_COMP_Q(1.0.0),3,2,Q,2004-Q1,7.8,,,,
ABS:ERP_COMP_Q(1.0.0),3,2,Q,2004-Q2,6.6,,,,
ABS:ERP_COMP_Q(1.0.0),3,2,Q,2004-Q3,7.2,,,,
ABS:ERP_COMP_Q(1.0.0),3,2,Q,2004-Q4,7.2,,,,
ABS:ERP_COMP_Q(1.0.0),3,2,Q,2005-Q1,7.9,,,,
ABS:ERP_COMP_Q(1.0.0),3,2,Q,2005-Q2,7.6,,,,
ABS:ERP_COMP_Q(1.0.0),3,2,Q,2005-Q3,7.2,,,,
ABS:ERP_COMP_Q(1.0.0),3,2,Q,2005-Q4,7.9,,,,
ABS:ERP_COMP_Q(1.0.0),3,2,Q,2006-Q1,8.3,,,,
ABS:ERP_COMP_Q(1.0.0),3,2,Q,2006-Q2,7.3,,,,
ABS:ERP_COMP_Q(1.0.0),3,2,Q,2006-Q3,8.6,,,,
ABS:ERP_COMP_Q(1.0.0),3,2,Q,2006-Q4,8.5,,,,
ABS:ERP_COMP_Q(1.0.0),3,2,Q,2007-Q1,9.5,,,,
ABS:ERP_COMP_Q(1.0.0),3,2,Q,2007-Q2,8.2,,,,
ABS:ERP_COMP_Q(1.0.0),3,2,Q,2007-Q3,8.7,,,,
ABS:ERP_COMP_Q(1.0.0),3,2,Q,2007-Q4,9,,,,
ABS:ERP_COMP_Q(1.0.0),3,2,Q,2008-Q1,9.5,,,,
ABS:ERP_COMP_Q(1.0.0),3,2,Q,2008-Q2,8.2,,,,
ABS:ERP_COMP_Q(1.0.0),3,2,Q,2008-Q3,8.5,,,,
ABS:ERP_COMP_Q(1.0.0),3,2,Q,2008-Q4,9.1,,,,
ABS:ERP_COMP_Q(1.0.0),3,2,Q,2009-Q1,8.8,,,,
ABS:ERP_COMP_Q(1.0.0),3,2,Q,2009-Q2,8.8,,,,
ABS:ERP_COMP_Q(1.0.0),3,2,Q,2009-Q3,8.9,,,,
ABS:ERP_COMP_Q(1.0.0),3,2,Q,2009-Q4,9.9,,,,
ABS:ERP_COMP_Q(1.0.0),3,2,Q,2010-Q1,10,,,,
ABS:ERP_COMP_Q(1.0.0),3,2,Q,2010-Q2,8.9,,,,
ABS:ERP_COMP_Q(1.0.0),3,2,Q,2010-Q3,8.7,,,,
ABS:ERP_COMP_Q(1.0.0),3,2,Q,2010-Q4,8.6,,,,
ABS:ERP_COMP_Q(1.0.0),3,2,Q,2011-Q1,9.3,,,,
ABS:ERP_COMP_Q(1.0.0),3,2,Q,2011-Q2,8.5,,,,
ABS:ERP_COMP_Q(1.0.0),3,2,Q,2011-Q3,9.1,,,,
ABS:ERP_COMP_Q(1.0.0),3,2,Q,2011-Q4,9.6,,,,
ABS:ERP_COMP_Q(1.0.0),3,2,Q,2012-Q1,10.4,,,,
ABS:ERP_COMP_Q(1.0.0),3,2,Q,2012-Q2,9.7,,,,
ABS:ERP_COMP_Q(1.0.0),3,2,Q,2012-Q3,9.1,,,,
ABS:ERP_COMP_Q(1.0.0),3,2,Q,2012-Q4,10.6,,,,
ABS:ERP_COMP_Q(1.0.0),3,2,Q,2013-Q1,10.5,,,,
ABS:ERP_COMP_Q(1.0.0),3,2,Q,2013-Q2,9.8,,,,
ABS:ERP_COMP_Q(1.0.0),3,2,Q,2013-Q3,9.6,,,,
ABS:ERP_COMP_Q(1.0.0),3,2,Q,2013-Q4,9.8,,,,
ABS:ERP_COMP_Q(1.0.0),3,2,Q,2014-Q1,10.6,,,,
ABS:ERP_COMP_Q(1.0.0),3,2,Q,2014-Q2,9.3,,,,
ABS:ERP_COMP_Q(1.0.0),3,2,Q,2014-Q3,9.3,,,,
ABS:ERP_COMP_Q(1.0.0),3,2,Q,2014-Q4,10.1,,,,
ABS:ERP_COMP_Q(1.0.0),3,2,Q,2015-Q1,10.1,,,,
ABS:ERP_COMP_Q(1.0.0),3,2,Q,2015-Q2,8.6,,,,
ABS:ERP_COMP_Q(1.0.0),3,2,Q,2015-Q3,9.2,,,,
ABS:ERP_COMP_Q(1.0.0),3,2,Q,2015-Q4,10.3,,,,
ABS:ERP_COMP_Q(1.0.0),3,2,Q,2016-Q1,10.9,,,,
ABS:ERP_COMP_Q(1.0.0),3,2,Q,2016-Q2,9.7,,,,
ABS:ERP_COMP_Q(1.0.0),3,2,Q,2016-Q3,9.3,,,,
ABS:ERP_COMP_Q(1.0.0),3,2,Q,2016-Q4,9.6,,,,
ABS:ERP_COMP_Q(1.0.0),3,2,Q,2017-Q1,10.7,,,,
ABS:ERP_COMP_Q(1.0.0),3,2,Q,2017-Q2,9.4,,,,
ABS:ERP_COMP_Q(1.0.0),3,2,Q,2017-Q3,8.3,,,,
ABS:ERP_COMP_Q(1.0.0),3,2,Q,2017-Q4,10.3,,,,
ABS:ERP_COMP_Q(1.0.0),3,2,Q,2018-Q1,10.7,,,,
ABS:ERP_COMP_Q(1.0.0),3,2,Q,2018-Q2,9.9,,,,
ABS:ERP_COMP_Q(1.0.0),3,2,Q,2018-Q3,8.7,,,,
ABS:ERP_COMP_Q(1.0.0),3,2,Q,2018-Q4,9.6,,,,
ABS:ERP_COMP_Q(1.0.0),3,2,Q,2019-Q1,10.2,,,,
ABS:ERP_COMP_Q(1.0.0),3,2,Q,2019-Q2,8.7,,,,
ABS:ERP_COMP_Q(1.0.0),3,2,Q,2019-Q3,8.2,,,,
ABS:ERP_COMP_Q(1.0.0),3,2,Q,2019-Q4,8.8,,,,
ABS:ERP_COMP_Q(1.0.0),3,2,Q,2020-Q1,9.2,,,,
ABS:ERP_COMP_Q(1.0.0),3,2,Q,2020-Q2,8,,,,
ABS:ERP_COMP_Q(1.0.0),3,2,Q,2020-Q3,7.6,,,,
ABS:ERP_COMP_Q(1.0.0),3,2,Q,2020-Q4,8.3,,,,
ABS:ERP_COMP_Q(1.0.0),3,2,Q,2021-Q1,10.4,,,,
ABS:ERP_COMP_Q(1.0.0),3,2,Q,2021-Q2,8.9,,,,
ABS:ERP_COMP_Q(1.0.0),3,2,Q,2021-Q3,8.4,,,,
ABS:ERP_COMP_Q(1.0.0),3,2,Q,2021-Q4,8.3,,,,
ABS:ERP_COMP_Q(1.0.0),3,2,Q,2022-Q1,7.8,,,,
ABS:ERP_COMP_Q(1.0.0),3,2,Q,2022-Q2,7.2,,,,
ABS:ERP_COMP_Q(1.0.0),3,2,Q,2022-Q3,6,,,,
ABS:ERP_COMP_Q(1.0.0),3,2,Q,2022-Q4,7.2,,,,
ABS:ERP_COMP_Q(1.0.0),3,2,Q,2023-Q1,7.9,,,,
ABS:ERP_COMP_Q(1.0.0),3,2,Q,2023-Q2,6.9,,,,
ABS:ERP_COMP_Q(1.0.0),3,2,Q,2023-Q3,7.4,,,,
ABS:ERP_COMP_Q(1.0.0),3,2,Q,2023-Q4,7.6,,,,
ABS:ERP_COMP_Q(1.0.0),3,2,Q,2024-Q1,8,,,,
ABS:ERP_COMP_Q(1.0.0),3,2,Q,2024-Q2,7.2,,,,
ABS:ERP_COMP_Q(1.0.0),3,2,Q,2024-Q3,9.7,,,,
ABS:ERP_COMP_Q(1.0.0),3,2,Q,2024-Q4,6.5,,,,
ABS:ERP_COMP_Q(1.0.0),3,2,Q,2025-Q1,10.4,,,,
ABS:ERP_COMP_Q(1.0.0),3,2,Q,2025-Q2,10,,,,
ABS:ERP_COMP_Q(1.0.0),3,2,Q,2025-Q3,6,,,,
ABS:ERP_COMP_Q(1.0.0),3,2,Q,2025-Q4,6.7,,,,
ABS:ERP_COMP_Q(1.0.0),6,7,Q,1981-Q2,1806,,,,
ABS:ERP_COMP_Q(1.0.0),6,7,Q,1981-Q3,1264,,,,
ABS:ERP_COMP_Q(1.0.0),6,7,Q,1981-Q4,935,,,,
ABS:ERP_COMP_Q(1.0.0),6,7,Q,1982-Q1,468,,,,
ABS:ERP_COMP_Q(1.0.0),6,7,Q,1982-Q2,-598,,,,
ABS:ERP_COMP_Q(1.0.0),6,7,Q,1982-Q3,-47,,,,
ABS:ERP_COMP_Q(1.0.0),6,7,Q,1982-Q4,174,,,,
ABS:ERP_COMP_Q(1.0.0),6,7,Q,1983-Q1,285,,,,
ABS:ERP_COMP_Q(1.0.0),6,7,Q,1983-Q2,118,,,,
ABS:ERP_COMP_Q(1.0.0),6,7,Q,1983-Q3,569,,,,
ABS:ERP_COMP_Q(1.0.0),6,7,Q,1983-Q4,394,,,,
ABS:ERP_COMP_Q(1.0.0),6,7,Q,1984-Q1,-221,,,,
ABS:ERP_COMP_Q(1.0.0),6,7,Q,1984-Q2,-16,,,,
ABS:ERP_COMP_Q(1.0.0),6,7,Q,1984-Q3,417,,,,
ABS:ERP_COMP_Q(1.0.0),6,7,Q,1984-Q4,2,,,,
ABS:ERP_COMP_Q(1.0.0),6,7,Q,1985-Q1,-237,,,,
ABS:ERP_COMP_Q(1.0.0),6,7,Q,1985-Q2,426,,,,
ABS:ERP_COMP_Q(1.0.0),6,7,Q,1985-Q3,466,,,,
ABS:ERP_COMP_Q(1.0.0),6,7,Q,1985-Q4,371,,,,
ABS:ERP_COMP_Q(1.0.0),6,7,Q,1986-Q1,-543,,,,
ABS:ERP_COMP_Q(1.0.0),6,7,Q,1986-Q2,-787,,,,
ABS:ERP_COMP_Q(1.0.0),6,7,Q,1986-Q3,142,,,,
ABS:ERP_COMP_Q(1.0.0),6,7,Q,1986-Q4,201,,,,
ABS:ERP_COMP_Q(1.0.0),6,7,Q,1987-Q1,15,,,,
ABS:ERP_COMP_Q(1.0.0),6,7,Q,1987-Q2,-478,,,,
ABS:ERP_COMP_Q(1.0.0),6,7,Q,1987-Q3,-185,,,,
ABS:ERP_COMP_Q(1.0.0),6,7,Q,1987-Q4,-904,,,,
ABS:ERP_COMP_Q(1.0.0),6,7,Q,1988-Q1,-1093,,,,
ABS:ERP_COMP_Q(1.0.0),6,7,Q,1988-Q2,-947,,,,
ABS:ERP_COMP_Q(1.0.0),6,7,Q,1988-Q3,-143,,,,
ABS:ERP_COMP_Q(1.0.0),6,7,Q,1988-Q4,-141,,,,
ABS:ERP_COMP_Q(1.0.0),6,7,Q,1989-Q1,-458,,,,
ABS:ERP_COMP_Q(1.0.0),6,7,Q,1989-Q2,-727,,,,
ABS:ERP_COMP_Q(1.0.0),6,7,Q,1989-Q3,-406,,,,
ABS:ERP_COMP_Q(1.0.0),6,7,Q,1989-Q4,-410,,,,
ABS:ERP_COMP_Q(1.0.0),6,7,Q,1990-Q1,-502,,,,
ABS:ERP_COMP_Q(1.0.0),6,7,Q,1990-Q2,148,,,,
ABS:ERP_COMP_Q(1.0.0),6,7,Q,1990-Q3,-332,,,,
ABS:ERP_COMP_Q(1.0.0),6,7,Q,1990-Q4,49,,,,
ABS:ERP_COMP_Q(1.0.0),6,7,Q,1991-Q1,-537,,,,
ABS:ERP_COMP_Q(1.0.0),6,7,Q,1991-Q2,-332,,,,
ABS:ERP_COMP_Q(1.0.0),6,7,Q,1991-Q3,90,,,,
ABS:ERP_COMP_Q(1.0.0),6,7,Q,1991-Q4,-419,,,,
ABS:ERP_COMP_Q(1.0.0),6,7,Q,1992-Q1,-56,,,,
ABS:ERP_COMP_Q(1.0.0),6,7,Q,1992-Q2,-584,,,,
ABS:ERP_COMP_Q(1.0.0),6,7,Q,1992-Q3,-431,,,,
ABS:ERP_COMP_Q(1.0.0),6,7,Q,1992-Q4,462,,,,
ABS:ERP_COMP_Q(1.0.0),6,7,Q,1993-Q1,-182,,,,
ABS:ERP_COMP_Q(1.0.0),6,7,Q,1993-Q2,-548,,,,
ABS:ERP_COMP_Q(1.0.0),6,7,Q,1993-Q3,126,,,,
ABS:ERP_COMP_Q(1.0.0),6,7,Q,1993-Q4,-215,,,,
ABS:ERP_COMP_Q(1.0.0),6,7,Q,1994-Q1,-425,,,,
ABS:ERP_COMP_Q(1.0.0),6,7,Q,1994-Q2,-361,,,,
ABS:ERP_COMP_Q(1.0.0),6,7,Q,1994-Q3,-519,,,,
ABS:ERP_COMP_Q(1.0.0),6,7,Q,1994-Q4,367,,,,
ABS:ERP_COMP_Q(1.0.0),6,7,Q,1995-Q1,778,,,,
ABS:ERP_COMP_Q(1.0.0),6,7,Q,1995-Q2,-242,,,,
ABS:ERP_COMP_Q(1.0.0),6,7,Q,1995-Q3,-188,,,,
ABS:ERP_COMP_Q(1.0.0),6,7,Q,1995-Q4,1068,,,,
ABS:ERP_COMP_Q(1.0.0),6,7,Q,1996-Q1,-46,,,,
ABS:ERP_COMP_Q(1.0.0),6,7,Q,1996-Q2,-506,,,,
ABS:ERP_COMP_Q(1.0.0),6,7,Q,1996-Q3,647,,,,
ABS:ERP_COMP_Q(1.0.0),6,7,Q,1996-Q4,365,,,,
ABS:ERP_COMP_Q(1.0.0),6,7,Q,1997-Q1,-2,,,,
ABS:ERP_COMP_Q(1.0.0),6,7,Q,1997-Q2,744,,,,
ABS:ERP_COMP_Q(1.0.0),6,7,Q,1997-Q3,-62,,,,
ABS:ERP_COMP_Q(1.0.0),6,7,Q,1997-Q4,-139,,,,
ABS:ERP_COMP_Q(1.0.0),6,7,Q,1998-Q1,-203,,,,
ABS:ERP_COMP_Q(1.0.0),6,7,Q,1998-Q2,-68,,,,
ABS:ERP_COMP_Q(1.0.0),6,7,Q,1998-Q3,-54,,,,
ABS:ERP_COMP_Q(1.0.0),6,7,Q,1998-Q4,-363,,,,
ABS:ERP_COMP_Q(1.0.0),6,7,Q,1999-Q1,-174,,,,
ABS:ERP_COMP_Q(1.0.0),6,7,Q,1999-Q2,-362,,,,
ABS:ERP_COMP_Q(1.0.0),6,7,Q,1999-Q3,-364,,,,
ABS:ERP_COMP_Q(1.0.0),6,7,Q,1999-Q4,83,,,,
ABS:ERP_COMP_Q(1.0.0),6,7,Q,2000-Q1,-472,,,,
ABS:ERP_COMP_Q(1.0.0),6,7,Q,2000-Q2,-154,,,,
ABS:ERP_COMP_Q(1.0.0),6,7,Q,2000-Q3,-374,,,,
ABS:ERP_COMP_Q(1.0.0),6,7,Q,2000-Q4,-621,,,,
ABS:ERP_COMP_Q(1.0.0),6,7,Q,2001-Q1,-374,,,,
ABS:ERP_COMP_Q(1.0.0),6,7,Q,2001-Q2,-223,,,,
ABS:ERP_COMP_Q(1.0.0),6,7,Q,2001-Q3,-414,,,,
ABS:ERP_COMP_Q(1.0.0),6,7,Q,2001-Q4,-740,,,,
ABS:ERP_COMP_Q(1.0.0),6,7,Q,2002-Q1,-663,,,,
ABS:ERP_COMP_Q(1.0.0),6,7,Q,2002-Q2,-181,,,,
ABS:ERP_COMP_Q(1.0.0),6,7,Q,2002-Q3,-827,,,,
ABS:ERP_COMP_Q(1.0.0),6,7,Q,2002-Q4,-769,,,,
ABS:ERP_COMP_Q(1.0.0),6,7,Q,2003-Q1,-1011,,,,
ABS:ERP_COMP_Q(1.0.0),6,7,Q,2003-Q2,-161,,,,
ABS:ERP_COMP_Q(1.0.0),6,7,Q,2003-Q3,-624,,,,
ABS:ERP_COMP_Q(1.0.0),6,7,Q,2003-Q4,-487,,,,
ABS:ERP_COMP_Q(1.0.0),6,7,Q,2004-Q1,-425,,,,
ABS:ERP_COMP_Q(1.0.0),6,7,Q,2004-Q2,49,,,,
ABS:ERP_COMP_Q(1.0.0),6,7,Q,2004-Q3,-11,,,,
ABS:ERP_COMP_Q(1.0.0),6,7,Q,2004-Q4,-95,,,,
ABS:ERP_COMP_Q(1.0.0),6,7,Q,2005-Q1,342,,,,
ABS:ERP_COMP_Q(1.0.0),6,7,Q,2005-Q2,374,,,,
ABS:ERP_COMP_Q(1.0.0),6,7,Q,2005-Q3,20,,,,
ABS:ERP_COMP_Q(1.0.0),6,7,Q,2005-Q4,-10,,,,
ABS:ERP_COMP_Q(1.0.0),6,7,Q,2006-Q1,-295,,,,
ABS:ERP_COMP_Q(1.0.0),6,7,Q,2006-Q2,-268,,,,
ABS:ERP_COMP_Q(1.0.0),6,7,Q,2006-Q3,267,,,,
ABS:ERP_COMP_Q(1.0.0),6,7,Q,2006-Q4,-35,,,,
ABS:ERP_COMP_Q(1.0.0),6,7,Q,2007-Q1,43,,,,
ABS:ERP_COMP_Q(1.0.0),6,7,Q,2007-Q2,168,,,,
ABS:ERP_COMP_Q(1.0.0),6,7,Q,2007-Q3,426,,,,
ABS:ERP_COMP_Q(1.0.0),6,7,Q,2007-Q4,440,,,,
ABS:ERP_COMP_Q(1.0.0),6,7,Q,2008-Q1,19,,,,
ABS:ERP_COMP_Q(1.0.0),6,7,Q,2008-Q2,504,,,,
ABS:ERP_COMP_Q(1.0.0),6,7,Q,2008-Q3,299,,,,
ABS:ERP_COMP_Q(1.0.0),6,7,Q,2008-Q4,59,,,,
ABS:ERP_COMP_Q(1.0.0),6,7,Q,2009-Q1,156,,,,
ABS:ERP_COMP_Q(1.0.0),6,7,Q,2009-Q2,420,,,,
ABS:ERP_COMP_Q(1.0.0),6,7,Q,2009-Q3,75,,,,
ABS:ERP_COMP_Q(1.0.0),6,7,Q,2009-Q4,-284,,,,
ABS:ERP_COMP_Q(1.0.0),6,7,Q,2010-Q1,-329,,,,
ABS:ERP_COMP_Q(1.0.0),6,7,Q,2010-Q2,-123,,,,
ABS:ERP_COMP_Q(1.0.0),6,7,Q,2010-Q3,-288,,,,
ABS:ERP_COMP_Q(1.0.0),6,7,Q,2010-Q4,-859,,,,
ABS:ERP_COMP_Q(1.0.0),6,7,Q,2011-Q1,-1077,,,,
ABS:ERP_COMP_Q(1.0.0),6,7,Q,2011-Q2,-325,,,,
ABS:ERP_COMP_Q(1.0.0),6,7,Q,2011-Q3,37,,,,
ABS:ERP_COMP_Q(1.0.0),6,7,Q,2011-Q4,-458,,,,
ABS:ERP_COMP_Q(1.0.0),6,7,Q,2012-Q1,-340,,,,
ABS:ERP_COMP_Q(1.0.0),6,7,Q,2012-Q2,70,,,,
ABS:ERP_COMP_Q(1.0.0),6,7,Q,2012-Q3,38,,,,
ABS:ERP_COMP_Q(1.0.0),6,7,Q,2012-Q4,-149,,,,
ABS:ERP_COMP_Q(1.0.0),6,7,Q,2013-Q1,-291,,,,
ABS:ERP_COMP_Q(1.0.0),6,7,Q,2013-Q2,-79,,,,
ABS:ERP_COMP_Q(1.0.0),6,7,Q,2013-Q3,-270,,,,
ABS:ERP_COMP_Q(1.0.0),6,7,Q,2013-Q4,-896,,,,
ABS:ERP_COMP_Q(1.0.0),6,7,Q,2014-Q1,-622,,,,
ABS:ERP_COMP_Q(1.0.0),6,7,Q,2014-Q2,-633,,,,
ABS:ERP_COMP_Q(1.0.0),6,7,Q,2014-Q3,-305,,,,
ABS:ERP_COMP_Q(1.0.0),6,7,Q,2014-Q4,-879,,,,
ABS:ERP_COMP_Q(1.0.0),6,7,Q,2015-Q1,-896,,,,
ABS:ERP_COMP_Q(1.0.0),6,7,Q,2015-Q2,-261,,,,
ABS:ERP_COMP_Q(1.0.0),6,7,Q,2015-Q3,-298,,,,
ABS:ERP_COMP_Q(1.0.0),6,7,Q,2015-Q4,-626,,,,
ABS:ERP_COMP_Q(1.0.0),6,7,Q,2016-Q1,-612,,,,
ABS:ERP_COMP_Q(1.0.0),6,7,Q,2016-Q2,-493,,,,
ABS:ERP_COMP_Q(1.0.0),6,7,Q,2016-Q3,-218,,,,
ABS:ERP_COMP_Q(1.0.0),6,7,Q,2016-Q4,-746,,,,
ABS:ERP_COMP_Q(1.0.0),6,7,Q,2017-Q1,-697,,,,
ABS:ERP_COMP_Q(1.0.0),6,7,Q,2017-Q2,-272,,,,
ABS:ERP_COMP_Q(1.0.0),6,7,Q,2017-Q3,-340,,,,
ABS:ERP_COMP_Q(1.0.0),6,7,Q,2017-Q4,-806,,,,
ABS:ERP_COMP_Q(1.0.0),6,7,Q,2018-Q1,-929,,,,
ABS:ERP_COMP_Q(1.0.0),6,7,Q,2018-Q2,-602,,,,
ABS:ERP_COMP_Q(1.0.0),6,7,Q,2018-Q3,-513,,,,
ABS:ERP_COMP_Q(1.0.0),6,7,Q,2018-Q4,-1065,,,,
ABS:ERP_COMP_Q(1.0.0),6,7,Q,2019-Q1,-888,,,,
ABS:ERP_COMP_Q(1.0.0),6,7,Q,2019-Q2,-546,,,,
ABS:ERP_COMP_Q(1.0.0),6,7,Q,2019-Q3,-217,,,,
ABS:ERP_COMP_Q(1.0.0),6,7,Q,2019-Q4,-503,,,,
ABS:ERP_COMP_Q(1.0.0),6,7,Q,2020-Q1,-253,,,,
ABS:ERP_COMP_Q(1.0.0),6,7,Q,2020-Q2,74,,,,
ABS:ERP_COMP_Q(1.0.0),6,7,Q,2020-Q3,238,,,,
ABS:ERP_COMP_Q(1.0.0),6,7,Q,2020-Q4,50,,,,
ABS:ERP_COMP_Q(1.0.0),6,7,Q,2021-Q1,-142,,,,
ABS:ERP_COMP_Q(1.0.0),6,7,Q,2021-Q2,-465,,,,
ABS:ERP_COMP_Q(1.0.0),6,7,Q,2021-Q3,184,,,,
ABS:ERP_COMP_Q(1.0.0),6,7,Q,2021-Q4,-142,,,,
ABS:ERP_COMP_Q(1.0.0),6,7,Q,2022-Q1,-74,,,,
ABS:ERP_COMP_Q(1.0.0),6,7,Q,2022-Q2,-173,,,,
ABS:ERP_COMP_Q(1.0.0),6,7,Q,2022-Q3,-321,,,,
ABS:ERP_COMP_Q(1.0.0),6,7,Q,2022-Q4,-520,,,,
ABS:ERP_COMP_Q(1.0.0),6,7,Q,2023-Q1,-687,,,,
ABS:ERP_COMP_Q(1.0.0),6,7,Q,2023-Q2,-741,,,,
ABS:ERP_COMP_Q(1.0.0),6,7,Q,2023-Q3,-575,,,,
ABS:ERP_COMP_Q(1.0.0),6,7,Q,2023-Q4,-818,,,,
ABS:ERP_COMP_Q(1.0.0),6,7,Q,2024-Q1,-767,,,,
ABS:ERP_COMP_Q(1.0.0),6,7,Q,2024-Q2,-356,,,,
ABS:ERP_COMP_Q(1.0.0),6,7,Q,2024-Q3,-278,,,,
ABS:ERP_COMP_Q(1.0.0),6,7,Q,2024-Q4,-170,,,,
ABS:ERP_COMP_Q(1.0.0),6,7,Q,2025-Q1,-95,,,,
ABS:ERP_COMP_Q(1.0.0),6,7,Q,2025-Q2,-308,,,,
ABS:ERP_COMP_Q(1.0.0),6,7,Q,2025-Q3,-405,,,,
ABS:ERP_COMP_Q(1.0.0),6,7,Q,2025-Q4,-420,,,,
ABS:ERP_COMP_Q(1.0.0),4,AUS,Q,1981-Q2,78,,,,
ABS:ERP_COMP_Q(1.0.0),4,AUS,Q,1981-Q3,76.6,,,,
ABS:ERP_COMP_Q(1.0.0),4,AUS,Q,1981-Q4,65.9,,,,
ABS:ERP_COMP_Q(1.0.0),4,AUS,Q,1982-Q1,70.3,,,,
ABS:ERP_COMP_Q(1.0.0),4,AUS,Q,1982-Q2,81.7,,,,
ABS:ERP_COMP_Q(1.0.0),4,AUS,Q,1982-Q3,66.9,,,,
ABS:ERP_COMP_Q(1.0.0),4,AUS,Q,1982-Q4,58.7,,,,
ABS:ERP_COMP_Q(1.0.0),4,AUS,Q,1983-Q1,57.5,,,,
ABS:ERP_COMP_Q(1.0.0),4,AUS,Q,1983-Q2,71,,,,
ABS:ERP_COMP_Q(1.0.0),4,AUS,Q,1983-Q3,62.4,,,,
ABS:ERP_COMP_Q(1.0.0),4,AUS,Q,1983-Q4,52.4,,,,
ABS:ERP_COMP_Q(1.0.0),4,AUS,Q,1984-Q1,62.8,,,,
ABS:ERP_COMP_Q(1.0.0),4,AUS,Q,1984-Q2,67.3,,,,
ABS:ERP_COMP_Q(1.0.0),4,AUS,Q,1984-Q3,65.7,,,,
ABS:ERP_COMP_Q(1.0.0),4,AUS,Q,1984-Q4,58.9,,,,
ABS:ERP_COMP_Q(1.0.0),4,AUS,Q,1985-Q1,67.8,,,,
ABS:ERP_COMP_Q(1.0.0),4,AUS,Q,1985-Q2,74.5,,,,
ABS:ERP_COMP_Q(1.0.0),4,AUS,Q,1985-Q3,72.5,,,,
ABS:ERP_COMP_Q(1.0.0),4,AUS,Q,1985-Q4,67.6,,,,
ABS:ERP_COMP_Q(1.0.0),4,AUS,Q,1986-Q1,76.3,,,,
ABS:ERP_COMP_Q(1.0.0),4,AUS,Q,1986-Q2,77.8,,,,
ABS:ERP_COMP_Q(1.0.0),4,AUS,Q,1986-Q3,70.7,,,,
ABS:ERP_COMP_Q(1.0.0),4,AUS,Q,1986-Q4,65.3,,,,
ABS:ERP_COMP_Q(1.0.0),4,AUS,Q,1987-Q1,90.5,,,,
ABS:ERP_COMP_Q(1.0.0),4,AUS,Q,1987-Q2,73.9,,,,
ABS:ERP_COMP_Q(1.0.0),4,AUS,Q,1987-Q3,76.1,,,,
ABS:ERP_COMP_Q(1.0.0),4,AUS,Q,1987-Q4,72.9,,,,
ABS:ERP_COMP_Q(1.0.0),4,AUS,Q,1988-Q1,101.6,,,,
ABS:ERP_COMP_Q(1.0.0),4,AUS,Q,1988-Q2,83.9,,,,
ABS:ERP_COMP_Q(1.0.0),4,AUS,Q,1988-Q3,83.9,,,,
ABS:ERP_COMP_Q(1.0.0),4,AUS,Q,1988-Q4,77.1,,,,
ABS:ERP_COMP_Q(1.0.0),4,AUS,Q,1989-Q1,109.9,,,,
ABS:ERP_COMP_Q(1.0.0),4,AUS,Q,1989-Q2,94.9,,,,
ABS:ERP_COMP_Q(1.0.0),4,AUS,Q,1989-Q3,85.6,,,,
ABS:ERP_COMP_Q(1.0.0),4,AUS,Q,1989-Q4,72.6,,,,
ABS:ERP_COMP_Q(1.0.0),4,AUS,Q,1990-Q1,105.2,,,,
ABS:ERP_COMP_Q(1.0.0),4,AUS,Q,1990-Q2,84.3,,,,
ABS:ERP_COMP_Q(1.0.0),4,AUS,Q,1990-Q3,78.1,,,,
ABS:ERP_COMP_Q(1.0.0),4,AUS,Q,1990-Q4,72.8,,,,
ABS:ERP_COMP_Q(1.0.0),4,AUS,Q,1991-Q1,100.1,,,,
ABS:ERP_COMP_Q(1.0.0),4,AUS,Q,1991-Q2,79.7,,,,
ABS:ERP_COMP_Q(1.0.0),4,AUS,Q,1991-Q3,73.8,,,,
ABS:ERP_COMP_Q(1.0.0),4,AUS,Q,1991-Q4,73.5,,,,
ABS:ERP_COMP_Q(1.0.0),4,AUS,Q,1992-Q1,105.2,,,,
ABS:ERP_COMP_Q(1.0.0),4,AUS,Q,1992-Q2,80.1,,,,
ABS:ERP_COMP_Q(1.0.0),4,AUS,Q,1992-Q3,94.3,,,,
ABS:ERP_COMP_Q(1.0.0),4,AUS,Q,1992-Q4,86.3,,,,
ABS:ERP_COMP_Q(1.0.0),4,AUS,Q,1993-Q1,111.6,,,,
ABS:ERP_COMP_Q(1.0.0),4,AUS,Q,1993-Q2,79,,,,
ABS:ERP_COMP_Q(1.0.0),4,AUS,Q,1993-Q3,78.6,,,,
ABS:ERP_COMP_Q(1.0.0),4,AUS,Q,1993-Q4,70.4,,,,
ABS:ERP_COMP_Q(1.0.0),4,AUS,Q,1994-Q1,100.4,,,,
ABS:ERP_COMP_Q(1.0.0),4,AUS,Q,1994-Q2,80.1,,,,
ABS:ERP_COMP_Q(1.0.0),4,AUS,Q,1994-Q3,82.3,,,,
ABS:ERP_COMP_Q(1.0.0),4,AUS,Q,1994-Q4,73.6,,,,
ABS:ERP_COMP_Q(1.0.0),4,AUS,Q,1995-Q1,107.1,,,,
ABS:ERP_COMP_Q(1.0.0),4,AUS,Q,1995-Q2,96,,,,
ABS:ERP_COMP_Q(1.0.0),4,AUS,Q,1995-Q3,77.8,,,,
ABS:ERP_COMP_Q(1.0.0),4,AUS,Q,1995-Q4,80.1,,,,
ABS:ERP_COMP_Q(1.0.0),4,AUS,Q,1996-Q1,106.7,,,,
ABS:ERP_COMP_Q(1.0.0),4,AUS,Q,1996-Q2,84.8,,,,
ABS:ERP_COMP_Q(1.0.0),4,AUS,Q,1996-Q3,87.3,,,,
ABS:ERP_COMP_Q(1.0.0),4,AUS,Q,1996-Q4,103.7,,,,
ABS:ERP_COMP_Q(1.0.0),4,AUS,Q,1997-Q1,93.1,,,,
ABS:ERP_COMP_Q(1.0.0),4,AUS,Q,1997-Q2,90,,,,
ABS:ERP_COMP_Q(1.0.0),4,AUS,Q,1997-Q3,82.1,,,,
ABS:ERP_COMP_Q(1.0.0),4,AUS,Q,1997-Q4,103.7,,,,
ABS:ERP_COMP_Q(1.0.0),4,AUS,Q,1998-Q1,88.6,,,,
ABS:ERP_COMP_Q(1.0.0),4,AUS,Q,1998-Q2,89.4,,,,
ABS:ERP_COMP_Q(1.0.0),4,AUS,Q,1998-Q3,80.1,,,,
ABS:ERP_COMP_Q(1.0.0),4,AUS,Q,1998-Q4,102,,,,
ABS:ERP_COMP_Q(1.0.0),4,AUS,Q,1999-Q1,87.2,,,,
ABS:ERP_COMP_Q(1.0.0),4,AUS,Q,1999-Q2,89.2,,,,
ABS:ERP_COMP_Q(1.0.0),4,AUS,Q,1999-Q3,81.3,,,,
ABS:ERP_COMP_Q(1.0.0),4,AUS,Q,1999-Q4,103.1,,,,
ABS:ERP_COMP_Q(1.0.0),4,AUS,Q,2000-Q1,91.8,,,,
ABS:ERP_COMP_Q(1.0.0),4,AUS,Q,2000-Q2,91.3,,,,
ABS:ERP_COMP_Q(1.0.0),4,AUS,Q,2000-Q3,84.6,,,,
ABS:ERP_COMP_Q(1.0.0),4,AUS,Q,2000-Q4,110.5,,,,
ABS:ERP_COMP_Q(1.0.0),4,AUS,Q,2001-Q1,92.7,,,,
ABS:ERP_COMP_Q(1.0.0),4,AUS,Q,2001-Q2,93.1,,,,
ABS:ERP_COMP_Q(1.0.0),4,AUS,Q,2001-Q3,85.6,,,,
ABS:ERP_COMP_Q(1.0.0),4,AUS,Q,2001-Q4,103.3,,,,
ABS:ERP_COMP_Q(1.0.0),4,AUS,Q,2002-Q1,97.3,,,,
ABS:ERP_COMP_Q(1.0.0),4,AUS,Q,2002-Q2,97.9,,,,
ABS:ERP_COMP_Q(1.0.0),4,AUS,Q,2002-Q3,91.4,,,,
ABS:ERP_COMP_Q(1.0.0),4,AUS,Q,2002-Q4,112.9,,,,
ABS:ERP_COMP_Q(1.0.0),4,AUS,Q,2003-Q1,96.6,,,,
ABS:ERP_COMP_Q(1.0.0),4,AUS,Q,2003-Q2,97.7,,,,
ABS:ERP_COMP_Q(1.0.0),4,AUS,Q,2003-Q3,90,,,,
ABS:ERP_COMP_Q(1.0.0),4,AUS,Q,2003-Q4,108.3,,,,
ABS:ERP_COMP_Q(1.0.0),4,AUS,Q,2004-Q1,96.4,,,,
ABS:ERP_COMP_Q(1.0.0),4,AUS,Q,2004-Q2,91.8,,,,
ABS:ERP_COMP_Q(1.0.0),4,AUS,Q,2004-Q3,81.4,,,,
ABS:ERP_COMP_Q(1.0.0),4,AUS,Q,2004-Q4,100.7,,,,
ABS:ERP_COMP_Q(1.0.0),4,AUS,Q,2005-Q1,89.8,,,,
ABS:ERP_COMP_Q(1.0.0),4,AUS,Q,2005-Q2,87.1,,,,
ABS:ERP_COMP_Q(1.0.0),4,AUS,Q,2005-Q3,76.8,,,,
ABS:ERP_COMP_Q(1.0.0),4,AUS,Q,2005-Q4,97.5,,,,
ABS:ERP_COMP_Q(1.0.0),4,AUS,Q,2006-Q1,85.6,,,,
ABS:ERP_COMP_Q(1.0.0),4,AUS,Q,2006-Q2,82.9,,,,
ABS:ERP_COMP_Q(1.0.0),4,AUS,Q,2006-Q3,77.3,,,,
ABS:ERP_COMP_Q(1.0.0),4,AUS,Q,2006-Q4,99.4,,,,
ABS:ERP_COMP_Q(1.0.0),4,AUS,Q,2007-Q1,90.6,,,,
ABS:ERP_COMP_Q(1.0.0),4,AUS,Q,2007-Q2,91.9,,,,
ABS:ERP_COMP_Q(1.0.0),4,AUS,Q,2007-Q3,82,,,,
ABS:ERP_COMP_Q(1.0.0),4,AUS,Q,2007-Q4,98.9,,,,
ABS:ERP_COMP_Q(1.0.0),4,AUS,Q,2008-Q1,92.3,,,,
ABS:ERP_COMP_Q(1.0.0),4,AUS,Q,2008-Q2,88.2,,,,
ABS:ERP_COMP_Q(1.0.0),4,AUS,Q,2008-Q3,81.1,,,,
ABS:ERP_COMP_Q(1.0.0),4,AUS,Q,2008-Q4,103,,,,
ABS:ERP_COMP_Q(1.0.0),4,AUS,Q,2009-Q1,88.8,,,,
ABS:ERP_COMP_Q(1.0.0),4,AUS,Q,2009-Q2,87.6,,,,
ABS:ERP_COMP_Q(1.0.0),4,AUS,Q,2009-Q3,75.8,,,,
ABS:ERP_COMP_Q(1.0.0),4,AUS,Q,2009-Q4,91.7,,,,
ABS:ERP_COMP_Q(1.0.0),4,AUS,Q,2010-Q1,82,,,,
ABS:ERP_COMP_Q(1.0.0),4,AUS,Q,2010-Q2,82.4,,,,
ABS:ERP_COMP_Q(1.0.0),4,AUS,Q,2010-Q3,75.5,,,,
ABS:ERP_COMP_Q(1.0.0),4,AUS,Q,2010-Q4,95.5,,,,
ABS:ERP_COMP_Q(1.0.0),4,AUS,Q,2011-Q1,84.4,,,,
ABS:ERP_COMP_Q(1.0.0),4,AUS,Q,2011-Q2,83,,,,
ABS:ERP_COMP_Q(1.0.0),4,AUS,Q,2011-Q3,80.5,,,,
ABS:ERP_COMP_Q(1.0.0),4,AUS,Q,2011-Q4,102.9,,,,
ABS:ERP_COMP_Q(1.0.0),4,AUS,Q,2012-Q1,89.1,,,,
ABS:ERP_COMP_Q(1.0.0),4,AUS,Q,2012-Q2,85.4,,,,
ABS:ERP_COMP_Q(1.0.0),4,AUS,Q,2012-Q3,76.8,,,,
ABS:ERP_COMP_Q(1.0.0),4,AUS,Q,2012-Q4,88.1,,,,
ABS:ERP_COMP_Q(1.0.0),4,AUS,Q,2013-Q1,90.5,,,,
ABS:ERP_COMP_Q(1.0.0),4,AUS,Q,2013-Q2,90.1,,,,
ABS:ERP_COMP_Q(1.0.0),4,AUS,Q,2013-Q3,78.8,,,,
ABS:ERP_COMP_Q(1.0.0),4,AUS,Q,2013-Q4,100.7,,,,
ABS:ERP_COMP_Q(1.0.0),4,AUS,Q,2014-Q1,93.3,,,,
ABS:ERP_COMP_Q(1.0.0),4,AUS,Q,2014-Q2,84.9,,,,
ABS:ERP_COMP_Q(1.0.0),4,AUS,Q,2014-Q3,71.8,,,,
ABS:ERP_COMP_Q(1.0.0),4,AUS,Q,2014-Q4,94,,,,
ABS:ERP_COMP_Q(1.0.0),4,AUS,Q,2015-Q1,87.2,,,,
ABS:ERP_COMP_Q(1.0.0),4,AUS,Q,2015-Q2,91,,,,
ABS:ERP_COMP_Q(1.0.0),4,AUS,Q,2015-Q3,78.1,,,,
ABS:ERP_COMP_Q(1.0.0),4,AUS,Q,2015-Q4,99,,,,
ABS:ERP_COMP_Q(1.0.0),4,AUS,Q,2016-Q1,94.7,,,,
ABS:ERP_COMP_Q(1.0.0),4,AUS,Q,2016-Q2,100.1,,,,
ABS:ERP_COMP_Q(1.0.0),4,AUS,Q,2016-Q3,91.8,,,,
ABS:ERP_COMP_Q(1.0.0),4,AUS,Q,2016-Q4,124.6,,,,
ABS:ERP_COMP_Q(1.0.0),4,AUS,Q,2017-Q1,108.8,,,,
ABS:ERP_COMP_Q(1.0.0),4,AUS,Q,2017-Q2,110.2,,,,
ABS:ERP_COMP_Q(1.0.0),4,AUS,Q,2017-Q3,99.8,,,,
ABS:ERP_COMP_Q(1.0.0),4,AUS,Q,2017-Q4,128.4,,,,
ABS:ERP_COMP_Q(1.0.0),4,AUS,Q,2018-Q1,113.7,,,,
ABS:ERP_COMP_Q(1.0.0),4,AUS,Q,2018-Q2,114.5,,,,
ABS:ERP_COMP_Q(1.0.0),4,AUS,Q,2018-Q3,101.8,,,,
ABS:ERP_COMP_Q(1.0.0),4,AUS,Q,2018-Q4,134.8,,,,
ABS:ERP_COMP_Q(1.0.0),4,AUS,Q,2019-Q1,118.8,,,,
ABS:ERP_COMP_Q(1.0.0),4,AUS,Q,2019-Q2,120.8,,,,
ABS:ERP_COMP_Q(1.0.0),4,AUS,Q,2019-Q3,105.5,,,,
ABS:ERP_COMP_Q(1.0.0),4,AUS,Q,2019-Q4,131.3,,,,
ABS:ERP_COMP_Q(1.0.0),4,AUS,Q,2020-Q1,93,,,,
ABS:ERP_COMP_Q(1.0.0),4,AUS,Q,2020-Q2,91,,,,
ABS:ERP_COMP_Q(1.0.0),4,AUS,Q,2020-Q3,64.9,,,,
ABS:ERP_COMP_Q(1.0.0),4,AUS,Q,2020-Q4,89.1,,,,
ABS:ERP_COMP_Q(1.0.0),4,AUS,Q,2021-Q1,87.3,,,,
ABS:ERP_COMP_Q(1.0.0),4,AUS,Q,2021-Q2,124.2,,,,
ABS:ERP_COMP_Q(1.0.0),4,AUS,Q,2021-Q3,100.5,,,,
ABS:ERP_COMP_Q(1.0.0),4,AUS,Q,2021-Q4,114.6,,,,
ABS:ERP_COMP_Q(1.0.0),4,AUS,Q,2022-Q1,104.2,,,,
ABS:ERP_COMP_Q(1.0.0),4,AUS,Q,2022-Q2,99.4,,,,
ABS:ERP_COMP_Q(1.0.0),4,AUS,Q,2022-Q3,78.9,,,,
ABS:ERP_COMP_Q(1.0.0),4,AUS,Q,2022-Q4,113.5,,,,
ABS:ERP_COMP_Q(1.0.0),4,AUS,Q,2023-Q1,98.3,,,,
ABS:ERP_COMP_Q(1.0.0),4,AUS,Q,2023-Q2,95.1,,,,
ABS:ERP_COMP_Q(1.0.0),4,AUS,Q,2023-Q3,86.9,,,,
ABS:ERP_COMP_Q(1.0.0),4,AUS,Q,2023-Q4,105.7,,,,
ABS:ERP_COMP_Q(1.0.0),4,AUS,Q,2024-Q1,97.2,,,,
ABS:ERP_COMP_Q(1.0.0),4,AUS,Q,2024-Q2,95,,,,
ABS:ERP_COMP_Q(1.0.0),4,AUS,Q,2024-Q3,84.8,,,,
ABS:ERP_COMP_Q(1.0.0),4,AUS,Q,2024-Q4,107,,,,
ABS:ERP_COMP_Q(1.0.0),4,AUS,Q,2025-Q1,93.2,,,,
ABS:ERP_COMP_Q(1.0.0),4,AUS,Q,2025-Q2,89.5,,,,
ABS:ERP_COMP_Q(1.0.0),4,AUS,Q,2025-Q3,79.4,,,,
ABS:ERP_COMP_Q(1.0.0),4,AUS,Q,2025-Q4,100.9,,,,
ABS:ERP_COMP_Q(1.0.0),10,AUS,Q,1981-Q2,14923.3,,,,
ABS:ERP_COMP_Q(1.0.0),10,AUS,Q,1981-Q3,14988.7,,,,
ABS:ERP_COMP_Q(1.0.0),10,AUS,Q,1981-Q4,15054.1,,,,
ABS:ERP_COMP_Q(1.0.0),10,AUS,Q,1982-Q1,15121.7,,,,
ABS:ERP_COMP_Q(1.0.0),10,AUS,Q,1982-Q2,15184.2,,,,
ABS:ERP_COMP_Q(1.0.0),10,AUS,Q,1982-Q3,15239.3,,,,
ABS:ERP_COMP_Q(1.0.0),10,AUS,Q,1982-Q4,15288.9,,,,
ABS:ERP_COMP_Q(1.0.0),10,AUS,Q,1983-Q1,15346.2,,,,
ABS:ERP_COMP_Q(1.0.0),10,AUS,Q,1983-Q2,15393.5,,,,
ABS:ERP_COMP_Q(1.0.0),10,AUS,Q,1983-Q3,15439,,,,
ABS:ERP_COMP_Q(1.0.0),10,AUS,Q,1983-Q4,15483.5,,,,
ABS:ERP_COMP_Q(1.0.0),10,AUS,Q,1984-Q1,15531.5,,,,
ABS:ERP_COMP_Q(1.0.0),10,AUS,Q,1984-Q2,15579.4,,,,
ABS:ERP_COMP_Q(1.0.0),10,AUS,Q,1984-Q3,15628.5,,,,
ABS:ERP_COMP_Q(1.0.0),10,AUS,Q,1984-Q4,15677.3,,,,
ABS:ERP_COMP_Q(1.0.0),10,AUS,Q,1985-Q1,15736.7,,,,
ABS:ERP_COMP_Q(1.0.0),10,AUS,Q,1985-Q2,15788.3,,,,
ABS:ERP_COMP_Q(1.0.0),10,AUS,Q,1985-Q3,15839.7,,,,
ABS:ERP_COMP_Q(1.0.0),10,AUS,Q,1985-Q4,15900.6,,,,
ABS:ERP_COMP_Q(1.0.0),10,AUS,Q,1986-Q1,15961.5,,,,
ABS:ERP_COMP_Q(1.0.0),10,AUS,Q,1986-Q2,16018.4,,,,
ABS:ERP_COMP_Q(1.0.0),10,AUS,Q,1986-Q3,16075,,,,
ABS:ERP_COMP_Q(1.0.0),10,AUS,Q,1986-Q4,16138.8,,,,
ABS:ERP_COMP_Q(1.0.0),10,AUS,Q,1987-Q1,16204,,,,
ABS:ERP_COMP_Q(1.0.0),10,AUS,Q,1987-Q2,16263.9,,,,
ABS:ERP_COMP_Q(1.0.0),10,AUS,Q,1987-Q3,16328.9,,,,
ABS:ERP_COMP_Q(1.0.0),10,AUS,Q,1987-Q4,16394.6,,,,
ABS:ERP_COMP_Q(1.0.0),10,AUS,Q,1988-Q1,16471.8,,,,
ABS:ERP_COMP_Q(1.0.0),10,AUS,Q,1988-Q2,16532.2,,,,
ABS:ERP_COMP_Q(1.0.0),10,AUS,Q,1988-Q3,16612.6,,,,
ABS:ERP_COMP_Q(1.0.0),10,AUS,Q,1988-Q4,16687.1,,,,
ABS:ERP_COMP_Q(1.0.0),10,AUS,Q,1989-Q1,16764,,,,
ABS:ERP_COMP_Q(1.0.0),10,AUS,Q,1989-Q2,16814.4,,,,
ABS:ERP_COMP_Q(1.0.0),10,AUS,Q,1989-Q3,16872,,,,
ABS:ERP_COMP_Q(1.0.0),10,AUS,Q,1989-Q4,16936.7,,,,
ABS:ERP_COMP_Q(1.0.0),10,AUS,Q,1990-Q1,17005.6,,,,
ABS:ERP_COMP_Q(1.0.0),10,AUS,Q,1990-Q2,17065.1,,,,
ABS:ERP_COMP_Q(1.0.0),10,AUS,Q,1990-Q3,17121.1,,,,
ABS:ERP_COMP_Q(1.0.0),10,AUS,Q,1990-Q4,17169.8,,,,
ABS:ERP_COMP_Q(1.0.0),10,AUS,Q,1991-Q1,17237.4,,,,
ABS:ERP_COMP_Q(1.0.0),10,AUS,Q,1991-Q2,17284,,,,
ABS:ERP_COMP_Q(1.0.0),10,AUS,Q,1991-Q3,17338.9,,,,
ABS:ERP_COMP_Q(1.0.0),10,AUS,Q,1991-Q4,17379,,,,
ABS:ERP_COMP_Q(1.0.0),10,AUS,Q,1992-Q1,17441.3,,,,
ABS:ERP_COMP_Q(1.0.0),10,AUS,Q,1992-Q2,17478.6,,,,
ABS:ERP_COMP_Q(1.0.0),10,AUS,Q,1992-Q3,17523.3,,,,
ABS:ERP_COMP_Q(1.0.0),10,AUS,Q,1992-Q4,17557.1,,,,
ABS:ERP_COMP_Q(1.0.0),10,AUS,Q,1993-Q1,17609.6,,,,
ABS:ERP_COMP_Q(1.0.0),10,AUS,Q,1993-Q2,17634.8,,,,
ABS:ERP_COMP_Q(1.0.0),10,AUS,Q,1993-Q3,17683.7,,,,
ABS:ERP_COMP_Q(1.0.0),10,AUS,Q,1993-Q4,17719.1,,,,
ABS:ERP_COMP_Q(1.0.0),10,AUS,Q,1994-Q1,17772.1,,,,
ABS:ERP_COMP_Q(1.0.0),10,AUS,Q,1994-Q2,17805.5,,,,
ABS:ERP_COMP_Q(1.0.0),10,AUS,Q,1994-Q3,17859.3,,,,
ABS:ERP_COMP_Q(1.0.0),10,AUS,Q,1994-Q4,17893.4,,,,
ABS:ERP_COMP_Q(1.0.0),10,AUS,Q,1995-Q1,17951.6,,,,
ABS:ERP_COMP_Q(1.0.0),10,AUS,Q,1995-Q2,18004.9,,,,
ABS:ERP_COMP_Q(1.0.0),10,AUS,Q,1995-Q3,18062.2,,,,
ABS:ERP_COMP_Q(1.0.0),10,AUS,Q,1995-Q4,18119.6,,,,
ABS:ERP_COMP_Q(1.0.0),10,AUS,Q,1996-Q1,18176,,,,
ABS:ERP_COMP_Q(1.0.0),10,AUS,Q,1996-Q2,18224.8,,,,
ABS:ERP_COMP_Q(1.0.0),10,AUS,Q,1996-Q3,18281.3,,,,
ABS:ERP_COMP_Q(1.0.0),10,AUS,Q,1996-Q4,18330.1,,,,
ABS:ERP_COMP_Q(1.0.0),10,AUS,Q,1997-Q1,18388.7,,,,
ABS:ERP_COMP_Q(1.0.0),10,AUS,Q,1997-Q2,18423,,,,
ABS:ERP_COMP_Q(1.0.0),10,AUS,Q,1997-Q3,18468.7,,,,
ABS:ERP_COMP_Q(1.0.0),10,AUS,Q,1997-Q4,18510,,,,
ABS:ERP_COMP_Q(1.0.0),10,AUS,Q,1998-Q1,18572.4,,,,
ABS:ERP_COMP_Q(1.0.0),10,AUS,Q,1998-Q2,18607.6,,,,
ABS:ERP_COMP_Q(1.0.0),10,AUS,Q,1998-Q3,18658.4,,,,
ABS:ERP_COMP_Q(1.0.0),10,AUS,Q,1998-Q4,18705.6,,,,
ABS:ERP_COMP_Q(1.0.0),10,AUS,Q,1999-Q1,18770.5,,,,
ABS:ERP_COMP_Q(1.0.0),10,AUS,Q,1999-Q2,18812.3,,,,
ABS:ERP_COMP_Q(1.0.0),10,AUS,Q,1999-Q3,18867.7,,,,
ABS:ERP_COMP_Q(1.0.0),10,AUS,Q,1999-Q4,18919.2,,,,
ABS:ERP_COMP_Q(1.0.0),10,AUS,Q,2000-Q1,18986.7,,,,
ABS:ERP_COMP_Q(1.0.0),10,AUS,Q,2000-Q2,19028.8,,,,
ABS:ERP_COMP_Q(1.0.0),10,AUS,Q,2000-Q3,19086,,,,
ABS:ERP_COMP_Q(1.0.0),10,AUS,Q,2000-Q4,19141,,,,
ABS:ERP_COMP_Q(1.0.0),10,AUS,Q,2001-Q1,19225.2,,,,
ABS:ERP_COMP_Q(1.0.0),10,AUS,Q,2001-Q2,19274.7,,,,
ABS:ERP_COMP_Q(1.0.0),10,AUS,Q,2001-Q3,19329.1,,,,
ABS:ERP_COMP_Q(1.0.0),10,AUS,Q,2001-Q4,19386.5,,,,
ABS:ERP_COMP_Q(1.0.0),10,AUS,Q,2002-Q1,19453.4,,,,
ABS:ERP_COMP_Q(1.0.0),10,AUS,Q,2002-Q2,19495.2,,,,
ABS:ERP_COMP_Q(1.0.0),10,AUS,Q,2002-Q3,19548.9,,,,
ABS:ERP_COMP_Q(1.0.0),10,AUS,Q,2002-Q4,19605.4,,,,
ABS:ERP_COMP_Q(1.0.0),10,AUS,Q,2003-Q1,19676.6,,,,
ABS:ERP_COMP_Q(1.0.0),10,AUS,Q,2003-Q2,19720.7,,,,
ABS:ERP_COMP_Q(1.0.0),10,AUS,Q,2003-Q3,19773.4,,,,
ABS:ERP_COMP_Q(1.0.0),10,AUS,Q,2003-Q4,19827.2,,,,
ABS:ERP_COMP_Q(1.0.0),10,AUS,Q,2004-Q1,19894.1,,,,
ABS:ERP_COMP_Q(1.0.0),10,AUS,Q,2004-Q2,19932.7,,,,
ABS:ERP_COMP_Q(1.0.0),10,AUS,Q,2004-Q3,19989.7,,,,
ABS:ERP_COMP_Q(1.0.0),10,AUS,Q,2004-Q4,20046,,,,
ABS:ERP_COMP_Q(1.0.0),10,AUS,Q,2005-Q1,20126.6,,,,
ABS:ERP_COMP_Q(1.0.0),10,AUS,Q,2005-Q2,20176.8,,,,
ABS:ERP_COMP_Q(1.0.0),10,AUS,Q,2005-Q3,20244.7,,,,
ABS:ERP_COMP_Q(1.0.0),10,AUS,Q,2005-Q4,20311.5,,,,
ABS:ERP_COMP_Q(1.0.0),10,AUS,Q,2006-Q1,20398.1,,,,
ABS:ERP_COMP_Q(1.0.0),10,AUS,Q,2006-Q2,20451,,,,
ABS:ERP_COMP_Q(1.0.0),10,AUS,Q,2006-Q3,20542.3,,,,
ABS:ERP_COMP_Q(1.0.0),10,AUS,Q,2006-Q4,20627.5,,,,
ABS:ERP_COMP_Q(1.0.0),10,AUS,Q,2007-Q1,20742.8,,,,
ABS:ERP_COMP_Q(1.0.0),10,AUS,Q,2007-Q2,20827.6,,,,
ABS:ERP_COMP_Q(1.0.0),10,AUS,Q,2007-Q3,20924.2,,,,
ABS:ERP_COMP_Q(1.0.0),10,AUS,Q,2007-Q4,21016.1,,,,
ABS:ERP_COMP_Q(1.0.0),10,AUS,Q,2008-Q1,21148.9,,,,
ABS:ERP_COMP_Q(1.0.0),10,AUS,Q,2008-Q2,21249.2,,,,
ABS:ERP_COMP_Q(1.0.0),10,AUS,Q,2008-Q3,21366,,,,
ABS:ERP_COMP_Q(1.0.0),10,AUS,Q,2008-Q4,21475.6,,,,
ABS:ERP_COMP_Q(1.0.0),10,AUS,Q,2009-Q1,21601.7,,,,
ABS:ERP_COMP_Q(1.0.0),10,AUS,Q,2009-Q2,21691.7,,,,
ABS:ERP_COMP_Q(1.0.0),10,AUS,Q,2009-Q3,21788.1,,,,
ABS:ERP_COMP_Q(1.0.0),10,AUS,Q,2009-Q4,21865.6,,,,
ABS:ERP_COMP_Q(1.0.0),10,AUS,Q,2010-Q1,21964.1,,,,
ABS:ERP_COMP_Q(1.0.0),10,AUS,Q,2010-Q2,22031.8,,,,
ABS:ERP_COMP_Q(1.0.0),10,AUS,Q,2010-Q3,22104.4,,,,
ABS:ERP_COMP_Q(1.0.0),10,AUS,Q,2010-Q4,22172.5,,,,
ABS:ERP_COMP_Q(1.0.0),10,AUS,Q,2011-Q1,22268.8,,,,
ABS:ERP_COMP_Q(1.0.0),10,AUS,Q,2011-Q2,22340,,,,
ABS:ERP_COMP_Q(1.0.0),10,AUS,Q,2011-Q3,22432.8,,,,
ABS:ERP_COMP_Q(1.0.0),10,AUS,Q,2011-Q4,22522.2,,,,
ABS:ERP_COMP_Q(1.0.0),10,AUS,Q,2012-Q1,22640.9,,,,
ABS:ERP_COMP_Q(1.0.0),10,AUS,Q,2012-Q2,22733.5,,,,
ABS:ERP_COMP_Q(1.0.0),10,AUS,Q,2012-Q3,22833.9,,,,
ABS:ERP_COMP_Q(1.0.0),10,AUS,Q,2012-Q4,22928,,,,
ABS:ERP_COMP_Q(1.0.0),10,AUS,Q,2013-Q1,23043,,,,
ABS:ERP_COMP_Q(1.0.0),10,AUS,Q,2013-Q2,23128.1,,,,
ABS:ERP_COMP_Q(1.0.0),10,AUS,Q,2013-Q3,23220.2,,,,
ABS:ERP_COMP_Q(1.0.0),10,AUS,Q,2013-Q4,23297.8,,,,
ABS:ERP_COMP_Q(1.0.0),10,AUS,Q,2014-Q1,23406.2,,,,
ABS:ERP_COMP_Q(1.0.0),10,AUS,Q,2014-Q2,23475.7,,,,
ABS:ERP_COMP_Q(1.0.0),10,AUS,Q,2014-Q3,23562.9,,,,
ABS:ERP_COMP_Q(1.0.0),10,AUS,Q,2014-Q4,23640.3,,,,
ABS:ERP_COMP_Q(1.0.0),10,AUS,Q,2015-Q1,23745.6,,,,
ABS:ERP_COMP_Q(1.0.0),10,AUS,Q,2015-Q2,23816,,,,
ABS:ERP_COMP_Q(1.0.0),10,AUS,Q,2015-Q3,23904.3,,,,
ABS:ERP_COMP_Q(1.0.0),10,AUS,Q,2015-Q4,23984.6,,,,
ABS:ERP_COMP_Q(1.0.0),10,AUS,Q,2016-Q1,24103.4,,,,
ABS:ERP_COMP_Q(1.0.0),10,AUS,Q,2016-Q2,24190.9,,,,
ABS:ERP_COMP_Q(1.0.0),10,AUS,Q,2016-Q3,24297.5,,,,
ABS:ERP_COMP_Q(1.0.0),10,AUS,Q,2016-Q4,24385.1,,,,
ABS:ERP_COMP_Q(1.0.0),10,AUS,Q,2017-Q1,24511.4,,,,
ABS:ERP_COMP_Q(1.0.0),10,AUS,Q,2017-Q2,24592.6,,,,
ABS:ERP_COMP_Q(1.0.0),10,AUS,Q,2017-Q3,24690.1,,,,
ABS:ERP_COMP_Q(1.0.0),10,AUS,Q,2017-Q4,24759,,,,
ABS:ERP_COMP_Q(1.0.0),10,AUS,Q,2018-Q1,24881.8,,,,
ABS:ERP_COMP_Q(1.0.0),10,AUS,Q,2018-Q2,24963.3,,,,
ABS:ERP_COMP_Q(1.0.0),10,AUS,Q,2018-Q3,25067.4,,,,
ABS:ERP_COMP_Q(1.0.0),10,AUS,Q,2018-Q4,25146.1,,,,
ABS:ERP_COMP_Q(1.0.0),10,AUS,Q,2019-Q1,25264.9,,,,
ABS:ERP_COMP_Q(1.0.0),10,AUS,Q,2019-Q2,25334.8,,,,
ABS:ERP_COMP_Q(1.0.0),10,AUS,Q,2019-Q3,25438.1,,,,
ABS:ERP_COMP_Q(1.0.0),10,AUS,Q,2019-Q4,25520.5,,,,
ABS:ERP_COMP_Q(1.0.0),10,AUS,Q,2020-Q1,25627.9,,,,
ABS:ERP_COMP_Q(1.0.0),10,AUS,Q,2020-Q2,25649.2,,,,
ABS:ERP_COMP_Q(1.0.0),10,AUS,Q,2020-Q3,25633.3,,,,
ABS:ERP_COMP_Q(1.0.0),10,AUS,Q,2020-Q4,25630.7,,,,
ABS:ERP_COMP_Q(1.0.0),10,AUS,Q,2021-Q1,25653,,,,
ABS:ERP_COMP_Q(1.0.0),10,AUS,Q,2021-Q2,25685.4,,,,
ABS:ERP_COMP_Q(1.0.0),10,AUS,Q,2021-Q3,25704.8,,,,
ABS:ERP_COMP_Q(1.0.0),10,AUS,Q,2021-Q4,25773.8,,,,
ABS:ERP_COMP_Q(1.0.0),10,AUS,Q,2022-Q1,25913,,,,
ABS:ERP_COMP_Q(1.0.0),10,AUS,Q,2022-Q2,26018.7,,,,
ABS:ERP_COMP_Q(1.0.0),10,AUS,Q,2022-Q3,26169.3,,,,
ABS:ERP_COMP_Q(1.0.0),10,AUS,Q,2022-Q4,26320.3,,,,
ABS:ERP_COMP_Q(1.0.0),10,AUS,Q,2023-Q1,26514.3,,,,
ABS:ERP_COMP_Q(1.0.0),10,AUS,Q,2023-Q2,26659.9,,,,
ABS:ERP_COMP_Q(1.0.0),10,AUS,Q,2023-Q3,26831.1,,,,
ABS:ERP_COMP_Q(1.0.0),10,AUS,Q,2023-Q4,26956.7,,,,
ABS:ERP_COMP_Q(1.0.0),10,AUS,Q,2024-Q1,27113.5,,,,
ABS:ERP_COMP_Q(1.0.0),10,AUS,Q,2024-Q2,27194.3,,,,
ABS:ERP_COMP_Q(1.0.0),10,AUS,Q,2024-Q3,27301.1,,,,
ABS:ERP_COMP_Q(1.0.0),10,AUS,Q,2024-Q4,27388.5,,,,
ABS:ERP_COMP_Q(1.0.0),10,AUS,Q,2025-Q1,27529.8,,,,
ABS:ERP_COMP_Q(1.0.0),10,AUS,Q,2025-Q2,27611,,,,
ABS:ERP_COMP_Q(1.0.0),10,AUS,Q,2025-Q3,27722.4,,,,
ABS:ERP_COMP_Q(1.0.0),10,AUS,Q,2025-Q4,27801,,,,
ABS:ERP_COMP_Q(1.0.0),3,1,Q,1981-Q2,11.5,,,,
ABS:ERP_COMP_Q(1.0.0),3,1,Q,1981-Q3,9.6,,,,
ABS:ERP_COMP_Q(1.0.0),3,1,Q,1981-Q4,9.2,,,,
ABS:ERP_COMP_Q(1.0.0),3,1,Q,1982-Q1,11.1,,,,
ABS:ERP_COMP_Q(1.0.0),3,1,Q,1982-Q2,11.1,,,,
ABS:ERP_COMP_Q(1.0.0),3,1,Q,1982-Q3,8.3,,,,
ABS:ERP_COMP_Q(1.0.0),3,1,Q,1982-Q4,10.9,,,,
ABS:ERP_COMP_Q(1.0.0),3,1,Q,1983-Q1,12.6,,,,
ABS:ERP_COMP_Q(1.0.0),3,1,Q,1983-Q2,11,,,,
ABS:ERP_COMP_Q(1.0.0),3,1,Q,1983-Q3,9,,,,
ABS:ERP_COMP_Q(1.0.0),3,1,Q,1983-Q4,10.1,,,,
ABS:ERP_COMP_Q(1.0.0),3,1,Q,1984-Q1,11.6,,,,
ABS:ERP_COMP_Q(1.0.0),3,1,Q,1984-Q2,10.6,,,,
ABS:ERP_COMP_Q(1.0.0),3,1,Q,1984-Q3,9,,,,
ABS:ERP_COMP_Q(1.0.0),3,1,Q,1984-Q4,10,,,,
ABS:ERP_COMP_Q(1.0.0),3,1,Q,1985-Q1,12.5,,,,
ABS:ERP_COMP_Q(1.0.0),3,1,Q,1985-Q2,10.4,,,,
ABS:ERP_COMP_Q(1.0.0),3,1,Q,1985-Q3,7.9,,,,
ABS:ERP_COMP_Q(1.0.0),3,1,Q,1985-Q4,10.2,,,,
ABS:ERP_COMP_Q(1.0.0),3,1,Q,1986-Q1,11.6,,,,
ABS:ERP_COMP_Q(1.0.0),3,1,Q,1986-Q2,9.6,,,,
ABS:ERP_COMP_Q(1.0.0),3,1,Q,1986-Q3,8.4,,,,
ABS:ERP_COMP_Q(1.0.0),3,1,Q,1986-Q4,12.7,,,,
ABS:ERP_COMP_Q(1.0.0),3,1,Q,1987-Q1,9.8,,,,
ABS:ERP_COMP_Q(1.0.0),3,1,Q,1987-Q2,10.4,,,,
ABS:ERP_COMP_Q(1.0.0),3,1,Q,1987-Q3,9.5,,,,
ABS:ERP_COMP_Q(1.0.0),3,1,Q,1987-Q4,14.2,,,,
ABS:ERP_COMP_Q(1.0.0),3,1,Q,1988-Q1,8.5,,,,
ABS:ERP_COMP_Q(1.0.0),3,1,Q,1988-Q2,9.8,,,,
ABS:ERP_COMP_Q(1.0.0),3,1,Q,1988-Q3,9.1,,,,
ABS:ERP_COMP_Q(1.0.0),3,1,Q,1988-Q4,12.6,,,,
ABS:ERP_COMP_Q(1.0.0),3,1,Q,1989-Q1,12.2,,,,
ABS:ERP_COMP_Q(1.0.0),3,1,Q,1989-Q2,10.6,,,,
ABS:ERP_COMP_Q(1.0.0),3,1,Q,1989-Q3,5.7,,,,
ABS:ERP_COMP_Q(1.0.0),3,1,Q,1989-Q4,12.2,,,,
ABS:ERP_COMP_Q(1.0.0),3,1,Q,1990-Q1,10.1,,,,
ABS:ERP_COMP_Q(1.0.0),3,1,Q,1990-Q2,13.6,,,,
ABS:ERP_COMP_Q(1.0.0),3,1,Q,1990-Q3,10.3,,,,
ABS:ERP_COMP_Q(1.0.0),3,1,Q,1990-Q4,12.6,,,,
ABS:ERP_COMP_Q(1.0.0),3,1,Q,1991-Q1,11.6,,,,
ABS:ERP_COMP_Q(1.0.0),3,1,Q,1991-Q2,12.5,,,,
ABS:ERP_COMP_Q(1.0.0),3,1,Q,1991-Q3,10.5,,,,
ABS:ERP_COMP_Q(1.0.0),3,1,Q,1991-Q4,11.3,,,,
ABS:ERP_COMP_Q(1.0.0),3,1,Q,1992-Q1,13.1,,,,
ABS:ERP_COMP_Q(1.0.0),3,1,Q,1992-Q2,11.1,,,,
ABS:ERP_COMP_Q(1.0.0),3,1,Q,1992-Q3,11.1,,,,
ABS:ERP_COMP_Q(1.0.0),3,1,Q,1992-Q4,11.6,,,,
ABS:ERP_COMP_Q(1.0.0),3,1,Q,1993-Q1,12.7,,,,
ABS:ERP_COMP_Q(1.0.0),3,1,Q,1993-Q2,11.4,,,,
ABS:ERP_COMP_Q(1.0.0),3,1,Q,1993-Q3,10.7,,,,
ABS:ERP_COMP_Q(1.0.0),3,1,Q,1993-Q4,11.4,,,,
ABS:ERP_COMP_Q(1.0.0),3,1,Q,1994-Q1,12.4,,,,
ABS:ERP_COMP_Q(1.0.0),3,1,Q,1994-Q2,10.4,,,,
ABS:ERP_COMP_Q(1.0.0),3,1,Q,1994-Q3,9.5,,,,
ABS:ERP_COMP_Q(1.0.0),3,1,Q,1994-Q4,11.1,,,,
ABS:ERP_COMP_Q(1.0.0),3,1,Q,1995-Q1,11.9,,,,
ABS:ERP_COMP_Q(1.0.0),3,1,Q,1995-Q2,10.6,,,,
ABS:ERP_COMP_Q(1.0.0),3,1,Q,1995-Q3,9.6,,,,
ABS:ERP_COMP_Q(1.0.0),3,1,Q,1995-Q4,10.2,,,,
ABS:ERP_COMP_Q(1.0.0),3,1,Q,1996-Q1,11,,,,
ABS:ERP_COMP_Q(1.0.0),3,1,Q,1996-Q2,10,,,,
ABS:ERP_COMP_Q(1.0.0),3,1,Q,1996-Q3,9.2,,,,
ABS:ERP_COMP_Q(1.0.0),3,1,Q,1996-Q4,12.1,,,,
ABS:ERP_COMP_Q(1.0.0),3,1,Q,1997-Q1,11.2,,,,
ABS:ERP_COMP_Q(1.0.0),3,1,Q,1997-Q2,10.8,,,,
ABS:ERP_COMP_Q(1.0.0),3,1,Q,1997-Q3,8.5,,,,
ABS:ERP_COMP_Q(1.0.0),3,1,Q,1997-Q4,11,,,,
ABS:ERP_COMP_Q(1.0.0),3,1,Q,1998-Q1,10.5,,,,
ABS:ERP_COMP_Q(1.0.0),3,1,Q,1998-Q2,10,,,,
ABS:ERP_COMP_Q(1.0.0),3,1,Q,1998-Q3,9.2,,,,
ABS:ERP_COMP_Q(1.0.0),3,1,Q,1998-Q4,10.9,,,,
ABS:ERP_COMP_Q(1.0.0),3,1,Q,1999-Q1,10.9,,,,
ABS:ERP_COMP_Q(1.0.0),3,1,Q,1999-Q2,10.3,,,,
ABS:ERP_COMP_Q(1.0.0),3,1,Q,1999-Q3,9.7,,,,
ABS:ERP_COMP_Q(1.0.0),3,1,Q,1999-Q4,10.4,,,,
ABS:ERP_COMP_Q(1.0.0),3,1,Q,2000-Q1,11.4,,,,
ABS:ERP_COMP_Q(1.0.0),3,1,Q,2000-Q2,10.5,,,,
ABS:ERP_COMP_Q(1.0.0),3,1,Q,2000-Q3,9.1,,,,
ABS:ERP_COMP_Q(1.0.0),3,1,Q,2000-Q4,11.4,,,,
ABS:ERP_COMP_Q(1.0.0),3,1,Q,2001-Q1,10.9,,,,
ABS:ERP_COMP_Q(1.0.0),3,1,Q,2001-Q2,10,,,,
ABS:ERP_COMP_Q(1.0.0),3,1,Q,2001-Q3,9.5,,,,
ABS:ERP_COMP_Q(1.0.0),3,1,Q,2001-Q4,9.8,,,,
ABS:ERP_COMP_Q(1.0.0),3,1,Q,2002-Q1,11.4,,,,
ABS:ERP_COMP_Q(1.0.0),3,1,Q,2002-Q2,9.4,,,,
ABS:ERP_COMP_Q(1.0.0),3,1,Q,2002-Q3,8.5,,,,
ABS:ERP_COMP_Q(1.0.0),3,1,Q,2002-Q4,10.6,,,,
ABS:ERP_COMP_Q(1.0.0),3,1,Q,2003-Q1,10.8,,,,
ABS:ERP_COMP_Q(1.0.0),3,1,Q,2003-Q2,10.1,,,,
ABS:ERP_COMP_Q(1.0.0),3,1,Q,2003-Q3,8.9,,,,
ABS:ERP_COMP_Q(1.0.0),3,1,Q,2003-Q4,10.2,,,,
ABS:ERP_COMP_Q(1.0.0),3,1,Q,2004-Q1,11.4,,,,
ABS:ERP_COMP_Q(1.0.0),3,1,Q,2004-Q2,9,,,,
ABS:ERP_COMP_Q(1.0.0),3,1,Q,2004-Q3,8.6,,,,
ABS:ERP_COMP_Q(1.0.0),3,1,Q,2004-Q4,9.9,,,,
ABS:ERP_COMP_Q(1.0.0),3,1,Q,2005-Q1,11.7,,,,
ABS:ERP_COMP_Q(1.0.0),3,1,Q,2005-Q2,11.2,,,,
ABS:ERP_COMP_Q(1.0.0),3,1,Q,2005-Q3,10.5,,,,
ABS:ERP_COMP_Q(1.0.0),3,1,Q,2005-Q4,11.2,,,,
ABS:ERP_COMP_Q(1.0.0),3,1,Q,2006-Q1,10,,,,
ABS:ERP_COMP_Q(1.0.0),3,1,Q,2006-Q2,10.8,,,,
ABS:ERP_COMP_Q(1.0.0),3,1,Q,2006-Q3,11.6,,,,
ABS:ERP_COMP_Q(1.0.0),3,1,Q,2006-Q4,12.3,,,,
ABS:ERP_COMP_Q(1.0.0),3,1,Q,2007-Q1,13.7,,,,
ABS:ERP_COMP_Q(1.0.0),3,1,Q,2007-Q2,12.6,,,,
ABS:ERP_COMP_Q(1.0.0),3,1,Q,2007-Q3,11.3,,,,
ABS:ERP_COMP_Q(1.0.0),3,1,Q,2007-Q4,12.6,,,,
ABS:ERP_COMP_Q(1.0.0),3,1,Q,2008-Q1,13.7,,,,
ABS:ERP_COMP_Q(1.0.0),3,1,Q,2008-Q2,12,,,,
ABS:ERP_COMP_Q(1.0.0),3,1,Q,2008-Q3,11.3,,,,
ABS:ERP_COMP_Q(1.0.0),3,1,Q,2008-Q4,13.6,,,,
ABS:ERP_COMP_Q(1.0.0),3,1,Q,2009-Q1,13.3,,,,
ABS:ERP_COMP_Q(1.0.0),3,1,Q,2009-Q2,12.3,,,,
ABS:ERP_COMP_Q(1.0.0),3,1,Q,2009-Q3,12.5,,,,
ABS:ERP_COMP_Q(1.0.0),3,1,Q,2009-Q4,13.4,,,,
ABS:ERP_COMP_Q(1.0.0),3,1,Q,2010-Q1,13.9,,,,
ABS:ERP_COMP_Q(1.0.0),3,1,Q,2010-Q2,13.3,,,,
ABS:ERP_COMP_Q(1.0.0),3,1,Q,2010-Q3,12.2,,,,
ABS:ERP_COMP_Q(1.0.0),3,1,Q,2010-Q4,11.9,,,,
ABS:ERP_COMP_Q(1.0.0),3,1,Q,2011-Q1,13.7,,,,
ABS:ERP_COMP_Q(1.0.0),3,1,Q,2011-Q2,12.2,,,,
ABS:ERP_COMP_Q(1.0.0),3,1,Q,2011-Q3,11.1,,,,
ABS:ERP_COMP_Q(1.0.0),3,1,Q,2011-Q4,11.7,,,,
ABS:ERP_COMP_Q(1.0.0),3,1,Q,2012-Q1,13.7,,,,
ABS:ERP_COMP_Q(1.0.0),3,1,Q,2012-Q2,11.9,,,,
ABS:ERP_COMP_Q(1.0.0),3,1,Q,2012-Q3,11.1,,,,
ABS:ERP_COMP_Q(1.0.0),3,1,Q,2012-Q4,13.4,,,,
ABS:ERP_COMP_Q(1.0.0),3,1,Q,2013-Q1,13.3,,,,
ABS:ERP_COMP_Q(1.0.0),3,1,Q,2013-Q2,11.9,,,,
ABS:ERP_COMP_Q(1.0.0),3,1,Q,2013-Q3,10.3,,,,
ABS:ERP_COMP_Q(1.0.0),3,1,Q,2013-Q4,11.7,,,,
ABS:ERP_COMP_Q(1.0.0),3,1,Q,2014-Q1,12.3,,,,
ABS:ERP_COMP_Q(1.0.0),3,1,Q,2014-Q2,11.1,,,,
ABS:ERP_COMP_Q(1.0.0),3,1,Q,2014-Q3,10,,,,
ABS:ERP_COMP_Q(1.0.0),3,1,Q,2014-Q4,12,,,,
ABS:ERP_COMP_Q(1.0.0),3,1,Q,2015-Q1,12.5,,,,
ABS:ERP_COMP_Q(1.0.0),3,1,Q,2015-Q2,10.5,,,,
ABS:ERP_COMP_Q(1.0.0),3,1,Q,2015-Q3,10.2,,,,
ABS:ERP_COMP_Q(1.0.0),3,1,Q,2015-Q4,11.5,,,,
ABS:ERP_COMP_Q(1.0.0),3,1,Q,2016-Q1,12.7,,,,
ABS:ERP_COMP_Q(1.0.0),3,1,Q,2016-Q2,11.8,,,,
ABS:ERP_COMP_Q(1.0.0),3,1,Q,2016-Q3,10.3,,,,
ABS:ERP_COMP_Q(1.0.0),3,1,Q,2016-Q4,11.3,,,,
ABS:ERP_COMP_Q(1.0.0),3,1,Q,2017-Q1,12.4,,,,
ABS:ERP_COMP_Q(1.0.0),3,1,Q,2017-Q2,10.7,,,,
ABS:ERP_COMP_Q(1.0.0),3,1,Q,2017-Q3,8.5,,,,
ABS:ERP_COMP_Q(1.0.0),3,1,Q,2017-Q4,10.9,,,,
ABS:ERP_COMP_Q(1.0.0),3,1,Q,2018-Q1,12.5,,,,
ABS:ERP_COMP_Q(1.0.0),3,1,Q,2018-Q2,11.4,,,,
ABS:ERP_COMP_Q(1.0.0),3,1,Q,2018-Q3,10.5,,,,
ABS:ERP_COMP_Q(1.0.0),3,1,Q,2018-Q4,11.4,,,,
ABS:ERP_COMP_Q(1.0.0),3,1,Q,2019-Q1,12,,,,
ABS:ERP_COMP_Q(1.0.0),3,1,Q,2019-Q2,10.8,,,,
ABS:ERP_COMP_Q(1.0.0),3,1,Q,2019-Q3,10,,,,
ABS:ERP_COMP_Q(1.0.0),3,1,Q,2019-Q4,11,,,,
ABS:ERP_COMP_Q(1.0.0),3,1,Q,2020-Q1,11.3,,,,
ABS:ERP_COMP_Q(1.0.0),3,1,Q,2020-Q2,10.3,,,,
ABS:ERP_COMP_Q(1.0.0),3,1,Q,2020-Q3,9.8,,,,
ABS:ERP_COMP_Q(1.0.0),3,1,Q,2020-Q4,9.8,,,,
ABS:ERP_COMP_Q(1.0.0),3,1,Q,2021-Q1,13.1,,,,
ABS:ERP_COMP_Q(1.0.0),3,1,Q,2021-Q2,11.4,,,,
ABS:ERP_COMP_Q(1.0.0),3,1,Q,2021-Q3,10.2,,,,
ABS:ERP_COMP_Q(1.0.0),3,1,Q,2021-Q4,11.4,,,,
ABS:ERP_COMP_Q(1.0.0),3,1,Q,2022-Q1,9.8,,,,
ABS:ERP_COMP_Q(1.0.0),3,1,Q,2022-Q2,8.4,,,,
ABS:ERP_COMP_Q(1.0.0),3,1,Q,2022-Q3,6.5,,,,
ABS:ERP_COMP_Q(1.0.0),3,1,Q,2022-Q4,8.3,,,,
ABS:ERP_COMP_Q(1.0.0),3,1,Q,2023-Q1,9,,,,
ABS:ERP_COMP_Q(1.0.0),3,1,Q,2023-Q2,7.8,,,,
ABS:ERP_COMP_Q(1.0.0),3,1,Q,2023-Q3,8.1,,,,
ABS:ERP_COMP_Q(1.0.0),3,1,Q,2023-Q4,7.9,,,,
ABS:ERP_COMP_Q(1.0.0),3,1,Q,2024-Q1,8.9,,,,
ABS:ERP_COMP_Q(1.0.0),3,1,Q,2024-Q2,7.4,,,,
ABS:ERP_COMP_Q(1.0.0),3,1,Q,2024-Q3,6.2,,,,
ABS:ERP_COMP_Q(1.0.0),3,1,Q,2024-Q4,7.4,,,,
ABS:ERP_COMP_Q(1.0.0),3,1,Q,2025-Q1,10.5,,,,
ABS:ERP_COMP_Q(1.0.0),3,1,Q,2025-Q2,10.4,,,,
ABS:ERP_COMP_Q(1.0.0),3,1,Q,2025-Q3,7.7,,,,
ABS:ERP_COMP_Q(1.0.0),3,1,Q,2025-Q4,6.5,,,,
ABS:ERP_COMP_Q(1.0.0),9,5,Q,1981-Q2,3.8,,,,
ABS:ERP_COMP_Q(1.0.0),9,5,Q,1981-Q3,5.1,,,,
ABS:ERP_COMP_Q(1.0.0),9,5,Q,1981-Q4,4.4,,,,
ABS:ERP_COMP_Q(1.0.0),9,5,Q,1982-Q1,4.6,,,,
ABS:ERP_COMP_Q(1.0.0),9,5,Q,1982-Q2,4.1,,,,
ABS:ERP_COMP_Q(1.0.0),9,5,Q,1982-Q3,4.6,,,,
ABS:ERP_COMP_Q(1.0.0),9,5,Q,1982-Q4,2.4,,,,
ABS:ERP_COMP_Q(1.0.0),9,5,Q,1983-Q1,2.4,,,,
ABS:ERP_COMP_Q(1.0.0),9,5,Q,1983-Q2,1.9,,,,
ABS:ERP_COMP_Q(1.0.0),9,5,Q,1983-Q3,1.6,,,,
ABS:ERP_COMP_Q(1.0.0),9,5,Q,1983-Q4,1,,,,
ABS:ERP_COMP_Q(1.0.0),9,5,Q,1984-Q1,0.9,,,,
ABS:ERP_COMP_Q(1.0.0),9,5,Q,1984-Q2,0.8,,,,
ABS:ERP_COMP_Q(1.0.0),9,5,Q,1984-Q3,1.7,,,,
ABS:ERP_COMP_Q(1.0.0),9,5,Q,1984-Q4,1.8,,,,
ABS:ERP_COMP_Q(1.0.0),9,5,Q,1985-Q1,2.4,,,,
ABS:ERP_COMP_Q(1.0.0),9,5,Q,1985-Q2,2,,,,
ABS:ERP_COMP_Q(1.0.0),9,5,Q,1985-Q3,2.8,,,,
ABS:ERP_COMP_Q(1.0.0),9,5,Q,1985-Q4,3.4,,,,
ABS:ERP_COMP_Q(1.0.0),9,5,Q,1986-Q1,3.2,,,,
ABS:ERP_COMP_Q(1.0.0),9,5,Q,1986-Q2,3.5,,,,
ABS:ERP_COMP_Q(1.0.0),9,5,Q,1986-Q3,4.2,,,,
ABS:ERP_COMP_Q(1.0.0),9,5,Q,1986-Q4,4.5,,,,
ABS:ERP_COMP_Q(1.0.0),9,5,Q,1987-Q1,4.8,,,,
ABS:ERP_COMP_Q(1.0.0),9,5,Q,1987-Q2,3.8,,,,
ABS:ERP_COMP_Q(1.0.0),9,5,Q,1987-Q3,4.8,,,,
ABS:ERP_COMP_Q(1.0.0),9,5,Q,1987-Q4,4.2,,,,
ABS:ERP_COMP_Q(1.0.0),9,5,Q,1988-Q1,6.9,,,,
ABS:ERP_COMP_Q(1.0.0),9,5,Q,1988-Q2,5,,,,
ABS:ERP_COMP_Q(1.0.0),9,5,Q,1988-Q3,8.1,,,,
ABS:ERP_COMP_Q(1.0.0),9,5,Q,1988-Q4,6.1,,,,
ABS:ERP_COMP_Q(1.0.0),9,5,Q,1989-Q1,6.8,,,,
ABS:ERP_COMP_Q(1.0.0),9,5,Q,1989-Q2,3.3,,,,
ABS:ERP_COMP_Q(1.0.0),9,5,Q,1989-Q3,5,,,,
ABS:ERP_COMP_Q(1.0.0),9,5,Q,1989-Q4,3.7,,,,
ABS:ERP_COMP_Q(1.0.0),9,5,Q,1990-Q1,4.9,,,,
ABS:ERP_COMP_Q(1.0.0),9,5,Q,1990-Q2,3.2,,,,
ABS:ERP_COMP_Q(1.0.0),9,5,Q,1990-Q3,3,,,,
ABS:ERP_COMP_Q(1.0.0),9,5,Q,1990-Q4,1.7,,,,
ABS:ERP_COMP_Q(1.0.0),9,5,Q,1991-Q1,4.2,,,,
ABS:ERP_COMP_Q(1.0.0),9,5,Q,1991-Q2,1.7,,,,
ABS:ERP_COMP_Q(1.0.0),9,5,Q,1991-Q3,3,,,,
ABS:ERP_COMP_Q(1.0.0),9,5,Q,1991-Q4,0.9,,,,
ABS:ERP_COMP_Q(1.0.0),9,5,Q,1992-Q1,2.9,,,,
ABS:ERP_COMP_Q(1.0.0),9,5,Q,1992-Q2,0.9,,,,
ABS:ERP_COMP_Q(1.0.0),9,5,Q,1992-Q3,1.8,,,,
ABS:ERP_COMP_Q(1.0.0),9,5,Q,1992-Q4,0.3,,,,
ABS:ERP_COMP_Q(1.0.0),9,5,Q,1993-Q1,2.9,,,,
ABS:ERP_COMP_Q(1.0.0),9,5,Q,1993-Q2,-0.4,,,,
ABS:ERP_COMP_Q(1.0.0),9,5,Q,1993-Q3,2.2,,,,
ABS:ERP_COMP_Q(1.0.0),9,5,Q,1993-Q4,0.9,,,,
ABS:ERP_COMP_Q(1.0.0),9,5,Q,1994-Q1,3,,,,
ABS:ERP_COMP_Q(1.0.0),9,5,Q,1994-Q2,0.7,,,,
ABS:ERP_COMP_Q(1.0.0),9,5,Q,1994-Q3,3.6,,,,
ABS:ERP_COMP_Q(1.0.0),9,5,Q,1994-Q4,0.8,,,,
ABS:ERP_COMP_Q(1.0.0),9,5,Q,1995-Q1,3.3,,,,
ABS:ERP_COMP_Q(1.0.0),9,5,Q,1995-Q2,2.9,,,,
ABS:ERP_COMP_Q(1.0.0),9,5,Q,1995-Q3,3.7,,,,
ABS:ERP_COMP_Q(1.0.0),9,5,Q,1995-Q4,3.2,,,,
ABS:ERP_COMP_Q(1.0.0),9,5,Q,1996-Q1,3.2,,,,
ABS:ERP_COMP_Q(1.0.0),9,5,Q,1996-Q2,2.3,,,,
ABS:ERP_COMP_Q(1.0.0),9,5,Q,1996-Q3,4,,,,
ABS:ERP_COMP_Q(1.0.0),9,5,Q,1996-Q4,2.9,,,,
ABS:ERP_COMP_Q(1.0.0),9,5,Q,1997-Q1,4.3,,,,
ABS:ERP_COMP_Q(1.0.0),9,5,Q,1997-Q2,1.1,,,,
ABS:ERP_COMP_Q(1.0.0),9,5,Q,1997-Q3,3,,,,
ABS:ERP_COMP_Q(1.0.0),9,5,Q,1997-Q4,2.4,,,,
ABS:ERP_COMP_Q(1.0.0),9,5,Q,1998-Q1,5,,,,
ABS:ERP_COMP_Q(1.0.0),9,5,Q,1998-Q2,1.6,,,,
ABS:ERP_COMP_Q(1.0.0),9,5,Q,1998-Q3,4.2,,,,
ABS:ERP_COMP_Q(1.0.0),9,5,Q,1998-Q4,2.3,,,,
ABS:ERP_COMP_Q(1.0.0),9,5,Q,1999-Q1,4.6,,,,
ABS:ERP_COMP_Q(1.0.0),9,5,Q,1999-Q2,2.3,,,,
ABS:ERP_COMP_Q(1.0.0),9,5,Q,1999-Q3,5.5,,,,
ABS:ERP_COMP_Q(1.0.0),9,5,Q,1999-Q4,1.6,,,,
ABS:ERP_COMP_Q(1.0.0),9,5,Q,2000-Q1,5.1,,,,
ABS:ERP_COMP_Q(1.0.0),9,5,Q,2000-Q2,1.8,,,,
ABS:ERP_COMP_Q(1.0.0),9,5,Q,2000-Q3,4.1,,,,
ABS:ERP_COMP_Q(1.0.0),9,5,Q,2000-Q4,3.9,,,,
ABS:ERP_COMP_Q(1.0.0),9,5,Q,2001-Q1,5.7,,,,
ABS:ERP_COMP_Q(1.0.0),9,5,Q,2001-Q2,2.5,,,,
ABS:ERP_COMP_Q(1.0.0),9,5,Q,2001-Q3,3.9,,,,
ABS:ERP_COMP_Q(1.0.0),9,5,Q,2001-Q4,4.2,,,,
ABS:ERP_COMP_Q(1.0.0),9,5,Q,2002-Q1,4.9,,,,
ABS:ERP_COMP_Q(1.0.0),9,5,Q,2002-Q2,1.9,,,,
ABS:ERP_COMP_Q(1.0.0),9,5,Q,2002-Q3,3,,,,
ABS:ERP_COMP_Q(1.0.0),9,5,Q,2002-Q4,3.9,,,,
ABS:ERP_COMP_Q(1.0.0),9,5,Q,2003-Q1,5.7,,,,
ABS:ERP_COMP_Q(1.0.0),9,5,Q,2003-Q2,3,,,,
ABS:ERP_COMP_Q(1.0.0),9,5,Q,2003-Q3,4,,,,
ABS:ERP_COMP_Q(1.0.0),9,5,Q,2003-Q4,4,,,,
ABS:ERP_COMP_Q(1.0.0),9,5,Q,2004-Q1,4,,,,
ABS:ERP_COMP_Q(1.0.0),9,5,Q,2004-Q2,1.7,,,,
ABS:ERP_COMP_Q(1.0.0),9,5,Q,2004-Q3,3.9,,,,
ABS:ERP_COMP_Q(1.0.0),9,5,Q,2004-Q4,4.4,,,,
ABS:ERP_COMP_Q(1.0.0),9,5,Q,2005-Q1,6.1,,,,
ABS:ERP_COMP_Q(1.0.0),9,5,Q,2005-Q2,2.7,,,,
ABS:ERP_COMP_Q(1.0.0),9,5,Q,2005-Q3,5.1,,,,
ABS:ERP_COMP_Q(1.0.0),9,5,Q,2005-Q4,6,,,,
ABS:ERP_COMP_Q(1.0.0),9,5,Q,2006-Q1,7.5,,,,
ABS:ERP_COMP_Q(1.0.0),9,5,Q,2006-Q2,3.8,,,,
ABS:ERP_COMP_Q(1.0.0),9,5,Q,2006-Q3,7.7,,,,
ABS:ERP_COMP_Q(1.0.0),9,5,Q,2006-Q4,7.2,,,,
ABS:ERP_COMP_Q(1.0.0),9,5,Q,2007-Q1,10.3,,,,
ABS:ERP_COMP_Q(1.0.0),9,5,Q,2007-Q2,6.2,,,,
ABS:ERP_COMP_Q(1.0.0),9,5,Q,2007-Q3,9.2,,,,
ABS:ERP_COMP_Q(1.0.0),9,5,Q,2007-Q4,8.7,,,,
ABS:ERP_COMP_Q(1.0.0),9,5,Q,2008-Q1,13.4,,,,
ABS:ERP_COMP_Q(1.0.0),9,5,Q,2008-Q2,9.8,,,,
ABS:ERP_COMP_Q(1.0.0),9,5,Q,2008-Q3,13.7,,,,
ABS:ERP_COMP_Q(1.0.0),9,5,Q,2008-Q4,11.2,,,,
ABS:ERP_COMP_Q(1.0.0),9,5,Q,2009-Q1,13,,,,
ABS:ERP_COMP_Q(1.0.0),9,5,Q,2009-Q2,6.4,,,,
ABS:ERP_COMP_Q(1.0.0),9,5,Q,2009-Q3,8.2,,,,
ABS:ERP_COMP_Q(1.0.0),9,5,Q,2009-Q4,5.3,,,,
ABS:ERP_COMP_Q(1.0.0),9,5,Q,2010-Q1,8.8,,,,
ABS:ERP_COMP_Q(1.0.0),9,5,Q,2010-Q2,6.6,,,,
ABS:ERP_COMP_Q(1.0.0),9,5,Q,2010-Q3,8.7,,,,
ABS:ERP_COMP_Q(1.0.0),9,5,Q,2010-Q4,7.8,,,,
ABS:ERP_COMP_Q(1.0.0),9,5,Q,2011-Q1,11.2,,,,
ABS:ERP_COMP_Q(1.0.0),9,5,Q,2011-Q2,8.7,,,,
ABS:ERP_COMP_Q(1.0.0),9,5,Q,2011-Q3,11.9,,,,
ABS:ERP_COMP_Q(1.0.0),9,5,Q,2011-Q4,11.4,,,,
ABS:ERP_COMP_Q(1.0.0),9,5,Q,2012-Q1,15.8,,,,
ABS:ERP_COMP_Q(1.0.0),9,5,Q,2012-Q2,11.6,,,,
ABS:ERP_COMP_Q(1.0.0),9,5,Q,2012-Q3,13.1,,,,
ABS:ERP_COMP_Q(1.0.0),9,5,Q,2012-Q4,9.5,,,,
ABS:ERP_COMP_Q(1.0.0),9,5,Q,2013-Q1,12.3,,,,
ABS:ERP_COMP_Q(1.0.0),9,5,Q,2013-Q2,7.3,,,,
ABS:ERP_COMP_Q(1.0.0),9,5,Q,2013-Q3,6.3,,,,
ABS:ERP_COMP_Q(1.0.0),9,5,Q,2013-Q4,3.2,,,,
ABS:ERP_COMP_Q(1.0.0),9,5,Q,2014-Q1,7.1,,,,
ABS:ERP_COMP_Q(1.0.0),9,5,Q,2014-Q2,2.1,,,,
ABS:ERP_COMP_Q(1.0.0),9,5,Q,2014-Q3,3.9,,,,
ABS:ERP_COMP_Q(1.0.0),9,5,Q,2014-Q4,2.3,,,,
ABS:ERP_COMP_Q(1.0.0),9,5,Q,2015-Q1,5.6,,,,
ABS:ERP_COMP_Q(1.0.0),9,5,Q,2015-Q2,2.2,,,,
ABS:ERP_COMP_Q(1.0.0),9,5,Q,2015-Q3,3.3,,,,
ABS:ERP_COMP_Q(1.0.0),9,5,Q,2015-Q4,1.6,,,,
ABS:ERP_COMP_Q(1.0.0),9,5,Q,2016-Q1,5.4,,,,
ABS:ERP_COMP_Q(1.0.0),9,5,Q,2016-Q2,1.4,,,,
ABS:ERP_COMP_Q(1.0.0),9,5,Q,2016-Q3,3.8,,,,
ABS:ERP_COMP_Q(1.0.0),9,5,Q,2016-Q4,1.4,,,,
ABS:ERP_COMP_Q(1.0.0),9,5,Q,2017-Q1,5.1,,,,
ABS:ERP_COMP_Q(1.0.0),9,5,Q,2017-Q2,1.6,,,,
ABS:ERP_COMP_Q(1.0.0),9,5,Q,2017-Q3,3.7,,,,
ABS:ERP_COMP_Q(1.0.0),9,5,Q,2017-Q4,1.2,,,,
ABS:ERP_COMP_Q(1.0.0),9,5,Q,2018-Q1,4.7,,,,
ABS:ERP_COMP_Q(1.0.0),9,5,Q,2018-Q2,2.3,,,,
ABS:ERP_COMP_Q(1.0.0),9,5,Q,2018-Q3,4.4,,,,
ABS:ERP_COMP_Q(1.0.0),9,5,Q,2018-Q4,3.1,,,,
ABS:ERP_COMP_Q(1.0.0),9,5,Q,2019-Q1,6.6,,,,
ABS:ERP_COMP_Q(1.0.0),9,5,Q,2019-Q2,3.3,,,,
ABS:ERP_COMP_Q(1.0.0),9,5,Q,2019-Q3,7.9,,,,
ABS:ERP_COMP_Q(1.0.0),9,5,Q,2019-Q4,7.6,,,,
ABS:ERP_COMP_Q(1.0.0),9,5,Q,2020-Q1,10,,,,
ABS:ERP_COMP_Q(1.0.0),9,5,Q,2020-Q2,-0.4,,,,
ABS:ERP_COMP_Q(1.0.0),9,5,Q,2020-Q3,-2.3,,,,
ABS:ERP_COMP_Q(1.0.0),9,5,Q,2020-Q4,-2.2,,,,
ABS:ERP_COMP_Q(1.0.0),9,5,Q,2021-Q1,-0.6,,,,
ABS:ERP_COMP_Q(1.0.0),9,5,Q,2021-Q2,0,,,,
ABS:ERP_COMP_Q(1.0.0),9,5,Q,2021-Q3,-0.6,,,,
ABS:ERP_COMP_Q(1.0.0),9,5,Q,2021-Q4,0.2,,,,
ABS:ERP_COMP_Q(1.0.0),9,5,Q,2022-Q1,7.2,,,,
ABS:ERP_COMP_Q(1.0.0),9,5,Q,2022-Q2,8.8,,,,
ABS:ERP_COMP_Q(1.0.0),9,5,Q,2022-Q3,14.9,,,,
ABS:ERP_COMP_Q(1.0.0),9,5,Q,2022-Q4,15.6,,,,
ABS:ERP_COMP_Q(1.0.0),9,5,Q,2023-Q1,21,,,,
ABS:ERP_COMP_Q(1.0.0),9,5,Q,2023-Q2,15.3,,,,
ABS:ERP_COMP_Q(1.0.0),9,5,Q,2023-Q3,18.8,,,,
ABS:ERP_COMP_Q(1.0.0),9,5,Q,2023-Q4,14.4,,,,
ABS:ERP_COMP_Q(1.0.0),9,5,Q,2024-Q1,17.7,,,,
ABS:ERP_COMP_Q(1.0.0),9,5,Q,2024-Q2,8.4,,,,
ABS:ERP_COMP_Q(1.0.0),9,5,Q,2024-Q3,11.7,,,,
ABS:ERP_COMP_Q(1.0.0),9,5,Q,2024-Q4,9.1,,,,
ABS:ERP_COMP_Q(1.0.0),9,5,Q,2025-Q1,13.9,,,,
ABS:ERP_COMP_Q(1.0.0),9,5,Q,2025-Q2,7.1,,,,
ABS:ERP_COMP_Q(1.0.0),9,5,Q,2025-Q3,11.6,,,,
ABS:ERP_COMP_Q(1.0.0),9,5,Q,2025-Q4,7.8,,,,
ABS:ERP_COMP_Q(1.0.0),5,AUS,Q,1981-Q2,78,,,,
ABS:ERP_COMP_Q(1.0.0),5,AUS,Q,1981-Q3,76.6,,,,
ABS:ERP_COMP_Q(1.0.0),5,AUS,Q,1981-Q4,65.9,,,,
ABS:ERP_COMP_Q(1.0.0),5,AUS,Q,1982-Q1,70.3,,,,
ABS:ERP_COMP_Q(1.0.0),5,AUS,Q,1982-Q2,81.7,,,,
ABS:ERP_COMP_Q(1.0.0),5,AUS,Q,1982-Q3,66.9,,,,
ABS:ERP_COMP_Q(1.0.0),5,AUS,Q,1982-Q4,58.7,,,,
ABS:ERP_COMP_Q(1.0.0),5,AUS,Q,1983-Q1,57.5,,,,
ABS:ERP_COMP_Q(1.0.0),5,AUS,Q,1983-Q2,71,,,,
ABS:ERP_COMP_Q(1.0.0),5,AUS,Q,1983-Q3,62.4,,,,
ABS:ERP_COMP_Q(1.0.0),5,AUS,Q,1983-Q4,52.4,,,,
ABS:ERP_COMP_Q(1.0.0),5,AUS,Q,1984-Q1,62.8,,,,
ABS:ERP_COMP_Q(1.0.0),5,AUS,Q,1984-Q2,67.3,,,,
ABS:ERP_COMP_Q(1.0.0),5,AUS,Q,1984-Q3,65.7,,,,
ABS:ERP_COMP_Q(1.0.0),5,AUS,Q,1984-Q4,58.9,,,,
ABS:ERP_COMP_Q(1.0.0),5,AUS,Q,1985-Q1,67.8,,,,
ABS:ERP_COMP_Q(1.0.0),5,AUS,Q,1985-Q2,74.5,,,,
ABS:ERP_COMP_Q(1.0.0),5,AUS,Q,1985-Q3,72.5,,,,
ABS:ERP_COMP_Q(1.0.0),5,AUS,Q,1985-Q4,67.6,,,,
ABS:ERP_COMP_Q(1.0.0),5,AUS,Q,1986-Q1,76.3,,,,
ABS:ERP_COMP_Q(1.0.0),5,AUS,Q,1986-Q2,77.8,,,,
ABS:ERP_COMP_Q(1.0.0),5,AUS,Q,1986-Q3,70.7,,,,
ABS:ERP_COMP_Q(1.0.0),5,AUS,Q,1986-Q4,65.3,,,,
ABS:ERP_COMP_Q(1.0.0),5,AUS,Q,1987-Q1,90.5,,,,
ABS:ERP_COMP_Q(1.0.0),5,AUS,Q,1987-Q2,73.9,,,,
ABS:ERP_COMP_Q(1.0.0),5,AUS,Q,1987-Q3,76.1,,,,
ABS:ERP_COMP_Q(1.0.0),5,AUS,Q,1987-Q4,72.9,,,,
ABS:ERP_COMP_Q(1.0.0),5,AUS,Q,1988-Q1,101.6,,,,
ABS:ERP_COMP_Q(1.0.0),5,AUS,Q,1988-Q2,83.9,,,,
ABS:ERP_COMP_Q(1.0.0),5,AUS,Q,1988-Q3,83.9,,,,
ABS:ERP_COMP_Q(1.0.0),5,AUS,Q,1988-Q4,77.1,,,,
ABS:ERP_COMP_Q(1.0.0),5,AUS,Q,1989-Q1,109.9,,,,
ABS:ERP_COMP_Q(1.0.0),5,AUS,Q,1989-Q2,94.9,,,,
ABS:ERP_COMP_Q(1.0.0),5,AUS,Q,1989-Q3,85.6,,,,
ABS:ERP_COMP_Q(1.0.0),5,AUS,Q,1989-Q4,72.6,,,,
ABS:ERP_COMP_Q(1.0.0),5,AUS,Q,1990-Q1,105.2,,,,
ABS:ERP_COMP_Q(1.0.0),5,AUS,Q,1990-Q2,84.3,,,,
ABS:ERP_COMP_Q(1.0.0),5,AUS,Q,1990-Q3,78.1,,,,
ABS:ERP_COMP_Q(1.0.0),5,AUS,Q,1990-Q4,72.8,,,,
ABS:ERP_COMP_Q(1.0.0),5,AUS,Q,1991-Q1,100.1,,,,
ABS:ERP_COMP_Q(1.0.0),5,AUS,Q,1991-Q2,79.7,,,,
ABS:ERP_COMP_Q(1.0.0),5,AUS,Q,1991-Q3,73.8,,,,
ABS:ERP_COMP_Q(1.0.0),5,AUS,Q,1991-Q4,73.5,,,,
ABS:ERP_COMP_Q(1.0.0),5,AUS,Q,1992-Q1,105.2,,,,
ABS:ERP_COMP_Q(1.0.0),5,AUS,Q,1992-Q2,80.1,,,,
ABS:ERP_COMP_Q(1.0.0),5,AUS,Q,1992-Q3,94.3,,,,
ABS:ERP_COMP_Q(1.0.0),5,AUS,Q,1992-Q4,86.3,,,,
ABS:ERP_COMP_Q(1.0.0),5,AUS,Q,1993-Q1,111.6,,,,
ABS:ERP_COMP_Q(1.0.0),5,AUS,Q,1993-Q2,79,,,,
ABS:ERP_COMP_Q(1.0.0),5,AUS,Q,1993-Q3,78.6,,,,
ABS:ERP_COMP_Q(1.0.0),5,AUS,Q,1993-Q4,70.4,,,,
ABS:ERP_COMP_Q(1.0.0),5,AUS,Q,1994-Q1,100.4,,,,
ABS:ERP_COMP_Q(1.0.0),5,AUS,Q,1994-Q2,80.1,,,,
ABS:ERP_COMP_Q(1.0.0),5,AUS,Q,1994-Q3,82.3,,,,
ABS:ERP_COMP_Q(1.0.0),5,AUS,Q,1994-Q4,73.6,,,,
ABS:ERP_COMP_Q(1.0.0),5,AUS,Q,1995-Q1,107.1,,,,
ABS:ERP_COMP_Q(1.0.0),5,AUS,Q,1995-Q2,96,,,,
ABS:ERP_COMP_Q(1.0.0),5,AUS,Q,1995-Q3,77.8,,,,
ABS:ERP_COMP_Q(1.0.0),5,AUS,Q,1995-Q4,80.1,,,,
ABS:ERP_COMP_Q(1.0.0),5,AUS,Q,1996-Q1,106.7,,,,
ABS:ERP_COMP_Q(1.0.0),5,AUS,Q,1996-Q2,84.8,,,,
ABS:ERP_COMP_Q(1.0.0),5,AUS,Q,1996-Q3,87.3,,,,
ABS:ERP_COMP_Q(1.0.0),5,AUS,Q,1996-Q4,103.7,,,,
ABS:ERP_COMP_Q(1.0.0),5,AUS,Q,1997-Q1,93.1,,,,
ABS:ERP_COMP_Q(1.0.0),5,AUS,Q,1997-Q2,90,,,,
ABS:ERP_COMP_Q(1.0.0),5,AUS,Q,1997-Q3,82.1,,,,
ABS:ERP_COMP_Q(1.0.0),5,AUS,Q,1997-Q4,103.7,,,,
ABS:ERP_COMP_Q(1.0.0),5,AUS,Q,1998-Q1,88.6,,,,
ABS:ERP_COMP_Q(1.0.0),5,AUS,Q,1998-Q2,89.4,,,,
ABS:ERP_COMP_Q(1.0.0),5,AUS,Q,1998-Q3,80.1,,,,
ABS:ERP_COMP_Q(1.0.0),5,AUS,Q,1998-Q4,102,,,,
ABS:ERP_COMP_Q(1.0.0),5,AUS,Q,1999-Q1,87.2,,,,
ABS:ERP_COMP_Q(1.0.0),5,AUS,Q,1999-Q2,89.2,,,,
ABS:ERP_COMP_Q(1.0.0),5,AUS,Q,1999-Q3,81.3,,,,
ABS:ERP_COMP_Q(1.0.0),5,AUS,Q,1999-Q4,103.1,,,,
ABS:ERP_COMP_Q(1.0.0),5,AUS,Q,2000-Q1,91.8,,,,
ABS:ERP_COMP_Q(1.0.0),5,AUS,Q,2000-Q2,91.3,,,,
ABS:ERP_COMP_Q(1.0.0),5,AUS,Q,2000-Q3,84.6,,,,
ABS:ERP_COMP_Q(1.0.0),5,AUS,Q,2000-Q4,110.5,,,,
ABS:ERP_COMP_Q(1.0.0),5,AUS,Q,2001-Q1,92.7,,,,
ABS:ERP_COMP_Q(1.0.0),5,AUS,Q,2001-Q2,93.1,,,,
ABS:ERP_COMP_Q(1.0.0),5,AUS,Q,2001-Q3,85.6,,,,
ABS:ERP_COMP_Q(1.0.0),5,AUS,Q,2001-Q4,103.3,,,,
ABS:ERP_COMP_Q(1.0.0),5,AUS,Q,2002-Q1,97.3,,,,
ABS:ERP_COMP_Q(1.0.0),5,AUS,Q,2002-Q2,97.9,,,,
ABS:ERP_COMP_Q(1.0.0),5,AUS,Q,2002-Q3,91.4,,,,
ABS:ERP_COMP_Q(1.0.0),5,AUS,Q,2002-Q4,112.9,,,,
ABS:ERP_COMP_Q(1.0.0),5,AUS,Q,2003-Q1,96.6,,,,
ABS:ERP_COMP_Q(1.0.0),5,AUS,Q,2003-Q2,97.7,,,,
ABS:ERP_COMP_Q(1.0.0),5,AUS,Q,2003-Q3,90,,,,
ABS:ERP_COMP_Q(1.0.0),5,AUS,Q,2003-Q4,108.3,,,,
ABS:ERP_COMP_Q(1.0.0),5,AUS,Q,2004-Q1,96.4,,,,
ABS:ERP_COMP_Q(1.0.0),5,AUS,Q,2004-Q2,91.8,,,,
ABS:ERP_COMP_Q(1.0.0),5,AUS,Q,2004-Q3,81.4,,,,
ABS:ERP_COMP_Q(1.0.0),5,AUS,Q,2004-Q4,100.7,,,,
ABS:ERP_COMP_Q(1.0.0),5,AUS,Q,2005-Q1,89.8,,,,
ABS:ERP_COMP_Q(1.0.0),5,AUS,Q,2005-Q2,87.1,,,,
ABS:ERP_COMP_Q(1.0.0),5,AUS,Q,2005-Q3,76.8,,,,
ABS:ERP_COMP_Q(1.0.0),5,AUS,Q,2005-Q4,97.5,,,,
ABS:ERP_COMP_Q(1.0.0),5,AUS,Q,2006-Q1,85.6,,,,
ABS:ERP_COMP_Q(1.0.0),5,AUS,Q,2006-Q2,82.9,,,,
ABS:ERP_COMP_Q(1.0.0),5,AUS,Q,2006-Q3,77.3,,,,
ABS:ERP_COMP_Q(1.0.0),5,AUS,Q,2006-Q4,99.4,,,,
ABS:ERP_COMP_Q(1.0.0),5,AUS,Q,2007-Q1,90.6,,,,
ABS:ERP_COMP_Q(1.0.0),5,AUS,Q,2007-Q2,91.9,,,,
ABS:ERP_COMP_Q(1.0.0),5,AUS,Q,2007-Q3,82,,,,
ABS:ERP_COMP_Q(1.0.0),5,AUS,Q,2007-Q4,98.9,,,,
ABS:ERP_COMP_Q(1.0.0),5,AUS,Q,2008-Q1,92.3,,,,
ABS:ERP_COMP_Q(1.0.0),5,AUS,Q,2008-Q2,88.2,,,,
ABS:ERP_COMP_Q(1.0.0),5,AUS,Q,2008-Q3,81.1,,,,
ABS:ERP_COMP_Q(1.0.0),5,AUS,Q,2008-Q4,103,,,,
ABS:ERP_COMP_Q(1.0.0),5,AUS,Q,2009-Q1,88.8,,,,
ABS:ERP_COMP_Q(1.0.0),5,AUS,Q,2009-Q2,87.6,,,,
ABS:ERP_COMP_Q(1.0.0),5,AUS,Q,2009-Q3,75.8,,,,
ABS:ERP_COMP_Q(1.0.0),5,AUS,Q,2009-Q4,91.7,,,,
ABS:ERP_COMP_Q(1.0.0),5,AUS,Q,2010-Q1,82,,,,
ABS:ERP_COMP_Q(1.0.0),5,AUS,Q,2010-Q2,82.4,,,,
ABS:ERP_COMP_Q(1.0.0),5,AUS,Q,2010-Q3,75.5,,,,
ABS:ERP_COMP_Q(1.0.0),5,AUS,Q,2010-Q4,95.5,,,,
ABS:ERP_COMP_Q(1.0.0),5,AUS,Q,2011-Q1,84.4,,,,
ABS:ERP_COMP_Q(1.0.0),5,AUS,Q,2011-Q2,83,,,,
ABS:ERP_COMP_Q(1.0.0),5,AUS,Q,2011-Q3,80.5,,,,
ABS:ERP_COMP_Q(1.0.0),5,AUS,Q,2011-Q4,102.9,,,,
ABS:ERP_COMP_Q(1.0.0),5,AUS,Q,2012-Q1,89.1,,,,
ABS:ERP_COMP_Q(1.0.0),5,AUS,Q,2012-Q2,85.4,,,,
ABS:ERP_COMP_Q(1.0.0),5,AUS,Q,2012-Q3,76.8,,,,
ABS:ERP_COMP_Q(1.0.0),5,AUS,Q,2012-Q4,88.1,,,,
ABS:ERP_COMP_Q(1.0.0),5,AUS,Q,2013-Q1,90.5,,,,
ABS:ERP_COMP_Q(1.0.0),5,AUS,Q,2013-Q2,90.1,,,,
ABS:ERP_COMP_Q(1.0.0),5,AUS,Q,2013-Q3,78.8,,,,
ABS:ERP_COMP_Q(1.0.0),5,AUS,Q,2013-Q4,100.7,,,,
ABS:ERP_COMP_Q(1.0.0),5,AUS,Q,2014-Q1,93.3,,,,
ABS:ERP_COMP_Q(1.0.0),5,AUS,Q,2014-Q2,84.9,,,,
ABS:ERP_COMP_Q(1.0.0),5,AUS,Q,2014-Q3,71.8,,,,
ABS:ERP_COMP_Q(1.0.0),5,AUS,Q,2014-Q4,94,,,,
ABS:ERP_COMP_Q(1.0.0),5,AUS,Q,2015-Q1,87.2,,,,
ABS:ERP_COMP_Q(1.0.0),5,AUS,Q,2015-Q2,91,,,,
ABS:ERP_COMP_Q(1.0.0),5,AUS,Q,2015-Q3,78.1,,,,
ABS:ERP_COMP_Q(1.0.0),5,AUS,Q,2015-Q4,99,,,,
ABS:ERP_COMP_Q(1.0.0),5,AUS,Q,2016-Q1,94.7,,,,
ABS:ERP_COMP_Q(1.0.0),5,AUS,Q,2016-Q2,100.1,,,,
ABS:ERP_COMP_Q(1.0.0),5,AUS,Q,2016-Q3,91.8,,,,
ABS:ERP_COMP_Q(1.0.0),5,AUS,Q,2016-Q4,124.6,,,,
ABS:ERP_COMP_Q(1.0.0),5,AUS,Q,2017-Q1,108.8,,,,
ABS:ERP_COMP_Q(1.0.0),5,AUS,Q,2017-Q2,110.2,,,,
ABS:ERP_COMP_Q(1.0.0),5,AUS,Q,2017-Q3,99.8,,,,
ABS:ERP_COMP_Q(1.0.0),5,AUS,Q,2017-Q4,128.4,,,,
ABS:ERP_COMP_Q(1.0.0),5,AUS,Q,2018-Q1,113.7,,,,
ABS:ERP_COMP_Q(1.0.0),5,AUS,Q,2018-Q2,114.5,,,,
ABS:ERP_COMP_Q(1.0.0),5,AUS,Q,2018-Q3,101.8,,,,
ABS:ERP_COMP_Q(1.0.0),5,AUS,Q,2018-Q4,134.8,,,,
ABS:ERP_COMP_Q(1.0.0),5,AUS,Q,2019-Q1,118.8,,,,
ABS:ERP_COMP_Q(1.0.0),5,AUS,Q,2019-Q2,120.8,,,,
ABS:ERP_COMP_Q(1.0.0),5,AUS,Q,2019-Q3,105.5,,,,
ABS:ERP_COMP_Q(1.0.0),5,AUS,Q,2019-Q4,131.3,,,,
ABS:ERP_COMP_Q(1.0.0),5,AUS,Q,2020-Q1,93,,,,
ABS:ERP_COMP_Q(1.0.0),5,AUS,Q,2020-Q2,91,,,,
ABS:ERP_COMP_Q(1.0.0),5,AUS,Q,2020-Q3,64.9,,,,
ABS:ERP_COMP_Q(1.0.0),5,AUS,Q,2020-Q4,89.1,,,,
ABS:ERP_COMP_Q(1.0.0),5,AUS,Q,2021-Q1,87.3,,,,
ABS:ERP_COMP_Q(1.0.0),5,AUS,Q,2021-Q2,124.2,,,,
ABS:ERP_COMP_Q(1.0.0),5,AUS,Q,2021-Q3,100.5,,,,
ABS:ERP_COMP_Q(1.0.0),5,AUS,Q,2021-Q4,114.6,,,,
ABS:ERP_COMP_Q(1.0.0),5,AUS,Q,2022-Q1,104.2,,,,
ABS:ERP_COMP_Q(1.0.0),5,AUS,Q,2022-Q2,99.4,,,,
ABS:ERP_COMP_Q(1.0.0),5,AUS,Q,2022-Q3,78.9,,,,
ABS:ERP_COMP_Q(1.0.0),5,AUS,Q,2022-Q4,113.5,,,,
ABS:ERP_COMP_Q(1.0.0),5,AUS,Q,2023-Q1,98.3,,,,
ABS:ERP_COMP_Q(1.0.0),5,AUS,Q,2023-Q2,95.1,,,,
ABS:ERP_COMP_Q(1.0.0),5,AUS,Q,2023-Q3,86.9,,,,
ABS:ERP_COMP_Q(1.0.0),5,AUS,Q,2023-Q4,105.7,,,,
ABS:ERP_COMP_Q(1.0.0),5,AUS,Q,2024-Q1,97.2,,,,
ABS:ERP_COMP_Q(1.0.0),5,AUS,Q,2024-Q2,95,,,,
ABS:ERP_COMP_Q(1.0.0),5,AUS,Q,2024-Q3,84.8,,,,
ABS:ERP_COMP_Q(1.0.0),5,AUS,Q,2024-Q4,107,,,,
ABS:ERP_COMP_Q(1.0.0),5,AUS,Q,2025-Q1,93.2,,,,
ABS:ERP_COMP_Q(1.0.0),5,AUS,Q,2025-Q2,89.5,,,,
ABS:ERP_COMP_Q(1.0.0),5,AUS,Q,2025-Q3,79.4,,,,
ABS:ERP_COMP_Q(1.0.0),5,AUS,Q,2025-Q4,100.9,,,,
ABS:ERP_COMP_Q(1.0.0),9,AUS,Q,1981-Q2,25.6,,,,
ABS:ERP_COMP_Q(1.0.0),9,AUS,Q,1981-Q3,34.1,,,,
ABS:ERP_COMP_Q(1.0.0),9,AUS,Q,1981-Q4,34.5,,,,
ABS:ERP_COMP_Q(1.0.0),9,AUS,Q,1982-Q1,31.4,,,,
ABS:ERP_COMP_Q(1.0.0),9,AUS,Q,1982-Q2,28.1,,,,
ABS:ERP_COMP_Q(1.0.0),9,AUS,Q,1982-Q3,26.9,,,,
ABS:ERP_COMP_Q(1.0.0),9,AUS,Q,1982-Q4,16.3,,,,
ABS:ERP_COMP_Q(1.0.0),9,AUS,Q,1983-Q1,19.2,,,,
ABS:ERP_COMP_Q(1.0.0),9,AUS,Q,1983-Q2,10.9,,,,
ABS:ERP_COMP_Q(1.0.0),9,AUS,Q,1983-Q3,13.6,,,,
ABS:ERP_COMP_Q(1.0.0),9,AUS,Q,1983-Q4,11.3,,,,
ABS:ERP_COMP_Q(1.0.0),9,AUS,Q,1984-Q1,11,,,,
ABS:ERP_COMP_Q(1.0.0),9,AUS,Q,1984-Q2,13.2,,,,
ABS:ERP_COMP_Q(1.0.0),9,AUS,Q,1984-Q3,18.5,,,,
ABS:ERP_COMP_Q(1.0.0),9,AUS,Q,1984-Q4,17.2,,,,
ABS:ERP_COMP_Q(1.0.0),9,AUS,Q,1985-Q1,21.9,,,,
ABS:ERP_COMP_Q(1.0.0),9,AUS,Q,1985-Q2,16.2,,,,
ABS:ERP_COMP_Q(1.0.0),9,AUS,Q,1985-Q3,23.6,,,,
ABS:ERP_COMP_Q(1.0.0),9,AUS,Q,1985-Q4,27.7,,,,
ABS:ERP_COMP_Q(1.0.0),9,AUS,Q,1986-Q1,25.8,,,,
ABS:ERP_COMP_Q(1.0.0),9,AUS,Q,1986-Q2,23.4,,,,
ABS:ERP_COMP_Q(1.0.0),9,AUS,Q,1986-Q3,29.6,,,,
ABS:ERP_COMP_Q(1.0.0),9,AUS,Q,1986-Q4,32,,,,
ABS:ERP_COMP_Q(1.0.0),9,AUS,Q,1987-Q1,35.1,,,,
ABS:ERP_COMP_Q(1.0.0),9,AUS,Q,1987-Q2,29.1,,,,
ABS:ERP_COMP_Q(1.0.0),9,AUS,Q,1987-Q3,37.4,,,,
ABS:ERP_COMP_Q(1.0.0),9,AUS,Q,1987-Q4,34.5,,,,
ABS:ERP_COMP_Q(1.0.0),9,AUS,Q,1988-Q1,47.3,,,,
ABS:ERP_COMP_Q(1.0.0),9,AUS,Q,1988-Q2,30.2,,,,
ABS:ERP_COMP_Q(1.0.0),9,AUS,Q,1988-Q3,53.6,,,,
ABS:ERP_COMP_Q(1.0.0),9,AUS,Q,1988-Q4,41.8,,,,
ABS:ERP_COMP_Q(1.0.0),9,AUS,Q,1989-Q1,43,,,,
ABS:ERP_COMP_Q(1.0.0),9,AUS,Q,1989-Q2,19.1,,,,
ABS:ERP_COMP_Q(1.0.0),9,AUS,Q,1989-Q3,34.2,,,,
ABS:ERP_COMP_Q(1.0.0),9,AUS,Q,1989-Q4,33.2,,,,
ABS:ERP_COMP_Q(1.0.0),9,AUS,Q,1990-Q1,34.7,,,,
ABS:ERP_COMP_Q(1.0.0),9,AUS,Q,1990-Q2,22.6,,,,
ABS:ERP_COMP_Q(1.0.0),9,AUS,Q,1990-Q3,24.9,,,,
ABS:ERP_COMP_Q(1.0.0),9,AUS,Q,1990-Q4,15,,,,
ABS:ERP_COMP_Q(1.0.0),9,AUS,Q,1991-Q1,33.1,,,,
ABS:ERP_COMP_Q(1.0.0),9,AUS,Q,1991-Q2,13.5,,,,
ABS:ERP_COMP_Q(1.0.0),9,AUS,Q,1991-Q3,25.8,,,,
ABS:ERP_COMP_Q(1.0.0),9,AUS,Q,1991-Q4,9.3,,,,
ABS:ERP_COMP_Q(1.0.0),9,AUS,Q,1992-Q1,27.1,,,,
ABS:ERP_COMP_Q(1.0.0),9,AUS,Q,1992-Q2,6.4,,,,
ABS:ERP_COMP_Q(1.0.0),9,AUS,Q,1992-Q3,15.1,,,,
ABS:ERP_COMP_Q(1.0.0),9,AUS,Q,1992-Q4,2.8,,,,
ABS:ERP_COMP_Q(1.0.0),9,AUS,Q,1993-Q1,18.5,,,,
ABS:ERP_COMP_Q(1.0.0),9,AUS,Q,1993-Q2,-6.3,,,,
ABS:ERP_COMP_Q(1.0.0),9,AUS,Q,1993-Q3,17.8,,,,
ABS:ERP_COMP_Q(1.0.0),9,AUS,Q,1993-Q4,4.9,,,,
ABS:ERP_COMP_Q(1.0.0),9,AUS,Q,1994-Q1,19.5,,,,
ABS:ERP_COMP_Q(1.0.0),9,AUS,Q,1994-Q2,4.4,,,,
ABS:ERP_COMP_Q(1.0.0),9,AUS,Q,1994-Q3,27.8,,,,
ABS:ERP_COMP_Q(1.0.0),9,AUS,Q,1994-Q4,3.9,,,,
ABS:ERP_COMP_Q(1.0.0),9,AUS,Q,1995-Q1,24.7,,,,
ABS:ERP_COMP_Q(1.0.0),9,AUS,Q,1995-Q2,23.8,,,,
ABS:ERP_COMP_Q(1.0.0),9,AUS,Q,1995-Q3,29.1,,,,
ABS:ERP_COMP_Q(1.0.0),9,AUS,Q,1995-Q4,29.2,,,,
ABS:ERP_COMP_Q(1.0.0),9,AUS,Q,1996-Q1,25.1,,,,
ABS:ERP_COMP_Q(1.0.0),9,AUS,Q,1996-Q2,20.6,,,,
ABS:ERP_COMP_Q(1.0.0),9,AUS,Q,1996-Q3,32.3,,,,
ABS:ERP_COMP_Q(1.0.0),9,AUS,Q,1996-Q4,19.4,,,,
ABS:ERP_COMP_Q(1.0.0),9,AUS,Q,1997-Q1,29.4,,,,
ABS:ERP_COMP_Q(1.0.0),9,AUS,Q,1997-Q2,6.1,,,,
ABS:ERP_COMP_Q(1.0.0),9,AUS,Q,1997-Q3,22.9,,,,
ABS:ERP_COMP_Q(1.0.0),9,AUS,Q,1997-Q4,14,,,,
ABS:ERP_COMP_Q(1.0.0),9,AUS,Q,1998-Q1,33.7,,,,
ABS:ERP_COMP_Q(1.0.0),9,AUS,Q,1998-Q2,8.5,,,,
ABS:ERP_COMP_Q(1.0.0),9,AUS,Q,1998-Q3,26.5,,,,
ABS:ERP_COMP_Q(1.0.0),9,AUS,Q,1998-Q4,20.1,,,,
ABS:ERP_COMP_Q(1.0.0),9,AUS,Q,1999-Q1,35.1,,,,
ABS:ERP_COMP_Q(1.0.0),9,AUS,Q,1999-Q2,14.8,,,,
ABS:ERP_COMP_Q(1.0.0),9,AUS,Q,1999-Q3,29.7,,,,
ABS:ERP_COMP_Q(1.0.0),9,AUS,Q,1999-Q4,24.6,,,,
ABS:ERP_COMP_Q(1.0.0),9,AUS,Q,2000-Q1,37.4,,,,
ABS:ERP_COMP_Q(1.0.0),9,AUS,Q,2000-Q2,15.5,,,,
ABS:ERP_COMP_Q(1.0.0),9,AUS,Q,2000-Q3,31.9,,,,
ABS:ERP_COMP_Q(1.0.0),9,AUS,Q,2000-Q4,26.6,,,,
ABS:ERP_COMP_Q(1.0.0),9,AUS,Q,2001-Q1,54.8,,,,
ABS:ERP_COMP_Q(1.0.0),9,AUS,Q,2001-Q2,22.4,,,,
ABS:ERP_COMP_Q(1.0.0),9,AUS,Q,2001-Q3,27.7,,,,
ABS:ERP_COMP_Q(1.0.0),9,AUS,Q,2001-Q4,31.2,,,,
ABS:ERP_COMP_Q(1.0.0),9,AUS,Q,2002-Q1,36.4,,,,
ABS:ERP_COMP_Q(1.0.0),9,AUS,Q,2002-Q2,15.3,,,,
ABS:ERP_COMP_Q(1.0.0),9,AUS,Q,2002-Q3,29.9,,,,
ABS:ERP_COMP_Q(1.0.0),9,AUS,Q,2002-Q4,28.9,,,,
ABS:ERP_COMP_Q(1.0.0),9,AUS,Q,2003-Q1,41.6,,,,
ABS:ERP_COMP_Q(1.0.0),9,AUS,Q,2003-Q2,16.1,,,,
ABS:ERP_COMP_Q(1.0.0),9,AUS,Q,2003-Q3,27.2,,,,
ABS:ERP_COMP_Q(1.0.0),9,AUS,Q,2003-Q4,25.2,,,,
ABS:ERP_COMP_Q(1.0.0),9,AUS,Q,2004-Q1,35.5,,,,
ABS:ERP_COMP_Q(1.0.0),9,AUS,Q,2004-Q2,12.1,,,,
ABS:ERP_COMP_Q(1.0.0),9,AUS,Q,2004-Q3,30.4,,,,
ABS:ERP_COMP_Q(1.0.0),9,AUS,Q,2004-Q4,28.5,,,,
ABS:ERP_COMP_Q(1.0.0),9,AUS,Q,2005-Q1,47.1,,,,
ABS:ERP_COMP_Q(1.0.0),9,AUS,Q,2005-Q2,17.8,,,,
ABS:ERP_COMP_Q(1.0.0),9,AUS,Q,2005-Q3,37.4,,,,
ABS:ERP_COMP_Q(1.0.0),9,AUS,Q,2005-Q4,34.7,,,,
ABS:ERP_COMP_Q(1.0.0),9,AUS,Q,2006-Q1,53.2,,,,
ABS:ERP_COMP_Q(1.0.0),9,AUS,Q,2006-Q2,21.4,,,,
ABS:ERP_COMP_Q(1.0.0),9,AUS,Q,2006-Q3,56.9,,,,
ABS:ERP_COMP_Q(1.0.0),9,AUS,Q,2006-Q4,50.6,,,,
ABS:ERP_COMP_Q(1.0.0),9,AUS,Q,2007-Q1,76,,,,
ABS:ERP_COMP_Q(1.0.0),9,AUS,Q,2007-Q2,49.2,,,,
ABS:ERP_COMP_Q(1.0.0),9,AUS,Q,2007-Q3,62.8,,,,
ABS:ERP_COMP_Q(1.0.0),9,AUS,Q,2007-Q4,56,,,,
ABS:ERP_COMP_Q(1.0.0),9,AUS,Q,2008-Q1,93.5,,,,
ABS:ERP_COMP_Q(1.0.0),9,AUS,Q,2008-Q2,65.1,,,,
ABS:ERP_COMP_Q(1.0.0),9,AUS,Q,2008-Q3,84.1,,,,
ABS:ERP_COMP_Q(1.0.0),9,AUS,Q,2008-Q4,73,,,,
ABS:ERP_COMP_Q(1.0.0),9,AUS,Q,2009-Q1,88.7,,,,
ABS:ERP_COMP_Q(1.0.0),9,AUS,Q,2009-Q2,54,,,,
ABS:ERP_COMP_Q(1.0.0),9,AUS,Q,2009-Q3,62.5,,,,
ABS:ERP_COMP_Q(1.0.0),9,AUS,Q,2009-Q4,41.7,,,,
ABS:ERP_COMP_Q(1.0.0),9,AUS,Q,2010-Q1,59.9,,,,
ABS:ERP_COMP_Q(1.0.0),9,AUS,Q,2010-Q2,32,,,,
ABS:ERP_COMP_Q(1.0.0),9,AUS,Q,2010-Q3,41.8,,,,
ABS:ERP_COMP_Q(1.0.0),9,AUS,Q,2010-Q4,38.4,,,,
ABS:ERP_COMP_Q(1.0.0),9,AUS,Q,2011-Q1,61,,,,
ABS:ERP_COMP_Q(1.0.0),9,AUS,Q,2011-Q2,39.2,,,,
ABS:ERP_COMP_Q(1.0.0),9,AUS,Q,2011-Q3,55.4,,,,
ABS:ERP_COMP_Q(1.0.0),9,AUS,Q,2011-Q4,50.6,,,,
ABS:ERP_COMP_Q(1.0.0),9,AUS,Q,2012-Q1,74,,,,
ABS:ERP_COMP_Q(1.0.0),9,AUS,Q,2012-Q2,51.9,,,,
ABS:ERP_COMP_Q(1.0.0),9,AUS,Q,2012-Q3,63.3,,,,
ABS:ERP_COMP_Q(1.0.0),9,AUS,Q,2012-Q4,51,,,,
ABS:ERP_COMP_Q(1.0.0),9,AUS,Q,2013-Q1,71.2,,,,
ABS:ERP_COMP_Q(1.0.0),9,AUS,Q,2013-Q2,44.8,,,,
ABS:ERP_COMP_Q(1.0.0),9,AUS,Q,2013-Q3,54.2,,,,
ABS:ERP_COMP_Q(1.0.0),9,AUS,Q,2013-Q4,38.2,,,,
ABS:ERP_COMP_Q(1.0.0),9,AUS,Q,2014-Q1,65,,,,
ABS:ERP_COMP_Q(1.0.0),9,AUS,Q,2014-Q2,30.4,,,,
ABS:ERP_COMP_Q(1.0.0),9,AUS,Q,2014-Q3,50.2,,,,
ABS:ERP_COMP_Q(1.0.0),9,AUS,Q,2014-Q4,36.8,,,,
ABS:ERP_COMP_Q(1.0.0),9,AUS,Q,2015-Q1,63.8,,,,
ABS:ERP_COMP_Q(1.0.0),9,AUS,Q,2015-Q2,33.3,,,,
ABS:ERP_COMP_Q(1.0.0),9,AUS,Q,2015-Q3,50.4,,,,
ABS:ERP_COMP_Q(1.0.0),9,AUS,Q,2015-Q4,39.3,,,,
ABS:ERP_COMP_Q(1.0.0),9,AUS,Q,2016-Q1,73,,,,
ABS:ERP_COMP_Q(1.0.0),9,AUS,Q,2016-Q2,43.6,,,,
ABS:ERP_COMP_Q(1.0.0),9,AUS,Q,2016-Q3,73.7,,,,
ABS:ERP_COMP_Q(1.0.0),9,AUS,Q,2016-Q4,53.6,,,,
ABS:ERP_COMP_Q(1.0.0),9,AUS,Q,2017-Q1,88.8,,,,
ABS:ERP_COMP_Q(1.0.0),9,AUS,Q,2017-Q2,47.3,,,,
ABS:ERP_COMP_Q(1.0.0),9,AUS,Q,2017-Q3,69.7,,,,
ABS:ERP_COMP_Q(1.0.0),9,AUS,Q,2017-Q4,35.8,,,,
ABS:ERP_COMP_Q(1.0.0),9,AUS,Q,2018-Q1,85.1,,,,
ABS:ERP_COMP_Q(1.0.0),9,AUS,Q,2018-Q2,47.6,,,,
ABS:ERP_COMP_Q(1.0.0),9,AUS,Q,2018-Q3,73.8,,,,
ABS:ERP_COMP_Q(1.0.0),9,AUS,Q,2018-Q4,45.7,,,,
ABS:ERP_COMP_Q(1.0.0),9,AUS,Q,2019-Q1,83.6,,,,
ABS:ERP_COMP_Q(1.0.0),9,AUS,Q,2019-Q2,38.2,,,,
ABS:ERP_COMP_Q(1.0.0),9,AUS,Q,2019-Q3,74.5,,,,
ABS:ERP_COMP_Q(1.0.0),9,AUS,Q,2019-Q4,51.3,,,,
ABS:ERP_COMP_Q(1.0.0),9,AUS,Q,2020-Q1,75.2,,,,
ABS:ERP_COMP_Q(1.0.0),9,AUS,Q,2020-Q2,-8.3,,,,
ABS:ERP_COMP_Q(1.0.0),9,AUS,Q,2020-Q3,-42.6,,,,
ABS:ERP_COMP_Q(1.0.0),9,AUS,Q,2020-Q4,-29.3,,,,
ABS:ERP_COMP_Q(1.0.0),9,AUS,Q,2021-Q1,-14.2,,,,
ABS:ERP_COMP_Q(1.0.0),9,AUS,Q,2021-Q2,1.1,,,,
ABS:ERP_COMP_Q(1.0.0),9,AUS,Q,2021-Q3,-13,,,,
ABS:ERP_COMP_Q(1.0.0),9,AUS,Q,2021-Q4,35.4,,,,
ABS:ERP_COMP_Q(1.0.0),9,AUS,Q,2022-Q1,107.5,,,,
ABS:ERP_COMP_Q(1.0.0),9,AUS,Q,2022-Q2,78,,,,
ABS:ERP_COMP_Q(1.0.0),9,AUS,Q,2022-Q3,127.7,,,,
ABS:ERP_COMP_Q(1.0.0),9,AUS,Q,2022-Q4,124.6,,,,
ABS:ERP_COMP_Q(1.0.0),9,AUS,Q,2023-Q1,165.5,,,,
ABS:ERP_COMP_Q(1.0.0),9,AUS,Q,2023-Q2,120.5,,,,
ABS:ERP_COMP_Q(1.0.0),9,AUS,Q,2023-Q3,145.2,,,,
ABS:ERP_COMP_Q(1.0.0),9,AUS,Q,2023-Q4,99.5,,,,
ABS:ERP_COMP_Q(1.0.0),9,AUS,Q,2024-Q1,128.7,,,,
ABS:ERP_COMP_Q(1.0.0),9,AUS,Q,2024-Q2,55.8,,,,
ABS:ERP_COMP_Q(1.0.0),9,AUS,Q,2024-Q3,81.6,,,,
ABS:ERP_COMP_Q(1.0.0),9,AUS,Q,2024-Q4,64.3,,,,
ABS:ERP_COMP_Q(1.0.0),9,AUS,Q,2025-Q1,107.1,,,,
ABS:ERP_COMP_Q(1.0.0),9,AUS,Q,2025-Q2,49.2,,,,
ABS:ERP_COMP_Q(1.0.0),9,AUS,Q,2025-Q3,88.1,,,,
ABS:ERP_COMP_Q(1.0.0),9,AUS,Q,2025-Q4,56.6,,,,
ABS:ERP_COMP_Q(1.0.0),9,1,Q,1981-Q2,9.3,,,,
ABS:ERP_COMP_Q(1.0.0),9,1,Q,1981-Q3,13.3,,,,
ABS:ERP_COMP_Q(1.0.0),9,1,Q,1981-Q4,13.3,,,,
ABS:ERP_COMP_Q(1.0.0),9,1,Q,1982-Q1,12.5,,,,
ABS:ERP_COMP_Q(1.0.0),9,1,Q,1982-Q2,10.3,,,,
ABS:ERP_COMP_Q(1.0.0),9,1,Q,1982-Q3,9.6,,,,
ABS:ERP_COMP_Q(1.0.0),9,1,Q,1982-Q4,6.1,,,,
ABS:ERP_COMP_Q(1.0.0),9,1,Q,1983-Q1,6.5,,,,
ABS:ERP_COMP_Q(1.0.0),9,1,Q,1983-Q2,3.5,,,,
ABS:ERP_COMP_Q(1.0.0),9,1,Q,1983-Q3,5.2,,,,
ABS:ERP_COMP_Q(1.0.0),9,1,Q,1983-Q4,4.9,,,,
ABS:ERP_COMP_Q(1.0.0),9,1,Q,1984-Q1,4.7,,,,
ABS:ERP_COMP_Q(1.0.0),9,1,Q,1984-Q2,5.9,,,,
ABS:ERP_COMP_Q(1.0.0),9,1,Q,1984-Q3,8,,,,
ABS:ERP_COMP_Q(1.0.0),9,1,Q,1984-Q4,7.4,,,,
ABS:ERP_COMP_Q(1.0.0),9,1,Q,1985-Q1,9,,,,
ABS:ERP_COMP_Q(1.0.0),9,1,Q,1985-Q2,6.9,,,,
ABS:ERP_COMP_Q(1.0.0),9,1,Q,1985-Q3,9.5,,,,
ABS:ERP_COMP_Q(1.0.0),9,1,Q,1985-Q4,11.7,,,,
ABS:ERP_COMP_Q(1.0.0),9,1,Q,1986-Q1,10.5,,,,
ABS:ERP_COMP_Q(1.0.0),9,1,Q,1986-Q2,9.2,,,,
ABS:ERP_COMP_Q(1.0.0),9,1,Q,1986-Q3,12.3,,,,
ABS:ERP_COMP_Q(1.0.0),9,1,Q,1986-Q4,12.8,,,,
ABS:ERP_COMP_Q(1.0.0),9,1,Q,1987-Q1,14.8,,,,
ABS:ERP_COMP_Q(1.0.0),9,1,Q,1987-Q2,12.8,,,,
ABS:ERP_COMP_Q(1.0.0),9,1,Q,1987-Q3,15.6,,,,
ABS:ERP_COMP_Q(1.0.0),9,1,Q,1987-Q4,15.2,,,,
ABS:ERP_COMP_Q(1.0.0),9,1,Q,1988-Q1,18.6,,,,
ABS:ERP_COMP_Q(1.0.0),9,1,Q,1988-Q2,12.2,,,,
ABS:ERP_COMP_Q(1.0.0),9,1,Q,1988-Q3,21.5,,,,
ABS:ERP_COMP_Q(1.0.0),9,1,Q,1988-Q4,17,,,,
ABS:ERP_COMP_Q(1.0.0),9,1,Q,1989-Q1,16.6,,,,
ABS:ERP_COMP_Q(1.0.0),9,1,Q,1989-Q2,7.5,,,,
ABS:ERP_COMP_Q(1.0.0),9,1,Q,1989-Q3,14.1,,,,
ABS:ERP_COMP_Q(1.0.0),9,1,Q,1989-Q4,14.5,,,,
ABS:ERP_COMP_Q(1.0.0),9,1,Q,1990-Q1,13.8,,,,
ABS:ERP_COMP_Q(1.0.0),9,1,Q,1990-Q2,9.8,,,,
ABS:ERP_COMP_Q(1.0.0),9,1,Q,1990-Q3,10.6,,,,
ABS:ERP_COMP_Q(1.0.0),9,1,Q,1990-Q4,7.1,,,,
ABS:ERP_COMP_Q(1.0.0),9,1,Q,1991-Q1,12.9,,,,
ABS:ERP_COMP_Q(1.0.0),9,1,Q,1991-Q2,5.9,,,,
ABS:ERP_COMP_Q(1.0.0),9,1,Q,1991-Q3,11.5,,,,
ABS:ERP_COMP_Q(1.0.0),9,1,Q,1991-Q4,4.8,,,,
ABS:ERP_COMP_Q(1.0.0),9,1,Q,1992-Q1,11.4,,,,
ABS:ERP_COMP_Q(1.0.0),9,1,Q,1992-Q2,3.4,,,,
ABS:ERP_COMP_Q(1.0.0),9,1,Q,1992-Q3,6.4,,,,
ABS:ERP_COMP_Q(1.0.0),9,1,Q,1992-Q4,1.9,,,,
ABS:ERP_COMP_Q(1.0.0),9,1,Q,1993-Q1,6.8,,,,
ABS:ERP_COMP_Q(1.0.0),9,1,Q,1993-Q2,-2.5,,,,
ABS:ERP_COMP_Q(1.0.0),9,1,Q,1993-Q3,8.1,,,,
ABS:ERP_COMP_Q(1.0.0),9,1,Q,1993-Q4,3.2,,,,
ABS:ERP_COMP_Q(1.0.0),9,1,Q,1994-Q1,8.1,,,,
ABS:ERP_COMP_Q(1.0.0),9,1,Q,1994-Q2,2.5,,,,
ABS:ERP_COMP_Q(1.0.0),9,1,Q,1994-Q3,12.4,,,,
ABS:ERP_COMP_Q(1.0.0),9,1,Q,1994-Q4,2.6,,,,
ABS:ERP_COMP_Q(1.0.0),9,1,Q,1995-Q1,9.8,,,,
ABS:ERP_COMP_Q(1.0.0),9,1,Q,1995-Q2,11.2,,,,
ABS:ERP_COMP_Q(1.0.0),9,1,Q,1995-Q3,12.8,,,,
ABS:ERP_COMP_Q(1.0.0),9,1,Q,1995-Q4,14.4,,,,
ABS:ERP_COMP_Q(1.0.0),9,1,Q,1996-Q1,11.2,,,,
ABS:ERP_COMP_Q(1.0.0),9,1,Q,1996-Q2,9.7,,,,
ABS:ERP_COMP_Q(1.0.0),9,1,Q,1996-Q3,14,,,,
ABS:ERP_COMP_Q(1.0.0),9,1,Q,1996-Q4,9.5,,,,
ABS:ERP_COMP_Q(1.0.0),9,1,Q,1997-Q1,11.1,,,,
ABS:ERP_COMP_Q(1.0.0),9,1,Q,1997-Q2,2.7,,,,
ABS:ERP_COMP_Q(1.0.0),9,1,Q,1997-Q3,9.2,,,,
ABS:ERP_COMP_Q(1.0.0),9,1,Q,1997-Q4,6.7,,,,
ABS:ERP_COMP_Q(1.0.0),9,1,Q,1998-Q1,12.3,,,,
ABS:ERP_COMP_Q(1.0.0),9,1,Q,1998-Q2,3.7,,,,
ABS:ERP_COMP_Q(1.0.0),9,1,Q,1998-Q3,11.8,,,,
ABS:ERP_COMP_Q(1.0.0),9,1,Q,1998-Q4,7.5,,,,
ABS:ERP_COMP_Q(1.0.0),9,1,Q,1999-Q1,13.8,,,,
ABS:ERP_COMP_Q(1.0.0),9,1,Q,1999-Q2,8,,,,
ABS:ERP_COMP_Q(1.0.0),9,1,Q,1999-Q3,11.3,,,,
ABS:ERP_COMP_Q(1.0.0),9,1,Q,1999-Q4,10.8,,,,
ABS:ERP_COMP_Q(1.0.0),9,1,Q,2000-Q1,14,,,,
ABS:ERP_COMP_Q(1.0.0),9,1,Q,2000-Q2,7.6,,,,
ABS:ERP_COMP_Q(1.0.0),9,1,Q,2000-Q3,13.3,,,,
ABS:ERP_COMP_Q(1.0.0),9,1,Q,2000-Q4,12.3,,,,
ABS:ERP_COMP_Q(1.0.0),9,1,Q,2001-Q1,22,,,,
ABS:ERP_COMP_Q(1.0.0),9,1,Q,2001-Q2,10.9,,,,
ABS:ERP_COMP_Q(1.0.0),9,1,Q,2001-Q3,11.4,,,,
ABS:ERP_COMP_Q(1.0.0),9,1,Q,2001-Q4,12.9,,,,
ABS:ERP_COMP_Q(1.0.0),9,1,Q,2002-Q1,14.2,,,,
ABS:ERP_COMP_Q(1.0.0),9,1,Q,2002-Q2,5.9,,,,
ABS:ERP_COMP_Q(1.0.0),9,1,Q,2002-Q3,10.8,,,,
ABS:ERP_COMP_Q(1.0.0),9,1,Q,2002-Q4,9.9,,,,
ABS:ERP_COMP_Q(1.0.0),9,1,Q,2003-Q1,15,,,,
ABS:ERP_COMP_Q(1.0.0),9,1,Q,2003-Q2,5.2,,,,
ABS:ERP_COMP_Q(1.0.0),9,1,Q,2003-Q3,7.7,,,,
ABS:ERP_COMP_Q(1.0.0),9,1,Q,2003-Q4,7.5,,,,
ABS:ERP_COMP_Q(1.0.0),9,1,Q,2004-Q1,11.6,,,,
ABS:ERP_COMP_Q(1.0.0),9,1,Q,2004-Q2,3,,,,
ABS:ERP_COMP_Q(1.0.0),9,1,Q,2004-Q3,9.2,,,,
ABS:ERP_COMP_Q(1.0.0),9,1,Q,2004-Q4,7.9,,,,
ABS:ERP_COMP_Q(1.0.0),9,1,Q,2005-Q1,13.8,,,,
ABS:ERP_COMP_Q(1.0.0),9,1,Q,2005-Q2,4.4,,,,
ABS:ERP_COMP_Q(1.0.0),9,1,Q,2005-Q3,10.8,,,,
ABS:ERP_COMP_Q(1.0.0),9,1,Q,2005-Q4,8.6,,,,
ABS:ERP_COMP_Q(1.0.0),9,1,Q,2006-Q1,15.2,,,,
ABS:ERP_COMP_Q(1.0.0),9,1,Q,2006-Q2,3.9,,,,
ABS:ERP_COMP_Q(1.0.0),9,1,Q,2006-Q3,18.9,,,,
ABS:ERP_COMP_Q(1.0.0),9,1,Q,2006-Q4,17,,,,
ABS:ERP_COMP_Q(1.0.0),9,1,Q,2007-Q1,23,,,,
ABS:ERP_COMP_Q(1.0.0),9,1,Q,2007-Q2,14.6,,,,
ABS:ERP_COMP_Q(1.0.0),9,1,Q,2007-Q3,20.9,,,,
ABS:ERP_COMP_Q(1.0.0),9,1,Q,2007-Q4,18.3,,,,
ABS:ERP_COMP_Q(1.0.0),9,1,Q,2008-Q1,29.4,,,,
ABS:ERP_COMP_Q(1.0.0),9,1,Q,2008-Q2,18.7,,,,
ABS:ERP_COMP_Q(1.0.0),9,1,Q,2008-Q3,25,,,,
ABS:ERP_COMP_Q(1.0.0),9,1,Q,2008-Q4,23.2,,,,
ABS:ERP_COMP_Q(1.0.0),9,1,Q,2009-Q1,23.9,,,,
ABS:ERP_COMP_Q(1.0.0),9,1,Q,2009-Q2,14.6,,,,
ABS:ERP_COMP_Q(1.0.0),9,1,Q,2009-Q3,17.7,,,,
ABS:ERP_COMP_Q(1.0.0),9,1,Q,2009-Q4,14,,,,
ABS:ERP_COMP_Q(1.0.0),9,1,Q,2010-Q1,17.6,,,,
ABS:ERP_COMP_Q(1.0.0),9,1,Q,2010-Q2,7.9,,,,
ABS:ERP_COMP_Q(1.0.0),9,1,Q,2010-Q3,12,,,,
ABS:ERP_COMP_Q(1.0.0),9,1,Q,2010-Q4,12.6,,,,
ABS:ERP_COMP_Q(1.0.0),9,1,Q,2011-Q1,18,,,,
ABS:ERP_COMP_Q(1.0.0),9,1,Q,2011-Q2,9.1,,,,
ABS:ERP_COMP_Q(1.0.0),9,1,Q,2011-Q3,14.1,,,,
ABS:ERP_COMP_Q(1.0.0),9,1,Q,2011-Q4,13,,,,
ABS:ERP_COMP_Q(1.0.0),9,1,Q,2012-Q1,17.9,,,,
ABS:ERP_COMP_Q(1.0.0),9,1,Q,2012-Q2,12.2,,,,
ABS:ERP_COMP_Q(1.0.0),9,1,Q,2012-Q3,16.5,,,,
ABS:ERP_COMP_Q(1.0.0),9,1,Q,2012-Q4,16.5,,,,
ABS:ERP_COMP_Q(1.0.0),9,1,Q,2013-Q1,20.7,,,,
ABS:ERP_COMP_Q(1.0.0),9,1,Q,2013-Q2,13.1,,,,
ABS:ERP_COMP_Q(1.0.0),9,1,Q,2013-Q3,18.6,,,,
ABS:ERP_COMP_Q(1.0.0),9,1,Q,2013-Q4,15.2,,,,
ABS:ERP_COMP_Q(1.0.0),9,1,Q,2014-Q1,21.8,,,,
ABS:ERP_COMP_Q(1.0.0),9,1,Q,2014-Q2,11.4,,,,
ABS:ERP_COMP_Q(1.0.0),9,1,Q,2014-Q3,19.3,,,,
ABS:ERP_COMP_Q(1.0.0),9,1,Q,2014-Q4,15.9,,,,
ABS:ERP_COMP_Q(1.0.0),9,1,Q,2015-Q1,22.9,,,,
ABS:ERP_COMP_Q(1.0.0),9,1,Q,2015-Q2,12.2,,,,
ABS:ERP_COMP_Q(1.0.0),9,1,Q,2015-Q3,20.5,,,,
ABS:ERP_COMP_Q(1.0.0),9,1,Q,2015-Q4,17.2,,,,
ABS:ERP_COMP_Q(1.0.0),9,1,Q,2016-Q1,26.1,,,,
ABS:ERP_COMP_Q(1.0.0),9,1,Q,2016-Q2,16.3,,,,
ABS:ERP_COMP_Q(1.0.0),9,1,Q,2016-Q3,30.1,,,,
ABS:ERP_COMP_Q(1.0.0),9,1,Q,2016-Q4,23.8,,,,
ABS:ERP_COMP_Q(1.0.0),9,1,Q,2017-Q1,33.1,,,,
ABS:ERP_COMP_Q(1.0.0),9,1,Q,2017-Q2,18.6,,,,
ABS:ERP_COMP_Q(1.0.0),9,1,Q,2017-Q3,28.1,,,,
ABS:ERP_COMP_Q(1.0.0),9,1,Q,2017-Q4,15.2,,,,
ABS:ERP_COMP_Q(1.0.0),9,1,Q,2018-Q1,30.3,,,,
ABS:ERP_COMP_Q(1.0.0),9,1,Q,2018-Q2,17,,,,
ABS:ERP_COMP_Q(1.0.0),9,1,Q,2018-Q3,27.5,,,,
ABS:ERP_COMP_Q(1.0.0),9,1,Q,2018-Q4,18,,,,
ABS:ERP_COMP_Q(1.0.0),9,1,Q,2019-Q1,27,,,,
ABS:ERP_COMP_Q(1.0.0),9,1,Q,2019-Q2,12,,,,
ABS:ERP_COMP_Q(1.0.0),9,1,Q,2019-Q3,23.3,,,,
ABS:ERP_COMP_Q(1.0.0),9,1,Q,2019-Q4,17,,,,
ABS:ERP_COMP_Q(1.0.0),9,1,Q,2020-Q1,21.5,,,,
ABS:ERP_COMP_Q(1.0.0),9,1,Q,2020-Q2,-3.9,,,,
ABS:ERP_COMP_Q(1.0.0),9,1,Q,2020-Q3,-10.1,,,,
ABS:ERP_COMP_Q(1.0.0),9,1,Q,2020-Q4,-0.5,,,,
ABS:ERP_COMP_Q(1.0.0),9,1,Q,2021-Q1,-0.8,,,,
ABS:ERP_COMP_Q(1.0.0),9,1,Q,2021-Q2,4.1,,,,
ABS:ERP_COMP_Q(1.0.0),9,1,Q,2021-Q3,-5.9,,,,
ABS:ERP_COMP_Q(1.0.0),9,1,Q,2021-Q4,15.3,,,,
ABS:ERP_COMP_Q(1.0.0),9,1,Q,2022-Q1,36.2,,,,
ABS:ERP_COMP_Q(1.0.0),9,1,Q,2022-Q2,25.1,,,,
ABS:ERP_COMP_Q(1.0.0),9,1,Q,2022-Q3,43.5,,,,
ABS:ERP_COMP_Q(1.0.0),9,1,Q,2022-Q4,42.5,,,,
ABS:ERP_COMP_Q(1.0.0),9,1,Q,2023-Q1,52.4,,,,
ABS:ERP_COMP_Q(1.0.0),9,1,Q,2023-Q2,39.6,,,,
ABS:ERP_COMP_Q(1.0.0),9,1,Q,2023-Q3,48.6,,,,
ABS:ERP_COMP_Q(1.0.0),9,1,Q,2023-Q4,31.5,,,,
ABS:ERP_COMP_Q(1.0.0),9,1,Q,2024-Q1,38.3,,,,
ABS:ERP_COMP_Q(1.0.0),9,1,Q,2024-Q2,14.7,,,,
ABS:ERP_COMP_Q(1.0.0),9,1,Q,2024-Q3,26.3,,,,
ABS:ERP_COMP_Q(1.0.0),9,1,Q,2024-Q4,18.3,,,,
ABS:ERP_COMP_Q(1.0.0),9,1,Q,2025-Q1,31.2,,,,
ABS:ERP_COMP_Q(1.0.0),9,1,Q,2025-Q2,12.5,,,,
ABS:ERP_COMP_Q(1.0.0),9,1,Q,2025-Q3,29.3,,,,
ABS:ERP_COMP_Q(1.0.0),9,1,Q,2025-Q4,17.9,,,,
ABS:ERP_COMP_Q(1.0.0),13,2,Q,1981-Q2,,,,,
ABS:ERP_COMP_Q(1.0.0),13,2,Q,1981-Q3,10.4,,,,
ABS:ERP_COMP_Q(1.0.0),13,2,Q,1981-Q4,11.1,,,,
ABS:ERP_COMP_Q(1.0.0),13,2,Q,1982-Q1,12.4,,,,
ABS:ERP_COMP_Q(1.0.0),13,2,Q,1982-Q2,12,,,,
ABS:ERP_COMP_Q(1.0.0),13,2,Q,1982-Q3,9.9,,,,
ABS:ERP_COMP_Q(1.0.0),13,2,Q,1982-Q4,10,,,,
ABS:ERP_COMP_Q(1.0.0),13,2,Q,1983-Q1,12.6,,,,
ABS:ERP_COMP_Q(1.0.0),13,2,Q,1983-Q2,10.4,,,,
ABS:ERP_COMP_Q(1.0.0),13,2,Q,1983-Q3,9.5,,,,
ABS:ERP_COMP_Q(1.0.0),13,2,Q,1983-Q4,9.3,,,,
ABS:ERP_COMP_Q(1.0.0),13,2,Q,1984-Q1,11.7,,,,
ABS:ERP_COMP_Q(1.0.0),13,2,Q,1984-Q2,10.3,,,,
ABS:ERP_COMP_Q(1.0.0),13,2,Q,1984-Q3,10.1,,,,
ABS:ERP_COMP_Q(1.0.0),13,2,Q,1984-Q4,11.1,,,,
ABS:ERP_COMP_Q(1.0.0),13,2,Q,1985-Q1,12.1,,,,
ABS:ERP_COMP_Q(1.0.0),13,2,Q,1985-Q2,10.3,,,,
ABS:ERP_COMP_Q(1.0.0),13,2,Q,1985-Q3,9.7,,,,
ABS:ERP_COMP_Q(1.0.0),13,2,Q,1985-Q4,10.6,,,,
ABS:ERP_COMP_Q(1.0.0),13,2,Q,1986-Q1,10.6,,,,
ABS:ERP_COMP_Q(1.0.0),13,2,Q,1986-Q2,9.8,,,,
ABS:ERP_COMP_Q(1.0.0),13,2,Q,1986-Q3,11.1,,,,
ABS:ERP_COMP_Q(1.0.0),13,2,Q,1986-Q4,11.9,,,,
ABS:ERP_COMP_Q(1.0.0),13,2,Q,1987-Q1,13.6,,,,
ABS:ERP_COMP_Q(1.0.0),13,2,Q,1987-Q2,12.7,,,,
ABS:ERP_COMP_Q(1.0.0),13,2,Q,1987-Q3,13.6,,,,
ABS:ERP_COMP_Q(1.0.0),13,2,Q,1987-Q4,11.2,,,,
ABS:ERP_COMP_Q(1.0.0),13,2,Q,1988-Q1,15,,,,
ABS:ERP_COMP_Q(1.0.0),13,2,Q,1988-Q2,12.6,,,,
ABS:ERP_COMP_Q(1.0.0),13,2,Q,1988-Q3,17.8,,,,
ABS:ERP_COMP_Q(1.0.0),13,2,Q,1988-Q4,14.9,,,,
ABS:ERP_COMP_Q(1.0.0),13,2,Q,1989-Q1,14.7,,,,
ABS:ERP_COMP_Q(1.0.0),13,2,Q,1989-Q2,10.2,,,,
ABS:ERP_COMP_Q(1.0.0),13,2,Q,1989-Q3,13.4,,,,
ABS:ERP_COMP_Q(1.0.0),13,2,Q,1989-Q4,14.7,,,,
ABS:ERP_COMP_Q(1.0.0),13,2,Q,1990-Q1,16.3,,,,
ABS:ERP_COMP_Q(1.0.0),13,2,Q,1990-Q2,14,,,,
ABS:ERP_COMP_Q(1.0.0),13,2,Q,1990-Q3,12.6,,,,
ABS:ERP_COMP_Q(1.0.0),13,2,Q,1990-Q4,9.5,,,,
ABS:ERP_COMP_Q(1.0.0),13,2,Q,1991-Q1,12.7,,,,
ABS:ERP_COMP_Q(1.0.0),13,2,Q,1991-Q2,7,,,,
ABS:ERP_COMP_Q(1.0.0),13,2,Q,1991-Q3,9,,,,
ABS:ERP_COMP_Q(1.0.0),13,2,Q,1991-Q4,5.7,,,,
ABS:ERP_COMP_Q(1.0.0),13,2,Q,1992-Q1,10.1,,,,
ABS:ERP_COMP_Q(1.0.0),13,2,Q,1992-Q2,5.1,,,,
ABS:ERP_COMP_Q(1.0.0),13,2,Q,1992-Q3,4.6,,,,
ABS:ERP_COMP_Q(1.0.0),13,2,Q,1992-Q4,3.4,,,,
ABS:ERP_COMP_Q(1.0.0),13,2,Q,1993-Q1,5,,,,
ABS:ERP_COMP_Q(1.0.0),13,2,Q,1993-Q2,-0.5,,,,
ABS:ERP_COMP_Q(1.0.0),13,2,Q,1993-Q3,2,,,,
ABS:ERP_COMP_Q(1.0.0),13,2,Q,1993-Q4,1.9,,,,
ABS:ERP_COMP_Q(1.0.0),13,2,Q,1994-Q1,4.3,,,,
ABS:ERP_COMP_Q(1.0.0),13,2,Q,1994-Q2,2,,,,
ABS:ERP_COMP_Q(1.0.0),13,2,Q,1994-Q3,6.4,,,,
ABS:ERP_COMP_Q(1.0.0),13,2,Q,1994-Q4,3.8,,,,
ABS:ERP_COMP_Q(1.0.0),13,2,Q,1995-Q1,8.1,,,,
ABS:ERP_COMP_Q(1.0.0),13,2,Q,1995-Q2,6.4,,,,
ABS:ERP_COMP_Q(1.0.0),13,2,Q,1995-Q3,8.7,,,,
ABS:ERP_COMP_Q(1.0.0),13,2,Q,1995-Q4,11,,,,
ABS:ERP_COMP_Q(1.0.0),13,2,Q,1996-Q1,10.2,,,,
ABS:ERP_COMP_Q(1.0.0),13,2,Q,1996-Q2,7.4,,,,
ABS:ERP_COMP_Q(1.0.0),13,2,Q,1996-Q3,9.5,,,,
ABS:ERP_COMP_Q(1.0.0),13,2,Q,1996-Q4,8.4,,,,
ABS:ERP_COMP_Q(1.0.0),13,2,Q,1997-Q1,12.5,,,,
ABS:ERP_COMP_Q(1.0.0),13,2,Q,1997-Q2,3.9,,,,
ABS:ERP_COMP_Q(1.0.0),13,2,Q,1997-Q3,8.9,,,,
ABS:ERP_COMP_Q(1.0.0),13,2,Q,1997-Q4,8,,,,
ABS:ERP_COMP_Q(1.0.0),13,2,Q,1998-Q1,14.7,,,,
ABS:ERP_COMP_Q(1.0.0),13,2,Q,1998-Q2,6.1,,,,
ABS:ERP_COMP_Q(1.0.0),13,2,Q,1998-Q3,10.3,,,,
ABS:ERP_COMP_Q(1.0.0),13,2,Q,1998-Q4,12,,,,
ABS:ERP_COMP_Q(1.0.0),13,2,Q,1999-Q1,15.8,,,,
ABS:ERP_COMP_Q(1.0.0),13,2,Q,1999-Q2,7.3,,,,
ABS:ERP_COMP_Q(1.0.0),13,2,Q,1999-Q3,13.2,,,,
ABS:ERP_COMP_Q(1.0.0),13,2,Q,1999-Q4,12,,,,
ABS:ERP_COMP_Q(1.0.0),13,2,Q,2000-Q1,18,,,,
ABS:ERP_COMP_Q(1.0.0),13,2,Q,2000-Q2,8.5,,,,
ABS:ERP_COMP_Q(1.0.0),13,2,Q,2000-Q3,14.4,,,,
ABS:ERP_COMP_Q(1.0.0),13,2,Q,2000-Q4,12.4,,,,
ABS:ERP_COMP_Q(1.0.0),13,2,Q,2001-Q1,22.9,,,,
ABS:ERP_COMP_Q(1.0.0),13,2,Q,2001-Q2,9.9,,,,
ABS:ERP_COMP_Q(1.0.0),13,2,Q,2001-Q3,12.4,,,,
ABS:ERP_COMP_Q(1.0.0),13,2,Q,2001-Q4,14.2,,,,
ABS:ERP_COMP_Q(1.0.0),13,2,Q,2002-Q1,18.7,,,,
ABS:ERP_COMP_Q(1.0.0),13,2,Q,2002-Q2,8.8,,,,
ABS:ERP_COMP_Q(1.0.0),13,2,Q,2002-Q3,12.6,,,,
ABS:ERP_COMP_Q(1.0.0),13,2,Q,2002-Q4,14.6,,,,
ABS:ERP_COMP_Q(1.0.0),13,2,Q,2003-Q1,19.2,,,,
ABS:ERP_COMP_Q(1.0.0),13,2,Q,2003-Q2,9.6,,,,
ABS:ERP_COMP_Q(1.0.0),13,2,Q,2003-Q3,14,,,,
ABS:ERP_COMP_Q(1.0.0),13,2,Q,2003-Q4,12.4,,,,
ABS:ERP_COMP_Q(1.0.0),13,2,Q,2004-Q1,17.9,,,,
ABS:ERP_COMP_Q(1.0.0),13,2,Q,2004-Q2,9.1,,,,
ABS:ERP_COMP_Q(1.0.0),13,2,Q,2004-Q3,16.2,,,,
ABS:ERP_COMP_Q(1.0.0),13,2,Q,2004-Q4,13.8,,,,
ABS:ERP_COMP_Q(1.0.0),13,2,Q,2005-Q1,21.2,,,,
ABS:ERP_COMP_Q(1.0.0),13,2,Q,2005-Q2,10.9,,,,
ABS:ERP_COMP_Q(1.0.0),13,2,Q,2005-Q3,17,,,,
ABS:ERP_COMP_Q(1.0.0),13,2,Q,2005-Q4,17,,,,
ABS:ERP_COMP_Q(1.0.0),13,2,Q,2006-Q1,25,,,,
ABS:ERP_COMP_Q(1.0.0),13,2,Q,2006-Q2,13.1,,,,
ABS:ERP_COMP_Q(1.0.0),13,2,Q,2006-Q3,22.3,,,,
ABS:ERP_COMP_Q(1.0.0),13,2,Q,2006-Q4,20.4,,,,
ABS:ERP_COMP_Q(1.0.0),13,2,Q,2007-Q1,30.1,,,,
ABS:ERP_COMP_Q(1.0.0),13,2,Q,2007-Q2,19.4,,,,
ABS:ERP_COMP_Q(1.0.0),13,2,Q,2007-Q3,25,,,,
ABS:ERP_COMP_Q(1.0.0),13,2,Q,2007-Q4,21,,,,
ABS:ERP_COMP_Q(1.0.0),13,2,Q,2008-Q1,33.5,,,,
ABS:ERP_COMP_Q(1.0.0),13,2,Q,2008-Q2,23.4,,,,
ABS:ERP_COMP_Q(1.0.0),13,2,Q,2008-Q3,30.2,,,,
ABS:ERP_COMP_Q(1.0.0),13,2,Q,2008-Q4,26.7,,,,
ABS:ERP_COMP_Q(1.0.0),13,2,Q,2009-Q1,34.4,,,,
ABS:ERP_COMP_Q(1.0.0),13,2,Q,2009-Q2,24.3,,,,
ABS:ERP_COMP_Q(1.0.0),13,2,Q,2009-Q3,26.9,,,,
ABS:ERP_COMP_Q(1.0.0),13,2,Q,2009-Q4,20.4,,,,
ABS:ERP_COMP_Q(1.0.0),13,2,Q,2010-Q1,25.9,,,,
ABS:ERP_COMP_Q(1.0.0),13,2,Q,2010-Q2,15.9,,,,
ABS:ERP_COMP_Q(1.0.0),13,2,Q,2010-Q3,17.6,,,,
ABS:ERP_COMP_Q(1.0.0),13,2,Q,2010-Q4,17,,,,
ABS:ERP_COMP_Q(1.0.0),13,2,Q,2011-Q1,24.7,,,,
ABS:ERP_COMP_Q(1.0.0),13,2,Q,2011-Q2,17.4,,,,
ABS:ERP_COMP_Q(1.0.0),13,2,Q,2011-Q3,26.8,,,,
ABS:ERP_COMP_Q(1.0.0),13,2,Q,2011-Q4,27.2,,,,
ABS:ERP_COMP_Q(1.0.0),13,2,Q,2012-Q1,33.5,,,,
ABS:ERP_COMP_Q(1.0.0),13,2,Q,2012-Q2,25.7,,,,
ABS:ERP_COMP_Q(1.0.0),13,2,Q,2012-Q3,29.3,,,,
ABS:ERP_COMP_Q(1.0.0),13,2,Q,2012-Q4,29.2,,,,
ABS:ERP_COMP_Q(1.0.0),13,2,Q,2013-Q1,35.3,,,,
ABS:ERP_COMP_Q(1.0.0),13,2,Q,2013-Q2,27.8,,,,
ABS:ERP_COMP_Q(1.0.0),13,2,Q,2013-Q3,31.8,,,,
ABS:ERP_COMP_Q(1.0.0),13,2,Q,2013-Q4,28.1,,,,
ABS:ERP_COMP_Q(1.0.0),13,2,Q,2014-Q1,36.9,,,,
ABS:ERP_COMP_Q(1.0.0),13,2,Q,2014-Q2,25.4,,,,
ABS:ERP_COMP_Q(1.0.0),13,2,Q,2014-Q3,32.3,,,,
ABS:ERP_COMP_Q(1.0.0),13,2,Q,2014-Q4,30.3,,,,
ABS:ERP_COMP_Q(1.0.0),13,2,Q,2015-Q1,37.7,,,,
ABS:ERP_COMP_Q(1.0.0),13,2,Q,2015-Q2,27.1,,,,
ABS:ERP_COMP_Q(1.0.0),13,2,Q,2015-Q3,35.2,,,,
ABS:ERP_COMP_Q(1.0.0),13,2,Q,2015-Q4,35.5,,,,
ABS:ERP_COMP_Q(1.0.0),13,2,Q,2016-Q1,45.6,,,,
ABS:ERP_COMP_Q(1.0.0),13,2,Q,2016-Q2,34.5,,,,
ABS:ERP_COMP_Q(1.0.0),13,2,Q,2016-Q3,32.7,,,,
ABS:ERP_COMP_Q(1.0.0),13,2,Q,2016-Q4,29.9,,,,
ABS:ERP_COMP_Q(1.0.0),13,2,Q,2017-Q1,42.8,,,,
ABS:ERP_COMP_Q(1.0.0),13,2,Q,2017-Q2,24.1,,,,
ABS:ERP_COMP_Q(1.0.0),13,2,Q,2017-Q3,30.9,,,,
ABS:ERP_COMP_Q(1.0.0),13,2,Q,2017-Q4,24.7,,,,
ABS:ERP_COMP_Q(1.0.0),13,2,Q,2018-Q1,40.4,,,,
ABS:ERP_COMP_Q(1.0.0),13,2,Q,2018-Q2,24.5,,,,
ABS:ERP_COMP_Q(1.0.0),13,2,Q,2018-Q3,31.9,,,,
ABS:ERP_COMP_Q(1.0.0),13,2,Q,2018-Q4,24.7,,,,
ABS:ERP_COMP_Q(1.0.0),13,2,Q,2019-Q1,39,,,,
ABS:ERP_COMP_Q(1.0.0),13,2,Q,2019-Q2,18.6,,,,
ABS:ERP_COMP_Q(1.0.0),13,2,Q,2019-Q3,30.6,,,,
ABS:ERP_COMP_Q(1.0.0),13,2,Q,2019-Q4,22.2,,,,
ABS:ERP_COMP_Q(1.0.0),13,2,Q,2020-Q1,26.6,,,,
ABS:ERP_COMP_Q(1.0.0),13,2,Q,2020-Q2,-1.6,,,,
ABS:ERP_COMP_Q(1.0.0),13,2,Q,2020-Q3,-23.6,,,,
ABS:ERP_COMP_Q(1.0.0),13,2,Q,2020-Q4,-24.2,,,,
ABS:ERP_COMP_Q(1.0.0),13,2,Q,2021-Q1,-11.9,,,,
ABS:ERP_COMP_Q(1.0.0),13,2,Q,2021-Q2,-7.5,,,,
ABS:ERP_COMP_Q(1.0.0),13,2,Q,2021-Q3,-4.7,,,,
ABS:ERP_COMP_Q(1.0.0),13,2,Q,2021-Q4,11.9,,,,
ABS:ERP_COMP_Q(1.0.0),13,2,Q,2022-Q1,36.6,,,,
ABS:ERP_COMP_Q(1.0.0),13,2,Q,2022-Q2,23.7,,,,
ABS:ERP_COMP_Q(1.0.0),13,2,Q,2022-Q3,42.5,,,,
ABS:ERP_COMP_Q(1.0.0),13,2,Q,2022-Q4,42.7,,,,
ABS:ERP_COMP_Q(1.0.0),13,2,Q,2023-Q1,56.9,,,,
ABS:ERP_COMP_Q(1.0.0),13,2,Q,2023-Q2,39.9,,,,
ABS:ERP_COMP_Q(1.0.0),13,2,Q,2023-Q3,48.5,,,,
ABS:ERP_COMP_Q(1.0.0),13,2,Q,2023-Q4,35.4,,,,
ABS:ERP_COMP_Q(1.0.0),13,2,Q,2024-Q1,47.5,,,,
ABS:ERP_COMP_Q(1.0.0),13,2,Q,2024-Q2,22.4,,,,
ABS:ERP_COMP_Q(1.0.0),13,2,Q,2024-Q3,30.7,,,,
ABS:ERP_COMP_Q(1.0.0),13,2,Q,2024-Q4,22.9,,,,
ABS:ERP_COMP_Q(1.0.0),13,2,Q,2025-Q1,42.6,,,,
ABS:ERP_COMP_Q(1.0.0),13,2,Q,2025-Q2,22.6,,,,
ABS:ERP_COMP_Q(1.0.0),13,2,Q,2025-Q3,30,,,,
ABS:ERP_COMP_Q(1.0.0),13,2,Q,2025-Q4,22.1,,,,
ABS:ERP_COMP_Q(1.0.0),6,3,Q,1981-Q2,8558,,,,
ABS:ERP_COMP_Q(1.0.0),6,3,Q,1981-Q3,11740,,,,
ABS:ERP_COMP_Q(1.0.0),6,3,Q,1981-Q4,10128,,,,
ABS:ERP_COMP_Q(1.0.0),6,3,Q,1982-Q1,7005,,,,
ABS:ERP_COMP_Q(1.0.0),6,3,Q,1982-Q2,6580,,,,
ABS:ERP_COMP_Q(1.0.0),6,3,Q,1982-Q3,8184,,,,
ABS:ERP_COMP_Q(1.0.0),6,3,Q,1982-Q4,5730,,,,
ABS:ERP_COMP_Q(1.0.0),6,3,Q,1983-Q1,3430,,,,
ABS:ERP_COMP_Q(1.0.0),6,3,Q,1983-Q2,3487,,,,
ABS:ERP_COMP_Q(1.0.0),6,3,Q,1983-Q3,2932,,,,
ABS:ERP_COMP_Q(1.0.0),6,3,Q,1983-Q4,3080,,,,
ABS:ERP_COMP_Q(1.0.0),6,3,Q,1984-Q1,2310,,,,
ABS:ERP_COMP_Q(1.0.0),6,3,Q,1984-Q2,1637,,,,
ABS:ERP_COMP_Q(1.0.0),6,3,Q,1984-Q3,3683,,,,
ABS:ERP_COMP_Q(1.0.0),6,3,Q,1984-Q4,3639,,,,
ABS:ERP_COMP_Q(1.0.0),6,3,Q,1985-Q1,3401,,,,
ABS:ERP_COMP_Q(1.0.0),6,3,Q,1985-Q2,2197,,,,
ABS:ERP_COMP_Q(1.0.0),6,3,Q,1985-Q3,4012,,,,
ABS:ERP_COMP_Q(1.0.0),6,3,Q,1985-Q4,4607,,,,
ABS:ERP_COMP_Q(1.0.0),6,3,Q,1986-Q1,3861,,,,
ABS:ERP_COMP_Q(1.0.0),6,3,Q,1986-Q2,4020,,,,
ABS:ERP_COMP_Q(1.0.0),6,3,Q,1986-Q3,4157,,,,
ABS:ERP_COMP_Q(1.0.0),6,3,Q,1986-Q4,4969,,,,
ABS:ERP_COMP_Q(1.0.0),6,3,Q,1987-Q1,6292,,,,
ABS:ERP_COMP_Q(1.0.0),6,3,Q,1987-Q2,4300,,,,
ABS:ERP_COMP_Q(1.0.0),6,3,Q,1987-Q3,4950,,,,
ABS:ERP_COMP_Q(1.0.0),6,3,Q,1987-Q4,7329,,,,
ABS:ERP_COMP_Q(1.0.0),6,3,Q,1988-Q1,9097,,,,
ABS:ERP_COMP_Q(1.0.0),6,3,Q,1988-Q2,6344,,,,
ABS:ERP_COMP_Q(1.0.0),6,3,Q,1988-Q3,8992,,,,
ABS:ERP_COMP_Q(1.0.0),6,3,Q,1988-Q4,9828,,,,
ABS:ERP_COMP_Q(1.0.0),6,3,Q,1989-Q1,15327,,,,
ABS:ERP_COMP_Q(1.0.0),6,3,Q,1989-Q2,12915,,,,
ABS:ERP_COMP_Q(1.0.0),6,3,Q,1989-Q3,11289,,,,
ABS:ERP_COMP_Q(1.0.0),6,3,Q,1989-Q4,9441,,,,
ABS:ERP_COMP_Q(1.0.0),6,3,Q,1990-Q1,11167,,,,
ABS:ERP_COMP_Q(1.0.0),6,3,Q,1990-Q2,6205,,,,
ABS:ERP_COMP_Q(1.0.0),6,3,Q,1990-Q3,6175,,,,
ABS:ERP_COMP_Q(1.0.0),6,3,Q,1990-Q4,9002,,,,
ABS:ERP_COMP_Q(1.0.0),6,3,Q,1991-Q1,8867,,,,
ABS:ERP_COMP_Q(1.0.0),6,3,Q,1991-Q2,5665,,,,
ABS:ERP_COMP_Q(1.0.0),6,3,Q,1991-Q3,7384,,,,
ABS:ERP_COMP_Q(1.0.0),6,3,Q,1991-Q4,9047,,,,
ABS:ERP_COMP_Q(1.0.0),6,3,Q,1992-Q1,11028,,,,
ABS:ERP_COMP_Q(1.0.0),6,3,Q,1992-Q2,6640,,,,
ABS:ERP_COMP_Q(1.0.0),6,3,Q,1992-Q3,11467,,,,
ABS:ERP_COMP_Q(1.0.0),6,3,Q,1992-Q4,11289,,,,
ABS:ERP_COMP_Q(1.0.0),6,3,Q,1993-Q1,16153,,,,
ABS:ERP_COMP_Q(1.0.0),6,3,Q,1993-Q2,10253,,,,
ABS:ERP_COMP_Q(1.0.0),6,3,Q,1993-Q3,12267,,,,
ABS:ERP_COMP_Q(1.0.0),6,3,Q,1993-Q4,10143,,,,
ABS:ERP_COMP_Q(1.0.0),6,3,Q,1994-Q1,12793,,,,
ABS:ERP_COMP_Q(1.0.0),6,3,Q,1994-Q2,9733,,,,
ABS:ERP_COMP_Q(1.0.0),6,3,Q,1994-Q3,9339,,,,
ABS:ERP_COMP_Q(1.0.0),6,3,Q,1994-Q4,9954,,,,
ABS:ERP_COMP_Q(1.0.0),6,3,Q,1995-Q1,10659,,,,
ABS:ERP_COMP_Q(1.0.0),6,3,Q,1995-Q2,10272,,,,
ABS:ERP_COMP_Q(1.0.0),6,3,Q,1995-Q3,8643,,,,
ABS:ERP_COMP_Q(1.0.0),6,3,Q,1995-Q4,8898,,,,
ABS:ERP_COMP_Q(1.0.0),6,3,Q,1996-Q1,9495,,,,
ABS:ERP_COMP_Q(1.0.0),6,3,Q,1996-Q2,5578,,,,
ABS:ERP_COMP_Q(1.0.0),6,3,Q,1996-Q3,6409,,,,
ABS:ERP_COMP_Q(1.0.0),6,3,Q,1996-Q4,5321,,,,
ABS:ERP_COMP_Q(1.0.0),6,3,Q,1997-Q1,3561,,,,
ABS:ERP_COMP_Q(1.0.0),6,3,Q,1997-Q2,4314,,,,
ABS:ERP_COMP_Q(1.0.0),6,3,Q,1997-Q3,5274,,,,
ABS:ERP_COMP_Q(1.0.0),6,3,Q,1997-Q4,4995,,,,
ABS:ERP_COMP_Q(1.0.0),6,3,Q,1998-Q1,2925,,,,
ABS:ERP_COMP_Q(1.0.0),6,3,Q,1998-Q2,4230,,,,
ABS:ERP_COMP_Q(1.0.0),6,3,Q,1998-Q3,3638,,,,
ABS:ERP_COMP_Q(1.0.0),6,3,Q,1998-Q4,4640,,,,
ABS:ERP_COMP_Q(1.0.0),6,3,Q,1999-Q1,3682,,,,
ABS:ERP_COMP_Q(1.0.0),6,3,Q,1999-Q2,4722,,,,
ABS:ERP_COMP_Q(1.0.0),6,3,Q,1999-Q3,4057,,,,
ABS:ERP_COMP_Q(1.0.0),6,3,Q,1999-Q4,4572,,,,
ABS:ERP_COMP_Q(1.0.0),6,3,Q,2000-Q1,5133,,,,
ABS:ERP_COMP_Q(1.0.0),6,3,Q,2000-Q2,4691,,,,
ABS:ERP_COMP_Q(1.0.0),6,3,Q,2000-Q3,4653,,,,
ABS:ERP_COMP_Q(1.0.0),6,3,Q,2000-Q4,5890,,,,
ABS:ERP_COMP_Q(1.0.0),6,3,Q,2001-Q1,4301,,,,
ABS:ERP_COMP_Q(1.0.0),6,3,Q,2001-Q2,5180,,,,
ABS:ERP_COMP_Q(1.0.0),6,3,Q,2001-Q3,5363,,,,
ABS:ERP_COMP_Q(1.0.0),6,3,Q,2001-Q4,7833,,,,
ABS:ERP_COMP_Q(1.0.0),6,3,Q,2002-Q1,6746,,,,
ABS:ERP_COMP_Q(1.0.0),6,3,Q,2002-Q2,10093,,,,
ABS:ERP_COMP_Q(1.0.0),6,3,Q,2002-Q3,9565,,,,
ABS:ERP_COMP_Q(1.0.0),6,3,Q,2002-Q4,11033,,,,
ABS:ERP_COMP_Q(1.0.0),6,3,Q,2003-Q1,7943,,,,
ABS:ERP_COMP_Q(1.0.0),6,3,Q,2003-Q2,9443,,,,
ABS:ERP_COMP_Q(1.0.0),6,3,Q,2003-Q3,8866,,,,
ABS:ERP_COMP_Q(1.0.0),6,3,Q,2003-Q4,10101,,,,
ABS:ERP_COMP_Q(1.0.0),6,3,Q,2004-Q1,7675,,,,
ABS:ERP_COMP_Q(1.0.0),6,3,Q,2004-Q2,8856,,,,
ABS:ERP_COMP_Q(1.0.0),6,3,Q,2004-Q3,7315,,,,
ABS:ERP_COMP_Q(1.0.0),6,3,Q,2004-Q4,8506,,,,
ABS:ERP_COMP_Q(1.0.0),6,3,Q,2005-Q1,7467,,,,
ABS:ERP_COMP_Q(1.0.0),6,3,Q,2005-Q2,7083,,,,
ABS:ERP_COMP_Q(1.0.0),6,3,Q,2005-Q3,6313,,,,
ABS:ERP_COMP_Q(1.0.0),6,3,Q,2005-Q4,8278,,,,
ABS:ERP_COMP_Q(1.0.0),6,3,Q,2006-Q1,5464,,,,
ABS:ERP_COMP_Q(1.0.0),6,3,Q,2006-Q2,6552,,,,
ABS:ERP_COMP_Q(1.0.0),6,3,Q,2006-Q3,4853,,,,
ABS:ERP_COMP_Q(1.0.0),6,3,Q,2006-Q4,7284,,,,
ABS:ERP_COMP_Q(1.0.0),6,3,Q,2007-Q1,5619,,,,
ABS:ERP_COMP_Q(1.0.0),6,3,Q,2007-Q2,5625,,,,
ABS:ERP_COMP_Q(1.0.0),6,3,Q,2007-Q3,4775,,,,
ABS:ERP_COMP_Q(1.0.0),6,3,Q,2007-Q4,5934,,,,
ABS:ERP_COMP_Q(1.0.0),6,3,Q,2008-Q1,4248,,,,
ABS:ERP_COMP_Q(1.0.0),6,3,Q,2008-Q2,4452,,,,
ABS:ERP_COMP_Q(1.0.0),6,3,Q,2008-Q3,4447,,,,
ABS:ERP_COMP_Q(1.0.0),6,3,Q,2008-Q4,4369,,,,
ABS:ERP_COMP_Q(1.0.0),6,3,Q,2009-Q1,3031,,,,
ABS:ERP_COMP_Q(1.0.0),6,3,Q,2009-Q2,2855,,,,
ABS:ERP_COMP_Q(1.0.0),6,3,Q,2009-Q3,2082,,,,
ABS:ERP_COMP_Q(1.0.0),6,3,Q,2009-Q4,2023,,,,
ABS:ERP_COMP_Q(1.0.0),6,3,Q,2010-Q1,589,,,,
ABS:ERP_COMP_Q(1.0.0),6,3,Q,2010-Q2,1478,,,,
ABS:ERP_COMP_Q(1.0.0),6,3,Q,2010-Q3,1608,,,,
ABS:ERP_COMP_Q(1.0.0),6,3,Q,2010-Q4,1709,,,,
ABS:ERP_COMP_Q(1.0.0),6,3,Q,2011-Q1,1490,,,,
ABS:ERP_COMP_Q(1.0.0),6,3,Q,2011-Q2,1988,,,,
ABS:ERP_COMP_Q(1.0.0),6,3,Q,2011-Q3,2638,,,,
ABS:ERP_COMP_Q(1.0.0),6,3,Q,2011-Q4,3271,,,,
ABS:ERP_COMP_Q(1.0.0),6,3,Q,2012-Q1,3197,,,,
ABS:ERP_COMP_Q(1.0.0),6,3,Q,2012-Q2,2676,,,,
ABS:ERP_COMP_Q(1.0.0),6,3,Q,2012-Q3,2983,,,,
ABS:ERP_COMP_Q(1.0.0),6,3,Q,2012-Q4,2069,,,,
ABS:ERP_COMP_Q(1.0.0),6,3,Q,2013-Q1,1990,,,,
ABS:ERP_COMP_Q(1.0.0),6,3,Q,2013-Q2,1832,,,,
ABS:ERP_COMP_Q(1.0.0),6,3,Q,2013-Q3,1515,,,,
ABS:ERP_COMP_Q(1.0.0),6,3,Q,2013-Q4,2089,,,,
ABS:ERP_COMP_Q(1.0.0),6,3,Q,2014-Q1,911,,,,
ABS:ERP_COMP_Q(1.0.0),6,3,Q,2014-Q2,1779,,,,
ABS:ERP_COMP_Q(1.0.0),6,3,Q,2014-Q3,1653,,,,
ABS:ERP_COMP_Q(1.0.0),6,3,Q,2014-Q4,1836,,,,
ABS:ERP_COMP_Q(1.0.0),6,3,Q,2015-Q1,1382,,,,
ABS:ERP_COMP_Q(1.0.0),6,3,Q,2015-Q2,1990,,,,
ABS:ERP_COMP_Q(1.0.0),6,3,Q,2015-Q3,2119,,,,
ABS:ERP_COMP_Q(1.0.0),6,3,Q,2015-Q4,3250,,,,
ABS:ERP_COMP_Q(1.0.0),6,3,Q,2016-Q1,3187,,,,
ABS:ERP_COMP_Q(1.0.0),6,3,Q,2016-Q2,3430,,,,
ABS:ERP_COMP_Q(1.0.0),6,3,Q,2016-Q3,3379,,,,
ABS:ERP_COMP_Q(1.0.0),6,3,Q,2016-Q4,4626,,,,
ABS:ERP_COMP_Q(1.0.0),6,3,Q,2017-Q1,4351,,,,
ABS:ERP_COMP_Q(1.0.0),6,3,Q,2017-Q2,5138,,,,
ABS:ERP_COMP_Q(1.0.0),6,3,Q,2017-Q3,5369,,,,
ABS:ERP_COMP_Q(1.0.0),6,3,Q,2017-Q4,7607,,,,
ABS:ERP_COMP_Q(1.0.0),6,3,Q,2018-Q1,5753,,,,
ABS:ERP_COMP_Q(1.0.0),6,3,Q,2018-Q2,5834,,,,
ABS:ERP_COMP_Q(1.0.0),6,3,Q,2018-Q3,4883,,,,
ABS:ERP_COMP_Q(1.0.0),6,3,Q,2018-Q4,6954,,,,
ABS:ERP_COMP_Q(1.0.0),6,3,Q,2019-Q1,5189,,,,
ABS:ERP_COMP_Q(1.0.0),6,3,Q,2019-Q2,5620,,,,
ABS:ERP_COMP_Q(1.0.0),6,3,Q,2019-Q3,5598,,,,
ABS:ERP_COMP_Q(1.0.0),6,3,Q,2019-Q4,6548,,,,
ABS:ERP_COMP_Q(1.0.0),6,3,Q,2020-Q1,5580,,,,
ABS:ERP_COMP_Q(1.0.0),6,3,Q,2020-Q2,6033,,,,
ABS:ERP_COMP_Q(1.0.0),6,3,Q,2020-Q3,8939,,,,
ABS:ERP_COMP_Q(1.0.0),6,3,Q,2020-Q4,11792,,,,
ABS:ERP_COMP_Q(1.0.0),6,3,Q,2021-Q1,10090,,,,
ABS:ERP_COMP_Q(1.0.0),6,3,Q,2021-Q2,9402,,,,
ABS:ERP_COMP_Q(1.0.0),6,3,Q,2021-Q3,8403,,,,
ABS:ERP_COMP_Q(1.0.0),6,3,Q,2021-Q4,11311,,,,
ABS:ERP_COMP_Q(1.0.0),6,3,Q,2022-Q1,10941,,,,
ABS:ERP_COMP_Q(1.0.0),6,3,Q,2022-Q2,7152,,,,
ABS:ERP_COMP_Q(1.0.0),6,3,Q,2022-Q3,6869,,,,
ABS:ERP_COMP_Q(1.0.0),6,3,Q,2022-Q4,10024,,,,
ABS:ERP_COMP_Q(1.0.0),6,3,Q,2023-Q1,6866,,,,
ABS:ERP_COMP_Q(1.0.0),6,3,Q,2023-Q2,7678,,,,
ABS:ERP_COMP_Q(1.0.0),6,3,Q,2023-Q3,7175,,,,
ABS:ERP_COMP_Q(1.0.0),6,3,Q,2023-Q4,9006,,,,
ABS:ERP_COMP_Q(1.0.0),6,3,Q,2024-Q1,6163,,,,
ABS:ERP_COMP_Q(1.0.0),6,3,Q,2024-Q2,6613,,,,
ABS:ERP_COMP_Q(1.0.0),6,3,Q,2024-Q3,5670,,,,
ABS:ERP_COMP_Q(1.0.0),6,3,Q,2024-Q4,7735,,,,
ABS:ERP_COMP_Q(1.0.0),6,3,Q,2025-Q1,4301,,,,
ABS:ERP_COMP_Q(1.0.0),6,3,Q,2025-Q2,4258,,,,
ABS:ERP_COMP_Q(1.0.0),6,3,Q,2025-Q3,3056,,,,
ABS:ERP_COMP_Q(1.0.0),6,3,Q,2025-Q4,4913,,,,
ABS:ERP_COMP_Q(1.0.0),3,5,Q,1981-Q2,3.6,,,,
ABS:ERP_COMP_Q(1.0.0),3,5,Q,1981-Q3,3.4,,,,
ABS:ERP_COMP_Q(1.0.0),3,5,Q,1981-Q4,3.4,,,,
ABS:ERP_COMP_Q(1.0.0),3,5,Q,1982-Q1,3.6,,,,
ABS:ERP_COMP_Q(1.0.0),3,5,Q,1982-Q2,3.8,,,,
ABS:ERP_COMP_Q(1.0.0),3,5,Q,1982-Q3,3.3,,,,
ABS:ERP_COMP_Q(1.0.0),3,5,Q,1982-Q4,3.3,,,,
ABS:ERP_COMP_Q(1.0.0),3,5,Q,1983-Q1,3.7,,,,
ABS:ERP_COMP_Q(1.0.0),3,5,Q,1983-Q2,4,,,,
ABS:ERP_COMP_Q(1.0.0),3,5,Q,1983-Q3,3.3,,,,
ABS:ERP_COMP_Q(1.0.0),3,5,Q,1983-Q4,3.7,,,,
ABS:ERP_COMP_Q(1.0.0),3,5,Q,1984-Q1,3.4,,,,
ABS:ERP_COMP_Q(1.0.0),3,5,Q,1984-Q2,3.4,,,,
ABS:ERP_COMP_Q(1.0.0),3,5,Q,1984-Q3,3.6,,,,
ABS:ERP_COMP_Q(1.0.0),3,5,Q,1984-Q4,2.7,,,,
ABS:ERP_COMP_Q(1.0.0),3,5,Q,1985-Q1,3.8,,,,
ABS:ERP_COMP_Q(1.0.0),3,5,Q,1985-Q2,4.2,,,,
ABS:ERP_COMP_Q(1.0.0),3,5,Q,1985-Q3,3.1,,,,
ABS:ERP_COMP_Q(1.0.0),3,5,Q,1985-Q4,3.3,,,,
ABS:ERP_COMP_Q(1.0.0),3,5,Q,1986-Q1,3.8,,,,
ABS:ERP_COMP_Q(1.0.0),3,5,Q,1986-Q2,4.2,,,,
ABS:ERP_COMP_Q(1.0.0),3,5,Q,1986-Q3,3.4,,,,
ABS:ERP_COMP_Q(1.0.0),3,5,Q,1986-Q4,3.5,,,,
ABS:ERP_COMP_Q(1.0.0),3,5,Q,1987-Q1,3.4,,,,
ABS:ERP_COMP_Q(1.0.0),3,5,Q,1987-Q2,4.3,,,,
ABS:ERP_COMP_Q(1.0.0),3,5,Q,1987-Q3,3.7,,,,
ABS:ERP_COMP_Q(1.0.0),3,5,Q,1987-Q4,3.1,,,,
ABS:ERP_COMP_Q(1.0.0),3,5,Q,1988-Q1,4.5,,,,
ABS:ERP_COMP_Q(1.0.0),3,5,Q,1988-Q2,3.8,,,,
ABS:ERP_COMP_Q(1.0.0),3,5,Q,1988-Q3,3.5,,,,
ABS:ERP_COMP_Q(1.0.0),3,5,Q,1988-Q4,3.7,,,,
ABS:ERP_COMP_Q(1.0.0),3,5,Q,1989-Q1,3.9,,,,
ABS:ERP_COMP_Q(1.0.0),3,5,Q,1989-Q2,4.2,,,,
ABS:ERP_COMP_Q(1.0.0),3,5,Q,1989-Q3,3.7,,,,
ABS:ERP_COMP_Q(1.0.0),3,5,Q,1989-Q4,3.7,,,,
ABS:ERP_COMP_Q(1.0.0),3,5,Q,1990-Q1,4.4,,,,
ABS:ERP_COMP_Q(1.0.0),3,5,Q,1990-Q2,4,,,,
ABS:ERP_COMP_Q(1.0.0),3,5,Q,1990-Q3,3.9,,,,
ABS:ERP_COMP_Q(1.0.0),3,5,Q,1990-Q4,3.6,,,,
ABS:ERP_COMP_Q(1.0.0),3,5,Q,1991-Q1,4.2,,,,
ABS:ERP_COMP_Q(1.0.0),3,5,Q,1991-Q2,4.4,,,,
ABS:ERP_COMP_Q(1.0.0),3,5,Q,1991-Q3,3.7,,,,
ABS:ERP_COMP_Q(1.0.0),3,5,Q,1991-Q4,3.6,,,,
ABS:ERP_COMP_Q(1.0.0),3,5,Q,1992-Q1,4,,,,
ABS:ERP_COMP_Q(1.0.0),3,5,Q,1992-Q2,3.9,,,,
ABS:ERP_COMP_Q(1.0.0),3,5,Q,1992-Q3,3.6,,,,
ABS:ERP_COMP_Q(1.0.0),3,5,Q,1992-Q4,3.4,,,,
ABS:ERP_COMP_Q(1.0.0),3,5,Q,1993-Q1,3.9,,,,
ABS:ERP_COMP_Q(1.0.0),3,5,Q,1993-Q2,3.8,,,,
ABS:ERP_COMP_Q(1.0.0),3,5,Q,1993-Q3,3.4,,,,
ABS:ERP_COMP_Q(1.0.0),3,5,Q,1993-Q4,3.5,,,,
ABS:ERP_COMP_Q(1.0.0),3,5,Q,1994-Q1,3.9,,,,
ABS:ERP_COMP_Q(1.0.0),3,5,Q,1994-Q2,3.7,,,,
ABS:ERP_COMP_Q(1.0.0),3,5,Q,1994-Q3,3.6,,,,
ABS:ERP_COMP_Q(1.0.0),3,5,Q,1994-Q4,3.5,,,,
ABS:ERP_COMP_Q(1.0.0),3,5,Q,1995-Q1,4.1,,,,
ABS:ERP_COMP_Q(1.0.0),3,5,Q,1995-Q2,3.6,,,,
ABS:ERP_COMP_Q(1.0.0),3,5,Q,1995-Q3,3.5,,,,
ABS:ERP_COMP_Q(1.0.0),3,5,Q,1995-Q4,3.2,,,,
ABS:ERP_COMP_Q(1.0.0),3,5,Q,1996-Q1,3.7,,,,
ABS:ERP_COMP_Q(1.0.0),3,5,Q,1996-Q2,3.6,,,,
ABS:ERP_COMP_Q(1.0.0),3,5,Q,1996-Q3,3.2,,,,
ABS:ERP_COMP_Q(1.0.0),3,5,Q,1996-Q4,3.5,,,,
ABS:ERP_COMP_Q(1.0.0),3,5,Q,1997-Q1,3.9,,,,
ABS:ERP_COMP_Q(1.0.0),3,5,Q,1997-Q2,3.5,,,,
ABS:ERP_COMP_Q(1.0.0),3,5,Q,1997-Q3,3,,,,
ABS:ERP_COMP_Q(1.0.0),3,5,Q,1997-Q4,3.3,,,,
ABS:ERP_COMP_Q(1.0.0),3,5,Q,1998-Q1,3.8,,,,
ABS:ERP_COMP_Q(1.0.0),3,5,Q,1998-Q2,3.7,,,,
ABS:ERP_COMP_Q(1.0.0),3,5,Q,1998-Q3,3.4,,,,
ABS:ERP_COMP_Q(1.0.0),3,5,Q,1998-Q4,3.6,,,,
ABS:ERP_COMP_Q(1.0.0),3,5,Q,1999-Q1,3.7,,,,
ABS:ERP_COMP_Q(1.0.0),3,5,Q,1999-Q2,3.9,,,,
ABS:ERP_COMP_Q(1.0.0),3,5,Q,1999-Q3,3.2,,,,
ABS:ERP_COMP_Q(1.0.0),3,5,Q,1999-Q4,3.5,,,,
ABS:ERP_COMP_Q(1.0.0),3,5,Q,2000-Q1,3.8,,,,
ABS:ERP_COMP_Q(1.0.0),3,5,Q,2000-Q2,3.3,,,,
ABS:ERP_COMP_Q(1.0.0),3,5,Q,2000-Q3,3.5,,,,
ABS:ERP_COMP_Q(1.0.0),3,5,Q,2000-Q4,3.4,,,,
ABS:ERP_COMP_Q(1.0.0),3,5,Q,2001-Q1,3.7,,,,
ABS:ERP_COMP_Q(1.0.0),3,5,Q,2001-Q2,3.4,,,,
ABS:ERP_COMP_Q(1.0.0),3,5,Q,2001-Q3,3.2,,,,
ABS:ERP_COMP_Q(1.0.0),3,5,Q,2001-Q4,3.2,,,,
ABS:ERP_COMP_Q(1.0.0),3,5,Q,2002-Q1,3.6,,,,
ABS:ERP_COMP_Q(1.0.0),3,5,Q,2002-Q2,3.2,,,,
ABS:ERP_COMP_Q(1.0.0),3,5,Q,2002-Q3,2.9,,,,
ABS:ERP_COMP_Q(1.0.0),3,5,Q,2002-Q4,3.2,,,,
ABS:ERP_COMP_Q(1.0.0),3,5,Q,2003-Q1,3.3,,,,
ABS:ERP_COMP_Q(1.0.0),3,5,Q,2003-Q2,3.4,,,,
ABS:ERP_COMP_Q(1.0.0),3,5,Q,2003-Q3,2.8,,,,
ABS:ERP_COMP_Q(1.0.0),3,5,Q,2003-Q4,2.9,,,,
ABS:ERP_COMP_Q(1.0.0),3,5,Q,2004-Q1,3.9,,,,
ABS:ERP_COMP_Q(1.0.0),3,5,Q,2004-Q2,3.6,,,,
ABS:ERP_COMP_Q(1.0.0),3,5,Q,2004-Q3,3.1,,,,
ABS:ERP_COMP_Q(1.0.0),3,5,Q,2004-Q4,3.3,,,,
ABS:ERP_COMP_Q(1.0.0),3,5,Q,2005-Q1,4,,,,
ABS:ERP_COMP_Q(1.0.0),3,5,Q,2005-Q2,3.8,,,,
ABS:ERP_COMP_Q(1.0.0),3,5,Q,2005-Q3,3.6,,,,
ABS:ERP_COMP_Q(1.0.0),3,5,Q,2005-Q4,3.6,,,,
ABS:ERP_COMP_Q(1.0.0),3,5,Q,2006-Q1,4.1,,,,
ABS:ERP_COMP_Q(1.0.0),3,5,Q,2006-Q2,3.9,,,,
ABS:ERP_COMP_Q(1.0.0),3,5,Q,2006-Q3,4.3,,,,
ABS:ERP_COMP_Q(1.0.0),3,5,Q,2006-Q4,4.1,,,,
ABS:ERP_COMP_Q(1.0.0),3,5,Q,2007-Q1,4.6,,,,
ABS:ERP_COMP_Q(1.0.0),3,5,Q,2007-Q2,4.3,,,,
ABS:ERP_COMP_Q(1.0.0),3,5,Q,2007-Q3,4.2,,,,
ABS:ERP_COMP_Q(1.0.0),3,5,Q,2007-Q4,4.4,,,,
ABS:ERP_COMP_Q(1.0.0),3,5,Q,2008-Q1,5,,,,
ABS:ERP_COMP_Q(1.0.0),3,5,Q,2008-Q2,4.6,,,,
ABS:ERP_COMP_Q(1.0.0),3,5,Q,2008-Q3,4.2,,,,
ABS:ERP_COMP_Q(1.0.0),3,5,Q,2008-Q4,4.4,,,,
ABS:ERP_COMP_Q(1.0.0),3,5,Q,2009-Q1,4.8,,,,
ABS:ERP_COMP_Q(1.0.0),3,5,Q,2009-Q2,4.8,,,,
ABS:ERP_COMP_Q(1.0.0),3,5,Q,2009-Q3,4.5,,,,
ABS:ERP_COMP_Q(1.0.0),3,5,Q,2009-Q4,4.5,,,,
ABS:ERP_COMP_Q(1.0.0),3,5,Q,2010-Q1,5.1,,,,
ABS:ERP_COMP_Q(1.0.0),3,5,Q,2010-Q2,4.8,,,,
ABS:ERP_COMP_Q(1.0.0),3,5,Q,2010-Q3,4.5,,,,
ABS:ERP_COMP_Q(1.0.0),3,5,Q,2010-Q4,4.3,,,,
ABS:ERP_COMP_Q(1.0.0),3,5,Q,2011-Q1,5.3,,,,
ABS:ERP_COMP_Q(1.0.0),3,5,Q,2011-Q2,5.1,,,,
ABS:ERP_COMP_Q(1.0.0),3,5,Q,2011-Q3,4.7,,,,
ABS:ERP_COMP_Q(1.0.0),3,5,Q,2011-Q4,4.6,,,,
ABS:ERP_COMP_Q(1.0.0),3,5,Q,2012-Q1,5.5,,,,
ABS:ERP_COMP_Q(1.0.0),3,5,Q,2012-Q2,5.3,,,,
ABS:ERP_COMP_Q(1.0.0),3,5,Q,2012-Q3,4.7,,,,
ABS:ERP_COMP_Q(1.0.0),3,5,Q,2012-Q4,5.4,,,,
ABS:ERP_COMP_Q(1.0.0),3,5,Q,2013-Q1,5.7,,,,
ABS:ERP_COMP_Q(1.0.0),3,5,Q,2013-Q2,5.3,,,,
ABS:ERP_COMP_Q(1.0.0),3,5,Q,2013-Q3,5,,,,
ABS:ERP_COMP_Q(1.0.0),3,5,Q,2013-Q4,5.1,,,,
ABS:ERP_COMP_Q(1.0.0),3,5,Q,2014-Q1,5.7,,,,
ABS:ERP_COMP_Q(1.0.0),3,5,Q,2014-Q2,5.5,,,,
ABS:ERP_COMP_Q(1.0.0),3,5,Q,2014-Q3,5.2,,,,
ABS:ERP_COMP_Q(1.0.0),3,5,Q,2014-Q4,5.3,,,,
ABS:ERP_COMP_Q(1.0.0),3,5,Q,2015-Q1,5.5,,,,
ABS:ERP_COMP_Q(1.0.0),3,5,Q,2015-Q2,5.1,,,,
ABS:ERP_COMP_Q(1.0.0),3,5,Q,2015-Q3,4.9,,,,
ABS:ERP_COMP_Q(1.0.0),3,5,Q,2015-Q4,5.2,,,,
ABS:ERP_COMP_Q(1.0.0),3,5,Q,2016-Q1,5.8,,,,
ABS:ERP_COMP_Q(1.0.0),3,5,Q,2016-Q2,5.5,,,,
ABS:ERP_COMP_Q(1.0.0),3,5,Q,2016-Q3,4.7,,,,
ABS:ERP_COMP_Q(1.0.0),3,5,Q,2016-Q4,5,,,,
ABS:ERP_COMP_Q(1.0.0),3,5,Q,2017-Q1,5.3,,,,
ABS:ERP_COMP_Q(1.0.0),3,5,Q,2017-Q2,5.2,,,,
ABS:ERP_COMP_Q(1.0.0),3,5,Q,2017-Q3,4.6,,,,
ABS:ERP_COMP_Q(1.0.0),3,5,Q,2017-Q4,4.9,,,,
ABS:ERP_COMP_Q(1.0.0),3,5,Q,2018-Q1,5.1,,,,
ABS:ERP_COMP_Q(1.0.0),3,5,Q,2018-Q2,4.7,,,,
ABS:ERP_COMP_Q(1.0.0),3,5,Q,2018-Q3,4.4,,,,
ABS:ERP_COMP_Q(1.0.0),3,5,Q,2018-Q4,4.6,,,,
ABS:ERP_COMP_Q(1.0.0),3,5,Q,2019-Q1,4.6,,,,
ABS:ERP_COMP_Q(1.0.0),3,5,Q,2019-Q2,4.4,,,,
ABS:ERP_COMP_Q(1.0.0),3,5,Q,2019-Q3,4.5,,,,
ABS:ERP_COMP_Q(1.0.0),3,5,Q,2019-Q4,4.8,,,,
ABS:ERP_COMP_Q(1.0.0),3,5,Q,2020-Q1,4.7,,,,
ABS:ERP_COMP_Q(1.0.0),3,5,Q,2020-Q2,4.3,,,,
ABS:ERP_COMP_Q(1.0.0),3,5,Q,2020-Q3,4.2,,,,
ABS:ERP_COMP_Q(1.0.0),3,5,Q,2020-Q4,4,,,,
ABS:ERP_COMP_Q(1.0.0),3,5,Q,2021-Q1,5.1,,,,
ABS:ERP_COMP_Q(1.0.0),3,5,Q,2021-Q2,4.7,,,,
ABS:ERP_COMP_Q(1.0.0),3,5,Q,2021-Q3,4.2,,,,
ABS:ERP_COMP_Q(1.0.0),3,5,Q,2021-Q4,4.5,,,,
ABS:ERP_COMP_Q(1.0.0),3,5,Q,2022-Q1,4.4,,,,
ABS:ERP_COMP_Q(1.0.0),3,5,Q,2022-Q2,3.6,,,,
ABS:ERP_COMP_Q(1.0.0),3,5,Q,2022-Q3,3.5,,,,
ABS:ERP_COMP_Q(1.0.0),3,5,Q,2022-Q4,3.5,,,,
ABS:ERP_COMP_Q(1.0.0),3,5,Q,2023-Q1,3.5,,,,
ABS:ERP_COMP_Q(1.0.0),3,5,Q,2023-Q2,3.2,,,,
ABS:ERP_COMP_Q(1.0.0),3,5,Q,2023-Q3,3.2,,,,
ABS:ERP_COMP_Q(1.0.0),3,5,Q,2023-Q4,3.3,,,,
ABS:ERP_COMP_Q(1.0.0),3,5,Q,2024-Q1,3.6,,,,
ABS:ERP_COMP_Q(1.0.0),3,5,Q,2024-Q2,3.5,,,,
ABS:ERP_COMP_Q(1.0.0),3,5,Q,2024-Q3,3.6,,,,
ABS:ERP_COMP_Q(1.0.0),3,5,Q,2024-Q4,2.6,,,,
ABS:ERP_COMP_Q(1.0.0),3,5,Q,2025-Q1,4.7,,,,
ABS:ERP_COMP_Q(1.0.0),3,5,Q,2025-Q2,3.9,,,,
ABS:ERP_COMP_Q(1.0.0),3,5,Q,2025-Q3,3.4,,,,
ABS:ERP_COMP_Q(1.0.0),3,5,Q,2025-Q4,2.5,,,,
ABS:ERP_COMP_Q(1.0.0),3,6,Q,1981-Q2,1,,,,
ABS:ERP_COMP_Q(1.0.0),3,6,Q,1981-Q3,0.9,,,,
ABS:ERP_COMP_Q(1.0.0),3,6,Q,1981-Q4,0.9,,,,
ABS:ERP_COMP_Q(1.0.0),3,6,Q,1982-Q1,1.1,,,,
ABS:ERP_COMP_Q(1.0.0),3,6,Q,1982-Q2,0.9,,,,
ABS:ERP_COMP_Q(1.0.0),3,6,Q,1982-Q3,0.8,,,,
ABS:ERP_COMP_Q(1.0.0),3,6,Q,1982-Q4,0.8,,,,
ABS:ERP_COMP_Q(1.0.0),3,6,Q,1983-Q1,1,,,,
ABS:ERP_COMP_Q(1.0.0),3,6,Q,1983-Q2,1,,,,
ABS:ERP_COMP_Q(1.0.0),3,6,Q,1983-Q3,0.9,,,,
ABS:ERP_COMP_Q(1.0.0),3,6,Q,1983-Q4,0.8,,,,
ABS:ERP_COMP_Q(1.0.0),3,6,Q,1984-Q1,1,,,,
ABS:ERP_COMP_Q(1.0.0),3,6,Q,1984-Q2,0.9,,,,
ABS:ERP_COMP_Q(1.0.0),3,6,Q,1984-Q3,0.8,,,,
ABS:ERP_COMP_Q(1.0.0),3,6,Q,1984-Q4,0.8,,,,
ABS:ERP_COMP_Q(1.0.0),3,6,Q,1985-Q1,1.1,,,,
ABS:ERP_COMP_Q(1.0.0),3,6,Q,1985-Q2,0.9,,,,
ABS:ERP_COMP_Q(1.0.0),3,6,Q,1985-Q3,0.8,,,,
ABS:ERP_COMP_Q(1.0.0),3,6,Q,1985-Q4,0.8,,,,
ABS:ERP_COMP_Q(1.0.0),3,6,Q,1986-Q1,0.8,,,,
ABS:ERP_COMP_Q(1.0.0),3,6,Q,1986-Q2,0.9,,,,
ABS:ERP_COMP_Q(1.0.0),3,6,Q,1986-Q3,0.9,,,,
ABS:ERP_COMP_Q(1.0.0),3,6,Q,1986-Q4,0.9,,,,
ABS:ERP_COMP_Q(1.0.0),3,6,Q,1987-Q1,0.9,,,,
ABS:ERP_COMP_Q(1.0.0),3,6,Q,1987-Q2,0.8,,,,
ABS:ERP_COMP_Q(1.0.0),3,6,Q,1987-Q3,0.7,,,,
ABS:ERP_COMP_Q(1.0.0),3,6,Q,1987-Q4,0.7,,,,
ABS:ERP_COMP_Q(1.0.0),3,6,Q,1988-Q1,0.8,,,,
ABS:ERP_COMP_Q(1.0.0),3,6,Q,1988-Q2,0.8,,,,
ABS:ERP_COMP_Q(1.0.0),3,6,Q,1988-Q3,0.7,,,,
ABS:ERP_COMP_Q(1.0.0),3,6,Q,1988-Q4,0.9,,,,
ABS:ERP_COMP_Q(1.0.0),3,6,Q,1989-Q1,0.8,,,,
ABS:ERP_COMP_Q(1.0.0),3,6,Q,1989-Q2,0.8,,,,
ABS:ERP_COMP_Q(1.0.0),3,6,Q,1989-Q3,0.7,,,,
ABS:ERP_COMP_Q(1.0.0),3,6,Q,1989-Q4,0.8,,,,
ABS:ERP_COMP_Q(1.0.0),3,6,Q,1990-Q1,0.9,,,,
ABS:ERP_COMP_Q(1.0.0),3,6,Q,1990-Q2,0.9,,,,
ABS:ERP_COMP_Q(1.0.0),3,6,Q,1990-Q3,0.7,,,,
ABS:ERP_COMP_Q(1.0.0),3,6,Q,1990-Q4,0.8,,,,
ABS:ERP_COMP_Q(1.0.0),3,6,Q,1991-Q1,0.9,,,,
ABS:ERP_COMP_Q(1.0.0),3,6,Q,1991-Q2,0.9,,,,
ABS:ERP_COMP_Q(1.0.0),3,6,Q,1991-Q3,0.7,,,,
ABS:ERP_COMP_Q(1.0.0),3,6,Q,1991-Q4,0.8,,,,
ABS:ERP_COMP_Q(1.0.0),3,6,Q,1992-Q1,0.9,,,,
ABS:ERP_COMP_Q(1.0.0),3,6,Q,1992-Q2,0.8,,,,
ABS:ERP_COMP_Q(1.0.0),3,6,Q,1992-Q3,0.7,,,,
ABS:ERP_COMP_Q(1.0.0),3,6,Q,1992-Q4,0.8,,,,
ABS:ERP_COMP_Q(1.0.0),3,6,Q,1993-Q1,0.8,,,,
ABS:ERP_COMP_Q(1.0.0),3,6,Q,1993-Q2,0.8,,,,
ABS:ERP_COMP_Q(1.0.0),3,6,Q,1993-Q3,0.8,,,,
ABS:ERP_COMP_Q(1.0.0),3,6,Q,1993-Q4,0.8,,,,
ABS:ERP_COMP_Q(1.0.0),3,6,Q,1994-Q1,0.8,,,,
ABS:ERP_COMP_Q(1.0.0),3,6,Q,1994-Q2,0.7,,,,
ABS:ERP_COMP_Q(1.0.0),3,6,Q,1994-Q3,0.6,,,,
ABS:ERP_COMP_Q(1.0.0),3,6,Q,1994-Q4,0.8,,,,
ABS:ERP_COMP_Q(1.0.0),3,6,Q,1995-Q1,0.8,,,,
ABS:ERP_COMP_Q(1.0.0),3,6,Q,1995-Q2,0.7,,,,
ABS:ERP_COMP_Q(1.0.0),3,6,Q,1995-Q3,0.7,,,,
ABS:ERP_COMP_Q(1.0.0),3,6,Q,1995-Q4,0.6,,,,
ABS:ERP_COMP_Q(1.0.0),3,6,Q,1996-Q1,0.7,,,,
ABS:ERP_COMP_Q(1.0.0),3,6,Q,1996-Q2,0.5,,,,
ABS:ERP_COMP_Q(1.0.0),3,6,Q,1996-Q3,0.6,,,,
ABS:ERP_COMP_Q(1.0.0),3,6,Q,1996-Q4,0.7,,,,
ABS:ERP_COMP_Q(1.0.0),3,6,Q,1997-Q1,0.6,,,,
ABS:ERP_COMP_Q(1.0.0),3,6,Q,1997-Q2,0.5,,,,
ABS:ERP_COMP_Q(1.0.0),3,6,Q,1997-Q3,0.4,,,,
ABS:ERP_COMP_Q(1.0.0),3,6,Q,1997-Q4,0.5,,,,
ABS:ERP_COMP_Q(1.0.0),3,6,Q,1998-Q1,0.6,,,,
ABS:ERP_COMP_Q(1.0.0),3,6,Q,1998-Q2,0.5,,,,
ABS:ERP_COMP_Q(1.0.0),3,6,Q,1998-Q3,0.6,,,,
ABS:ERP_COMP_Q(1.0.0),3,6,Q,1998-Q4,0.7,,,,
ABS:ERP_COMP_Q(1.0.0),3,6,Q,1999-Q1,0.7,,,,
ABS:ERP_COMP_Q(1.0.0),3,6,Q,1999-Q2,0.7,,,,
ABS:ERP_COMP_Q(1.0.0),3,6,Q,1999-Q3,0.5,,,,
ABS:ERP_COMP_Q(1.0.0),3,6,Q,1999-Q4,0.5,,,,
ABS:ERP_COMP_Q(1.0.0),3,6,Q,2000-Q1,0.6,,,,
ABS:ERP_COMP_Q(1.0.0),3,6,Q,2000-Q2,0.5,,,,
ABS:ERP_COMP_Q(1.0.0),3,6,Q,2000-Q3,0.5,,,,
ABS:ERP_COMP_Q(1.0.0),3,6,Q,2000-Q4,0.6,,,,
ABS:ERP_COMP_Q(1.0.0),3,6,Q,2001-Q1,0.6,,,,
ABS:ERP_COMP_Q(1.0.0),3,6,Q,2001-Q2,0.4,,,,
ABS:ERP_COMP_Q(1.0.0),3,6,Q,2001-Q3,0.4,,,,
ABS:ERP_COMP_Q(1.0.0),3,6,Q,2001-Q4,0.5,,,,
ABS:ERP_COMP_Q(1.0.0),3,6,Q,2002-Q1,0.6,,,,
ABS:ERP_COMP_Q(1.0.0),3,6,Q,2002-Q2,0.5,,,,
ABS:ERP_COMP_Q(1.0.0),3,6,Q,2002-Q3,0.5,,,,
ABS:ERP_COMP_Q(1.0.0),3,6,Q,2002-Q4,0.4,,,,
ABS:ERP_COMP_Q(1.0.0),3,6,Q,2003-Q1,0.5,,,,
ABS:ERP_COMP_Q(1.0.0),3,6,Q,2003-Q2,0.4,,,,
ABS:ERP_COMP_Q(1.0.0),3,6,Q,2003-Q3,0.4,,,,
ABS:ERP_COMP_Q(1.0.0),3,6,Q,2003-Q4,0.6,,,,
ABS:ERP_COMP_Q(1.0.0),3,6,Q,2004-Q1,0.5,,,,
ABS:ERP_COMP_Q(1.0.0),3,6,Q,2004-Q2,0.3,,,,
ABS:ERP_COMP_Q(1.0.0),3,6,Q,2004-Q3,0.5,,,,
ABS:ERP_COMP_Q(1.0.0),3,6,Q,2004-Q4,0.5,,,,
ABS:ERP_COMP_Q(1.0.0),3,6,Q,2005-Q1,0.5,,,,
ABS:ERP_COMP_Q(1.0.0),3,6,Q,2005-Q2,0.6,,,,
ABS:ERP_COMP_Q(1.0.0),3,6,Q,2005-Q3,0.6,,,,
ABS:ERP_COMP_Q(1.0.0),3,6,Q,2005-Q4,0.7,,,,
ABS:ERP_COMP_Q(1.0.0),3,6,Q,2006-Q1,0.7,,,,
ABS:ERP_COMP_Q(1.0.0),3,6,Q,2006-Q2,0.4,,,,
ABS:ERP_COMP_Q(1.0.0),3,6,Q,2006-Q3,0.8,,,,
ABS:ERP_COMP_Q(1.0.0),3,6,Q,2006-Q4,0.8,,,,
ABS:ERP_COMP_Q(1.0.0),3,6,Q,2007-Q1,0.7,,,,
ABS:ERP_COMP_Q(1.0.0),3,6,Q,2007-Q2,0.6,,,,
ABS:ERP_COMP_Q(1.0.0),3,6,Q,2007-Q3,0.6,,,,
ABS:ERP_COMP_Q(1.0.0),3,6,Q,2007-Q4,0.6,,,,
ABS:ERP_COMP_Q(1.0.0),3,6,Q,2008-Q1,0.7,,,,
ABS:ERP_COMP_Q(1.0.0),3,6,Q,2008-Q2,0.6,,,,
ABS:ERP_COMP_Q(1.0.0),3,6,Q,2008-Q3,0.5,,,,
ABS:ERP_COMP_Q(1.0.0),3,6,Q,2008-Q4,0.7,,,,
ABS:ERP_COMP_Q(1.0.0),3,6,Q,2009-Q1,0.7,,,,
ABS:ERP_COMP_Q(1.0.0),3,6,Q,2009-Q2,0.7,,,,
ABS:ERP_COMP_Q(1.0.0),3,6,Q,2009-Q3,0.6,,,,
ABS:ERP_COMP_Q(1.0.0),3,6,Q,2009-Q4,0.6,,,,
ABS:ERP_COMP_Q(1.0.0),3,6,Q,2010-Q1,0.6,,,,
ABS:ERP_COMP_Q(1.0.0),3,6,Q,2010-Q2,0.5,,,,
ABS:ERP_COMP_Q(1.0.0),3,6,Q,2010-Q3,0.5,,,,
ABS:ERP_COMP_Q(1.0.0),3,6,Q,2010-Q4,0.5,,,,
ABS:ERP_COMP_Q(1.0.0),3,6,Q,2011-Q1,0.7,,,,
ABS:ERP_COMP_Q(1.0.0),3,6,Q,2011-Q2,0.5,,,,
ABS:ERP_COMP_Q(1.0.0),3,6,Q,2011-Q3,0.6,,,,
ABS:ERP_COMP_Q(1.0.0),3,6,Q,2011-Q4,0.6,,,,
ABS:ERP_COMP_Q(1.0.0),3,6,Q,2012-Q1,0.5,,,,
ABS:ERP_COMP_Q(1.0.0),3,6,Q,2012-Q2,0.4,,,,
ABS:ERP_COMP_Q(1.0.0),3,6,Q,2012-Q3,0.4,,,,
ABS:ERP_COMP_Q(1.0.0),3,6,Q,2012-Q4,0.4,,,,
ABS:ERP_COMP_Q(1.0.0),3,6,Q,2013-Q1,0.5,,,,
ABS:ERP_COMP_Q(1.0.0),3,6,Q,2013-Q2,0.4,,,,
ABS:ERP_COMP_Q(1.0.0),3,6,Q,2013-Q3,0.4,,,,
ABS:ERP_COMP_Q(1.0.0),3,6,Q,2013-Q4,0.4,,,,
ABS:ERP_COMP_Q(1.0.0),3,6,Q,2014-Q1,0.5,,,,
ABS:ERP_COMP_Q(1.0.0),3,6,Q,2014-Q2,0.3,,,,
ABS:ERP_COMP_Q(1.0.0),3,6,Q,2014-Q3,0.3,,,,
ABS:ERP_COMP_Q(1.0.0),3,6,Q,2014-Q4,0.3,,,,
ABS:ERP_COMP_Q(1.0.0),3,6,Q,2015-Q1,0.4,,,,
ABS:ERP_COMP_Q(1.0.0),3,6,Q,2015-Q2,0.3,,,,
ABS:ERP_COMP_Q(1.0.0),3,6,Q,2015-Q3,0.1,,,,
ABS:ERP_COMP_Q(1.0.0),3,6,Q,2015-Q4,0.2,,,,
ABS:ERP_COMP_Q(1.0.0),3,6,Q,2016-Q1,0.5,,,,
ABS:ERP_COMP_Q(1.0.0),3,6,Q,2016-Q2,0.3,,,,
ABS:ERP_COMP_Q(1.0.0),3,6,Q,2016-Q3,0.2,,,,
ABS:ERP_COMP_Q(1.0.0),3,6,Q,2016-Q4,0.2,,,,
ABS:ERP_COMP_Q(1.0.0),3,6,Q,2017-Q1,0.3,,,,
ABS:ERP_COMP_Q(1.0.0),3,6,Q,2017-Q2,0.3,,,,
ABS:ERP_COMP_Q(1.0.0),3,6,Q,2017-Q3,-0.1,,,,
ABS:ERP_COMP_Q(1.0.0),3,6,Q,2017-Q4,0.2,,,,
ABS:ERP_COMP_Q(1.0.0),3,6,Q,2018-Q1,0.4,,,,
ABS:ERP_COMP_Q(1.0.0),3,6,Q,2018-Q2,0.2,,,,
ABS:ERP_COMP_Q(1.0.0),3,6,Q,2018-Q3,0.2,,,,
ABS:ERP_COMP_Q(1.0.0),3,6,Q,2018-Q4,0.3,,,,
ABS:ERP_COMP_Q(1.0.0),3,6,Q,2019-Q1,0.3,,,,
ABS:ERP_COMP_Q(1.0.0),3,6,Q,2019-Q2,0.2,,,,
ABS:ERP_COMP_Q(1.0.0),3,6,Q,2019-Q3,0.2,,,,
ABS:ERP_COMP_Q(1.0.0),3,6,Q,2019-Q4,0.3,,,,
ABS:ERP_COMP_Q(1.0.0),3,6,Q,2020-Q1,0.3,,,,
ABS:ERP_COMP_Q(1.0.0),3,6,Q,2020-Q2,0.3,,,,
ABS:ERP_COMP_Q(1.0.0),3,6,Q,2020-Q3,0.3,,,,
ABS:ERP_COMP_Q(1.0.0),3,6,Q,2020-Q4,0.2,,,,
ABS:ERP_COMP_Q(1.0.0),3,6,Q,2021-Q1,0.4,,,,
ABS:ERP_COMP_Q(1.0.0),3,6,Q,2021-Q2,0.3,,,,
ABS:ERP_COMP_Q(1.0.0),3,6,Q,2021-Q3,0.2,,,,
ABS:ERP_COMP_Q(1.0.0),3,6,Q,2021-Q4,0.2,,,,
ABS:ERP_COMP_Q(1.0.0),3,6,Q,2022-Q1,0.2,,,,
ABS:ERP_COMP_Q(1.0.0),3,6,Q,2022-Q2,0.2,,,,
ABS:ERP_COMP_Q(1.0.0),3,6,Q,2022-Q3,0.1,,,,
ABS:ERP_COMP_Q(1.0.0),3,6,Q,2022-Q4,0.2,,,,
ABS:ERP_COMP_Q(1.0.0),3,6,Q,2023-Q1,0.2,,,,
ABS:ERP_COMP_Q(1.0.0),3,6,Q,2023-Q2,0,,,,
ABS:ERP_COMP_Q(1.0.0),3,6,Q,2023-Q3,0.1,,,,
ABS:ERP_COMP_Q(1.0.0),3,6,Q,2023-Q4,0.2,,,,
ABS:ERP_COMP_Q(1.0.0),3,6,Q,2024-Q1,0.1,,,,
ABS:ERP_COMP_Q(1.0.0),3,6,Q,2024-Q2,-0.1,,,,
ABS:ERP_COMP_Q(1.0.0),3,6,Q,2024-Q3,-0.1,,,,
ABS:ERP_COMP_Q(1.0.0),3,6,Q,2024-Q4,0.1,,,,
ABS:ERP_COMP_Q(1.0.0),3,6,Q,2025-Q1,0.2,,,,
ABS:ERP_COMP_Q(1.0.0),3,6,Q,2025-Q2,0.1,,,,
ABS:ERP_COMP_Q(1.0.0),3,6,Q,2025-Q3,-0.1,,,,
ABS:ERP_COMP_Q(1.0.0),3,6,Q,2025-Q4,0.1,,,,
ABS:ERP_COMP_Q(1.0.0),6,2,Q,1981-Q2,-3330,,,,
ABS:ERP_COMP_Q(1.0.0),6,2,Q,1981-Q3,-4897,,,,
ABS:ERP_COMP_Q(1.0.0),6,2,Q,1981-Q4,-4354,,,,
ABS:ERP_COMP_Q(1.0.0),6,2,Q,1982-Q1,-3393,,,,
ABS:ERP_COMP_Q(1.0.0),6,2,Q,1982-Q2,-1785,,,,
ABS:ERP_COMP_Q(1.0.0),6,2,Q,1982-Q3,-1840,,,,
ABS:ERP_COMP_Q(1.0.0),6,2,Q,1982-Q4,-1739,,,,
ABS:ERP_COMP_Q(1.0.0),6,2,Q,1983-Q1,-1196,,,,
ABS:ERP_COMP_Q(1.0.0),6,2,Q,1983-Q2,-361,,,,
ABS:ERP_COMP_Q(1.0.0),6,2,Q,1983-Q3,-1221,,,,
ABS:ERP_COMP_Q(1.0.0),6,2,Q,1983-Q4,-1139,,,,
ABS:ERP_COMP_Q(1.0.0),6,2,Q,1984-Q1,-155,,,,
ABS:ERP_COMP_Q(1.0.0),6,2,Q,1984-Q2,-825,,,,
ABS:ERP_COMP_Q(1.0.0),6,2,Q,1984-Q3,-1255,,,,
ABS:ERP_COMP_Q(1.0.0),6,2,Q,1984-Q4,-1167,,,,
ABS:ERP_COMP_Q(1.0.0),6,2,Q,1985-Q1,-2328,,,,
ABS:ERP_COMP_Q(1.0.0),6,2,Q,1985-Q2,-1049,,,,
ABS:ERP_COMP_Q(1.0.0),6,2,Q,1985-Q3,-2754,,,,
ABS:ERP_COMP_Q(1.0.0),6,2,Q,1985-Q4,-4159,,,,
ABS:ERP_COMP_Q(1.0.0),6,2,Q,1986-Q1,-3458,,,,
ABS:ERP_COMP_Q(1.0.0),6,2,Q,1986-Q2,-2830,,,,
ABS:ERP_COMP_Q(1.0.0),6,2,Q,1986-Q3,-3195,,,,
ABS:ERP_COMP_Q(1.0.0),6,2,Q,1986-Q4,-3812,,,,
ABS:ERP_COMP_Q(1.0.0),6,2,Q,1987-Q1,-3921,,,,
ABS:ERP_COMP_Q(1.0.0),6,2,Q,1987-Q2,-2177,,,,
ABS:ERP_COMP_Q(1.0.0),6,2,Q,1987-Q3,-3371,,,,
ABS:ERP_COMP_Q(1.0.0),6,2,Q,1987-Q4,-4396,,,,
ABS:ERP_COMP_Q(1.0.0),6,2,Q,1988-Q1,-4823,,,,
ABS:ERP_COMP_Q(1.0.0),6,2,Q,1988-Q2,-1833,,,,
ABS:ERP_COMP_Q(1.0.0),6,2,Q,1988-Q3,-2076,,,,
ABS:ERP_COMP_Q(1.0.0),6,2,Q,1988-Q4,-3167,,,,
ABS:ERP_COMP_Q(1.0.0),6,2,Q,1989-Q1,-5125,,,,
ABS:ERP_COMP_Q(1.0.0),6,2,Q,1989-Q2,-2136,,,,
ABS:ERP_COMP_Q(1.0.0),6,2,Q,1989-Q3,-2340,,,,
ABS:ERP_COMP_Q(1.0.0),6,2,Q,1989-Q4,-1966,,,,
ABS:ERP_COMP_Q(1.0.0),6,2,Q,1990-Q1,-3139,,,,
ABS:ERP_COMP_Q(1.0.0),6,2,Q,1990-Q2,-384,,,,
ABS:ERP_COMP_Q(1.0.0),6,2,Q,1990-Q3,-2322,,,,
ABS:ERP_COMP_Q(1.0.0),6,2,Q,1990-Q4,-3208,,,,
ABS:ERP_COMP_Q(1.0.0),6,2,Q,1991-Q1,-5335,,,,
ABS:ERP_COMP_Q(1.0.0),6,2,Q,1991-Q2,-3988,,,,
ABS:ERP_COMP_Q(1.0.0),6,2,Q,1991-Q3,-4626,,,,
ABS:ERP_COMP_Q(1.0.0),6,2,Q,1991-Q4,-4506,,,,
ABS:ERP_COMP_Q(1.0.0),6,2,Q,1992-Q1,-5954,,,,
ABS:ERP_COMP_Q(1.0.0),6,2,Q,1992-Q2,-3341,,,,
ABS:ERP_COMP_Q(1.0.0),6,2,Q,1992-Q3,-6596,,,,
ABS:ERP_COMP_Q(1.0.0),6,2,Q,1992-Q4,-5120,,,,
ABS:ERP_COMP_Q(1.0.0),6,2,Q,1993-Q1,-7738,,,,
ABS:ERP_COMP_Q(1.0.0),6,2,Q,1993-Q2,-5934,,,,
ABS:ERP_COMP_Q(1.0.0),6,2,Q,1993-Q3,-8573,,,,
ABS:ERP_COMP_Q(1.0.0),6,2,Q,1993-Q4,-6473,,,,
ABS:ERP_COMP_Q(1.0.0),6,2,Q,1994-Q1,-8543,,,,
ABS:ERP_COMP_Q(1.0.0),6,2,Q,1994-Q2,-5606,,,,
ABS:ERP_COMP_Q(1.0.0),6,2,Q,1994-Q3,-5694,,,,
ABS:ERP_COMP_Q(1.0.0),6,2,Q,1994-Q4,-4907,,,,
ABS:ERP_COMP_Q(1.0.0),6,2,Q,1995-Q1,-6357,,,,
ABS:ERP_COMP_Q(1.0.0),6,2,Q,1995-Q2,-5062,,,,
ABS:ERP_COMP_Q(1.0.0),6,2,Q,1995-Q3,-4088,,,,
ABS:ERP_COMP_Q(1.0.0),6,2,Q,1995-Q4,-2698,,,,
ABS:ERP_COMP_Q(1.0.0),6,2,Q,1996-Q1,-3203,,,,
ABS:ERP_COMP_Q(1.0.0),6,2,Q,1996-Q2,-2811,,,,
ABS:ERP_COMP_Q(1.0.0),6,2,Q,1996-Q3,-2606,,,,
ABS:ERP_COMP_Q(1.0.0),6,2,Q,1996-Q4,-1361,,,,
ABS:ERP_COMP_Q(1.0.0),6,2,Q,1997-Q1,-684,,,,
ABS:ERP_COMP_Q(1.0.0),6,2,Q,1997-Q2,-1544,,,,
ABS:ERP_COMP_Q(1.0.0),6,2,Q,1997-Q3,-539,,,,
ABS:ERP_COMP_Q(1.0.0),6,2,Q,1997-Q4,126,,,,
ABS:ERP_COMP_Q(1.0.0),6,2,Q,1998-Q1,117,,,,
ABS:ERP_COMP_Q(1.0.0),6,2,Q,1998-Q2,26,,,,
ABS:ERP_COMP_Q(1.0.0),6,2,Q,1998-Q3,-427,,,,
ABS:ERP_COMP_Q(1.0.0),6,2,Q,1998-Q4,1678,,,,
ABS:ERP_COMP_Q(1.0.0),6,2,Q,1999-Q1,526,,,,
ABS:ERP_COMP_Q(1.0.0),6,2,Q,1999-Q2,750,,,,
ABS:ERP_COMP_Q(1.0.0),6,2,Q,1999-Q3,689,,,,
ABS:ERP_COMP_Q(1.0.0),6,2,Q,1999-Q4,1918,,,,
ABS:ERP_COMP_Q(1.0.0),6,2,Q,2000-Q1,1529,,,,
ABS:ERP_COMP_Q(1.0.0),6,2,Q,2000-Q2,1083,,,,
ABS:ERP_COMP_Q(1.0.0),6,2,Q,2000-Q3,1226,,,,
ABS:ERP_COMP_Q(1.0.0),6,2,Q,2000-Q4,1082,,,,
ABS:ERP_COMP_Q(1.0.0),6,2,Q,2001-Q1,1986,,,,
ABS:ERP_COMP_Q(1.0.0),6,2,Q,2001-Q2,869,,,,
ABS:ERP_COMP_Q(1.0.0),6,2,Q,2001-Q3,1020,,,,
ABS:ERP_COMP_Q(1.0.0),6,2,Q,2001-Q4,1229,,,,
ABS:ERP_COMP_Q(1.0.0),6,2,Q,2002-Q1,1796,,,,
ABS:ERP_COMP_Q(1.0.0),6,2,Q,2002-Q2,-436,,,,
ABS:ERP_COMP_Q(1.0.0),6,2,Q,2002-Q3,-489,,,,
ABS:ERP_COMP_Q(1.0.0),6,2,Q,2002-Q4,273,,,,
ABS:ERP_COMP_Q(1.0.0),6,2,Q,2003-Q1,517,,,,
ABS:ERP_COMP_Q(1.0.0),6,2,Q,2003-Q2,-1044,,,,
ABS:ERP_COMP_Q(1.0.0),6,2,Q,2003-Q3,-475,,,,
ABS:ERP_COMP_Q(1.0.0),6,2,Q,2003-Q4,-1219,,,,
ABS:ERP_COMP_Q(1.0.0),6,2,Q,2004-Q1,-365,,,,
ABS:ERP_COMP_Q(1.0.0),6,2,Q,2004-Q2,-992,,,,
ABS:ERP_COMP_Q(1.0.0),6,2,Q,2004-Q3,-672,,,,
ABS:ERP_COMP_Q(1.0.0),6,2,Q,2004-Q4,-554,,,,
ABS:ERP_COMP_Q(1.0.0),6,2,Q,2005-Q1,-910,,,,
ABS:ERP_COMP_Q(1.0.0),6,2,Q,2005-Q2,-934,,,,
ABS:ERP_COMP_Q(1.0.0),6,2,Q,2005-Q3,-1033,,,,
ABS:ERP_COMP_Q(1.0.0),6,2,Q,2005-Q4,-694,,,,
ABS:ERP_COMP_Q(1.0.0),6,2,Q,2006-Q1,298,,,,
ABS:ERP_COMP_Q(1.0.0),6,2,Q,2006-Q2,-402,,,,
ABS:ERP_COMP_Q(1.0.0),6,2,Q,2006-Q3,-203,,,,
ABS:ERP_COMP_Q(1.0.0),6,2,Q,2006-Q4,-306,,,,
ABS:ERP_COMP_Q(1.0.0),6,2,Q,2007-Q1,-556,,,,
ABS:ERP_COMP_Q(1.0.0),6,2,Q,2007-Q2,-552,,,,
ABS:ERP_COMP_Q(1.0.0),6,2,Q,2007-Q3,-148,,,,
ABS:ERP_COMP_Q(1.0.0),6,2,Q,2007-Q4,-1302,,,,
ABS:ERP_COMP_Q(1.0.0),6,2,Q,2008-Q1,118,,,,
ABS:ERP_COMP_Q(1.0.0),6,2,Q,2008-Q2,-592,,,,
ABS:ERP_COMP_Q(1.0.0),6,2,Q,2008-Q3,138,,,,
ABS:ERP_COMP_Q(1.0.0),6,2,Q,2008-Q4,111,,,,
ABS:ERP_COMP_Q(1.0.0),6,2,Q,2009-Q1,872,,,,
ABS:ERP_COMP_Q(1.0.0),6,2,Q,2009-Q2,402,,,,
ABS:ERP_COMP_Q(1.0.0),6,2,Q,2009-Q3,419,,,,
ABS:ERP_COMP_Q(1.0.0),6,2,Q,2009-Q4,899,,,,
ABS:ERP_COMP_Q(1.0.0),6,2,Q,2010-Q1,1057,,,,
ABS:ERP_COMP_Q(1.0.0),6,2,Q,2010-Q2,939,,,,
ABS:ERP_COMP_Q(1.0.0),6,2,Q,2010-Q3,334,,,,
ABS:ERP_COMP_Q(1.0.0),6,2,Q,2010-Q4,801,,,,
ABS:ERP_COMP_Q(1.0.0),6,2,Q,2011-Q1,1327,,,,
ABS:ERP_COMP_Q(1.0.0),6,2,Q,2011-Q2,1072,,,,
ABS:ERP_COMP_Q(1.0.0),6,2,Q,2011-Q3,505,,,,
ABS:ERP_COMP_Q(1.0.0),6,2,Q,2011-Q4,978,,,,
ABS:ERP_COMP_Q(1.0.0),6,2,Q,2012-Q1,759,,,,
ABS:ERP_COMP_Q(1.0.0),6,2,Q,2012-Q2,175,,,,
ABS:ERP_COMP_Q(1.0.0),6,2,Q,2012-Q3,582,,,,
ABS:ERP_COMP_Q(1.0.0),6,2,Q,2012-Q4,1732,,,,
ABS:ERP_COMP_Q(1.0.0),6,2,Q,2013-Q1,1882,,,,
ABS:ERP_COMP_Q(1.0.0),6,2,Q,2013-Q2,2224,,,,
ABS:ERP_COMP_Q(1.0.0),6,2,Q,2013-Q3,2051,,,,
ABS:ERP_COMP_Q(1.0.0),6,2,Q,2013-Q4,2439,,,,
ABS:ERP_COMP_Q(1.0.0),6,2,Q,2014-Q1,2655,,,,
ABS:ERP_COMP_Q(1.0.0),6,2,Q,2014-Q2,2594,,,,
ABS:ERP_COMP_Q(1.0.0),6,2,Q,2014-Q3,1703,,,,
ABS:ERP_COMP_Q(1.0.0),6,2,Q,2014-Q4,3289,,,,
ABS:ERP_COMP_Q(1.0.0),6,2,Q,2015-Q1,3105,,,,
ABS:ERP_COMP_Q(1.0.0),6,2,Q,2015-Q2,2982,,,,
ABS:ERP_COMP_Q(1.0.0),6,2,Q,2015-Q3,2661,,,,
ABS:ERP_COMP_Q(1.0.0),6,2,Q,2015-Q4,5197,,,,
ABS:ERP_COMP_Q(1.0.0),6,2,Q,2016-Q1,4602,,,,
ABS:ERP_COMP_Q(1.0.0),6,2,Q,2016-Q2,5179,,,,
ABS:ERP_COMP_Q(1.0.0),6,2,Q,2016-Q3,2432,,,,
ABS:ERP_COMP_Q(1.0.0),6,2,Q,2016-Q4,4893,,,,
ABS:ERP_COMP_Q(1.0.0),6,2,Q,2017-Q1,3945,,,,
ABS:ERP_COMP_Q(1.0.0),6,2,Q,2017-Q2,2478,,,,
ABS:ERP_COMP_Q(1.0.0),6,2,Q,2017-Q3,1711,,,,
ABS:ERP_COMP_Q(1.0.0),6,2,Q,2017-Q4,3130,,,,
ABS:ERP_COMP_Q(1.0.0),6,2,Q,2018-Q1,2456,,,,
ABS:ERP_COMP_Q(1.0.0),6,2,Q,2018-Q2,1804,,,,
ABS:ERP_COMP_Q(1.0.0),6,2,Q,2018-Q3,1373,,,,
ABS:ERP_COMP_Q(1.0.0),6,2,Q,2018-Q4,2365,,,,
ABS:ERP_COMP_Q(1.0.0),6,2,Q,2019-Q1,2033,,,,
ABS:ERP_COMP_Q(1.0.0),6,2,Q,2019-Q2,709,,,,
ABS:ERP_COMP_Q(1.0.0),6,2,Q,2019-Q3,61,,,,
ABS:ERP_COMP_Q(1.0.0),6,2,Q,2019-Q4,1159,,,,
ABS:ERP_COMP_Q(1.0.0),6,2,Q,2020-Q1,-386,,,,
ABS:ERP_COMP_Q(1.0.0),6,2,Q,2020-Q2,-3486,,,,
ABS:ERP_COMP_Q(1.0.0),6,2,Q,2020-Q3,-7109,,,,
ABS:ERP_COMP_Q(1.0.0),6,2,Q,2020-Q4,-10431,,,,
ABS:ERP_COMP_Q(1.0.0),6,2,Q,2021-Q1,-8960,,,,
ABS:ERP_COMP_Q(1.0.0),6,2,Q,2021-Q2,-9122,,,,
ABS:ERP_COMP_Q(1.0.0),6,2,Q,2021-Q3,-8118,,,,
ABS:ERP_COMP_Q(1.0.0),6,2,Q,2021-Q4,-9732,,,,
ABS:ERP_COMP_Q(1.0.0),6,2,Q,2022-Q1,-6756,,,,
ABS:ERP_COMP_Q(1.0.0),6,2,Q,2022-Q2,-6298,,,,
ABS:ERP_COMP_Q(1.0.0),6,2,Q,2022-Q3,-1635,,,,
ABS:ERP_COMP_Q(1.0.0),6,2,Q,2022-Q4,-2130,,,,
ABS:ERP_COMP_Q(1.0.0),6,2,Q,2023-Q1,-1050,,,,
ABS:ERP_COMP_Q(1.0.0),6,2,Q,2023-Q2,-1199,,,,
ABS:ERP_COMP_Q(1.0.0),6,2,Q,2023-Q3,-1122,,,,
ABS:ERP_COMP_Q(1.0.0),6,2,Q,2023-Q4,-1393,,,,
ABS:ERP_COMP_Q(1.0.0),6,2,Q,2024-Q1,-445,,,,
ABS:ERP_COMP_Q(1.0.0),6,2,Q,2024-Q2,-1282,,,,
ABS:ERP_COMP_Q(1.0.0),6,2,Q,2024-Q3,-1455,,,,
ABS:ERP_COMP_Q(1.0.0),6,2,Q,2024-Q4,-1457,,,,
ABS:ERP_COMP_Q(1.0.0),6,2,Q,2025-Q1,-262,,,,
ABS:ERP_COMP_Q(1.0.0),6,2,Q,2025-Q2,-384,,,,
ABS:ERP_COMP_Q(1.0.0),6,2,Q,2025-Q3,115,,,,
ABS:ERP_COMP_Q(1.0.0),6,2,Q,2025-Q4,-154,,,,
ABS:ERP_COMP_Q(1.0.0),13,3,Q,1981-Q2,,,,,
ABS:ERP_COMP_Q(1.0.0),13,3,Q,1981-Q3,22.3,,,,
ABS:ERP_COMP_Q(1.0.0),13,3,Q,1981-Q4,20.5,,,,
ABS:ERP_COMP_Q(1.0.0),13,3,Q,1982-Q1,18.4,,,,
ABS:ERP_COMP_Q(1.0.0),13,3,Q,1982-Q2,18.2,,,,
ABS:ERP_COMP_Q(1.0.0),13,3,Q,1982-Q3,18.3,,,,
ABS:ERP_COMP_Q(1.0.0),13,3,Q,1982-Q4,13.6,,,,
ABS:ERP_COMP_Q(1.0.0),13,3,Q,1983-Q1,13.2,,,,
ABS:ERP_COMP_Q(1.0.0),13,3,Q,1983-Q2,12.6,,,,
ABS:ERP_COMP_Q(1.0.0),13,3,Q,1983-Q3,11.1,,,,
ABS:ERP_COMP_Q(1.0.0),13,3,Q,1983-Q4,9.9,,,,
ABS:ERP_COMP_Q(1.0.0),13,3,Q,1984-Q1,10.2,,,,
ABS:ERP_COMP_Q(1.0.0),13,3,Q,1984-Q2,10.4,,,,
ABS:ERP_COMP_Q(1.0.0),13,3,Q,1984-Q3,12.1,,,,
ABS:ERP_COMP_Q(1.0.0),13,3,Q,1984-Q4,11.1,,,,
ABS:ERP_COMP_Q(1.0.0),13,3,Q,1985-Q1,12.4,,,,
ABS:ERP_COMP_Q(1.0.0),13,3,Q,1985-Q2,11.8,,,,
ABS:ERP_COMP_Q(1.0.0),13,3,Q,1985-Q3,12.2,,,,
ABS:ERP_COMP_Q(1.0.0),13,3,Q,1985-Q4,13.7,,,,
ABS:ERP_COMP_Q(1.0.0),13,3,Q,1986-Q1,13.1,,,,
ABS:ERP_COMP_Q(1.0.0),13,3,Q,1986-Q2,14.4,,,,
ABS:ERP_COMP_Q(1.0.0),13,3,Q,1986-Q3,11.9,,,,
ABS:ERP_COMP_Q(1.0.0),13,3,Q,1986-Q4,12.3,,,,
ABS:ERP_COMP_Q(1.0.0),13,3,Q,1987-Q1,13.9,,,,
ABS:ERP_COMP_Q(1.0.0),13,3,Q,1987-Q2,12.5,,,,
ABS:ERP_COMP_Q(1.0.0),13,3,Q,1987-Q3,13,,,,
ABS:ERP_COMP_Q(1.0.0),13,3,Q,1987-Q4,15.4,,,,
ABS:ERP_COMP_Q(1.0.0),13,3,Q,1988-Q1,20.5,,,,
ABS:ERP_COMP_Q(1.0.0),13,3,Q,1988-Q2,15.9,,,,
ABS:ERP_COMP_Q(1.0.0),13,3,Q,1988-Q3,20.5,,,,
ABS:ERP_COMP_Q(1.0.0),13,3,Q,1988-Q4,20.5,,,,
ABS:ERP_COMP_Q(1.0.0),13,3,Q,1989-Q1,26,,,,
ABS:ERP_COMP_Q(1.0.0),13,3,Q,1989-Q2,20.8,,,,
ABS:ERP_COMP_Q(1.0.0),13,3,Q,1989-Q3,19.4,,,,
ABS:ERP_COMP_Q(1.0.0),13,3,Q,1989-Q4,17,,,,
ABS:ERP_COMP_Q(1.0.0),13,3,Q,1990-Q1,20.2,,,,
ABS:ERP_COMP_Q(1.0.0),13,3,Q,1990-Q2,15.1,,,,
ABS:ERP_COMP_Q(1.0.0),13,3,Q,1990-Q3,14.3,,,,
ABS:ERP_COMP_Q(1.0.0),13,3,Q,1990-Q4,15.2,,,,
ABS:ERP_COMP_Q(1.0.0),13,3,Q,1991-Q1,18.8,,,,
ABS:ERP_COMP_Q(1.0.0),13,3,Q,1991-Q2,13.4,,,,
ABS:ERP_COMP_Q(1.0.0),13,3,Q,1991-Q3,15,,,,
ABS:ERP_COMP_Q(1.0.0),13,3,Q,1991-Q4,14.5,,,,
ABS:ERP_COMP_Q(1.0.0),13,3,Q,1992-Q1,19.9,,,,
ABS:ERP_COMP_Q(1.0.0),13,3,Q,1992-Q2,12.9,,,,
ABS:ERP_COMP_Q(1.0.0),13,3,Q,1992-Q3,18,,,,
ABS:ERP_COMP_Q(1.0.0),13,3,Q,1992-Q4,16,,,,
ABS:ERP_COMP_Q(1.0.0),13,3,Q,1993-Q1,24.2,,,,
ABS:ERP_COMP_Q(1.0.0),13,3,Q,1993-Q2,14.9,,,,
ABS:ERP_COMP_Q(1.0.0),13,3,Q,1993-Q3,19.7,,,,
ABS:ERP_COMP_Q(1.0.0),13,3,Q,1993-Q4,15.1,,,,
ABS:ERP_COMP_Q(1.0.0),13,3,Q,1994-Q1,20.4,,,,
ABS:ERP_COMP_Q(1.0.0),13,3,Q,1994-Q2,15.2,,,,
ABS:ERP_COMP_Q(1.0.0),13,3,Q,1994-Q3,17.6,,,,
ABS:ERP_COMP_Q(1.0.0),13,3,Q,1994-Q4,14.7,,,,
ABS:ERP_COMP_Q(1.0.0),13,3,Q,1995-Q1,19.4,,,,
ABS:ERP_COMP_Q(1.0.0),13,3,Q,1995-Q2,19.1,,,,
ABS:ERP_COMP_Q(1.0.0),13,3,Q,1995-Q3,17.7,,,,
ABS:ERP_COMP_Q(1.0.0),13,3,Q,1995-Q4,16.6,,,,
ABS:ERP_COMP_Q(1.0.0),13,3,Q,1996-Q1,17.8,,,,
ABS:ERP_COMP_Q(1.0.0),13,3,Q,1996-Q2,13.7,,,,
ABS:ERP_COMP_Q(1.0.0),13,3,Q,1996-Q3,15.4,,,,
ABS:ERP_COMP_Q(1.0.0),13,3,Q,1996-Q4,12,,,,
ABS:ERP_COMP_Q(1.0.0),13,3,Q,1997-Q1,13.2,,,,
ABS:ERP_COMP_Q(1.0.0),13,3,Q,1997-Q2,11.6,,,,
ABS:ERP_COMP_Q(1.0.0),13,3,Q,1997-Q3,13.8,,,,
ABS:ERP_COMP_Q(1.0.0),13,3,Q,1997-Q4,11.2,,,,
ABS:ERP_COMP_Q(1.0.0),13,3,Q,1998-Q1,13.1,,,,
ABS:ERP_COMP_Q(1.0.0),13,3,Q,1998-Q2,11,,,,
ABS:ERP_COMP_Q(1.0.0),13,3,Q,1998-Q3,11.6,,,,
ABS:ERP_COMP_Q(1.0.0),13,3,Q,1998-Q4,11.4,,,,
ABS:ERP_COMP_Q(1.0.0),13,3,Q,1999-Q1,14.7,,,,
ABS:ERP_COMP_Q(1.0.0),13,3,Q,1999-Q2,11.7,,,,
ABS:ERP_COMP_Q(1.0.0),13,3,Q,1999-Q3,12.5,,,,
ABS:ERP_COMP_Q(1.0.0),13,3,Q,1999-Q4,14.6,,,,
ABS:ERP_COMP_Q(1.0.0),13,3,Q,2000-Q1,16.1,,,,
ABS:ERP_COMP_Q(1.0.0),13,3,Q,2000-Q2,12.3,,,,
ABS:ERP_COMP_Q(1.0.0),13,3,Q,2000-Q3,14,,,,
ABS:ERP_COMP_Q(1.0.0),13,3,Q,2000-Q4,14.2,,,,
ABS:ERP_COMP_Q(1.0.0),13,3,Q,2001-Q1,18.8,,,,
ABS:ERP_COMP_Q(1.0.0),13,3,Q,2001-Q2,15,,,,
ABS:ERP_COMP_Q(1.0.0),13,3,Q,2001-Q3,19.5,,,,
ABS:ERP_COMP_Q(1.0.0),13,3,Q,2001-Q4,20.2,,,,
ABS:ERP_COMP_Q(1.0.0),13,3,Q,2002-Q1,20.2,,,,
ABS:ERP_COMP_Q(1.0.0),13,3,Q,2002-Q2,21.7,,,,
ABS:ERP_COMP_Q(1.0.0),13,3,Q,2002-Q3,23.7,,,,
ABS:ERP_COMP_Q(1.0.0),13,3,Q,2002-Q4,23.9,,,,
ABS:ERP_COMP_Q(1.0.0),13,3,Q,2003-Q1,22.4,,,,
ABS:ERP_COMP_Q(1.0.0),13,3,Q,2003-Q2,19.9,,,,
ABS:ERP_COMP_Q(1.0.0),13,3,Q,2003-Q3,22,,,,
ABS:ERP_COMP_Q(1.0.0),13,3,Q,2003-Q4,23.5,,,,
ABS:ERP_COMP_Q(1.0.0),13,3,Q,2004-Q1,22.4,,,,
ABS:ERP_COMP_Q(1.0.0),13,3,Q,2004-Q2,19,,,,
ABS:ERP_COMP_Q(1.0.0),13,3,Q,2004-Q3,19.9,,,,
ABS:ERP_COMP_Q(1.0.0),13,3,Q,2004-Q4,22.5,,,,
ABS:ERP_COMP_Q(1.0.0),13,3,Q,2005-Q1,24.6,,,,
ABS:ERP_COMP_Q(1.0.0),13,3,Q,2005-Q2,21.5,,,,
ABS:ERP_COMP_Q(1.0.0),13,3,Q,2005-Q3,22,,,,
ABS:ERP_COMP_Q(1.0.0),13,3,Q,2005-Q4,23.7,,,,
ABS:ERP_COMP_Q(1.0.0),13,3,Q,2006-Q1,23.5,,,,
ABS:ERP_COMP_Q(1.0.0),13,3,Q,2006-Q2,20.3,,,,
ABS:ERP_COMP_Q(1.0.0),13,3,Q,2006-Q3,23.6,,,,
ABS:ERP_COMP_Q(1.0.0),13,3,Q,2006-Q4,24.3,,,,
ABS:ERP_COMP_Q(1.0.0),13,3,Q,2007-Q1,28.7,,,,
ABS:ERP_COMP_Q(1.0.0),13,3,Q,2007-Q2,26.5,,,,
ABS:ERP_COMP_Q(1.0.0),13,3,Q,2007-Q3,23.9,,,,
ABS:ERP_COMP_Q(1.0.0),13,3,Q,2007-Q4,25,,,,
ABS:ERP_COMP_Q(1.0.0),13,3,Q,2008-Q1,31.5,,,,
ABS:ERP_COMP_Q(1.0.0),13,3,Q,2008-Q2,28,,,,
ABS:ERP_COMP_Q(1.0.0),13,3,Q,2008-Q3,28.5,,,,
ABS:ERP_COMP_Q(1.0.0),13,3,Q,2008-Q4,27.6,,,,
ABS:ERP_COMP_Q(1.0.0),13,3,Q,2009-Q1,30.1,,,,
ABS:ERP_COMP_Q(1.0.0),13,3,Q,2009-Q2,23.2,,,,
ABS:ERP_COMP_Q(1.0.0),13,3,Q,2009-Q3,21.4,,,,
ABS:ERP_COMP_Q(1.0.0),13,3,Q,2009-Q4,17.3,,,,
ABS:ERP_COMP_Q(1.0.0),13,3,Q,2010-Q1,20.3,,,,
ABS:ERP_COMP_Q(1.0.0),13,3,Q,2010-Q2,16.9,,,,
ABS:ERP_COMP_Q(1.0.0),13,3,Q,2010-Q3,16.7,,,,
ABS:ERP_COMP_Q(1.0.0),13,3,Q,2010-Q4,15.4,,,,
ABS:ERP_COMP_Q(1.0.0),13,3,Q,2011-Q1,21.1,,,,
ABS:ERP_COMP_Q(1.0.0),13,3,Q,2011-Q2,18.8,,,,
ABS:ERP_COMP_Q(1.0.0),13,3,Q,2011-Q3,21.3,,,,
ABS:ERP_COMP_Q(1.0.0),13,3,Q,2011-Q4,20.5,,,,
ABS:ERP_COMP_Q(1.0.0),13,3,Q,2012-Q1,27,,,,
ABS:ERP_COMP_Q(1.0.0),13,3,Q,2012-Q2,23.1,,,,
ABS:ERP_COMP_Q(1.0.0),13,3,Q,2012-Q3,23.4,,,,
ABS:ERP_COMP_Q(1.0.0),13,3,Q,2012-Q4,19.2,,,,
ABS:ERP_COMP_Q(1.0.0),13,3,Q,2013-Q1,23.1,,,,
ABS:ERP_COMP_Q(1.0.0),13,3,Q,2013-Q2,18.4,,,,
ABS:ERP_COMP_Q(1.0.0),13,3,Q,2013-Q3,18,,,,
ABS:ERP_COMP_Q(1.0.0),13,3,Q,2013-Q4,14.7,,,,
ABS:ERP_COMP_Q(1.0.0),13,3,Q,2014-Q1,19.7,,,,
ABS:ERP_COMP_Q(1.0.0),13,3,Q,2014-Q2,14.5,,,,
ABS:ERP_COMP_Q(1.0.0),13,3,Q,2014-Q3,15,,,,
ABS:ERP_COMP_Q(1.0.0),13,3,Q,2014-Q4,12.7,,,,
ABS:ERP_COMP_Q(1.0.0),13,3,Q,2015-Q1,17.2,,,,
ABS:ERP_COMP_Q(1.0.0),13,3,Q,2015-Q2,13.3,,,,
ABS:ERP_COMP_Q(1.0.0),13,3,Q,2015-Q3,13.8,,,,
ABS:ERP_COMP_Q(1.0.0),13,3,Q,2015-Q4,13.4,,,,
ABS:ERP_COMP_Q(1.0.0),13,3,Q,2016-Q1,21.6,,,,
ABS:ERP_COMP_Q(1.0.0),13,3,Q,2016-Q2,18.6,,,,
ABS:ERP_COMP_Q(1.0.0),13,3,Q,2016-Q3,20.2,,,,
ABS:ERP_COMP_Q(1.0.0),13,3,Q,2016-Q4,17.6,,,,
ABS:ERP_COMP_Q(1.0.0),13,3,Q,2017-Q1,23.4,,,,
ABS:ERP_COMP_Q(1.0.0),13,3,Q,2017-Q2,20,,,,
ABS:ERP_COMP_Q(1.0.0),13,3,Q,2017-Q3,18.7,,,,
ABS:ERP_COMP_Q(1.0.0),13,3,Q,2017-Q4,15.8,,,,
ABS:ERP_COMP_Q(1.0.0),13,3,Q,2018-Q1,25,,,,
ABS:ERP_COMP_Q(1.0.0),13,3,Q,2018-Q2,20.7,,,,
ABS:ERP_COMP_Q(1.0.0),13,3,Q,2018-Q3,20.9,,,,
ABS:ERP_COMP_Q(1.0.0),13,3,Q,2018-Q4,18.9,,,,
ABS:ERP_COMP_Q(1.0.0),13,3,Q,2019-Q1,23.9,,,,
ABS:ERP_COMP_Q(1.0.0),13,3,Q,2019-Q2,18.5,,,,
ABS:ERP_COMP_Q(1.0.0),13,3,Q,2019-Q3,21.7,,,,
ABS:ERP_COMP_Q(1.0.0),13,3,Q,2019-Q4,19.2,,,,
ABS:ERP_COMP_Q(1.0.0),13,3,Q,2020-Q1,24.6,,,,
ABS:ERP_COMP_Q(1.0.0),13,3,Q,2020-Q2,11.3,,,,
ABS:ERP_COMP_Q(1.0.0),13,3,Q,2020-Q3,7.5,,,,
ABS:ERP_COMP_Q(1.0.0),13,3,Q,2020-Q4,11.3,,,,
ABS:ERP_COMP_Q(1.0.0),13,3,Q,2021-Q1,15.2,,,,
ABS:ERP_COMP_Q(1.0.0),13,3,Q,2021-Q2,16.3,,,,
ABS:ERP_COMP_Q(1.0.0),13,3,Q,2021-Q3,14.2,,,,
ABS:ERP_COMP_Q(1.0.0),13,3,Q,2021-Q4,19.6,,,,
ABS:ERP_COMP_Q(1.0.0),13,3,Q,2022-Q1,33.8,,,,
ABS:ERP_COMP_Q(1.0.0),13,3,Q,2022-Q2,27.4,,,,
ABS:ERP_COMP_Q(1.0.0),13,3,Q,2022-Q3,31.4,,,,
ABS:ERP_COMP_Q(1.0.0),13,3,Q,2022-Q4,34.4,,,,
ABS:ERP_COMP_Q(1.0.0),13,3,Q,2023-Q1,39.1,,,,
ABS:ERP_COMP_Q(1.0.0),13,3,Q,2023-Q2,34.4,,,,
ABS:ERP_COMP_Q(1.0.0),13,3,Q,2023-Q3,35.7,,,,
ABS:ERP_COMP_Q(1.0.0),13,3,Q,2023-Q4,30.5,,,,
ABS:ERP_COMP_Q(1.0.0),13,3,Q,2024-Q1,32.4,,,,
ABS:ERP_COMP_Q(1.0.0),13,3,Q,2024-Q2,23.1,,,,
ABS:ERP_COMP_Q(1.0.0),13,3,Q,2024-Q3,23.5,,,,
ABS:ERP_COMP_Q(1.0.0),13,3,Q,2024-Q4,24.6,,,,
ABS:ERP_COMP_Q(1.0.0),13,3,Q,2025-Q1,28.7,,,,
ABS:ERP_COMP_Q(1.0.0),13,3,Q,2025-Q2,21.2,,,,
ABS:ERP_COMP_Q(1.0.0),13,3,Q,2025-Q3,22.7,,,,
ABS:ERP_COMP_Q(1.0.0),13,3,Q,2025-Q4,19.5,,,,
ABS:ERP_COMP_Q(1.0.0),13,5,Q,1981-Q2,,,,,
ABS:ERP_COMP_Q(1.0.0),13,5,Q,1981-Q3,11.2,,,,
ABS:ERP_COMP_Q(1.0.0),13,5,Q,1981-Q4,8.9,,,,
ABS:ERP_COMP_Q(1.0.0),13,5,Q,1982-Q1,9.5,,,,
ABS:ERP_COMP_Q(1.0.0),13,5,Q,1982-Q2,9.2,,,,
ABS:ERP_COMP_Q(1.0.0),13,5,Q,1982-Q3,9.2,,,,
ABS:ERP_COMP_Q(1.0.0),13,5,Q,1982-Q4,6.9,,,,
ABS:ERP_COMP_Q(1.0.0),13,5,Q,1983-Q1,6.9,,,,
ABS:ERP_COMP_Q(1.0.0),13,5,Q,1983-Q2,7.2,,,,
ABS:ERP_COMP_Q(1.0.0),13,5,Q,1983-Q3,6.2,,,,
ABS:ERP_COMP_Q(1.0.0),13,5,Q,1983-Q4,5.8,,,,
ABS:ERP_COMP_Q(1.0.0),13,5,Q,1984-Q1,4.9,,,,
ABS:ERP_COMP_Q(1.0.0),13,5,Q,1984-Q2,5.4,,,,
ABS:ERP_COMP_Q(1.0.0),13,5,Q,1984-Q3,6.6,,,,
ABS:ERP_COMP_Q(1.0.0),13,5,Q,1984-Q4,5.2,,,,
ABS:ERP_COMP_Q(1.0.0),13,5,Q,1985-Q1,7.3,,,,
ABS:ERP_COMP_Q(1.0.0),13,5,Q,1985-Q2,8.2,,,,
ABS:ERP_COMP_Q(1.0.0),13,5,Q,1985-Q3,8.8,,,,
ABS:ERP_COMP_Q(1.0.0),13,5,Q,1985-Q4,9.5,,,,
ABS:ERP_COMP_Q(1.0.0),13,5,Q,1986-Q1,10.4,,,,
ABS:ERP_COMP_Q(1.0.0),13,5,Q,1986-Q2,11.8,,,,
ABS:ERP_COMP_Q(1.0.0),13,5,Q,1986-Q3,9.4,,,,
ABS:ERP_COMP_Q(1.0.0),13,5,Q,1986-Q4,9,,,,
ABS:ERP_COMP_Q(1.0.0),13,5,Q,1987-Q1,9.5,,,,
ABS:ERP_COMP_Q(1.0.0),13,5,Q,1987-Q2,9.3,,,,
ABS:ERP_COMP_Q(1.0.0),13,5,Q,1987-Q3,9,,,,
ABS:ERP_COMP_Q(1.0.0),13,5,Q,1987-Q4,8.1,,,,
ABS:ERP_COMP_Q(1.0.0),13,5,Q,1988-Q1,12.2,,,,
ABS:ERP_COMP_Q(1.0.0),13,5,Q,1988-Q2,9.6,,,,
ABS:ERP_COMP_Q(1.0.0),13,5,Q,1988-Q3,12.9,,,,
ABS:ERP_COMP_Q(1.0.0),13,5,Q,1988-Q4,10.9,,,,
ABS:ERP_COMP_Q(1.0.0),13,5,Q,1989-Q1,10.8,,,,
ABS:ERP_COMP_Q(1.0.0),13,5,Q,1989-Q2,8.7,,,,
ABS:ERP_COMP_Q(1.0.0),13,5,Q,1989-Q3,9.8,,,,
ABS:ERP_COMP_Q(1.0.0),13,5,Q,1989-Q4,8,,,,
ABS:ERP_COMP_Q(1.0.0),13,5,Q,1990-Q1,9.7,,,,
ABS:ERP_COMP_Q(1.0.0),13,5,Q,1990-Q2,7.1,,,,
ABS:ERP_COMP_Q(1.0.0),13,5,Q,1990-Q3,6.8,,,,
ABS:ERP_COMP_Q(1.0.0),13,5,Q,1990-Q4,4.5,,,,
ABS:ERP_COMP_Q(1.0.0),13,5,Q,1991-Q1,7,,,,
ABS:ERP_COMP_Q(1.0.0),13,5,Q,1991-Q2,4.7,,,,
ABS:ERP_COMP_Q(1.0.0),13,5,Q,1991-Q3,6.7,,,,
ABS:ERP_COMP_Q(1.0.0),13,5,Q,1991-Q4,4.7,,,,
ABS:ERP_COMP_Q(1.0.0),13,5,Q,1992-Q1,6.8,,,,
ABS:ERP_COMP_Q(1.0.0),13,5,Q,1992-Q2,4.3,,,,
ABS:ERP_COMP_Q(1.0.0),13,5,Q,1992-Q3,6.2,,,,
ABS:ERP_COMP_Q(1.0.0),13,5,Q,1992-Q4,3.8,,,,
ABS:ERP_COMP_Q(1.0.0),13,5,Q,1993-Q1,5.7,,,,
ABS:ERP_COMP_Q(1.0.0),13,5,Q,1993-Q2,4.5,,,,
ABS:ERP_COMP_Q(1.0.0),13,5,Q,1993-Q3,6.3,,,,
ABS:ERP_COMP_Q(1.0.0),13,5,Q,1993-Q4,5.4,,,,
ABS:ERP_COMP_Q(1.0.0),13,5,Q,1994-Q1,8.2,,,,
ABS:ERP_COMP_Q(1.0.0),13,5,Q,1994-Q2,6.1,,,,
ABS:ERP_COMP_Q(1.0.0),13,5,Q,1994-Q3,8.9,,,,
ABS:ERP_COMP_Q(1.0.0),13,5,Q,1994-Q4,5,,,,
ABS:ERP_COMP_Q(1.0.0),13,5,Q,1995-Q1,9.4,,,,
ABS:ERP_COMP_Q(1.0.0),13,5,Q,1995-Q2,8.2,,,,
ABS:ERP_COMP_Q(1.0.0),13,5,Q,1995-Q3,8.7,,,,
ABS:ERP_COMP_Q(1.0.0),13,5,Q,1995-Q4,7.1,,,,
ABS:ERP_COMP_Q(1.0.0),13,5,Q,1996-Q1,8.5,,,,
ABS:ERP_COMP_Q(1.0.0),13,5,Q,1996-Q2,7.8,,,,
ABS:ERP_COMP_Q(1.0.0),13,5,Q,1996-Q3,8.2,,,,
ABS:ERP_COMP_Q(1.0.0),13,5,Q,1996-Q4,7.1,,,,
ABS:ERP_COMP_Q(1.0.0),13,5,Q,1997-Q1,9.8,,,,
ABS:ERP_COMP_Q(1.0.0),13,5,Q,1997-Q2,5,,,,
ABS:ERP_COMP_Q(1.0.0),13,5,Q,1997-Q3,6.5,,,,
ABS:ERP_COMP_Q(1.0.0),13,5,Q,1997-Q4,6.1,,,,
ABS:ERP_COMP_Q(1.0.0),13,5,Q,1998-Q1,9.9,,,,
ABS:ERP_COMP_Q(1.0.0),13,5,Q,1998-Q2,5.6,,,,
ABS:ERP_COMP_Q(1.0.0),13,5,Q,1998-Q3,8.3,,,,
ABS:ERP_COMP_Q(1.0.0),13,5,Q,1998-Q4,5.4,,,,
ABS:ERP_COMP_Q(1.0.0),13,5,Q,1999-Q1,8.2,,,,
ABS:ERP_COMP_Q(1.0.0),13,5,Q,1999-Q2,5.6,,,,
ABS:ERP_COMP_Q(1.0.0),13,5,Q,1999-Q3,8.1,,,,
ABS:ERP_COMP_Q(1.0.0),13,5,Q,1999-Q4,4.2,,,,
ABS:ERP_COMP_Q(1.0.0),13,5,Q,2000-Q1,8.1,,,,
ABS:ERP_COMP_Q(1.0.0),13,5,Q,2000-Q2,4.7,,,,
ABS:ERP_COMP_Q(1.0.0),13,5,Q,2000-Q3,7,,,,
ABS:ERP_COMP_Q(1.0.0),13,5,Q,2000-Q4,6.4,,,,
ABS:ERP_COMP_Q(1.0.0),13,5,Q,2001-Q1,8.8,,,,
ABS:ERP_COMP_Q(1.0.0),13,5,Q,2001-Q2,5,,,,
ABS:ERP_COMP_Q(1.0.0),13,5,Q,2001-Q3,5.9,,,,
ABS:ERP_COMP_Q(1.0.0),13,5,Q,2001-Q4,5.5,,,,
ABS:ERP_COMP_Q(1.0.0),13,5,Q,2002-Q1,7.2,,,,
ABS:ERP_COMP_Q(1.0.0),13,5,Q,2002-Q2,3.6,,,,
ABS:ERP_COMP_Q(1.0.0),13,5,Q,2002-Q3,4.5,,,,
ABS:ERP_COMP_Q(1.0.0),13,5,Q,2002-Q4,5.6,,,,
ABS:ERP_COMP_Q(1.0.0),13,5,Q,2003-Q1,8.2,,,,
ABS:ERP_COMP_Q(1.0.0),13,5,Q,2003-Q2,5.9,,,,
ABS:ERP_COMP_Q(1.0.0),13,5,Q,2003-Q3,6.7,,,,
ABS:ERP_COMP_Q(1.0.0),13,5,Q,2003-Q4,6.7,,,,
ABS:ERP_COMP_Q(1.0.0),13,5,Q,2004-Q1,8,,,,
ABS:ERP_COMP_Q(1.0.0),13,5,Q,2004-Q2,5.4,,,,
ABS:ERP_COMP_Q(1.0.0),13,5,Q,2004-Q3,7,,,,
ABS:ERP_COMP_Q(1.0.0),13,5,Q,2004-Q4,7.7,,,,
ABS:ERP_COMP_Q(1.0.0),13,5,Q,2005-Q1,10.4,,,,
ABS:ERP_COMP_Q(1.0.0),13,5,Q,2005-Q2,6.6,,,,
ABS:ERP_COMP_Q(1.0.0),13,5,Q,2005-Q3,9.2,,,,
ABS:ERP_COMP_Q(1.0.0),13,5,Q,2005-Q4,9.6,,,,
ABS:ERP_COMP_Q(1.0.0),13,5,Q,2006-Q1,12.5,,,,
ABS:ERP_COMP_Q(1.0.0),13,5,Q,2006-Q2,8.1,,,,
ABS:ERP_COMP_Q(1.0.0),13,5,Q,2006-Q3,13.5,,,,
ABS:ERP_COMP_Q(1.0.0),13,5,Q,2006-Q4,12.8,,,,
ABS:ERP_COMP_Q(1.0.0),13,5,Q,2007-Q1,16.8,,,,
ABS:ERP_COMP_Q(1.0.0),13,5,Q,2007-Q2,12.5,,,,
ABS:ERP_COMP_Q(1.0.0),13,5,Q,2007-Q3,14.6,,,,
ABS:ERP_COMP_Q(1.0.0),13,5,Q,2007-Q4,14.2,,,,
ABS:ERP_COMP_Q(1.0.0),13,5,Q,2008-Q1,20.5,,,,
ABS:ERP_COMP_Q(1.0.0),13,5,Q,2008-Q2,16.1,,,,
ABS:ERP_COMP_Q(1.0.0),13,5,Q,2008-Q3,19.9,,,,
ABS:ERP_COMP_Q(1.0.0),13,5,Q,2008-Q4,17.3,,,,
ABS:ERP_COMP_Q(1.0.0),13,5,Q,2009-Q1,19.4,,,,
ABS:ERP_COMP_Q(1.0.0),13,5,Q,2009-Q2,11.9,,,,
ABS:ERP_COMP_Q(1.0.0),13,5,Q,2009-Q3,13.1,,,,
ABS:ERP_COMP_Q(1.0.0),13,5,Q,2009-Q4,10.4,,,,
ABS:ERP_COMP_Q(1.0.0),13,5,Q,2010-Q1,14.8,,,,
ABS:ERP_COMP_Q(1.0.0),13,5,Q,2010-Q2,12.3,,,,
ABS:ERP_COMP_Q(1.0.0),13,5,Q,2010-Q3,14.6,,,,
ABS:ERP_COMP_Q(1.0.0),13,5,Q,2010-Q4,13.6,,,,
ABS:ERP_COMP_Q(1.0.0),13,5,Q,2011-Q1,18.5,,,,
ABS:ERP_COMP_Q(1.0.0),13,5,Q,2011-Q2,15.8,,,,
ABS:ERP_COMP_Q(1.0.0),13,5,Q,2011-Q3,16.2,,,,
ABS:ERP_COMP_Q(1.0.0),13,5,Q,2011-Q4,16.3,,,,
ABS:ERP_COMP_Q(1.0.0),13,5,Q,2012-Q1,22.2,,,,
ABS:ERP_COMP_Q(1.0.0),13,5,Q,2012-Q2,17.4,,,,
ABS:ERP_COMP_Q(1.0.0),13,5,Q,2012-Q3,17.4,,,,
ABS:ERP_COMP_Q(1.0.0),13,5,Q,2012-Q4,14.6,,,,
ABS:ERP_COMP_Q(1.0.0),13,5,Q,2013-Q1,17.8,,,,
ABS:ERP_COMP_Q(1.0.0),13,5,Q,2013-Q2,11.7,,,,
ABS:ERP_COMP_Q(1.0.0),13,5,Q,2013-Q3,9.3,,,,
ABS:ERP_COMP_Q(1.0.0),13,5,Q,2013-Q4,5.9,,,,
ABS:ERP_COMP_Q(1.0.0),13,5,Q,2014-Q1,10.4,,,,
ABS:ERP_COMP_Q(1.0.0),13,5,Q,2014-Q2,5.1,,,,
ABS:ERP_COMP_Q(1.0.0),13,5,Q,2014-Q3,6.4,,,,
ABS:ERP_COMP_Q(1.0.0),13,5,Q,2014-Q4,4.6,,,,
ABS:ERP_COMP_Q(1.0.0),13,5,Q,2015-Q1,8,,,,
ABS:ERP_COMP_Q(1.0.0),13,5,Q,2015-Q2,4.1,,,,
ABS:ERP_COMP_Q(1.0.0),13,5,Q,2015-Q3,4.8,,,,
ABS:ERP_COMP_Q(1.0.0),13,5,Q,2015-Q4,2.2,,,,
ABS:ERP_COMP_Q(1.0.0),13,5,Q,2016-Q1,6.8,,,,
ABS:ERP_COMP_Q(1.0.0),13,5,Q,2016-Q2,1.5,,,,
ABS:ERP_COMP_Q(1.0.0),13,5,Q,2016-Q3,8.5,,,,
ABS:ERP_COMP_Q(1.0.0),13,5,Q,2016-Q4,5.1,,,,
ABS:ERP_COMP_Q(1.0.0),13,5,Q,2017-Q1,9.7,,,,
ABS:ERP_COMP_Q(1.0.0),13,5,Q,2017-Q2,6.4,,,,
ABS:ERP_COMP_Q(1.0.0),13,5,Q,2017-Q3,8.4,,,,
ABS:ERP_COMP_Q(1.0.0),13,5,Q,2017-Q4,5.8,,,,
ABS:ERP_COMP_Q(1.0.0),13,5,Q,2018-Q1,10.4,,,,
ABS:ERP_COMP_Q(1.0.0),13,5,Q,2018-Q2,7.5,,,,
ABS:ERP_COMP_Q(1.0.0),13,5,Q,2018-Q3,10.3,,,,
ABS:ERP_COMP_Q(1.0.0),13,5,Q,2018-Q4,8.3,,,,
ABS:ERP_COMP_Q(1.0.0),13,5,Q,2019-Q1,13.2,,,,
ABS:ERP_COMP_Q(1.0.0),13,5,Q,2019-Q2,10,,,,
ABS:ERP_COMP_Q(1.0.0),13,5,Q,2019-Q3,14.6,,,,
ABS:ERP_COMP_Q(1.0.0),13,5,Q,2019-Q4,14.6,,,,
ABS:ERP_COMP_Q(1.0.0),13,5,Q,2020-Q1,17.6,,,,
ABS:ERP_COMP_Q(1.0.0),13,5,Q,2020-Q2,6.6,,,,
ABS:ERP_COMP_Q(1.0.0),13,5,Q,2020-Q3,7.1,,,,
ABS:ERP_COMP_Q(1.0.0),13,5,Q,2020-Q4,8.2,,,,
ABS:ERP_COMP_Q(1.0.0),13,5,Q,2021-Q1,10.9,,,,
ABS:ERP_COMP_Q(1.0.0),13,5,Q,2021-Q2,10.3,,,,
ABS:ERP_COMP_Q(1.0.0),13,5,Q,2021-Q3,6.2,,,,
ABS:ERP_COMP_Q(1.0.0),13,5,Q,2021-Q4,7.7,,,,
ABS:ERP_COMP_Q(1.0.0),13,5,Q,2022-Q1,15.2,,,,
ABS:ERP_COMP_Q(1.0.0),13,5,Q,2022-Q2,15.5,,,,
ABS:ERP_COMP_Q(1.0.0),13,5,Q,2022-Q3,22,,,,
ABS:ERP_COMP_Q(1.0.0),13,5,Q,2022-Q4,23.6,,,,
ABS:ERP_COMP_Q(1.0.0),13,5,Q,2023-Q1,29,,,,
ABS:ERP_COMP_Q(1.0.0),13,5,Q,2023-Q2,22.5,,,,
ABS:ERP_COMP_Q(1.0.0),13,5,Q,2023-Q3,25.3,,,,
ABS:ERP_COMP_Q(1.0.0),13,5,Q,2023-Q4,21.4,,,,
ABS:ERP_COMP_Q(1.0.0),13,5,Q,2024-Q1,25,,,,
ABS:ERP_COMP_Q(1.0.0),13,5,Q,2024-Q2,15.5,,,,
ABS:ERP_COMP_Q(1.0.0),13,5,Q,2024-Q3,18,,,,
ABS:ERP_COMP_Q(1.0.0),13,5,Q,2024-Q4,14.9,,,,
ABS:ERP_COMP_Q(1.0.0),13,5,Q,2025-Q1,21.6,,,,
ABS:ERP_COMP_Q(1.0.0),13,5,Q,2025-Q2,13.5,,,,
ABS:ERP_COMP_Q(1.0.0),13,5,Q,2025-Q3,17.6,,,,
ABS:ERP_COMP_Q(1.0.0),13,5,Q,2025-Q4,12.7,,,,
ABS:ERP_COMP_Q(1.0.0),13,7,Q,1981-Q2,,,,,
ABS:ERP_COMP_Q(1.0.0),13,7,Q,1981-Q3,2.6,,,,
ABS:ERP_COMP_Q(1.0.0),13,7,Q,1981-Q4,2.5,,,,
ABS:ERP_COMP_Q(1.0.0),13,7,Q,1982-Q1,1.9,,,,
ABS:ERP_COMP_Q(1.0.0),13,7,Q,1982-Q2,0.7,,,,
ABS:ERP_COMP_Q(1.0.0),13,7,Q,1982-Q3,1.2,,,,
ABS:ERP_COMP_Q(1.0.0),13,7,Q,1982-Q4,1.3,,,,
ABS:ERP_COMP_Q(1.0.0),13,7,Q,1983-Q1,1.7,,,,
ABS:ERP_COMP_Q(1.0.0),13,7,Q,1983-Q2,1.4,,,,
ABS:ERP_COMP_Q(1.0.0),13,7,Q,1983-Q3,2,,,,
ABS:ERP_COMP_Q(1.0.0),13,7,Q,1983-Q4,1.6,,,,
ABS:ERP_COMP_Q(1.0.0),13,7,Q,1984-Q1,1.1,,,,
ABS:ERP_COMP_Q(1.0.0),13,7,Q,1984-Q2,1.5,,,,
ABS:ERP_COMP_Q(1.0.0),13,7,Q,1984-Q3,1.8,,,,
ABS:ERP_COMP_Q(1.0.0),13,7,Q,1984-Q4,1.4,,,,
ABS:ERP_COMP_Q(1.0.0),13,7,Q,1985-Q1,1.4,,,,
ABS:ERP_COMP_Q(1.0.0),13,7,Q,1985-Q2,1.9,,,,
ABS:ERP_COMP_Q(1.0.0),13,7,Q,1985-Q3,2.1,,,,
ABS:ERP_COMP_Q(1.0.0),13,7,Q,1985-Q4,1.8,,,,
ABS:ERP_COMP_Q(1.0.0),13,7,Q,1986-Q1,0.9,,,,
ABS:ERP_COMP_Q(1.0.0),13,7,Q,1986-Q2,1.1,,,,
ABS:ERP_COMP_Q(1.0.0),13,7,Q,1986-Q3,1.2,,,,
ABS:ERP_COMP_Q(1.0.0),13,7,Q,1986-Q4,1,,,,
ABS:ERP_COMP_Q(1.0.0),13,7,Q,1987-Q1,1.2,,,,
ABS:ERP_COMP_Q(1.0.0),13,7,Q,1987-Q2,0.4,,,,
ABS:ERP_COMP_Q(1.0.0),13,7,Q,1987-Q3,0.9,,,,
ABS:ERP_COMP_Q(1.0.0),13,7,Q,1987-Q4,-0.1,,,,
ABS:ERP_COMP_Q(1.0.0),13,7,Q,1988-Q1,-0.1,,,,
ABS:ERP_COMP_Q(1.0.0),13,7,Q,1988-Q2,0.1,,,,
ABS:ERP_COMP_Q(1.0.0),13,7,Q,1988-Q3,0.8,,,,
ABS:ERP_COMP_Q(1.0.0),13,7,Q,1988-Q4,0.7,,,,
ABS:ERP_COMP_Q(1.0.0),13,7,Q,1989-Q1,0.5,,,,
ABS:ERP_COMP_Q(1.0.0),13,7,Q,1989-Q2,0.1,,,,
ABS:ERP_COMP_Q(1.0.0),13,7,Q,1989-Q3,0.5,,,,
ABS:ERP_COMP_Q(1.0.0),13,7,Q,1989-Q4,0.4,,,,
ABS:ERP_COMP_Q(1.0.0),13,7,Q,1990-Q1,0.4,,,,
ABS:ERP_COMP_Q(1.0.0),13,7,Q,1990-Q2,1.2,,,,
ABS:ERP_COMP_Q(1.0.0),13,7,Q,1990-Q3,0.7,,,,
ABS:ERP_COMP_Q(1.0.0),13,7,Q,1990-Q4,0.7,,,,
ABS:ERP_COMP_Q(1.0.0),13,7,Q,1991-Q1,0.3,,,,
ABS:ERP_COMP_Q(1.0.0),13,7,Q,1991-Q2,0.1,,,,
ABS:ERP_COMP_Q(1.0.0),13,7,Q,1991-Q3,1.2,,,,
ABS:ERP_COMP_Q(1.0.0),13,7,Q,1991-Q4,0.3,,,,
ABS:ERP_COMP_Q(1.0.0),13,7,Q,1992-Q1,1.1,,,,
ABS:ERP_COMP_Q(1.0.0),13,7,Q,1992-Q2,0.4,,,,
ABS:ERP_COMP_Q(1.0.0),13,7,Q,1992-Q3,0.6,,,,
ABS:ERP_COMP_Q(1.0.0),13,7,Q,1992-Q4,1.3,,,,
ABS:ERP_COMP_Q(1.0.0),13,7,Q,1993-Q1,0.9,,,,
ABS:ERP_COMP_Q(1.0.0),13,7,Q,1993-Q2,0.4,,,,
ABS:ERP_COMP_Q(1.0.0),13,7,Q,1993-Q3,1.2,,,,
ABS:ERP_COMP_Q(1.0.0),13,7,Q,1993-Q4,0.7,,,,
ABS:ERP_COMP_Q(1.0.0),13,7,Q,1994-Q1,0.6,,,,
ABS:ERP_COMP_Q(1.0.0),13,7,Q,1994-Q2,0.7,,,,
ABS:ERP_COMP_Q(1.0.0),13,7,Q,1994-Q3,0.6,,,,
ABS:ERP_COMP_Q(1.0.0),13,7,Q,1994-Q4,1.2,,,,
ABS:ERP_COMP_Q(1.0.0),13,7,Q,1995-Q1,1.9,,,,
ABS:ERP_COMP_Q(1.0.0),13,7,Q,1995-Q2,0.9,,,,
ABS:ERP_COMP_Q(1.0.0),13,7,Q,1995-Q3,1.1,,,,
ABS:ERP_COMP_Q(1.0.0),13,7,Q,1995-Q4,2.1,,,,
ABS:ERP_COMP_Q(1.0.0),13,7,Q,1996-Q1,1,,,,
ABS:ERP_COMP_Q(1.0.0),13,7,Q,1996-Q2,0.7,,,,
ABS:ERP_COMP_Q(1.0.0),13,7,Q,1996-Q3,1.7,,,,
ABS:ERP_COMP_Q(1.0.0),13,7,Q,1996-Q4,1.1,,,,
ABS:ERP_COMP_Q(1.0.0),13,7,Q,1997-Q1,0.9,,,,
ABS:ERP_COMP_Q(1.0.0),13,7,Q,1997-Q2,1.5,,,,
ABS:ERP_COMP_Q(1.0.0),13,7,Q,1997-Q3,0.9,,,,
ABS:ERP_COMP_Q(1.0.0),13,7,Q,1997-Q4,0.6,,,,
ABS:ERP_COMP_Q(1.0.0),13,7,Q,1998-Q1,0.8,,,,
ABS:ERP_COMP_Q(1.0.0),13,7,Q,1998-Q2,0.8,,,,
ABS:ERP_COMP_Q(1.0.0),13,7,Q,1998-Q3,0.8,,,,
ABS:ERP_COMP_Q(1.0.0),13,7,Q,1998-Q4,0.7,,,,
ABS:ERP_COMP_Q(1.0.0),13,7,Q,1999-Q1,0.9,,,,
ABS:ERP_COMP_Q(1.0.0),13,7,Q,1999-Q2,0.8,,,,
ABS:ERP_COMP_Q(1.0.0),13,7,Q,1999-Q3,0.8,,,,
ABS:ERP_COMP_Q(1.0.0),13,7,Q,1999-Q4,1,,,,
ABS:ERP_COMP_Q(1.0.0),13,7,Q,2000-Q1,0.5,,,,
ABS:ERP_COMP_Q(1.0.0),13,7,Q,2000-Q2,0.8,,,,
ABS:ERP_COMP_Q(1.0.0),13,7,Q,2000-Q3,0.7,,,,
ABS:ERP_COMP_Q(1.0.0),13,7,Q,2000-Q4,0.2,,,,
ABS:ERP_COMP_Q(1.0.0),13,7,Q,2001-Q1,0.7,,,,
ABS:ERP_COMP_Q(1.0.0),13,7,Q,2001-Q2,1,,,,
ABS:ERP_COMP_Q(1.0.0),13,7,Q,2001-Q3,0.3,,,,
ABS:ERP_COMP_Q(1.0.0),13,7,Q,2001-Q4,-0.2,,,,
ABS:ERP_COMP_Q(1.0.0),13,7,Q,2002-Q1,0.1,,,,
ABS:ERP_COMP_Q(1.0.0),13,7,Q,2002-Q2,0.4,,,,
ABS:ERP_COMP_Q(1.0.0),13,7,Q,2002-Q3,-0.2,,,,
ABS:ERP_COMP_Q(1.0.0),13,7,Q,2002-Q4,-0.5,,,,
ABS:ERP_COMP_Q(1.0.0),13,7,Q,2003-Q1,-0.5,,,,
ABS:ERP_COMP_Q(1.0.0),13,7,Q,2003-Q2,0.7,,,,
ABS:ERP_COMP_Q(1.0.0),13,7,Q,2003-Q3,0.1,,,,
ABS:ERP_COMP_Q(1.0.0),13,7,Q,2003-Q4,-0.1,,,,
ABS:ERP_COMP_Q(1.0.0),13,7,Q,2004-Q1,0.3,,,,
ABS:ERP_COMP_Q(1.0.0),13,7,Q,2004-Q2,0.7,,,,
ABS:ERP_COMP_Q(1.0.0),13,7,Q,2004-Q3,0.9,,,,
ABS:ERP_COMP_Q(1.0.0),13,7,Q,2004-Q4,0.3,,,,
ABS:ERP_COMP_Q(1.0.0),13,7,Q,2005-Q1,1,,,,
ABS:ERP_COMP_Q(1.0.0),13,7,Q,2005-Q2,1,,,,
ABS:ERP_COMP_Q(1.0.0),13,7,Q,2005-Q3,0.9,,,,
ABS:ERP_COMP_Q(1.0.0),13,7,Q,2005-Q4,0.6,,,,
ABS:ERP_COMP_Q(1.0.0),13,7,Q,2006-Q1,1,,,,
ABS:ERP_COMP_Q(1.0.0),13,7,Q,2006-Q2,0.7,,,,
ABS:ERP_COMP_Q(1.0.0),13,7,Q,2006-Q3,1.2,,,,
ABS:ERP_COMP_Q(1.0.0),13,7,Q,2006-Q4,0.7,,,,
ABS:ERP_COMP_Q(1.0.0),13,7,Q,2007-Q1,1.3,,,,
ABS:ERP_COMP_Q(1.0.0),13,7,Q,2007-Q2,1.4,,,,
ABS:ERP_COMP_Q(1.0.0),13,7,Q,2007-Q3,1.4,,,,
ABS:ERP_COMP_Q(1.0.0),13,7,Q,2007-Q4,1.4,,,,
ABS:ERP_COMP_Q(1.0.0),13,7,Q,2008-Q1,1.3,,,,
ABS:ERP_COMP_Q(1.0.0),13,7,Q,2008-Q2,2,,,,
ABS:ERP_COMP_Q(1.0.0),13,7,Q,2008-Q3,1.6,,,,
ABS:ERP_COMP_Q(1.0.0),13,7,Q,2008-Q4,1.1,,,,
ABS:ERP_COMP_Q(1.0.0),13,7,Q,2009-Q1,1.4,,,,
ABS:ERP_COMP_Q(1.0.0),13,7,Q,2009-Q2,2.1,,,,
ABS:ERP_COMP_Q(1.0.0),13,7,Q,2009-Q3,1.2,,,,
ABS:ERP_COMP_Q(1.0.0),13,7,Q,2009-Q4,0.5,,,,
ABS:ERP_COMP_Q(1.0.0),13,7,Q,2010-Q1,0.8,,,,
ABS:ERP_COMP_Q(1.0.0),13,7,Q,2010-Q2,1.2,,,,
ABS:ERP_COMP_Q(1.0.0),13,7,Q,2010-Q3,0.7,,,,
ABS:ERP_COMP_Q(1.0.0),13,7,Q,2010-Q4,-0.2,,,,
ABS:ERP_COMP_Q(1.0.0),13,7,Q,2011-Q1,-0.1,,,,
ABS:ERP_COMP_Q(1.0.0),13,7,Q,2011-Q2,1.1,,,,
ABS:ERP_COMP_Q(1.0.0),13,7,Q,2011-Q3,1.3,,,,
ABS:ERP_COMP_Q(1.0.0),13,7,Q,2011-Q4,0.4,,,,
ABS:ERP_COMP_Q(1.0.0),13,7,Q,2012-Q1,1.3,,,,
ABS:ERP_COMP_Q(1.0.0),13,7,Q,2012-Q2,1.6,,,,
ABS:ERP_COMP_Q(1.0.0),13,7,Q,2012-Q3,1.6,,,,
ABS:ERP_COMP_Q(1.0.0),13,7,Q,2012-Q4,1.2,,,,
ABS:ERP_COMP_Q(1.0.0),13,7,Q,2013-Q1,1.4,,,,
ABS:ERP_COMP_Q(1.0.0),13,7,Q,2013-Q2,1.6,,,,
ABS:ERP_COMP_Q(1.0.0),13,7,Q,2013-Q3,0.6,,,,
ABS:ERP_COMP_Q(1.0.0),13,7,Q,2013-Q4,0,,,,
ABS:ERP_COMP_Q(1.0.0),13,7,Q,2014-Q1,0.5,,,,
ABS:ERP_COMP_Q(1.0.0),13,7,Q,2014-Q2,0.1,,,,
ABS:ERP_COMP_Q(1.0.0),13,7,Q,2014-Q3,0.3,,,,
ABS:ERP_COMP_Q(1.0.0),13,7,Q,2014-Q4,-0.4,,,,
ABS:ERP_COMP_Q(1.0.0),13,7,Q,2015-Q1,0.3,,,,
ABS:ERP_COMP_Q(1.0.0),13,7,Q,2015-Q2,1.6,,,,
ABS:ERP_COMP_Q(1.0.0),13,7,Q,2015-Q3,-0.1,,,,
ABS:ERP_COMP_Q(1.0.0),13,7,Q,2015-Q4,-0.5,,,,
ABS:ERP_COMP_Q(1.0.0),13,7,Q,2016-Q1,0.5,,,,
ABS:ERP_COMP_Q(1.0.0),13,7,Q,2016-Q2,1.1,,,,
ABS:ERP_COMP_Q(1.0.0),13,7,Q,2016-Q3,0.8,,,,
ABS:ERP_COMP_Q(1.0.0),13,7,Q,2016-Q4,-0.4,,,,
ABS:ERP_COMP_Q(1.0.0),13,7,Q,2017-Q1,0.2,,,,
ABS:ERP_COMP_Q(1.0.0),13,7,Q,2017-Q2,1.2,,,,
ABS:ERP_COMP_Q(1.0.0),13,7,Q,2017-Q3,0.1,,,,
ABS:ERP_COMP_Q(1.0.0),13,7,Q,2017-Q4,-0.7,,,,
ABS:ERP_COMP_Q(1.0.0),13,7,Q,2018-Q1,-0.2,,,,
ABS:ERP_COMP_Q(1.0.0),13,7,Q,2018-Q2,0.4,,,,
ABS:ERP_COMP_Q(1.0.0),13,7,Q,2018-Q3,-0.1,,,,
ABS:ERP_COMP_Q(1.0.0),13,7,Q,2018-Q4,-1.1,,,,
ABS:ERP_COMP_Q(1.0.0),13,7,Q,2019-Q1,0.1,,,,
ABS:ERP_COMP_Q(1.0.0),13,7,Q,2019-Q2,0.5,,,,
ABS:ERP_COMP_Q(1.0.0),13,7,Q,2019-Q3,0.1,,,,
ABS:ERP_COMP_Q(1.0.0),13,7,Q,2019-Q4,-0.5,,,,
ABS:ERP_COMP_Q(1.0.0),13,7,Q,2020-Q1,0.8,,,,
ABS:ERP_COMP_Q(1.0.0),13,7,Q,2020-Q2,0.5,,,,
ABS:ERP_COMP_Q(1.0.0),13,7,Q,2020-Q3,0.3,,,,
ABS:ERP_COMP_Q(1.0.0),13,7,Q,2020-Q4,0.1,,,,
ABS:ERP_COMP_Q(1.0.0),13,7,Q,2021-Q1,0.4,,,,
ABS:ERP_COMP_Q(1.0.0),13,7,Q,2021-Q2,0,,,,
ABS:ERP_COMP_Q(1.0.0),13,7,Q,2021-Q3,1.3,,,,
ABS:ERP_COMP_Q(1.0.0),13,7,Q,2021-Q4,1,,,,
ABS:ERP_COMP_Q(1.0.0),13,7,Q,2022-Q1,1.6,,,,
ABS:ERP_COMP_Q(1.0.0),13,7,Q,2022-Q2,1,,,,
ABS:ERP_COMP_Q(1.0.0),13,7,Q,2022-Q3,1.3,,,,
ABS:ERP_COMP_Q(1.0.0),13,7,Q,2022-Q4,0.9,,,,
ABS:ERP_COMP_Q(1.0.0),13,7,Q,2023-Q1,1.2,,,,
ABS:ERP_COMP_Q(1.0.0),13,7,Q,2023-Q2,1,,,,
ABS:ERP_COMP_Q(1.0.0),13,7,Q,2023-Q3,1,,,,
ABS:ERP_COMP_Q(1.0.0),13,7,Q,2023-Q4,0.6,,,,
ABS:ERP_COMP_Q(1.0.0),13,7,Q,2024-Q1,0.8,,,,
ABS:ERP_COMP_Q(1.0.0),13,7,Q,2024-Q2,0.9,,,,
ABS:ERP_COMP_Q(1.0.0),13,7,Q,2024-Q3,1.1,,,,
ABS:ERP_COMP_Q(1.0.0),13,7,Q,2024-Q4,1.2,,,,
ABS:ERP_COMP_Q(1.0.0),13,7,Q,2025-Q1,1.7,,,,
ABS:ERP_COMP_Q(1.0.0),13,7,Q,2025-Q2,1,,,,
ABS:ERP_COMP_Q(1.0.0),13,7,Q,2025-Q3,1.1,,,,
ABS:ERP_COMP_Q(1.0.0),13,7,Q,2025-Q4,0.5,,,,
ABS:ERP_COMP_Q(1.0.0),11,AUS,Q,1981-Q2,29.1,,,,
ABS:ERP_COMP_Q(1.0.0),11,AUS,Q,1981-Q3,30.8,,,,
ABS:ERP_COMP_Q(1.0.0),11,AUS,Q,1981-Q4,35,,,,
ABS:ERP_COMP_Q(1.0.0),11,AUS,Q,1982-Q1,32.4,,,,
ABS:ERP_COMP_Q(1.0.0),11,AUS,Q,1982-Q2,24.8,,,,
ABS:ERP_COMP_Q(1.0.0),11,AUS,Q,1982-Q3,24.4,,,,
ABS:ERP_COMP_Q(1.0.0),11,AUS,Q,1982-Q4,21.3,,,,
ABS:ERP_COMP_Q(1.0.0),11,AUS,Q,1983-Q1,18.1,,,,
ABS:ERP_COMP_Q(1.0.0),11,AUS,Q,1983-Q2,11.6,,,,
ABS:ERP_COMP_Q(1.0.0),11,AUS,Q,1983-Q3,10.3,,,,
ABS:ERP_COMP_Q(1.0.0),11,AUS,Q,1983-Q4,13,,,,
ABS:ERP_COMP_Q(1.0.0),11,AUS,Q,1984-Q1,14.3,,,,
ABS:ERP_COMP_Q(1.0.0),11,AUS,Q,1984-Q2,9,,,,
ABS:ERP_COMP_Q(1.0.0),11,AUS,Q,1984-Q3,14.9,,,,
ABS:ERP_COMP_Q(1.0.0),11,AUS,Q,1984-Q4,19.1,,,,
ABS:ERP_COMP_Q(1.0.0),11,AUS,Q,1985-Q1,20.1,,,,
ABS:ERP_COMP_Q(1.0.0),11,AUS,Q,1985-Q2,13.9,,,,
ABS:ERP_COMP_Q(1.0.0),11,AUS,Q,1985-Q3,19.5,,,,
ABS:ERP_COMP_Q(1.0.0),11,AUS,Q,1985-Q4,25.6,,,,
ABS:ERP_COMP_Q(1.0.0),11,AUS,Q,1986-Q1,27.5,,,,
ABS:ERP_COMP_Q(1.0.0),11,AUS,Q,1986-Q2,21.4,,,,
ABS:ERP_COMP_Q(1.0.0),11,AUS,Q,1986-Q3,25.9,,,,
ABS:ERP_COMP_Q(1.0.0),11,AUS,Q,1986-Q4,29.4,,,,
ABS:ERP_COMP_Q(1.0.0),11,AUS,Q,1987-Q1,28.9,,,,
ABS:ERP_COMP_Q(1.0.0),11,AUS,Q,1987-Q2,24.9,,,,
ABS:ERP_COMP_Q(1.0.0),11,AUS,Q,1987-Q3,31.3,,,,
ABS:ERP_COMP_Q(1.0.0),11,AUS,Q,1987-Q4,38.8,,,,
ABS:ERP_COMP_Q(1.0.0),11,AUS,Q,1988-Q1,41.8,,,,
ABS:ERP_COMP_Q(1.0.0),11,AUS,Q,1988-Q2,31.4,,,,
ABS:ERP_COMP_Q(1.0.0),11,AUS,Q,1988-Q3,37.7,,,,
ABS:ERP_COMP_Q(1.0.0),11,AUS,Q,1988-Q4,38.3,,,,
ABS:ERP_COMP_Q(1.0.0),11,AUS,Q,1989-Q1,35.3,,,,
ABS:ERP_COMP_Q(1.0.0),11,AUS,Q,1989-Q2,26,,,,
ABS:ERP_COMP_Q(1.0.0),11,AUS,Q,1989-Q3,29.3,,,,
ABS:ERP_COMP_Q(1.0.0),11,AUS,Q,1989-Q4,27.4,,,,
ABS:ERP_COMP_Q(1.0.0),11,AUS,Q,1990-Q1,28.4,,,,
ABS:ERP_COMP_Q(1.0.0),11,AUS,Q,1990-Q2,18.8,,,,
ABS:ERP_COMP_Q(1.0.0),11,AUS,Q,1990-Q3,26.1,,,,
ABS:ERP_COMP_Q(1.0.0),11,AUS,Q,1990-Q4,23.3,,,,
ABS:ERP_COMP_Q(1.0.0),11,AUS,Q,1991-Q1,28.5,,,,
ABS:ERP_COMP_Q(1.0.0),11,AUS,Q,1991-Q2,16.8,,,,
ABS:ERP_COMP_Q(1.0.0),11,AUS,Q,1991-Q3,26.6,,,,
ABS:ERP_COMP_Q(1.0.0),11,AUS,Q,1991-Q4,21.6,,,,
ABS:ERP_COMP_Q(1.0.0),11,AUS,Q,1992-Q1,28.1,,,,
ABS:ERP_COMP_Q(1.0.0),11,AUS,Q,1992-Q2,13.6,,,,
ABS:ERP_COMP_Q(1.0.0),11,AUS,Q,1992-Q3,19.1,,,,
ABS:ERP_COMP_Q(1.0.0),11,AUS,Q,1992-Q4,16,,,,
ABS:ERP_COMP_Q(1.0.0),11,AUS,Q,1993-Q1,20.5,,,,
ABS:ERP_COMP_Q(1.0.0),11,AUS,Q,1993-Q2,7.1,,,,
ABS:ERP_COMP_Q(1.0.0),11,AUS,Q,1993-Q3,16.3,,,,
ABS:ERP_COMP_Q(1.0.0),11,AUS,Q,1993-Q4,13.6,,,,
ABS:ERP_COMP_Q(1.0.0),11,AUS,Q,1994-Q1,25.7,,,,
ABS:ERP_COMP_Q(1.0.0),11,AUS,Q,1994-Q2,11.7,,,,
ABS:ERP_COMP_Q(1.0.0),11,AUS,Q,1994-Q3,23.5,,,,
ABS:ERP_COMP_Q(1.0.0),11,AUS,Q,1994-Q4,19.3,,,,
ABS:ERP_COMP_Q(1.0.0),11,AUS,Q,1995-Q1,32.5,,,,
ABS:ERP_COMP_Q(1.0.0),11,AUS,Q,1995-Q2,17.7,,,,
ABS:ERP_COMP_Q(1.0.0),11,AUS,Q,1995-Q3,28.9,,,,
ABS:ERP_COMP_Q(1.0.0),11,AUS,Q,1995-Q4,25.4,,,,
ABS:ERP_COMP_Q(1.0.0),11,AUS,Q,1996-Q1,39.6,,,,
ABS:ERP_COMP_Q(1.0.0),11,AUS,Q,1996-Q2,15.7,,,,
ABS:ERP_COMP_Q(1.0.0),11,AUS,Q,1996-Q3,27.7,,,,
ABS:ERP_COMP_Q(1.0.0),11,AUS,Q,1996-Q4,20.1,,,,
ABS:ERP_COMP_Q(1.0.0),11,AUS,Q,1997-Q1,36.1,,,,
ABS:ERP_COMP_Q(1.0.0),11,AUS,Q,1997-Q2,10.6,,,,
ABS:ERP_COMP_Q(1.0.0),11,AUS,Q,1997-Q3,22.9,,,,
ABS:ERP_COMP_Q(1.0.0),11,AUS,Q,1997-Q4,14,,,,
ABS:ERP_COMP_Q(1.0.0),11,AUS,Q,1998-Q1,33.7,,,,
ABS:ERP_COMP_Q(1.0.0),11,AUS,Q,1998-Q2,8.5,,,,
ABS:ERP_COMP_Q(1.0.0),11,AUS,Q,1998-Q3,26.5,,,,
ABS:ERP_COMP_Q(1.0.0),11,AUS,Q,1998-Q4,20.1,,,,
ABS:ERP_COMP_Q(1.0.0),11,AUS,Q,1999-Q1,35.1,,,,
ABS:ERP_COMP_Q(1.0.0),11,AUS,Q,1999-Q2,14.8,,,,
ABS:ERP_COMP_Q(1.0.0),11,AUS,Q,1999-Q3,29.7,,,,
ABS:ERP_COMP_Q(1.0.0),11,AUS,Q,1999-Q4,24.6,,,,
ABS:ERP_COMP_Q(1.0.0),11,AUS,Q,2000-Q1,37.4,,,,
ABS:ERP_COMP_Q(1.0.0),11,AUS,Q,2000-Q2,15.5,,,,
ABS:ERP_COMP_Q(1.0.0),11,AUS,Q,2000-Q3,31.9,,,,
ABS:ERP_COMP_Q(1.0.0),11,AUS,Q,2000-Q4,26.6,,,,
ABS:ERP_COMP_Q(1.0.0),11,AUS,Q,2001-Q1,54.8,,,,
ABS:ERP_COMP_Q(1.0.0),11,AUS,Q,2001-Q2,22.4,,,,
ABS:ERP_COMP_Q(1.0.0),11,AUS,Q,2001-Q3,35.7,,,,
ABS:ERP_COMP_Q(1.0.0),11,AUS,Q,2001-Q4,27.5,,,,
ABS:ERP_COMP_Q(1.0.0),11,AUS,Q,2002-Q1,50.6,,,,
ABS:ERP_COMP_Q(1.0.0),11,AUS,Q,2002-Q2,20,,,,
ABS:ERP_COMP_Q(1.0.0),11,AUS,Q,2002-Q3,39.9,,,,
ABS:ERP_COMP_Q(1.0.0),11,AUS,Q,2002-Q4,28.5,,,,
ABS:ERP_COMP_Q(1.0.0),11,AUS,Q,2003-Q1,60.4,,,,
ABS:ERP_COMP_Q(1.0.0),11,AUS,Q,2003-Q2,25.4,,,,
ABS:ERP_COMP_Q(1.0.0),11,AUS,Q,2003-Q3,47.4,,,,
ABS:ERP_COMP_Q(1.0.0),11,AUS,Q,2003-Q4,30.4,,,,
ABS:ERP_COMP_Q(1.0.0),11,AUS,Q,2004-Q1,62.9,,,,
ABS:ERP_COMP_Q(1.0.0),11,AUS,Q,2004-Q2,23.9,,,,
ABS:ERP_COMP_Q(1.0.0),11,AUS,Q,2004-Q3,50.7,,,,
ABS:ERP_COMP_Q(1.0.0),11,AUS,Q,2004-Q4,31.3,,,,
ABS:ERP_COMP_Q(1.0.0),11,AUS,Q,2005-Q1,68.8,,,,
ABS:ERP_COMP_Q(1.0.0),11,AUS,Q,2005-Q2,27.1,,,,
ABS:ERP_COMP_Q(1.0.0),11,AUS,Q,2005-Q3,55.2,,,,
ABS:ERP_COMP_Q(1.0.0),11,AUS,Q,2005-Q4,39.4,,,,
ABS:ERP_COMP_Q(1.0.0),11,AUS,Q,2006-Q1,73.7,,,,
ABS:ERP_COMP_Q(1.0.0),11,AUS,Q,2006-Q2,31,,,,
ABS:ERP_COMP_Q(1.0.0),11,AUS,Q,2006-Q3,56.9,,,,
ABS:ERP_COMP_Q(1.0.0),11,AUS,Q,2006-Q4,50.6,,,,
ABS:ERP_COMP_Q(1.0.0),11,AUS,Q,2007-Q1,76,,,,
ABS:ERP_COMP_Q(1.0.0),11,AUS,Q,2007-Q2,49.2,,,,
ABS:ERP_COMP_Q(1.0.0),11,AUS,Q,2007-Q3,62.8,,,,
ABS:ERP_COMP_Q(1.0.0),11,AUS,Q,2007-Q4,56,,,,
ABS:ERP_COMP_Q(1.0.0),11,AUS,Q,2008-Q1,93.5,,,,
ABS:ERP_COMP_Q(1.0.0),11,AUS,Q,2008-Q2,65.1,,,,
ABS:ERP_COMP_Q(1.0.0),11,AUS,Q,2008-Q3,84.1,,,,
ABS:ERP_COMP_Q(1.0.0),11,AUS,Q,2008-Q4,73,,,,
ABS:ERP_COMP_Q(1.0.0),11,AUS,Q,2009-Q1,88.7,,,,
ABS:ERP_COMP_Q(1.0.0),11,AUS,Q,2009-Q2,54,,,,
ABS:ERP_COMP_Q(1.0.0),11,AUS,Q,2009-Q3,62.5,,,,
ABS:ERP_COMP_Q(1.0.0),11,AUS,Q,2009-Q4,41.7,,,,
ABS:ERP_COMP_Q(1.0.0),11,AUS,Q,2010-Q1,59.9,,,,
ABS:ERP_COMP_Q(1.0.0),11,AUS,Q,2010-Q2,32,,,,
ABS:ERP_COMP_Q(1.0.0),11,AUS,Q,2010-Q3,41.8,,,,
ABS:ERP_COMP_Q(1.0.0),11,AUS,Q,2010-Q4,38.4,,,,
ABS:ERP_COMP_Q(1.0.0),11,AUS,Q,2011-Q1,61,,,,
ABS:ERP_COMP_Q(1.0.0),11,AUS,Q,2011-Q2,39.2,,,,
ABS:ERP_COMP_Q(1.0.0),11,AUS,Q,2011-Q3,55.4,,,,
ABS:ERP_COMP_Q(1.0.0),11,AUS,Q,2011-Q4,50.6,,,,
ABS:ERP_COMP_Q(1.0.0),11,AUS,Q,2012-Q1,74,,,,
ABS:ERP_COMP_Q(1.0.0),11,AUS,Q,2012-Q2,51.9,,,,
ABS:ERP_COMP_Q(1.0.0),11,AUS,Q,2012-Q3,63.3,,,,
ABS:ERP_COMP_Q(1.0.0),11,AUS,Q,2012-Q4,51,,,,
ABS:ERP_COMP_Q(1.0.0),11,AUS,Q,2013-Q1,71.2,,,,
ABS:ERP_COMP_Q(1.0.0),11,AUS,Q,2013-Q2,44.8,,,,
ABS:ERP_COMP_Q(1.0.0),11,AUS,Q,2013-Q3,54.2,,,,
ABS:ERP_COMP_Q(1.0.0),11,AUS,Q,2013-Q4,38.2,,,,
ABS:ERP_COMP_Q(1.0.0),11,AUS,Q,2014-Q1,65,,,,
ABS:ERP_COMP_Q(1.0.0),11,AUS,Q,2014-Q2,30.4,,,,
ABS:ERP_COMP_Q(1.0.0),11,AUS,Q,2014-Q3,50.2,,,,
ABS:ERP_COMP_Q(1.0.0),11,AUS,Q,2014-Q4,36.8,,,,
ABS:ERP_COMP_Q(1.0.0),11,AUS,Q,2015-Q1,63.8,,,,
ABS:ERP_COMP_Q(1.0.0),11,AUS,Q,2015-Q2,33.3,,,,
ABS:ERP_COMP_Q(1.0.0),11,AUS,Q,2015-Q3,50.4,,,,
ABS:ERP_COMP_Q(1.0.0),11,AUS,Q,2015-Q4,39.3,,,,
ABS:ERP_COMP_Q(1.0.0),11,AUS,Q,2016-Q1,73,,,,
ABS:ERP_COMP_Q(1.0.0),11,AUS,Q,2016-Q2,43.6,,,,
ABS:ERP_COMP_Q(1.0.0),11,AUS,Q,2016-Q3,73.7,,,,
ABS:ERP_COMP_Q(1.0.0),11,AUS,Q,2016-Q4,53.6,,,,
ABS:ERP_COMP_Q(1.0.0),11,AUS,Q,2017-Q1,88.8,,,,
ABS:ERP_COMP_Q(1.0.0),11,AUS,Q,2017-Q2,47.3,,,,
ABS:ERP_COMP_Q(1.0.0),11,AUS,Q,2017-Q3,69.7,,,,
ABS:ERP_COMP_Q(1.0.0),11,AUS,Q,2017-Q4,35.8,,,,
ABS:ERP_COMP_Q(1.0.0),11,AUS,Q,2018-Q1,85.1,,,,
ABS:ERP_COMP_Q(1.0.0),11,AUS,Q,2018-Q2,47.6,,,,
ABS:ERP_COMP_Q(1.0.0),11,AUS,Q,2018-Q3,73.8,,,,
ABS:ERP_COMP_Q(1.0.0),11,AUS,Q,2018-Q4,45.7,,,,
ABS:ERP_COMP_Q(1.0.0),11,AUS,Q,2019-Q1,83.6,,,,
ABS:ERP_COMP_Q(1.0.0),11,AUS,Q,2019-Q2,38.2,,,,
ABS:ERP_COMP_Q(1.0.0),11,AUS,Q,2019-Q3,74.5,,,,
ABS:ERP_COMP_Q(1.0.0),11,AUS,Q,2019-Q4,51.3,,,,
ABS:ERP_COMP_Q(1.0.0),11,AUS,Q,2020-Q1,75.2,,,,
ABS:ERP_COMP_Q(1.0.0),11,AUS,Q,2020-Q2,-8.3,,,,
ABS:ERP_COMP_Q(1.0.0),11,AUS,Q,2020-Q3,-42.6,,,,
ABS:ERP_COMP_Q(1.0.0),11,AUS,Q,2020-Q4,-29.3,,,,
ABS:ERP_COMP_Q(1.0.0),11,AUS,Q,2021-Q1,-14.2,,,,
ABS:ERP_COMP_Q(1.0.0),11,AUS,Q,2021-Q2,1.1,,,,
ABS:ERP_COMP_Q(1.0.0),11,AUS,Q,2021-Q3,-13,,,,
ABS:ERP_COMP_Q(1.0.0),11,AUS,Q,2021-Q4,35.4,,,,
ABS:ERP_COMP_Q(1.0.0),11,AUS,Q,2022-Q1,107.5,,,,
ABS:ERP_COMP_Q(1.0.0),11,AUS,Q,2022-Q2,78,,,,
ABS:ERP_COMP_Q(1.0.0),11,AUS,Q,2022-Q3,127.7,,,,
ABS:ERP_COMP_Q(1.0.0),11,AUS,Q,2022-Q4,124.6,,,,
ABS:ERP_COMP_Q(1.0.0),11,AUS,Q,2023-Q1,165.5,,,,
ABS:ERP_COMP_Q(1.0.0),11,AUS,Q,2023-Q2,120.5,,,,
ABS:ERP_COMP_Q(1.0.0),11,AUS,Q,2023-Q3,145.2,,,,
ABS:ERP_COMP_Q(1.0.0),11,AUS,Q,2023-Q4,99.5,,,,
ABS:ERP_COMP_Q(1.0.0),11,AUS,Q,2024-Q1,128.7,,,,
ABS:ERP_COMP_Q(1.0.0),11,AUS,Q,2024-Q2,55.8,,,,
ABS:ERP_COMP_Q(1.0.0),11,AUS,Q,2024-Q3,81.6,,,,
ABS:ERP_COMP_Q(1.0.0),11,AUS,Q,2024-Q4,64.3,,,,
ABS:ERP_COMP_Q(1.0.0),11,AUS,Q,2025-Q1,107.1,,,,
ABS:ERP_COMP_Q(1.0.0),11,AUS,Q,2025-Q2,49.2,,,,
ABS:ERP_COMP_Q(1.0.0),11,AUS,Q,2025-Q3,88.1,,,,
ABS:ERP_COMP_Q(1.0.0),11,AUS,Q,2025-Q4,56.6,,,,
ABS:ERP_COMP_Q(1.0.0),9,2,Q,1981-Q2,5.5,,,,
ABS:ERP_COMP_Q(1.0.0),9,2,Q,1981-Q3,8.2,,,,
ABS:ERP_COMP_Q(1.0.0),9,2,Q,1981-Q4,8.5,,,,
ABS:ERP_COMP_Q(1.0.0),9,2,Q,1982-Q1,7.6,,,,
ABS:ERP_COMP_Q(1.0.0),9,2,Q,1982-Q2,6.8,,,,
ABS:ERP_COMP_Q(1.0.0),9,2,Q,1982-Q3,6.2,,,,
ABS:ERP_COMP_Q(1.0.0),9,2,Q,1982-Q4,4.4,,,,
ABS:ERP_COMP_Q(1.0.0),9,2,Q,1983-Q1,6,,,,
ABS:ERP_COMP_Q(1.0.0),9,2,Q,1983-Q2,3.2,,,,
ABS:ERP_COMP_Q(1.0.0),9,2,Q,1983-Q3,3.7,,,,
ABS:ERP_COMP_Q(1.0.0),9,2,Q,1983-Q4,3.5,,,,
ABS:ERP_COMP_Q(1.0.0),9,2,Q,1984-Q1,3.6,,,,
ABS:ERP_COMP_Q(1.0.0),9,2,Q,1984-Q2,3.9,,,,
ABS:ERP_COMP_Q(1.0.0),9,2,Q,1984-Q3,5.1,,,,
ABS:ERP_COMP_Q(1.0.0),9,2,Q,1984-Q4,5.1,,,,
ABS:ERP_COMP_Q(1.0.0),9,2,Q,1985-Q1,6.2,,,,
ABS:ERP_COMP_Q(1.0.0),9,2,Q,1985-Q2,3.8,,,,
ABS:ERP_COMP_Q(1.0.0),9,2,Q,1985-Q3,6.5,,,,
ABS:ERP_COMP_Q(1.0.0),9,2,Q,1985-Q4,7.4,,,,
ABS:ERP_COMP_Q(1.0.0),9,2,Q,1986-Q1,6.9,,,,
ABS:ERP_COMP_Q(1.0.0),9,2,Q,1986-Q2,5.6,,,,
ABS:ERP_COMP_Q(1.0.0),9,2,Q,1986-Q3,7.3,,,,
ABS:ERP_COMP_Q(1.0.0),9,2,Q,1986-Q4,8.4,,,,
ABS:ERP_COMP_Q(1.0.0),9,2,Q,1987-Q1,9.7,,,,
ABS:ERP_COMP_Q(1.0.0),9,2,Q,1987-Q2,7.4,,,,
ABS:ERP_COMP_Q(1.0.0),9,2,Q,1987-Q3,10.1,,,,
ABS:ERP_COMP_Q(1.0.0),9,2,Q,1987-Q4,8.8,,,,
ABS:ERP_COMP_Q(1.0.0),9,2,Q,1988-Q1,11.8,,,,
ABS:ERP_COMP_Q(1.0.0),9,2,Q,1988-Q2,6.5,,,,
ABS:ERP_COMP_Q(1.0.0),9,2,Q,1988-Q3,12.9,,,,
ABS:ERP_COMP_Q(1.0.0),9,2,Q,1988-Q4,10.6,,,,
ABS:ERP_COMP_Q(1.0.0),9,2,Q,1989-Q1,11.2,,,,
ABS:ERP_COMP_Q(1.0.0),9,2,Q,1989-Q2,4.8,,,,
ABS:ERP_COMP_Q(1.0.0),9,2,Q,1989-Q3,9,,,,
ABS:ERP_COMP_Q(1.0.0),9,2,Q,1989-Q4,9.2,,,,
ABS:ERP_COMP_Q(1.0.0),9,2,Q,1990-Q1,10.2,,,,
ABS:ERP_COMP_Q(1.0.0),9,2,Q,1990-Q2,5.7,,,,
ABS:ERP_COMP_Q(1.0.0),9,2,Q,1990-Q3,6.9,,,,
ABS:ERP_COMP_Q(1.0.0),9,2,Q,1990-Q4,4.4,,,,
ABS:ERP_COMP_Q(1.0.0),9,2,Q,1991-Q1,9.3,,,,
ABS:ERP_COMP_Q(1.0.0),9,2,Q,1991-Q2,2.9,,,,
ABS:ERP_COMP_Q(1.0.0),9,2,Q,1991-Q3,6.6,,,,
ABS:ERP_COMP_Q(1.0.0),9,2,Q,1991-Q4,2.6,,,,
ABS:ERP_COMP_Q(1.0.0),9,2,Q,1992-Q1,7.7,,,,
ABS:ERP_COMP_Q(1.0.0),9,2,Q,1992-Q2,1.4,,,,
ABS:ERP_COMP_Q(1.0.0),9,2,Q,1992-Q3,3.9,,,,
ABS:ERP_COMP_Q(1.0.0),9,2,Q,1992-Q4,0.9,,,,
ABS:ERP_COMP_Q(1.0.0),9,2,Q,1993-Q1,4.9,,,,
ABS:ERP_COMP_Q(1.0.0),9,2,Q,1993-Q2,-1.8,,,,
ABS:ERP_COMP_Q(1.0.0),9,2,Q,1993-Q3,3.8,,,,
ABS:ERP_COMP_Q(1.0.0),9,2,Q,1993-Q4,1.1,,,,
ABS:ERP_COMP_Q(1.0.0),9,2,Q,1994-Q1,4.9,,,,
ABS:ERP_COMP_Q(1.0.0),9,2,Q,1994-Q2,0.9,,,,
ABS:ERP_COMP_Q(1.0.0),9,2,Q,1994-Q3,6.1,,,,
ABS:ERP_COMP_Q(1.0.0),9,2,Q,1994-Q4,1.4,,,,
ABS:ERP_COMP_Q(1.0.0),9,2,Q,1995-Q1,6.9,,,,
ABS:ERP_COMP_Q(1.0.0),9,2,Q,1995-Q2,4.9,,,,
ABS:ERP_COMP_Q(1.0.0),9,2,Q,1995-Q3,7,,,,
ABS:ERP_COMP_Q(1.0.0),9,2,Q,1995-Q4,7.4,,,,
ABS:ERP_COMP_Q(1.0.0),9,2,Q,1996-Q1,6.8,,,,
ABS:ERP_COMP_Q(1.0.0),9,2,Q,1996-Q2,4.5,,,,
ABS:ERP_COMP_Q(1.0.0),9,2,Q,1996-Q3,7.8,,,,
ABS:ERP_COMP_Q(1.0.0),9,2,Q,1996-Q4,4.3,,,,
ABS:ERP_COMP_Q(1.0.0),9,2,Q,1997-Q1,8,,,,
ABS:ERP_COMP_Q(1.0.0),9,2,Q,1997-Q2,1,,,,
ABS:ERP_COMP_Q(1.0.0),9,2,Q,1997-Q3,5.6,,,,
ABS:ERP_COMP_Q(1.0.0),9,2,Q,1997-Q4,2.7,,,,
ABS:ERP_COMP_Q(1.0.0),9,2,Q,1998-Q1,9.5,,,,
ABS:ERP_COMP_Q(1.0.0),9,2,Q,1998-Q2,1.6,,,,
ABS:ERP_COMP_Q(1.0.0),9,2,Q,1998-Q3,6.8,,,,
ABS:ERP_COMP_Q(1.0.0),9,2,Q,1998-Q4,5.8,,,,
ABS:ERP_COMP_Q(1.0.0),9,2,Q,1999-Q1,9.8,,,,
ABS:ERP_COMP_Q(1.0.0),9,2,Q,1999-Q2,2.4,,,,
ABS:ERP_COMP_Q(1.0.0),9,2,Q,1999-Q3,7.5,,,,
ABS:ERP_COMP_Q(1.0.0),9,2,Q,1999-Q4,5.1,,,,
ABS:ERP_COMP_Q(1.0.0),9,2,Q,2000-Q1,11.3,,,,
ABS:ERP_COMP_Q(1.0.0),9,2,Q,2000-Q2,3.1,,,,
ABS:ERP_COMP_Q(1.0.0),9,2,Q,2000-Q3,8.7,,,,
ABS:ERP_COMP_Q(1.0.0),9,2,Q,2000-Q4,6.4,,,,
ABS:ERP_COMP_Q(1.0.0),9,2,Q,2001-Q1,15.9,,,,
ABS:ERP_COMP_Q(1.0.0),9,2,Q,2001-Q2,4.3,,,,
ABS:ERP_COMP_Q(1.0.0),9,2,Q,2001-Q3,3.8,,,,
ABS:ERP_COMP_Q(1.0.0),9,2,Q,2001-Q4,5.6,,,,
ABS:ERP_COMP_Q(1.0.0),9,2,Q,2002-Q1,8.9,,,,
ABS:ERP_COMP_Q(1.0.0),9,2,Q,2002-Q2,2,,,,
ABS:ERP_COMP_Q(1.0.0),9,2,Q,2002-Q3,6.1,,,,
ABS:ERP_COMP_Q(1.0.0),9,2,Q,2002-Q4,6.6,,,,
ABS:ERP_COMP_Q(1.0.0),9,2,Q,2003-Q1,10.7,,,,
ABS:ERP_COMP_Q(1.0.0),9,2,Q,2003-Q2,3.3,,,,
ABS:ERP_COMP_Q(1.0.0),9,2,Q,2003-Q3,7.1,,,,
ABS:ERP_COMP_Q(1.0.0),9,2,Q,2003-Q4,5.4,,,,
ABS:ERP_COMP_Q(1.0.0),9,2,Q,2004-Q1,9.7,,,,
ABS:ERP_COMP_Q(1.0.0),9,2,Q,2004-Q2,2.7,,,,
ABS:ERP_COMP_Q(1.0.0),9,2,Q,2004-Q3,8.9,,,,
ABS:ERP_COMP_Q(1.0.0),9,2,Q,2004-Q4,6.4,,,,
ABS:ERP_COMP_Q(1.0.0),9,2,Q,2005-Q1,13.5,,,,
ABS:ERP_COMP_Q(1.0.0),9,2,Q,2005-Q2,3.5,,,,
ABS:ERP_COMP_Q(1.0.0),9,2,Q,2005-Q3,10,,,,
ABS:ERP_COMP_Q(1.0.0),9,2,Q,2005-Q4,8.9,,,,
ABS:ERP_COMP_Q(1.0.0),9,2,Q,2006-Q1,15.5,,,,
ABS:ERP_COMP_Q(1.0.0),9,2,Q,2006-Q2,5.2,,,,
ABS:ERP_COMP_Q(1.0.0),9,2,Q,2006-Q3,14.9,,,,
ABS:ERP_COMP_Q(1.0.0),9,2,Q,2006-Q4,13,,,,
ABS:ERP_COMP_Q(1.0.0),9,2,Q,2007-Q1,22,,,,
ABS:ERP_COMP_Q(1.0.0),9,2,Q,2007-Q2,12.6,,,,
ABS:ERP_COMP_Q(1.0.0),9,2,Q,2007-Q3,17.5,,,,
ABS:ERP_COMP_Q(1.0.0),9,2,Q,2007-Q4,14.3,,,,
ABS:ERP_COMP_Q(1.0.0),9,2,Q,2008-Q1,24.9,,,,
ABS:ERP_COMP_Q(1.0.0),9,2,Q,2008-Q2,16.8,,,,
ABS:ERP_COMP_Q(1.0.0),9,2,Q,2008-Q3,22.8,,,,
ABS:ERP_COMP_Q(1.0.0),9,2,Q,2008-Q4,18.7,,,,
ABS:ERP_COMP_Q(1.0.0),9,2,Q,2009-Q1,25.9,,,,
ABS:ERP_COMP_Q(1.0.0),9,2,Q,2009-Q2,16.3,,,,
ABS:ERP_COMP_Q(1.0.0),9,2,Q,2009-Q3,19,,,,
ABS:ERP_COMP_Q(1.0.0),9,2,Q,2009-Q4,10.9,,,,
ABS:ERP_COMP_Q(1.0.0),9,2,Q,2010-Q1,16.2,,,,
ABS:ERP_COMP_Q(1.0.0),9,2,Q,2010-Q2,7.5,,,,
ABS:ERP_COMP_Q(1.0.0),9,2,Q,2010-Q3,10.3,,,,
ABS:ERP_COMP_Q(1.0.0),9,2,Q,2010-Q4,9.2,,,,
ABS:ERP_COMP_Q(1.0.0),9,2,Q,2011-Q1,15.7,,,,
ABS:ERP_COMP_Q(1.0.0),9,2,Q,2011-Q2,9.5,,,,
ABS:ERP_COMP_Q(1.0.0),9,2,Q,2011-Q3,13.3,,,,
ABS:ERP_COMP_Q(1.0.0),9,2,Q,2011-Q4,12.6,,,,
ABS:ERP_COMP_Q(1.0.0),9,2,Q,2012-Q1,18.4,,,,
ABS:ERP_COMP_Q(1.0.0),9,2,Q,2012-Q2,11.9,,,,
ABS:ERP_COMP_Q(1.0.0),9,2,Q,2012-Q3,15.7,,,,
ABS:ERP_COMP_Q(1.0.0),9,2,Q,2012-Q4,12.8,,,,
ABS:ERP_COMP_Q(1.0.0),9,2,Q,2013-Q1,18.9,,,,
ABS:ERP_COMP_Q(1.0.0),9,2,Q,2013-Q2,11.7,,,,
ABS:ERP_COMP_Q(1.0.0),9,2,Q,2013-Q3,16.1,,,,
ABS:ERP_COMP_Q(1.0.0),9,2,Q,2013-Q4,11.8,,,,
ABS:ERP_COMP_Q(1.0.0),9,2,Q,2014-Q1,19.6,,,,
ABS:ERP_COMP_Q(1.0.0),9,2,Q,2014-Q2,9.4,,,,
ABS:ERP_COMP_Q(1.0.0),9,2,Q,2014-Q3,16.9,,,,
ABS:ERP_COMP_Q(1.0.0),9,2,Q,2014-Q4,12.6,,,,
ABS:ERP_COMP_Q(1.0.0),9,2,Q,2015-Q1,20.1,,,,
ABS:ERP_COMP_Q(1.0.0),9,2,Q,2015-Q2,11.2,,,,
ABS:ERP_COMP_Q(1.0.0),9,2,Q,2015-Q3,18.1,,,,
ABS:ERP_COMP_Q(1.0.0),9,2,Q,2015-Q4,14.8,,,,
ABS:ERP_COMP_Q(1.0.0),9,2,Q,2016-Q1,24.8,,,,
ABS:ERP_COMP_Q(1.0.0),9,2,Q,2016-Q2,14.5,,,,
ABS:ERP_COMP_Q(1.0.0),9,2,Q,2016-Q3,24.5,,,,
ABS:ERP_COMP_Q(1.0.0),9,2,Q,2016-Q4,19.1,,,,
ABS:ERP_COMP_Q(1.0.0),9,2,Q,2017-Q1,31.8,,,,
ABS:ERP_COMP_Q(1.0.0),9,2,Q,2017-Q2,15.8,,,,
ABS:ERP_COMP_Q(1.0.0),9,2,Q,2017-Q3,24.6,,,,
ABS:ERP_COMP_Q(1.0.0),9,2,Q,2017-Q4,14.9,,,,
ABS:ERP_COMP_Q(1.0.0),9,2,Q,2018-Q1,31,,,,
ABS:ERP_COMP_Q(1.0.0),9,2,Q,2018-Q2,16.5,,,,
ABS:ERP_COMP_Q(1.0.0),9,2,Q,2018-Q3,25.6,,,,
ABS:ERP_COMP_Q(1.0.0),9,2,Q,2018-Q4,16.5,,,,
ABS:ERP_COMP_Q(1.0.0),9,2,Q,2019-Q1,30.5,,,,
ABS:ERP_COMP_Q(1.0.0),9,2,Q,2019-Q2,12.9,,,,
ABS:ERP_COMP_Q(1.0.0),9,2,Q,2019-Q3,25.9,,,,
ABS:ERP_COMP_Q(1.0.0),9,2,Q,2019-Q4,15.7,,,,
ABS:ERP_COMP_Q(1.0.0),9,2,Q,2020-Q1,21.4,,,,
ABS:ERP_COMP_Q(1.0.0),9,2,Q,2020-Q2,-2.5,,,,
ABS:ERP_COMP_Q(1.0.0),9,2,Q,2020-Q3,-20.7,,,,
ABS:ERP_COMP_Q(1.0.0),9,2,Q,2020-Q4,-18.7,,,,
ABS:ERP_COMP_Q(1.0.0),9,2,Q,2021-Q1,-9.9,,,,
ABS:ERP_COMP_Q(1.0.0),9,2,Q,2021-Q2,-3.8,,,,
ABS:ERP_COMP_Q(1.0.0),9,2,Q,2021-Q3,-5,,,,
ABS:ERP_COMP_Q(1.0.0),9,2,Q,2021-Q4,13.3,,,,
ABS:ERP_COMP_Q(1.0.0),9,2,Q,2022-Q1,35.6,,,,
ABS:ERP_COMP_Q(1.0.0),9,2,Q,2022-Q2,22.8,,,,
ABS:ERP_COMP_Q(1.0.0),9,2,Q,2022-Q3,38.1,,,,
ABS:ERP_COMP_Q(1.0.0),9,2,Q,2022-Q4,37.6,,,,
ABS:ERP_COMP_Q(1.0.0),9,2,Q,2023-Q1,50,,,,
ABS:ERP_COMP_Q(1.0.0),9,2,Q,2023-Q2,34.2,,,,
ABS:ERP_COMP_Q(1.0.0),9,2,Q,2023-Q3,42.2,,,,
ABS:ERP_COMP_Q(1.0.0),9,2,Q,2023-Q4,29.2,,,,
ABS:ERP_COMP_Q(1.0.0),9,2,Q,2024-Q1,40,,,,
ABS:ERP_COMP_Q(1.0.0),9,2,Q,2024-Q2,16.5,,,,
ABS:ERP_COMP_Q(1.0.0),9,2,Q,2024-Q3,22.5,,,,
ABS:ERP_COMP_Q(1.0.0),9,2,Q,2024-Q4,17.9,,,,
ABS:ERP_COMP_Q(1.0.0),9,2,Q,2025-Q1,32.5,,,,
ABS:ERP_COMP_Q(1.0.0),9,2,Q,2025-Q2,13,,,,
ABS:ERP_COMP_Q(1.0.0),9,2,Q,2025-Q3,23.9,,,,
ABS:ERP_COMP_Q(1.0.0),9,2,Q,2025-Q4,15.6,,,,
ABS:ERP_COMP_Q(1.0.0),9,6,Q,1981-Q2,0.2,,,,
ABS:ERP_COMP_Q(1.0.0),9,6,Q,1981-Q3,0.3,,,,
ABS:ERP_COMP_Q(1.0.0),9,6,Q,1981-Q4,0.3,,,,
ABS:ERP_COMP_Q(1.0.0),9,6,Q,1982-Q1,0.2,,,,
ABS:ERP_COMP_Q(1.0.0),9,6,Q,1982-Q2,0.2,,,,
ABS:ERP_COMP_Q(1.0.0),9,6,Q,1982-Q3,0.2,,,,
ABS:ERP_COMP_Q(1.0.0),9,6,Q,1982-Q4,0.2,,,,
ABS:ERP_COMP_Q(1.0.0),9,6,Q,1983-Q1,0.2,,,,
ABS:ERP_COMP_Q(1.0.0),9,6,Q,1983-Q2,0,,,,
ABS:ERP_COMP_Q(1.0.0),9,6,Q,1983-Q3,0.1,,,,
ABS:ERP_COMP_Q(1.0.0),9,6,Q,1983-Q4,0.3,,,,
ABS:ERP_COMP_Q(1.0.0),9,6,Q,1984-Q1,0.1,,,,
ABS:ERP_COMP_Q(1.0.0),9,6,Q,1984-Q2,0.1,,,,
ABS:ERP_COMP_Q(1.0.0),9,6,Q,1984-Q3,0.2,,,,
ABS:ERP_COMP_Q(1.0.0),9,6,Q,1984-Q4,0.2,,,,
ABS:ERP_COMP_Q(1.0.0),9,6,Q,1985-Q1,0.2,,,,
ABS:ERP_COMP_Q(1.0.0),9,6,Q,1985-Q2,0.1,,,,
ABS:ERP_COMP_Q(1.0.0),9,6,Q,1985-Q3,0.2,,,,
ABS:ERP_COMP_Q(1.0.0),9,6,Q,1985-Q4,0.2,,,,
ABS:ERP_COMP_Q(1.0.0),9,6,Q,1986-Q1,0.3,,,,
ABS:ERP_COMP_Q(1.0.0),9,6,Q,1986-Q2,0.1,,,,
ABS:ERP_COMP_Q(1.0.0),9,6,Q,1986-Q3,0.2,,,,
ABS:ERP_COMP_Q(1.0.0),9,6,Q,1986-Q4,0.3,,,,
ABS:ERP_COMP_Q(1.0.0),9,6,Q,1987-Q1,0.2,,,,
ABS:ERP_COMP_Q(1.0.0),9,6,Q,1987-Q2,0.2,,,,
ABS:ERP_COMP_Q(1.0.0),9,6,Q,1987-Q3,0.3,,,,
ABS:ERP_COMP_Q(1.0.0),9,6,Q,1987-Q4,0.2,,,,
ABS:ERP_COMP_Q(1.0.0),9,6,Q,1988-Q1,0.3,,,,
ABS:ERP_COMP_Q(1.0.0),9,6,Q,1988-Q2,0.1,,,,
ABS:ERP_COMP_Q(1.0.0),9,6,Q,1988-Q3,0.3,,,,
ABS:ERP_COMP_Q(1.0.0),9,6,Q,1988-Q4,0.2,,,,
ABS:ERP_COMP_Q(1.0.0),9,6,Q,1989-Q1,0.3,,,,
ABS:ERP_COMP_Q(1.0.0),9,6,Q,1989-Q2,0,,,,
ABS:ERP_COMP_Q(1.0.0),9,6,Q,1989-Q3,0.2,,,,
ABS:ERP_COMP_Q(1.0.0),9,6,Q,1989-Q4,0.3,,,,
ABS:ERP_COMP_Q(1.0.0),9,6,Q,1990-Q1,0.2,,,,
ABS:ERP_COMP_Q(1.0.0),9,6,Q,1990-Q2,0.1,,,,
ABS:ERP_COMP_Q(1.0.0),9,6,Q,1990-Q3,0.1,,,,
ABS:ERP_COMP_Q(1.0.0),9,6,Q,1990-Q4,0.1,,,,
ABS:ERP_COMP_Q(1.0.0),9,6,Q,1991-Q1,0.3,,,,
ABS:ERP_COMP_Q(1.0.0),9,6,Q,1991-Q2,0,,,,
ABS:ERP_COMP_Q(1.0.0),9,6,Q,1991-Q3,0.1,,,,
ABS:ERP_COMP_Q(1.0.0),9,6,Q,1991-Q4,0,,,,
ABS:ERP_COMP_Q(1.0.0),9,6,Q,1992-Q1,0.1,,,,
ABS:ERP_COMP_Q(1.0.0),9,6,Q,1992-Q2,-0.1,,,,
ABS:ERP_COMP_Q(1.0.0),9,6,Q,1992-Q3,0.1,,,,
ABS:ERP_COMP_Q(1.0.0),9,6,Q,1992-Q4,0,,,,
ABS:ERP_COMP_Q(1.0.0),9,6,Q,1993-Q1,0.2,,,,
ABS:ERP_COMP_Q(1.0.0),9,6,Q,1993-Q2,-0.1,,,,
ABS:ERP_COMP_Q(1.0.0),9,6,Q,1993-Q3,0.1,,,,
ABS:ERP_COMP_Q(1.0.0),9,6,Q,1993-Q4,0,,,,
ABS:ERP_COMP_Q(1.0.0),9,6,Q,1994-Q1,0.1,,,,
ABS:ERP_COMP_Q(1.0.0),9,6,Q,1994-Q2,0,,,,
ABS:ERP_COMP_Q(1.0.0),9,6,Q,1994-Q3,0.2,,,,
ABS:ERP_COMP_Q(1.0.0),9,6,Q,1994-Q4,-0.1,,,,
ABS:ERP_COMP_Q(1.0.0),9,6,Q,1995-Q1,0.2,,,,
ABS:ERP_COMP_Q(1.0.0),9,6,Q,1995-Q2,0,,,,
ABS:ERP_COMP_Q(1.0.0),9,6,Q,1995-Q3,0.1,,,,
ABS:ERP_COMP_Q(1.0.0),9,6,Q,1995-Q4,0,,,,
ABS:ERP_COMP_Q(1.0.0),9,6,Q,1996-Q1,0.1,,,,
ABS:ERP_COMP_Q(1.0.0),9,6,Q,1996-Q2,0.1,,,,
ABS:ERP_COMP_Q(1.0.0),9,6,Q,1996-Q3,0.2,,,,
ABS:ERP_COMP_Q(1.0.0),9,6,Q,1996-Q4,0.1,,,,
ABS:ERP_COMP_Q(1.0.0),9,6,Q,1997-Q1,0,,,,
ABS:ERP_COMP_Q(1.0.0),9,6,Q,1997-Q2,0,,,,
ABS:ERP_COMP_Q(1.0.0),9,6,Q,1997-Q3,0,,,,
ABS:ERP_COMP_Q(1.0.0),9,6,Q,1997-Q4,0,,,,
ABS:ERP_COMP_Q(1.0.0),9,6,Q,1998-Q1,0.1,,,,
ABS:ERP_COMP_Q(1.0.0),9,6,Q,1998-Q2,0,,,,
ABS:ERP_COMP_Q(1.0.0),9,6,Q,1998-Q3,0.1,,,,
ABS:ERP_COMP_Q(1.0.0),9,6,Q,1998-Q4,0.3,,,,
ABS:ERP_COMP_Q(1.0.0),9,6,Q,1999-Q1,-0.1,,,,
ABS:ERP_COMP_Q(1.0.0),9,6,Q,1999-Q2,-0.2,,,,
ABS:ERP_COMP_Q(1.0.0),9,6,Q,1999-Q3,0.2,,,,
ABS:ERP_COMP_Q(1.0.0),9,6,Q,1999-Q4,0.2,,,,
ABS:ERP_COMP_Q(1.0.0),9,6,Q,2000-Q1,0.1,,,,
ABS:ERP_COMP_Q(1.0.0),9,6,Q,2000-Q2,-0.1,,,,
ABS:ERP_COMP_Q(1.0.0),9,6,Q,2000-Q3,0,,,,
ABS:ERP_COMP_Q(1.0.0),9,6,Q,2000-Q4,0,,,,
ABS:ERP_COMP_Q(1.0.0),9,6,Q,2001-Q1,0.1,,,,
ABS:ERP_COMP_Q(1.0.0),9,6,Q,2001-Q2,0,,,,
ABS:ERP_COMP_Q(1.0.0),9,6,Q,2001-Q3,0,,,,
ABS:ERP_COMP_Q(1.0.0),9,6,Q,2001-Q4,0.4,,,,
ABS:ERP_COMP_Q(1.0.0),9,6,Q,2002-Q1,0.1,,,,
ABS:ERP_COMP_Q(1.0.0),9,6,Q,2002-Q2,-0.2,,,,
ABS:ERP_COMP_Q(1.0.0),9,6,Q,2002-Q3,0,,,,
ABS:ERP_COMP_Q(1.0.0),9,6,Q,2002-Q4,0.6,,,,
ABS:ERP_COMP_Q(1.0.0),9,6,Q,2003-Q1,0.3,,,,
ABS:ERP_COMP_Q(1.0.0),9,6,Q,2003-Q2,0.1,,,,
ABS:ERP_COMP_Q(1.0.0),9,6,Q,2003-Q3,0.2,,,,
ABS:ERP_COMP_Q(1.0.0),9,6,Q,2003-Q4,0.3,,,,
ABS:ERP_COMP_Q(1.0.0),9,6,Q,2004-Q1,0.2,,,,
ABS:ERP_COMP_Q(1.0.0),9,6,Q,2004-Q2,0,,,,
ABS:ERP_COMP_Q(1.0.0),9,6,Q,2004-Q3,0.2,,,,
ABS:ERP_COMP_Q(1.0.0),9,6,Q,2004-Q4,0.4,,,,
ABS:ERP_COMP_Q(1.0.0),9,6,Q,2005-Q1,0.4,,,,
ABS:ERP_COMP_Q(1.0.0),9,6,Q,2005-Q2,-0.1,,,,
ABS:ERP_COMP_Q(1.0.0),9,6,Q,2005-Q3,0.2,,,,
ABS:ERP_COMP_Q(1.0.0),9,6,Q,2005-Q4,0.5,,,,
ABS:ERP_COMP_Q(1.0.0),9,6,Q,2006-Q1,0.4,,,,
ABS:ERP_COMP_Q(1.0.0),9,6,Q,2006-Q2,0.1,,,,
ABS:ERP_COMP_Q(1.0.0),9,6,Q,2006-Q3,0.4,,,,
ABS:ERP_COMP_Q(1.0.0),9,6,Q,2006-Q4,0.4,,,,
ABS:ERP_COMP_Q(1.0.0),9,6,Q,2007-Q1,0.4,,,,
ABS:ERP_COMP_Q(1.0.0),9,6,Q,2007-Q2,0.2,,,,
ABS:ERP_COMP_Q(1.0.0),9,6,Q,2007-Q3,0.4,,,,
ABS:ERP_COMP_Q(1.0.0),9,6,Q,2007-Q4,0.4,,,,
ABS:ERP_COMP_Q(1.0.0),9,6,Q,2008-Q1,0.7,,,,
ABS:ERP_COMP_Q(1.0.0),9,6,Q,2008-Q2,0.3,,,,
ABS:ERP_COMP_Q(1.0.0),9,6,Q,2008-Q3,0.6,,,,
ABS:ERP_COMP_Q(1.0.0),9,6,Q,2008-Q4,0.5,,,,
ABS:ERP_COMP_Q(1.0.0),9,6,Q,2009-Q1,0.7,,,,
ABS:ERP_COMP_Q(1.0.0),9,6,Q,2009-Q2,0.3,,,,
ABS:ERP_COMP_Q(1.0.0),9,6,Q,2009-Q3,0.5,,,,
ABS:ERP_COMP_Q(1.0.0),9,6,Q,2009-Q4,0.4,,,,
ABS:ERP_COMP_Q(1.0.0),9,6,Q,2010-Q1,0.7,,,,
ABS:ERP_COMP_Q(1.0.0),9,6,Q,2010-Q2,0.1,,,,
ABS:ERP_COMP_Q(1.0.0),9,6,Q,2010-Q3,0.2,,,,
ABS:ERP_COMP_Q(1.0.0),9,6,Q,2010-Q4,0.2,,,,
ABS:ERP_COMP_Q(1.0.0),9,6,Q,2011-Q1,0.5,,,,
ABS:ERP_COMP_Q(1.0.0),9,6,Q,2011-Q2,0.1,,,,
ABS:ERP_COMP_Q(1.0.0),9,6,Q,2011-Q3,0.4,,,,
ABS:ERP_COMP_Q(1.0.0),9,6,Q,2011-Q4,0.3,,,,
ABS:ERP_COMP_Q(1.0.0),9,6,Q,2012-Q1,0.6,,,,
ABS:ERP_COMP_Q(1.0.0),9,6,Q,2012-Q2,0.2,,,,
ABS:ERP_COMP_Q(1.0.0),9,6,Q,2012-Q3,0.3,,,,
ABS:ERP_COMP_Q(1.0.0),9,6,Q,2012-Q4,0.4,,,,
ABS:ERP_COMP_Q(1.0.0),9,6,Q,2013-Q1,0.6,,,,
ABS:ERP_COMP_Q(1.0.0),9,6,Q,2013-Q2,0.3,,,,
ABS:ERP_COMP_Q(1.0.0),9,6,Q,2013-Q3,0.5,,,,
ABS:ERP_COMP_Q(1.0.0),9,6,Q,2013-Q4,0.4,,,,
ABS:ERP_COMP_Q(1.0.0),9,6,Q,2014-Q1,0.6,,,,
ABS:ERP_COMP_Q(1.0.0),9,6,Q,2014-Q2,0.3,,,,
ABS:ERP_COMP_Q(1.0.0),9,6,Q,2014-Q3,0.4,,,,
ABS:ERP_COMP_Q(1.0.0),9,6,Q,2014-Q4,0.5,,,,
ABS:ERP_COMP_Q(1.0.0),9,6,Q,2015-Q1,0.6,,,,
ABS:ERP_COMP_Q(1.0.0),9,6,Q,2015-Q2,0.1,,,,
ABS:ERP_COMP_Q(1.0.0),9,6,Q,2015-Q3,0.5,,,,
ABS:ERP_COMP_Q(1.0.0),9,6,Q,2015-Q4,0.3,,,,
ABS:ERP_COMP_Q(1.0.0),9,6,Q,2016-Q1,0.8,,,,
ABS:ERP_COMP_Q(1.0.0),9,6,Q,2016-Q2,0.3,,,,
ABS:ERP_COMP_Q(1.0.0),9,6,Q,2016-Q3,0.6,,,,
ABS:ERP_COMP_Q(1.0.0),9,6,Q,2016-Q4,0.7,,,,
ABS:ERP_COMP_Q(1.0.0),9,6,Q,2017-Q1,0.8,,,,
ABS:ERP_COMP_Q(1.0.0),9,6,Q,2017-Q2,0.3,,,,
ABS:ERP_COMP_Q(1.0.0),9,6,Q,2017-Q3,1,,,,
ABS:ERP_COMP_Q(1.0.0),9,6,Q,2017-Q4,0.5,,,,
ABS:ERP_COMP_Q(1.0.0),9,6,Q,2018-Q1,0.8,,,,
ABS:ERP_COMP_Q(1.0.0),9,6,Q,2018-Q2,0.5,,,,
ABS:ERP_COMP_Q(1.0.0),9,6,Q,2018-Q3,1.1,,,,
ABS:ERP_COMP_Q(1.0.0),9,6,Q,2018-Q4,0.7,,,,
ABS:ERP_COMP_Q(1.0.0),9,6,Q,2019-Q1,1,,,,
ABS:ERP_COMP_Q(1.0.0),9,6,Q,2019-Q2,0.3,,,,
ABS:ERP_COMP_Q(1.0.0),9,6,Q,2019-Q3,0.8,,,,
ABS:ERP_COMP_Q(1.0.0),9,6,Q,2019-Q4,1.8,,,,
ABS:ERP_COMP_Q(1.0.0),9,6,Q,2020-Q1,1.1,,,,
ABS:ERP_COMP_Q(1.0.0),9,6,Q,2020-Q2,0,,,,
ABS:ERP_COMP_Q(1.0.0),9,6,Q,2020-Q3,-0.3,,,,
ABS:ERP_COMP_Q(1.0.0),9,6,Q,2020-Q4,-0.1,,,,
ABS:ERP_COMP_Q(1.0.0),9,6,Q,2021-Q1,0.1,,,,
ABS:ERP_COMP_Q(1.0.0),9,6,Q,2021-Q2,-0.1,,,,
ABS:ERP_COMP_Q(1.0.0),9,6,Q,2021-Q3,0.1,,,,
ABS:ERP_COMP_Q(1.0.0),9,6,Q,2021-Q4,1.2,,,,
ABS:ERP_COMP_Q(1.0.0),9,6,Q,2022-Q1,1.2,,,,
ABS:ERP_COMP_Q(1.0.0),9,6,Q,2022-Q2,0.8,,,,
ABS:ERP_COMP_Q(1.0.0),9,6,Q,2022-Q3,0.9,,,,
ABS:ERP_COMP_Q(1.0.0),9,6,Q,2022-Q4,1.4,,,,
ABS:ERP_COMP_Q(1.0.0),9,6,Q,2023-Q1,1.5,,,,
ABS:ERP_COMP_Q(1.0.0),9,6,Q,2023-Q2,1,,,,
ABS:ERP_COMP_Q(1.0.0),9,6,Q,2023-Q3,1,,,,
ABS:ERP_COMP_Q(1.0.0),9,6,Q,2023-Q4,1.4,,,,
ABS:ERP_COMP_Q(1.0.0),9,6,Q,2024-Q1,1.3,,,,
ABS:ERP_COMP_Q(1.0.0),9,6,Q,2024-Q2,0.5,,,,
ABS:ERP_COMP_Q(1.0.0),9,6,Q,2024-Q3,0.7,,,,
ABS:ERP_COMP_Q(1.0.0),9,6,Q,2024-Q4,1.2,,,,
ABS:ERP_COMP_Q(1.0.0),9,6,Q,2025-Q1,0.8,,,,
ABS:ERP_COMP_Q(1.0.0),9,6,Q,2025-Q2,0.5,,,,
ABS:ERP_COMP_Q(1.0.0),9,6,Q,2025-Q3,0.7,,,,
ABS:ERP_COMP_Q(1.0.0),9,6,Q,2025-Q4,1.1,,,,
ABS:ERP_COMP_Q(1.0.0),3,8,Q,1981-Q2,0.8,,,,
ABS:ERP_COMP_Q(1.0.0),3,8,Q,1981-Q3,0.8,,,,
ABS:ERP_COMP_Q(1.0.0),3,8,Q,1981-Q4,0.9,,,,
ABS:ERP_COMP_Q(1.0.0),3,8,Q,1982-Q1,0.8,,,,
ABS:ERP_COMP_Q(1.0.0),3,8,Q,1982-Q2,0.8,,,,
ABS:ERP_COMP_Q(1.0.0),3,8,Q,1982-Q3,0.8,,,,
ABS:ERP_COMP_Q(1.0.0),3,8,Q,1982-Q4,0.8,,,,
ABS:ERP_COMP_Q(1.0.0),3,8,Q,1983-Q1,0.8,,,,
ABS:ERP_COMP_Q(1.0.0),3,8,Q,1983-Q2,0.8,,,,
ABS:ERP_COMP_Q(1.0.0),3,8,Q,1983-Q3,0.8,,,,
ABS:ERP_COMP_Q(1.0.0),3,8,Q,1983-Q4,0.9,,,,
ABS:ERP_COMP_Q(1.0.0),3,8,Q,1984-Q1,0.8,,,,
ABS:ERP_COMP_Q(1.0.0),3,8,Q,1984-Q2,0.8,,,,
ABS:ERP_COMP_Q(1.0.0),3,8,Q,1984-Q3,0.8,,,,
ABS:ERP_COMP_Q(1.0.0),3,8,Q,1984-Q4,0.8,,,,
ABS:ERP_COMP_Q(1.0.0),3,8,Q,1985-Q1,0.8,,,,
ABS:ERP_COMP_Q(1.0.0),3,8,Q,1985-Q2,0.8,,,,
ABS:ERP_COMP_Q(1.0.0),3,8,Q,1985-Q3,0.8,,,,
ABS:ERP_COMP_Q(1.0.0),3,8,Q,1985-Q4,0.8,,,,
ABS:ERP_COMP_Q(1.0.0),3,8,Q,1986-Q1,0.7,,,,
ABS:ERP_COMP_Q(1.0.0),3,8,Q,1986-Q2,0.8,,,,
ABS:ERP_COMP_Q(1.0.0),3,8,Q,1986-Q3,0.7,,,,
ABS:ERP_COMP_Q(1.0.0),3,8,Q,1986-Q4,0.9,,,,
ABS:ERP_COMP_Q(1.0.0),3,8,Q,1987-Q1,0.8,,,,
ABS:ERP_COMP_Q(1.0.0),3,8,Q,1987-Q2,0.7,,,,
ABS:ERP_COMP_Q(1.0.0),3,8,Q,1987-Q3,0.8,,,,
ABS:ERP_COMP_Q(1.0.0),3,8,Q,1987-Q4,0.8,,,,
ABS:ERP_COMP_Q(1.0.0),3,8,Q,1988-Q1,0.8,,,,
ABS:ERP_COMP_Q(1.0.0),3,8,Q,1988-Q2,0.7,,,,
ABS:ERP_COMP_Q(1.0.0),3,8,Q,1988-Q3,0.8,,,,
ABS:ERP_COMP_Q(1.0.0),3,8,Q,1988-Q4,0.9,,,,
ABS:ERP_COMP_Q(1.0.0),3,8,Q,1989-Q1,0.8,,,,
ABS:ERP_COMP_Q(1.0.0),3,8,Q,1989-Q2,0.7,,,,
ABS:ERP_COMP_Q(1.0.0),3,8,Q,1989-Q3,0.8,,,,
ABS:ERP_COMP_Q(1.0.0),3,8,Q,1989-Q4,0.8,,,,
ABS:ERP_COMP_Q(1.0.0),3,8,Q,1990-Q1,1,,,,
ABS:ERP_COMP_Q(1.0.0),3,8,Q,1990-Q2,0.8,,,,
ABS:ERP_COMP_Q(1.0.0),3,8,Q,1990-Q3,0.7,,,,
ABS:ERP_COMP_Q(1.0.0),3,8,Q,1990-Q4,0.9,,,,
ABS:ERP_COMP_Q(1.0.0),3,8,Q,1991-Q1,0.9,,,,
ABS:ERP_COMP_Q(1.0.0),3,8,Q,1991-Q2,1,,,,
ABS:ERP_COMP_Q(1.0.0),3,8,Q,1991-Q3,0.8,,,,
ABS:ERP_COMP_Q(1.0.0),3,8,Q,1991-Q4,1,,,,
ABS:ERP_COMP_Q(1.0.0),3,8,Q,1992-Q1,0.9,,,,
ABS:ERP_COMP_Q(1.0.0),3,8,Q,1992-Q2,0.8,,,,
ABS:ERP_COMP_Q(1.0.0),3,8,Q,1992-Q3,0.9,,,,
ABS:ERP_COMP_Q(1.0.0),3,8,Q,1992-Q4,0.9,,,,
ABS:ERP_COMP_Q(1.0.0),3,8,Q,1993-Q1,0.8,,,,
ABS:ERP_COMP_Q(1.0.0),3,8,Q,1993-Q2,0.8,,,,
ABS:ERP_COMP_Q(1.0.0),3,8,Q,1993-Q3,0.8,,,,
ABS:ERP_COMP_Q(1.0.0),3,8,Q,1993-Q4,0.8,,,,
ABS:ERP_COMP_Q(1.0.0),3,8,Q,1994-Q1,0.9,,,,
ABS:ERP_COMP_Q(1.0.0),3,8,Q,1994-Q2,0.8,,,,
ABS:ERP_COMP_Q(1.0.0),3,8,Q,1994-Q3,0.8,,,,
ABS:ERP_COMP_Q(1.0.0),3,8,Q,1994-Q4,0.8,,,,
ABS:ERP_COMP_Q(1.0.0),3,8,Q,1995-Q1,0.8,,,,
ABS:ERP_COMP_Q(1.0.0),3,8,Q,1995-Q2,0.8,,,,
ABS:ERP_COMP_Q(1.0.0),3,8,Q,1995-Q3,0.8,,,,
ABS:ERP_COMP_Q(1.0.0),3,8,Q,1995-Q4,0.8,,,,
ABS:ERP_COMP_Q(1.0.0),3,8,Q,1996-Q1,0.8,,,,
ABS:ERP_COMP_Q(1.0.0),3,8,Q,1996-Q2,0.7,,,,
ABS:ERP_COMP_Q(1.0.0),3,8,Q,1996-Q3,0.8,,,,
ABS:ERP_COMP_Q(1.0.0),3,8,Q,1996-Q4,0.8,,,,
ABS:ERP_COMP_Q(1.0.0),3,8,Q,1997-Q1,0.7,,,,
ABS:ERP_COMP_Q(1.0.0),3,8,Q,1997-Q2,0.7,,,,
ABS:ERP_COMP_Q(1.0.0),3,8,Q,1997-Q3,0.6,,,,
ABS:ERP_COMP_Q(1.0.0),3,8,Q,1997-Q4,0.7,,,,
ABS:ERP_COMP_Q(1.0.0),3,8,Q,1998-Q1,0.8,,,,
ABS:ERP_COMP_Q(1.0.0),3,8,Q,1998-Q2,0.7,,,,
ABS:ERP_COMP_Q(1.0.0),3,8,Q,1998-Q3,0.7,,,,
ABS:ERP_COMP_Q(1.0.0),3,8,Q,1998-Q4,0.8,,,,
ABS:ERP_COMP_Q(1.0.0),3,8,Q,1999-Q1,0.8,,,,
ABS:ERP_COMP_Q(1.0.0),3,8,Q,1999-Q2,0.7,,,,
ABS:ERP_COMP_Q(1.0.0),3,8,Q,1999-Q3,0.7,,,,
ABS:ERP_COMP_Q(1.0.0),3,8,Q,1999-Q4,0.6,,,,
ABS:ERP_COMP_Q(1.0.0),3,8,Q,2000-Q1,0.7,,,,
ABS:ERP_COMP_Q(1.0.0),3,8,Q,2000-Q2,0.8,,,,
ABS:ERP_COMP_Q(1.0.0),3,8,Q,2000-Q3,0.7,,,,
ABS:ERP_COMP_Q(1.0.0),3,8,Q,2000-Q4,0.7,,,,
ABS:ERP_COMP_Q(1.0.0),3,8,Q,2001-Q1,0.7,,,,
ABS:ERP_COMP_Q(1.0.0),3,8,Q,2001-Q2,0.6,,,,
ABS:ERP_COMP_Q(1.0.0),3,8,Q,2001-Q3,0.6,,,,
ABS:ERP_COMP_Q(1.0.0),3,8,Q,2001-Q4,0.6,,,,
ABS:ERP_COMP_Q(1.0.0),3,8,Q,2002-Q1,0.7,,,,
ABS:ERP_COMP_Q(1.0.0),3,8,Q,2002-Q2,0.7,,,,
ABS:ERP_COMP_Q(1.0.0),3,8,Q,2002-Q3,0.7,,,,
ABS:ERP_COMP_Q(1.0.0),3,8,Q,2002-Q4,0.6,,,,
ABS:ERP_COMP_Q(1.0.0),3,8,Q,2003-Q1,0.7,,,,
ABS:ERP_COMP_Q(1.0.0),3,8,Q,2003-Q2,0.6,,,,
ABS:ERP_COMP_Q(1.0.0),3,8,Q,2003-Q3,0.7,,,,
ABS:ERP_COMP_Q(1.0.0),3,8,Q,2003-Q4,0.7,,,,
ABS:ERP_COMP_Q(1.0.0),3,8,Q,2004-Q1,0.7,,,,
ABS:ERP_COMP_Q(1.0.0),3,8,Q,2004-Q2,0.6,,,,
ABS:ERP_COMP_Q(1.0.0),3,8,Q,2004-Q3,0.7,,,,
ABS:ERP_COMP_Q(1.0.0),3,8,Q,2004-Q4,0.7,,,,
ABS:ERP_COMP_Q(1.0.0),3,8,Q,2005-Q1,0.7,,,,
ABS:ERP_COMP_Q(1.0.0),3,8,Q,2005-Q2,0.7,,,,
ABS:ERP_COMP_Q(1.0.0),3,8,Q,2005-Q3,0.7,,,,
ABS:ERP_COMP_Q(1.0.0),3,8,Q,2005-Q4,0.7,,,,
ABS:ERP_COMP_Q(1.0.0),3,8,Q,2006-Q1,0.8,,,,
ABS:ERP_COMP_Q(1.0.0),3,8,Q,2006-Q2,0.7,,,,
ABS:ERP_COMP_Q(1.0.0),3,8,Q,2006-Q3,0.8,,,,
ABS:ERP_COMP_Q(1.0.0),3,8,Q,2006-Q4,0.7,,,,
ABS:ERP_COMP_Q(1.0.0),3,8,Q,2007-Q1,0.7,,,,
ABS:ERP_COMP_Q(1.0.0),3,8,Q,2007-Q2,0.8,,,,
ABS:ERP_COMP_Q(1.0.0),3,8,Q,2007-Q3,0.8,,,,
ABS:ERP_COMP_Q(1.0.0),3,8,Q,2007-Q4,0.7,,,,
ABS:ERP_COMP_Q(1.0.0),3,8,Q,2008-Q1,0.7,,,,
ABS:ERP_COMP_Q(1.0.0),3,8,Q,2008-Q2,0.7,,,,
ABS:ERP_COMP_Q(1.0.0),3,8,Q,2008-Q3,0.8,,,,
ABS:ERP_COMP_Q(1.0.0),3,8,Q,2008-Q4,0.8,,,,
ABS:ERP_COMP_Q(1.0.0),3,8,Q,2009-Q1,0.7,,,,
ABS:ERP_COMP_Q(1.0.0),3,8,Q,2009-Q2,0.8,,,,
ABS:ERP_COMP_Q(1.0.0),3,8,Q,2009-Q3,0.9,,,,
ABS:ERP_COMP_Q(1.0.0),3,8,Q,2009-Q4,0.9,,,,
ABS:ERP_COMP_Q(1.0.0),3,8,Q,2010-Q1,1,,,,
ABS:ERP_COMP_Q(1.0.0),3,8,Q,2010-Q2,0.9,,,,
ABS:ERP_COMP_Q(1.0.0),3,8,Q,2010-Q3,0.8,,,,
ABS:ERP_COMP_Q(1.0.0),3,8,Q,2010-Q4,0.8,,,,
ABS:ERP_COMP_Q(1.0.0),3,8,Q,2011-Q1,1,,,,
ABS:ERP_COMP_Q(1.0.0),3,8,Q,2011-Q2,0.9,,,,
ABS:ERP_COMP_Q(1.0.0),3,8,Q,2011-Q3,0.8,,,,
ABS:ERP_COMP_Q(1.0.0),3,8,Q,2011-Q4,0.9,,,,
ABS:ERP_COMP_Q(1.0.0),3,8,Q,2012-Q1,1,,,,
ABS:ERP_COMP_Q(1.0.0),3,8,Q,2012-Q2,0.8,,,,
ABS:ERP_COMP_Q(1.0.0),3,8,Q,2012-Q3,1,,,,
ABS:ERP_COMP_Q(1.0.0),3,8,Q,2012-Q4,1,,,,
ABS:ERP_COMP_Q(1.0.0),3,8,Q,2013-Q1,1,,,,
ABS:ERP_COMP_Q(1.0.0),3,8,Q,2013-Q2,0.9,,,,
ABS:ERP_COMP_Q(1.0.0),3,8,Q,2013-Q3,1,,,,
ABS:ERP_COMP_Q(1.0.0),3,8,Q,2013-Q4,1,,,,
ABS:ERP_COMP_Q(1.0.0),3,8,Q,2014-Q1,1,,,,
ABS:ERP_COMP_Q(1.0.0),3,8,Q,2014-Q2,0.9,,,,
ABS:ERP_COMP_Q(1.0.0),3,8,Q,2014-Q3,0.9,,,,
ABS:ERP_COMP_Q(1.0.0),3,8,Q,2014-Q4,1,,,,
ABS:ERP_COMP_Q(1.0.0),3,8,Q,2015-Q1,1,,,,
ABS:ERP_COMP_Q(1.0.0),3,8,Q,2015-Q2,0.9,,,,
ABS:ERP_COMP_Q(1.0.0),3,8,Q,2015-Q3,0.9,,,,
ABS:ERP_COMP_Q(1.0.0),3,8,Q,2015-Q4,1,,,,
ABS:ERP_COMP_Q(1.0.0),3,8,Q,2016-Q1,1,,,,
ABS:ERP_COMP_Q(1.0.0),3,8,Q,2016-Q2,0.9,,,,
ABS:ERP_COMP_Q(1.0.0),3,8,Q,2016-Q3,0.9,,,,
ABS:ERP_COMP_Q(1.0.0),3,8,Q,2016-Q4,0.9,,,,
ABS:ERP_COMP_Q(1.0.0),3,8,Q,2017-Q1,0.9,,,,
ABS:ERP_COMP_Q(1.0.0),3,8,Q,2017-Q2,0.8,,,,
ABS:ERP_COMP_Q(1.0.0),3,8,Q,2017-Q3,0.8,,,,
ABS:ERP_COMP_Q(1.0.0),3,8,Q,2017-Q4,0.8,,,,
ABS:ERP_COMP_Q(1.0.0),3,8,Q,2018-Q1,0.8,,,,
ABS:ERP_COMP_Q(1.0.0),3,8,Q,2018-Q2,0.7,,,,
ABS:ERP_COMP_Q(1.0.0),3,8,Q,2018-Q3,0.8,,,,
ABS:ERP_COMP_Q(1.0.0),3,8,Q,2018-Q4,0.8,,,,
ABS:ERP_COMP_Q(1.0.0),3,8,Q,2019-Q1,0.9,,,,
ABS:ERP_COMP_Q(1.0.0),3,8,Q,2019-Q2,0.8,,,,
ABS:ERP_COMP_Q(1.0.0),3,8,Q,2019-Q3,0.9,,,,
ABS:ERP_COMP_Q(1.0.0),3,8,Q,2019-Q4,0.8,,,,
ABS:ERP_COMP_Q(1.0.0),3,8,Q,2020-Q1,0.8,,,,
ABS:ERP_COMP_Q(1.0.0),3,8,Q,2020-Q2,0.8,,,,
ABS:ERP_COMP_Q(1.0.0),3,8,Q,2020-Q3,0.8,,,,
ABS:ERP_COMP_Q(1.0.0),3,8,Q,2020-Q4,0.8,,,,
ABS:ERP_COMP_Q(1.0.0),3,8,Q,2021-Q1,1,,,,
ABS:ERP_COMP_Q(1.0.0),3,8,Q,2021-Q2,0.8,,,,
ABS:ERP_COMP_Q(1.0.0),3,8,Q,2021-Q3,0.8,,,,
ABS:ERP_COMP_Q(1.0.0),3,8,Q,2021-Q4,0.9,,,,
ABS:ERP_COMP_Q(1.0.0),3,8,Q,2022-Q1,0.9,,,,
ABS:ERP_COMP_Q(1.0.0),3,8,Q,2022-Q2,0.7,,,,
ABS:ERP_COMP_Q(1.0.0),3,8,Q,2022-Q3,0.7,,,,
ABS:ERP_COMP_Q(1.0.0),3,8,Q,2022-Q4,0.6,,,,
ABS:ERP_COMP_Q(1.0.0),3,8,Q,2023-Q1,0.7,,,,
ABS:ERP_COMP_Q(1.0.0),3,8,Q,2023-Q2,0.7,,,,
ABS:ERP_COMP_Q(1.0.0),3,8,Q,2023-Q3,0.7,,,,
ABS:ERP_COMP_Q(1.0.0),3,8,Q,2023-Q4,0.6,,,,
ABS:ERP_COMP_Q(1.0.0),3,8,Q,2024-Q1,0.8,,,,
ABS:ERP_COMP_Q(1.0.0),3,8,Q,2024-Q2,0.6,,,,
ABS:ERP_COMP_Q(1.0.0),3,8,Q,2024-Q3,0.6,,,,
ABS:ERP_COMP_Q(1.0.0),3,8,Q,2024-Q4,0.7,,,,
ABS:ERP_COMP_Q(1.0.0),3,8,Q,2025-Q1,0.7,,,,
ABS:ERP_COMP_Q(1.0.0),3,8,Q,2025-Q2,0.9,,,,
ABS:ERP_COMP_Q(1.0.0),3,8,Q,2025-Q3,0.6,,,,
ABS:ERP_COMP_Q(1.0.0),3,8,Q,2025-Q4,0.6,,,,
ABS:ERP_COMP_Q(1.0.0),9,4,Q,1981-Q2,1.3,,,,
ABS:ERP_COMP_Q(1.0.0),9,4,Q,1981-Q3,2.3,,,,
ABS:ERP_COMP_Q(1.0.0),9,4,Q,1981-Q4,2.7,,,,
ABS:ERP_COMP_Q(1.0.0),9,4,Q,1982-Q1,1.8,,,,
ABS:ERP_COMP_Q(1.0.0),9,4,Q,1982-Q2,1.7,,,,
ABS:ERP_COMP_Q(1.0.0),9,4,Q,1982-Q3,2,,,,
ABS:ERP_COMP_Q(1.0.0),9,4,Q,1982-Q4,1.6,,,,
ABS:ERP_COMP_Q(1.0.0),9,4,Q,1983-Q1,1.8,,,,
ABS:ERP_COMP_Q(1.0.0),9,4,Q,1983-Q2,1.1,,,,
ABS:ERP_COMP_Q(1.0.0),9,4,Q,1983-Q3,1.3,,,,
ABS:ERP_COMP_Q(1.0.0),9,4,Q,1983-Q4,1,,,,
ABS:ERP_COMP_Q(1.0.0),9,4,Q,1984-Q1,0.8,,,,
ABS:ERP_COMP_Q(1.0.0),9,4,Q,1984-Q2,0.9,,,,
ABS:ERP_COMP_Q(1.0.0),9,4,Q,1984-Q3,0.9,,,,
ABS:ERP_COMP_Q(1.0.0),9,4,Q,1984-Q4,1.3,,,,
ABS:ERP_COMP_Q(1.0.0),9,4,Q,1985-Q1,1.1,,,,
ABS:ERP_COMP_Q(1.0.0),9,4,Q,1985-Q2,0.9,,,,
ABS:ERP_COMP_Q(1.0.0),9,4,Q,1985-Q3,1.3,,,,
ABS:ERP_COMP_Q(1.0.0),9,4,Q,1985-Q4,1.4,,,,
ABS:ERP_COMP_Q(1.0.0),9,4,Q,1986-Q1,1.2,,,,
ABS:ERP_COMP_Q(1.0.0),9,4,Q,1986-Q2,1.2,,,,
ABS:ERP_COMP_Q(1.0.0),9,4,Q,1986-Q3,1.6,,,,
ABS:ERP_COMP_Q(1.0.0),9,4,Q,1986-Q4,2,,,,
ABS:ERP_COMP_Q(1.0.0),9,4,Q,1987-Q1,1.4,,,,
ABS:ERP_COMP_Q(1.0.0),9,4,Q,1987-Q2,1.2,,,,
ABS:ERP_COMP_Q(1.0.0),9,4,Q,1987-Q3,1.5,,,,
ABS:ERP_COMP_Q(1.0.0),9,4,Q,1987-Q4,1.4,,,,
ABS:ERP_COMP_Q(1.0.0),9,4,Q,1988-Q1,1.8,,,,
ABS:ERP_COMP_Q(1.0.0),9,4,Q,1988-Q2,1.2,,,,
ABS:ERP_COMP_Q(1.0.0),9,4,Q,1988-Q3,2.6,,,,
ABS:ERP_COMP_Q(1.0.0),9,4,Q,1988-Q4,1.5,,,,
ABS:ERP_COMP_Q(1.0.0),9,4,Q,1989-Q1,1.7,,,,
ABS:ERP_COMP_Q(1.0.0),9,4,Q,1989-Q2,0.8,,,,
ABS:ERP_COMP_Q(1.0.0),9,4,Q,1989-Q3,1.5,,,,
ABS:ERP_COMP_Q(1.0.0),9,4,Q,1989-Q4,1.7,,,,
ABS:ERP_COMP_Q(1.0.0),9,4,Q,1990-Q1,1.5,,,,
ABS:ERP_COMP_Q(1.0.0),9,4,Q,1990-Q2,1,,,,
ABS:ERP_COMP_Q(1.0.0),9,4,Q,1990-Q3,1.2,,,,
ABS:ERP_COMP_Q(1.0.0),9,4,Q,1990-Q4,1,,,,
ABS:ERP_COMP_Q(1.0.0),9,4,Q,1991-Q1,1.5,,,,
ABS:ERP_COMP_Q(1.0.0),9,4,Q,1991-Q2,0.9,,,,
ABS:ERP_COMP_Q(1.0.0),9,4,Q,1991-Q3,1.1,,,,
ABS:ERP_COMP_Q(1.0.0),9,4,Q,1991-Q4,0.5,,,,
ABS:ERP_COMP_Q(1.0.0),9,4,Q,1992-Q1,1.1,,,,
ABS:ERP_COMP_Q(1.0.0),9,4,Q,1992-Q2,0.2,,,,
ABS:ERP_COMP_Q(1.0.0),9,4,Q,1992-Q3,0.6,,,,
ABS:ERP_COMP_Q(1.0.0),9,4,Q,1992-Q4,0.2,,,,
ABS:ERP_COMP_Q(1.0.0),9,4,Q,1993-Q1,0.9,,,,
ABS:ERP_COMP_Q(1.0.0),9,4,Q,1993-Q2,-0.2,,,,
ABS:ERP_COMP_Q(1.0.0),9,4,Q,1993-Q3,0.9,,,,
ABS:ERP_COMP_Q(1.0.0),9,4,Q,1993-Q4,0.2,,,,
ABS:ERP_COMP_Q(1.0.0),9,4,Q,1994-Q1,0.9,,,,
ABS:ERP_COMP_Q(1.0.0),9,4,Q,1994-Q2,0,,,,
ABS:ERP_COMP_Q(1.0.0),9,4,Q,1994-Q3,0.9,,,,
ABS:ERP_COMP_Q(1.0.0),9,4,Q,1994-Q4,0,,,,
ABS:ERP_COMP_Q(1.0.0),9,4,Q,1995-Q1,0.9,,,,
ABS:ERP_COMP_Q(1.0.0),9,4,Q,1995-Q2,1,,,,
ABS:ERP_COMP_Q(1.0.0),9,4,Q,1995-Q3,1,,,,
ABS:ERP_COMP_Q(1.0.0),9,4,Q,1995-Q4,1,,,,
ABS:ERP_COMP_Q(1.0.0),9,4,Q,1996-Q1,0.9,,,,
ABS:ERP_COMP_Q(1.0.0),9,4,Q,1996-Q2,0.8,,,,
ABS:ERP_COMP_Q(1.0.0),9,4,Q,1996-Q3,1.1,,,,
ABS:ERP_COMP_Q(1.0.0),9,4,Q,1996-Q4,0.8,,,,
ABS:ERP_COMP_Q(1.0.0),9,4,Q,1997-Q1,1.1,,,,
ABS:ERP_COMP_Q(1.0.0),9,4,Q,1997-Q2,0.1,,,,
ABS:ERP_COMP_Q(1.0.0),9,4,Q,1997-Q3,0.8,,,,
ABS:ERP_COMP_Q(1.0.0),9,4,Q,1997-Q4,0.8,,,,
ABS:ERP_COMP_Q(1.0.0),9,4,Q,1998-Q1,1.4,,,,
ABS:ERP_COMP_Q(1.0.0),9,4,Q,1998-Q2,0.2,,,,
ABS:ERP_COMP_Q(1.0.0),9,4,Q,1998-Q3,0.2,,,,
ABS:ERP_COMP_Q(1.0.0),9,4,Q,1998-Q4,1.3,,,,
ABS:ERP_COMP_Q(1.0.0),9,4,Q,1999-Q1,1,,,,
ABS:ERP_COMP_Q(1.0.0),9,4,Q,1999-Q2,0.1,,,,
ABS:ERP_COMP_Q(1.0.0),9,4,Q,1999-Q3,1,,,,
ABS:ERP_COMP_Q(1.0.0),9,4,Q,1999-Q4,1.5,,,,
ABS:ERP_COMP_Q(1.0.0),9,4,Q,2000-Q1,1.2,,,,
ABS:ERP_COMP_Q(1.0.0),9,4,Q,2000-Q2,0.1,,,,
ABS:ERP_COMP_Q(1.0.0),9,4,Q,2000-Q3,0.9,,,,
ABS:ERP_COMP_Q(1.0.0),9,4,Q,2000-Q4,0.6,,,,
ABS:ERP_COMP_Q(1.0.0),9,4,Q,2001-Q1,1.3,,,,
ABS:ERP_COMP_Q(1.0.0),9,4,Q,2001-Q2,0,,,,
ABS:ERP_COMP_Q(1.0.0),9,4,Q,2001-Q3,0.5,,,,
ABS:ERP_COMP_Q(1.0.0),9,4,Q,2001-Q4,1.5,,,,
ABS:ERP_COMP_Q(1.0.0),9,4,Q,2002-Q1,0.5,,,,
ABS:ERP_COMP_Q(1.0.0),9,4,Q,2002-Q2,0.3,,,,
ABS:ERP_COMP_Q(1.0.0),9,4,Q,2002-Q3,0.7,,,,
ABS:ERP_COMP_Q(1.0.0),9,4,Q,2002-Q4,1.2,,,,
ABS:ERP_COMP_Q(1.0.0),9,4,Q,2003-Q1,1.5,,,,
ABS:ERP_COMP_Q(1.0.0),9,4,Q,2003-Q2,0.6,,,,
ABS:ERP_COMP_Q(1.0.0),9,4,Q,2003-Q3,1,,,,
ABS:ERP_COMP_Q(1.0.0),9,4,Q,2003-Q4,1.2,,,,
ABS:ERP_COMP_Q(1.0.0),9,4,Q,2004-Q1,1.5,,,,
ABS:ERP_COMP_Q(1.0.0),9,4,Q,2004-Q2,0.6,,,,
ABS:ERP_COMP_Q(1.0.0),9,4,Q,2004-Q3,1.5,,,,
ABS:ERP_COMP_Q(1.0.0),9,4,Q,2004-Q4,1.5,,,,
ABS:ERP_COMP_Q(1.0.0),9,4,Q,2005-Q1,3.1,,,,
ABS:ERP_COMP_Q(1.0.0),9,4,Q,2005-Q2,0.9,,,,
ABS:ERP_COMP_Q(1.0.0),9,4,Q,2005-Q3,2.6,,,,
ABS:ERP_COMP_Q(1.0.0),9,4,Q,2005-Q4,2.1,,,,
ABS:ERP_COMP_Q(1.0.0),9,4,Q,2006-Q1,3.4,,,,
ABS:ERP_COMP_Q(1.0.0),9,4,Q,2006-Q2,1.7,,,,
ABS:ERP_COMP_Q(1.0.0),9,4,Q,2006-Q3,3.7,,,,
ABS:ERP_COMP_Q(1.0.0),9,4,Q,2006-Q4,3.5,,,,
ABS:ERP_COMP_Q(1.0.0),9,4,Q,2007-Q1,4.8,,,,
ABS:ERP_COMP_Q(1.0.0),9,4,Q,2007-Q2,2.6,,,,
ABS:ERP_COMP_Q(1.0.0),9,4,Q,2007-Q3,3.3,,,,
ABS:ERP_COMP_Q(1.0.0),9,4,Q,2007-Q4,3,,,,
ABS:ERP_COMP_Q(1.0.0),9,4,Q,2008-Q1,5.2,,,,
ABS:ERP_COMP_Q(1.0.0),9,4,Q,2008-Q2,3.7,,,,
ABS:ERP_COMP_Q(1.0.0),9,4,Q,2008-Q3,4.7,,,,
ABS:ERP_COMP_Q(1.0.0),9,4,Q,2008-Q4,4,,,,
ABS:ERP_COMP_Q(1.0.0),9,4,Q,2009-Q1,5.6,,,,
ABS:ERP_COMP_Q(1.0.0),9,4,Q,2009-Q2,3.8,,,,
ABS:ERP_COMP_Q(1.0.0),9,4,Q,2009-Q3,4.6,,,,
ABS:ERP_COMP_Q(1.0.0),9,4,Q,2009-Q4,3.2,,,,
ABS:ERP_COMP_Q(1.0.0),9,4,Q,2010-Q1,4.4,,,,
ABS:ERP_COMP_Q(1.0.0),9,4,Q,2010-Q2,2.4,,,,
ABS:ERP_COMP_Q(1.0.0),9,4,Q,2010-Q3,2.5,,,,
ABS:ERP_COMP_Q(1.0.0),9,4,Q,2010-Q4,1.7,,,,
ABS:ERP_COMP_Q(1.0.0),9,4,Q,2011-Q1,2.9,,,,
ABS:ERP_COMP_Q(1.0.0),9,4,Q,2011-Q2,2,,,,
ABS:ERP_COMP_Q(1.0.0),9,4,Q,2011-Q3,2.8,,,,
ABS:ERP_COMP_Q(1.0.0),9,4,Q,2011-Q4,2.7,,,,
ABS:ERP_COMP_Q(1.0.0),9,4,Q,2012-Q1,4.3,,,,
ABS:ERP_COMP_Q(1.0.0),9,4,Q,2012-Q2,2.6,,,,
ABS:ERP_COMP_Q(1.0.0),9,4,Q,2012-Q3,2.9,,,,
ABS:ERP_COMP_Q(1.0.0),9,4,Q,2012-Q4,2.1,,,,
ABS:ERP_COMP_Q(1.0.0),9,4,Q,2013-Q1,4,,,,
ABS:ERP_COMP_Q(1.0.0),9,4,Q,2013-Q2,2.7,,,,
ABS:ERP_COMP_Q(1.0.0),9,4,Q,2013-Q3,3.2,,,,
ABS:ERP_COMP_Q(1.0.0),9,4,Q,2013-Q4,2.3,,,,
ABS:ERP_COMP_Q(1.0.0),9,4,Q,2014-Q1,4.1,,,,
ABS:ERP_COMP_Q(1.0.0),9,4,Q,2014-Q2,2.2,,,,
ABS:ERP_COMP_Q(1.0.0),9,4,Q,2014-Q3,2.6,,,,
ABS:ERP_COMP_Q(1.0.0),9,4,Q,2014-Q4,2.2,,,,
ABS:ERP_COMP_Q(1.0.0),9,4,Q,2015-Q1,4.3,,,,
ABS:ERP_COMP_Q(1.0.0),9,4,Q,2015-Q2,2.1,,,,
ABS:ERP_COMP_Q(1.0.0),9,4,Q,2015-Q3,2.7,,,,
ABS:ERP_COMP_Q(1.0.0),9,4,Q,2015-Q4,2.1,,,,
ABS:ERP_COMP_Q(1.0.0),9,4,Q,2016-Q1,3.9,,,,
ABS:ERP_COMP_Q(1.0.0),9,4,Q,2016-Q2,2.5,,,,
ABS:ERP_COMP_Q(1.0.0),9,4,Q,2016-Q3,3.4,,,,
ABS:ERP_COMP_Q(1.0.0),9,4,Q,2016-Q4,2.3,,,,
ABS:ERP_COMP_Q(1.0.0),9,4,Q,2017-Q1,4.2,,,,
ABS:ERP_COMP_Q(1.0.0),9,4,Q,2017-Q2,2.3,,,,
ABS:ERP_COMP_Q(1.0.0),9,4,Q,2017-Q3,3.6,,,,
ABS:ERP_COMP_Q(1.0.0),9,4,Q,2017-Q4,2,,,,
ABS:ERP_COMP_Q(1.0.0),9,4,Q,2018-Q1,4.7,,,,
ABS:ERP_COMP_Q(1.0.0),9,4,Q,2018-Q2,2.4,,,,
ABS:ERP_COMP_Q(1.0.0),9,4,Q,2018-Q3,4.3,,,,
ABS:ERP_COMP_Q(1.0.0),9,4,Q,2018-Q4,2.5,,,,
ABS:ERP_COMP_Q(1.0.0),9,4,Q,2019-Q1,5.2,,,,
ABS:ERP_COMP_Q(1.0.0),9,4,Q,2019-Q2,3.1,,,,
ABS:ERP_COMP_Q(1.0.0),9,4,Q,2019-Q3,5.1,,,,
ABS:ERP_COMP_Q(1.0.0),9,4,Q,2019-Q4,3.3,,,,
ABS:ERP_COMP_Q(1.0.0),9,4,Q,2020-Q1,6.6,,,,
ABS:ERP_COMP_Q(1.0.0),9,4,Q,2020-Q2,0,,,,
ABS:ERP_COMP_Q(1.0.0),9,4,Q,2020-Q3,-1.2,,,,
ABS:ERP_COMP_Q(1.0.0),9,4,Q,2020-Q4,-1.3,,,,
ABS:ERP_COMP_Q(1.0.0),9,4,Q,2021-Q1,-0.8,,,,
ABS:ERP_COMP_Q(1.0.0),9,4,Q,2021-Q2,0.5,,,,
ABS:ERP_COMP_Q(1.0.0),9,4,Q,2021-Q3,-0.4,,,,
ABS:ERP_COMP_Q(1.0.0),9,4,Q,2021-Q4,2,,,,
ABS:ERP_COMP_Q(1.0.0),9,4,Q,2022-Q1,8,,,,
ABS:ERP_COMP_Q(1.0.0),9,4,Q,2022-Q2,5,,,,
ABS:ERP_COMP_Q(1.0.0),9,4,Q,2022-Q3,7.3,,,,
ABS:ERP_COMP_Q(1.0.0),9,4,Q,2022-Q4,6,,,,
ABS:ERP_COMP_Q(1.0.0),9,4,Q,2023-Q1,9.7,,,,
ABS:ERP_COMP_Q(1.0.0),9,4,Q,2023-Q2,6.3,,,,
ABS:ERP_COMP_Q(1.0.0),9,4,Q,2023-Q3,7.8,,,,
ABS:ERP_COMP_Q(1.0.0),9,4,Q,2023-Q4,4.9,,,,
ABS:ERP_COMP_Q(1.0.0),9,4,Q,2024-Q1,7.3,,,,
ABS:ERP_COMP_Q(1.0.0),9,4,Q,2024-Q2,3.3,,,,
ABS:ERP_COMP_Q(1.0.0),9,4,Q,2024-Q3,5,,,,
ABS:ERP_COMP_Q(1.0.0),9,4,Q,2024-Q4,4.1,,,,
ABS:ERP_COMP_Q(1.0.0),9,4,Q,2025-Q1,6.8,,,,
ABS:ERP_COMP_Q(1.0.0),9,4,Q,2025-Q2,3.2,,,,
ABS:ERP_COMP_Q(1.0.0),9,4,Q,2025-Q3,5.4,,,,
ABS:ERP_COMP_Q(1.0.0),9,4,Q,2025-Q4,3.1,,,,
ABS:ERP_COMP_Q(1.0.0),13,6,Q,1981-Q2,,,,,
ABS:ERP_COMP_Q(1.0.0),13,6,Q,1981-Q3,0.7,,,,
ABS:ERP_COMP_Q(1.0.0),13,6,Q,1981-Q4,0.4,,,,
ABS:ERP_COMP_Q(1.0.0),13,6,Q,1982-Q1,1.2,,,,
ABS:ERP_COMP_Q(1.0.0),13,6,Q,1982-Q2,0.4,,,,
ABS:ERP_COMP_Q(1.0.0),13,6,Q,1982-Q3,0.5,,,,
ABS:ERP_COMP_Q(1.0.0),13,6,Q,1982-Q4,0.7,,,,
ABS:ERP_COMP_Q(1.0.0),13,6,Q,1983-Q1,0.7,,,,
ABS:ERP_COMP_Q(1.0.0),13,6,Q,1983-Q2,1.1,,,,
ABS:ERP_COMP_Q(1.0.0),13,6,Q,1983-Q3,1.1,,,,
ABS:ERP_COMP_Q(1.0.0),13,6,Q,1983-Q4,1.2,,,,
ABS:ERP_COMP_Q(1.0.0),13,6,Q,1984-Q1,1.1,,,,
ABS:ERP_COMP_Q(1.0.0),13,6,Q,1984-Q2,1.6,,,,
ABS:ERP_COMP_Q(1.0.0),13,6,Q,1984-Q3,1.1,,,,
ABS:ERP_COMP_Q(1.0.0),13,6,Q,1984-Q4,1.2,,,,
ABS:ERP_COMP_Q(1.0.0),13,6,Q,1985-Q1,1.3,,,,
ABS:ERP_COMP_Q(1.0.0),13,6,Q,1985-Q2,1.5,,,,
ABS:ERP_COMP_Q(1.0.0),13,6,Q,1985-Q3,0.7,,,,
ABS:ERP_COMP_Q(1.0.0),13,6,Q,1985-Q4,1,,,,
ABS:ERP_COMP_Q(1.0.0),13,6,Q,1986-Q1,1.1,,,,
ABS:ERP_COMP_Q(1.0.0),13,6,Q,1986-Q2,0.8,,,,
ABS:ERP_COMP_Q(1.0.0),13,6,Q,1986-Q3,0.9,,,,
ABS:ERP_COMP_Q(1.0.0),13,6,Q,1986-Q4,0.9,,,,
ABS:ERP_COMP_Q(1.0.0),13,6,Q,1987-Q1,0.4,,,,
ABS:ERP_COMP_Q(1.0.0),13,6,Q,1987-Q2,0.6,,,,
ABS:ERP_COMP_Q(1.0.0),13,6,Q,1987-Q3,0.1,,,,
ABS:ERP_COMP_Q(1.0.0),13,6,Q,1987-Q4,0.4,,,,
ABS:ERP_COMP_Q(1.0.0),13,6,Q,1988-Q1,0.8,,,,
ABS:ERP_COMP_Q(1.0.0),13,6,Q,1988-Q2,0.6,,,,
ABS:ERP_COMP_Q(1.0.0),13,6,Q,1988-Q3,0.8,,,,
ABS:ERP_COMP_Q(1.0.0),13,6,Q,1988-Q4,0.9,,,,
ABS:ERP_COMP_Q(1.0.0),13,6,Q,1989-Q1,1.2,,,,
ABS:ERP_COMP_Q(1.0.0),13,6,Q,1989-Q2,1.3,,,,
ABS:ERP_COMP_Q(1.0.0),13,6,Q,1989-Q3,1.6,,,,
ABS:ERP_COMP_Q(1.0.0),13,6,Q,1989-Q4,1.6,,,,
ABS:ERP_COMP_Q(1.0.0),13,6,Q,1990-Q1,1.7,,,,
ABS:ERP_COMP_Q(1.0.0),13,6,Q,1990-Q2,2.1,,,,
ABS:ERP_COMP_Q(1.0.0),13,6,Q,1990-Q3,1.3,,,,
ABS:ERP_COMP_Q(1.0.0),13,6,Q,1990-Q4,1.1,,,,
ABS:ERP_COMP_Q(1.0.0),13,6,Q,1991-Q1,1.4,,,,
ABS:ERP_COMP_Q(1.0.0),13,6,Q,1991-Q2,0.9,,,,
ABS:ERP_COMP_Q(1.0.0),13,6,Q,1991-Q3,0.9,,,,
ABS:ERP_COMP_Q(1.0.0),13,6,Q,1991-Q4,0.8,,,,
ABS:ERP_COMP_Q(1.0.0),13,6,Q,1992-Q1,0.9,,,,
ABS:ERP_COMP_Q(1.0.0),13,6,Q,1992-Q2,0.5,,,,
ABS:ERP_COMP_Q(1.0.0),13,6,Q,1992-Q3,0.5,,,,
ABS:ERP_COMP_Q(1.0.0),13,6,Q,1992-Q4,0.8,,,,
ABS:ERP_COMP_Q(1.0.0),13,6,Q,1993-Q1,0.6,,,,
ABS:ERP_COMP_Q(1.0.0),13,6,Q,1993-Q2,0.1,,,,
ABS:ERP_COMP_Q(1.0.0),13,6,Q,1993-Q3,0.6,,,,
ABS:ERP_COMP_Q(1.0.0),13,6,Q,1993-Q4,0.4,,,,
ABS:ERP_COMP_Q(1.0.0),13,6,Q,1994-Q1,0.2,,,,
ABS:ERP_COMP_Q(1.0.0),13,6,Q,1994-Q2,0.4,,,,
ABS:ERP_COMP_Q(1.0.0),13,6,Q,1994-Q3,0.5,,,,
ABS:ERP_COMP_Q(1.0.0),13,6,Q,1994-Q4,0.1,,,,
ABS:ERP_COMP_Q(1.0.0),13,6,Q,1995-Q1,0.3,,,,
ABS:ERP_COMP_Q(1.0.0),13,6,Q,1995-Q2,0.1,,,,
ABS:ERP_COMP_Q(1.0.0),13,6,Q,1995-Q3,0.4,,,,
ABS:ERP_COMP_Q(1.0.0),13,6,Q,1995-Q4,0.2,,,,
ABS:ERP_COMP_Q(1.0.0),13,6,Q,1996-Q1,0.1,,,,
ABS:ERP_COMP_Q(1.0.0),13,6,Q,1996-Q2,0.3,,,,
ABS:ERP_COMP_Q(1.0.0),13,6,Q,1996-Q3,0.1,,,,
ABS:ERP_COMP_Q(1.0.0),13,6,Q,1996-Q4,-0.2,,,,
ABS:ERP_COMP_Q(1.0.0),13,6,Q,1997-Q1,-0.1,,,,
ABS:ERP_COMP_Q(1.0.0),13,6,Q,1997-Q2,-0.5,,,,
ABS:ERP_COMP_Q(1.0.0),13,6,Q,1997-Q3,-0.4,,,,
ABS:ERP_COMP_Q(1.0.0),13,6,Q,1997-Q4,-0.3,,,,
ABS:ERP_COMP_Q(1.0.0),13,6,Q,1998-Q1,-0.2,,,,
ABS:ERP_COMP_Q(1.0.0),13,6,Q,1998-Q2,-0.6,,,,
ABS:ERP_COMP_Q(1.0.0),13,6,Q,1998-Q3,0,,,,
ABS:ERP_COMP_Q(1.0.0),13,6,Q,1998-Q4,0,,,,
ABS:ERP_COMP_Q(1.0.0),13,6,Q,1999-Q1,-0.3,,,,
ABS:ERP_COMP_Q(1.0.0),13,6,Q,1999-Q2,-0.2,,,,
ABS:ERP_COMP_Q(1.0.0),13,6,Q,1999-Q3,0.2,,,,
ABS:ERP_COMP_Q(1.0.0),13,6,Q,1999-Q4,0.1,,,,
ABS:ERP_COMP_Q(1.0.0),13,6,Q,2000-Q1,0,,,,
ABS:ERP_COMP_Q(1.0.0),13,6,Q,2000-Q2,-0.2,,,,
ABS:ERP_COMP_Q(1.0.0),13,6,Q,2000-Q3,-0.1,,,,
ABS:ERP_COMP_Q(1.0.0),13,6,Q,2000-Q4,0.2,,,,
ABS:ERP_COMP_Q(1.0.0),13,6,Q,2001-Q1,0.5,,,,
ABS:ERP_COMP_Q(1.0.0),13,6,Q,2001-Q2,0,,,,
ABS:ERP_COMP_Q(1.0.0),13,6,Q,2001-Q3,-0.1,,,,
ABS:ERP_COMP_Q(1.0.0),13,6,Q,2001-Q4,0.4,,,,
ABS:ERP_COMP_Q(1.0.0),13,6,Q,2002-Q1,0.3,,,,
ABS:ERP_COMP_Q(1.0.0),13,6,Q,2002-Q2,-0.1,,,,
ABS:ERP_COMP_Q(1.0.0),13,6,Q,2002-Q3,0.5,,,,
ABS:ERP_COMP_Q(1.0.0),13,6,Q,2002-Q4,1.4,,,,
ABS:ERP_COMP_Q(1.0.0),13,6,Q,2003-Q1,1.6,,,,
ABS:ERP_COMP_Q(1.0.0),13,6,Q,2003-Q2,1,,,,
ABS:ERP_COMP_Q(1.0.0),13,6,Q,2003-Q3,1.3,,,,
ABS:ERP_COMP_Q(1.0.0),13,6,Q,2003-Q4,1.6,,,,
ABS:ERP_COMP_Q(1.0.0),13,6,Q,2004-Q1,1.4,,,,
ABS:ERP_COMP_Q(1.0.0),13,6,Q,2004-Q2,0.4,,,,
ABS:ERP_COMP_Q(1.0.0),13,6,Q,2004-Q3,0.8,,,,
ABS:ERP_COMP_Q(1.0.0),13,6,Q,2004-Q4,0.8,,,,
ABS:ERP_COMP_Q(1.0.0),13,6,Q,2005-Q1,1,,,,
ABS:ERP_COMP_Q(1.0.0),13,6,Q,2005-Q2,0.4,,,,
ABS:ERP_COMP_Q(1.0.0),13,6,Q,2005-Q3,0.7,,,,
ABS:ERP_COMP_Q(1.0.0),13,6,Q,2005-Q4,1.2,,,,
ABS:ERP_COMP_Q(1.0.0),13,6,Q,2006-Q1,1,,,,
ABS:ERP_COMP_Q(1.0.0),13,6,Q,2006-Q2,0.2,,,,
ABS:ERP_COMP_Q(1.0.0),13,6,Q,2006-Q3,1.1,,,,
ABS:ERP_COMP_Q(1.0.0),13,6,Q,2006-Q4,1.2,,,,
ABS:ERP_COMP_Q(1.0.0),13,6,Q,2007-Q1,1.1,,,,
ABS:ERP_COMP_Q(1.0.0),13,6,Q,2007-Q2,0.6,,,,
ABS:ERP_COMP_Q(1.0.0),13,6,Q,2007-Q3,1.3,,,,
ABS:ERP_COMP_Q(1.0.0),13,6,Q,2007-Q4,1.3,,,,
ABS:ERP_COMP_Q(1.0.0),13,6,Q,2008-Q1,1.7,,,,
ABS:ERP_COMP_Q(1.0.0),13,6,Q,2008-Q2,1,,,,
ABS:ERP_COMP_Q(1.0.0),13,6,Q,2008-Q3,1.5,,,,
ABS:ERP_COMP_Q(1.0.0),13,6,Q,2008-Q4,1.7,,,,
ABS:ERP_COMP_Q(1.0.0),13,6,Q,2009-Q1,1.7,,,,
ABS:ERP_COMP_Q(1.0.0),13,6,Q,2009-Q2,0.9,,,,
ABS:ERP_COMP_Q(1.0.0),13,6,Q,2009-Q3,1.1,,,,
ABS:ERP_COMP_Q(1.0.0),13,6,Q,2009-Q4,1,,,,
ABS:ERP_COMP_Q(1.0.0),13,6,Q,2010-Q1,1.7,,,,
ABS:ERP_COMP_Q(1.0.0),13,6,Q,2010-Q2,0.7,,,,
ABS:ERP_COMP_Q(1.0.0),13,6,Q,2010-Q3,0.6,,,,
ABS:ERP_COMP_Q(1.0.0),13,6,Q,2010-Q4,0.7,,,,
ABS:ERP_COMP_Q(1.0.0),13,6,Q,2011-Q1,1,,,,
ABS:ERP_COMP_Q(1.0.0),13,6,Q,2011-Q2,0.2,,,,
ABS:ERP_COMP_Q(1.0.0),13,6,Q,2011-Q3,0.4,,,,
ABS:ERP_COMP_Q(1.0.0),13,6,Q,2011-Q4,-0.1,,,,
ABS:ERP_COMP_Q(1.0.0),13,6,Q,2012-Q1,0.3,,,,
ABS:ERP_COMP_Q(1.0.0),13,6,Q,2012-Q2,-0.3,,,,
ABS:ERP_COMP_Q(1.0.0),13,6,Q,2012-Q3,-0.1,,,,
ABS:ERP_COMP_Q(1.0.0),13,6,Q,2012-Q4,0.2,,,,
ABS:ERP_COMP_Q(1.0.0),13,6,Q,2013-Q1,0.4,,,,
ABS:ERP_COMP_Q(1.0.0),13,6,Q,2013-Q2,0,,,,
ABS:ERP_COMP_Q(1.0.0),13,6,Q,2013-Q3,0.3,,,,
ABS:ERP_COMP_Q(1.0.0),13,6,Q,2013-Q4,0.5,,,,
ABS:ERP_COMP_Q(1.0.0),13,6,Q,2014-Q1,0.7,,,,
ABS:ERP_COMP_Q(1.0.0),13,6,Q,2014-Q2,-0.1,,,,
ABS:ERP_COMP_Q(1.0.0),13,6,Q,2014-Q3,0.3,,,,
ABS:ERP_COMP_Q(1.0.0),13,6,Q,2014-Q4,0.1,,,,
ABS:ERP_COMP_Q(1.0.0),13,6,Q,2015-Q1,0.8,,,,
ABS:ERP_COMP_Q(1.0.0),13,6,Q,2015-Q2,0.3,,,,
ABS:ERP_COMP_Q(1.0.0),13,6,Q,2015-Q3,0.6,,,,
ABS:ERP_COMP_Q(1.0.0),13,6,Q,2015-Q4,0,,,,
ABS:ERP_COMP_Q(1.0.0),13,6,Q,2016-Q1,1.2,,,,
ABS:ERP_COMP_Q(1.0.0),13,6,Q,2016-Q2,0.7,,,,
ABS:ERP_COMP_Q(1.0.0),13,6,Q,2016-Q3,2.1,,,,
ABS:ERP_COMP_Q(1.0.0),13,6,Q,2016-Q4,2.4,,,,
ABS:ERP_COMP_Q(1.0.0),13,6,Q,2017-Q1,2.6,,,,
ABS:ERP_COMP_Q(1.0.0),13,6,Q,2017-Q2,2.2,,,,
ABS:ERP_COMP_Q(1.0.0),13,6,Q,2017-Q3,2.6,,,,
ABS:ERP_COMP_Q(1.0.0),13,6,Q,2017-Q4,2.2,,,,
ABS:ERP_COMP_Q(1.0.0),13,6,Q,2018-Q1,3.2,,,,
ABS:ERP_COMP_Q(1.0.0),13,6,Q,2018-Q2,2.5,,,,
ABS:ERP_COMP_Q(1.0.0),13,6,Q,2018-Q3,3,,,,
ABS:ERP_COMP_Q(1.0.0),13,6,Q,2018-Q4,2.7,,,,
ABS:ERP_COMP_Q(1.0.0),13,6,Q,2019-Q1,2.9,,,,
ABS:ERP_COMP_Q(1.0.0),13,6,Q,2019-Q2,2,,,,
ABS:ERP_COMP_Q(1.0.0),13,6,Q,2019-Q3,2.1,,,,
ABS:ERP_COMP_Q(1.0.0),13,6,Q,2019-Q4,3.4,,,,
ABS:ERP_COMP_Q(1.0.0),13,6,Q,2020-Q1,2.6,,,,
ABS:ERP_COMP_Q(1.0.0),13,6,Q,2020-Q2,1.6,,,,
ABS:ERP_COMP_Q(1.0.0),13,6,Q,2020-Q3,1.8,,,,
ABS:ERP_COMP_Q(1.0.0),13,6,Q,2020-Q4,2.5,,,,
ABS:ERP_COMP_Q(1.0.0),13,6,Q,2021-Q1,3,,,,
ABS:ERP_COMP_Q(1.0.0),13,6,Q,2021-Q2,2.4,,,,
ABS:ERP_COMP_Q(1.0.0),13,6,Q,2021-Q3,0.6,,,,
ABS:ERP_COMP_Q(1.0.0),13,6,Q,2021-Q4,1.8,,,,
ABS:ERP_COMP_Q(1.0.0),13,6,Q,2022-Q1,1.8,,,,
ABS:ERP_COMP_Q(1.0.0),13,6,Q,2022-Q2,0.9,,,,
ABS:ERP_COMP_Q(1.0.0),13,6,Q,2022-Q3,0.5,,,,
ABS:ERP_COMP_Q(1.0.0),13,6,Q,2022-Q4,0.6,,,,
ABS:ERP_COMP_Q(1.0.0),13,6,Q,2023-Q1,0.5,,,,
ABS:ERP_COMP_Q(1.0.0),13,6,Q,2023-Q2,-0.1,,,,
ABS:ERP_COMP_Q(1.0.0),13,6,Q,2023-Q3,0.1,,,,
ABS:ERP_COMP_Q(1.0.0),13,6,Q,2023-Q4,0.4,,,,
ABS:ERP_COMP_Q(1.0.0),13,6,Q,2024-Q1,0.8,,,,
ABS:ERP_COMP_Q(1.0.0),13,6,Q,2024-Q2,-0.2,,,,
ABS:ERP_COMP_Q(1.0.0),13,6,Q,2024-Q3,0.6,,,,
ABS:ERP_COMP_Q(1.0.0),13,6,Q,2024-Q4,0.9,,,,
ABS:ERP_COMP_Q(1.0.0),13,6,Q,2025-Q1,1,,,,
ABS:ERP_COMP_Q(1.0.0),13,6,Q,2025-Q2,0.6,,,,
ABS:ERP_COMP_Q(1.0.0),13,6,Q,2025-Q3,0.6,,,,
ABS:ERP_COMP_Q(1.0.0),13,6,Q,2025-Q4,0.8,,,,
ABS:ERP_COMP_Q(1.0.0),2,4,Q,1981-Q2,2.5,,,,
ABS:ERP_COMP_Q(1.0.0),2,4,Q,1981-Q3,2.7,,,,
ABS:ERP_COMP_Q(1.0.0),2,4,Q,1981-Q4,2.4,,,,
ABS:ERP_COMP_Q(1.0.0),2,4,Q,1982-Q1,2.2,,,,
ABS:ERP_COMP_Q(1.0.0),2,4,Q,1982-Q2,2.5,,,,
ABS:ERP_COMP_Q(1.0.0),2,4,Q,1982-Q3,3,,,,
ABS:ERP_COMP_Q(1.0.0),2,4,Q,1982-Q4,2.6,,,,
ABS:ERP_COMP_Q(1.0.0),2,4,Q,1983-Q1,2.1,,,,
ABS:ERP_COMP_Q(1.0.0),2,4,Q,1983-Q2,2.5,,,,
ABS:ERP_COMP_Q(1.0.0),2,4,Q,1983-Q3,2.7,,,,
ABS:ERP_COMP_Q(1.0.0),2,4,Q,1983-Q4,2.5,,,,
ABS:ERP_COMP_Q(1.0.0),2,4,Q,1984-Q1,2.2,,,,
ABS:ERP_COMP_Q(1.0.0),2,4,Q,1984-Q2,2.4,,,,
ABS:ERP_COMP_Q(1.0.0),2,4,Q,1984-Q3,2.7,,,,
ABS:ERP_COMP_Q(1.0.0),2,4,Q,1984-Q4,2.7,,,,
ABS:ERP_COMP_Q(1.0.0),2,4,Q,1985-Q1,2.2,,,,
ABS:ERP_COMP_Q(1.0.0),2,4,Q,1985-Q2,2.5,,,,
ABS:ERP_COMP_Q(1.0.0),2,4,Q,1985-Q3,3.1,,,,
ABS:ERP_COMP_Q(1.0.0),2,4,Q,1985-Q4,2.7,,,,
ABS:ERP_COMP_Q(1.0.0),2,4,Q,1986-Q1,2.1,,,,
ABS:ERP_COMP_Q(1.0.0),2,4,Q,1986-Q2,2.6,,,,
ABS:ERP_COMP_Q(1.0.0),2,4,Q,1986-Q3,2.9,,,,
ABS:ERP_COMP_Q(1.0.0),2,4,Q,1986-Q4,2.8,,,,
ABS:ERP_COMP_Q(1.0.0),2,4,Q,1987-Q1,2.4,,,,
ABS:ERP_COMP_Q(1.0.0),2,4,Q,1987-Q2,2.5,,,,
ABS:ERP_COMP_Q(1.0.0),2,4,Q,1987-Q3,2.9,,,,
ABS:ERP_COMP_Q(1.0.0),2,4,Q,1987-Q4,2.7,,,,
ABS:ERP_COMP_Q(1.0.0),2,4,Q,1988-Q1,2.5,,,,
ABS:ERP_COMP_Q(1.0.0),2,4,Q,1988-Q2,2.6,,,,
ABS:ERP_COMP_Q(1.0.0),2,4,Q,1988-Q3,3,,,,
ABS:ERP_COMP_Q(1.0.0),2,4,Q,1988-Q4,2.5,,,,
ABS:ERP_COMP_Q(1.0.0),2,4,Q,1989-Q1,2.4,,,,
ABS:ERP_COMP_Q(1.0.0),2,4,Q,1989-Q2,2.8,,,,
ABS:ERP_COMP_Q(1.0.0),2,4,Q,1989-Q3,3.4,,,,
ABS:ERP_COMP_Q(1.0.0),2,4,Q,1989-Q4,2.7,,,,
ABS:ERP_COMP_Q(1.0.0),2,4,Q,1990-Q1,2.6,,,,
ABS:ERP_COMP_Q(1.0.0),2,4,Q,1990-Q2,2.7,,,,
ABS:ERP_COMP_Q(1.0.0),2,4,Q,1990-Q3,3,,,,
ABS:ERP_COMP_Q(1.0.0),2,4,Q,1990-Q4,2.7,,,,
ABS:ERP_COMP_Q(1.0.0),2,4,Q,1991-Q1,2.5,,,,
ABS:ERP_COMP_Q(1.0.0),2,4,Q,1991-Q2,2.9,,,,
ABS:ERP_COMP_Q(1.0.0),2,4,Q,1991-Q3,3,,,,
ABS:ERP_COMP_Q(1.0.0),2,4,Q,1991-Q4,2.7,,,,
ABS:ERP_COMP_Q(1.0.0),2,4,Q,1992-Q1,2.4,,,,
ABS:ERP_COMP_Q(1.0.0),2,4,Q,1992-Q2,2.9,,,,
ABS:ERP_COMP_Q(1.0.0),2,4,Q,1992-Q3,3.2,,,,
ABS:ERP_COMP_Q(1.0.0),2,4,Q,1992-Q4,2.8,,,,
ABS:ERP_COMP_Q(1.0.0),2,4,Q,1993-Q1,2.7,,,,
ABS:ERP_COMP_Q(1.0.0),2,4,Q,1993-Q2,2.7,,,,
ABS:ERP_COMP_Q(1.0.0),2,4,Q,1993-Q3,3.1,,,,
ABS:ERP_COMP_Q(1.0.0),2,4,Q,1993-Q4,2.8,,,,
ABS:ERP_COMP_Q(1.0.0),2,4,Q,1994-Q1,2.5,,,,
ABS:ERP_COMP_Q(1.0.0),2,4,Q,1994-Q2,2.9,,,,
ABS:ERP_COMP_Q(1.0.0),2,4,Q,1994-Q3,3.3,,,,
ABS:ERP_COMP_Q(1.0.0),2,4,Q,1994-Q4,2.9,,,,
ABS:ERP_COMP_Q(1.0.0),2,4,Q,1995-Q1,2.5,,,,
ABS:ERP_COMP_Q(1.0.0),2,4,Q,1995-Q2,2.9,,,,
ABS:ERP_COMP_Q(1.0.0),2,4,Q,1995-Q3,3.1,,,,
ABS:ERP_COMP_Q(1.0.0),2,4,Q,1995-Q4,2.9,,,,
ABS:ERP_COMP_Q(1.0.0),2,4,Q,1996-Q1,2.5,,,,
ABS:ERP_COMP_Q(1.0.0),2,4,Q,1996-Q2,2.9,,,,
ABS:ERP_COMP_Q(1.0.0),2,4,Q,1996-Q3,3.4,,,,
ABS:ERP_COMP_Q(1.0.0),2,4,Q,1996-Q4,2.8,,,,
ABS:ERP_COMP_Q(1.0.0),2,4,Q,1997-Q1,2.5,,,,
ABS:ERP_COMP_Q(1.0.0),2,4,Q,1997-Q2,2.9,,,,
ABS:ERP_COMP_Q(1.0.0),2,4,Q,1997-Q3,3.3,,,,
ABS:ERP_COMP_Q(1.0.0),2,4,Q,1997-Q4,2.9,,,,
ABS:ERP_COMP_Q(1.0.0),2,4,Q,1998-Q1,2.5,,,,
ABS:ERP_COMP_Q(1.0.0),2,4,Q,1998-Q2,3,,,,
ABS:ERP_COMP_Q(1.0.0),2,4,Q,1998-Q3,3.4,,,,
ABS:ERP_COMP_Q(1.0.0),2,4,Q,1998-Q4,2.8,,,,
ABS:ERP_COMP_Q(1.0.0),2,4,Q,1999-Q1,2.5,,,,
ABS:ERP_COMP_Q(1.0.0),2,4,Q,1999-Q2,2.9,,,,
ABS:ERP_COMP_Q(1.0.0),2,4,Q,1999-Q3,3.2,,,,
ABS:ERP_COMP_Q(1.0.0),2,4,Q,1999-Q4,2.8,,,,
ABS:ERP_COMP_Q(1.0.0),2,4,Q,2000-Q1,2.6,,,,
ABS:ERP_COMP_Q(1.0.0),2,4,Q,2000-Q2,3,,,,
ABS:ERP_COMP_Q(1.0.0),2,4,Q,2000-Q3,3.3,,,,
ABS:ERP_COMP_Q(1.0.0),2,4,Q,2000-Q4,2.9,,,,
ABS:ERP_COMP_Q(1.0.0),2,4,Q,2001-Q1,2.7,,,,
ABS:ERP_COMP_Q(1.0.0),2,4,Q,2001-Q2,3,,,,
ABS:ERP_COMP_Q(1.0.0),2,4,Q,2001-Q3,3.2,,,,
ABS:ERP_COMP_Q(1.0.0),2,4,Q,2001-Q4,3.1,,,,
ABS:ERP_COMP_Q(1.0.0),2,4,Q,2002-Q1,2.7,,,,
ABS:ERP_COMP_Q(1.0.0),2,4,Q,2002-Q2,2.8,,,,
ABS:ERP_COMP_Q(1.0.0),2,4,Q,2002-Q3,3.4,,,,
ABS:ERP_COMP_Q(1.0.0),2,4,Q,2002-Q4,3,,,,
ABS:ERP_COMP_Q(1.0.0),2,4,Q,2003-Q1,2.7,,,,
ABS:ERP_COMP_Q(1.0.0),2,4,Q,2003-Q2,3,,,,
ABS:ERP_COMP_Q(1.0.0),2,4,Q,2003-Q3,3.5,,,,
ABS:ERP_COMP_Q(1.0.0),2,4,Q,2003-Q4,3,,,,
ABS:ERP_COMP_Q(1.0.0),2,4,Q,2004-Q1,2.7,,,,
ABS:ERP_COMP_Q(1.0.0),2,4,Q,2004-Q2,2.8,,,,
ABS:ERP_COMP_Q(1.0.0),2,4,Q,2004-Q3,3.2,,,,
ABS:ERP_COMP_Q(1.0.0),2,4,Q,2004-Q4,2.9,,,,
ABS:ERP_COMP_Q(1.0.0),2,4,Q,2005-Q1,2.6,,,,
ABS:ERP_COMP_Q(1.0.0),2,4,Q,2005-Q2,3,,,,
ABS:ERP_COMP_Q(1.0.0),2,4,Q,2005-Q3,3.4,,,,
ABS:ERP_COMP_Q(1.0.0),2,4,Q,2005-Q4,2.9,,,,
ABS:ERP_COMP_Q(1.0.0),2,4,Q,2006-Q1,2.7,,,,
ABS:ERP_COMP_Q(1.0.0),2,4,Q,2006-Q2,3.1,,,,
ABS:ERP_COMP_Q(1.0.0),2,4,Q,2006-Q3,3.2,,,,
ABS:ERP_COMP_Q(1.0.0),2,4,Q,2006-Q4,3,,,,
ABS:ERP_COMP_Q(1.0.0),2,4,Q,2007-Q1,2.7,,,,
ABS:ERP_COMP_Q(1.0.0),2,4,Q,2007-Q2,3.1,,,,
ABS:ERP_COMP_Q(1.0.0),2,4,Q,2007-Q3,3.5,,,,
ABS:ERP_COMP_Q(1.0.0),2,4,Q,2007-Q4,3,,,,
ABS:ERP_COMP_Q(1.0.0),2,4,Q,2008-Q1,2.8,,,,
ABS:ERP_COMP_Q(1.0.0),2,4,Q,2008-Q2,3.2,,,,
ABS:ERP_COMP_Q(1.0.0),2,4,Q,2008-Q3,3.5,,,,
ABS:ERP_COMP_Q(1.0.0),2,4,Q,2008-Q4,3.2,,,,
ABS:ERP_COMP_Q(1.0.0),2,4,Q,2009-Q1,3,,,,
ABS:ERP_COMP_Q(1.0.0),2,4,Q,2009-Q2,3.1,,,,
ABS:ERP_COMP_Q(1.0.0),2,4,Q,2009-Q3,3.3,,,,
ABS:ERP_COMP_Q(1.0.0),2,4,Q,2009-Q4,3.2,,,,
ABS:ERP_COMP_Q(1.0.0),2,4,Q,2010-Q1,2.9,,,,
ABS:ERP_COMP_Q(1.0.0),2,4,Q,2010-Q2,3.2,,,,
ABS:ERP_COMP_Q(1.0.0),2,4,Q,2010-Q3,3.4,,,,
ABS:ERP_COMP_Q(1.0.0),2,4,Q,2010-Q4,3.3,,,,
ABS:ERP_COMP_Q(1.0.0),2,4,Q,2011-Q1,2.9,,,,
ABS:ERP_COMP_Q(1.0.0),2,4,Q,2011-Q2,3.2,,,,
ABS:ERP_COMP_Q(1.0.0),2,4,Q,2011-Q3,3.4,,,,
ABS:ERP_COMP_Q(1.0.0),2,4,Q,2011-Q4,3.2,,,,
ABS:ERP_COMP_Q(1.0.0),2,4,Q,2012-Q1,2.9,,,,
ABS:ERP_COMP_Q(1.0.0),2,4,Q,2012-Q2,3.2,,,,
ABS:ERP_COMP_Q(1.0.0),2,4,Q,2012-Q3,3.7,,,,
ABS:ERP_COMP_Q(1.0.0),2,4,Q,2012-Q4,3.3,,,,
ABS:ERP_COMP_Q(1.0.0),2,4,Q,2013-Q1,2.9,,,,
ABS:ERP_COMP_Q(1.0.0),2,4,Q,2013-Q2,3.2,,,,
ABS:ERP_COMP_Q(1.0.0),2,4,Q,2013-Q3,3.5,,,,
ABS:ERP_COMP_Q(1.0.0),2,4,Q,2013-Q4,3.2,,,,
ABS:ERP_COMP_Q(1.0.0),2,4,Q,2014-Q1,3.1,,,,
ABS:ERP_COMP_Q(1.0.0),2,4,Q,2014-Q2,3.2,,,,
ABS:ERP_COMP_Q(1.0.0),2,4,Q,2014-Q3,3.8,,,,
ABS:ERP_COMP_Q(1.0.0),2,4,Q,2014-Q4,3.3,,,,
ABS:ERP_COMP_Q(1.0.0),2,4,Q,2015-Q1,3,,,,
ABS:ERP_COMP_Q(1.0.0),2,4,Q,2015-Q2,3.4,,,,
ABS:ERP_COMP_Q(1.0.0),2,4,Q,2015-Q3,3.9,,,,
ABS:ERP_COMP_Q(1.0.0),2,4,Q,2015-Q4,3.3,,,,
ABS:ERP_COMP_Q(1.0.0),2,4,Q,2016-Q1,3,,,,
ABS:ERP_COMP_Q(1.0.0),2,4,Q,2016-Q2,3.2,,,,
ABS:ERP_COMP_Q(1.0.0),2,4,Q,2016-Q3,3.7,,,,
ABS:ERP_COMP_Q(1.0.0),2,4,Q,2016-Q4,3.5,,,,
ABS:ERP_COMP_Q(1.0.0),2,4,Q,2017-Q1,3.1,,,,
ABS:ERP_COMP_Q(1.0.0),2,4,Q,2017-Q2,3.5,,,,
ABS:ERP_COMP_Q(1.0.0),2,4,Q,2017-Q3,4,,,,
ABS:ERP_COMP_Q(1.0.0),2,4,Q,2017-Q4,3.5,,,,
ABS:ERP_COMP_Q(1.0.0),2,4,Q,2018-Q1,3,,,,
ABS:ERP_COMP_Q(1.0.0),2,4,Q,2018-Q2,3.4,,,,
ABS:ERP_COMP_Q(1.0.0),2,4,Q,2018-Q3,3.8,,,,
ABS:ERP_COMP_Q(1.0.0),2,4,Q,2018-Q4,3.4,,,,
ABS:ERP_COMP_Q(1.0.0),2,4,Q,2019-Q1,3.2,,,,
ABS:ERP_COMP_Q(1.0.0),2,4,Q,2019-Q2,3.6,,,,
ABS:ERP_COMP_Q(1.0.0),2,4,Q,2019-Q3,3.7,,,,
ABS:ERP_COMP_Q(1.0.0),2,4,Q,2019-Q4,3.5,,,,
ABS:ERP_COMP_Q(1.0.0),2,4,Q,2020-Q1,3.3,,,,
ABS:ERP_COMP_Q(1.0.0),2,4,Q,2020-Q2,3.4,,,,
ABS:ERP_COMP_Q(1.0.0),2,4,Q,2020-Q3,3.6,,,,
ABS:ERP_COMP_Q(1.0.0),2,4,Q,2020-Q4,3.4,,,,
ABS:ERP_COMP_Q(1.0.0),2,4,Q,2021-Q1,3.2,,,,
ABS:ERP_COMP_Q(1.0.0),2,4,Q,2021-Q2,3.5,,,,
ABS:ERP_COMP_Q(1.0.0),2,4,Q,2021-Q3,3.9,,,,
ABS:ERP_COMP_Q(1.0.0),2,4,Q,2021-Q4,3.8,,,,
ABS:ERP_COMP_Q(1.0.0),2,4,Q,2022-Q1,3.6,,,,
ABS:ERP_COMP_Q(1.0.0),2,4,Q,2022-Q2,4.1,,,,
ABS:ERP_COMP_Q(1.0.0),2,4,Q,2022-Q3,4.3,,,,
ABS:ERP_COMP_Q(1.0.0),2,4,Q,2022-Q4,4,,,,
ABS:ERP_COMP_Q(1.0.0),2,4,Q,2023-Q1,3.6,,,,
ABS:ERP_COMP_Q(1.0.0),2,4,Q,2023-Q2,3.9,,,,
ABS:ERP_COMP_Q(1.0.0),2,4,Q,2023-Q3,4.1,,,,
ABS:ERP_COMP_Q(1.0.0),2,4,Q,2023-Q4,3.8,,,,
ABS:ERP_COMP_Q(1.0.0),2,4,Q,2024-Q1,3.6,,,,
ABS:ERP_COMP_Q(1.0.0),2,4,Q,2024-Q2,4,,,,
ABS:ERP_COMP_Q(1.0.0),2,4,Q,2024-Q3,4.5,,,,
ABS:ERP_COMP_Q(1.0.0),2,4,Q,2024-Q4,3.7,,,,
ABS:ERP_COMP_Q(1.0.0),2,4,Q,2025-Q1,3.5,,,,
ABS:ERP_COMP_Q(1.0.0),2,4,Q,2025-Q2,3.8,,,,
ABS:ERP_COMP_Q(1.0.0),2,4,Q,2025-Q3,4.2,,,,
ABS:ERP_COMP_Q(1.0.0),2,4,Q,2025-Q4,4.1,,,,
ABS:ERP_COMP_Q(1.0.0),2,8,Q,1981-Q2,0.2,,,,
ABS:ERP_COMP_Q(1.0.0),2,8,Q,1981-Q3,0.3,,,,
ABS:ERP_COMP_Q(1.0.0),2,8,Q,1981-Q4,0.2,,,,
ABS:ERP_COMP_Q(1.0.0),2,8,Q,1982-Q1,0.2,,,,
ABS:ERP_COMP_Q(1.0.0),2,8,Q,1982-Q2,0.2,,,,
ABS:ERP_COMP_Q(1.0.0),2,8,Q,1982-Q3,0.2,,,,
ABS:ERP_COMP_Q(1.0.0),2,8,Q,1982-Q4,0.2,,,,
ABS:ERP_COMP_Q(1.0.0),2,8,Q,1983-Q1,0.2,,,,
ABS:ERP_COMP_Q(1.0.0),2,8,Q,1983-Q2,0.2,,,,
ABS:ERP_COMP_Q(1.0.0),2,8,Q,1983-Q3,0.2,,,,
ABS:ERP_COMP_Q(1.0.0),2,8,Q,1983-Q4,0.2,,,,
ABS:ERP_COMP_Q(1.0.0),2,8,Q,1984-Q1,0.2,,,,
ABS:ERP_COMP_Q(1.0.0),2,8,Q,1984-Q2,0.2,,,,
ABS:ERP_COMP_Q(1.0.0),2,8,Q,1984-Q3,0.2,,,,
ABS:ERP_COMP_Q(1.0.0),2,8,Q,1984-Q4,0.3,,,,
ABS:ERP_COMP_Q(1.0.0),2,8,Q,1985-Q1,0.2,,,,
ABS:ERP_COMP_Q(1.0.0),2,8,Q,1985-Q2,0.2,,,,
ABS:ERP_COMP_Q(1.0.0),2,8,Q,1985-Q3,0.3,,,,
ABS:ERP_COMP_Q(1.0.0),2,8,Q,1985-Q4,0.2,,,,
ABS:ERP_COMP_Q(1.0.0),2,8,Q,1986-Q1,0.2,,,,
ABS:ERP_COMP_Q(1.0.0),2,8,Q,1986-Q2,0.2,,,,
ABS:ERP_COMP_Q(1.0.0),2,8,Q,1986-Q3,0.3,,,,
ABS:ERP_COMP_Q(1.0.0),2,8,Q,1986-Q4,0.3,,,,
ABS:ERP_COMP_Q(1.0.0),2,8,Q,1987-Q1,0.2,,,,
ABS:ERP_COMP_Q(1.0.0),2,8,Q,1987-Q2,0.3,,,,
ABS:ERP_COMP_Q(1.0.0),2,8,Q,1987-Q3,0.3,,,,
ABS:ERP_COMP_Q(1.0.0),2,8,Q,1987-Q4,0.3,,,,
ABS:ERP_COMP_Q(1.0.0),2,8,Q,1988-Q1,0.2,,,,
ABS:ERP_COMP_Q(1.0.0),2,8,Q,1988-Q2,0.3,,,,
ABS:ERP_COMP_Q(1.0.0),2,8,Q,1988-Q3,0.3,,,,
ABS:ERP_COMP_Q(1.0.0),2,8,Q,1988-Q4,0.3,,,,
ABS:ERP_COMP_Q(1.0.0),2,8,Q,1989-Q1,0.2,,,,
ABS:ERP_COMP_Q(1.0.0),2,8,Q,1989-Q2,0.3,,,,
ABS:ERP_COMP_Q(1.0.0),2,8,Q,1989-Q3,0.3,,,,
ABS:ERP_COMP_Q(1.0.0),2,8,Q,1989-Q4,0.2,,,,
ABS:ERP_COMP_Q(1.0.0),2,8,Q,1990-Q1,0.3,,,,
ABS:ERP_COMP_Q(1.0.0),2,8,Q,1990-Q2,0.3,,,,
ABS:ERP_COMP_Q(1.0.0),2,8,Q,1990-Q3,0.2,,,,
ABS:ERP_COMP_Q(1.0.0),2,8,Q,1990-Q4,0.3,,,,
ABS:ERP_COMP_Q(1.0.0),2,8,Q,1991-Q1,0.3,,,,
ABS:ERP_COMP_Q(1.0.0),2,8,Q,1991-Q2,0.3,,,,
ABS:ERP_COMP_Q(1.0.0),2,8,Q,1991-Q3,0.3,,,,
ABS:ERP_COMP_Q(1.0.0),2,8,Q,1991-Q4,0.3,,,,
ABS:ERP_COMP_Q(1.0.0),2,8,Q,1992-Q1,0.2,,,,
ABS:ERP_COMP_Q(1.0.0),2,8,Q,1992-Q2,0.3,,,,
ABS:ERP_COMP_Q(1.0.0),2,8,Q,1992-Q3,0.3,,,,
ABS:ERP_COMP_Q(1.0.0),2,8,Q,1992-Q4,0.2,,,,
ABS:ERP_COMP_Q(1.0.0),2,8,Q,1993-Q1,0.3,,,,
ABS:ERP_COMP_Q(1.0.0),2,8,Q,1993-Q2,0.3,,,,
ABS:ERP_COMP_Q(1.0.0),2,8,Q,1993-Q3,0.3,,,,
ABS:ERP_COMP_Q(1.0.0),2,8,Q,1993-Q4,0.3,,,,
ABS:ERP_COMP_Q(1.0.0),2,8,Q,1994-Q1,0.3,,,,
ABS:ERP_COMP_Q(1.0.0),2,8,Q,1994-Q2,0.3,,,,
ABS:ERP_COMP_Q(1.0.0),2,8,Q,1994-Q3,0.3,,,,
ABS:ERP_COMP_Q(1.0.0),2,8,Q,1994-Q4,0.3,,,,
ABS:ERP_COMP_Q(1.0.0),2,8,Q,1995-Q1,0.3,,,,
ABS:ERP_COMP_Q(1.0.0),2,8,Q,1995-Q2,0.3,,,,
ABS:ERP_COMP_Q(1.0.0),2,8,Q,1995-Q3,0.3,,,,
ABS:ERP_COMP_Q(1.0.0),2,8,Q,1995-Q4,0.3,,,,
ABS:ERP_COMP_Q(1.0.0),2,8,Q,1996-Q1,0.3,,,,
ABS:ERP_COMP_Q(1.0.0),2,8,Q,1996-Q2,0.4,,,,
ABS:ERP_COMP_Q(1.0.0),2,8,Q,1996-Q3,0.4,,,,
ABS:ERP_COMP_Q(1.0.0),2,8,Q,1996-Q4,0.3,,,,
ABS:ERP_COMP_Q(1.0.0),2,8,Q,1997-Q1,0.3,,,,
ABS:ERP_COMP_Q(1.0.0),2,8,Q,1997-Q2,0.3,,,,
ABS:ERP_COMP_Q(1.0.0),2,8,Q,1997-Q3,0.4,,,,
ABS:ERP_COMP_Q(1.0.0),2,8,Q,1997-Q4,0.3,,,,
ABS:ERP_COMP_Q(1.0.0),2,8,Q,1998-Q1,0.3,,,,
ABS:ERP_COMP_Q(1.0.0),2,8,Q,1998-Q2,0.3,,,,
ABS:ERP_COMP_Q(1.0.0),2,8,Q,1998-Q3,0.4,,,,
ABS:ERP_COMP_Q(1.0.0),2,8,Q,1998-Q4,0.3,,,,
ABS:ERP_COMP_Q(1.0.0),2,8,Q,1999-Q1,0.3,,,,
ABS:ERP_COMP_Q(1.0.0),2,8,Q,1999-Q2,0.3,,,,
ABS:ERP_COMP_Q(1.0.0),2,8,Q,1999-Q3,0.4,,,,
ABS:ERP_COMP_Q(1.0.0),2,8,Q,1999-Q4,0.3,,,,
ABS:ERP_COMP_Q(1.0.0),2,8,Q,2000-Q1,0.3,,,,
ABS:ERP_COMP_Q(1.0.0),2,8,Q,2000-Q2,0.3,,,,
ABS:ERP_COMP_Q(1.0.0),2,8,Q,2000-Q3,0.4,,,,
ABS:ERP_COMP_Q(1.0.0),2,8,Q,2000-Q4,0.3,,,,
ABS:ERP_COMP_Q(1.0.0),2,8,Q,2001-Q1,0.3,,,,
ABS:ERP_COMP_Q(1.0.0),2,8,Q,2001-Q2,0.4,,,,
ABS:ERP_COMP_Q(1.0.0),2,8,Q,2001-Q3,0.4,,,,
ABS:ERP_COMP_Q(1.0.0),2,8,Q,2001-Q4,0.4,,,,
ABS:ERP_COMP_Q(1.0.0),2,8,Q,2002-Q1,0.3,,,,
ABS:ERP_COMP_Q(1.0.0),2,8,Q,2002-Q2,0.4,,,,
ABS:ERP_COMP_Q(1.0.0),2,8,Q,2002-Q3,0.4,,,,
ABS:ERP_COMP_Q(1.0.0),2,8,Q,2002-Q4,0.4,,,,
ABS:ERP_COMP_Q(1.0.0),2,8,Q,2003-Q1,0.3,,,,
ABS:ERP_COMP_Q(1.0.0),2,8,Q,2003-Q2,0.4,,,,
ABS:ERP_COMP_Q(1.0.0),2,8,Q,2003-Q3,0.4,,,,
ABS:ERP_COMP_Q(1.0.0),2,8,Q,2003-Q4,0.4,,,,
ABS:ERP_COMP_Q(1.0.0),2,8,Q,2004-Q1,0.3,,,,
ABS:ERP_COMP_Q(1.0.0),2,8,Q,2004-Q2,0.4,,,,
ABS:ERP_COMP_Q(1.0.0),2,8,Q,2004-Q3,0.4,,,,
ABS:ERP_COMP_Q(1.0.0),2,8,Q,2004-Q4,0.3,,,,
ABS:ERP_COMP_Q(1.0.0),2,8,Q,2005-Q1,0.3,,,,
ABS:ERP_COMP_Q(1.0.0),2,8,Q,2005-Q2,0.3,,,,
ABS:ERP_COMP_Q(1.0.0),2,8,Q,2005-Q3,0.4,,,,
ABS:ERP_COMP_Q(1.0.0),2,8,Q,2005-Q4,0.3,,,,
ABS:ERP_COMP_Q(1.0.0),2,8,Q,2006-Q1,0.4,,,,
ABS:ERP_COMP_Q(1.0.0),2,8,Q,2006-Q2,0.4,,,,
ABS:ERP_COMP_Q(1.0.0),2,8,Q,2006-Q3,0.4,,,,
ABS:ERP_COMP_Q(1.0.0),2,8,Q,2006-Q4,0.4,,,,
ABS:ERP_COMP_Q(1.0.0),2,8,Q,2007-Q1,0.4,,,,
ABS:ERP_COMP_Q(1.0.0),2,8,Q,2007-Q2,0.4,,,,
ABS:ERP_COMP_Q(1.0.0),2,8,Q,2007-Q3,0.4,,,,
ABS:ERP_COMP_Q(1.0.0),2,8,Q,2007-Q4,0.4,,,,
ABS:ERP_COMP_Q(1.0.0),2,8,Q,2008-Q1,0.4,,,,
ABS:ERP_COMP_Q(1.0.0),2,8,Q,2008-Q2,0.4,,,,
ABS:ERP_COMP_Q(1.0.0),2,8,Q,2008-Q3,0.5,,,,
ABS:ERP_COMP_Q(1.0.0),2,8,Q,2008-Q4,0.4,,,,
ABS:ERP_COMP_Q(1.0.0),2,8,Q,2009-Q1,0.4,,,,
ABS:ERP_COMP_Q(1.0.0),2,8,Q,2009-Q2,0.4,,,,
ABS:ERP_COMP_Q(1.0.0),2,8,Q,2009-Q3,0.4,,,,
ABS:ERP_COMP_Q(1.0.0),2,8,Q,2009-Q4,0.4,,,,
ABS:ERP_COMP_Q(1.0.0),2,8,Q,2010-Q1,0.3,,,,
ABS:ERP_COMP_Q(1.0.0),2,8,Q,2010-Q2,0.4,,,,
ABS:ERP_COMP_Q(1.0.0),2,8,Q,2010-Q3,0.5,,,,
ABS:ERP_COMP_Q(1.0.0),2,8,Q,2010-Q4,0.4,,,,
ABS:ERP_COMP_Q(1.0.0),2,8,Q,2011-Q1,0.4,,,,
ABS:ERP_COMP_Q(1.0.0),2,8,Q,2011-Q2,0.4,,,,
ABS:ERP_COMP_Q(1.0.0),2,8,Q,2011-Q3,0.5,,,,
ABS:ERP_COMP_Q(1.0.0),2,8,Q,2011-Q4,0.4,,,,
ABS:ERP_COMP_Q(1.0.0),2,8,Q,2012-Q1,0.4,,,,
ABS:ERP_COMP_Q(1.0.0),2,8,Q,2012-Q2,0.4,,,,
ABS:ERP_COMP_Q(1.0.0),2,8,Q,2012-Q3,0.5,,,,
ABS:ERP_COMP_Q(1.0.0),2,8,Q,2012-Q4,0.4,,,,
ABS:ERP_COMP_Q(1.0.0),2,8,Q,2013-Q1,0.4,,,,
ABS:ERP_COMP_Q(1.0.0),2,8,Q,2013-Q2,0.5,,,,
ABS:ERP_COMP_Q(1.0.0),2,8,Q,2013-Q3,0.4,,,,
ABS:ERP_COMP_Q(1.0.0),2,8,Q,2013-Q4,0.5,,,,
ABS:ERP_COMP_Q(1.0.0),2,8,Q,2014-Q1,0.4,,,,
ABS:ERP_COMP_Q(1.0.0),2,8,Q,2014-Q2,0.5,,,,
ABS:ERP_COMP_Q(1.0.0),2,8,Q,2014-Q3,0.5,,,,
ABS:ERP_COMP_Q(1.0.0),2,8,Q,2014-Q4,0.4,,,,
ABS:ERP_COMP_Q(1.0.0),2,8,Q,2015-Q1,0.4,,,,
ABS:ERP_COMP_Q(1.0.0),2,8,Q,2015-Q2,0.5,,,,
ABS:ERP_COMP_Q(1.0.0),2,8,Q,2015-Q3,0.5,,,,
ABS:ERP_COMP_Q(1.0.0),2,8,Q,2015-Q4,0.4,,,,
ABS:ERP_COMP_Q(1.0.0),2,8,Q,2016-Q1,0.4,,,,
ABS:ERP_COMP_Q(1.0.0),2,8,Q,2016-Q2,0.6,,,,
ABS:ERP_COMP_Q(1.0.0),2,8,Q,2016-Q3,0.6,,,,
ABS:ERP_COMP_Q(1.0.0),2,8,Q,2016-Q4,0.5,,,,
ABS:ERP_COMP_Q(1.0.0),2,8,Q,2017-Q1,0.5,,,,
ABS:ERP_COMP_Q(1.0.0),2,8,Q,2017-Q2,0.5,,,,
ABS:ERP_COMP_Q(1.0.0),2,8,Q,2017-Q3,0.6,,,,
ABS:ERP_COMP_Q(1.0.0),2,8,Q,2017-Q4,0.5,,,,
ABS:ERP_COMP_Q(1.0.0),2,8,Q,2018-Q1,0.5,,,,
ABS:ERP_COMP_Q(1.0.0),2,8,Q,2018-Q2,0.6,,,,
ABS:ERP_COMP_Q(1.0.0),2,8,Q,2018-Q3,0.6,,,,
ABS:ERP_COMP_Q(1.0.0),2,8,Q,2018-Q4,0.5,,,,
ABS:ERP_COMP_Q(1.0.0),2,8,Q,2019-Q1,0.5,,,,
ABS:ERP_COMP_Q(1.0.0),2,8,Q,2019-Q2,0.5,,,,
ABS:ERP_COMP_Q(1.0.0),2,8,Q,2019-Q3,0.6,,,,
ABS:ERP_COMP_Q(1.0.0),2,8,Q,2019-Q4,0.5,,,,
ABS:ERP_COMP_Q(1.0.0),2,8,Q,2020-Q1,0.5,,,,
ABS:ERP_COMP_Q(1.0.0),2,8,Q,2020-Q2,0.6,,,,
ABS:ERP_COMP_Q(1.0.0),2,8,Q,2020-Q3,0.6,,,,
ABS:ERP_COMP_Q(1.0.0),2,8,Q,2020-Q4,0.5,,,,
ABS:ERP_COMP_Q(1.0.0),2,8,Q,2021-Q1,0.5,,,,
ABS:ERP_COMP_Q(1.0.0),2,8,Q,2021-Q2,0.6,,,,
ABS:ERP_COMP_Q(1.0.0),2,8,Q,2021-Q3,0.6,,,,
ABS:ERP_COMP_Q(1.0.0),2,8,Q,2021-Q4,0.5,,,,
ABS:ERP_COMP_Q(1.0.0),2,8,Q,2022-Q1,0.6,,,,
ABS:ERP_COMP_Q(1.0.0),2,8,Q,2022-Q2,0.7,,,,
ABS:ERP_COMP_Q(1.0.0),2,8,Q,2022-Q3,0.7,,,,
ABS:ERP_COMP_Q(1.0.0),2,8,Q,2022-Q4,0.6,,,,
ABS:ERP_COMP_Q(1.0.0),2,8,Q,2023-Q1,0.6,,,,
ABS:ERP_COMP_Q(1.0.0),2,8,Q,2023-Q2,0.6,,,,
ABS:ERP_COMP_Q(1.0.0),2,8,Q,2023-Q3,0.6,,,,
ABS:ERP_COMP_Q(1.0.0),2,8,Q,2023-Q4,0.7,,,,
ABS:ERP_COMP_Q(1.0.0),2,8,Q,2024-Q1,0.5,,,,
ABS:ERP_COMP_Q(1.0.0),2,8,Q,2024-Q2,0.6,,,,
ABS:ERP_COMP_Q(1.0.0),2,8,Q,2024-Q3,0.7,,,,
ABS:ERP_COMP_Q(1.0.0),2,8,Q,2024-Q4,0.6,,,,
ABS:ERP_COMP_Q(1.0.0),2,8,Q,2025-Q1,0.6,,,,
ABS:ERP_COMP_Q(1.0.0),2,8,Q,2025-Q2,0.6,,,,
ABS:ERP_COMP_Q(1.0.0),2,8,Q,2025-Q3,0.7,,,,
ABS:ERP_COMP_Q(1.0.0),2,8,Q,2025-Q4,0.6,,,,
ABS:ERP_COMP_Q(1.0.0),10,2,Q,1981-Q2,3946.9,,,,
ABS:ERP_COMP_Q(1.0.0),10,2,Q,1981-Q3,3957.3,,,,
ABS:ERP_COMP_Q(1.0.0),10,2,Q,1981-Q4,3968.4,,,,
ABS:ERP_COMP_Q(1.0.0),10,2,Q,1982-Q1,3980.8,,,,
ABS:ERP_COMP_Q(1.0.0),10,2,Q,1982-Q2,3992.9,,,,
ABS:ERP_COMP_Q(1.0.0),10,2,Q,1982-Q3,4002.7,,,,
ABS:ERP_COMP_Q(1.0.0),10,2,Q,1982-Q4,4012.7,,,,
ABS:ERP_COMP_Q(1.0.0),10,2,Q,1983-Q1,4025.3,,,,
ABS:ERP_COMP_Q(1.0.0),10,2,Q,1983-Q2,4035.7,,,,
ABS:ERP_COMP_Q(1.0.0),10,2,Q,1983-Q3,4045.2,,,,
ABS:ERP_COMP_Q(1.0.0),10,2,Q,1983-Q4,4054.5,,,,
ABS:ERP_COMP_Q(1.0.0),10,2,Q,1984-Q1,4066.2,,,,
ABS:ERP_COMP_Q(1.0.0),10,2,Q,1984-Q2,4076.5,,,,
ABS:ERP_COMP_Q(1.0.0),10,2,Q,1984-Q3,4086.5,,,,
ABS:ERP_COMP_Q(1.0.0),10,2,Q,1984-Q4,4097.6,,,,
ABS:ERP_COMP_Q(1.0.0),10,2,Q,1985-Q1,4109.7,,,,
ABS:ERP_COMP_Q(1.0.0),10,2,Q,1985-Q2,4120.1,,,,
ABS:ERP_COMP_Q(1.0.0),10,2,Q,1985-Q3,4129.8,,,,
ABS:ERP_COMP_Q(1.0.0),10,2,Q,1985-Q4,4140.4,,,,
ABS:ERP_COMP_Q(1.0.0),10,2,Q,1986-Q1,4151.1,,,,
ABS:ERP_COMP_Q(1.0.0),10,2,Q,1986-Q2,4160.9,,,,
ABS:ERP_COMP_Q(1.0.0),10,2,Q,1986-Q3,4171.9,,,,
ABS:ERP_COMP_Q(1.0.0),10,2,Q,1986-Q4,4183.8,,,,
ABS:ERP_COMP_Q(1.0.0),10,2,Q,1987-Q1,4197.4,,,,
ABS:ERP_COMP_Q(1.0.0),10,2,Q,1987-Q2,4210.1,,,,
ABS:ERP_COMP_Q(1.0.0),10,2,Q,1987-Q3,4223.7,,,,
ABS:ERP_COMP_Q(1.0.0),10,2,Q,1987-Q4,4234.9,,,,
ABS:ERP_COMP_Q(1.0.0),10,2,Q,1988-Q1,4250,,,,
ABS:ERP_COMP_Q(1.0.0),10,2,Q,1988-Q2,4262.6,,,,
ABS:ERP_COMP_Q(1.0.0),10,2,Q,1988-Q3,4280.4,,,,
ABS:ERP_COMP_Q(1.0.0),10,2,Q,1988-Q4,4295.3,,,,
ABS:ERP_COMP_Q(1.0.0),10,2,Q,1989-Q1,4310,,,,
ABS:ERP_COMP_Q(1.0.0),10,2,Q,1989-Q2,4320.2,,,,
ABS:ERP_COMP_Q(1.0.0),10,2,Q,1989-Q3,4333.5,,,,
ABS:ERP_COMP_Q(1.0.0),10,2,Q,1989-Q4,4348.2,,,,
ABS:ERP_COMP_Q(1.0.0),10,2,Q,1990-Q1,4364.5,,,,
ABS:ERP_COMP_Q(1.0.0),10,2,Q,1990-Q2,4378.6,,,,
ABS:ERP_COMP_Q(1.0.0),10,2,Q,1990-Q3,4391.2,,,,
ABS:ERP_COMP_Q(1.0.0),10,2,Q,1990-Q4,4400.7,,,,
ABS:ERP_COMP_Q(1.0.0),10,2,Q,1991-Q1,4413.4,,,,
ABS:ERP_COMP_Q(1.0.0),10,2,Q,1991-Q2,4420.4,,,,
ABS:ERP_COMP_Q(1.0.0),10,2,Q,1991-Q3,4429.4,,,,
ABS:ERP_COMP_Q(1.0.0),10,2,Q,1991-Q4,4435.1,,,,
ABS:ERP_COMP_Q(1.0.0),10,2,Q,1992-Q1,4445.1,,,,
ABS:ERP_COMP_Q(1.0.0),10,2,Q,1992-Q2,4450.2,,,,
ABS:ERP_COMP_Q(1.0.0),10,2,Q,1992-Q3,4454.8,,,,
ABS:ERP_COMP_Q(1.0.0),10,2,Q,1992-Q4,4458.2,,,,
ABS:ERP_COMP_Q(1.0.0),10,2,Q,1993-Q1,4463.3,,,,
ABS:ERP_COMP_Q(1.0.0),10,2,Q,1993-Q2,4462.8,,,,
ABS:ERP_COMP_Q(1.0.0),10,2,Q,1993-Q3,4464.8,,,,
ABS:ERP_COMP_Q(1.0.0),10,2,Q,1993-Q4,4466.7,,,,
ABS:ERP_COMP_Q(1.0.0),10,2,Q,1994-Q1,4471,,,,
ABS:ERP_COMP_Q(1.0.0),10,2,Q,1994-Q2,4473,,,,
ABS:ERP_COMP_Q(1.0.0),10,2,Q,1994-Q3,4479.4,,,,
ABS:ERP_COMP_Q(1.0.0),10,2,Q,1994-Q4,4483.2,,,,
ABS:ERP_COMP_Q(1.0.0),10,2,Q,1995-Q1,4491.3,,,,
ABS:ERP_COMP_Q(1.0.0),10,2,Q,1995-Q2,4497.7,,,,
ABS:ERP_COMP_Q(1.0.0),10,2,Q,1995-Q3,4506.4,,,,
ABS:ERP_COMP_Q(1.0.0),10,2,Q,1995-Q4,4517.4,,,,
ABS:ERP_COMP_Q(1.0.0),10,2,Q,1996-Q1,4527.6,,,,
ABS:ERP_COMP_Q(1.0.0),10,2,Q,1996-Q2,4535,,,,
ABS:ERP_COMP_Q(1.0.0),10,2,Q,1996-Q3,4544.5,,,,
ABS:ERP_COMP_Q(1.0.0),10,2,Q,1996-Q4,4552.9,,,,
ABS:ERP_COMP_Q(1.0.0),10,2,Q,1997-Q1,4565.4,,,,
ABS:ERP_COMP_Q(1.0.0),10,2,Q,1997-Q2,4569.3,,,,
ABS:ERP_COMP_Q(1.0.0),10,2,Q,1997-Q3,4578.2,,,,
ABS:ERP_COMP_Q(1.0.0),10,2,Q,1997-Q4,4586.2,,,,
ABS:ERP_COMP_Q(1.0.0),10,2,Q,1998-Q1,4600.9,,,,
ABS:ERP_COMP_Q(1.0.0),10,2,Q,1998-Q2,4607,,,,
ABS:ERP_COMP_Q(1.0.0),10,2,Q,1998-Q3,4617.3,,,,
ABS:ERP_COMP_Q(1.0.0),10,2,Q,1998-Q4,4629.3,,,,
ABS:ERP_COMP_Q(1.0.0),10,2,Q,1999-Q1,4645.2,,,,
ABS:ERP_COMP_Q(1.0.0),10,2,Q,1999-Q2,4652.5,,,,
ABS:ERP_COMP_Q(1.0.0),10,2,Q,1999-Q3,4665.6,,,,
ABS:ERP_COMP_Q(1.0.0),10,2,Q,1999-Q4,4677.6,,,,
ABS:ERP_COMP_Q(1.0.0),10,2,Q,2000-Q1,4695.6,,,,
ABS:ERP_COMP_Q(1.0.0),10,2,Q,2000-Q2,4704.1,,,,
ABS:ERP_COMP_Q(1.0.0),10,2,Q,2000-Q3,4718.4,,,,
ABS:ERP_COMP_Q(1.0.0),10,2,Q,2000-Q4,4730.9,,,,
ABS:ERP_COMP_Q(1.0.0),10,2,Q,2001-Q1,4753.7,,,,
ABS:ERP_COMP_Q(1.0.0),10,2,Q,2001-Q2,4763.6,,,,
ABS:ERP_COMP_Q(1.0.0),10,2,Q,2001-Q3,4776.1,,,,
ABS:ERP_COMP_Q(1.0.0),10,2,Q,2001-Q4,4790.2,,,,
ABS:ERP_COMP_Q(1.0.0),10,2,Q,2002-Q1,4808.9,,,,
ABS:ERP_COMP_Q(1.0.0),10,2,Q,2002-Q2,4817.8,,,,
ABS:ERP_COMP_Q(1.0.0),10,2,Q,2002-Q3,4830.4,,,,
ABS:ERP_COMP_Q(1.0.0),10,2,Q,2002-Q4,4845,,,,
ABS:ERP_COMP_Q(1.0.0),10,2,Q,2003-Q1,4864.2,,,,
ABS:ERP_COMP_Q(1.0.0),10,2,Q,2003-Q2,4873.8,,,,
ABS:ERP_COMP_Q(1.0.0),10,2,Q,2003-Q3,4887.8,,,,
ABS:ERP_COMP_Q(1.0.0),10,2,Q,2003-Q4,4900.2,,,,
ABS:ERP_COMP_Q(1.0.0),10,2,Q,2004-Q1,4918.1,,,,
ABS:ERP_COMP_Q(1.0.0),10,2,Q,2004-Q2,4927.1,,,,
ABS:ERP_COMP_Q(1.0.0),10,2,Q,2004-Q3,4943.4,,,,
ABS:ERP_COMP_Q(1.0.0),10,2,Q,2004-Q4,4957.1,,,,
ABS:ERP_COMP_Q(1.0.0),10,2,Q,2005-Q1,4978.3,,,,
ABS:ERP_COMP_Q(1.0.0),10,2,Q,2005-Q2,4989.2,,,,
ABS:ERP_COMP_Q(1.0.0),10,2,Q,2005-Q3,5006.2,,,,
ABS:ERP_COMP_Q(1.0.0),10,2,Q,2005-Q4,5023.2,,,,
ABS:ERP_COMP_Q(1.0.0),10,2,Q,2006-Q1,5048.2,,,,
ABS:ERP_COMP_Q(1.0.0),10,2,Q,2006-Q2,5061.3,,,,
ABS:ERP_COMP_Q(1.0.0),10,2,Q,2006-Q3,5083.6,,,,
ABS:ERP_COMP_Q(1.0.0),10,2,Q,2006-Q4,5104,,,,
ABS:ERP_COMP_Q(1.0.0),10,2,Q,2007-Q1,5134.1,,,,
ABS:ERP_COMP_Q(1.0.0),10,2,Q,2007-Q2,5153.5,,,,
ABS:ERP_COMP_Q(1.0.0),10,2,Q,2007-Q3,5178.5,,,,
ABS:ERP_COMP_Q(1.0.0),10,2,Q,2007-Q4,5199.5,,,,
ABS:ERP_COMP_Q(1.0.0),10,2,Q,2008-Q1,5233,,,,
ABS:ERP_COMP_Q(1.0.0),10,2,Q,2008-Q2,5256.4,,,,
ABS:ERP_COMP_Q(1.0.0),10,2,Q,2008-Q3,5286.5,,,,
ABS:ERP_COMP_Q(1.0.0),10,2,Q,2008-Q4,5313.3,,,,
ABS:ERP_COMP_Q(1.0.0),10,2,Q,2009-Q1,5347.7,,,,
ABS:ERP_COMP_Q(1.0.0),10,2,Q,2009-Q2,5371.9,,,,
ABS:ERP_COMP_Q(1.0.0),10,2,Q,2009-Q3,5398.9,,,,
ABS:ERP_COMP_Q(1.0.0),10,2,Q,2009-Q4,5419.2,,,,
ABS:ERP_COMP_Q(1.0.0),10,2,Q,2010-Q1,5445.2,,,,
ABS:ERP_COMP_Q(1.0.0),10,2,Q,2010-Q2,5461.1,,,,
ABS:ERP_COMP_Q(1.0.0),10,2,Q,2010-Q3,5478.7,,,,
ABS:ERP_COMP_Q(1.0.0),10,2,Q,2010-Q4,5495.7,,,,
ABS:ERP_COMP_Q(1.0.0),10,2,Q,2011-Q1,5520.4,,,,
ABS:ERP_COMP_Q(1.0.0),10,2,Q,2011-Q2,5537.8,,,,
ABS:ERP_COMP_Q(1.0.0),10,2,Q,2011-Q3,5564.7,,,,
ABS:ERP_COMP_Q(1.0.0),10,2,Q,2011-Q4,5591.8,,,,
ABS:ERP_COMP_Q(1.0.0),10,2,Q,2012-Q1,5625.4,,,,
ABS:ERP_COMP_Q(1.0.0),10,2,Q,2012-Q2,5651.1,,,,
ABS:ERP_COMP_Q(1.0.0),10,2,Q,2012-Q3,5680.4,,,,
ABS:ERP_COMP_Q(1.0.0),10,2,Q,2012-Q4,5709.6,,,,
ABS:ERP_COMP_Q(1.0.0),10,2,Q,2013-Q1,5744.9,,,,
ABS:ERP_COMP_Q(1.0.0),10,2,Q,2013-Q2,5772.7,,,,
ABS:ERP_COMP_Q(1.0.0),10,2,Q,2013-Q3,5804.5,,,,
ABS:ERP_COMP_Q(1.0.0),10,2,Q,2013-Q4,5832.6,,,,
ABS:ERP_COMP_Q(1.0.0),10,2,Q,2014-Q1,5869.5,,,,
ABS:ERP_COMP_Q(1.0.0),10,2,Q,2014-Q2,5894.9,,,,
ABS:ERP_COMP_Q(1.0.0),10,2,Q,2014-Q3,5927.2,,,,
ABS:ERP_COMP_Q(1.0.0),10,2,Q,2014-Q4,5957.5,,,,
ABS:ERP_COMP_Q(1.0.0),10,2,Q,2015-Q1,5995.2,,,,
ABS:ERP_COMP_Q(1.0.0),10,2,Q,2015-Q2,6022.3,,,,
ABS:ERP_COMP_Q(1.0.0),10,2,Q,2015-Q3,6057.6,,,,
ABS:ERP_COMP_Q(1.0.0),10,2,Q,2015-Q4,6093,,,,
ABS:ERP_COMP_Q(1.0.0),10,2,Q,2016-Q1,6138.6,,,,
ABS:ERP_COMP_Q(1.0.0),10,2,Q,2016-Q2,6173.2,,,,
ABS:ERP_COMP_Q(1.0.0),10,2,Q,2016-Q3,6205.9,,,,
ABS:ERP_COMP_Q(1.0.0),10,2,Q,2016-Q4,6235.8,,,,
ABS:ERP_COMP_Q(1.0.0),10,2,Q,2017-Q1,6278.6,,,,
ABS:ERP_COMP_Q(1.0.0),10,2,Q,2017-Q2,6302.6,,,,
ABS:ERP_COMP_Q(1.0.0),10,2,Q,2017-Q3,6333.5,,,,
ABS:ERP_COMP_Q(1.0.0),10,2,Q,2017-Q4,6358.2,,,,
ABS:ERP_COMP_Q(1.0.0),10,2,Q,2018-Q1,6398.6,,,,
ABS:ERP_COMP_Q(1.0.0),10,2,Q,2018-Q2,6423,,,,
ABS:ERP_COMP_Q(1.0.0),10,2,Q,2018-Q3,6455,,,,
ABS:ERP_COMP_Q(1.0.0),10,2,Q,2018-Q4,6479.7,,,,
ABS:ERP_COMP_Q(1.0.0),10,2,Q,2019-Q1,6518.7,,,,
ABS:ERP_COMP_Q(1.0.0),10,2,Q,2019-Q2,6537.3,,,,
ABS:ERP_COMP_Q(1.0.0),10,2,Q,2019-Q3,6567.9,,,,
ABS:ERP_COMP_Q(1.0.0),10,2,Q,2019-Q4,6590.1,,,,
ABS:ERP_COMP_Q(1.0.0),10,2,Q,2020-Q1,6616.6,,,,
ABS:ERP_COMP_Q(1.0.0),10,2,Q,2020-Q2,6615,,,,
ABS:ERP_COMP_Q(1.0.0),10,2,Q,2020-Q3,6591.4,,,,
ABS:ERP_COMP_Q(1.0.0),10,2,Q,2020-Q4,6567.2,,,,
ABS:ERP_COMP_Q(1.0.0),10,2,Q,2021-Q1,6555.3,,,,
ABS:ERP_COMP_Q(1.0.0),10,2,Q,2021-Q2,6547.8,,,,
ABS:ERP_COMP_Q(1.0.0),10,2,Q,2021-Q3,6543.1,,,,
ABS:ERP_COMP_Q(1.0.0),10,2,Q,2021-Q4,6555,,,,
ABS:ERP_COMP_Q(1.0.0),10,2,Q,2022-Q1,6591.6,,,,
ABS:ERP_COMP_Q(1.0.0),10,2,Q,2022-Q2,6615.2,,,,
ABS:ERP_COMP_Q(1.0.0),10,2,Q,2022-Q3,6657.7,,,,
ABS:ERP_COMP_Q(1.0.0),10,2,Q,2022-Q4,6700.4,,,,
ABS:ERP_COMP_Q(1.0.0),10,2,Q,2023-Q1,6757.3,,,,
ABS:ERP_COMP_Q(1.0.0),10,2,Q,2023-Q2,6797.2,,,,
ABS:ERP_COMP_Q(1.0.0),10,2,Q,2023-Q3,6845.7,,,,
ABS:ERP_COMP_Q(1.0.0),10,2,Q,2023-Q4,6881.1,,,,
ABS:ERP_COMP_Q(1.0.0),10,2,Q,2024-Q1,6928.5,,,,
ABS:ERP_COMP_Q(1.0.0),10,2,Q,2024-Q2,6951,,,,
ABS:ERP_COMP_Q(1.0.0),10,2,Q,2024-Q3,6981.7,,,,
ABS:ERP_COMP_Q(1.0.0),10,2,Q,2024-Q4,7004.6,,,,
ABS:ERP_COMP_Q(1.0.0),10,2,Q,2025-Q1,7047.2,,,,
ABS:ERP_COMP_Q(1.0.0),10,2,Q,2025-Q2,7069.9,,,,
ABS:ERP_COMP_Q(1.0.0),10,2,Q,2025-Q3,7099.9,,,,
ABS:ERP_COMP_Q(1.0.0),10,2,Q,2025-Q4,7121.9,,,,
ABS:ERP_COMP_Q(1.0.0),10,6,Q,1981-Q2,427.2,,,,
ABS:ERP_COMP_Q(1.0.0),10,6,Q,1981-Q3,427.9,,,,
ABS:ERP_COMP_Q(1.0.0),10,6,Q,1981-Q4,428.3,,,,
ABS:ERP_COMP_Q(1.0.0),10,6,Q,1982-Q1,429.4,,,,
ABS:ERP_COMP_Q(1.0.0),10,6,Q,1982-Q2,429.8,,,,
ABS:ERP_COMP_Q(1.0.0),10,6,Q,1982-Q3,430.3,,,,
ABS:ERP_COMP_Q(1.0.0),10,6,Q,1982-Q4,431,,,,
ABS:ERP_COMP_Q(1.0.0),10,6,Q,1983-Q1,431.7,,,,
ABS:ERP_COMP_Q(1.0.0),10,6,Q,1983-Q2,432.8,,,,
ABS:ERP_COMP_Q(1.0.0),10,6,Q,1983-Q3,433.9,,,,
ABS:ERP_COMP_Q(1.0.0),10,6,Q,1983-Q4,435.1,,,,
ABS:ERP_COMP_Q(1.0.0),10,6,Q,1984-Q1,436.2,,,,
ABS:ERP_COMP_Q(1.0.0),10,6,Q,1984-Q2,437.8,,,,
ABS:ERP_COMP_Q(1.0.0),10,6,Q,1984-Q3,438.9,,,,
ABS:ERP_COMP_Q(1.0.0),10,6,Q,1984-Q4,440.1,,,,
ABS:ERP_COMP_Q(1.0.0),10,6,Q,1985-Q1,441.3,,,,
ABS:ERP_COMP_Q(1.0.0),10,6,Q,1985-Q2,442.8,,,,
ABS:ERP_COMP_Q(1.0.0),10,6,Q,1985-Q3,443.5,,,,
ABS:ERP_COMP_Q(1.0.0),10,6,Q,1985-Q4,444.6,,,,
ABS:ERP_COMP_Q(1.0.0),10,6,Q,1986-Q1,445.7,,,,
ABS:ERP_COMP_Q(1.0.0),10,6,Q,1986-Q2,446.5,,,,
ABS:ERP_COMP_Q(1.0.0),10,6,Q,1986-Q3,447.3,,,,
ABS:ERP_COMP_Q(1.0.0),10,6,Q,1986-Q4,448.2,,,,
ABS:ERP_COMP_Q(1.0.0),10,6,Q,1987-Q1,448.6,,,,
ABS:ERP_COMP_Q(1.0.0),10,6,Q,1987-Q2,449.2,,,,
ABS:ERP_COMP_Q(1.0.0),10,6,Q,1987-Q3,449.4,,,,
ABS:ERP_COMP_Q(1.0.0),10,6,Q,1987-Q4,449.8,,,,
ABS:ERP_COMP_Q(1.0.0),10,6,Q,1988-Q1,450.6,,,,
ABS:ERP_COMP_Q(1.0.0),10,6,Q,1988-Q2,451.1,,,,
ABS:ERP_COMP_Q(1.0.0),10,6,Q,1988-Q3,451.9,,,,
ABS:ERP_COMP_Q(1.0.0),10,6,Q,1988-Q4,452.8,,,,
ABS:ERP_COMP_Q(1.0.0),10,6,Q,1989-Q1,453.9,,,,
ABS:ERP_COMP_Q(1.0.0),10,6,Q,1989-Q2,455.3,,,,
ABS:ERP_COMP_Q(1.0.0),10,6,Q,1989-Q3,456.8,,,,
ABS:ERP_COMP_Q(1.0.0),10,6,Q,1989-Q4,458.4,,,,
ABS:ERP_COMP_Q(1.0.0),10,6,Q,1990-Q1,460.1,,,,
ABS:ERP_COMP_Q(1.0.0),10,6,Q,1990-Q2,462.2,,,,
ABS:ERP_COMP_Q(1.0.0),10,6,Q,1990-Q3,463.5,,,,
ABS:ERP_COMP_Q(1.0.0),10,6,Q,1990-Q4,464.5,,,,
ABS:ERP_COMP_Q(1.0.0),10,6,Q,1991-Q1,465.9,,,,
ABS:ERP_COMP_Q(1.0.0),10,6,Q,1991-Q2,466.8,,,,
ABS:ERP_COMP_Q(1.0.0),10,6,Q,1991-Q3,467.7,,,,
ABS:ERP_COMP_Q(1.0.0),10,6,Q,1991-Q4,468.5,,,,
ABS:ERP_COMP_Q(1.0.0),10,6,Q,1992-Q1,469.4,,,,
ABS:ERP_COMP_Q(1.0.0),10,6,Q,1992-Q2,470,,,,
ABS:ERP_COMP_Q(1.0.0),10,6,Q,1992-Q3,470.4,,,,
ABS:ERP_COMP_Q(1.0.0),10,6,Q,1992-Q4,471.3,,,,
ABS:ERP_COMP_Q(1.0.0),10,6,Q,1993-Q1,471.9,,,,
ABS:ERP_COMP_Q(1.0.0),10,6,Q,1993-Q2,472,,,,
ABS:ERP_COMP_Q(1.0.0),10,6,Q,1993-Q3,472.6,,,,
ABS:ERP_COMP_Q(1.0.0),10,6,Q,1993-Q4,473,,,,
ABS:ERP_COMP_Q(1.0.0),10,6,Q,1994-Q1,473.1,,,,
ABS:ERP_COMP_Q(1.0.0),10,6,Q,1994-Q2,473.5,,,,
ABS:ERP_COMP_Q(1.0.0),10,6,Q,1994-Q3,474,,,,
ABS:ERP_COMP_Q(1.0.0),10,6,Q,1994-Q4,474.1,,,,
ABS:ERP_COMP_Q(1.0.0),10,6,Q,1995-Q1,474.4,,,,
ABS:ERP_COMP_Q(1.0.0),10,6,Q,1995-Q2,474.5,,,,
ABS:ERP_COMP_Q(1.0.0),10,6,Q,1995-Q3,474.9,,,,
ABS:ERP_COMP_Q(1.0.0),10,6,Q,1995-Q4,475.1,,,,
ABS:ERP_COMP_Q(1.0.0),10,6,Q,1996-Q1,475.3,,,,
ABS:ERP_COMP_Q(1.0.0),10,6,Q,1996-Q2,475.6,,,,
ABS:ERP_COMP_Q(1.0.0),10,6,Q,1996-Q3,475.7,,,,
ABS:ERP_COMP_Q(1.0.0),10,6,Q,1996-Q4,475.5,,,,
ABS:ERP_COMP_Q(1.0.0),10,6,Q,1997-Q1,475.4,,,,
ABS:ERP_COMP_Q(1.0.0),10,6,Q,1997-Q2,474.9,,,,
ABS:ERP_COMP_Q(1.0.0),10,6,Q,1997-Q3,474.5,,,,
ABS:ERP_COMP_Q(1.0.0),10,6,Q,1997-Q4,474.2,,,,
ABS:ERP_COMP_Q(1.0.0),10,6,Q,1998-Q1,474,,,,
ABS:ERP_COMP_Q(1.0.0),10,6,Q,1998-Q2,473.4,,,,
ABS:ERP_COMP_Q(1.0.0),10,6,Q,1998-Q3,473.4,,,,
ABS:ERP_COMP_Q(1.0.0),10,6,Q,1998-Q4,473.5,,,,
ABS:ERP_COMP_Q(1.0.0),10,6,Q,1999-Q1,473.2,,,,
ABS:ERP_COMP_Q(1.0.0),10,6,Q,1999-Q2,473,,,,
ABS:ERP_COMP_Q(1.0.0),10,6,Q,1999-Q3,473.2,,,,
ABS:ERP_COMP_Q(1.0.0),10,6,Q,1999-Q4,473.3,,,,
ABS:ERP_COMP_Q(1.0.0),10,6,Q,2000-Q1,473.3,,,,
ABS:ERP_COMP_Q(1.0.0),10,6,Q,2000-Q2,473.1,,,,
ABS:ERP_COMP_Q(1.0.0),10,6,Q,2000-Q3,473,,,,
ABS:ERP_COMP_Q(1.0.0),10,6,Q,2000-Q4,473.2,,,,
ABS:ERP_COMP_Q(1.0.0),10,6,Q,2001-Q1,473.7,,,,
ABS:ERP_COMP_Q(1.0.0),10,6,Q,2001-Q2,473.7,,,,
ABS:ERP_COMP_Q(1.0.0),10,6,Q,2001-Q3,473.5,,,,
ABS:ERP_COMP_Q(1.0.0),10,6,Q,2001-Q4,473.9,,,,
ABS:ERP_COMP_Q(1.0.0),10,6,Q,2002-Q1,474.2,,,,
ABS:ERP_COMP_Q(1.0.0),10,6,Q,2002-Q2,474.2,,,,
ABS:ERP_COMP_Q(1.0.0),10,6,Q,2002-Q3,474.6,,,,
ABS:ERP_COMP_Q(1.0.0),10,6,Q,2002-Q4,476,,,,
ABS:ERP_COMP_Q(1.0.0),10,6,Q,2003-Q1,477.6,,,,
ABS:ERP_COMP_Q(1.0.0),10,6,Q,2003-Q2,478.5,,,,
ABS:ERP_COMP_Q(1.0.0),10,6,Q,2003-Q3,479.8,,,,
ABS:ERP_COMP_Q(1.0.0),10,6,Q,2003-Q4,481.4,,,,
ABS:ERP_COMP_Q(1.0.0),10,6,Q,2004-Q1,482.8,,,,
ABS:ERP_COMP_Q(1.0.0),10,6,Q,2004-Q2,483.2,,,,
ABS:ERP_COMP_Q(1.0.0),10,6,Q,2004-Q3,484,,,,
ABS:ERP_COMP_Q(1.0.0),10,6,Q,2004-Q4,484.8,,,,
ABS:ERP_COMP_Q(1.0.0),10,6,Q,2005-Q1,485.8,,,,
ABS:ERP_COMP_Q(1.0.0),10,6,Q,2005-Q2,486.2,,,,
ABS:ERP_COMP_Q(1.0.0),10,6,Q,2005-Q3,486.9,,,,
ABS:ERP_COMP_Q(1.0.0),10,6,Q,2005-Q4,488.1,,,,
ABS:ERP_COMP_Q(1.0.0),10,6,Q,2006-Q1,489.1,,,,
ABS:ERP_COMP_Q(1.0.0),10,6,Q,2006-Q2,489.3,,,,
ABS:ERP_COMP_Q(1.0.0),10,6,Q,2006-Q3,490.4,,,,
ABS:ERP_COMP_Q(1.0.0),10,6,Q,2006-Q4,491.5,,,,
ABS:ERP_COMP_Q(1.0.0),10,6,Q,2007-Q1,492.6,,,,
ABS:ERP_COMP_Q(1.0.0),10,6,Q,2007-Q2,493.3,,,,
ABS:ERP_COMP_Q(1.0.0),10,6,Q,2007-Q3,494.5,,,,
ABS:ERP_COMP_Q(1.0.0),10,6,Q,2007-Q4,495.9,,,,
ABS:ERP_COMP_Q(1.0.0),10,6,Q,2008-Q1,497.6,,,,
ABS:ERP_COMP_Q(1.0.0),10,6,Q,2008-Q2,498.6,,,,
ABS:ERP_COMP_Q(1.0.0),10,6,Q,2008-Q3,500.1,,,,
ABS:ERP_COMP_Q(1.0.0),10,6,Q,2008-Q4,501.8,,,,
ABS:ERP_COMP_Q(1.0.0),10,6,Q,2009-Q1,503.4,,,,
ABS:ERP_COMP_Q(1.0.0),10,6,Q,2009-Q2,504.4,,,,
ABS:ERP_COMP_Q(1.0.0),10,6,Q,2009-Q3,505.5,,,,
ABS:ERP_COMP_Q(1.0.0),10,6,Q,2009-Q4,506.5,,,,
ABS:ERP_COMP_Q(1.0.0),10,6,Q,2010-Q1,508.2,,,,
ABS:ERP_COMP_Q(1.0.0),10,6,Q,2010-Q2,508.8,,,,
ABS:ERP_COMP_Q(1.0.0),10,6,Q,2010-Q3,509.5,,,,
ABS:ERP_COMP_Q(1.0.0),10,6,Q,2010-Q4,510.2,,,,
ABS:ERP_COMP_Q(1.0.0),10,6,Q,2011-Q1,511.2,,,,
ABS:ERP_COMP_Q(1.0.0),10,6,Q,2011-Q2,511.5,,,,
ABS:ERP_COMP_Q(1.0.0),10,6,Q,2011-Q3,511.9,,,,
ABS:ERP_COMP_Q(1.0.0),10,6,Q,2011-Q4,511.7,,,,
ABS:ERP_COMP_Q(1.0.0),10,6,Q,2012-Q1,512,,,,
ABS:ERP_COMP_Q(1.0.0),10,6,Q,2012-Q2,511.7,,,,
ABS:ERP_COMP_Q(1.0.0),10,6,Q,2012-Q3,511.6,,,,
ABS:ERP_COMP_Q(1.0.0),10,6,Q,2012-Q4,511.8,,,,
ABS:ERP_COMP_Q(1.0.0),10,6,Q,2013-Q1,512.2,,,,
ABS:ERP_COMP_Q(1.0.0),10,6,Q,2013-Q2,512.2,,,,
ABS:ERP_COMP_Q(1.0.0),10,6,Q,2013-Q3,512.5,,,,
ABS:ERP_COMP_Q(1.0.0),10,6,Q,2013-Q4,513,,,,
ABS:ERP_COMP_Q(1.0.0),10,6,Q,2014-Q1,513.7,,,,
ABS:ERP_COMP_Q(1.0.0),10,6,Q,2014-Q2,513.6,,,,
ABS:ERP_COMP_Q(1.0.0),10,6,Q,2014-Q3,513.9,,,,
ABS:ERP_COMP_Q(1.0.0),10,6,Q,2014-Q4,514,,,,
ABS:ERP_COMP_Q(1.0.0),10,6,Q,2015-Q1,514.8,,,,
ABS:ERP_COMP_Q(1.0.0),10,6,Q,2015-Q2,515.1,,,,
ABS:ERP_COMP_Q(1.0.0),10,6,Q,2015-Q3,515.7,,,,
ABS:ERP_COMP_Q(1.0.0),10,6,Q,2015-Q4,515.7,,,,
ABS:ERP_COMP_Q(1.0.0),10,6,Q,2016-Q1,516.9,,,,
ABS:ERP_COMP_Q(1.0.0),10,6,Q,2016-Q2,517.5,,,,
ABS:ERP_COMP_Q(1.0.0),10,6,Q,2016-Q3,519.6,,,,
ABS:ERP_COMP_Q(1.0.0),10,6,Q,2016-Q4,522,,,,
ABS:ERP_COMP_Q(1.0.0),10,6,Q,2017-Q1,524.6,,,,
ABS:ERP_COMP_Q(1.0.0),10,6,Q,2017-Q2,526.8,,,,
ABS:ERP_COMP_Q(1.0.0),10,6,Q,2017-Q3,529.4,,,,
ABS:ERP_COMP_Q(1.0.0),10,6,Q,2017-Q4,531.6,,,,
ABS:ERP_COMP_Q(1.0.0),10,6,Q,2018-Q1,534.8,,,,
ABS:ERP_COMP_Q(1.0.0),10,6,Q,2018-Q2,537.3,,,,
ABS:ERP_COMP_Q(1.0.0),10,6,Q,2018-Q3,540.2,,,,
ABS:ERP_COMP_Q(1.0.0),10,6,Q,2018-Q4,542.9,,,,
ABS:ERP_COMP_Q(1.0.0),10,6,Q,2019-Q1,545.8,,,,
ABS:ERP_COMP_Q(1.0.0),10,6,Q,2019-Q2,547.8,,,,
ABS:ERP_COMP_Q(1.0.0),10,6,Q,2019-Q3,549.9,,,,
ABS:ERP_COMP_Q(1.0.0),10,6,Q,2019-Q4,553.3,,,,
ABS:ERP_COMP_Q(1.0.0),10,6,Q,2020-Q1,556,,,,
ABS:ERP_COMP_Q(1.0.0),10,6,Q,2020-Q2,557.6,,,,
ABS:ERP_COMP_Q(1.0.0),10,6,Q,2020-Q3,559.4,,,,
ABS:ERP_COMP_Q(1.0.0),10,6,Q,2020-Q4,561.9,,,,
ABS:ERP_COMP_Q(1.0.0),10,6,Q,2021-Q1,564.8,,,,
ABS:ERP_COMP_Q(1.0.0),10,6,Q,2021-Q2,567.2,,,,
ABS:ERP_COMP_Q(1.0.0),10,6,Q,2021-Q3,567.8,,,,
ABS:ERP_COMP_Q(1.0.0),10,6,Q,2021-Q4,569.6,,,,
ABS:ERP_COMP_Q(1.0.0),10,6,Q,2022-Q1,571.4,,,,
ABS:ERP_COMP_Q(1.0.0),10,6,Q,2022-Q2,572.3,,,,
ABS:ERP_COMP_Q(1.0.0),10,6,Q,2022-Q3,572.8,,,,
ABS:ERP_COMP_Q(1.0.0),10,6,Q,2022-Q4,573.3,,,,
ABS:ERP_COMP_Q(1.0.0),10,6,Q,2023-Q1,573.8,,,,
ABS:ERP_COMP_Q(1.0.0),10,6,Q,2023-Q2,573.7,,,,
ABS:ERP_COMP_Q(1.0.0),10,6,Q,2023-Q3,573.8,,,,
ABS:ERP_COMP_Q(1.0.0),10,6,Q,2023-Q4,574.2,,,,
ABS:ERP_COMP_Q(1.0.0),10,6,Q,2024-Q1,575,,,,
ABS:ERP_COMP_Q(1.0.0),10,6,Q,2024-Q2,574.8,,,,
ABS:ERP_COMP_Q(1.0.0),10,6,Q,2024-Q3,575.3,,,,
ABS:ERP_COMP_Q(1.0.0),10,6,Q,2024-Q4,576.2,,,,
ABS:ERP_COMP_Q(1.0.0),10,6,Q,2025-Q1,577.2,,,,
ABS:ERP_COMP_Q(1.0.0),10,6,Q,2025-Q2,577.8,,,,
ABS:ERP_COMP_Q(1.0.0),10,6,Q,2025-Q3,578.3,,,,
ABS:ERP_COMP_Q(1.0.0),10,6,Q,2025-Q4,579.1,,,,
ABS:ERP_COMP_Q(1.0.0),4,3,Q,1981-Q2,21.9,,,,
ABS:ERP_COMP_Q(1.0.0),4,3,Q,1981-Q3,22.7,,,,
ABS:ERP_COMP_Q(1.0.0),4,3,Q,1981-Q4,20.5,,,,
ABS:ERP_COMP_Q(1.0.0),4,3,Q,1982-Q1,19.4,,,,
ABS:ERP_COMP_Q(1.0.0),4,3,Q,1982-Q2,21.7,,,,
ABS:ERP_COMP_Q(1.0.0),4,3,Q,1982-Q3,19.8,,,,
ABS:ERP_COMP_Q(1.0.0),4,3,Q,1982-Q4,16.6,,,,
ABS:ERP_COMP_Q(1.0.0),4,3,Q,1983-Q1,14.6,,,,
ABS:ERP_COMP_Q(1.0.0),4,3,Q,1983-Q2,17.8,,,,
ABS:ERP_COMP_Q(1.0.0),4,3,Q,1983-Q3,15.5,,,,
ABS:ERP_COMP_Q(1.0.0),4,3,Q,1983-Q4,13.1,,,,
ABS:ERP_COMP_Q(1.0.0),4,3,Q,1984-Q1,14.8,,,,
ABS:ERP_COMP_Q(1.0.0),4,3,Q,1984-Q2,15.4,,,,
ABS:ERP_COMP_Q(1.0.0),4,3,Q,1984-Q3,16,,,,
ABS:ERP_COMP_Q(1.0.0),4,3,Q,1984-Q4,15.2,,,,
ABS:ERP_COMP_Q(1.0.0),4,3,Q,1985-Q1,16.7,,,,
ABS:ERP_COMP_Q(1.0.0),4,3,Q,1985-Q2,17.6,,,,
ABS:ERP_COMP_Q(1.0.0),4,3,Q,1985-Q3,17.9,,,,
ABS:ERP_COMP_Q(1.0.0),4,3,Q,1985-Q4,16.8,,,,
ABS:ERP_COMP_Q(1.0.0),4,3,Q,1986-Q1,18.3,,,,
ABS:ERP_COMP_Q(1.0.0),4,3,Q,1986-Q2,19.1,,,,
ABS:ERP_COMP_Q(1.0.0),4,3,Q,1986-Q3,18.2,,,,
ABS:ERP_COMP_Q(1.0.0),4,3,Q,1986-Q4,17.1,,,,
ABS:ERP_COMP_Q(1.0.0),4,3,Q,1987-Q1,24.2,,,,
ABS:ERP_COMP_Q(1.0.0),4,3,Q,1987-Q2,18.9,,,,
ABS:ERP_COMP_Q(1.0.0),4,3,Q,1987-Q3,20.2,,,,
ABS:ERP_COMP_Q(1.0.0),4,3,Q,1987-Q4,21.2,,,,
ABS:ERP_COMP_Q(1.0.0),4,3,Q,1988-Q1,27.8,,,,
ABS:ERP_COMP_Q(1.0.0),4,3,Q,1988-Q2,22.7,,,,
ABS:ERP_COMP_Q(1.0.0),4,3,Q,1988-Q3,24.3,,,,
ABS:ERP_COMP_Q(1.0.0),4,3,Q,1988-Q4,23.9,,,,
ABS:ERP_COMP_Q(1.0.0),4,3,Q,1989-Q1,34.6,,,,
ABS:ERP_COMP_Q(1.0.0),4,3,Q,1989-Q2,29.8,,,,
ABS:ERP_COMP_Q(1.0.0),4,3,Q,1989-Q3,27,,,,
ABS:ERP_COMP_Q(1.0.0),4,3,Q,1989-Q4,22.8,,,,
ABS:ERP_COMP_Q(1.0.0),4,3,Q,1990-Q1,31.7,,,,
ABS:ERP_COMP_Q(1.0.0),4,3,Q,1990-Q2,23.4,,,,
ABS:ERP_COMP_Q(1.0.0),4,3,Q,1990-Q3,22.5,,,,
ABS:ERP_COMP_Q(1.0.0),4,3,Q,1990-Q4,22.6,,,,
ABS:ERP_COMP_Q(1.0.0),4,3,Q,1991-Q1,28.9,,,,
ABS:ERP_COMP_Q(1.0.0),4,3,Q,1991-Q2,22.4,,,,
ABS:ERP_COMP_Q(1.0.0),4,3,Q,1991-Q3,21.7,,,,
ABS:ERP_COMP_Q(1.0.0),4,3,Q,1991-Q4,22.8,,,,
ABS:ERP_COMP_Q(1.0.0),4,3,Q,1992-Q1,31.5,,,,
ABS:ERP_COMP_Q(1.0.0),4,3,Q,1992-Q2,22.5,,,,
ABS:ERP_COMP_Q(1.0.0),4,3,Q,1992-Q3,29.5,,,,
ABS:ERP_COMP_Q(1.0.0),4,3,Q,1992-Q4,28.2,,,,
ABS:ERP_COMP_Q(1.0.0),4,3,Q,1993-Q1,36.5,,,,
ABS:ERP_COMP_Q(1.0.0),4,3,Q,1993-Q2,24.7,,,,
ABS:ERP_COMP_Q(1.0.0),4,3,Q,1993-Q3,26.3,,,,
ABS:ERP_COMP_Q(1.0.0),4,3,Q,1993-Q4,23,,,,
ABS:ERP_COMP_Q(1.0.0),4,3,Q,1994-Q1,32,,,,
ABS:ERP_COMP_Q(1.0.0),4,3,Q,1994-Q2,25.8,,,,
ABS:ERP_COMP_Q(1.0.0),4,3,Q,1994-Q3,25.7,,,,
ABS:ERP_COMP_Q(1.0.0),4,3,Q,1994-Q4,24.2,,,,
ABS:ERP_COMP_Q(1.0.0),4,3,Q,1995-Q1,32.5,,,,
ABS:ERP_COMP_Q(1.0.0),4,3,Q,1995-Q2,29.9,,,,
ABS:ERP_COMP_Q(1.0.0),4,3,Q,1995-Q3,24.1,,,,
ABS:ERP_COMP_Q(1.0.0),4,3,Q,1995-Q4,25.1,,,,
ABS:ERP_COMP_Q(1.0.0),4,3,Q,1996-Q1,32.2,,,,
ABS:ERP_COMP_Q(1.0.0),4,3,Q,1996-Q2,24.4,,,,
ABS:ERP_COMP_Q(1.0.0),4,3,Q,1996-Q3,25.2,,,,
ABS:ERP_COMP_Q(1.0.0),4,3,Q,1996-Q4,27.5,,,,
ABS:ERP_COMP_Q(1.0.0),4,3,Q,1997-Q1,23.9,,,,
ABS:ERP_COMP_Q(1.0.0),4,3,Q,1997-Q2,23.6,,,,
ABS:ERP_COMP_Q(1.0.0),4,3,Q,1997-Q3,22.7,,,,
ABS:ERP_COMP_Q(1.0.0),4,3,Q,1997-Q4,27.1,,,,
ABS:ERP_COMP_Q(1.0.0),4,3,Q,1998-Q1,22.4,,,,
ABS:ERP_COMP_Q(1.0.0),4,3,Q,1998-Q2,23.4,,,,
ABS:ERP_COMP_Q(1.0.0),4,3,Q,1998-Q3,21,,,,
ABS:ERP_COMP_Q(1.0.0),4,3,Q,1998-Q4,26.7,,,,
ABS:ERP_COMP_Q(1.0.0),4,3,Q,1999-Q1,22.5,,,,
ABS:ERP_COMP_Q(1.0.0),4,3,Q,1999-Q2,23.6,,,,
ABS:ERP_COMP_Q(1.0.0),4,3,Q,1999-Q3,21.3,,,,
ABS:ERP_COMP_Q(1.0.0),4,3,Q,1999-Q4,26.8,,,,
ABS:ERP_COMP_Q(1.0.0),4,3,Q,2000-Q1,24.3,,,,
ABS:ERP_COMP_Q(1.0.0),4,3,Q,2000-Q2,24.1,,,,
ABS:ERP_COMP_Q(1.0.0),4,3,Q,2000-Q3,22.6,,,,
ABS:ERP_COMP_Q(1.0.0),4,3,Q,2000-Q4,29.4,,,,
ABS:ERP_COMP_Q(1.0.0),4,3,Q,2001-Q1,24.2,,,,
ABS:ERP_COMP_Q(1.0.0),4,3,Q,2001-Q2,25,,,,
ABS:ERP_COMP_Q(1.0.0),4,3,Q,2001-Q3,23.7,,,,
ABS:ERP_COMP_Q(1.0.0),4,3,Q,2001-Q4,29.1,,,,
ABS:ERP_COMP_Q(1.0.0),4,3,Q,2002-Q1,27.5,,,,
ABS:ERP_COMP_Q(1.0.0),4,3,Q,2002-Q2,29.4,,,,
ABS:ERP_COMP_Q(1.0.0),4,3,Q,2002-Q3,28,,,,
ABS:ERP_COMP_Q(1.0.0),4,3,Q,2002-Q4,34,,,,
ABS:ERP_COMP_Q(1.0.0),4,3,Q,2003-Q1,28.2,,,,
ABS:ERP_COMP_Q(1.0.0),4,3,Q,2003-Q2,29.4,,,,
ABS:ERP_COMP_Q(1.0.0),4,3,Q,2003-Q3,27.3,,,,
ABS:ERP_COMP_Q(1.0.0),4,3,Q,2003-Q4,31.9,,,,
ABS:ERP_COMP_Q(1.0.0),4,3,Q,2004-Q1,28.2,,,,
ABS:ERP_COMP_Q(1.0.0),4,3,Q,2004-Q2,27.5,,,,
ABS:ERP_COMP_Q(1.0.0),4,3,Q,2004-Q3,24.5,,,,
ABS:ERP_COMP_Q(1.0.0),4,3,Q,2004-Q4,29.4,,,,
ABS:ERP_COMP_Q(1.0.0),4,3,Q,2005-Q1,26,,,,
ABS:ERP_COMP_Q(1.0.0),4,3,Q,2005-Q2,25.1,,,,
ABS:ERP_COMP_Q(1.0.0),4,3,Q,2005-Q3,22.6,,,,
ABS:ERP_COMP_Q(1.0.0),4,3,Q,2005-Q4,28.7,,,,
ABS:ERP_COMP_Q(1.0.0),4,3,Q,2006-Q1,23.7,,,,
ABS:ERP_COMP_Q(1.0.0),4,3,Q,2006-Q2,23.8,,,,
ABS:ERP_COMP_Q(1.0.0),4,3,Q,2006-Q3,21.8,,,,
ABS:ERP_COMP_Q(1.0.0),4,3,Q,2006-Q4,28.2,,,,
ABS:ERP_COMP_Q(1.0.0),4,3,Q,2007-Q1,25,,,,
ABS:ERP_COMP_Q(1.0.0),4,3,Q,2007-Q2,25.5,,,,
ABS:ERP_COMP_Q(1.0.0),4,3,Q,2007-Q3,22.8,,,,
ABS:ERP_COMP_Q(1.0.0),4,3,Q,2007-Q4,27.4,,,,
ABS:ERP_COMP_Q(1.0.0),4,3,Q,2008-Q1,24.8,,,,
ABS:ERP_COMP_Q(1.0.0),4,3,Q,2008-Q2,23.7,,,,
ABS:ERP_COMP_Q(1.0.0),4,3,Q,2008-Q3,22.2,,,,
ABS:ERP_COMP_Q(1.0.0),4,3,Q,2008-Q4,27.8,,,,
ABS:ERP_COMP_Q(1.0.0),4,3,Q,2009-Q1,23.3,,,,
ABS:ERP_COMP_Q(1.0.0),4,3,Q,2009-Q2,23.1,,,,
ABS:ERP_COMP_Q(1.0.0),4,3,Q,2009-Q3,19.9,,,,
ABS:ERP_COMP_Q(1.0.0),4,3,Q,2009-Q4,23.6,,,,
ABS:ERP_COMP_Q(1.0.0),4,3,Q,2010-Q1,20.4,,,,
ABS:ERP_COMP_Q(1.0.0),4,3,Q,2010-Q2,20.8,,,,
ABS:ERP_COMP_Q(1.0.0),4,3,Q,2010-Q3,19.3,,,,
ABS:ERP_COMP_Q(1.0.0),4,3,Q,2010-Q4,23.8,,,,
ABS:ERP_COMP_Q(1.0.0),4,3,Q,2011-Q1,21.1,,,,
ABS:ERP_COMP_Q(1.0.0),4,3,Q,2011-Q2,21.1,,,,
ABS:ERP_COMP_Q(1.0.0),4,3,Q,2011-Q3,20.7,,,,
ABS:ERP_COMP_Q(1.0.0),4,3,Q,2011-Q4,26.4,,,,
ABS:ERP_COMP_Q(1.0.0),4,3,Q,2012-Q1,23.1,,,,
ABS:ERP_COMP_Q(1.0.0),4,3,Q,2012-Q2,21.8,,,,
ABS:ERP_COMP_Q(1.0.0),4,3,Q,2012-Q3,20,,,,
ABS:ERP_COMP_Q(1.0.0),4,3,Q,2012-Q4,22.2,,,,
ABS:ERP_COMP_Q(1.0.0),4,3,Q,2013-Q1,22.8,,,,
ABS:ERP_COMP_Q(1.0.0),4,3,Q,2013-Q2,22.7,,,,
ABS:ERP_COMP_Q(1.0.0),4,3,Q,2013-Q3,19.9,,,,
ABS:ERP_COMP_Q(1.0.0),4,3,Q,2013-Q4,25.4,,,,
ABS:ERP_COMP_Q(1.0.0),4,3,Q,2014-Q1,22.9,,,,
ABS:ERP_COMP_Q(1.0.0),4,3,Q,2014-Q2,21.2,,,,
ABS:ERP_COMP_Q(1.0.0),4,3,Q,2014-Q3,18,,,,
ABS:ERP_COMP_Q(1.0.0),4,3,Q,2014-Q4,23.4,,,,
ABS:ERP_COMP_Q(1.0.0),4,3,Q,2015-Q1,21.6,,,,
ABS:ERP_COMP_Q(1.0.0),4,3,Q,2015-Q2,22.6,,,,
ABS:ERP_COMP_Q(1.0.0),4,3,Q,2015-Q3,19.6,,,,
ABS:ERP_COMP_Q(1.0.0),4,3,Q,2015-Q4,25.1,,,,
ABS:ERP_COMP_Q(1.0.0),4,3,Q,2016-Q1,23.9,,,,
ABS:ERP_COMP_Q(1.0.0),4,3,Q,2016-Q2,25.4,,,,
ABS:ERP_COMP_Q(1.0.0),4,3,Q,2016-Q3,23.9,,,,
ABS:ERP_COMP_Q(1.0.0),4,3,Q,2016-Q4,32.2,,,,
ABS:ERP_COMP_Q(1.0.0),4,3,Q,2017-Q1,28.5,,,,
ABS:ERP_COMP_Q(1.0.0),4,3,Q,2017-Q2,29.1,,,,
ABS:ERP_COMP_Q(1.0.0),4,3,Q,2017-Q3,26.8,,,,
ABS:ERP_COMP_Q(1.0.0),4,3,Q,2017-Q4,35.1,,,,
ABS:ERP_COMP_Q(1.0.0),4,3,Q,2018-Q1,30.2,,,,
ABS:ERP_COMP_Q(1.0.0),4,3,Q,2018-Q2,30.6,,,,
ABS:ERP_COMP_Q(1.0.0),4,3,Q,2018-Q3,26.9,,,,
ABS:ERP_COMP_Q(1.0.0),4,3,Q,2018-Q4,36.5,,,,
ABS:ERP_COMP_Q(1.0.0),4,3,Q,2019-Q1,31.6,,,,
ABS:ERP_COMP_Q(1.0.0),4,3,Q,2019-Q2,32,,,,
ABS:ERP_COMP_Q(1.0.0),4,3,Q,2019-Q3,28.4,,,,
ABS:ERP_COMP_Q(1.0.0),4,3,Q,2019-Q4,35.7,,,,
ABS:ERP_COMP_Q(1.0.0),4,3,Q,2020-Q1,25.4,,,,
ABS:ERP_COMP_Q(1.0.0),4,3,Q,2020-Q2,25.1,,,,
ABS:ERP_COMP_Q(1.0.0),4,3,Q,2020-Q3,20.2,,,,
ABS:ERP_COMP_Q(1.0.0),4,3,Q,2020-Q4,27.4,,,,
ABS:ERP_COMP_Q(1.0.0),4,3,Q,2021-Q1,25.7,,,,
ABS:ERP_COMP_Q(1.0.0),4,3,Q,2021-Q2,33.2,,,,
ABS:ERP_COMP_Q(1.0.0),4,3,Q,2021-Q3,29.3,,,,
ABS:ERP_COMP_Q(1.0.0),4,3,Q,2021-Q4,33.7,,,,
ABS:ERP_COMP_Q(1.0.0),4,3,Q,2022-Q1,31.2,,,,
ABS:ERP_COMP_Q(1.0.0),4,3,Q,2022-Q2,27.5,,,,
ABS:ERP_COMP_Q(1.0.0),4,3,Q,2022-Q3,22.8,,,,
ABS:ERP_COMP_Q(1.0.0),4,3,Q,2022-Q4,33.1,,,,
ABS:ERP_COMP_Q(1.0.0),4,3,Q,2023-Q1,27.2,,,,
ABS:ERP_COMP_Q(1.0.0),4,3,Q,2023-Q2,27.2,,,,
ABS:ERP_COMP_Q(1.0.0),4,3,Q,2023-Q3,25.2,,,,
ABS:ERP_COMP_Q(1.0.0),4,3,Q,2023-Q4,30.9,,,,
ABS:ERP_COMP_Q(1.0.0),4,3,Q,2024-Q1,27.1,,,,
ABS:ERP_COMP_Q(1.0.0),4,3,Q,2024-Q2,26.9,,,,
ABS:ERP_COMP_Q(1.0.0),4,3,Q,2024-Q3,23.8,,,,
ABS:ERP_COMP_Q(1.0.0),4,3,Q,2024-Q4,30.1,,,,
ABS:ERP_COMP_Q(1.0.0),4,3,Q,2025-Q1,24.9,,,,
ABS:ERP_COMP_Q(1.0.0),4,3,Q,2025-Q2,24.2,,,,
ABS:ERP_COMP_Q(1.0.0),4,3,Q,2025-Q3,21,,,,
ABS:ERP_COMP_Q(1.0.0),4,3,Q,2025-Q4,27.4,,,,
ABS:ERP_COMP_Q(1.0.0),8,3,Q,1981-Q2,2.5,,,,
ABS:ERP_COMP_Q(1.0.0),8,3,Q,1981-Q3,2.8,,,,
ABS:ERP_COMP_Q(1.0.0),8,3,Q,1981-Q4,3.2,,,,
ABS:ERP_COMP_Q(1.0.0),8,3,Q,1982-Q1,3.8,,,,
ABS:ERP_COMP_Q(1.0.0),8,3,Q,1982-Q2,3,,,,
ABS:ERP_COMP_Q(1.0.0),8,3,Q,1982-Q3,3.1,,,,
ABS:ERP_COMP_Q(1.0.0),8,3,Q,1982-Q4,4.1,,,,
ABS:ERP_COMP_Q(1.0.0),8,3,Q,1983-Q1,4.4,,,,
ABS:ERP_COMP_Q(1.0.0),8,3,Q,1983-Q2,3.5,,,,
ABS:ERP_COMP_Q(1.0.0),8,3,Q,1983-Q3,3.7,,,,
ABS:ERP_COMP_Q(1.0.0),8,3,Q,1983-Q4,3.8,,,,
ABS:ERP_COMP_Q(1.0.0),8,3,Q,1984-Q1,4,,,,
ABS:ERP_COMP_Q(1.0.0),8,3,Q,1984-Q2,3.4,,,,
ABS:ERP_COMP_Q(1.0.0),8,3,Q,1984-Q3,2.9,,,,
ABS:ERP_COMP_Q(1.0.0),8,3,Q,1984-Q4,3.6,,,,
ABS:ERP_COMP_Q(1.0.0),8,3,Q,1985-Q1,3.7,,,,
ABS:ERP_COMP_Q(1.0.0),8,3,Q,1985-Q2,2.9,,,,
ABS:ERP_COMP_Q(1.0.0),8,3,Q,1985-Q3,2.9,,,,
ABS:ERP_COMP_Q(1.0.0),8,3,Q,1985-Q4,3.2,,,,
ABS:ERP_COMP_Q(1.0.0),8,3,Q,1986-Q1,3.7,,,,
ABS:ERP_COMP_Q(1.0.0),8,3,Q,1986-Q2,3,,,,
ABS:ERP_COMP_Q(1.0.0),8,3,Q,1986-Q3,2.9,,,,
ABS:ERP_COMP_Q(1.0.0),8,3,Q,1986-Q4,3.4,,,,
ABS:ERP_COMP_Q(1.0.0),8,3,Q,1987-Q1,4.3,,,,
ABS:ERP_COMP_Q(1.0.0),8,3,Q,1987-Q2,3.2,,,,
ABS:ERP_COMP_Q(1.0.0),8,3,Q,1987-Q3,3.3,,,,
ABS:ERP_COMP_Q(1.0.0),8,3,Q,1987-Q4,3.4,,,,
ABS:ERP_COMP_Q(1.0.0),8,3,Q,1988-Q1,3.8,,,,
ABS:ERP_COMP_Q(1.0.0),8,3,Q,1988-Q2,3.4,,,,
ABS:ERP_COMP_Q(1.0.0),8,3,Q,1988-Q3,3.6,,,,
ABS:ERP_COMP_Q(1.0.0),8,3,Q,1988-Q4,4.2,,,,
ABS:ERP_COMP_Q(1.0.0),8,3,Q,1989-Q1,5,,,,
ABS:ERP_COMP_Q(1.0.0),8,3,Q,1989-Q2,3.9,,,,
ABS:ERP_COMP_Q(1.0.0),8,3,Q,1989-Q3,4.5,,,,
ABS:ERP_COMP_Q(1.0.0),8,3,Q,1989-Q4,5,,,,
ABS:ERP_COMP_Q(1.0.0),8,3,Q,1990-Q1,5.7,,,,
ABS:ERP_COMP_Q(1.0.0),8,3,Q,1990-Q2,5,,,,
ABS:ERP_COMP_Q(1.0.0),8,3,Q,1990-Q3,4.9,,,,
ABS:ERP_COMP_Q(1.0.0),8,3,Q,1990-Q4,5.8,,,,
ABS:ERP_COMP_Q(1.0.0),8,3,Q,1991-Q1,6,,,,
ABS:ERP_COMP_Q(1.0.0),8,3,Q,1991-Q2,4.5,,,,
ABS:ERP_COMP_Q(1.0.0),8,3,Q,1991-Q3,4.7,,,,
ABS:ERP_COMP_Q(1.0.0),8,3,Q,1991-Q4,5.7,,,,
ABS:ERP_COMP_Q(1.0.0),8,3,Q,1992-Q1,5.9,,,,
ABS:ERP_COMP_Q(1.0.0),8,3,Q,1992-Q2,4.9,,,,
ABS:ERP_COMP_Q(1.0.0),8,3,Q,1992-Q3,4.8,,,,
ABS:ERP_COMP_Q(1.0.0),8,3,Q,1992-Q4,5.7,,,,
ABS:ERP_COMP_Q(1.0.0),8,3,Q,1993-Q1,5.7,,,,
ABS:ERP_COMP_Q(1.0.0),8,3,Q,1993-Q2,4.7,,,,
ABS:ERP_COMP_Q(1.0.0),8,3,Q,1993-Q3,4.9,,,,
ABS:ERP_COMP_Q(1.0.0),8,3,Q,1993-Q4,5.9,,,,
ABS:ERP_COMP_Q(1.0.0),8,3,Q,1994-Q1,5.9,,,,
ABS:ERP_COMP_Q(1.0.0),8,3,Q,1994-Q2,5.1,,,,
ABS:ERP_COMP_Q(1.0.0),8,3,Q,1994-Q3,5.1,,,,
ABS:ERP_COMP_Q(1.0.0),8,3,Q,1994-Q4,6.3,,,,
ABS:ERP_COMP_Q(1.0.0),8,3,Q,1995-Q1,6.5,,,,
ABS:ERP_COMP_Q(1.0.0),8,3,Q,1995-Q2,5.3,,,,
ABS:ERP_COMP_Q(1.0.0),8,3,Q,1995-Q3,5.7,,,,
ABS:ERP_COMP_Q(1.0.0),8,3,Q,1995-Q4,7,,,,
ABS:ERP_COMP_Q(1.0.0),8,3,Q,1996-Q1,7.1,,,,
ABS:ERP_COMP_Q(1.0.0),8,3,Q,1996-Q2,5.6,,,,
ABS:ERP_COMP_Q(1.0.0),8,3,Q,1996-Q3,6.1,,,,
ABS:ERP_COMP_Q(1.0.0),8,3,Q,1996-Q4,7.4,,,,
ABS:ERP_COMP_Q(1.0.0),8,3,Q,1997-Q1,7.6,,,,
ABS:ERP_COMP_Q(1.0.0),8,3,Q,1997-Q2,6.4,,,,
ABS:ERP_COMP_Q(1.0.0),8,3,Q,1997-Q3,6.8,,,,
ABS:ERP_COMP_Q(1.0.0),8,3,Q,1997-Q4,8.1,,,,
ABS:ERP_COMP_Q(1.0.0),8,3,Q,1998-Q1,8.1,,,,
ABS:ERP_COMP_Q(1.0.0),8,3,Q,1998-Q2,7.6,,,,
ABS:ERP_COMP_Q(1.0.0),8,3,Q,1998-Q3,6.9,,,,
ABS:ERP_COMP_Q(1.0.0),8,3,Q,1998-Q4,6.6,,,,
ABS:ERP_COMP_Q(1.0.0),8,3,Q,1999-Q1,8.4,,,,
ABS:ERP_COMP_Q(1.0.0),8,3,Q,1999-Q2,6.3,,,,
ABS:ERP_COMP_Q(1.0.0),8,3,Q,1999-Q3,8,,,,
ABS:ERP_COMP_Q(1.0.0),8,3,Q,1999-Q4,7.2,,,,
ABS:ERP_COMP_Q(1.0.0),8,3,Q,2000-Q1,8.7,,,,
ABS:ERP_COMP_Q(1.0.0),8,3,Q,2000-Q2,7.4,,,,
ABS:ERP_COMP_Q(1.0.0),8,3,Q,2000-Q3,7.9,,,,
ABS:ERP_COMP_Q(1.0.0),8,3,Q,2000-Q4,8.5,,,,
ABS:ERP_COMP_Q(1.0.0),8,3,Q,2001-Q1,9.9,,,,
ABS:ERP_COMP_Q(1.0.0),8,3,Q,2001-Q2,7.9,,,,
ABS:ERP_COMP_Q(1.0.0),8,3,Q,2001-Q3,8.8,,,,
ABS:ERP_COMP_Q(1.0.0),8,3,Q,2001-Q4,8.6,,,,
ABS:ERP_COMP_Q(1.0.0),8,3,Q,2002-Q1,10.1,,,,
ABS:ERP_COMP_Q(1.0.0),8,3,Q,2002-Q2,8.3,,,,
ABS:ERP_COMP_Q(1.0.0),8,3,Q,2002-Q3,9,,,,
ABS:ERP_COMP_Q(1.0.0),8,3,Q,2002-Q4,9.4,,,,
ABS:ERP_COMP_Q(1.0.0),8,3,Q,2003-Q1,9.9,,,,
ABS:ERP_COMP_Q(1.0.0),8,3,Q,2003-Q2,8.4,,,,
ABS:ERP_COMP_Q(1.0.0),8,3,Q,2003-Q3,9.1,,,,
ABS:ERP_COMP_Q(1.0.0),8,3,Q,2003-Q4,10.1,,,,
ABS:ERP_COMP_Q(1.0.0),8,3,Q,2004-Q1,11.1,,,,
ABS:ERP_COMP_Q(1.0.0),8,3,Q,2004-Q2,9.6,,,,
ABS:ERP_COMP_Q(1.0.0),8,3,Q,2004-Q3,10.1,,,,
ABS:ERP_COMP_Q(1.0.0),8,3,Q,2004-Q4,11.3,,,,
ABS:ERP_COMP_Q(1.0.0),8,3,Q,2005-Q1,11.7,,,,
ABS:ERP_COMP_Q(1.0.0),8,3,Q,2005-Q2,10,,,,
ABS:ERP_COMP_Q(1.0.0),8,3,Q,2005-Q3,10.4,,,,
ABS:ERP_COMP_Q(1.0.0),8,3,Q,2005-Q4,11.6,,,,
ABS:ERP_COMP_Q(1.0.0),8,3,Q,2006-Q1,12.3,,,,
ABS:ERP_COMP_Q(1.0.0),8,3,Q,2006-Q2,10.9,,,,
ABS:ERP_COMP_Q(1.0.0),8,3,Q,2006-Q3,10.2,,,,
ABS:ERP_COMP_Q(1.0.0),8,3,Q,2006-Q4,11.1,,,,
ABS:ERP_COMP_Q(1.0.0),8,3,Q,2007-Q1,9.4,,,,
ABS:ERP_COMP_Q(1.0.0),8,3,Q,2007-Q2,9.7,,,,
ABS:ERP_COMP_Q(1.0.0),8,3,Q,2007-Q3,12.2,,,,
ABS:ERP_COMP_Q(1.0.0),8,3,Q,2007-Q4,13,,,,
ABS:ERP_COMP_Q(1.0.0),8,3,Q,2008-Q1,10.4,,,,
ABS:ERP_COMP_Q(1.0.0),8,3,Q,2008-Q2,10.2,,,,
ABS:ERP_COMP_Q(1.0.0),8,3,Q,2008-Q3,11,,,,
ABS:ERP_COMP_Q(1.0.0),8,3,Q,2008-Q4,12.4,,,,
ABS:ERP_COMP_Q(1.0.0),8,3,Q,2009-Q1,10.2,,,,
ABS:ERP_COMP_Q(1.0.0),8,3,Q,2009-Q2,10.1,,,,
ABS:ERP_COMP_Q(1.0.0),8,3,Q,2009-Q3,12.2,,,,
ABS:ERP_COMP_Q(1.0.0),8,3,Q,2009-Q4,14.4,,,,
ABS:ERP_COMP_Q(1.0.0),8,3,Q,2010-Q1,11.6,,,,
ABS:ERP_COMP_Q(1.0.0),8,3,Q,2010-Q2,11,,,,
ABS:ERP_COMP_Q(1.0.0),8,3,Q,2010-Q3,13.5,,,,
ABS:ERP_COMP_Q(1.0.0),8,3,Q,2010-Q4,14.6,,,,
ABS:ERP_COMP_Q(1.0.0),8,3,Q,2011-Q1,11.4,,,,
ABS:ERP_COMP_Q(1.0.0),8,3,Q,2011-Q2,10.1,,,,
ABS:ERP_COMP_Q(1.0.0),8,3,Q,2011-Q3,12.7,,,,
ABS:ERP_COMP_Q(1.0.0),8,3,Q,2011-Q4,13.9,,,,
ABS:ERP_COMP_Q(1.0.0),8,3,Q,2012-Q1,10.6,,,,
ABS:ERP_COMP_Q(1.0.0),8,3,Q,2012-Q2,9.6,,,,
ABS:ERP_COMP_Q(1.0.0),8,3,Q,2012-Q3,12.4,,,,
ABS:ERP_COMP_Q(1.0.0),8,3,Q,2012-Q4,15.1,,,,
ABS:ERP_COMP_Q(1.0.0),8,3,Q,2013-Q1,12.1,,,,
ABS:ERP_COMP_Q(1.0.0),8,3,Q,2013-Q2,11.4,,,,
ABS:ERP_COMP_Q(1.0.0),8,3,Q,2013-Q3,15.4,,,,
ABS:ERP_COMP_Q(1.0.0),8,3,Q,2013-Q4,16.3,,,,
ABS:ERP_COMP_Q(1.0.0),8,3,Q,2014-Q1,12.7,,,,
ABS:ERP_COMP_Q(1.0.0),8,3,Q,2014-Q2,12.2,,,,
ABS:ERP_COMP_Q(1.0.0),8,3,Q,2014-Q3,14.8,,,,
ABS:ERP_COMP_Q(1.0.0),8,3,Q,2014-Q4,17.2,,,,
ABS:ERP_COMP_Q(1.0.0),8,3,Q,2015-Q1,13,,,,
ABS:ERP_COMP_Q(1.0.0),8,3,Q,2015-Q2,13.6,,,,
ABS:ERP_COMP_Q(1.0.0),8,3,Q,2015-Q3,16.6,,,,
ABS:ERP_COMP_Q(1.0.0),8,3,Q,2015-Q4,17.2,,,,
ABS:ERP_COMP_Q(1.0.0),8,3,Q,2016-Q1,12.6,,,,
ABS:ERP_COMP_Q(1.0.0),8,3,Q,2016-Q2,11.7,,,,
ABS:ERP_COMP_Q(1.0.0),8,3,Q,2016-Q3,13.8,,,,
ABS:ERP_COMP_Q(1.0.0),8,3,Q,2016-Q4,15.5,,,,
ABS:ERP_COMP_Q(1.0.0),8,3,Q,2017-Q1,12.6,,,,
ABS:ERP_COMP_Q(1.0.0),8,3,Q,2017-Q2,11.8,,,,
ABS:ERP_COMP_Q(1.0.0),8,3,Q,2017-Q3,16.2,,,,
ABS:ERP_COMP_Q(1.0.0),8,3,Q,2017-Q4,18.2,,,,
ABS:ERP_COMP_Q(1.0.0),8,3,Q,2018-Q1,11.9,,,,
ABS:ERP_COMP_Q(1.0.0),8,3,Q,2018-Q2,11.4,,,,
ABS:ERP_COMP_Q(1.0.0),8,3,Q,2018-Q3,14.3,,,,
ABS:ERP_COMP_Q(1.0.0),8,3,Q,2018-Q4,16.2,,,,
ABS:ERP_COMP_Q(1.0.0),8,3,Q,2019-Q1,13.3,,,,
ABS:ERP_COMP_Q(1.0.0),8,3,Q,2019-Q2,16.1,,,,
ABS:ERP_COMP_Q(1.0.0),8,3,Q,2019-Q3,17.7,,,,
ABS:ERP_COMP_Q(1.0.0),8,3,Q,2019-Q4,21,,,,
ABS:ERP_COMP_Q(1.0.0),8,3,Q,2020-Q1,14.8,,,,
ABS:ERP_COMP_Q(1.0.0),8,3,Q,2020-Q2,4,,,,
ABS:ERP_COMP_Q(1.0.0),8,3,Q,2020-Q3,9.5,,,,
ABS:ERP_COMP_Q(1.0.0),8,3,Q,2020-Q4,10.5,,,,
ABS:ERP_COMP_Q(1.0.0),8,3,Q,2021-Q1,8.5,,,,
ABS:ERP_COMP_Q(1.0.0),8,3,Q,2021-Q2,7.8,,,,
ABS:ERP_COMP_Q(1.0.0),8,3,Q,2021-Q3,7.5,,,,
ABS:ERP_COMP_Q(1.0.0),8,3,Q,2021-Q4,8.5,,,,
ABS:ERP_COMP_Q(1.0.0),8,3,Q,2022-Q1,8.6,,,,
ABS:ERP_COMP_Q(1.0.0),8,3,Q,2022-Q2,9.6,,,,
ABS:ERP_COMP_Q(1.0.0),8,3,Q,2022-Q3,10,,,,
ABS:ERP_COMP_Q(1.0.0),8,3,Q,2022-Q4,10.5,,,,
ABS:ERP_COMP_Q(1.0.0),8,3,Q,2023-Q1,8.7,,,,
ABS:ERP_COMP_Q(1.0.0),8,3,Q,2023-Q2,8.3,,,,
ABS:ERP_COMP_Q(1.0.0),8,3,Q,2023-Q3,9.8,,,,
ABS:ERP_COMP_Q(1.0.0),8,3,Q,2023-Q4,11.7,,,,
ABS:ERP_COMP_Q(1.0.0),8,3,Q,2024-Q1,10.9,,,,
ABS:ERP_COMP_Q(1.0.0),8,3,Q,2024-Q2,12.3,,,,
ABS:ERP_COMP_Q(1.0.0),8,3,Q,2024-Q3,13.6,,,,
ABS:ERP_COMP_Q(1.0.0),8,3,Q,2024-Q4,14.1,,,,
ABS:ERP_COMP_Q(1.0.0),8,3,Q,2025-Q1,12.5,,,,
ABS:ERP_COMP_Q(1.0.0),8,3,Q,2025-Q2,11.3,,,,
ABS:ERP_COMP_Q(1.0.0),8,3,Q,2025-Q3,13,,,,
ABS:ERP_COMP_Q(1.0.0),8,3,Q,2025-Q4,14.2,,,,
ABS:ERP_COMP_Q(1.0.0),1,4,Q,1981-Q2,5,,,,
ABS:ERP_COMP_Q(1.0.0),1,4,Q,1981-Q3,4.8,,,,
ABS:ERP_COMP_Q(1.0.0),1,4,Q,1981-Q4,4.8,,,,
ABS:ERP_COMP_Q(1.0.0),1,4,Q,1982-Q1,4.6,,,,
ABS:ERP_COMP_Q(1.0.0),1,4,Q,1982-Q2,4.8,,,,
ABS:ERP_COMP_Q(1.0.0),1,4,Q,1982-Q3,4.9,,,,
ABS:ERP_COMP_Q(1.0.0),1,4,Q,1982-Q4,4.8,,,,
ABS:ERP_COMP_Q(1.0.0),1,4,Q,1983-Q1,4.8,,,,
ABS:ERP_COMP_Q(1.0.0),1,4,Q,1983-Q2,4.9,,,,
ABS:ERP_COMP_Q(1.0.0),1,4,Q,1983-Q3,5,,,,
ABS:ERP_COMP_Q(1.0.0),1,4,Q,1983-Q4,5.1,,,,
ABS:ERP_COMP_Q(1.0.0),1,4,Q,1984-Q1,5,,,,
ABS:ERP_COMP_Q(1.0.0),1,4,Q,1984-Q2,5,,,,
ABS:ERP_COMP_Q(1.0.0),1,4,Q,1984-Q3,5.1,,,,
ABS:ERP_COMP_Q(1.0.0),1,4,Q,1984-Q4,5,,,,
ABS:ERP_COMP_Q(1.0.0),1,4,Q,1985-Q1,4.8,,,,
ABS:ERP_COMP_Q(1.0.0),1,4,Q,1985-Q2,5.1,,,,
ABS:ERP_COMP_Q(1.0.0),1,4,Q,1985-Q3,4.8,,,,
ABS:ERP_COMP_Q(1.0.0),1,4,Q,1985-Q4,5.2,,,,
ABS:ERP_COMP_Q(1.0.0),1,4,Q,1986-Q1,4.6,,,,
ABS:ERP_COMP_Q(1.0.0),1,4,Q,1986-Q2,5.1,,,,
ABS:ERP_COMP_Q(1.0.0),1,4,Q,1986-Q3,5,,,,
ABS:ERP_COMP_Q(1.0.0),1,4,Q,1986-Q4,5,,,,
ABS:ERP_COMP_Q(1.0.0),1,4,Q,1987-Q1,5,,,,
ABS:ERP_COMP_Q(1.0.0),1,4,Q,1987-Q2,4.6,,,,
ABS:ERP_COMP_Q(1.0.0),1,4,Q,1987-Q3,5,,,,
ABS:ERP_COMP_Q(1.0.0),1,4,Q,1987-Q4,4.7,,,,
ABS:ERP_COMP_Q(1.0.0),1,4,Q,1988-Q1,4.8,,,,
ABS:ERP_COMP_Q(1.0.0),1,4,Q,1988-Q2,4.9,,,,
ABS:ERP_COMP_Q(1.0.0),1,4,Q,1988-Q3,4.8,,,,
ABS:ERP_COMP_Q(1.0.0),1,4,Q,1988-Q4,4.7,,,,
ABS:ERP_COMP_Q(1.0.0),1,4,Q,1989-Q1,5,,,,
ABS:ERP_COMP_Q(1.0.0),1,4,Q,1989-Q2,4.9,,,,
ABS:ERP_COMP_Q(1.0.0),1,4,Q,1989-Q3,4.9,,,,
ABS:ERP_COMP_Q(1.0.0),1,4,Q,1989-Q4,4.8,,,,
ABS:ERP_COMP_Q(1.0.0),1,4,Q,1990-Q1,5,,,,
ABS:ERP_COMP_Q(1.0.0),1,4,Q,1990-Q2,4.9,,,,
ABS:ERP_COMP_Q(1.0.0),1,4,Q,1990-Q3,5,,,,
ABS:ERP_COMP_Q(1.0.0),1,4,Q,1990-Q4,4.9,,,,
ABS:ERP_COMP_Q(1.0.0),1,4,Q,1991-Q1,5,,,,
ABS:ERP_COMP_Q(1.0.0),1,4,Q,1991-Q2,4.9,,,,
ABS:ERP_COMP_Q(1.0.0),1,4,Q,1991-Q3,4.9,,,,
ABS:ERP_COMP_Q(1.0.0),1,4,Q,1991-Q4,4.8,,,,
ABS:ERP_COMP_Q(1.0.0),1,4,Q,1992-Q1,5,,,,
ABS:ERP_COMP_Q(1.0.0),1,4,Q,1992-Q2,4.9,,,,
ABS:ERP_COMP_Q(1.0.0),1,4,Q,1992-Q3,5,,,,
ABS:ERP_COMP_Q(1.0.0),1,4,Q,1992-Q4,4.8,,,,
ABS:ERP_COMP_Q(1.0.0),1,4,Q,1993-Q1,4.9,,,,
ABS:ERP_COMP_Q(1.0.0),1,4,Q,1993-Q2,5,,,,
ABS:ERP_COMP_Q(1.0.0),1,4,Q,1993-Q3,5,,,,
ABS:ERP_COMP_Q(1.0.0),1,4,Q,1993-Q4,4.6,,,,
ABS:ERP_COMP_Q(1.0.0),1,4,Q,1994-Q1,4.9,,,,
ABS:ERP_COMP_Q(1.0.0),1,4,Q,1994-Q2,4.8,,,,
ABS:ERP_COMP_Q(1.0.0),1,4,Q,1994-Q3,4.9,,,,
ABS:ERP_COMP_Q(1.0.0),1,4,Q,1994-Q4,4.8,,,,
ABS:ERP_COMP_Q(1.0.0),1,4,Q,1995-Q1,4.9,,,,
ABS:ERP_COMP_Q(1.0.0),1,4,Q,1995-Q2,4.9,,,,
ABS:ERP_COMP_Q(1.0.0),1,4,Q,1995-Q3,4.9,,,,
ABS:ERP_COMP_Q(1.0.0),1,4,Q,1995-Q4,4.5,,,,
ABS:ERP_COMP_Q(1.0.0),1,4,Q,1996-Q1,4.7,,,,
ABS:ERP_COMP_Q(1.0.0),1,4,Q,1996-Q2,4.7,,,,
ABS:ERP_COMP_Q(1.0.0),1,4,Q,1996-Q3,4.8,,,,
ABS:ERP_COMP_Q(1.0.0),1,4,Q,1996-Q4,4.6,,,,
ABS:ERP_COMP_Q(1.0.0),1,4,Q,1997-Q1,4.6,,,,
ABS:ERP_COMP_Q(1.0.0),1,4,Q,1997-Q2,4.6,,,,
ABS:ERP_COMP_Q(1.0.0),1,4,Q,1997-Q3,4.7,,,,
ABS:ERP_COMP_Q(1.0.0),1,4,Q,1997-Q4,4.5,,,,
ABS:ERP_COMP_Q(1.0.0),1,4,Q,1998-Q1,4.6,,,,
ABS:ERP_COMP_Q(1.0.0),1,4,Q,1998-Q2,4.5,,,,
ABS:ERP_COMP_Q(1.0.0),1,4,Q,1998-Q3,4.7,,,,
ABS:ERP_COMP_Q(1.0.0),1,4,Q,1998-Q4,4.5,,,,
ABS:ERP_COMP_Q(1.0.0),1,4,Q,1999-Q1,4.6,,,,
ABS:ERP_COMP_Q(1.0.0),1,4,Q,1999-Q2,4.6,,,,
ABS:ERP_COMP_Q(1.0.0),1,4,Q,1999-Q3,4.6,,,,
ABS:ERP_COMP_Q(1.0.0),1,4,Q,1999-Q4,4.4,,,,
ABS:ERP_COMP_Q(1.0.0),1,4,Q,2000-Q1,4.5,,,,
ABS:ERP_COMP_Q(1.0.0),1,4,Q,2000-Q2,4.4,,,,
ABS:ERP_COMP_Q(1.0.0),1,4,Q,2000-Q3,4.4,,,,
ABS:ERP_COMP_Q(1.0.0),1,4,Q,2000-Q4,4.3,,,,
ABS:ERP_COMP_Q(1.0.0),1,4,Q,2001-Q1,4.4,,,,
ABS:ERP_COMP_Q(1.0.0),1,4,Q,2001-Q2,4.3,,,,
ABS:ERP_COMP_Q(1.0.0),1,4,Q,2001-Q3,4.5,,,,
ABS:ERP_COMP_Q(1.0.0),1,4,Q,2001-Q4,4.3,,,,
ABS:ERP_COMP_Q(1.0.0),1,4,Q,2002-Q1,4.6,,,,
ABS:ERP_COMP_Q(1.0.0),1,4,Q,2002-Q2,4.2,,,,
ABS:ERP_COMP_Q(1.0.0),1,4,Q,2002-Q3,4.5,,,,
ABS:ERP_COMP_Q(1.0.0),1,4,Q,2002-Q4,4.2,,,,
ABS:ERP_COMP_Q(1.0.0),1,4,Q,2003-Q1,4.2,,,,
ABS:ERP_COMP_Q(1.0.0),1,4,Q,2003-Q2,4.4,,,,
ABS:ERP_COMP_Q(1.0.0),1,4,Q,2003-Q3,4.6,,,,
ABS:ERP_COMP_Q(1.0.0),1,4,Q,2003-Q4,4.4,,,,
ABS:ERP_COMP_Q(1.0.0),1,4,Q,2004-Q1,4.2,,,,
ABS:ERP_COMP_Q(1.0.0),1,4,Q,2004-Q2,4.2,,,,
ABS:ERP_COMP_Q(1.0.0),1,4,Q,2004-Q3,4.3,,,,
ABS:ERP_COMP_Q(1.0.0),1,4,Q,2004-Q4,4.3,,,,
ABS:ERP_COMP_Q(1.0.0),1,4,Q,2005-Q1,4.5,,,,
ABS:ERP_COMP_Q(1.0.0),1,4,Q,2005-Q2,4.5,,,,
ABS:ERP_COMP_Q(1.0.0),1,4,Q,2005-Q3,4.6,,,,
ABS:ERP_COMP_Q(1.0.0),1,4,Q,2005-Q4,4.4,,,,
ABS:ERP_COMP_Q(1.0.0),1,4,Q,2006-Q1,4.6,,,,
ABS:ERP_COMP_Q(1.0.0),1,4,Q,2006-Q2,4.5,,,,
ABS:ERP_COMP_Q(1.0.0),1,4,Q,2006-Q3,4.8,,,,
ABS:ERP_COMP_Q(1.0.0),1,4,Q,2006-Q4,4.6,,,,
ABS:ERP_COMP_Q(1.0.0),1,4,Q,2007-Q1,4.9,,,,
ABS:ERP_COMP_Q(1.0.0),1,4,Q,2007-Q2,4.7,,,,
ABS:ERP_COMP_Q(1.0.0),1,4,Q,2007-Q3,5,,,,
ABS:ERP_COMP_Q(1.0.0),1,4,Q,2007-Q4,4.9,,,,
ABS:ERP_COMP_Q(1.0.0),1,4,Q,2008-Q1,4.9,,,,
ABS:ERP_COMP_Q(1.0.0),1,4,Q,2008-Q2,4.9,,,,
ABS:ERP_COMP_Q(1.0.0),1,4,Q,2008-Q3,5.1,,,,
ABS:ERP_COMP_Q(1.0.0),1,4,Q,2008-Q4,4.9,,,,
ABS:ERP_COMP_Q(1.0.0),1,4,Q,2009-Q1,5,,,,
ABS:ERP_COMP_Q(1.0.0),1,4,Q,2009-Q2,4.9,,,,
ABS:ERP_COMP_Q(1.0.0),1,4,Q,2009-Q3,5,,,,
ABS:ERP_COMP_Q(1.0.0),1,4,Q,2009-Q4,5,,,,
ABS:ERP_COMP_Q(1.0.0),1,4,Q,2010-Q1,5.1,,,,
ABS:ERP_COMP_Q(1.0.0),1,4,Q,2010-Q2,5,,,,
ABS:ERP_COMP_Q(1.0.0),1,4,Q,2010-Q3,5,,,,
ABS:ERP_COMP_Q(1.0.0),1,4,Q,2010-Q4,4.9,,,,
ABS:ERP_COMP_Q(1.0.0),1,4,Q,2011-Q1,5,,,,
ABS:ERP_COMP_Q(1.0.0),1,4,Q,2011-Q2,5,,,,
ABS:ERP_COMP_Q(1.0.0),1,4,Q,2011-Q3,5.1,,,,
ABS:ERP_COMP_Q(1.0.0),1,4,Q,2011-Q4,5.1,,,,
ABS:ERP_COMP_Q(1.0.0),1,4,Q,2012-Q1,5,,,,
ABS:ERP_COMP_Q(1.0.0),1,4,Q,2012-Q2,5.1,,,,
ABS:ERP_COMP_Q(1.0.0),1,4,Q,2012-Q3,5.3,,,,
ABS:ERP_COMP_Q(1.0.0),1,4,Q,2012-Q4,5.2,,,,
ABS:ERP_COMP_Q(1.0.0),1,4,Q,2013-Q1,5.1,,,,
ABS:ERP_COMP_Q(1.0.0),1,4,Q,2013-Q2,5,,,,
ABS:ERP_COMP_Q(1.0.0),1,4,Q,2013-Q3,5,,,,
ABS:ERP_COMP_Q(1.0.0),1,4,Q,2013-Q4,4.9,,,,
ABS:ERP_COMP_Q(1.0.0),1,4,Q,2014-Q1,5.3,,,,
ABS:ERP_COMP_Q(1.0.0),1,4,Q,2014-Q2,5.1,,,,
ABS:ERP_COMP_Q(1.0.0),1,4,Q,2014-Q3,5.2,,,,
ABS:ERP_COMP_Q(1.0.0),1,4,Q,2014-Q4,5,,,,
ABS:ERP_COMP_Q(1.0.0),1,4,Q,2015-Q1,4.8,,,,
ABS:ERP_COMP_Q(1.0.0),1,4,Q,2015-Q2,4.9,,,,
ABS:ERP_COMP_Q(1.0.0),1,4,Q,2015-Q3,5.1,,,,
ABS:ERP_COMP_Q(1.0.0),1,4,Q,2015-Q4,4.9,,,,
ABS:ERP_COMP_Q(1.0.0),1,4,Q,2016-Q1,5,,,,
ABS:ERP_COMP_Q(1.0.0),1,4,Q,2016-Q2,4.9,,,,
ABS:ERP_COMP_Q(1.0.0),1,4,Q,2016-Q3,5.1,,,,
ABS:ERP_COMP_Q(1.0.0),1,4,Q,2016-Q4,4.8,,,,
ABS:ERP_COMP_Q(1.0.0),1,4,Q,2017-Q1,4.8,,,,
ABS:ERP_COMP_Q(1.0.0),1,4,Q,2017-Q2,4.8,,,,
ABS:ERP_COMP_Q(1.0.0),1,4,Q,2017-Q3,4.9,,,,
ABS:ERP_COMP_Q(1.0.0),1,4,Q,2017-Q4,4.6,,,,
ABS:ERP_COMP_Q(1.0.0),1,4,Q,2018-Q1,4.8,,,,
ABS:ERP_COMP_Q(1.0.0),1,4,Q,2018-Q2,4.7,,,,
ABS:ERP_COMP_Q(1.0.0),1,4,Q,2018-Q3,4.7,,,,
ABS:ERP_COMP_Q(1.0.0),1,4,Q,2018-Q4,4.8,,,,
ABS:ERP_COMP_Q(1.0.0),1,4,Q,2019-Q1,4.7,,,,
ABS:ERP_COMP_Q(1.0.0),1,4,Q,2019-Q2,4.7,,,,
ABS:ERP_COMP_Q(1.0.0),1,4,Q,2019-Q3,4.9,,,,
ABS:ERP_COMP_Q(1.0.0),1,4,Q,2019-Q4,4.7,,,,
ABS:ERP_COMP_Q(1.0.0),1,4,Q,2020-Q1,4.6,,,,
ABS:ERP_COMP_Q(1.0.0),1,4,Q,2020-Q2,4.6,,,,
ABS:ERP_COMP_Q(1.0.0),1,4,Q,2020-Q3,4.6,,,,
ABS:ERP_COMP_Q(1.0.0),1,4,Q,2020-Q4,4.5,,,,
ABS:ERP_COMP_Q(1.0.0),1,4,Q,2021-Q1,5.1,,,,
ABS:ERP_COMP_Q(1.0.0),1,4,Q,2021-Q2,4.9,,,,
ABS:ERP_COMP_Q(1.0.0),1,4,Q,2021-Q3,4.9,,,,
ABS:ERP_COMP_Q(1.0.0),1,4,Q,2021-Q4,4.9,,,,
ABS:ERP_COMP_Q(1.0.0),1,4,Q,2022-Q1,4.9,,,,
ABS:ERP_COMP_Q(1.0.0),1,4,Q,2022-Q2,4.8,,,,
ABS:ERP_COMP_Q(1.0.0),1,4,Q,2022-Q3,4.9,,,,
ABS:ERP_COMP_Q(1.0.0),1,4,Q,2022-Q4,4.7,,,,
ABS:ERP_COMP_Q(1.0.0),1,4,Q,2023-Q1,4.5,,,,
ABS:ERP_COMP_Q(1.0.0),1,4,Q,2023-Q2,4.5,,,,
ABS:ERP_COMP_Q(1.0.0),1,4,Q,2023-Q3,4.7,,,,
ABS:ERP_COMP_Q(1.0.0),1,4,Q,2023-Q4,4.6,,,,
ABS:ERP_COMP_Q(1.0.0),1,4,Q,2024-Q1,4.6,,,,
ABS:ERP_COMP_Q(1.0.0),1,4,Q,2024-Q2,4.6,,,,
ABS:ERP_COMP_Q(1.0.0),1,4,Q,2024-Q3,4.7,,,,
ABS:ERP_COMP_Q(1.0.0),1,4,Q,2024-Q4,4.4,,,,
ABS:ERP_COMP_Q(1.0.0),1,4,Q,2025-Q1,4.7,,,,
ABS:ERP_COMP_Q(1.0.0),1,4,Q,2025-Q2,4.5,,,,
ABS:ERP_COMP_Q(1.0.0),1,4,Q,2025-Q3,4.3,,,,
ABS:ERP_COMP_Q(1.0.0),1,4,Q,2025-Q4,4.9,,,,
ABS:ERP_COMP_Q(1.0.0),7,8,Q,1981-Q2,1.1,,,,
ABS:ERP_COMP_Q(1.0.0),7,8,Q,1981-Q3,1.2,,,,
ABS:ERP_COMP_Q(1.0.0),7,8,Q,1981-Q4,1.4,,,,
ABS:ERP_COMP_Q(1.0.0),7,8,Q,1982-Q1,1.7,,,,
ABS:ERP_COMP_Q(1.0.0),7,8,Q,1982-Q2,1.1,,,,
ABS:ERP_COMP_Q(1.0.0),7,8,Q,1982-Q3,1.2,,,,
ABS:ERP_COMP_Q(1.0.0),7,8,Q,1982-Q4,1.4,,,,
ABS:ERP_COMP_Q(1.0.0),7,8,Q,1983-Q1,1.6,,,,
ABS:ERP_COMP_Q(1.0.0),7,8,Q,1983-Q2,1,,,,
ABS:ERP_COMP_Q(1.0.0),7,8,Q,1983-Q3,1.3,,,,
ABS:ERP_COMP_Q(1.0.0),7,8,Q,1983-Q4,1.4,,,,
ABS:ERP_COMP_Q(1.0.0),7,8,Q,1984-Q1,1.8,,,,
ABS:ERP_COMP_Q(1.0.0),7,8,Q,1984-Q2,1,,,,
ABS:ERP_COMP_Q(1.0.0),7,8,Q,1984-Q3,1.4,,,,
ABS:ERP_COMP_Q(1.0.0),7,8,Q,1984-Q4,1.3,,,,
ABS:ERP_COMP_Q(1.0.0),7,8,Q,1985-Q1,1.7,,,,
ABS:ERP_COMP_Q(1.0.0),7,8,Q,1985-Q2,1.1,,,,
ABS:ERP_COMP_Q(1.0.0),7,8,Q,1985-Q3,1.5,,,,
ABS:ERP_COMP_Q(1.0.0),7,8,Q,1985-Q4,1.6,,,,
ABS:ERP_COMP_Q(1.0.0),7,8,Q,1986-Q1,1.8,,,,
ABS:ERP_COMP_Q(1.0.0),7,8,Q,1986-Q2,1.2,,,,
ABS:ERP_COMP_Q(1.0.0),7,8,Q,1986-Q3,1.5,,,,
ABS:ERP_COMP_Q(1.0.0),7,8,Q,1986-Q4,1.6,,,,
ABS:ERP_COMP_Q(1.0.0),7,8,Q,1987-Q1,1.8,,,,
ABS:ERP_COMP_Q(1.0.0),7,8,Q,1987-Q2,1.1,,,,
ABS:ERP_COMP_Q(1.0.0),7,8,Q,1987-Q3,1.6,,,,
ABS:ERP_COMP_Q(1.0.0),7,8,Q,1987-Q4,1.5,,,,
ABS:ERP_COMP_Q(1.0.0),7,8,Q,1988-Q1,1.9,,,,
ABS:ERP_COMP_Q(1.0.0),7,8,Q,1988-Q2,1.1,,,,
ABS:ERP_COMP_Q(1.0.0),7,8,Q,1988-Q3,1.5,,,,
ABS:ERP_COMP_Q(1.0.0),7,8,Q,1988-Q4,1.6,,,,
ABS:ERP_COMP_Q(1.0.0),7,8,Q,1989-Q1,1.7,,,,
ABS:ERP_COMP_Q(1.0.0),7,8,Q,1989-Q2,1.1,,,,
ABS:ERP_COMP_Q(1.0.0),7,8,Q,1989-Q3,1.5,,,,
ABS:ERP_COMP_Q(1.0.0),7,8,Q,1989-Q4,1.5,,,,
ABS:ERP_COMP_Q(1.0.0),7,8,Q,1990-Q1,1.8,,,,
ABS:ERP_COMP_Q(1.0.0),7,8,Q,1990-Q2,1,,,,
ABS:ERP_COMP_Q(1.0.0),7,8,Q,1990-Q3,1.6,,,,
ABS:ERP_COMP_Q(1.0.0),7,8,Q,1990-Q4,1.4,,,,
ABS:ERP_COMP_Q(1.0.0),7,8,Q,1991-Q1,1.9,,,,
ABS:ERP_COMP_Q(1.0.0),7,8,Q,1991-Q2,1,,,,
ABS:ERP_COMP_Q(1.0.0),7,8,Q,1991-Q3,1.5,,,,
ABS:ERP_COMP_Q(1.0.0),7,8,Q,1991-Q4,1.4,,,,
ABS:ERP_COMP_Q(1.0.0),7,8,Q,1992-Q1,1.9,,,,
ABS:ERP_COMP_Q(1.0.0),7,8,Q,1992-Q2,1,,,,
ABS:ERP_COMP_Q(1.0.0),7,8,Q,1992-Q3,1.4,,,,
ABS:ERP_COMP_Q(1.0.0),7,8,Q,1992-Q4,1.4,,,,
ABS:ERP_COMP_Q(1.0.0),7,8,Q,1993-Q1,1.8,,,,
ABS:ERP_COMP_Q(1.0.0),7,8,Q,1993-Q2,0.9,,,,
ABS:ERP_COMP_Q(1.0.0),7,8,Q,1993-Q3,1.4,,,,
ABS:ERP_COMP_Q(1.0.0),7,8,Q,1993-Q4,1.2,,,,
ABS:ERP_COMP_Q(1.0.0),7,8,Q,1994-Q1,1.6,,,,
ABS:ERP_COMP_Q(1.0.0),7,8,Q,1994-Q2,1,,,,
ABS:ERP_COMP_Q(1.0.0),7,8,Q,1994-Q3,1.5,,,,
ABS:ERP_COMP_Q(1.0.0),7,8,Q,1994-Q4,1.5,,,,
ABS:ERP_COMP_Q(1.0.0),7,8,Q,1995-Q1,2.2,,,,
ABS:ERP_COMP_Q(1.0.0),7,8,Q,1995-Q2,1.2,,,,
ABS:ERP_COMP_Q(1.0.0),7,8,Q,1995-Q3,1.6,,,,
ABS:ERP_COMP_Q(1.0.0),7,8,Q,1995-Q4,1.6,,,,
ABS:ERP_COMP_Q(1.0.0),7,8,Q,1996-Q1,2.1,,,,
ABS:ERP_COMP_Q(1.0.0),7,8,Q,1996-Q2,1.1,,,,
ABS:ERP_COMP_Q(1.0.0),7,8,Q,1996-Q3,1.5,,,,
ABS:ERP_COMP_Q(1.0.0),7,8,Q,1996-Q4,1.4,,,,
ABS:ERP_COMP_Q(1.0.0),7,8,Q,1997-Q1,1.9,,,,
ABS:ERP_COMP_Q(1.0.0),7,8,Q,1997-Q2,1.2,,,,
ABS:ERP_COMP_Q(1.0.0),7,8,Q,1997-Q3,1.4,,,,
ABS:ERP_COMP_Q(1.0.0),7,8,Q,1997-Q4,1.3,,,,
ABS:ERP_COMP_Q(1.0.0),7,8,Q,1998-Q1,2.1,,,,
ABS:ERP_COMP_Q(1.0.0),7,8,Q,1998-Q2,1.1,,,,
ABS:ERP_COMP_Q(1.0.0),7,8,Q,1998-Q3,1.2,,,,
ABS:ERP_COMP_Q(1.0.0),7,8,Q,1998-Q4,1.6,,,,
ABS:ERP_COMP_Q(1.0.0),7,8,Q,1999-Q1,1.8,,,,
ABS:ERP_COMP_Q(1.0.0),7,8,Q,1999-Q2,1.2,,,,
ABS:ERP_COMP_Q(1.0.0),7,8,Q,1999-Q3,1.6,,,,
ABS:ERP_COMP_Q(1.0.0),7,8,Q,1999-Q4,1.4,,,,
ABS:ERP_COMP_Q(1.0.0),7,8,Q,2000-Q1,1.8,,,,
ABS:ERP_COMP_Q(1.0.0),7,8,Q,2000-Q2,0.9,,,,
ABS:ERP_COMP_Q(1.0.0),7,8,Q,2000-Q3,1.4,,,,
ABS:ERP_COMP_Q(1.0.0),7,8,Q,2000-Q4,1,,,,
ABS:ERP_COMP_Q(1.0.0),7,8,Q,2001-Q1,2.1,,,,
ABS:ERP_COMP_Q(1.0.0),7,8,Q,2001-Q2,1,,,,
ABS:ERP_COMP_Q(1.0.0),7,8,Q,2001-Q3,2,,,,
ABS:ERP_COMP_Q(1.0.0),7,8,Q,2001-Q4,1.5,,,,
ABS:ERP_COMP_Q(1.0.0),7,8,Q,2002-Q1,2.4,,,,
ABS:ERP_COMP_Q(1.0.0),7,8,Q,2002-Q2,1.3,,,,
ABS:ERP_COMP_Q(1.0.0),7,8,Q,2002-Q3,1.9,,,,
ABS:ERP_COMP_Q(1.0.0),7,8,Q,2002-Q4,1.6,,,,
ABS:ERP_COMP_Q(1.0.0),7,8,Q,2003-Q1,2.6,,,,
ABS:ERP_COMP_Q(1.0.0),7,8,Q,2003-Q2,1.3,,,,
ABS:ERP_COMP_Q(1.0.0),7,8,Q,2003-Q3,2,,,,
ABS:ERP_COMP_Q(1.0.0),7,8,Q,2003-Q4,1.7,,,,
ABS:ERP_COMP_Q(1.0.0),7,8,Q,2004-Q1,2.7,,,,
ABS:ERP_COMP_Q(1.0.0),7,8,Q,2004-Q2,1.4,,,,
ABS:ERP_COMP_Q(1.0.0),7,8,Q,2004-Q3,2.2,,,,
ABS:ERP_COMP_Q(1.0.0),7,8,Q,2004-Q4,1.8,,,,
ABS:ERP_COMP_Q(1.0.0),7,8,Q,2005-Q1,2.7,,,,
ABS:ERP_COMP_Q(1.0.0),7,8,Q,2005-Q2,1.5,,,,
ABS:ERP_COMP_Q(1.0.0),7,8,Q,2005-Q3,2.2,,,,
ABS:ERP_COMP_Q(1.0.0),7,8,Q,2005-Q4,2,,,,
ABS:ERP_COMP_Q(1.0.0),7,8,Q,2006-Q1,2.9,,,,
ABS:ERP_COMP_Q(1.0.0),7,8,Q,2006-Q2,1.6,,,,
ABS:ERP_COMP_Q(1.0.0),7,8,Q,2006-Q3,1.5,,,,
ABS:ERP_COMP_Q(1.0.0),7,8,Q,2006-Q4,1.6,,,,
ABS:ERP_COMP_Q(1.0.0),7,8,Q,2007-Q1,2,,,,
ABS:ERP_COMP_Q(1.0.0),7,8,Q,2007-Q2,1.3,,,,
ABS:ERP_COMP_Q(1.0.0),7,8,Q,2007-Q3,1.7,,,,
ABS:ERP_COMP_Q(1.0.0),7,8,Q,2007-Q4,1.6,,,,
ABS:ERP_COMP_Q(1.0.0),7,8,Q,2008-Q1,2.4,,,,
ABS:ERP_COMP_Q(1.0.0),7,8,Q,2008-Q2,1.6,,,,
ABS:ERP_COMP_Q(1.0.0),7,8,Q,2008-Q3,2.2,,,,
ABS:ERP_COMP_Q(1.0.0),7,8,Q,2008-Q4,1.8,,,,
ABS:ERP_COMP_Q(1.0.0),7,8,Q,2009-Q1,2.7,,,,
ABS:ERP_COMP_Q(1.0.0),7,8,Q,2009-Q2,1.5,,,,
ABS:ERP_COMP_Q(1.0.0),7,8,Q,2009-Q3,2.4,,,,
ABS:ERP_COMP_Q(1.0.0),7,8,Q,2009-Q4,2,,,,
ABS:ERP_COMP_Q(1.0.0),7,8,Q,2010-Q1,2.5,,,,
ABS:ERP_COMP_Q(1.0.0),7,8,Q,2010-Q2,1.4,,,,
ABS:ERP_COMP_Q(1.0.0),7,8,Q,2010-Q3,2,,,,
ABS:ERP_COMP_Q(1.0.0),7,8,Q,2010-Q4,1.7,,,,
ABS:ERP_COMP_Q(1.0.0),7,8,Q,2011-Q1,2.3,,,,
ABS:ERP_COMP_Q(1.0.0),7,8,Q,2011-Q2,1.3,,,,
ABS:ERP_COMP_Q(1.0.0),7,8,Q,2011-Q3,2.5,,,,
ABS:ERP_COMP_Q(1.0.0),7,8,Q,2011-Q4,2.4,,,,
ABS:ERP_COMP_Q(1.0.0),7,8,Q,2012-Q1,3,,,,
ABS:ERP_COMP_Q(1.0.0),7,8,Q,2012-Q2,1.7,,,,
ABS:ERP_COMP_Q(1.0.0),7,8,Q,2012-Q3,2.5,,,,
ABS:ERP_COMP_Q(1.0.0),7,8,Q,2012-Q4,2,,,,
ABS:ERP_COMP_Q(1.0.0),7,8,Q,2013-Q1,2.7,,,,
ABS:ERP_COMP_Q(1.0.0),7,8,Q,2013-Q2,1.5,,,,
ABS:ERP_COMP_Q(1.0.0),7,8,Q,2013-Q3,2.5,,,,
ABS:ERP_COMP_Q(1.0.0),7,8,Q,2013-Q4,2,,,,
ABS:ERP_COMP_Q(1.0.0),7,8,Q,2014-Q1,2.9,,,,
ABS:ERP_COMP_Q(1.0.0),7,8,Q,2014-Q2,1.6,,,,
ABS:ERP_COMP_Q(1.0.0),7,8,Q,2014-Q3,2.8,,,,
ABS:ERP_COMP_Q(1.0.0),7,8,Q,2014-Q4,2.1,,,,
ABS:ERP_COMP_Q(1.0.0),7,8,Q,2015-Q1,3,,,,
ABS:ERP_COMP_Q(1.0.0),7,8,Q,2015-Q2,1.7,,,,
ABS:ERP_COMP_Q(1.0.0),7,8,Q,2015-Q3,2.7,,,,
ABS:ERP_COMP_Q(1.0.0),7,8,Q,2015-Q4,2.1,,,,
ABS:ERP_COMP_Q(1.0.0),7,8,Q,2016-Q1,3,,,,
ABS:ERP_COMP_Q(1.0.0),7,8,Q,2016-Q2,1.7,,,,
ABS:ERP_COMP_Q(1.0.0),7,8,Q,2016-Q3,3,,,,
ABS:ERP_COMP_Q(1.0.0),7,8,Q,2016-Q4,2.3,,,,
ABS:ERP_COMP_Q(1.0.0),7,8,Q,2017-Q1,3.3,,,,
ABS:ERP_COMP_Q(1.0.0),7,8,Q,2017-Q2,1.8,,,,
ABS:ERP_COMP_Q(1.0.0),7,8,Q,2017-Q3,3.3,,,,
ABS:ERP_COMP_Q(1.0.0),7,8,Q,2017-Q4,2.3,,,,
ABS:ERP_COMP_Q(1.0.0),7,8,Q,2018-Q1,3.3,,,,
ABS:ERP_COMP_Q(1.0.0),7,8,Q,2018-Q2,2.1,,,,
ABS:ERP_COMP_Q(1.0.0),7,8,Q,2018-Q3,3.1,,,,
ABS:ERP_COMP_Q(1.0.0),7,8,Q,2018-Q4,2,,,,
ABS:ERP_COMP_Q(1.0.0),7,8,Q,2019-Q1,2.9,,,,
ABS:ERP_COMP_Q(1.0.0),7,8,Q,2019-Q2,2,,,,
ABS:ERP_COMP_Q(1.0.0),7,8,Q,2019-Q3,3.1,,,,
ABS:ERP_COMP_Q(1.0.0),7,8,Q,2019-Q4,2.7,,,,
ABS:ERP_COMP_Q(1.0.0),7,8,Q,2020-Q1,3.2,,,,
ABS:ERP_COMP_Q(1.0.0),7,8,Q,2020-Q2,0.3,,,,
ABS:ERP_COMP_Q(1.0.0),7,8,Q,2020-Q3,0.5,,,,
ABS:ERP_COMP_Q(1.0.0),7,8,Q,2020-Q4,0.8,,,,
ABS:ERP_COMP_Q(1.0.0),7,8,Q,2021-Q1,0.9,,,,
ABS:ERP_COMP_Q(1.0.0),7,8,Q,2021-Q2,0.7,,,,
ABS:ERP_COMP_Q(1.0.0),7,8,Q,2021-Q3,0.7,,,,
ABS:ERP_COMP_Q(1.0.0),7,8,Q,2021-Q4,2.5,,,,
ABS:ERP_COMP_Q(1.0.0),7,8,Q,2022-Q1,3.5,,,,
ABS:ERP_COMP_Q(1.0.0),7,8,Q,2022-Q2,2.2,,,,
ABS:ERP_COMP_Q(1.0.0),7,8,Q,2022-Q3,3.7,,,,
ABS:ERP_COMP_Q(1.0.0),7,8,Q,2022-Q4,2.7,,,,
ABS:ERP_COMP_Q(1.0.0),7,8,Q,2023-Q1,4.2,,,,
ABS:ERP_COMP_Q(1.0.0),7,8,Q,2023-Q2,2.6,,,,
ABS:ERP_COMP_Q(1.0.0),7,8,Q,2023-Q3,3.9,,,,
ABS:ERP_COMP_Q(1.0.0),7,8,Q,2023-Q4,2.5,,,,
ABS:ERP_COMP_Q(1.0.0),7,8,Q,2024-Q1,3.4,,,,
ABS:ERP_COMP_Q(1.0.0),7,8,Q,2024-Q2,1.8,,,,
ABS:ERP_COMP_Q(1.0.0),7,8,Q,2024-Q3,3,,,,
ABS:ERP_COMP_Q(1.0.0),7,8,Q,2024-Q4,2.6,,,,
ABS:ERP_COMP_Q(1.0.0),7,8,Q,2025-Q1,3.3,,,,
ABS:ERP_COMP_Q(1.0.0),7,8,Q,2025-Q2,2,,,,
ABS:ERP_COMP_Q(1.0.0),7,8,Q,2025-Q3,2.9,,,,
ABS:ERP_COMP_Q(1.0.0),7,8,Q,2025-Q4,2.1,,,,
ABS:ERP_COMP_Q(1.0.0),5,1,Q,1981-Q2,25.4,,,,
ABS:ERP_COMP_Q(1.0.0),5,1,Q,1981-Q3,26.1,,,,
ABS:ERP_COMP_Q(1.0.0),5,1,Q,1981-Q4,20.3,,,,
ABS:ERP_COMP_Q(1.0.0),5,1,Q,1982-Q1,20.8,,,,
ABS:ERP_COMP_Q(1.0.0),5,1,Q,1982-Q2,24.2,,,,
ABS:ERP_COMP_Q(1.0.0),5,1,Q,1982-Q3,21.3,,,,
ABS:ERP_COMP_Q(1.0.0),5,1,Q,1982-Q4,18.9,,,,
ABS:ERP_COMP_Q(1.0.0),5,1,Q,1983-Q1,17,,,,
ABS:ERP_COMP_Q(1.0.0),5,1,Q,1983-Q2,22.6,,,,
ABS:ERP_COMP_Q(1.0.0),5,1,Q,1983-Q3,19.1,,,,
ABS:ERP_COMP_Q(1.0.0),5,1,Q,1983-Q4,16.2,,,,
ABS:ERP_COMP_Q(1.0.0),5,1,Q,1984-Q1,18,,,,
ABS:ERP_COMP_Q(1.0.0),5,1,Q,1984-Q2,21.4,,,,
ABS:ERP_COMP_Q(1.0.0),5,1,Q,1984-Q3,21.1,,,,
ABS:ERP_COMP_Q(1.0.0),5,1,Q,1984-Q4,17.6,,,,
ABS:ERP_COMP_Q(1.0.0),5,1,Q,1985-Q1,19.1,,,,
ABS:ERP_COMP_Q(1.0.0),5,1,Q,1985-Q2,21.8,,,,
ABS:ERP_COMP_Q(1.0.0),5,1,Q,1985-Q3,22,,,,
ABS:ERP_COMP_Q(1.0.0),5,1,Q,1985-Q4,20.3,,,,
ABS:ERP_COMP_Q(1.0.0),5,1,Q,1986-Q1,21.2,,,,
ABS:ERP_COMP_Q(1.0.0),5,1,Q,1986-Q2,22.4,,,,
ABS:ERP_COMP_Q(1.0.0),5,1,Q,1986-Q3,20.4,,,,
ABS:ERP_COMP_Q(1.0.0),5,1,Q,1986-Q4,18.4,,,,
ABS:ERP_COMP_Q(1.0.0),5,1,Q,1987-Q1,25.5,,,,
ABS:ERP_COMP_Q(1.0.0),5,1,Q,1987-Q2,21.3,,,,
ABS:ERP_COMP_Q(1.0.0),5,1,Q,1987-Q3,21.4,,,,
ABS:ERP_COMP_Q(1.0.0),5,1,Q,1987-Q4,20.9,,,,
ABS:ERP_COMP_Q(1.0.0),5,1,Q,1988-Q1,28.8,,,,
ABS:ERP_COMP_Q(1.0.0),5,1,Q,1988-Q2,25,,,,
ABS:ERP_COMP_Q(1.0.0),5,1,Q,1988-Q3,26.4,,,,
ABS:ERP_COMP_Q(1.0.0),5,1,Q,1988-Q4,24.7,,,,
ABS:ERP_COMP_Q(1.0.0),5,1,Q,1989-Q1,36,,,,
ABS:ERP_COMP_Q(1.0.0),5,1,Q,1989-Q2,31.9,,,,
ABS:ERP_COMP_Q(1.0.0),5,1,Q,1989-Q3,29.1,,,,
ABS:ERP_COMP_Q(1.0.0),5,1,Q,1989-Q4,24.9,,,,
ABS:ERP_COMP_Q(1.0.0),5,1,Q,1990-Q1,33.3,,,,
ABS:ERP_COMP_Q(1.0.0),5,1,Q,1990-Q2,26.8,,,,
ABS:ERP_COMP_Q(1.0.0),5,1,Q,1990-Q3,23.9,,,,
ABS:ERP_COMP_Q(1.0.0),5,1,Q,1990-Q4,23.2,,,,
ABS:ERP_COMP_Q(1.0.0),5,1,Q,1991-Q1,29,,,,
ABS:ERP_COMP_Q(1.0.0),5,1,Q,1991-Q2,23.2,,,,
ABS:ERP_COMP_Q(1.0.0),5,1,Q,1991-Q3,21.6,,,,
ABS:ERP_COMP_Q(1.0.0),5,1,Q,1991-Q4,22.5,,,,
ABS:ERP_COMP_Q(1.0.0),5,1,Q,1992-Q1,31.2,,,,
ABS:ERP_COMP_Q(1.0.0),5,1,Q,1992-Q2,23.3,,,,
ABS:ERP_COMP_Q(1.0.0),5,1,Q,1992-Q3,28.2,,,,
ABS:ERP_COMP_Q(1.0.0),5,1,Q,1992-Q4,26,,,,
ABS:ERP_COMP_Q(1.0.0),5,1,Q,1993-Q1,32.5,,,,
ABS:ERP_COMP_Q(1.0.0),5,1,Q,1993-Q2,22.3,,,,
ABS:ERP_COMP_Q(1.0.0),5,1,Q,1993-Q3,22.4,,,,
ABS:ERP_COMP_Q(1.0.0),5,1,Q,1993-Q4,20.1,,,,
ABS:ERP_COMP_Q(1.0.0),5,1,Q,1994-Q1,26.9,,,,
ABS:ERP_COMP_Q(1.0.0),5,1,Q,1994-Q2,23.1,,,,
ABS:ERP_COMP_Q(1.0.0),5,1,Q,1994-Q3,23.5,,,,
ABS:ERP_COMP_Q(1.0.0),5,1,Q,1994-Q4,21.2,,,,
ABS:ERP_COMP_Q(1.0.0),5,1,Q,1995-Q1,30.1,,,,
ABS:ERP_COMP_Q(1.0.0),5,1,Q,1995-Q2,26.7,,,,
ABS:ERP_COMP_Q(1.0.0),5,1,Q,1995-Q3,21.5,,,,
ABS:ERP_COMP_Q(1.0.0),5,1,Q,1995-Q4,22.8,,,,
ABS:ERP_COMP_Q(1.0.0),5,1,Q,1996-Q1,30.2,,,,
ABS:ERP_COMP_Q(1.0.0),5,1,Q,1996-Q2,23.2,,,,
ABS:ERP_COMP_Q(1.0.0),5,1,Q,1996-Q3,24.7,,,,
ABS:ERP_COMP_Q(1.0.0),5,1,Q,1996-Q4,29.3,,,,
ABS:ERP_COMP_Q(1.0.0),5,1,Q,1997-Q1,26.6,,,,
ABS:ERP_COMP_Q(1.0.0),5,1,Q,1997-Q2,25.3,,,,
ABS:ERP_COMP_Q(1.0.0),5,1,Q,1997-Q3,23.5,,,,
ABS:ERP_COMP_Q(1.0.0),5,1,Q,1997-Q4,29.7,,,,
ABS:ERP_COMP_Q(1.0.0),5,1,Q,1998-Q1,25.3,,,,
ABS:ERP_COMP_Q(1.0.0),5,1,Q,1998-Q2,25.8,,,,
ABS:ERP_COMP_Q(1.0.0),5,1,Q,1998-Q3,23,,,,
ABS:ERP_COMP_Q(1.0.0),5,1,Q,1998-Q4,29.3,,,,
ABS:ERP_COMP_Q(1.0.0),5,1,Q,1999-Q1,25.2,,,,
ABS:ERP_COMP_Q(1.0.0),5,1,Q,1999-Q2,26.2,,,,
ABS:ERP_COMP_Q(1.0.0),5,1,Q,1999-Q3,23.5,,,,
ABS:ERP_COMP_Q(1.0.0),5,1,Q,1999-Q4,30.3,,,,
ABS:ERP_COMP_Q(1.0.0),5,1,Q,2000-Q1,27.1,,,,
ABS:ERP_COMP_Q(1.0.0),5,1,Q,2000-Q2,27,,,,
ABS:ERP_COMP_Q(1.0.0),5,1,Q,2000-Q3,24.8,,,,
ABS:ERP_COMP_Q(1.0.0),5,1,Q,2000-Q4,32.6,,,,
ABS:ERP_COMP_Q(1.0.0),5,1,Q,2001-Q1,28,,,,
ABS:ERP_COMP_Q(1.0.0),5,1,Q,2001-Q2,28.1,,,,
ABS:ERP_COMP_Q(1.0.0),5,1,Q,2001-Q3,25.9,,,,
ABS:ERP_COMP_Q(1.0.0),5,1,Q,2001-Q4,31.9,,,,
ABS:ERP_COMP_Q(1.0.0),5,1,Q,2002-Q1,30.5,,,,
ABS:ERP_COMP_Q(1.0.0),5,1,Q,2002-Q2,31,,,,
ABS:ERP_COMP_Q(1.0.0),5,1,Q,2002-Q3,28.7,,,,
ABS:ERP_COMP_Q(1.0.0),5,1,Q,2002-Q4,35.6,,,,
ABS:ERP_COMP_Q(1.0.0),5,1,Q,2003-Q1,30.3,,,,
ABS:ERP_COMP_Q(1.0.0),5,1,Q,2003-Q2,31,,,,
ABS:ERP_COMP_Q(1.0.0),5,1,Q,2003-Q3,28.7,,,,
ABS:ERP_COMP_Q(1.0.0),5,1,Q,2003-Q4,33.5,,,,
ABS:ERP_COMP_Q(1.0.0),5,1,Q,2004-Q1,30,,,,
ABS:ERP_COMP_Q(1.0.0),5,1,Q,2004-Q2,29,,,,
ABS:ERP_COMP_Q(1.0.0),5,1,Q,2004-Q3,25.5,,,,
ABS:ERP_COMP_Q(1.0.0),5,1,Q,2004-Q4,30.6,,,,
ABS:ERP_COMP_Q(1.0.0),5,1,Q,2005-Q1,27.8,,,,
ABS:ERP_COMP_Q(1.0.0),5,1,Q,2005-Q2,27,,,,
ABS:ERP_COMP_Q(1.0.0),5,1,Q,2005-Q3,23.6,,,,
ABS:ERP_COMP_Q(1.0.0),5,1,Q,2005-Q4,30.4,,,,
ABS:ERP_COMP_Q(1.0.0),5,1,Q,2006-Q1,26.3,,,,
ABS:ERP_COMP_Q(1.0.0),5,1,Q,2006-Q2,25.6,,,,
ABS:ERP_COMP_Q(1.0.0),5,1,Q,2006-Q3,23.4,,,,
ABS:ERP_COMP_Q(1.0.0),5,1,Q,2006-Q4,30.4,,,,
ABS:ERP_COMP_Q(1.0.0),5,1,Q,2007-Q1,27.3,,,,
ABS:ERP_COMP_Q(1.0.0),5,1,Q,2007-Q2,27.9,,,,
ABS:ERP_COMP_Q(1.0.0),5,1,Q,2007-Q3,24.5,,,,
ABS:ERP_COMP_Q(1.0.0),5,1,Q,2007-Q4,28.6,,,,
ABS:ERP_COMP_Q(1.0.0),5,1,Q,2008-Q1,27.3,,,,
ABS:ERP_COMP_Q(1.0.0),5,1,Q,2008-Q2,26.3,,,,
ABS:ERP_COMP_Q(1.0.0),5,1,Q,2008-Q3,24.2,,,,
ABS:ERP_COMP_Q(1.0.0),5,1,Q,2008-Q4,29.9,,,,
ABS:ERP_COMP_Q(1.0.0),5,1,Q,2009-Q1,26.1,,,,
ABS:ERP_COMP_Q(1.0.0),5,1,Q,2009-Q2,25,,,,
ABS:ERP_COMP_Q(1.0.0),5,1,Q,2009-Q3,21.3,,,,
ABS:ERP_COMP_Q(1.0.0),5,1,Q,2009-Q4,25.4,,,,
ABS:ERP_COMP_Q(1.0.0),5,1,Q,2010-Q1,23,,,,
ABS:ERP_COMP_Q(1.0.0),5,1,Q,2010-Q2,23.3,,,,
ABS:ERP_COMP_Q(1.0.0),5,1,Q,2010-Q3,21.2,,,,
ABS:ERP_COMP_Q(1.0.0),5,1,Q,2010-Q4,27,,,,
ABS:ERP_COMP_Q(1.0.0),5,1,Q,2011-Q1,23.8,,,,
ABS:ERP_COMP_Q(1.0.0),5,1,Q,2011-Q2,23.8,,,,
ABS:ERP_COMP_Q(1.0.0),5,1,Q,2011-Q3,23.1,,,,
ABS:ERP_COMP_Q(1.0.0),5,1,Q,2011-Q4,29.7,,,,
ABS:ERP_COMP_Q(1.0.0),5,1,Q,2012-Q1,26.1,,,,
ABS:ERP_COMP_Q(1.0.0),5,1,Q,2012-Q2,25,,,,
ABS:ERP_COMP_Q(1.0.0),5,1,Q,2012-Q3,22,,,,
ABS:ERP_COMP_Q(1.0.0),5,1,Q,2012-Q4,24.8,,,,
ABS:ERP_COMP_Q(1.0.0),5,1,Q,2013-Q1,25.4,,,,
ABS:ERP_COMP_Q(1.0.0),5,1,Q,2013-Q2,25.4,,,,
ABS:ERP_COMP_Q(1.0.0),5,1,Q,2013-Q3,21.6,,,,
ABS:ERP_COMP_Q(1.0.0),5,1,Q,2013-Q4,28.1,,,,
ABS:ERP_COMP_Q(1.0.0),5,1,Q,2014-Q1,25,,,,
ABS:ERP_COMP_Q(1.0.0),5,1,Q,2014-Q2,23.3,,,,
ABS:ERP_COMP_Q(1.0.0),5,1,Q,2014-Q3,19.6,,,,
ABS:ERP_COMP_Q(1.0.0),5,1,Q,2014-Q4,25.8,,,,
ABS:ERP_COMP_Q(1.0.0),5,1,Q,2015-Q1,24.1,,,,
ABS:ERP_COMP_Q(1.0.0),5,1,Q,2015-Q2,25.4,,,,
ABS:ERP_COMP_Q(1.0.0),5,1,Q,2015-Q3,22.1,,,,
ABS:ERP_COMP_Q(1.0.0),5,1,Q,2015-Q4,28.2,,,,
ABS:ERP_COMP_Q(1.0.0),5,1,Q,2016-Q1,27,,,,
ABS:ERP_COMP_Q(1.0.0),5,1,Q,2016-Q2,28.4,,,,
ABS:ERP_COMP_Q(1.0.0),5,1,Q,2016-Q3,26.5,,,,
ABS:ERP_COMP_Q(1.0.0),5,1,Q,2016-Q4,36,,,,
ABS:ERP_COMP_Q(1.0.0),5,1,Q,2017-Q1,32,,,,
ABS:ERP_COMP_Q(1.0.0),5,1,Q,2017-Q2,32.2,,,,
ABS:ERP_COMP_Q(1.0.0),5,1,Q,2017-Q3,29.7,,,,
ABS:ERP_COMP_Q(1.0.0),5,1,Q,2017-Q4,38.5,,,,
ABS:ERP_COMP_Q(1.0.0),5,1,Q,2018-Q1,34,,,,
ABS:ERP_COMP_Q(1.0.0),5,1,Q,2018-Q2,34,,,,
ABS:ERP_COMP_Q(1.0.0),5,1,Q,2018-Q3,30.4,,,,
ABS:ERP_COMP_Q(1.0.0),5,1,Q,2018-Q4,40,,,,
ABS:ERP_COMP_Q(1.0.0),5,1,Q,2019-Q1,35,,,,
ABS:ERP_COMP_Q(1.0.0),5,1,Q,2019-Q2,35.6,,,,
ABS:ERP_COMP_Q(1.0.0),5,1,Q,2019-Q3,31.2,,,,
ABS:ERP_COMP_Q(1.0.0),5,1,Q,2019-Q4,39.2,,,,
ABS:ERP_COMP_Q(1.0.0),5,1,Q,2020-Q1,28.3,,,,
ABS:ERP_COMP_Q(1.0.0),5,1,Q,2020-Q2,27.6,,,,
ABS:ERP_COMP_Q(1.0.0),5,1,Q,2020-Q3,20.8,,,,
ABS:ERP_COMP_Q(1.0.0),5,1,Q,2020-Q4,27.7,,,,
ABS:ERP_COMP_Q(1.0.0),5,1,Q,2021-Q1,27.5,,,,
ABS:ERP_COMP_Q(1.0.0),5,1,Q,2021-Q2,37.3,,,,
ABS:ERP_COMP_Q(1.0.0),5,1,Q,2021-Q3,28.9,,,,
ABS:ERP_COMP_Q(1.0.0),5,1,Q,2021-Q4,33.9,,,,
ABS:ERP_COMP_Q(1.0.0),5,1,Q,2022-Q1,32.7,,,,
ABS:ERP_COMP_Q(1.0.0),5,1,Q,2022-Q2,29.5,,,,
ABS:ERP_COMP_Q(1.0.0),5,1,Q,2022-Q3,25.1,,,,
ABS:ERP_COMP_Q(1.0.0),5,1,Q,2022-Q4,35.1,,,,
ABS:ERP_COMP_Q(1.0.0),5,1,Q,2023-Q1,29.9,,,,
ABS:ERP_COMP_Q(1.0.0),5,1,Q,2023-Q2,29.1,,,,
ABS:ERP_COMP_Q(1.0.0),5,1,Q,2023-Q3,25.9,,,,
ABS:ERP_COMP_Q(1.0.0),5,1,Q,2023-Q4,31.6,,,,
ABS:ERP_COMP_Q(1.0.0),5,1,Q,2024-Q1,28.8,,,,
ABS:ERP_COMP_Q(1.0.0),5,1,Q,2024-Q2,28.7,,,,
ABS:ERP_COMP_Q(1.0.0),5,1,Q,2024-Q3,24.9,,,,
ABS:ERP_COMP_Q(1.0.0),5,1,Q,2024-Q4,31.9,,,,
ABS:ERP_COMP_Q(1.0.0),5,1,Q,2025-Q1,26.7,,,,
ABS:ERP_COMP_Q(1.0.0),5,1,Q,2025-Q2,26.1,,,,
ABS:ERP_COMP_Q(1.0.0),5,1,Q,2025-Q3,23.1,,,,
ABS:ERP_COMP_Q(1.0.0),5,1,Q,2025-Q4,28.8,,,,
ABS:ERP_COMP_Q(1.0.0),5,6,Q,1981-Q2,2.9,,,,
ABS:ERP_COMP_Q(1.0.0),5,6,Q,1981-Q3,2.9,,,,
ABS:ERP_COMP_Q(1.0.0),5,6,Q,1981-Q4,2.5,,,,
ABS:ERP_COMP_Q(1.0.0),5,6,Q,1982-Q1,2.5,,,,
ABS:ERP_COMP_Q(1.0.0),5,6,Q,1982-Q2,3,,,,
ABS:ERP_COMP_Q(1.0.0),5,6,Q,1982-Q3,2.6,,,,
ABS:ERP_COMP_Q(1.0.0),5,6,Q,1982-Q4,2.1,,,,
ABS:ERP_COMP_Q(1.0.0),5,6,Q,1983-Q1,2,,,,
ABS:ERP_COMP_Q(1.0.0),5,6,Q,1983-Q2,2.2,,,,
ABS:ERP_COMP_Q(1.0.0),5,6,Q,1983-Q3,2,,,,
ABS:ERP_COMP_Q(1.0.0),5,6,Q,1983-Q4,1.7,,,,
ABS:ERP_COMP_Q(1.0.0),5,6,Q,1984-Q1,2,,,,
ABS:ERP_COMP_Q(1.0.0),5,6,Q,1984-Q2,1.9,,,,
ABS:ERP_COMP_Q(1.0.0),5,6,Q,1984-Q3,1.9,,,,
ABS:ERP_COMP_Q(1.0.0),5,6,Q,1984-Q4,1.8,,,,
ABS:ERP_COMP_Q(1.0.0),5,6,Q,1985-Q1,2.3,,,,
ABS:ERP_COMP_Q(1.0.0),5,6,Q,1985-Q2,2.4,,,,
ABS:ERP_COMP_Q(1.0.0),5,6,Q,1985-Q3,2.4,,,,
ABS:ERP_COMP_Q(1.0.0),5,6,Q,1985-Q4,2.4,,,,
ABS:ERP_COMP_Q(1.0.0),5,6,Q,1986-Q1,2.5,,,,
ABS:ERP_COMP_Q(1.0.0),5,6,Q,1986-Q2,2.5,,,,
ABS:ERP_COMP_Q(1.0.0),5,6,Q,1986-Q3,2.4,,,,
ABS:ERP_COMP_Q(1.0.0),5,6,Q,1986-Q4,2.1,,,,
ABS:ERP_COMP_Q(1.0.0),5,6,Q,1987-Q1,3.2,,,,
ABS:ERP_COMP_Q(1.0.0),5,6,Q,1987-Q2,2.6,,,,
ABS:ERP_COMP_Q(1.0.0),5,6,Q,1987-Q3,3,,,,
ABS:ERP_COMP_Q(1.0.0),5,6,Q,1987-Q4,2.6,,,,
ABS:ERP_COMP_Q(1.0.0),5,6,Q,1988-Q1,3.3,,,,
ABS:ERP_COMP_Q(1.0.0),5,6,Q,1988-Q2,2.7,,,,
ABS:ERP_COMP_Q(1.0.0),5,6,Q,1988-Q3,2.8,,,,
ABS:ERP_COMP_Q(1.0.0),5,6,Q,1988-Q4,2.5,,,,
ABS:ERP_COMP_Q(1.0.0),5,6,Q,1989-Q1,3.4,,,,
ABS:ERP_COMP_Q(1.0.0),5,6,Q,1989-Q2,3,,,,
ABS:ERP_COMP_Q(1.0.0),5,6,Q,1989-Q3,2.7,,,,
ABS:ERP_COMP_Q(1.0.0),5,6,Q,1989-Q4,2.1,,,,
ABS:ERP_COMP_Q(1.0.0),5,6,Q,1990-Q1,3.3,,,,
ABS:ERP_COMP_Q(1.0.0),5,6,Q,1990-Q2,2.4,,,,
ABS:ERP_COMP_Q(1.0.0),5,6,Q,1990-Q3,2.5,,,,
ABS:ERP_COMP_Q(1.0.0),5,6,Q,1990-Q4,2.6,,,,
ABS:ERP_COMP_Q(1.0.0),5,6,Q,1991-Q1,3,,,,
ABS:ERP_COMP_Q(1.0.0),5,6,Q,1991-Q2,2.8,,,,
ABS:ERP_COMP_Q(1.0.0),5,6,Q,1991-Q3,2.5,,,,
ABS:ERP_COMP_Q(1.0.0),5,6,Q,1991-Q4,2.5,,,,
ABS:ERP_COMP_Q(1.0.0),5,6,Q,1992-Q1,3.3,,,,
ABS:ERP_COMP_Q(1.0.0),5,6,Q,1992-Q2,2.7,,,,
ABS:ERP_COMP_Q(1.0.0),5,6,Q,1992-Q3,3.1,,,,
ABS:ERP_COMP_Q(1.0.0),5,6,Q,1992-Q4,2.7,,,,
ABS:ERP_COMP_Q(1.0.0),5,6,Q,1993-Q1,3.6,,,,
ABS:ERP_COMP_Q(1.0.0),5,6,Q,1993-Q2,3.2,,,,
ABS:ERP_COMP_Q(1.0.0),5,6,Q,1993-Q3,2.6,,,,
ABS:ERP_COMP_Q(1.0.0),5,6,Q,1993-Q4,2.5,,,,
ABS:ERP_COMP_Q(1.0.0),5,6,Q,1994-Q1,3.8,,,,
ABS:ERP_COMP_Q(1.0.0),5,6,Q,1994-Q2,2.8,,,,
ABS:ERP_COMP_Q(1.0.0),5,6,Q,1994-Q3,2.9,,,,
ABS:ERP_COMP_Q(1.0.0),5,6,Q,1994-Q4,2.8,,,,
ABS:ERP_COMP_Q(1.0.0),5,6,Q,1995-Q1,3.7,,,,
ABS:ERP_COMP_Q(1.0.0),5,6,Q,1995-Q2,3.5,,,,
ABS:ERP_COMP_Q(1.0.0),5,6,Q,1995-Q3,3.1,,,,
ABS:ERP_COMP_Q(1.0.0),5,6,Q,1995-Q4,3.1,,,,
ABS:ERP_COMP_Q(1.0.0),5,6,Q,1996-Q1,3.9,,,,
ABS:ERP_COMP_Q(1.0.0),5,6,Q,1996-Q2,3.1,,,,
ABS:ERP_COMP_Q(1.0.0),5,6,Q,1996-Q3,3.3,,,,
ABS:ERP_COMP_Q(1.0.0),5,6,Q,1996-Q4,4.2,,,,
ABS:ERP_COMP_Q(1.0.0),5,6,Q,1997-Q1,3.6,,,,
ABS:ERP_COMP_Q(1.0.0),5,6,Q,1997-Q2,3.7,,,,
ABS:ERP_COMP_Q(1.0.0),5,6,Q,1997-Q3,3.1,,,,
ABS:ERP_COMP_Q(1.0.0),5,6,Q,1997-Q4,4.1,,,,
ABS:ERP_COMP_Q(1.0.0),5,6,Q,1998-Q1,3.7,,,,
ABS:ERP_COMP_Q(1.0.0),5,6,Q,1998-Q2,3.8,,,,
ABS:ERP_COMP_Q(1.0.0),5,6,Q,1998-Q3,3.4,,,,
ABS:ERP_COMP_Q(1.0.0),5,6,Q,1998-Q4,4.3,,,,
ABS:ERP_COMP_Q(1.0.0),5,6,Q,1999-Q1,3.9,,,,
ABS:ERP_COMP_Q(1.0.0),5,6,Q,1999-Q2,3.7,,,,
ABS:ERP_COMP_Q(1.0.0),5,6,Q,1999-Q3,3.2,,,,
ABS:ERP_COMP_Q(1.0.0),5,6,Q,1999-Q4,4,,,,
ABS:ERP_COMP_Q(1.0.0),5,6,Q,2000-Q1,3.8,,,,
ABS:ERP_COMP_Q(1.0.0),5,6,Q,2000-Q2,3.5,,,,
ABS:ERP_COMP_Q(1.0.0),5,6,Q,2000-Q3,3.4,,,,
ABS:ERP_COMP_Q(1.0.0),5,6,Q,2000-Q4,4.2,,,,
ABS:ERP_COMP_Q(1.0.0),5,6,Q,2001-Q1,3.6,,,,
ABS:ERP_COMP_Q(1.0.0),5,6,Q,2001-Q2,3.7,,,,
ABS:ERP_COMP_Q(1.0.0),5,6,Q,2001-Q3,3.2,,,,
ABS:ERP_COMP_Q(1.0.0),5,6,Q,2001-Q4,3.9,,,,
ABS:ERP_COMP_Q(1.0.0),5,6,Q,2002-Q1,3.7,,,,
ABS:ERP_COMP_Q(1.0.0),5,6,Q,2002-Q2,3.6,,,,
ABS:ERP_COMP_Q(1.0.0),5,6,Q,2002-Q3,3.3,,,,
ABS:ERP_COMP_Q(1.0.0),5,6,Q,2002-Q4,4,,,,
ABS:ERP_COMP_Q(1.0.0),5,6,Q,2003-Q1,3.3,,,,
ABS:ERP_COMP_Q(1.0.0),5,6,Q,2003-Q2,3.4,,,,
ABS:ERP_COMP_Q(1.0.0),5,6,Q,2003-Q3,3.1,,,,
ABS:ERP_COMP_Q(1.0.0),5,6,Q,2003-Q4,3.8,,,,
ABS:ERP_COMP_Q(1.0.0),5,6,Q,2004-Q1,3.5,,,,
ABS:ERP_COMP_Q(1.0.0),5,6,Q,2004-Q2,3.3,,,,
ABS:ERP_COMP_Q(1.0.0),5,6,Q,2004-Q3,2.9,,,,
ABS:ERP_COMP_Q(1.0.0),5,6,Q,2004-Q4,3.6,,,,
ABS:ERP_COMP_Q(1.0.0),5,6,Q,2005-Q1,3.3,,,,
ABS:ERP_COMP_Q(1.0.0),5,6,Q,2005-Q2,3.1,,,,
ABS:ERP_COMP_Q(1.0.0),5,6,Q,2005-Q3,2.8,,,,
ABS:ERP_COMP_Q(1.0.0),5,6,Q,2005-Q4,3.3,,,,
ABS:ERP_COMP_Q(1.0.0),5,6,Q,2006-Q1,3.1,,,,
ABS:ERP_COMP_Q(1.0.0),5,6,Q,2006-Q2,3.1,,,,
ABS:ERP_COMP_Q(1.0.0),5,6,Q,2006-Q3,2.9,,,,
ABS:ERP_COMP_Q(1.0.0),5,6,Q,2006-Q4,3.7,,,,
ABS:ERP_COMP_Q(1.0.0),5,6,Q,2007-Q1,3.3,,,,
ABS:ERP_COMP_Q(1.0.0),5,6,Q,2007-Q2,3.3,,,,
ABS:ERP_COMP_Q(1.0.0),5,6,Q,2007-Q3,2.7,,,,
ABS:ERP_COMP_Q(1.0.0),5,6,Q,2007-Q4,3.4,,,,
ABS:ERP_COMP_Q(1.0.0),5,6,Q,2008-Q1,3.1,,,,
ABS:ERP_COMP_Q(1.0.0),5,6,Q,2008-Q2,3.1,,,,
ABS:ERP_COMP_Q(1.0.0),5,6,Q,2008-Q3,2.7,,,,
ABS:ERP_COMP_Q(1.0.0),5,6,Q,2008-Q4,3.5,,,,
ABS:ERP_COMP_Q(1.0.0),5,6,Q,2009-Q1,3.1,,,,
ABS:ERP_COMP_Q(1.0.0),5,6,Q,2009-Q2,3.1,,,,
ABS:ERP_COMP_Q(1.0.0),5,6,Q,2009-Q3,2.5,,,,
ABS:ERP_COMP_Q(1.0.0),5,6,Q,2009-Q4,3.1,,,,
ABS:ERP_COMP_Q(1.0.0),5,6,Q,2010-Q1,2.6,,,,
ABS:ERP_COMP_Q(1.0.0),5,6,Q,2010-Q2,2.8,,,,
ABS:ERP_COMP_Q(1.0.0),5,6,Q,2010-Q3,2.5,,,,
ABS:ERP_COMP_Q(1.0.0),5,6,Q,2010-Q4,3.2,,,,
ABS:ERP_COMP_Q(1.0.0),5,6,Q,2011-Q1,2.9,,,,
ABS:ERP_COMP_Q(1.0.0),5,6,Q,2011-Q2,3,,,,
ABS:ERP_COMP_Q(1.0.0),5,6,Q,2011-Q3,2.9,,,,
ABS:ERP_COMP_Q(1.0.0),5,6,Q,2011-Q4,3.8,,,,
ABS:ERP_COMP_Q(1.0.0),5,6,Q,2012-Q1,3.3,,,,
ABS:ERP_COMP_Q(1.0.0),5,6,Q,2012-Q2,3.2,,,,
ABS:ERP_COMP_Q(1.0.0),5,6,Q,2012-Q3,2.8,,,,
ABS:ERP_COMP_Q(1.0.0),5,6,Q,2012-Q4,3.1,,,,
ABS:ERP_COMP_Q(1.0.0),5,6,Q,2013-Q1,3.1,,,,
ABS:ERP_COMP_Q(1.0.0),5,6,Q,2013-Q2,3.2,,,,
ABS:ERP_COMP_Q(1.0.0),5,6,Q,2013-Q3,2.7,,,,
ABS:ERP_COMP_Q(1.0.0),5,6,Q,2013-Q4,3.3,,,,
ABS:ERP_COMP_Q(1.0.0),5,6,Q,2014-Q1,3,,,,
ABS:ERP_COMP_Q(1.0.0),5,6,Q,2014-Q2,3,,,,
ABS:ERP_COMP_Q(1.0.0),5,6,Q,2014-Q3,2.4,,,,
ABS:ERP_COMP_Q(1.0.0),5,6,Q,2014-Q4,3.2,,,,
ABS:ERP_COMP_Q(1.0.0),5,6,Q,2015-Q1,2.7,,,,
ABS:ERP_COMP_Q(1.0.0),5,6,Q,2015-Q2,2.8,,,,
ABS:ERP_COMP_Q(1.0.0),5,6,Q,2015-Q3,2.5,,,,
ABS:ERP_COMP_Q(1.0.0),5,6,Q,2015-Q4,3.2,,,,
ABS:ERP_COMP_Q(1.0.0),5,6,Q,2016-Q1,2.8,,,,
ABS:ERP_COMP_Q(1.0.0),5,6,Q,2016-Q2,3.1,,,,
ABS:ERP_COMP_Q(1.0.0),5,6,Q,2016-Q3,2.9,,,,
ABS:ERP_COMP_Q(1.0.0),5,6,Q,2016-Q4,3.9,,,,
ABS:ERP_COMP_Q(1.0.0),5,6,Q,2017-Q1,3.3,,,,
ABS:ERP_COMP_Q(1.0.0),5,6,Q,2017-Q2,3.5,,,,
ABS:ERP_COMP_Q(1.0.0),5,6,Q,2017-Q3,3,,,,
ABS:ERP_COMP_Q(1.0.0),5,6,Q,2017-Q4,4,,,,
ABS:ERP_COMP_Q(1.0.0),5,6,Q,2018-Q1,3.5,,,,
ABS:ERP_COMP_Q(1.0.0),5,6,Q,2018-Q2,3.5,,,,
ABS:ERP_COMP_Q(1.0.0),5,6,Q,2018-Q3,3.2,,,,
ABS:ERP_COMP_Q(1.0.0),5,6,Q,2018-Q4,4.1,,,,
ABS:ERP_COMP_Q(1.0.0),5,6,Q,2019-Q1,3.8,,,,
ABS:ERP_COMP_Q(1.0.0),5,6,Q,2019-Q2,4,,,,
ABS:ERP_COMP_Q(1.0.0),5,6,Q,2019-Q3,3.6,,,,
ABS:ERP_COMP_Q(1.0.0),5,6,Q,2019-Q4,4.3,,,,
ABS:ERP_COMP_Q(1.0.0),5,6,Q,2020-Q1,3,,,,
ABS:ERP_COMP_Q(1.0.0),5,6,Q,2020-Q2,3,,,,
ABS:ERP_COMP_Q(1.0.0),5,6,Q,2020-Q3,2.2,,,,
ABS:ERP_COMP_Q(1.0.0),5,6,Q,2020-Q4,3.1,,,,
ABS:ERP_COMP_Q(1.0.0),5,6,Q,2021-Q1,3,,,,
ABS:ERP_COMP_Q(1.0.0),5,6,Q,2021-Q2,4.4,,,,
ABS:ERP_COMP_Q(1.0.0),5,6,Q,2021-Q3,3.5,,,,
ABS:ERP_COMP_Q(1.0.0),5,6,Q,2021-Q4,4,,,,
ABS:ERP_COMP_Q(1.0.0),5,6,Q,2022-Q1,3.7,,,,
ABS:ERP_COMP_Q(1.0.0),5,6,Q,2022-Q2,3.8,,,,
ABS:ERP_COMP_Q(1.0.0),5,6,Q,2022-Q3,3.1,,,,
ABS:ERP_COMP_Q(1.0.0),5,6,Q,2022-Q4,4.8,,,,
ABS:ERP_COMP_Q(1.0.0),5,6,Q,2023-Q1,4.4,,,,
ABS:ERP_COMP_Q(1.0.0),5,6,Q,2023-Q2,4.3,,,,
ABS:ERP_COMP_Q(1.0.0),5,6,Q,2023-Q3,3.8,,,,
ABS:ERP_COMP_Q(1.0.0),5,6,Q,2023-Q4,4.6,,,,
ABS:ERP_COMP_Q(1.0.0),5,6,Q,2024-Q1,4,,,,
ABS:ERP_COMP_Q(1.0.0),5,6,Q,2024-Q2,4,,,,
ABS:ERP_COMP_Q(1.0.0),5,6,Q,2024-Q3,3.2,,,,
ABS:ERP_COMP_Q(1.0.0),5,6,Q,2024-Q4,4.3,,,,
ABS:ERP_COMP_Q(1.0.0),5,6,Q,2025-Q1,3.7,,,,
ABS:ERP_COMP_Q(1.0.0),5,6,Q,2025-Q2,3.5,,,,
ABS:ERP_COMP_Q(1.0.0),5,6,Q,2025-Q3,3,,,,
ABS:ERP_COMP_Q(1.0.0),5,6,Q,2025-Q4,4.2,,,,
ABS:ERP_COMP_Q(1.0.0),1,5,Q,1981-Q2,5.7,,,,
ABS:ERP_COMP_Q(1.0.0),1,5,Q,1981-Q3,5.7,,,,
ABS:ERP_COMP_Q(1.0.0),1,5,Q,1981-Q4,5.2,,,,
ABS:ERP_COMP_Q(1.0.0),1,5,Q,1982-Q1,5.6,,,,
ABS:ERP_COMP_Q(1.0.0),1,5,Q,1982-Q2,5.7,,,,
ABS:ERP_COMP_Q(1.0.0),1,5,Q,1982-Q3,5.7,,,,
ABS:ERP_COMP_Q(1.0.0),1,5,Q,1982-Q4,5.2,,,,
ABS:ERP_COMP_Q(1.0.0),1,5,Q,1983-Q1,5.7,,,,
ABS:ERP_COMP_Q(1.0.0),1,5,Q,1983-Q2,5.8,,,,
ABS:ERP_COMP_Q(1.0.0),1,5,Q,1983-Q3,5.6,,,,
ABS:ERP_COMP_Q(1.0.0),1,5,Q,1983-Q4,6,,,,
ABS:ERP_COMP_Q(1.0.0),1,5,Q,1984-Q1,5.4,,,,
ABS:ERP_COMP_Q(1.0.0),1,5,Q,1984-Q2,5.5,,,,
ABS:ERP_COMP_Q(1.0.0),1,5,Q,1984-Q3,6,,,,
ABS:ERP_COMP_Q(1.0.0),1,5,Q,1984-Q4,4.7,,,,
ABS:ERP_COMP_Q(1.0.0),1,5,Q,1985-Q1,5.9,,,,
ABS:ERP_COMP_Q(1.0.0),1,5,Q,1985-Q2,6.3,,,,
ABS:ERP_COMP_Q(1.0.0),1,5,Q,1985-Q3,5.6,,,,
ABS:ERP_COMP_Q(1.0.0),1,5,Q,1985-Q4,5.2,,,,
ABS:ERP_COMP_Q(1.0.0),1,5,Q,1986-Q1,6,,,,
ABS:ERP_COMP_Q(1.0.0),1,5,Q,1986-Q2,6.4,,,,
ABS:ERP_COMP_Q(1.0.0),1,5,Q,1986-Q3,6.1,,,,
ABS:ERP_COMP_Q(1.0.0),1,5,Q,1986-Q4,5.8,,,,
ABS:ERP_COMP_Q(1.0.0),1,5,Q,1987-Q1,5.6,,,,
ABS:ERP_COMP_Q(1.0.0),1,5,Q,1987-Q2,6.4,,,,
ABS:ERP_COMP_Q(1.0.0),1,5,Q,1987-Q3,6.1,,,,
ABS:ERP_COMP_Q(1.0.0),1,5,Q,1987-Q4,5.2,,,,
ABS:ERP_COMP_Q(1.0.0),1,5,Q,1988-Q1,6.8,,,,
ABS:ERP_COMP_Q(1.0.0),1,5,Q,1988-Q2,6.2,,,,
ABS:ERP_COMP_Q(1.0.0),1,5,Q,1988-Q3,6.2,,,,
ABS:ERP_COMP_Q(1.0.0),1,5,Q,1988-Q4,5.9,,,,
ABS:ERP_COMP_Q(1.0.0),1,5,Q,1989-Q1,5.9,,,,
ABS:ERP_COMP_Q(1.0.0),1,5,Q,1989-Q2,6.7,,,,
ABS:ERP_COMP_Q(1.0.0),1,5,Q,1989-Q3,6.5,,,,
ABS:ERP_COMP_Q(1.0.0),1,5,Q,1989-Q4,6,,,,
ABS:ERP_COMP_Q(1.0.0),1,5,Q,1990-Q1,6.5,,,,
ABS:ERP_COMP_Q(1.0.0),1,5,Q,1990-Q2,6.3,,,,
ABS:ERP_COMP_Q(1.0.0),1,5,Q,1990-Q3,6.5,,,,
ABS:ERP_COMP_Q(1.0.0),1,5,Q,1990-Q4,6,,,,
ABS:ERP_COMP_Q(1.0.0),1,5,Q,1991-Q1,6.5,,,,
ABS:ERP_COMP_Q(1.0.0),1,5,Q,1991-Q2,6.7,,,,
ABS:ERP_COMP_Q(1.0.0),1,5,Q,1991-Q3,6.2,,,,
ABS:ERP_COMP_Q(1.0.0),1,5,Q,1991-Q4,5.9,,,,
ABS:ERP_COMP_Q(1.0.0),1,5,Q,1992-Q1,6.3,,,,
ABS:ERP_COMP_Q(1.0.0),1,5,Q,1992-Q2,6.4,,,,
ABS:ERP_COMP_Q(1.0.0),1,5,Q,1992-Q3,6.4,,,,
ABS:ERP_COMP_Q(1.0.0),1,5,Q,1992-Q4,5.9,,,,
ABS:ERP_COMP_Q(1.0.0),1,5,Q,1993-Q1,6.1,,,,
ABS:ERP_COMP_Q(1.0.0),1,5,Q,1993-Q2,6.3,,,,
ABS:ERP_COMP_Q(1.0.0),1,5,Q,1993-Q3,6.4,,,,
ABS:ERP_COMP_Q(1.0.0),1,5,Q,1993-Q4,6.1,,,,
ABS:ERP_COMP_Q(1.0.0),1,5,Q,1994-Q1,6.2,,,,
ABS:ERP_COMP_Q(1.0.0),1,5,Q,1994-Q2,6.3,,,,
ABS:ERP_COMP_Q(1.0.0),1,5,Q,1994-Q3,6.5,,,,
ABS:ERP_COMP_Q(1.0.0),1,5,Q,1994-Q4,6,,,,
ABS:ERP_COMP_Q(1.0.0),1,5,Q,1995-Q1,6.4,,,,
ABS:ERP_COMP_Q(1.0.0),1,5,Q,1995-Q2,6.3,,,,
ABS:ERP_COMP_Q(1.0.0),1,5,Q,1995-Q3,6.4,,,,
ABS:ERP_COMP_Q(1.0.0),1,5,Q,1995-Q4,5.8,,,,
ABS:ERP_COMP_Q(1.0.0),1,5,Q,1996-Q1,6.2,,,,
ABS:ERP_COMP_Q(1.0.0),1,5,Q,1996-Q2,6.3,,,,
ABS:ERP_COMP_Q(1.0.0),1,5,Q,1996-Q3,6.4,,,,
ABS:ERP_COMP_Q(1.0.0),1,5,Q,1996-Q4,6,,,,
ABS:ERP_COMP_Q(1.0.0),1,5,Q,1997-Q1,6.3,,,,
ABS:ERP_COMP_Q(1.0.0),1,5,Q,1997-Q2,6,,,,
ABS:ERP_COMP_Q(1.0.0),1,5,Q,1997-Q3,6.3,,,,
ABS:ERP_COMP_Q(1.0.0),1,5,Q,1997-Q4,5.9,,,,
ABS:ERP_COMP_Q(1.0.0),1,5,Q,1998-Q1,6.2,,,,
ABS:ERP_COMP_Q(1.0.0),1,5,Q,1998-Q2,6.3,,,,
ABS:ERP_COMP_Q(1.0.0),1,5,Q,1998-Q3,6.4,,,,
ABS:ERP_COMP_Q(1.0.0),1,5,Q,1998-Q4,6.3,,,,
ABS:ERP_COMP_Q(1.0.0),1,5,Q,1999-Q1,6.2,,,,
ABS:ERP_COMP_Q(1.0.0),1,5,Q,1999-Q2,6.4,,,,
ABS:ERP_COMP_Q(1.0.0),1,5,Q,1999-Q3,6.3,,,,
ABS:ERP_COMP_Q(1.0.0),1,5,Q,1999-Q4,6.3,,,,
ABS:ERP_COMP_Q(1.0.0),1,5,Q,2000-Q1,6.2,,,,
ABS:ERP_COMP_Q(1.0.0),1,5,Q,2000-Q2,6.1,,,,
ABS:ERP_COMP_Q(1.0.0),1,5,Q,2000-Q3,6.3,,,,
ABS:ERP_COMP_Q(1.0.0),1,5,Q,2000-Q4,5.9,,,,
ABS:ERP_COMP_Q(1.0.0),1,5,Q,2001-Q1,6.2,,,,
ABS:ERP_COMP_Q(1.0.0),1,5,Q,2001-Q2,6,,,,
ABS:ERP_COMP_Q(1.0.0),1,5,Q,2001-Q3,6.3,,,,
ABS:ERP_COMP_Q(1.0.0),1,5,Q,2001-Q4,5.9,,,,
ABS:ERP_COMP_Q(1.0.0),1,5,Q,2002-Q1,6.1,,,,
ABS:ERP_COMP_Q(1.0.0),1,5,Q,2002-Q2,6.1,,,,
ABS:ERP_COMP_Q(1.0.0),1,5,Q,2002-Q3,6,,,,
ABS:ERP_COMP_Q(1.0.0),1,5,Q,2002-Q4,6,,,,
ABS:ERP_COMP_Q(1.0.0),1,5,Q,2003-Q1,6,,,,
ABS:ERP_COMP_Q(1.0.0),1,5,Q,2003-Q2,6.1,,,,
ABS:ERP_COMP_Q(1.0.0),1,5,Q,2003-Q3,6,,,,
ABS:ERP_COMP_Q(1.0.0),1,5,Q,2003-Q4,5.7,,,,
ABS:ERP_COMP_Q(1.0.0),1,5,Q,2004-Q1,6.4,,,,
ABS:ERP_COMP_Q(1.0.0),1,5,Q,2004-Q2,6.3,,,,
ABS:ERP_COMP_Q(1.0.0),1,5,Q,2004-Q3,6.3,,,,
ABS:ERP_COMP_Q(1.0.0),1,5,Q,2004-Q4,6,,,,
ABS:ERP_COMP_Q(1.0.0),1,5,Q,2005-Q1,6.5,,,,
ABS:ERP_COMP_Q(1.0.0),1,5,Q,2005-Q2,6.6,,,,
ABS:ERP_COMP_Q(1.0.0),1,5,Q,2005-Q3,6.8,,,,
ABS:ERP_COMP_Q(1.0.0),1,5,Q,2005-Q4,6.5,,,,
ABS:ERP_COMP_Q(1.0.0),1,5,Q,2006-Q1,6.9,,,,
ABS:ERP_COMP_Q(1.0.0),1,5,Q,2006-Q2,6.8,,,,
ABS:ERP_COMP_Q(1.0.0),1,5,Q,2006-Q3,7.4,,,,
ABS:ERP_COMP_Q(1.0.0),1,5,Q,2006-Q4,7,,,,
ABS:ERP_COMP_Q(1.0.0),1,5,Q,2007-Q1,7.5,,,,
ABS:ERP_COMP_Q(1.0.0),1,5,Q,2007-Q2,7.4,,,,
ABS:ERP_COMP_Q(1.0.0),1,5,Q,2007-Q3,7.6,,,,
ABS:ERP_COMP_Q(1.0.0),1,5,Q,2007-Q4,7.5,,,,
ABS:ERP_COMP_Q(1.0.0),1,5,Q,2008-Q1,7.9,,,,
ABS:ERP_COMP_Q(1.0.0),1,5,Q,2008-Q2,7.7,,,,
ABS:ERP_COMP_Q(1.0.0),1,5,Q,2008-Q3,7.8,,,,
ABS:ERP_COMP_Q(1.0.0),1,5,Q,2008-Q4,7.4,,,,
ABS:ERP_COMP_Q(1.0.0),1,5,Q,2009-Q1,7.7,,,,
ABS:ERP_COMP_Q(1.0.0),1,5,Q,2009-Q2,7.9,,,,
ABS:ERP_COMP_Q(1.0.0),1,5,Q,2009-Q3,7.9,,,,
ABS:ERP_COMP_Q(1.0.0),1,5,Q,2009-Q4,7.8,,,,
ABS:ERP_COMP_Q(1.0.0),1,5,Q,2010-Q1,8,,,,
ABS:ERP_COMP_Q(1.0.0),1,5,Q,2010-Q2,7.9,,,,
ABS:ERP_COMP_Q(1.0.0),1,5,Q,2010-Q3,7.9,,,,
ABS:ERP_COMP_Q(1.0.0),1,5,Q,2010-Q4,7.5,,,,
ABS:ERP_COMP_Q(1.0.0),1,5,Q,2011-Q1,8.2,,,,
ABS:ERP_COMP_Q(1.0.0),1,5,Q,2011-Q2,8.2,,,,
ABS:ERP_COMP_Q(1.0.0),1,5,Q,2011-Q3,8.1,,,,
ABS:ERP_COMP_Q(1.0.0),1,5,Q,2011-Q4,7.8,,,,
ABS:ERP_COMP_Q(1.0.0),1,5,Q,2012-Q1,8.5,,,,
ABS:ERP_COMP_Q(1.0.0),1,5,Q,2012-Q2,8.5,,,,
ABS:ERP_COMP_Q(1.0.0),1,5,Q,2012-Q3,8.5,,,,
ABS:ERP_COMP_Q(1.0.0),1,5,Q,2012-Q4,8.6,,,,
ABS:ERP_COMP_Q(1.0.0),1,5,Q,2013-Q1,8.8,,,,
ABS:ERP_COMP_Q(1.0.0),1,5,Q,2013-Q2,8.7,,,,
ABS:ERP_COMP_Q(1.0.0),1,5,Q,2013-Q3,8.6,,,,
ABS:ERP_COMP_Q(1.0.0),1,5,Q,2013-Q4,8.5,,,,
ABS:ERP_COMP_Q(1.0.0),1,5,Q,2014-Q1,8.9,,,,
ABS:ERP_COMP_Q(1.0.0),1,5,Q,2014-Q2,9,,,,
ABS:ERP_COMP_Q(1.0.0),1,5,Q,2014-Q3,8.9,,,,
ABS:ERP_COMP_Q(1.0.0),1,5,Q,2014-Q4,8.7,,,,
ABS:ERP_COMP_Q(1.0.0),1,5,Q,2015-Q1,8.9,,,,
ABS:ERP_COMP_Q(1.0.0),1,5,Q,2015-Q2,8.7,,,,
ABS:ERP_COMP_Q(1.0.0),1,5,Q,2015-Q3,9,,,,
ABS:ERP_COMP_Q(1.0.0),1,5,Q,2015-Q4,8.7,,,,
ABS:ERP_COMP_Q(1.0.0),1,5,Q,2016-Q1,9.2,,,,
ABS:ERP_COMP_Q(1.0.0),1,5,Q,2016-Q2,9.1,,,,
ABS:ERP_COMP_Q(1.0.0),1,5,Q,2016-Q3,8.9,,,,
ABS:ERP_COMP_Q(1.0.0),1,5,Q,2016-Q4,8.7,,,,
ABS:ERP_COMP_Q(1.0.0),1,5,Q,2017-Q1,8.7,,,,
ABS:ERP_COMP_Q(1.0.0),1,5,Q,2017-Q2,8.7,,,,
ABS:ERP_COMP_Q(1.0.0),1,5,Q,2017-Q3,8.6,,,,
ABS:ERP_COMP_Q(1.0.0),1,5,Q,2017-Q4,8.5,,,,
ABS:ERP_COMP_Q(1.0.0),1,5,Q,2018-Q1,8.5,,,,
ABS:ERP_COMP_Q(1.0.0),1,5,Q,2018-Q2,8.3,,,,
ABS:ERP_COMP_Q(1.0.0),1,5,Q,2018-Q3,8.3,,,,
ABS:ERP_COMP_Q(1.0.0),1,5,Q,2018-Q4,8.3,,,,
ABS:ERP_COMP_Q(1.0.0),1,5,Q,2019-Q1,8.3,,,,
ABS:ERP_COMP_Q(1.0.0),1,5,Q,2019-Q2,8.4,,,,
ABS:ERP_COMP_Q(1.0.0),1,5,Q,2019-Q3,8.4,,,,
ABS:ERP_COMP_Q(1.0.0),1,5,Q,2019-Q4,8.4,,,,
ABS:ERP_COMP_Q(1.0.0),1,5,Q,2020-Q1,8.2,,,,
ABS:ERP_COMP_Q(1.0.0),1,5,Q,2020-Q2,8.1,,,,
ABS:ERP_COMP_Q(1.0.0),1,5,Q,2020-Q3,8.1,,,,
ABS:ERP_COMP_Q(1.0.0),1,5,Q,2020-Q4,7.9,,,,
ABS:ERP_COMP_Q(1.0.0),1,5,Q,2021-Q1,8.9,,,,
ABS:ERP_COMP_Q(1.0.0),1,5,Q,2021-Q2,8.7,,,,
ABS:ERP_COMP_Q(1.0.0),1,5,Q,2021-Q3,8.5,,,,
ABS:ERP_COMP_Q(1.0.0),1,5,Q,2021-Q4,8.6,,,,
ABS:ERP_COMP_Q(1.0.0),1,5,Q,2022-Q1,8.3,,,,
ABS:ERP_COMP_Q(1.0.0),1,5,Q,2022-Q2,8,,,,
ABS:ERP_COMP_Q(1.0.0),1,5,Q,2022-Q3,8.2,,,,
ABS:ERP_COMP_Q(1.0.0),1,5,Q,2022-Q4,7.9,,,,
ABS:ERP_COMP_Q(1.0.0),1,5,Q,2023-Q1,7.5,,,,
ABS:ERP_COMP_Q(1.0.0),1,5,Q,2023-Q2,7.7,,,,
ABS:ERP_COMP_Q(1.0.0),1,5,Q,2023-Q3,7.8,,,,
ABS:ERP_COMP_Q(1.0.0),1,5,Q,2023-Q4,7.7,,,,
ABS:ERP_COMP_Q(1.0.0),1,5,Q,2024-Q1,7.9,,,,
ABS:ERP_COMP_Q(1.0.0),1,5,Q,2024-Q2,8,,,,
ABS:ERP_COMP_Q(1.0.0),1,5,Q,2024-Q3,8.3,,,,
ABS:ERP_COMP_Q(1.0.0),1,5,Q,2024-Q4,7.2,,,,
ABS:ERP_COMP_Q(1.0.0),1,5,Q,2025-Q1,9.1,,,,
ABS:ERP_COMP_Q(1.0.0),1,5,Q,2025-Q2,8.3,,,,
ABS:ERP_COMP_Q(1.0.0),1,5,Q,2025-Q3,8.5,,,,
ABS:ERP_COMP_Q(1.0.0),1,5,Q,2025-Q4,7.1,,,,
ABS:ERP_COMP_Q(1.0.0),12,5,Q,1981-Q2,-0.5,,,,
ABS:ERP_COMP_Q(1.0.0),12,5,Q,1981-Q3,0.5,,,,
ABS:ERP_COMP_Q(1.0.0),12,5,Q,1981-Q4,-0.1,,,,
ABS:ERP_COMP_Q(1.0.0),12,5,Q,1982-Q1,-0.1,,,,
ABS:ERP_COMP_Q(1.0.0),12,5,Q,1982-Q2,0.5,,,,
ABS:ERP_COMP_Q(1.0.0),12,5,Q,1982-Q3,0.4,,,,
ABS:ERP_COMP_Q(1.0.0),12,5,Q,1982-Q4,-0.6,,,,
ABS:ERP_COMP_Q(1.0.0),12,5,Q,1983-Q1,0.1,,,,
ABS:ERP_COMP_Q(1.0.0),12,5,Q,1983-Q2,-0.1,,,,
ABS:ERP_COMP_Q(1.0.0),12,5,Q,1983-Q3,0.4,,,,
ABS:ERP_COMP_Q(1.0.0),12,5,Q,1983-Q4,-0.2,,,,
ABS:ERP_COMP_Q(1.0.0),12,5,Q,1984-Q1,-0.4,,,,
ABS:ERP_COMP_Q(1.0.0),12,5,Q,1984-Q2,0.4,,,,
ABS:ERP_COMP_Q(1.0.0),12,5,Q,1984-Q3,0.4,,,,
ABS:ERP_COMP_Q(1.0.0),12,5,Q,1984-Q4,-0.2,,,,
ABS:ERP_COMP_Q(1.0.0),12,5,Q,1985-Q1,0.2,,,,
ABS:ERP_COMP_Q(1.0.0),12,5,Q,1985-Q2,0.3,,,,
ABS:ERP_COMP_Q(1.0.0),12,5,Q,1985-Q3,0.5,,,,
ABS:ERP_COMP_Q(1.0.0),12,5,Q,1985-Q4,0.2,,,,
ABS:ERP_COMP_Q(1.0.0),12,5,Q,1986-Q1,-0.2,,,,
ABS:ERP_COMP_Q(1.0.0),12,5,Q,1986-Q2,0.2,,,,
ABS:ERP_COMP_Q(1.0.0),12,5,Q,1986-Q3,0.5,,,,
ABS:ERP_COMP_Q(1.0.0),12,5,Q,1986-Q4,0.3,,,,
ABS:ERP_COMP_Q(1.0.0),12,5,Q,1987-Q1,0.8,,,,
ABS:ERP_COMP_Q(1.0.0),12,5,Q,1987-Q2,0.5,,,,
ABS:ERP_COMP_Q(1.0.0),12,5,Q,1987-Q3,0.7,,,,
ABS:ERP_COMP_Q(1.0.0),12,5,Q,1987-Q4,-0.5,,,,
ABS:ERP_COMP_Q(1.0.0),12,5,Q,1988-Q1,0.7,,,,
ABS:ERP_COMP_Q(1.0.0),12,5,Q,1988-Q2,-0.2,,,,
ABS:ERP_COMP_Q(1.0.0),12,5,Q,1988-Q3,2.2,,,,
ABS:ERP_COMP_Q(1.0.0),12,5,Q,1988-Q4,0.5,,,,
ABS:ERP_COMP_Q(1.0.0),12,5,Q,1989-Q1,1.1,,,,
ABS:ERP_COMP_Q(1.0.0),12,5,Q,1989-Q2,-1,,,,
ABS:ERP_COMP_Q(1.0.0),12,5,Q,1989-Q3,0.7,,,,
ABS:ERP_COMP_Q(1.0.0),12,5,Q,1989-Q4,0.7,,,,
ABS:ERP_COMP_Q(1.0.0),12,5,Q,1990-Q1,0.8,,,,
ABS:ERP_COMP_Q(1.0.0),12,5,Q,1990-Q2,0.5,,,,
ABS:ERP_COMP_Q(1.0.0),12,5,Q,1990-Q3,-0.1,,,,
ABS:ERP_COMP_Q(1.0.0),12,5,Q,1990-Q4,-1,,,,
ABS:ERP_COMP_Q(1.0.0),12,5,Q,1991-Q1,0.6,,,,
ABS:ERP_COMP_Q(1.0.0),12,5,Q,1991-Q2,-0.4,,,,
ABS:ERP_COMP_Q(1.0.0),12,5,Q,1991-Q3,-0.1,,,,
ABS:ERP_COMP_Q(1.0.0),12,5,Q,1991-Q4,-1.3,,,,
ABS:ERP_COMP_Q(1.0.0),12,5,Q,1992-Q1,-0.1,,,,
ABS:ERP_COMP_Q(1.0.0),12,5,Q,1992-Q2,-0.8,,,,
ABS:ERP_COMP_Q(1.0.0),12,5,Q,1992-Q3,-0.4,,,,
ABS:ERP_COMP_Q(1.0.0),12,5,Q,1992-Q4,-1.4,,,,
ABS:ERP_COMP_Q(1.0.0),12,5,Q,1993-Q1,-0.2,,,,
ABS:ERP_COMP_Q(1.0.0),12,5,Q,1993-Q2,-1.5,,,,
ABS:ERP_COMP_Q(1.0.0),12,5,Q,1993-Q3,0.2,,,,
ABS:ERP_COMP_Q(1.0.0),12,5,Q,1993-Q4,-1,,,,
ABS:ERP_COMP_Q(1.0.0),12,5,Q,1994-Q1,-0.8,,,,
ABS:ERP_COMP_Q(1.0.0),12,5,Q,1994-Q2,-0.9,,,,
ABS:ERP_COMP_Q(1.0.0),12,5,Q,1994-Q3,0.5,,,,
ABS:ERP_COMP_Q(1.0.0),12,5,Q,1994-Q4,-1.8,,,,
ABS:ERP_COMP_Q(1.0.0),12,5,Q,1995-Q1,-0.9,,,,
ABS:ERP_COMP_Q(1.0.0),12,5,Q,1995-Q2,0.7,,,,
ABS:ERP_COMP_Q(1.0.0),12,5,Q,1995-Q3,0,,,,
ABS:ERP_COMP_Q(1.0.0),12,5,Q,1995-Q4,0.4,,,,
ABS:ERP_COMP_Q(1.0.0),12,5,Q,1996-Q1,-1.7,,,,
ABS:ERP_COMP_Q(1.0.0),12,5,Q,1996-Q2,0.6,,,,
ABS:ERP_COMP_Q(1.0.0),12,5,Q,1996-Q3,0.5,,,,
ABS:ERP_COMP_Q(1.0.0),12,5,Q,1996-Q4,-0.1,,,,
ABS:ERP_COMP_Q(1.0.0),12,5,Q,1997-Q1,-0.8,,,,
ABS:ERP_COMP_Q(1.0.0),12,5,Q,1997-Q2,-0.5,,,,
ABS:ERP_COMP_Q(1.0.0),12,5,Q,1997-Q3,0,,,,
ABS:ERP_COMP_Q(1.0.0),12,5,Q,1997-Q4,0,,,,
ABS:ERP_COMP_Q(1.0.0),12,5,Q,1998-Q1,0,,,,
ABS:ERP_COMP_Q(1.0.0),12,5,Q,1998-Q2,0,,,,
ABS:ERP_COMP_Q(1.0.0),12,5,Q,1998-Q3,0,,,,
ABS:ERP_COMP_Q(1.0.0),12,5,Q,1998-Q4,0,,,,
ABS:ERP_COMP_Q(1.0.0),12,5,Q,1999-Q1,0,,,,
ABS:ERP_COMP_Q(1.0.0),12,5,Q,1999-Q2,0,,,,
ABS:ERP_COMP_Q(1.0.0),12,5,Q,1999-Q3,0,,,,
ABS:ERP_COMP_Q(1.0.0),12,5,Q,1999-Q4,0,,,,
ABS:ERP_COMP_Q(1.0.0),12,5,Q,2000-Q1,0,,,,
ABS:ERP_COMP_Q(1.0.0),12,5,Q,2000-Q2,0,,,,
ABS:ERP_COMP_Q(1.0.0),12,5,Q,2000-Q3,0,,,,
ABS:ERP_COMP_Q(1.0.0),12,5,Q,2000-Q4,0,,,,
ABS:ERP_COMP_Q(1.0.0),12,5,Q,2001-Q1,0,,,,
ABS:ERP_COMP_Q(1.0.0),12,5,Q,2001-Q2,0,,,,
ABS:ERP_COMP_Q(1.0.0),12,5,Q,2001-Q3,-0.5,,,,
ABS:ERP_COMP_Q(1.0.0),12,5,Q,2001-Q4,0,,,,
ABS:ERP_COMP_Q(1.0.0),12,5,Q,2002-Q1,-1.3,,,,
ABS:ERP_COMP_Q(1.0.0),12,5,Q,2002-Q2,-0.6,,,,
ABS:ERP_COMP_Q(1.0.0),12,5,Q,2002-Q3,-2.2,,,,
ABS:ERP_COMP_Q(1.0.0),12,5,Q,2002-Q4,-0.5,,,,
ABS:ERP_COMP_Q(1.0.0),12,5,Q,2003-Q1,-2.1,,,,
ABS:ERP_COMP_Q(1.0.0),12,5,Q,2003-Q2,-0.9,,,,
ABS:ERP_COMP_Q(1.0.0),12,5,Q,2003-Q3,-2.6,,,,
ABS:ERP_COMP_Q(1.0.0),12,5,Q,2003-Q4,-0.9,,,,
ABS:ERP_COMP_Q(1.0.0),12,5,Q,2004-Q1,-3.9,,,,
ABS:ERP_COMP_Q(1.0.0),12,5,Q,2004-Q2,-1.6,,,,
ABS:ERP_COMP_Q(1.0.0),12,5,Q,2004-Q3,-2.4,,,,
ABS:ERP_COMP_Q(1.0.0),12,5,Q,2004-Q4,-0.7,,,,
ABS:ERP_COMP_Q(1.0.0),12,5,Q,2005-Q1,-2.8,,,,
ABS:ERP_COMP_Q(1.0.0),12,5,Q,2005-Q2,-1.1,,,,
ABS:ERP_COMP_Q(1.0.0),12,5,Q,2005-Q3,-2.2,,,,
ABS:ERP_COMP_Q(1.0.0),12,5,Q,2005-Q4,-0.9,,,,
ABS:ERP_COMP_Q(1.0.0),12,5,Q,2006-Q1,-2.7,,,,
ABS:ERP_COMP_Q(1.0.0),12,5,Q,2006-Q2,-1,,,,
ABS:ERP_COMP_Q(1.0.0),12,5,Q,2006-Q3,0,,,,
ABS:ERP_COMP_Q(1.0.0),12,5,Q,2006-Q4,0,,,,
ABS:ERP_COMP_Q(1.0.0),12,5,Q,2007-Q1,0,,,,
ABS:ERP_COMP_Q(1.0.0),12,5,Q,2007-Q2,0,,,,
ABS:ERP_COMP_Q(1.0.0),12,5,Q,2007-Q3,0,,,,
ABS:ERP_COMP_Q(1.0.0),12,5,Q,2007-Q4,0,,,,
ABS:ERP_COMP_Q(1.0.0),12,5,Q,2008-Q1,0,,,,
ABS:ERP_COMP_Q(1.0.0),12,5,Q,2008-Q2,0,,,,
ABS:ERP_COMP_Q(1.0.0),12,5,Q,2008-Q3,0,,,,
ABS:ERP_COMP_Q(1.0.0),12,5,Q,2008-Q4,0,,,,
ABS:ERP_COMP_Q(1.0.0),12,5,Q,2009-Q1,0,,,,
ABS:ERP_COMP_Q(1.0.0),12,5,Q,2009-Q2,0,,,,
ABS:ERP_COMP_Q(1.0.0),12,5,Q,2009-Q3,0,,,,
ABS:ERP_COMP_Q(1.0.0),12,5,Q,2009-Q4,0,,,,
ABS:ERP_COMP_Q(1.0.0),12,5,Q,2010-Q1,0,,,,
ABS:ERP_COMP_Q(1.0.0),12,5,Q,2010-Q2,0,,,,
ABS:ERP_COMP_Q(1.0.0),12,5,Q,2010-Q3,0,,,,
ABS:ERP_COMP_Q(1.0.0),12,5,Q,2010-Q4,0,,,,
ABS:ERP_COMP_Q(1.0.0),12,5,Q,2011-Q1,0,,,,
ABS:ERP_COMP_Q(1.0.0),12,5,Q,2011-Q2,0,,,,
ABS:ERP_COMP_Q(1.0.0),12,5,Q,2011-Q3,0,,,,
ABS:ERP_COMP_Q(1.0.0),12,5,Q,2011-Q4,0,,,,
ABS:ERP_COMP_Q(1.0.0),12,5,Q,2012-Q1,0,,,,
ABS:ERP_COMP_Q(1.0.0),12,5,Q,2012-Q2,0,,,,
ABS:ERP_COMP_Q(1.0.0),12,5,Q,2012-Q3,0,,,,
ABS:ERP_COMP_Q(1.0.0),12,5,Q,2012-Q4,0,,,,
ABS:ERP_COMP_Q(1.0.0),12,5,Q,2013-Q1,0,,,,
ABS:ERP_COMP_Q(1.0.0),12,5,Q,2013-Q2,0,,,,
ABS:ERP_COMP_Q(1.0.0),12,5,Q,2013-Q3,0,,,,
ABS:ERP_COMP_Q(1.0.0),12,5,Q,2013-Q4,0,,,,
ABS:ERP_COMP_Q(1.0.0),12,5,Q,2014-Q1,0,,,,
ABS:ERP_COMP_Q(1.0.0),12,5,Q,2014-Q2,0,,,,
ABS:ERP_COMP_Q(1.0.0),12,5,Q,2014-Q3,0,,,,
ABS:ERP_COMP_Q(1.0.0),12,5,Q,2014-Q4,0,,,,
ABS:ERP_COMP_Q(1.0.0),12,5,Q,2015-Q1,0,,,,
ABS:ERP_COMP_Q(1.0.0),12,5,Q,2015-Q2,0,,,,
ABS:ERP_COMP_Q(1.0.0),12,5,Q,2015-Q3,0,,,,
ABS:ERP_COMP_Q(1.0.0),12,5,Q,2015-Q4,0,,,,
ABS:ERP_COMP_Q(1.0.0),12,5,Q,2016-Q1,0,,,,
ABS:ERP_COMP_Q(1.0.0),12,5,Q,2016-Q2,0,,,,
ABS:ERP_COMP_Q(1.0.0),12,5,Q,2016-Q3,0,,,,
ABS:ERP_COMP_Q(1.0.0),12,5,Q,2016-Q4,0,,,,
ABS:ERP_COMP_Q(1.0.0),12,5,Q,2017-Q1,0,,,,
ABS:ERP_COMP_Q(1.0.0),12,5,Q,2017-Q2,0,,,,
ABS:ERP_COMP_Q(1.0.0),12,5,Q,2017-Q3,0,,,,
ABS:ERP_COMP_Q(1.0.0),12,5,Q,2017-Q4,0,,,,
ABS:ERP_COMP_Q(1.0.0),12,5,Q,2018-Q1,0,,,,
ABS:ERP_COMP_Q(1.0.0),12,5,Q,2018-Q2,0,,,,
ABS:ERP_COMP_Q(1.0.0),12,5,Q,2018-Q3,0,,,,
ABS:ERP_COMP_Q(1.0.0),12,5,Q,2018-Q4,0,,,,
ABS:ERP_COMP_Q(1.0.0),12,5,Q,2019-Q1,0,,,,
ABS:ERP_COMP_Q(1.0.0),12,5,Q,2019-Q2,0,,,,
ABS:ERP_COMP_Q(1.0.0),12,5,Q,2019-Q3,0,,,,
ABS:ERP_COMP_Q(1.0.0),12,5,Q,2019-Q4,0,,,,
ABS:ERP_COMP_Q(1.0.0),12,5,Q,2020-Q1,0,,,,
ABS:ERP_COMP_Q(1.0.0),12,5,Q,2020-Q2,0,,,,
ABS:ERP_COMP_Q(1.0.0),12,5,Q,2020-Q3,0,,,,
ABS:ERP_COMP_Q(1.0.0),12,5,Q,2020-Q4,0,,,,
ABS:ERP_COMP_Q(1.0.0),12,5,Q,2021-Q1,0,,,,
ABS:ERP_COMP_Q(1.0.0),12,5,Q,2021-Q2,0,,,,
ABS:ERP_COMP_Q(1.0.0),12,5,Q,2021-Q3,0,,,,
ABS:ERP_COMP_Q(1.0.0),12,5,Q,2021-Q4,0,,,,
ABS:ERP_COMP_Q(1.0.0),12,5,Q,2022-Q1,0,,,,
ABS:ERP_COMP_Q(1.0.0),12,5,Q,2022-Q2,0,,,,
ABS:ERP_COMP_Q(1.0.0),12,5,Q,2022-Q3,0,,,,
ABS:ERP_COMP_Q(1.0.0),12,5,Q,2022-Q4,0,,,,
ABS:ERP_COMP_Q(1.0.0),12,5,Q,2023-Q1,0,,,,
ABS:ERP_COMP_Q(1.0.0),12,5,Q,2023-Q2,0,,,,
ABS:ERP_COMP_Q(1.0.0),12,5,Q,2023-Q3,0,,,,
ABS:ERP_COMP_Q(1.0.0),12,5,Q,2023-Q4,0,,,,
ABS:ERP_COMP_Q(1.0.0),12,5,Q,2024-Q1,0,,,,
ABS:ERP_COMP_Q(1.0.0),12,5,Q,2024-Q2,0,,,,
ABS:ERP_COMP_Q(1.0.0),12,5,Q,2024-Q3,0,,,,
ABS:ERP_COMP_Q(1.0.0),12,5,Q,2024-Q4,0,,,,
ABS:ERP_COMP_Q(1.0.0),12,5,Q,2025-Q1,0,,,,
ABS:ERP_COMP_Q(1.0.0),12,5,Q,2025-Q2,0,,,,
ABS:ERP_COMP_Q(1.0.0),12,5,Q,2025-Q3,0,,,,
ABS:ERP_COMP_Q(1.0.0),12,5,Q,2025-Q4,0,,,,
ABS:ERP_COMP_Q(1.0.0),8,4,Q,1981-Q2,1.3,,,,
ABS:ERP_COMP_Q(1.0.0),8,4,Q,1981-Q3,1.2,,,,
ABS:ERP_COMP_Q(1.0.0),8,4,Q,1981-Q4,1.4,,,,
ABS:ERP_COMP_Q(1.0.0),8,4,Q,1982-Q1,1.9,,,,
ABS:ERP_COMP_Q(1.0.0),8,4,Q,1982-Q2,1.2,,,,
ABS:ERP_COMP_Q(1.0.0),8,4,Q,1982-Q3,1.3,,,,
ABS:ERP_COMP_Q(1.0.0),8,4,Q,1982-Q4,1.4,,,,
ABS:ERP_COMP_Q(1.0.0),8,4,Q,1983-Q1,1.8,,,,
ABS:ERP_COMP_Q(1.0.0),8,4,Q,1983-Q2,1.3,,,,
ABS:ERP_COMP_Q(1.0.0),8,4,Q,1983-Q3,1.4,,,,
ABS:ERP_COMP_Q(1.0.0),8,4,Q,1983-Q4,1.5,,,,
ABS:ERP_COMP_Q(1.0.0),8,4,Q,1984-Q1,1.8,,,,
ABS:ERP_COMP_Q(1.0.0),8,4,Q,1984-Q2,1.4,,,,
ABS:ERP_COMP_Q(1.0.0),8,4,Q,1984-Q3,1.4,,,,
ABS:ERP_COMP_Q(1.0.0),8,4,Q,1984-Q4,1.5,,,,
ABS:ERP_COMP_Q(1.0.0),8,4,Q,1985-Q1,1.9,,,,
ABS:ERP_COMP_Q(1.0.0),8,4,Q,1985-Q2,1.5,,,,
ABS:ERP_COMP_Q(1.0.0),8,4,Q,1985-Q3,1.3,,,,
ABS:ERP_COMP_Q(1.0.0),8,4,Q,1985-Q4,1.4,,,,
ABS:ERP_COMP_Q(1.0.0),8,4,Q,1986-Q1,1.8,,,,
ABS:ERP_COMP_Q(1.0.0),8,4,Q,1986-Q2,1.3,,,,
ABS:ERP_COMP_Q(1.0.0),8,4,Q,1986-Q3,1.2,,,,
ABS:ERP_COMP_Q(1.0.0),8,4,Q,1986-Q4,1.2,,,,
ABS:ERP_COMP_Q(1.0.0),8,4,Q,1987-Q1,1.7,,,,
ABS:ERP_COMP_Q(1.0.0),8,4,Q,1987-Q2,1.2,,,,
ABS:ERP_COMP_Q(1.0.0),8,4,Q,1987-Q3,1.3,,,,
ABS:ERP_COMP_Q(1.0.0),8,4,Q,1987-Q4,1.3,,,,
ABS:ERP_COMP_Q(1.0.0),8,4,Q,1988-Q1,1.7,,,,
ABS:ERP_COMP_Q(1.0.0),8,4,Q,1988-Q2,1.3,,,,
ABS:ERP_COMP_Q(1.0.0),8,4,Q,1988-Q3,1.3,,,,
ABS:ERP_COMP_Q(1.0.0),8,4,Q,1988-Q4,1.8,,,,
ABS:ERP_COMP_Q(1.0.0),8,4,Q,1989-Q1,1.9,,,,
ABS:ERP_COMP_Q(1.0.0),8,4,Q,1989-Q2,1.4,,,,
ABS:ERP_COMP_Q(1.0.0),8,4,Q,1989-Q3,1.4,,,,
ABS:ERP_COMP_Q(1.0.0),8,4,Q,1989-Q4,1.5,,,,
ABS:ERP_COMP_Q(1.0.0),8,4,Q,1990-Q1,2.1,,,,
ABS:ERP_COMP_Q(1.0.0),8,4,Q,1990-Q2,1.6,,,,
ABS:ERP_COMP_Q(1.0.0),8,4,Q,1990-Q3,1.6,,,,
ABS:ERP_COMP_Q(1.0.0),8,4,Q,1990-Q4,1.8,,,,
ABS:ERP_COMP_Q(1.0.0),8,4,Q,1991-Q1,2.2,,,,
ABS:ERP_COMP_Q(1.0.0),8,4,Q,1991-Q2,1.4,,,,
ABS:ERP_COMP_Q(1.0.0),8,4,Q,1991-Q3,1.5,,,,
ABS:ERP_COMP_Q(1.0.0),8,4,Q,1991-Q4,1.7,,,,
ABS:ERP_COMP_Q(1.0.0),8,4,Q,1992-Q1,2.1,,,,
ABS:ERP_COMP_Q(1.0.0),8,4,Q,1992-Q2,1.5,,,,
ABS:ERP_COMP_Q(1.0.0),8,4,Q,1992-Q3,1.5,,,,
ABS:ERP_COMP_Q(1.0.0),8,4,Q,1992-Q4,1.8,,,,
ABS:ERP_COMP_Q(1.0.0),8,4,Q,1993-Q1,2.2,,,,
ABS:ERP_COMP_Q(1.0.0),8,4,Q,1993-Q2,1.4,,,,
ABS:ERP_COMP_Q(1.0.0),8,4,Q,1993-Q3,1.5,,,,
ABS:ERP_COMP_Q(1.0.0),8,4,Q,1993-Q4,1.8,,,,
ABS:ERP_COMP_Q(1.0.0),8,4,Q,1994-Q1,1.9,,,,
ABS:ERP_COMP_Q(1.0.0),8,4,Q,1994-Q2,1.5,,,,
ABS:ERP_COMP_Q(1.0.0),8,4,Q,1994-Q3,1.6,,,,
ABS:ERP_COMP_Q(1.0.0),8,4,Q,1994-Q4,2,,,,
ABS:ERP_COMP_Q(1.0.0),8,4,Q,1995-Q1,2.2,,,,
ABS:ERP_COMP_Q(1.0.0),8,4,Q,1995-Q2,1.5,,,,
ABS:ERP_COMP_Q(1.0.0),8,4,Q,1995-Q3,1.7,,,,
ABS:ERP_COMP_Q(1.0.0),8,4,Q,1995-Q4,2,,,,
ABS:ERP_COMP_Q(1.0.0),8,4,Q,1996-Q1,2.3,,,,
ABS:ERP_COMP_Q(1.0.0),8,4,Q,1996-Q2,1.5,,,,
ABS:ERP_COMP_Q(1.0.0),8,4,Q,1996-Q3,1.7,,,,
ABS:ERP_COMP_Q(1.0.0),8,4,Q,1996-Q4,2.1,,,,
ABS:ERP_COMP_Q(1.0.0),8,4,Q,1997-Q1,2.3,,,,
ABS:ERP_COMP_Q(1.0.0),8,4,Q,1997-Q2,1.6,,,,
ABS:ERP_COMP_Q(1.0.0),8,4,Q,1997-Q3,1.8,,,,
ABS:ERP_COMP_Q(1.0.0),8,4,Q,1997-Q4,2.2,,,,
ABS:ERP_COMP_Q(1.0.0),8,4,Q,1998-Q1,2.5,,,,
ABS:ERP_COMP_Q(1.0.0),8,4,Q,1998-Q2,1.8,,,,
ABS:ERP_COMP_Q(1.0.0),8,4,Q,1998-Q3,2.1,,,,
ABS:ERP_COMP_Q(1.0.0),8,4,Q,1998-Q4,1.7,,,,
ABS:ERP_COMP_Q(1.0.0),8,4,Q,1999-Q1,2.8,,,,
ABS:ERP_COMP_Q(1.0.0),8,4,Q,1999-Q2,1.7,,,,
ABS:ERP_COMP_Q(1.0.0),8,4,Q,1999-Q3,1.9,,,,
ABS:ERP_COMP_Q(1.0.0),8,4,Q,1999-Q4,1.9,,,,
ABS:ERP_COMP_Q(1.0.0),8,4,Q,2000-Q1,2.4,,,,
ABS:ERP_COMP_Q(1.0.0),8,4,Q,2000-Q2,1.8,,,,
ABS:ERP_COMP_Q(1.0.0),8,4,Q,2000-Q3,1.9,,,,
ABS:ERP_COMP_Q(1.0.0),8,4,Q,2000-Q4,1.8,,,,
ABS:ERP_COMP_Q(1.0.0),8,4,Q,2001-Q1,2.5,,,,
ABS:ERP_COMP_Q(1.0.0),8,4,Q,2001-Q2,1.9,,,,
ABS:ERP_COMP_Q(1.0.0),8,4,Q,2001-Q3,2.2,,,,
ABS:ERP_COMP_Q(1.0.0),8,4,Q,2001-Q4,2,,,,
ABS:ERP_COMP_Q(1.0.0),8,4,Q,2002-Q1,3,,,,
ABS:ERP_COMP_Q(1.0.0),8,4,Q,2002-Q2,2.1,,,,
ABS:ERP_COMP_Q(1.0.0),8,4,Q,2002-Q3,2.3,,,,
ABS:ERP_COMP_Q(1.0.0),8,4,Q,2002-Q4,2.3,,,,
ABS:ERP_COMP_Q(1.0.0),8,4,Q,2003-Q1,2.8,,,,
ABS:ERP_COMP_Q(1.0.0),8,4,Q,2003-Q2,2,,,,
ABS:ERP_COMP_Q(1.0.0),8,4,Q,2003-Q3,2.4,,,,
ABS:ERP_COMP_Q(1.0.0),8,4,Q,2003-Q4,2.6,,,,
ABS:ERP_COMP_Q(1.0.0),8,4,Q,2004-Q1,3.1,,,,
ABS:ERP_COMP_Q(1.0.0),8,4,Q,2004-Q2,2.4,,,,
ABS:ERP_COMP_Q(1.0.0),8,4,Q,2004-Q3,2.4,,,,
ABS:ERP_COMP_Q(1.0.0),8,4,Q,2004-Q4,2.7,,,,
ABS:ERP_COMP_Q(1.0.0),8,4,Q,2005-Q1,3.1,,,,
ABS:ERP_COMP_Q(1.0.0),8,4,Q,2005-Q2,2.5,,,,
ABS:ERP_COMP_Q(1.0.0),8,4,Q,2005-Q3,2.6,,,,
ABS:ERP_COMP_Q(1.0.0),8,4,Q,2005-Q4,3.1,,,,
ABS:ERP_COMP_Q(1.0.0),8,4,Q,2006-Q1,3.6,,,,
ABS:ERP_COMP_Q(1.0.0),8,4,Q,2006-Q2,2.8,,,,
ABS:ERP_COMP_Q(1.0.0),8,4,Q,2006-Q3,2.4,,,,
ABS:ERP_COMP_Q(1.0.0),8,4,Q,2006-Q4,2.3,,,,
ABS:ERP_COMP_Q(1.0.0),8,4,Q,2007-Q1,2.1,,,,
ABS:ERP_COMP_Q(1.0.0),8,4,Q,2007-Q2,2.1,,,,
ABS:ERP_COMP_Q(1.0.0),8,4,Q,2007-Q3,2.7,,,,
ABS:ERP_COMP_Q(1.0.0),8,4,Q,2007-Q4,2.7,,,,
ABS:ERP_COMP_Q(1.0.0),8,4,Q,2008-Q1,2.2,,,,
ABS:ERP_COMP_Q(1.0.0),8,4,Q,2008-Q2,2.2,,,,
ABS:ERP_COMP_Q(1.0.0),8,4,Q,2008-Q3,2.5,,,,
ABS:ERP_COMP_Q(1.0.0),8,4,Q,2008-Q4,2.6,,,,
ABS:ERP_COMP_Q(1.0.0),8,4,Q,2009-Q1,2.1,,,,
ABS:ERP_COMP_Q(1.0.0),8,4,Q,2009-Q2,2,,,,
ABS:ERP_COMP_Q(1.0.0),8,4,Q,2009-Q3,2.6,,,,
ABS:ERP_COMP_Q(1.0.0),8,4,Q,2009-Q4,2.9,,,,
ABS:ERP_COMP_Q(1.0.0),8,4,Q,2010-Q1,2.5,,,,
ABS:ERP_COMP_Q(1.0.0),8,4,Q,2010-Q2,2.3,,,,
ABS:ERP_COMP_Q(1.0.0),8,4,Q,2010-Q3,3,,,,
ABS:ERP_COMP_Q(1.0.0),8,4,Q,2010-Q4,3.2,,,,
ABS:ERP_COMP_Q(1.0.0),8,4,Q,2011-Q1,2.6,,,,
ABS:ERP_COMP_Q(1.0.0),8,4,Q,2011-Q2,2.1,,,,
ABS:ERP_COMP_Q(1.0.0),8,4,Q,2011-Q3,3,,,,
ABS:ERP_COMP_Q(1.0.0),8,4,Q,2011-Q4,2.9,,,,
ABS:ERP_COMP_Q(1.0.0),8,4,Q,2012-Q1,2.6,,,,
ABS:ERP_COMP_Q(1.0.0),8,4,Q,2012-Q2,2.2,,,,
ABS:ERP_COMP_Q(1.0.0),8,4,Q,2012-Q3,3,,,,
ABS:ERP_COMP_Q(1.0.0),8,4,Q,2012-Q4,3.1,,,,
ABS:ERP_COMP_Q(1.0.0),8,4,Q,2013-Q1,2.7,,,,
ABS:ERP_COMP_Q(1.0.0),8,4,Q,2013-Q2,2.2,,,,
ABS:ERP_COMP_Q(1.0.0),8,4,Q,2013-Q3,3.3,,,,
ABS:ERP_COMP_Q(1.0.0),8,4,Q,2013-Q4,3.4,,,,
ABS:ERP_COMP_Q(1.0.0),8,4,Q,2014-Q1,2.8,,,,
ABS:ERP_COMP_Q(1.0.0),8,4,Q,2014-Q2,2.5,,,,
ABS:ERP_COMP_Q(1.0.0),8,4,Q,2014-Q3,3.2,,,,
ABS:ERP_COMP_Q(1.0.0),8,4,Q,2014-Q4,3.3,,,,
ABS:ERP_COMP_Q(1.0.0),8,4,Q,2015-Q1,3,,,,
ABS:ERP_COMP_Q(1.0.0),8,4,Q,2015-Q2,2.6,,,,
ABS:ERP_COMP_Q(1.0.0),8,4,Q,2015-Q3,3.6,,,,
ABS:ERP_COMP_Q(1.0.0),8,4,Q,2015-Q4,3.2,,,,
ABS:ERP_COMP_Q(1.0.0),8,4,Q,2016-Q1,2.9,,,,
ABS:ERP_COMP_Q(1.0.0),8,4,Q,2016-Q2,2.5,,,,
ABS:ERP_COMP_Q(1.0.0),8,4,Q,2016-Q3,3.2,,,,
ABS:ERP_COMP_Q(1.0.0),8,4,Q,2016-Q4,3.3,,,,
ABS:ERP_COMP_Q(1.0.0),8,4,Q,2017-Q1,2.8,,,,
ABS:ERP_COMP_Q(1.0.0),8,4,Q,2017-Q2,2.3,,,,
ABS:ERP_COMP_Q(1.0.0),8,4,Q,2017-Q3,3,,,,
ABS:ERP_COMP_Q(1.0.0),8,4,Q,2017-Q4,3.5,,,,
ABS:ERP_COMP_Q(1.0.0),8,4,Q,2018-Q1,2.6,,,,
ABS:ERP_COMP_Q(1.0.0),8,4,Q,2018-Q2,2.3,,,,
ABS:ERP_COMP_Q(1.0.0),8,4,Q,2018-Q3,3,,,,
ABS:ERP_COMP_Q(1.0.0),8,4,Q,2018-Q4,3.1,,,,
ABS:ERP_COMP_Q(1.0.0),8,4,Q,2019-Q1,2.6,,,,
ABS:ERP_COMP_Q(1.0.0),8,4,Q,2019-Q2,2.9,,,,
ABS:ERP_COMP_Q(1.0.0),8,4,Q,2019-Q3,3.6,,,,
ABS:ERP_COMP_Q(1.0.0),8,4,Q,2019-Q4,5.1,,,,
ABS:ERP_COMP_Q(1.0.0),8,4,Q,2020-Q1,3.6,,,,
ABS:ERP_COMP_Q(1.0.0),8,4,Q,2020-Q2,0.5,,,,
ABS:ERP_COMP_Q(1.0.0),8,4,Q,2020-Q3,2.1,,,,
ABS:ERP_COMP_Q(1.0.0),8,4,Q,2020-Q4,2.7,,,,
ABS:ERP_COMP_Q(1.0.0),8,4,Q,2021-Q1,2.4,,,,
ABS:ERP_COMP_Q(1.0.0),8,4,Q,2021-Q2,1.7,,,,
ABS:ERP_COMP_Q(1.0.0),8,4,Q,2021-Q3,1.9,,,,
ABS:ERP_COMP_Q(1.0.0),8,4,Q,2021-Q4,2.2,,,,
ABS:ERP_COMP_Q(1.0.0),8,4,Q,2022-Q1,2.2,,,,
ABS:ERP_COMP_Q(1.0.0),8,4,Q,2022-Q2,2.3,,,,
ABS:ERP_COMP_Q(1.0.0),8,4,Q,2022-Q3,2.2,,,,
ABS:ERP_COMP_Q(1.0.0),8,4,Q,2022-Q4,2.2,,,,
ABS:ERP_COMP_Q(1.0.0),8,4,Q,2023-Q1,2.2,,,,
ABS:ERP_COMP_Q(1.0.0),8,4,Q,2023-Q2,2.1,,,,
ABS:ERP_COMP_Q(1.0.0),8,4,Q,2023-Q3,2.3,,,,
ABS:ERP_COMP_Q(1.0.0),8,4,Q,2023-Q4,2.5,,,,
ABS:ERP_COMP_Q(1.0.0),8,4,Q,2024-Q1,2.4,,,,
ABS:ERP_COMP_Q(1.0.0),8,4,Q,2024-Q2,2.5,,,,
ABS:ERP_COMP_Q(1.0.0),8,4,Q,2024-Q3,2.7,,,,
ABS:ERP_COMP_Q(1.0.0),8,4,Q,2024-Q4,2.8,,,,
ABS:ERP_COMP_Q(1.0.0),8,4,Q,2025-Q1,2.6,,,,
ABS:ERP_COMP_Q(1.0.0),8,4,Q,2025-Q2,2.4,,,,
ABS:ERP_COMP_Q(1.0.0),8,4,Q,2025-Q3,2.7,,,,
ABS:ERP_COMP_Q(1.0.0),8,4,Q,2025-Q4,3.1,,,,
ABS:ERP_COMP_Q(1.0.0),4,2,Q,1981-Q2,14.1,,,,
ABS:ERP_COMP_Q(1.0.0),4,2,Q,1981-Q3,12.4,,,,
ABS:ERP_COMP_Q(1.0.0),4,2,Q,1981-Q4,10.3,,,,
ABS:ERP_COMP_Q(1.0.0),4,2,Q,1982-Q1,12.1,,,,
ABS:ERP_COMP_Q(1.0.0),4,2,Q,1982-Q2,15.7,,,,
ABS:ERP_COMP_Q(1.0.0),4,2,Q,1982-Q3,12,,,,
ABS:ERP_COMP_Q(1.0.0),4,2,Q,1982-Q4,10,,,,
ABS:ERP_COMP_Q(1.0.0),4,2,Q,1983-Q1,10.7,,,,
ABS:ERP_COMP_Q(1.0.0),4,2,Q,1983-Q2,13.9,,,,
ABS:ERP_COMP_Q(1.0.0),4,2,Q,1983-Q3,11.5,,,,
ABS:ERP_COMP_Q(1.0.0),4,2,Q,1983-Q4,9.3,,,,
ABS:ERP_COMP_Q(1.0.0),4,2,Q,1984-Q1,12.3,,,,
ABS:ERP_COMP_Q(1.0.0),4,2,Q,1984-Q2,12.2,,,,
ABS:ERP_COMP_Q(1.0.0),4,2,Q,1984-Q3,11.6,,,,
ABS:ERP_COMP_Q(1.0.0),4,2,Q,1984-Q4,10.4,,,,
ABS:ERP_COMP_Q(1.0.0),4,2,Q,1985-Q1,11.7,,,,
ABS:ERP_COMP_Q(1.0.0),4,2,Q,1985-Q2,13.9,,,,
ABS:ERP_COMP_Q(1.0.0),4,2,Q,1985-Q3,12.8,,,,
ABS:ERP_COMP_Q(1.0.0),4,2,Q,1985-Q4,10.4,,,,
ABS:ERP_COMP_Q(1.0.0),4,2,Q,1986-Q1,13.2,,,,
ABS:ERP_COMP_Q(1.0.0),4,2,Q,1986-Q2,13.8,,,,
ABS:ERP_COMP_Q(1.0.0),4,2,Q,1986-Q3,12,,,,
ABS:ERP_COMP_Q(1.0.0),4,2,Q,1986-Q4,11.1,,,,
ABS:ERP_COMP_Q(1.0.0),4,2,Q,1987-Q1,15.9,,,,
ABS:ERP_COMP_Q(1.0.0),4,2,Q,1987-Q2,13.7,,,,
ABS:ERP_COMP_Q(1.0.0),4,2,Q,1987-Q3,13.8,,,,
ABS:ERP_COMP_Q(1.0.0),4,2,Q,1987-Q4,11.9,,,,
ABS:ERP_COMP_Q(1.0.0),4,2,Q,1988-Q1,17.9,,,,
ABS:ERP_COMP_Q(1.0.0),4,2,Q,1988-Q2,15.4,,,,
ABS:ERP_COMP_Q(1.0.0),4,2,Q,1988-Q3,15.1,,,,
ABS:ERP_COMP_Q(1.0.0),4,2,Q,1988-Q4,12.4,,,,
ABS:ERP_COMP_Q(1.0.0),4,2,Q,1989-Q1,17.9,,,,
ABS:ERP_COMP_Q(1.0.0),4,2,Q,1989-Q2,16.3,,,,
ABS:ERP_COMP_Q(1.0.0),4,2,Q,1989-Q3,14.4,,,,
ABS:ERP_COMP_Q(1.0.0),4,2,Q,1989-Q4,11.7,,,,
ABS:ERP_COMP_Q(1.0.0),4,2,Q,1990-Q1,17.6,,,,
ABS:ERP_COMP_Q(1.0.0),4,2,Q,1990-Q2,15.4,,,,
ABS:ERP_COMP_Q(1.0.0),4,2,Q,1990-Q3,12.8,,,,
ABS:ERP_COMP_Q(1.0.0),4,2,Q,1990-Q4,11.3,,,,
ABS:ERP_COMP_Q(1.0.0),4,2,Q,1991-Q1,15.6,,,,
ABS:ERP_COMP_Q(1.0.0),4,2,Q,1991-Q2,12.2,,,,
ABS:ERP_COMP_Q(1.0.0),4,2,Q,1991-Q3,11.2,,,,
ABS:ERP_COMP_Q(1.0.0),4,2,Q,1991-Q4,10.9,,,,
ABS:ERP_COMP_Q(1.0.0),4,2,Q,1992-Q1,16.8,,,,
ABS:ERP_COMP_Q(1.0.0),4,2,Q,1992-Q2,13.5,,,,
ABS:ERP_COMP_Q(1.0.0),4,2,Q,1992-Q3,13.6,,,,
ABS:ERP_COMP_Q(1.0.0),4,2,Q,1992-Q4,13.1,,,,
ABS:ERP_COMP_Q(1.0.0),4,2,Q,1993-Q1,17.6,,,,
ABS:ERP_COMP_Q(1.0.0),4,2,Q,1993-Q2,12.5,,,,
ABS:ERP_COMP_Q(1.0.0),4,2,Q,1993-Q3,10.3,,,,
ABS:ERP_COMP_Q(1.0.0),4,2,Q,1993-Q4,9.9,,,,
ABS:ERP_COMP_Q(1.0.0),4,2,Q,1994-Q1,14.8,,,,
ABS:ERP_COMP_Q(1.0.0),4,2,Q,1994-Q2,12,,,,
ABS:ERP_COMP_Q(1.0.0),4,2,Q,1994-Q3,12.5,,,,
ABS:ERP_COMP_Q(1.0.0),4,2,Q,1994-Q4,10.8,,,,
ABS:ERP_COMP_Q(1.0.0),4,2,Q,1995-Q1,16.4,,,,
ABS:ERP_COMP_Q(1.0.0),4,2,Q,1995-Q2,15,,,,
ABS:ERP_COMP_Q(1.0.0),4,2,Q,1995-Q3,12.3,,,,
ABS:ERP_COMP_Q(1.0.0),4,2,Q,1995-Q4,13.2,,,,
ABS:ERP_COMP_Q(1.0.0),4,2,Q,1996-Q1,16.9,,,,
ABS:ERP_COMP_Q(1.0.0),4,2,Q,1996-Q2,13.8,,,,
ABS:ERP_COMP_Q(1.0.0),4,2,Q,1996-Q3,14.6,,,,
ABS:ERP_COMP_Q(1.0.0),4,2,Q,1996-Q4,18.4,,,,
ABS:ERP_COMP_Q(1.0.0),4,2,Q,1997-Q1,16.9,,,,
ABS:ERP_COMP_Q(1.0.0),4,2,Q,1997-Q2,15.8,,,,
ABS:ERP_COMP_Q(1.0.0),4,2,Q,1997-Q3,14.9,,,,
ABS:ERP_COMP_Q(1.0.0),4,2,Q,1997-Q4,19.4,,,,
ABS:ERP_COMP_Q(1.0.0),4,2,Q,1998-Q1,16.6,,,,
ABS:ERP_COMP_Q(1.0.0),4,2,Q,1998-Q2,16.8,,,,
ABS:ERP_COMP_Q(1.0.0),4,2,Q,1998-Q3,14.4,,,,
ABS:ERP_COMP_Q(1.0.0),4,2,Q,1998-Q4,19.7,,,,
ABS:ERP_COMP_Q(1.0.0),4,2,Q,1999-Q1,16.6,,,,
ABS:ERP_COMP_Q(1.0.0),4,2,Q,1999-Q2,16.7,,,,
ABS:ERP_COMP_Q(1.0.0),4,2,Q,1999-Q3,15.4,,,,
ABS:ERP_COMP_Q(1.0.0),4,2,Q,1999-Q4,20.1,,,,
ABS:ERP_COMP_Q(1.0.0),4,2,Q,2000-Q1,17.9,,,,
ABS:ERP_COMP_Q(1.0.0),4,2,Q,2000-Q2,17.5,,,,
ABS:ERP_COMP_Q(1.0.0),4,2,Q,2000-Q3,16.2,,,,
ABS:ERP_COMP_Q(1.0.0),4,2,Q,2000-Q4,21,,,,
ABS:ERP_COMP_Q(1.0.0),4,2,Q,2001-Q1,18.4,,,,
ABS:ERP_COMP_Q(1.0.0),4,2,Q,2001-Q2,17.9,,,,
ABS:ERP_COMP_Q(1.0.0),4,2,Q,2001-Q3,16.6,,,,
ABS:ERP_COMP_Q(1.0.0),4,2,Q,2001-Q4,20,,,,
ABS:ERP_COMP_Q(1.0.0),4,2,Q,2002-Q1,19.1,,,,
ABS:ERP_COMP_Q(1.0.0),4,2,Q,2002-Q2,18.3,,,,
ABS:ERP_COMP_Q(1.0.0),4,2,Q,2002-Q3,16.7,,,,
ABS:ERP_COMP_Q(1.0.0),4,2,Q,2002-Q4,21.2,,,,
ABS:ERP_COMP_Q(1.0.0),4,2,Q,2003-Q1,18.1,,,,
ABS:ERP_COMP_Q(1.0.0),4,2,Q,2003-Q2,17.9,,,,
ABS:ERP_COMP_Q(1.0.0),4,2,Q,2003-Q3,16.6,,,,
ABS:ERP_COMP_Q(1.0.0),4,2,Q,2003-Q4,20.1,,,,
ABS:ERP_COMP_Q(1.0.0),4,2,Q,2004-Q1,17.9,,,,
ABS:ERP_COMP_Q(1.0.0),4,2,Q,2004-Q2,16.7,,,,
ABS:ERP_COMP_Q(1.0.0),4,2,Q,2004-Q3,14.6,,,,
ABS:ERP_COMP_Q(1.0.0),4,2,Q,2004-Q4,18.6,,,,
ABS:ERP_COMP_Q(1.0.0),4,2,Q,2005-Q1,16.3,,,,
ABS:ERP_COMP_Q(1.0.0),4,2,Q,2005-Q2,16,,,,
ABS:ERP_COMP_Q(1.0.0),4,2,Q,2005-Q3,13.8,,,,
ABS:ERP_COMP_Q(1.0.0),4,2,Q,2005-Q4,17.5,,,,
ABS:ERP_COMP_Q(1.0.0),4,2,Q,2006-Q1,16,,,,
ABS:ERP_COMP_Q(1.0.0),4,2,Q,2006-Q2,15.2,,,,
ABS:ERP_COMP_Q(1.0.0),4,2,Q,2006-Q3,14.3,,,,
ABS:ERP_COMP_Q(1.0.0),4,2,Q,2006-Q4,18.2,,,,
ABS:ERP_COMP_Q(1.0.0),4,2,Q,2007-Q1,16.4,,,,
ABS:ERP_COMP_Q(1.0.0),4,2,Q,2007-Q2,16.5,,,,
ABS:ERP_COMP_Q(1.0.0),4,2,Q,2007-Q3,15.3,,,,
ABS:ERP_COMP_Q(1.0.0),4,2,Q,2007-Q4,17.8,,,,
ABS:ERP_COMP_Q(1.0.0),4,2,Q,2008-Q1,16.9,,,,
ABS:ERP_COMP_Q(1.0.0),4,2,Q,2008-Q2,16,,,,
ABS:ERP_COMP_Q(1.0.0),4,2,Q,2008-Q3,15.1,,,,
ABS:ERP_COMP_Q(1.0.0),4,2,Q,2008-Q4,19.2,,,,
ABS:ERP_COMP_Q(1.0.0),4,2,Q,2009-Q1,17,,,,
ABS:ERP_COMP_Q(1.0.0),4,2,Q,2009-Q2,16.7,,,,
ABS:ERP_COMP_Q(1.0.0),4,2,Q,2009-Q3,14.3,,,,
ABS:ERP_COMP_Q(1.0.0),4,2,Q,2009-Q4,17.6,,,,
ABS:ERP_COMP_Q(1.0.0),4,2,Q,2010-Q1,15.7,,,,
ABS:ERP_COMP_Q(1.0.0),4,2,Q,2010-Q2,16,,,,
ABS:ERP_COMP_Q(1.0.0),4,2,Q,2010-Q3,14.3,,,,
ABS:ERP_COMP_Q(1.0.0),4,2,Q,2010-Q4,18.1,,,,
ABS:ERP_COMP_Q(1.0.0),4,2,Q,2011-Q1,16.3,,,,
ABS:ERP_COMP_Q(1.0.0),4,2,Q,2011-Q2,16.2,,,,
ABS:ERP_COMP_Q(1.0.0),4,2,Q,2011-Q3,15.6,,,,
ABS:ERP_COMP_Q(1.0.0),4,2,Q,2011-Q4,20.4,,,,
ABS:ERP_COMP_Q(1.0.0),4,2,Q,2012-Q1,17.2,,,,
ABS:ERP_COMP_Q(1.0.0),4,2,Q,2012-Q2,16.6,,,,
ABS:ERP_COMP_Q(1.0.0),4,2,Q,2012-Q3,15.2,,,,
ABS:ERP_COMP_Q(1.0.0),4,2,Q,2012-Q4,18.5,,,,
ABS:ERP_COMP_Q(1.0.0),4,2,Q,2013-Q1,18.8,,,,
ABS:ERP_COMP_Q(1.0.0),4,2,Q,2013-Q2,18.7,,,,
ABS:ERP_COMP_Q(1.0.0),4,2,Q,2013-Q3,16.4,,,,
ABS:ERP_COMP_Q(1.0.0),4,2,Q,2013-Q4,20.8,,,,
ABS:ERP_COMP_Q(1.0.0),4,2,Q,2014-Q1,20,,,,
ABS:ERP_COMP_Q(1.0.0),4,2,Q,2014-Q2,18.3,,,,
ABS:ERP_COMP_Q(1.0.0),4,2,Q,2014-Q3,15.4,,,,
ABS:ERP_COMP_Q(1.0.0),4,2,Q,2014-Q4,20.3,,,,
ABS:ERP_COMP_Q(1.0.0),4,2,Q,2015-Q1,18.7,,,,
ABS:ERP_COMP_Q(1.0.0),4,2,Q,2015-Q2,19.9,,,,
ABS:ERP_COMP_Q(1.0.0),4,2,Q,2015-Q3,16.9,,,,
ABS:ERP_COMP_Q(1.0.0),4,2,Q,2015-Q4,22.7,,,,
ABS:ERP_COMP_Q(1.0.0),4,2,Q,2016-Q1,21.5,,,,
ABS:ERP_COMP_Q(1.0.0),4,2,Q,2016-Q2,23.1,,,,
ABS:ERP_COMP_Q(1.0.0),4,2,Q,2016-Q3,19.6,,,,
ABS:ERP_COMP_Q(1.0.0),4,2,Q,2016-Q4,27.8,,,,
ABS:ERP_COMP_Q(1.0.0),4,2,Q,2017-Q1,23.7,,,,
ABS:ERP_COMP_Q(1.0.0),4,2,Q,2017-Q2,23.7,,,,
ABS:ERP_COMP_Q(1.0.0),4,2,Q,2017-Q3,20.9,,,,
ABS:ERP_COMP_Q(1.0.0),4,2,Q,2017-Q4,27.5,,,,
ABS:ERP_COMP_Q(1.0.0),4,2,Q,2018-Q1,24.2,,,,
ABS:ERP_COMP_Q(1.0.0),4,2,Q,2018-Q2,24.6,,,,
ABS:ERP_COMP_Q(1.0.0),4,2,Q,2018-Q3,21.4,,,,
ABS:ERP_COMP_Q(1.0.0),4,2,Q,2018-Q4,28.4,,,,
ABS:ERP_COMP_Q(1.0.0),4,2,Q,2019-Q1,25.1,,,,
ABS:ERP_COMP_Q(1.0.0),4,2,Q,2019-Q2,25.1,,,,
ABS:ERP_COMP_Q(1.0.0),4,2,Q,2019-Q3,21.4,,,,
ABS:ERP_COMP_Q(1.0.0),4,2,Q,2019-Q4,27.1,,,,
ABS:ERP_COMP_Q(1.0.0),4,2,Q,2020-Q1,18.5,,,,
ABS:ERP_COMP_Q(1.0.0),4,2,Q,2020-Q2,16.6,,,,
ABS:ERP_COMP_Q(1.0.0),4,2,Q,2020-Q3,9.3,,,,
ABS:ERP_COMP_Q(1.0.0),4,2,Q,2020-Q4,13.2,,,,
ABS:ERP_COMP_Q(1.0.0),4,2,Q,2021-Q1,13.5,,,,
ABS:ERP_COMP_Q(1.0.0),4,2,Q,2021-Q2,21.4,,,,
ABS:ERP_COMP_Q(1.0.0),4,2,Q,2021-Q3,15.9,,,,
ABS:ERP_COMP_Q(1.0.0),4,2,Q,2021-Q4,18.3,,,,
ABS:ERP_COMP_Q(1.0.0),4,2,Q,2022-Q1,17.7,,,,
ABS:ERP_COMP_Q(1.0.0),4,2,Q,2022-Q2,17.4,,,,
ABS:ERP_COMP_Q(1.0.0),4,2,Q,2022-Q3,15.1,,,,
ABS:ERP_COMP_Q(1.0.0),4,2,Q,2022-Q4,21.3,,,,
ABS:ERP_COMP_Q(1.0.0),4,2,Q,2023-Q1,19,,,,
ABS:ERP_COMP_Q(1.0.0),4,2,Q,2023-Q2,18.5,,,,
ABS:ERP_COMP_Q(1.0.0),4,2,Q,2023-Q3,16.9,,,,
ABS:ERP_COMP_Q(1.0.0),4,2,Q,2023-Q4,20.3,,,,
ABS:ERP_COMP_Q(1.0.0),4,2,Q,2024-Q1,19.2,,,,
ABS:ERP_COMP_Q(1.0.0),4,2,Q,2024-Q2,18.4,,,,
ABS:ERP_COMP_Q(1.0.0),4,2,Q,2024-Q3,16.5,,,,
ABS:ERP_COMP_Q(1.0.0),4,2,Q,2024-Q4,20.8,,,,
ABS:ERP_COMP_Q(1.0.0),4,2,Q,2025-Q1,18.8,,,,
ABS:ERP_COMP_Q(1.0.0),4,2,Q,2025-Q2,18.2,,,,
ABS:ERP_COMP_Q(1.0.0),4,2,Q,2025-Q3,16.3,,,,
ABS:ERP_COMP_Q(1.0.0),4,2,Q,2025-Q4,20.4,,,,
ABS:ERP_COMP_Q(1.0.0),11,2,Q,1981-Q2,6.5,,,,
ABS:ERP_COMP_Q(1.0.0),11,2,Q,1981-Q3,7.5,,,,
ABS:ERP_COMP_Q(1.0.0),11,2,Q,1981-Q4,8.6,,,,
ABS:ERP_COMP_Q(1.0.0),11,2,Q,1982-Q1,7.8,,,,
ABS:ERP_COMP_Q(1.0.0),11,2,Q,1982-Q2,6,,,,
ABS:ERP_COMP_Q(1.0.0),11,2,Q,1982-Q3,5.6,,,,
ABS:ERP_COMP_Q(1.0.0),11,2,Q,1982-Q4,5.6,,,,
ABS:ERP_COMP_Q(1.0.0),11,2,Q,1983-Q1,5.7,,,,
ABS:ERP_COMP_Q(1.0.0),11,2,Q,1983-Q2,3.3,,,,
ABS:ERP_COMP_Q(1.0.0),11,2,Q,1983-Q3,2.9,,,,
ABS:ERP_COMP_Q(1.0.0),11,2,Q,1983-Q4,4,,,,
ABS:ERP_COMP_Q(1.0.0),11,2,Q,1984-Q1,4.5,,,,
ABS:ERP_COMP_Q(1.0.0),11,2,Q,1984-Q2,2.8,,,,
ABS:ERP_COMP_Q(1.0.0),11,2,Q,1984-Q3,4.2,,,,
ABS:ERP_COMP_Q(1.0.0),11,2,Q,1984-Q4,5.6,,,,
ABS:ERP_COMP_Q(1.0.0),11,2,Q,1985-Q1,5.8,,,,
ABS:ERP_COMP_Q(1.0.0),11,2,Q,1985-Q2,3.2,,,,
ABS:ERP_COMP_Q(1.0.0),11,2,Q,1985-Q3,5.5,,,,
ABS:ERP_COMP_Q(1.0.0),11,2,Q,1985-Q4,6.9,,,,
ABS:ERP_COMP_Q(1.0.0),11,2,Q,1986-Q1,7.4,,,,
ABS:ERP_COMP_Q(1.0.0),11,2,Q,1986-Q2,5.1,,,,
ABS:ERP_COMP_Q(1.0.0),11,2,Q,1986-Q3,6.4,,,,
ABS:ERP_COMP_Q(1.0.0),11,2,Q,1986-Q4,7.8,,,,
ABS:ERP_COMP_Q(1.0.0),11,2,Q,1987-Q1,8.1,,,,
ABS:ERP_COMP_Q(1.0.0),11,2,Q,1987-Q2,6.3,,,,
ABS:ERP_COMP_Q(1.0.0),11,2,Q,1987-Q3,8.5,,,,
ABS:ERP_COMP_Q(1.0.0),11,2,Q,1987-Q4,9.9,,,,
ABS:ERP_COMP_Q(1.0.0),11,2,Q,1988-Q1,10.5,,,,
ABS:ERP_COMP_Q(1.0.0),11,2,Q,1988-Q2,6.8,,,,
ABS:ERP_COMP_Q(1.0.0),11,2,Q,1988-Q3,9.1,,,,
ABS:ERP_COMP_Q(1.0.0),11,2,Q,1988-Q4,9.8,,,,
ABS:ERP_COMP_Q(1.0.0),11,2,Q,1989-Q1,9.3,,,,
ABS:ERP_COMP_Q(1.0.0),11,2,Q,1989-Q2,6.4,,,,
ABS:ERP_COMP_Q(1.0.0),11,2,Q,1989-Q3,7.7,,,,
ABS:ERP_COMP_Q(1.0.0),11,2,Q,1989-Q4,7.7,,,,
ABS:ERP_COMP_Q(1.0.0),11,2,Q,1990-Q1,8.6,,,,
ABS:ERP_COMP_Q(1.0.0),11,2,Q,1990-Q2,4.8,,,,
ABS:ERP_COMP_Q(1.0.0),11,2,Q,1990-Q3,7.2,,,,
ABS:ERP_COMP_Q(1.0.0),11,2,Q,1990-Q4,6.5,,,,
ABS:ERP_COMP_Q(1.0.0),11,2,Q,1991-Q1,8.2,,,,
ABS:ERP_COMP_Q(1.0.0),11,2,Q,1991-Q2,3.7,,,,
ABS:ERP_COMP_Q(1.0.0),11,2,Q,1991-Q3,6.8,,,,
ABS:ERP_COMP_Q(1.0.0),11,2,Q,1991-Q4,5.6,,,,
ABS:ERP_COMP_Q(1.0.0),11,2,Q,1992-Q1,8,,,,
ABS:ERP_COMP_Q(1.0.0),11,2,Q,1992-Q2,3.1,,,,
ABS:ERP_COMP_Q(1.0.0),11,2,Q,1992-Q3,4.9,,,,
ABS:ERP_COMP_Q(1.0.0),11,2,Q,1992-Q4,4.2,,,,
ABS:ERP_COMP_Q(1.0.0),11,2,Q,1993-Q1,5.4,,,,
ABS:ERP_COMP_Q(1.0.0),11,2,Q,1993-Q2,1.2,,,,
ABS:ERP_COMP_Q(1.0.0),11,2,Q,1993-Q3,3.5,,,,
ABS:ERP_COMP_Q(1.0.0),11,2,Q,1993-Q4,3,,,,
ABS:ERP_COMP_Q(1.0.0),11,2,Q,1994-Q1,6.4,,,,
ABS:ERP_COMP_Q(1.0.0),11,2,Q,1994-Q2,2.5,,,,
ABS:ERP_COMP_Q(1.0.0),11,2,Q,1994-Q3,5.2,,,,
ABS:ERP_COMP_Q(1.0.0),11,2,Q,1994-Q4,5,,,,
ABS:ERP_COMP_Q(1.0.0),11,2,Q,1995-Q1,8.8,,,,
ABS:ERP_COMP_Q(1.0.0),11,2,Q,1995-Q2,3.6,,,,
ABS:ERP_COMP_Q(1.0.0),11,2,Q,1995-Q3,6.9,,,,
ABS:ERP_COMP_Q(1.0.0),11,2,Q,1995-Q4,6.5,,,,
ABS:ERP_COMP_Q(1.0.0),11,2,Q,1996-Q1,10.3,,,,
ABS:ERP_COMP_Q(1.0.0),11,2,Q,1996-Q2,3.4,,,,
ABS:ERP_COMP_Q(1.0.0),11,2,Q,1996-Q3,6.7,,,,
ABS:ERP_COMP_Q(1.0.0),11,2,Q,1996-Q4,4.5,,,,
ABS:ERP_COMP_Q(1.0.0),11,2,Q,1997-Q1,9.6,,,,
ABS:ERP_COMP_Q(1.0.0),11,2,Q,1997-Q2,1.9,,,,
ABS:ERP_COMP_Q(1.0.0),11,2,Q,1997-Q3,5.6,,,,
ABS:ERP_COMP_Q(1.0.0),11,2,Q,1997-Q4,2.7,,,,
ABS:ERP_COMP_Q(1.0.0),11,2,Q,1998-Q1,9.5,,,,
ABS:ERP_COMP_Q(1.0.0),11,2,Q,1998-Q2,1.6,,,,
ABS:ERP_COMP_Q(1.0.0),11,2,Q,1998-Q3,6.8,,,,
ABS:ERP_COMP_Q(1.0.0),11,2,Q,1998-Q4,5.8,,,,
ABS:ERP_COMP_Q(1.0.0),11,2,Q,1999-Q1,9.8,,,,
ABS:ERP_COMP_Q(1.0.0),11,2,Q,1999-Q2,2.4,,,,
ABS:ERP_COMP_Q(1.0.0),11,2,Q,1999-Q3,7.5,,,,
ABS:ERP_COMP_Q(1.0.0),11,2,Q,1999-Q4,5.1,,,,
ABS:ERP_COMP_Q(1.0.0),11,2,Q,2000-Q1,11.3,,,,
ABS:ERP_COMP_Q(1.0.0),11,2,Q,2000-Q2,3.1,,,,
ABS:ERP_COMP_Q(1.0.0),11,2,Q,2000-Q3,8.7,,,,
ABS:ERP_COMP_Q(1.0.0),11,2,Q,2000-Q4,6.4,,,,
ABS:ERP_COMP_Q(1.0.0),11,2,Q,2001-Q1,15.9,,,,
ABS:ERP_COMP_Q(1.0.0),11,2,Q,2001-Q2,4.3,,,,
ABS:ERP_COMP_Q(1.0.0),11,2,Q,2001-Q3,8.9,,,,
ABS:ERP_COMP_Q(1.0.0),11,2,Q,2001-Q4,6.4,,,,
ABS:ERP_COMP_Q(1.0.0),11,2,Q,2002-Q1,15,,,,
ABS:ERP_COMP_Q(1.0.0),11,2,Q,2002-Q2,4,,,,
ABS:ERP_COMP_Q(1.0.0),11,2,Q,2002-Q3,10.7,,,,
ABS:ERP_COMP_Q(1.0.0),11,2,Q,2002-Q4,6.7,,,,
ABS:ERP_COMP_Q(1.0.0),11,2,Q,2003-Q1,17.9,,,,
ABS:ERP_COMP_Q(1.0.0),11,2,Q,2003-Q2,6,,,,
ABS:ERP_COMP_Q(1.0.0),11,2,Q,2003-Q3,13.5,,,,
ABS:ERP_COMP_Q(1.0.0),11,2,Q,2003-Q4,7.3,,,,
ABS:ERP_COMP_Q(1.0.0),11,2,Q,2004-Q1,19.8,,,,
ABS:ERP_COMP_Q(1.0.0),11,2,Q,2004-Q2,6.1,,,,
ABS:ERP_COMP_Q(1.0.0),11,2,Q,2004-Q3,14.7,,,,
ABS:ERP_COMP_Q(1.0.0),11,2,Q,2004-Q4,7.6,,,,
ABS:ERP_COMP_Q(1.0.0),11,2,Q,2005-Q1,20.7,,,,
ABS:ERP_COMP_Q(1.0.0),11,2,Q,2005-Q2,6.5,,,,
ABS:ERP_COMP_Q(1.0.0),11,2,Q,2005-Q3,15.1,,,,
ABS:ERP_COMP_Q(1.0.0),11,2,Q,2005-Q4,9.4,,,,
ABS:ERP_COMP_Q(1.0.0),11,2,Q,2006-Q1,22.4,,,,
ABS:ERP_COMP_Q(1.0.0),11,2,Q,2006-Q2,8.1,,,,
ABS:ERP_COMP_Q(1.0.0),11,2,Q,2006-Q3,14.9,,,,
ABS:ERP_COMP_Q(1.0.0),11,2,Q,2006-Q4,13,,,,
ABS:ERP_COMP_Q(1.0.0),11,2,Q,2007-Q1,22,,,,
ABS:ERP_COMP_Q(1.0.0),11,2,Q,2007-Q2,12.6,,,,
ABS:ERP_COMP_Q(1.0.0),11,2,Q,2007-Q3,17.5,,,,
ABS:ERP_COMP_Q(1.0.0),11,2,Q,2007-Q4,14.3,,,,
ABS:ERP_COMP_Q(1.0.0),11,2,Q,2008-Q1,24.9,,,,
ABS:ERP_COMP_Q(1.0.0),11,2,Q,2008-Q2,16.8,,,,
ABS:ERP_COMP_Q(1.0.0),11,2,Q,2008-Q3,22.8,,,,
ABS:ERP_COMP_Q(1.0.0),11,2,Q,2008-Q4,18.7,,,,
ABS:ERP_COMP_Q(1.0.0),11,2,Q,2009-Q1,25.9,,,,
ABS:ERP_COMP_Q(1.0.0),11,2,Q,2009-Q2,16.3,,,,
ABS:ERP_COMP_Q(1.0.0),11,2,Q,2009-Q3,19,,,,
ABS:ERP_COMP_Q(1.0.0),11,2,Q,2009-Q4,10.9,,,,
ABS:ERP_COMP_Q(1.0.0),11,2,Q,2010-Q1,16.2,,,,
ABS:ERP_COMP_Q(1.0.0),11,2,Q,2010-Q2,7.5,,,,
ABS:ERP_COMP_Q(1.0.0),11,2,Q,2010-Q3,10.3,,,,
ABS:ERP_COMP_Q(1.0.0),11,2,Q,2010-Q4,9.2,,,,
ABS:ERP_COMP_Q(1.0.0),11,2,Q,2011-Q1,15.7,,,,
ABS:ERP_COMP_Q(1.0.0),11,2,Q,2011-Q2,9.5,,,,
ABS:ERP_COMP_Q(1.0.0),11,2,Q,2011-Q3,13.3,,,,
ABS:ERP_COMP_Q(1.0.0),11,2,Q,2011-Q4,12.6,,,,
ABS:ERP_COMP_Q(1.0.0),11,2,Q,2012-Q1,18.4,,,,
ABS:ERP_COMP_Q(1.0.0),11,2,Q,2012-Q2,11.9,,,,
ABS:ERP_COMP_Q(1.0.0),11,2,Q,2012-Q3,15.7,,,,
ABS:ERP_COMP_Q(1.0.0),11,2,Q,2012-Q4,12.8,,,,
ABS:ERP_COMP_Q(1.0.0),11,2,Q,2013-Q1,18.9,,,,
ABS:ERP_COMP_Q(1.0.0),11,2,Q,2013-Q2,11.7,,,,
ABS:ERP_COMP_Q(1.0.0),11,2,Q,2013-Q3,16.1,,,,
ABS:ERP_COMP_Q(1.0.0),11,2,Q,2013-Q4,11.8,,,,
ABS:ERP_COMP_Q(1.0.0),11,2,Q,2014-Q1,19.6,,,,
ABS:ERP_COMP_Q(1.0.0),11,2,Q,2014-Q2,9.4,,,,
ABS:ERP_COMP_Q(1.0.0),11,2,Q,2014-Q3,16.9,,,,
ABS:ERP_COMP_Q(1.0.0),11,2,Q,2014-Q4,12.6,,,,
ABS:ERP_COMP_Q(1.0.0),11,2,Q,2015-Q1,20.1,,,,
ABS:ERP_COMP_Q(1.0.0),11,2,Q,2015-Q2,11.2,,,,
ABS:ERP_COMP_Q(1.0.0),11,2,Q,2015-Q3,18.1,,,,
ABS:ERP_COMP_Q(1.0.0),11,2,Q,2015-Q4,14.8,,,,
ABS:ERP_COMP_Q(1.0.0),11,2,Q,2016-Q1,24.8,,,,
ABS:ERP_COMP_Q(1.0.0),11,2,Q,2016-Q2,14.5,,,,
ABS:ERP_COMP_Q(1.0.0),11,2,Q,2016-Q3,24.5,,,,
ABS:ERP_COMP_Q(1.0.0),11,2,Q,2016-Q4,19.1,,,,
ABS:ERP_COMP_Q(1.0.0),11,2,Q,2017-Q1,31.8,,,,
ABS:ERP_COMP_Q(1.0.0),11,2,Q,2017-Q2,15.8,,,,
ABS:ERP_COMP_Q(1.0.0),11,2,Q,2017-Q3,24.6,,,,
ABS:ERP_COMP_Q(1.0.0),11,2,Q,2017-Q4,14.9,,,,
ABS:ERP_COMP_Q(1.0.0),11,2,Q,2018-Q1,31,,,,
ABS:ERP_COMP_Q(1.0.0),11,2,Q,2018-Q2,16.5,,,,
ABS:ERP_COMP_Q(1.0.0),11,2,Q,2018-Q3,25.6,,,,
ABS:ERP_COMP_Q(1.0.0),11,2,Q,2018-Q4,16.5,,,,
ABS:ERP_COMP_Q(1.0.0),11,2,Q,2019-Q1,30.5,,,,
ABS:ERP_COMP_Q(1.0.0),11,2,Q,2019-Q2,12.9,,,,
ABS:ERP_COMP_Q(1.0.0),11,2,Q,2019-Q3,25.9,,,,
ABS:ERP_COMP_Q(1.0.0),11,2,Q,2019-Q4,15.7,,,,
ABS:ERP_COMP_Q(1.0.0),11,2,Q,2020-Q1,21.4,,,,
ABS:ERP_COMP_Q(1.0.0),11,2,Q,2020-Q2,-2.5,,,,
ABS:ERP_COMP_Q(1.0.0),11,2,Q,2020-Q3,-20.7,,,,
ABS:ERP_COMP_Q(1.0.0),11,2,Q,2020-Q4,-18.7,,,,
ABS:ERP_COMP_Q(1.0.0),11,2,Q,2021-Q1,-9.9,,,,
ABS:ERP_COMP_Q(1.0.0),11,2,Q,2021-Q2,-3.8,,,,
ABS:ERP_COMP_Q(1.0.0),11,2,Q,2021-Q3,-5,,,,
ABS:ERP_COMP_Q(1.0.0),11,2,Q,2021-Q4,13.3,,,,
ABS:ERP_COMP_Q(1.0.0),11,2,Q,2022-Q1,35.6,,,,
ABS:ERP_COMP_Q(1.0.0),11,2,Q,2022-Q2,22.8,,,,
ABS:ERP_COMP_Q(1.0.0),11,2,Q,2022-Q3,38.1,,,,
ABS:ERP_COMP_Q(1.0.0),11,2,Q,2022-Q4,37.6,,,,
ABS:ERP_COMP_Q(1.0.0),11,2,Q,2023-Q1,50,,,,
ABS:ERP_COMP_Q(1.0.0),11,2,Q,2023-Q2,34.2,,,,
ABS:ERP_COMP_Q(1.0.0),11,2,Q,2023-Q3,42.2,,,,
ABS:ERP_COMP_Q(1.0.0),11,2,Q,2023-Q4,29.2,,,,
ABS:ERP_COMP_Q(1.0.0),11,2,Q,2024-Q1,40,,,,
ABS:ERP_COMP_Q(1.0.0),11,2,Q,2024-Q2,16.5,,,,
ABS:ERP_COMP_Q(1.0.0),11,2,Q,2024-Q3,22.5,,,,
ABS:ERP_COMP_Q(1.0.0),11,2,Q,2024-Q4,17.9,,,,
ABS:ERP_COMP_Q(1.0.0),11,2,Q,2025-Q1,32.5,,,,
ABS:ERP_COMP_Q(1.0.0),11,2,Q,2025-Q2,13,,,,
ABS:ERP_COMP_Q(1.0.0),11,2,Q,2025-Q3,23.9,,,,
ABS:ERP_COMP_Q(1.0.0),11,2,Q,2025-Q4,15.6,,,,
ABS:ERP_COMP_Q(1.0.0),11,1,Q,1981-Q2,10.7,,,,
ABS:ERP_COMP_Q(1.0.0),11,1,Q,1981-Q3,12,,,,
ABS:ERP_COMP_Q(1.0.0),11,1,Q,1981-Q4,13.5,,,,
ABS:ERP_COMP_Q(1.0.0),11,1,Q,1982-Q1,12.9,,,,
ABS:ERP_COMP_Q(1.0.0),11,1,Q,1982-Q2,9.1,,,,
ABS:ERP_COMP_Q(1.0.0),11,1,Q,1982-Q3,8.7,,,,
ABS:ERP_COMP_Q(1.0.0),11,1,Q,1982-Q4,8,,,,
ABS:ERP_COMP_Q(1.0.0),11,1,Q,1983-Q1,6.1,,,,
ABS:ERP_COMP_Q(1.0.0),11,1,Q,1983-Q2,3.8,,,,
ABS:ERP_COMP_Q(1.0.0),11,1,Q,1983-Q3,4,,,,
ABS:ERP_COMP_Q(1.0.0),11,1,Q,1983-Q4,5.6,,,,
ABS:ERP_COMP_Q(1.0.0),11,1,Q,1984-Q1,6,,,,
ABS:ERP_COMP_Q(1.0.0),11,1,Q,1984-Q2,4.2,,,,
ABS:ERP_COMP_Q(1.0.0),11,1,Q,1984-Q3,6.5,,,,
ABS:ERP_COMP_Q(1.0.0),11,1,Q,1984-Q4,8.1,,,,
ABS:ERP_COMP_Q(1.0.0),11,1,Q,1985-Q1,8.4,,,,
ABS:ERP_COMP_Q(1.0.0),11,1,Q,1985-Q2,6,,,,
ABS:ERP_COMP_Q(1.0.0),11,1,Q,1985-Q3,7.9,,,,
ABS:ERP_COMP_Q(1.0.0),11,1,Q,1985-Q4,10.9,,,,
ABS:ERP_COMP_Q(1.0.0),11,1,Q,1986-Q1,11.2,,,,
ABS:ERP_COMP_Q(1.0.0),11,1,Q,1986-Q2,8.4,,,,
ABS:ERP_COMP_Q(1.0.0),11,1,Q,1986-Q3,10.8,,,,
ABS:ERP_COMP_Q(1.0.0),11,1,Q,1986-Q4,11.8,,,,
ABS:ERP_COMP_Q(1.0.0),11,1,Q,1987-Q1,12.4,,,,
ABS:ERP_COMP_Q(1.0.0),11,1,Q,1987-Q2,11,,,,
ABS:ERP_COMP_Q(1.0.0),11,1,Q,1987-Q3,13.1,,,,
ABS:ERP_COMP_Q(1.0.0),11,1,Q,1987-Q4,16.9,,,,
ABS:ERP_COMP_Q(1.0.0),11,1,Q,1988-Q1,16.4,,,,
ABS:ERP_COMP_Q(1.0.0),11,1,Q,1988-Q2,12.6,,,,
ABS:ERP_COMP_Q(1.0.0),11,1,Q,1988-Q3,15.2,,,,
ABS:ERP_COMP_Q(1.0.0),11,1,Q,1988-Q4,15.6,,,,
ABS:ERP_COMP_Q(1.0.0),11,1,Q,1989-Q1,13.7,,,,
ABS:ERP_COMP_Q(1.0.0),11,1,Q,1989-Q2,10.2,,,,
ABS:ERP_COMP_Q(1.0.0),11,1,Q,1989-Q3,12.1,,,,
ABS:ERP_COMP_Q(1.0.0),11,1,Q,1989-Q4,12.1,,,,
ABS:ERP_COMP_Q(1.0.0),11,1,Q,1990-Q1,11.4,,,,
ABS:ERP_COMP_Q(1.0.0),11,1,Q,1990-Q2,8.3,,,,
ABS:ERP_COMP_Q(1.0.0),11,1,Q,1990-Q3,11.1,,,,
ABS:ERP_COMP_Q(1.0.0),11,1,Q,1990-Q4,10.4,,,,
ABS:ERP_COMP_Q(1.0.0),11,1,Q,1991-Q1,11.1,,,,
ABS:ERP_COMP_Q(1.0.0),11,1,Q,1991-Q2,7.3,,,,
ABS:ERP_COMP_Q(1.0.0),11,1,Q,1991-Q3,11.9,,,,
ABS:ERP_COMP_Q(1.0.0),11,1,Q,1991-Q4,10.1,,,,
ABS:ERP_COMP_Q(1.0.0),11,1,Q,1992-Q1,11.9,,,,
ABS:ERP_COMP_Q(1.0.0),11,1,Q,1992-Q2,6.5,,,,
ABS:ERP_COMP_Q(1.0.0),11,1,Q,1992-Q3,8.1,,,,
ABS:ERP_COMP_Q(1.0.0),11,1,Q,1992-Q4,7.5,,,,
ABS:ERP_COMP_Q(1.0.0),11,1,Q,1993-Q1,7.6,,,,
ABS:ERP_COMP_Q(1.0.0),11,1,Q,1993-Q2,3.2,,,,
ABS:ERP_COMP_Q(1.0.0),11,1,Q,1993-Q3,7.5,,,,
ABS:ERP_COMP_Q(1.0.0),11,1,Q,1993-Q4,6.9,,,,
ABS:ERP_COMP_Q(1.0.0),11,1,Q,1994-Q1,10.6,,,,
ABS:ERP_COMP_Q(1.0.0),11,1,Q,1994-Q2,5.7,,,,
ABS:ERP_COMP_Q(1.0.0),11,1,Q,1994-Q3,10.6,,,,
ABS:ERP_COMP_Q(1.0.0),11,1,Q,1994-Q4,9.1,,,,
ABS:ERP_COMP_Q(1.0.0),11,1,Q,1995-Q1,12.9,,,,
ABS:ERP_COMP_Q(1.0.0),11,1,Q,1995-Q2,8.6,,,,
ABS:ERP_COMP_Q(1.0.0),11,1,Q,1995-Q3,12.7,,,,
ABS:ERP_COMP_Q(1.0.0),11,1,Q,1995-Q4,12.7,,,,
ABS:ERP_COMP_Q(1.0.0),11,1,Q,1996-Q1,17,,,,
ABS:ERP_COMP_Q(1.0.0),11,1,Q,1996-Q2,7.6,,,,
ABS:ERP_COMP_Q(1.0.0),11,1,Q,1996-Q3,12.1,,,,
ABS:ERP_COMP_Q(1.0.0),11,1,Q,1996-Q4,9.8,,,,
ABS:ERP_COMP_Q(1.0.0),11,1,Q,1997-Q1,13.8,,,,
ABS:ERP_COMP_Q(1.0.0),11,1,Q,1997-Q2,4.6,,,,
ABS:ERP_COMP_Q(1.0.0),11,1,Q,1997-Q3,9.2,,,,
ABS:ERP_COMP_Q(1.0.0),11,1,Q,1997-Q4,6.7,,,,
ABS:ERP_COMP_Q(1.0.0),11,1,Q,1998-Q1,12.3,,,,
ABS:ERP_COMP_Q(1.0.0),11,1,Q,1998-Q2,3.7,,,,
ABS:ERP_COMP_Q(1.0.0),11,1,Q,1998-Q3,11.8,,,,
ABS:ERP_COMP_Q(1.0.0),11,1,Q,1998-Q4,7.5,,,,
ABS:ERP_COMP_Q(1.0.0),11,1,Q,1999-Q1,13.8,,,,
ABS:ERP_COMP_Q(1.0.0),11,1,Q,1999-Q2,8,,,,
ABS:ERP_COMP_Q(1.0.0),11,1,Q,1999-Q3,11.3,,,,
ABS:ERP_COMP_Q(1.0.0),11,1,Q,1999-Q4,10.8,,,,
ABS:ERP_COMP_Q(1.0.0),11,1,Q,2000-Q1,14,,,,
ABS:ERP_COMP_Q(1.0.0),11,1,Q,2000-Q2,7.6,,,,
ABS:ERP_COMP_Q(1.0.0),11,1,Q,2000-Q3,13.3,,,,
ABS:ERP_COMP_Q(1.0.0),11,1,Q,2000-Q4,12.3,,,,
ABS:ERP_COMP_Q(1.0.0),11,1,Q,2001-Q1,22,,,,
ABS:ERP_COMP_Q(1.0.0),11,1,Q,2001-Q2,10.9,,,,
ABS:ERP_COMP_Q(1.0.0),11,1,Q,2001-Q3,14.1,,,,
ABS:ERP_COMP_Q(1.0.0),11,1,Q,2001-Q4,10.9,,,,
ABS:ERP_COMP_Q(1.0.0),11,1,Q,2002-Q1,17.9,,,,
ABS:ERP_COMP_Q(1.0.0),11,1,Q,2002-Q2,8.4,,,,
ABS:ERP_COMP_Q(1.0.0),11,1,Q,2002-Q3,15.2,,,,
ABS:ERP_COMP_Q(1.0.0),11,1,Q,2002-Q4,11.2,,,,
ABS:ERP_COMP_Q(1.0.0),11,1,Q,2003-Q1,19.7,,,,
ABS:ERP_COMP_Q(1.0.0),11,1,Q,2003-Q2,9.6,,,,
ABS:ERP_COMP_Q(1.0.0),11,1,Q,2003-Q3,16.5,,,,
ABS:ERP_COMP_Q(1.0.0),11,1,Q,2003-Q4,11.2,,,,
ABS:ERP_COMP_Q(1.0.0),11,1,Q,2004-Q1,20.3,,,,
ABS:ERP_COMP_Q(1.0.0),11,1,Q,2004-Q2,9.1,,,,
ABS:ERP_COMP_Q(1.0.0),11,1,Q,2004-Q3,18.6,,,,
ABS:ERP_COMP_Q(1.0.0),11,1,Q,2004-Q4,11.8,,,,
ABS:ERP_COMP_Q(1.0.0),11,1,Q,2005-Q1,22,,,,
ABS:ERP_COMP_Q(1.0.0),11,1,Q,2005-Q2,10.2,,,,
ABS:ERP_COMP_Q(1.0.0),11,1,Q,2005-Q3,19.4,,,,
ABS:ERP_COMP_Q(1.0.0),11,1,Q,2005-Q4,14.1,,,,
ABS:ERP_COMP_Q(1.0.0),11,1,Q,2006-Q1,22.8,,,,
ABS:ERP_COMP_Q(1.0.0),11,1,Q,2006-Q2,9.9,,,,
ABS:ERP_COMP_Q(1.0.0),11,1,Q,2006-Q3,18.9,,,,
ABS:ERP_COMP_Q(1.0.0),11,1,Q,2006-Q4,17,,,,
ABS:ERP_COMP_Q(1.0.0),11,1,Q,2007-Q1,23,,,,
ABS:ERP_COMP_Q(1.0.0),11,1,Q,2007-Q2,14.6,,,,
ABS:ERP_COMP_Q(1.0.0),11,1,Q,2007-Q3,20.9,,,,
ABS:ERP_COMP_Q(1.0.0),11,1,Q,2007-Q4,18.3,,,,
ABS:ERP_COMP_Q(1.0.0),11,1,Q,2008-Q1,29.4,,,,
ABS:ERP_COMP_Q(1.0.0),11,1,Q,2008-Q2,18.7,,,,
ABS:ERP_COMP_Q(1.0.0),11,1,Q,2008-Q3,25,,,,
ABS:ERP_COMP_Q(1.0.0),11,1,Q,2008-Q4,23.2,,,,
ABS:ERP_COMP_Q(1.0.0),11,1,Q,2009-Q1,23.9,,,,
ABS:ERP_COMP_Q(1.0.0),11,1,Q,2009-Q2,14.6,,,,
ABS:ERP_COMP_Q(1.0.0),11,1,Q,2009-Q3,17.7,,,,
ABS:ERP_COMP_Q(1.0.0),11,1,Q,2009-Q4,14,,,,
ABS:ERP_COMP_Q(1.0.0),11,1,Q,2010-Q1,17.6,,,,
ABS:ERP_COMP_Q(1.0.0),11,1,Q,2010-Q2,7.9,,,,
ABS:ERP_COMP_Q(1.0.0),11,1,Q,2010-Q3,12,,,,
ABS:ERP_COMP_Q(1.0.0),11,1,Q,2010-Q4,12.6,,,,
ABS:ERP_COMP_Q(1.0.0),11,1,Q,2011-Q1,18,,,,
ABS:ERP_COMP_Q(1.0.0),11,1,Q,2011-Q2,9.1,,,,
ABS:ERP_COMP_Q(1.0.0),11,1,Q,2011-Q3,14.1,,,,
ABS:ERP_COMP_Q(1.0.0),11,1,Q,2011-Q4,13,,,,
ABS:ERP_COMP_Q(1.0.0),11,1,Q,2012-Q1,17.9,,,,
ABS:ERP_COMP_Q(1.0.0),11,1,Q,2012-Q2,12.2,,,,
ABS:ERP_COMP_Q(1.0.0),11,1,Q,2012-Q3,16.5,,,,
ABS:ERP_COMP_Q(1.0.0),11,1,Q,2012-Q4,16.5,,,,
ABS:ERP_COMP_Q(1.0.0),11,1,Q,2013-Q1,20.7,,,,
ABS:ERP_COMP_Q(1.0.0),11,1,Q,2013-Q2,13.1,,,,
ABS:ERP_COMP_Q(1.0.0),11,1,Q,2013-Q3,18.6,,,,
ABS:ERP_COMP_Q(1.0.0),11,1,Q,2013-Q4,15.2,,,,
ABS:ERP_COMP_Q(1.0.0),11,1,Q,2014-Q1,21.8,,,,
ABS:ERP_COMP_Q(1.0.0),11,1,Q,2014-Q2,11.4,,,,
ABS:ERP_COMP_Q(1.0.0),11,1,Q,2014-Q3,19.3,,,,
ABS:ERP_COMP_Q(1.0.0),11,1,Q,2014-Q4,15.9,,,,
ABS:ERP_COMP_Q(1.0.0),11,1,Q,2015-Q1,22.9,,,,
ABS:ERP_COMP_Q(1.0.0),11,1,Q,2015-Q2,12.2,,,,
ABS:ERP_COMP_Q(1.0.0),11,1,Q,2015-Q3,20.5,,,,
ABS:ERP_COMP_Q(1.0.0),11,1,Q,2015-Q4,17.2,,,,
ABS:ERP_COMP_Q(1.0.0),11,1,Q,2016-Q1,26.1,,,,
ABS:ERP_COMP_Q(1.0.0),11,1,Q,2016-Q2,16.3,,,,
ABS:ERP_COMP_Q(1.0.0),11,1,Q,2016-Q3,30.1,,,,
ABS:ERP_COMP_Q(1.0.0),11,1,Q,2016-Q4,23.8,,,,
ABS:ERP_COMP_Q(1.0.0),11,1,Q,2017-Q1,33.1,,,,
ABS:ERP_COMP_Q(1.0.0),11,1,Q,2017-Q2,18.6,,,,
ABS:ERP_COMP_Q(1.0.0),11,1,Q,2017-Q3,28.1,,,,
ABS:ERP_COMP_Q(1.0.0),11,1,Q,2017-Q4,15.2,,,,
ABS:ERP_COMP_Q(1.0.0),11,1,Q,2018-Q1,30.3,,,,
ABS:ERP_COMP_Q(1.0.0),11,1,Q,2018-Q2,17,,,,
ABS:ERP_COMP_Q(1.0.0),11,1,Q,2018-Q3,27.5,,,,
ABS:ERP_COMP_Q(1.0.0),11,1,Q,2018-Q4,18,,,,
ABS:ERP_COMP_Q(1.0.0),11,1,Q,2019-Q1,27,,,,
ABS:ERP_COMP_Q(1.0.0),11,1,Q,2019-Q2,12,,,,
ABS:ERP_COMP_Q(1.0.0),11,1,Q,2019-Q3,23.3,,,,
ABS:ERP_COMP_Q(1.0.0),11,1,Q,2019-Q4,17,,,,
ABS:ERP_COMP_Q(1.0.0),11,1,Q,2020-Q1,21.5,,,,
ABS:ERP_COMP_Q(1.0.0),11,1,Q,2020-Q2,-3.9,,,,
ABS:ERP_COMP_Q(1.0.0),11,1,Q,2020-Q3,-10.1,,,,
ABS:ERP_COMP_Q(1.0.0),11,1,Q,2020-Q4,-0.5,,,,
ABS:ERP_COMP_Q(1.0.0),11,1,Q,2021-Q1,-0.8,,,,
ABS:ERP_COMP_Q(1.0.0),11,1,Q,2021-Q2,4.1,,,,
ABS:ERP_COMP_Q(1.0.0),11,1,Q,2021-Q3,-5.9,,,,
ABS:ERP_COMP_Q(1.0.0),11,1,Q,2021-Q4,15.3,,,,
ABS:ERP_COMP_Q(1.0.0),11,1,Q,2022-Q1,36.2,,,,
ABS:ERP_COMP_Q(1.0.0),11,1,Q,2022-Q2,25.1,,,,
ABS:ERP_COMP_Q(1.0.0),11,1,Q,2022-Q3,43.5,,,,
ABS:ERP_COMP_Q(1.0.0),11,1,Q,2022-Q4,42.5,,,,
ABS:ERP_COMP_Q(1.0.0),11,1,Q,2023-Q1,52.4,,,,
ABS:ERP_COMP_Q(1.0.0),11,1,Q,2023-Q2,39.6,,,,
ABS:ERP_COMP_Q(1.0.0),11,1,Q,2023-Q3,48.6,,,,
ABS:ERP_COMP_Q(1.0.0),11,1,Q,2023-Q4,31.5,,,,
ABS:ERP_COMP_Q(1.0.0),11,1,Q,2024-Q1,38.3,,,,
ABS:ERP_COMP_Q(1.0.0),11,1,Q,2024-Q2,14.7,,,,
ABS:ERP_COMP_Q(1.0.0),11,1,Q,2024-Q3,26.3,,,,
ABS:ERP_COMP_Q(1.0.0),11,1,Q,2024-Q4,18.3,,,,
ABS:ERP_COMP_Q(1.0.0),11,1,Q,2025-Q1,31.2,,,,
ABS:ERP_COMP_Q(1.0.0),11,1,Q,2025-Q2,12.5,,,,
ABS:ERP_COMP_Q(1.0.0),11,1,Q,2025-Q3,29.3,,,,
ABS:ERP_COMP_Q(1.0.0),11,1,Q,2025-Q4,17.9,,,,
ABS:ERP_COMP_Q(1.0.0),2,7,Q,1981-Q2,0.2,,,,
ABS:ERP_COMP_Q(1.0.0),2,7,Q,1981-Q3,0.2,,,,
ABS:ERP_COMP_Q(1.0.0),2,7,Q,1981-Q4,0.2,,,,
ABS:ERP_COMP_Q(1.0.0),2,7,Q,1982-Q1,0.2,,,,
ABS:ERP_COMP_Q(1.0.0),2,7,Q,1982-Q2,0.2,,,,
ABS:ERP_COMP_Q(1.0.0),2,7,Q,1982-Q3,0.1,,,,
ABS:ERP_COMP_Q(1.0.0),2,7,Q,1982-Q4,0.1,,,,
ABS:ERP_COMP_Q(1.0.0),2,7,Q,1983-Q1,0.1,,,,
ABS:ERP_COMP_Q(1.0.0),2,7,Q,1983-Q2,0.2,,,,
ABS:ERP_COMP_Q(1.0.0),2,7,Q,1983-Q3,0.2,,,,
ABS:ERP_COMP_Q(1.0.0),2,7,Q,1983-Q4,0.2,,,,
ABS:ERP_COMP_Q(1.0.0),2,7,Q,1984-Q1,0.1,,,,
ABS:ERP_COMP_Q(1.0.0),2,7,Q,1984-Q2,0.1,,,,
ABS:ERP_COMP_Q(1.0.0),2,7,Q,1984-Q3,0.1,,,,
ABS:ERP_COMP_Q(1.0.0),2,7,Q,1984-Q4,0.1,,,,
ABS:ERP_COMP_Q(1.0.0),2,7,Q,1985-Q1,0.2,,,,
ABS:ERP_COMP_Q(1.0.0),2,7,Q,1985-Q2,0.1,,,,
ABS:ERP_COMP_Q(1.0.0),2,7,Q,1985-Q3,0.2,,,,
ABS:ERP_COMP_Q(1.0.0),2,7,Q,1985-Q4,0.2,,,,
ABS:ERP_COMP_Q(1.0.0),2,7,Q,1986-Q1,0.2,,,,
ABS:ERP_COMP_Q(1.0.0),2,7,Q,1986-Q2,0.1,,,,
ABS:ERP_COMP_Q(1.0.0),2,7,Q,1986-Q3,0.2,,,,
ABS:ERP_COMP_Q(1.0.0),2,7,Q,1986-Q4,0.2,,,,
ABS:ERP_COMP_Q(1.0.0),2,7,Q,1987-Q1,0.1,,,,
ABS:ERP_COMP_Q(1.0.0),2,7,Q,1987-Q2,0.2,,,,
ABS:ERP_COMP_Q(1.0.0),2,7,Q,1987-Q3,0.2,,,,
ABS:ERP_COMP_Q(1.0.0),2,7,Q,1987-Q4,0.2,,,,
ABS:ERP_COMP_Q(1.0.0),2,7,Q,1988-Q1,0.2,,,,
ABS:ERP_COMP_Q(1.0.0),2,7,Q,1988-Q2,0.2,,,,
ABS:ERP_COMP_Q(1.0.0),2,7,Q,1988-Q3,0.3,,,,
ABS:ERP_COMP_Q(1.0.0),2,7,Q,1988-Q4,0.2,,,,
ABS:ERP_COMP_Q(1.0.0),2,7,Q,1989-Q1,0.2,,,,
ABS:ERP_COMP_Q(1.0.0),2,7,Q,1989-Q2,0.2,,,,
ABS:ERP_COMP_Q(1.0.0),2,7,Q,1989-Q3,0.2,,,,
ABS:ERP_COMP_Q(1.0.0),2,7,Q,1989-Q4,0.2,,,,
ABS:ERP_COMP_Q(1.0.0),2,7,Q,1990-Q1,0.2,,,,
ABS:ERP_COMP_Q(1.0.0),2,7,Q,1990-Q2,0.2,,,,
ABS:ERP_COMP_Q(1.0.0),2,7,Q,1990-Q3,0.2,,,,
ABS:ERP_COMP_Q(1.0.0),2,7,Q,1990-Q4,0.2,,,,
ABS:ERP_COMP_Q(1.0.0),2,7,Q,1991-Q1,0.2,,,,
ABS:ERP_COMP_Q(1.0.0),2,7,Q,1991-Q2,0.2,,,,
ABS:ERP_COMP_Q(1.0.0),2,7,Q,1991-Q3,0.2,,,,
ABS:ERP_COMP_Q(1.0.0),2,7,Q,1991-Q4,0.2,,,,
ABS:ERP_COMP_Q(1.0.0),2,7,Q,1992-Q1,0.2,,,,
ABS:ERP_COMP_Q(1.0.0),2,7,Q,1992-Q2,0.2,,,,
ABS:ERP_COMP_Q(1.0.0),2,7,Q,1992-Q3,0.2,,,,
ABS:ERP_COMP_Q(1.0.0),2,7,Q,1992-Q4,0.2,,,,
ABS:ERP_COMP_Q(1.0.0),2,7,Q,1993-Q1,0.2,,,,
ABS:ERP_COMP_Q(1.0.0),2,7,Q,1993-Q2,0.2,,,,
ABS:ERP_COMP_Q(1.0.0),2,7,Q,1993-Q3,0.2,,,,
ABS:ERP_COMP_Q(1.0.0),2,7,Q,1993-Q4,0.2,,,,
ABS:ERP_COMP_Q(1.0.0),2,7,Q,1994-Q1,0.2,,,,
ABS:ERP_COMP_Q(1.0.0),2,7,Q,1994-Q2,0.2,,,,
ABS:ERP_COMP_Q(1.0.0),2,7,Q,1994-Q3,0.2,,,,
ABS:ERP_COMP_Q(1.0.0),2,7,Q,1994-Q4,0.2,,,,
ABS:ERP_COMP_Q(1.0.0),2,7,Q,1995-Q1,0.2,,,,
ABS:ERP_COMP_Q(1.0.0),2,7,Q,1995-Q2,0.2,,,,
ABS:ERP_COMP_Q(1.0.0),2,7,Q,1995-Q3,0.2,,,,
ABS:ERP_COMP_Q(1.0.0),2,7,Q,1995-Q4,0.2,,,,
ABS:ERP_COMP_Q(1.0.0),2,7,Q,1996-Q1,0.2,,,,
ABS:ERP_COMP_Q(1.0.0),2,7,Q,1996-Q2,0.2,,,,
ABS:ERP_COMP_Q(1.0.0),2,7,Q,1996-Q3,0.2,,,,
ABS:ERP_COMP_Q(1.0.0),2,7,Q,1996-Q4,0.2,,,,
ABS:ERP_COMP_Q(1.0.0),2,7,Q,1997-Q1,0.2,,,,
ABS:ERP_COMP_Q(1.0.0),2,7,Q,1997-Q2,0.2,,,,
ABS:ERP_COMP_Q(1.0.0),2,7,Q,1997-Q3,0.2,,,,
ABS:ERP_COMP_Q(1.0.0),2,7,Q,1997-Q4,0.2,,,,
ABS:ERP_COMP_Q(1.0.0),2,7,Q,1998-Q1,0.2,,,,
ABS:ERP_COMP_Q(1.0.0),2,7,Q,1998-Q2,0.2,,,,
ABS:ERP_COMP_Q(1.0.0),2,7,Q,1998-Q3,0.3,,,,
ABS:ERP_COMP_Q(1.0.0),2,7,Q,1998-Q4,0.2,,,,
ABS:ERP_COMP_Q(1.0.0),2,7,Q,1999-Q1,0.2,,,,
ABS:ERP_COMP_Q(1.0.0),2,7,Q,1999-Q2,0.2,,,,
ABS:ERP_COMP_Q(1.0.0),2,7,Q,1999-Q3,0.2,,,,
ABS:ERP_COMP_Q(1.0.0),2,7,Q,1999-Q4,0.2,,,,
ABS:ERP_COMP_Q(1.0.0),2,7,Q,2000-Q1,0.2,,,,
ABS:ERP_COMP_Q(1.0.0),2,7,Q,2000-Q2,0.2,,,,
ABS:ERP_COMP_Q(1.0.0),2,7,Q,2000-Q3,0.2,,,,
ABS:ERP_COMP_Q(1.0.0),2,7,Q,2000-Q4,0.2,,,,
ABS:ERP_COMP_Q(1.0.0),2,7,Q,2001-Q1,0.2,,,,
ABS:ERP_COMP_Q(1.0.0),2,7,Q,2001-Q2,0.2,,,,
ABS:ERP_COMP_Q(1.0.0),2,7,Q,2001-Q3,0.2,,,,
ABS:ERP_COMP_Q(1.0.0),2,7,Q,2001-Q4,0.2,,,,
ABS:ERP_COMP_Q(1.0.0),2,7,Q,2002-Q1,0.2,,,,
ABS:ERP_COMP_Q(1.0.0),2,7,Q,2002-Q2,0.2,,,,
ABS:ERP_COMP_Q(1.0.0),2,7,Q,2002-Q3,0.2,,,,
ABS:ERP_COMP_Q(1.0.0),2,7,Q,2002-Q4,0.2,,,,
ABS:ERP_COMP_Q(1.0.0),2,7,Q,2003-Q1,0.2,,,,
ABS:ERP_COMP_Q(1.0.0),2,7,Q,2003-Q2,0.2,,,,
ABS:ERP_COMP_Q(1.0.0),2,7,Q,2003-Q3,0.2,,,,
ABS:ERP_COMP_Q(1.0.0),2,7,Q,2003-Q4,0.2,,,,
ABS:ERP_COMP_Q(1.0.0),2,7,Q,2004-Q1,0.2,,,,
ABS:ERP_COMP_Q(1.0.0),2,7,Q,2004-Q2,0.2,,,,
ABS:ERP_COMP_Q(1.0.0),2,7,Q,2004-Q3,0.2,,,,
ABS:ERP_COMP_Q(1.0.0),2,7,Q,2004-Q4,0.2,,,,
ABS:ERP_COMP_Q(1.0.0),2,7,Q,2005-Q1,0.2,,,,
ABS:ERP_COMP_Q(1.0.0),2,7,Q,2005-Q2,0.3,,,,
ABS:ERP_COMP_Q(1.0.0),2,7,Q,2005-Q3,0.2,,,,
ABS:ERP_COMP_Q(1.0.0),2,7,Q,2005-Q4,0.3,,,,
ABS:ERP_COMP_Q(1.0.0),2,7,Q,2006-Q1,0.2,,,,
ABS:ERP_COMP_Q(1.0.0),2,7,Q,2006-Q2,0.2,,,,
ABS:ERP_COMP_Q(1.0.0),2,7,Q,2006-Q3,0.2,,,,
ABS:ERP_COMP_Q(1.0.0),2,7,Q,2006-Q4,0.3,,,,
ABS:ERP_COMP_Q(1.0.0),2,7,Q,2007-Q1,0.2,,,,
ABS:ERP_COMP_Q(1.0.0),2,7,Q,2007-Q2,0.2,,,,
ABS:ERP_COMP_Q(1.0.0),2,7,Q,2007-Q3,0.3,,,,
ABS:ERP_COMP_Q(1.0.0),2,7,Q,2007-Q4,0.2,,,,
ABS:ERP_COMP_Q(1.0.0),2,7,Q,2008-Q1,0.3,,,,
ABS:ERP_COMP_Q(1.0.0),2,7,Q,2008-Q2,0.3,,,,
ABS:ERP_COMP_Q(1.0.0),2,7,Q,2008-Q3,0.3,,,,
ABS:ERP_COMP_Q(1.0.0),2,7,Q,2008-Q4,0.3,,,,
ABS:ERP_COMP_Q(1.0.0),2,7,Q,2009-Q1,0.2,,,,
ABS:ERP_COMP_Q(1.0.0),2,7,Q,2009-Q2,0.2,,,,
ABS:ERP_COMP_Q(1.0.0),2,7,Q,2009-Q3,0.2,,,,
ABS:ERP_COMP_Q(1.0.0),2,7,Q,2009-Q4,0.3,,,,
ABS:ERP_COMP_Q(1.0.0),2,7,Q,2010-Q1,0.2,,,,
ABS:ERP_COMP_Q(1.0.0),2,7,Q,2010-Q2,0.2,,,,
ABS:ERP_COMP_Q(1.0.0),2,7,Q,2010-Q3,0.3,,,,
ABS:ERP_COMP_Q(1.0.0),2,7,Q,2010-Q4,0.2,,,,
ABS:ERP_COMP_Q(1.0.0),2,7,Q,2011-Q1,0.2,,,,
ABS:ERP_COMP_Q(1.0.0),2,7,Q,2011-Q2,0.2,,,,
ABS:ERP_COMP_Q(1.0.0),2,7,Q,2011-Q3,0.3,,,,
ABS:ERP_COMP_Q(1.0.0),2,7,Q,2011-Q4,0.3,,,,
ABS:ERP_COMP_Q(1.0.0),2,7,Q,2012-Q1,0.2,,,,
ABS:ERP_COMP_Q(1.0.0),2,7,Q,2012-Q2,0.2,,,,
ABS:ERP_COMP_Q(1.0.0),2,7,Q,2012-Q3,0.3,,,,
ABS:ERP_COMP_Q(1.0.0),2,7,Q,2012-Q4,0.3,,,,
ABS:ERP_COMP_Q(1.0.0),2,7,Q,2013-Q1,0.3,,,,
ABS:ERP_COMP_Q(1.0.0),2,7,Q,2013-Q2,0.3,,,,
ABS:ERP_COMP_Q(1.0.0),2,7,Q,2013-Q3,0.3,,,,
ABS:ERP_COMP_Q(1.0.0),2,7,Q,2013-Q4,0.3,,,,
ABS:ERP_COMP_Q(1.0.0),2,7,Q,2014-Q1,0.3,,,,
ABS:ERP_COMP_Q(1.0.0),2,7,Q,2014-Q2,0.3,,,,
ABS:ERP_COMP_Q(1.0.0),2,7,Q,2014-Q3,0.3,,,,
ABS:ERP_COMP_Q(1.0.0),2,7,Q,2014-Q4,0.3,,,,
ABS:ERP_COMP_Q(1.0.0),2,7,Q,2015-Q1,0.3,,,,
ABS:ERP_COMP_Q(1.0.0),2,7,Q,2015-Q2,0.3,,,,
ABS:ERP_COMP_Q(1.0.0),2,7,Q,2015-Q3,0.3,,,,
ABS:ERP_COMP_Q(1.0.0),2,7,Q,2015-Q4,0.3,,,,
ABS:ERP_COMP_Q(1.0.0),2,7,Q,2016-Q1,0.3,,,,
ABS:ERP_COMP_Q(1.0.0),2,7,Q,2016-Q2,0.3,,,,
ABS:ERP_COMP_Q(1.0.0),2,7,Q,2016-Q3,0.3,,,,
ABS:ERP_COMP_Q(1.0.0),2,7,Q,2016-Q4,0.3,,,,
ABS:ERP_COMP_Q(1.0.0),2,7,Q,2017-Q1,0.3,,,,
ABS:ERP_COMP_Q(1.0.0),2,7,Q,2017-Q2,0.3,,,,
ABS:ERP_COMP_Q(1.0.0),2,7,Q,2017-Q3,0.3,,,,
ABS:ERP_COMP_Q(1.0.0),2,7,Q,2017-Q4,0.3,,,,
ABS:ERP_COMP_Q(1.0.0),2,7,Q,2018-Q1,0.3,,,,
ABS:ERP_COMP_Q(1.0.0),2,7,Q,2018-Q2,0.3,,,,
ABS:ERP_COMP_Q(1.0.0),2,7,Q,2018-Q3,0.3,,,,
ABS:ERP_COMP_Q(1.0.0),2,7,Q,2018-Q4,0.3,,,,
ABS:ERP_COMP_Q(1.0.0),2,7,Q,2019-Q1,0.3,,,,
ABS:ERP_COMP_Q(1.0.0),2,7,Q,2019-Q2,0.3,,,,
ABS:ERP_COMP_Q(1.0.0),2,7,Q,2019-Q3,0.3,,,,
ABS:ERP_COMP_Q(1.0.0),2,7,Q,2019-Q4,0.3,,,,
ABS:ERP_COMP_Q(1.0.0),2,7,Q,2020-Q1,0.3,,,,
ABS:ERP_COMP_Q(1.0.0),2,7,Q,2020-Q2,0.3,,,,
ABS:ERP_COMP_Q(1.0.0),2,7,Q,2020-Q3,0.3,,,,
ABS:ERP_COMP_Q(1.0.0),2,7,Q,2020-Q4,0.3,,,,
ABS:ERP_COMP_Q(1.0.0),2,7,Q,2021-Q1,0.3,,,,
ABS:ERP_COMP_Q(1.0.0),2,7,Q,2021-Q2,0.3,,,,
ABS:ERP_COMP_Q(1.0.0),2,7,Q,2021-Q3,0.3,,,,
ABS:ERP_COMP_Q(1.0.0),2,7,Q,2021-Q4,0.3,,,,
ABS:ERP_COMP_Q(1.0.0),2,7,Q,2022-Q1,0.3,,,,
ABS:ERP_COMP_Q(1.0.0),2,7,Q,2022-Q2,0.3,,,,
ABS:ERP_COMP_Q(1.0.0),2,7,Q,2022-Q3,0.3,,,,
ABS:ERP_COMP_Q(1.0.0),2,7,Q,2022-Q4,0.4,,,,
ABS:ERP_COMP_Q(1.0.0),2,7,Q,2023-Q1,0.3,,,,
ABS:ERP_COMP_Q(1.0.0),2,7,Q,2023-Q2,0.3,,,,
ABS:ERP_COMP_Q(1.0.0),2,7,Q,2023-Q3,0.3,,,,
ABS:ERP_COMP_Q(1.0.0),2,7,Q,2023-Q4,0.4,,,,
ABS:ERP_COMP_Q(1.0.0),2,7,Q,2024-Q1,0.3,,,,
ABS:ERP_COMP_Q(1.0.0),2,7,Q,2024-Q2,0.3,,,,
ABS:ERP_COMP_Q(1.0.0),2,7,Q,2024-Q3,0.4,,,,
ABS:ERP_COMP_Q(1.0.0),2,7,Q,2024-Q4,0.3,,,,
ABS:ERP_COMP_Q(1.0.0),2,7,Q,2025-Q1,0.3,,,,
ABS:ERP_COMP_Q(1.0.0),2,7,Q,2025-Q2,0.4,,,,
ABS:ERP_COMP_Q(1.0.0),2,7,Q,2025-Q3,0.4,,,,
ABS:ERP_COMP_Q(1.0.0),2,7,Q,2025-Q4,0.3,,,,
ABS:ERP_COMP_Q(1.0.0),5,7,Q,1981-Q2,1.8,,,,
ABS:ERP_COMP_Q(1.0.0),5,7,Q,1981-Q3,2.3,,,,
ABS:ERP_COMP_Q(1.0.0),5,7,Q,1981-Q4,2.6,,,,
ABS:ERP_COMP_Q(1.0.0),5,7,Q,1982-Q1,3,,,,
ABS:ERP_COMP_Q(1.0.0),5,7,Q,1982-Q2,3.9,,,,
ABS:ERP_COMP_Q(1.0.0),5,7,Q,1982-Q3,2.7,,,,
ABS:ERP_COMP_Q(1.0.0),5,7,Q,1982-Q4,2.4,,,,
ABS:ERP_COMP_Q(1.0.0),5,7,Q,1983-Q1,2.3,,,,
ABS:ERP_COMP_Q(1.0.0),5,7,Q,1983-Q2,2.8,,,,
ABS:ERP_COMP_Q(1.0.0),5,7,Q,1983-Q3,2.3,,,,
ABS:ERP_COMP_Q(1.0.0),5,7,Q,1983-Q4,2.5,,,,
ABS:ERP_COMP_Q(1.0.0),5,7,Q,1984-Q1,2.8,,,,
ABS:ERP_COMP_Q(1.0.0),5,7,Q,1984-Q2,2.6,,,,
ABS:ERP_COMP_Q(1.0.0),5,7,Q,1984-Q3,2.5,,,,
ABS:ERP_COMP_Q(1.0.0),5,7,Q,1984-Q4,2.5,,,,
ABS:ERP_COMP_Q(1.0.0),5,7,Q,1985-Q1,3.1,,,,
ABS:ERP_COMP_Q(1.0.0),5,7,Q,1985-Q2,2.7,,,,
ABS:ERP_COMP_Q(1.0.0),5,7,Q,1985-Q3,3.2,,,,
ABS:ERP_COMP_Q(1.0.0),5,7,Q,1985-Q4,3.6,,,,
ABS:ERP_COMP_Q(1.0.0),5,7,Q,1986-Q1,4.2,,,,
ABS:ERP_COMP_Q(1.0.0),5,7,Q,1986-Q2,4.2,,,,
ABS:ERP_COMP_Q(1.0.0),5,7,Q,1986-Q3,3.6,,,,
ABS:ERP_COMP_Q(1.0.0),5,7,Q,1986-Q4,3.2,,,,
ABS:ERP_COMP_Q(1.0.0),5,7,Q,1987-Q1,4.4,,,,
ABS:ERP_COMP_Q(1.0.0),5,7,Q,1987-Q2,3.6,,,,
ABS:ERP_COMP_Q(1.0.0),5,7,Q,1987-Q3,3.6,,,,
ABS:ERP_COMP_Q(1.0.0),5,7,Q,1987-Q4,3.9,,,,
ABS:ERP_COMP_Q(1.0.0),5,7,Q,1988-Q1,5.3,,,,
ABS:ERP_COMP_Q(1.0.0),5,7,Q,1988-Q2,4.4,,,,
ABS:ERP_COMP_Q(1.0.0),5,7,Q,1988-Q3,4.1,,,,
ABS:ERP_COMP_Q(1.0.0),5,7,Q,1988-Q4,4.2,,,,
ABS:ERP_COMP_Q(1.0.0),5,7,Q,1989-Q1,5.3,,,,
ABS:ERP_COMP_Q(1.0.0),5,7,Q,1989-Q2,4.6,,,,
ABS:ERP_COMP_Q(1.0.0),5,7,Q,1989-Q3,4.1,,,,
ABS:ERP_COMP_Q(1.0.0),5,7,Q,1989-Q4,3.6,,,,
ABS:ERP_COMP_Q(1.0.0),5,7,Q,1990-Q1,5.3,,,,
ABS:ERP_COMP_Q(1.0.0),5,7,Q,1990-Q2,3.9,,,,
ABS:ERP_COMP_Q(1.0.0),5,7,Q,1990-Q3,4.2,,,,
ABS:ERP_COMP_Q(1.0.0),5,7,Q,1990-Q4,3.4,,,,
ABS:ERP_COMP_Q(1.0.0),5,7,Q,1991-Q1,5.4,,,,
ABS:ERP_COMP_Q(1.0.0),5,7,Q,1991-Q2,3.8,,,,
ABS:ERP_COMP_Q(1.0.0),5,7,Q,1991-Q3,3.7,,,,
ABS:ERP_COMP_Q(1.0.0),5,7,Q,1991-Q4,3.8,,,,
ABS:ERP_COMP_Q(1.0.0),5,7,Q,1992-Q1,4.8,,,,
ABS:ERP_COMP_Q(1.0.0),5,7,Q,1992-Q2,3.9,,,,
ABS:ERP_COMP_Q(1.0.0),5,7,Q,1992-Q3,4.6,,,,
ABS:ERP_COMP_Q(1.0.0),5,7,Q,1992-Q4,4.3,,,,
ABS:ERP_COMP_Q(1.0.0),5,7,Q,1993-Q1,5.3,,,,
ABS:ERP_COMP_Q(1.0.0),5,7,Q,1993-Q2,3.9,,,,
ABS:ERP_COMP_Q(1.0.0),5,7,Q,1993-Q3,3.9,,,,
ABS:ERP_COMP_Q(1.0.0),5,7,Q,1993-Q4,3.6,,,,
ABS:ERP_COMP_Q(1.0.0),5,7,Q,1994-Q1,5.2,,,,
ABS:ERP_COMP_Q(1.0.0),5,7,Q,1994-Q2,3.8,,,,
ABS:ERP_COMP_Q(1.0.0),5,7,Q,1994-Q3,4,,,,
ABS:ERP_COMP_Q(1.0.0),5,7,Q,1994-Q4,3.5,,,,
ABS:ERP_COMP_Q(1.0.0),5,7,Q,1995-Q1,5.7,,,,
ABS:ERP_COMP_Q(1.0.0),5,7,Q,1995-Q2,4.8,,,,
ABS:ERP_COMP_Q(1.0.0),5,7,Q,1995-Q3,3.6,,,,
ABS:ERP_COMP_Q(1.0.0),5,7,Q,1995-Q4,3.3,,,,
ABS:ERP_COMP_Q(1.0.0),5,7,Q,1996-Q1,5.4,,,,
ABS:ERP_COMP_Q(1.0.0),5,7,Q,1996-Q2,4.3,,,,
ABS:ERP_COMP_Q(1.0.0),5,7,Q,1996-Q3,4.1,,,,
ABS:ERP_COMP_Q(1.0.0),5,7,Q,1996-Q4,4.9,,,,
ABS:ERP_COMP_Q(1.0.0),5,7,Q,1997-Q1,4.2,,,,
ABS:ERP_COMP_Q(1.0.0),5,7,Q,1997-Q2,4,,,,
ABS:ERP_COMP_Q(1.0.0),5,7,Q,1997-Q3,4.2,,,,
ABS:ERP_COMP_Q(1.0.0),5,7,Q,1997-Q4,5.1,,,,
ABS:ERP_COMP_Q(1.0.0),5,7,Q,1998-Q1,4.2,,,,
ABS:ERP_COMP_Q(1.0.0),5,7,Q,1998-Q2,4.2,,,,
ABS:ERP_COMP_Q(1.0.0),5,7,Q,1998-Q3,3.9,,,,
ABS:ERP_COMP_Q(1.0.0),5,7,Q,1998-Q4,5.2,,,,
ABS:ERP_COMP_Q(1.0.0),5,7,Q,1999-Q1,4,,,,
ABS:ERP_COMP_Q(1.0.0),5,7,Q,1999-Q2,4.1,,,,
ABS:ERP_COMP_Q(1.0.0),5,7,Q,1999-Q3,4.1,,,,
ABS:ERP_COMP_Q(1.0.0),5,7,Q,1999-Q4,4.7,,,,
ABS:ERP_COMP_Q(1.0.0),5,7,Q,2000-Q1,4.4,,,,
ABS:ERP_COMP_Q(1.0.0),5,7,Q,2000-Q2,4.1,,,,
ABS:ERP_COMP_Q(1.0.0),5,7,Q,2000-Q3,4.1,,,,
ABS:ERP_COMP_Q(1.0.0),5,7,Q,2000-Q4,5.5,,,,
ABS:ERP_COMP_Q(1.0.0),5,7,Q,2001-Q1,4.1,,,,
ABS:ERP_COMP_Q(1.0.0),5,7,Q,2001-Q2,4.1,,,,
ABS:ERP_COMP_Q(1.0.0),5,7,Q,2001-Q3,3.7,,,,
ABS:ERP_COMP_Q(1.0.0),5,7,Q,2001-Q4,4.8,,,,
ABS:ERP_COMP_Q(1.0.0),5,7,Q,2002-Q1,4.3,,,,
ABS:ERP_COMP_Q(1.0.0),5,7,Q,2002-Q2,4.1,,,,
ABS:ERP_COMP_Q(1.0.0),5,7,Q,2002-Q3,4.3,,,,
ABS:ERP_COMP_Q(1.0.0),5,7,Q,2002-Q4,5.2,,,,
ABS:ERP_COMP_Q(1.0.0),5,7,Q,2003-Q1,4.5,,,,
ABS:ERP_COMP_Q(1.0.0),5,7,Q,2003-Q2,3.9,,,,
ABS:ERP_COMP_Q(1.0.0),5,7,Q,2003-Q3,3.9,,,,
ABS:ERP_COMP_Q(1.0.0),5,7,Q,2003-Q4,5.1,,,,
ABS:ERP_COMP_Q(1.0.0),5,7,Q,2004-Q1,4.4,,,,
ABS:ERP_COMP_Q(1.0.0),5,7,Q,2004-Q2,3.8,,,,
ABS:ERP_COMP_Q(1.0.0),5,7,Q,2004-Q3,3.6,,,,
ABS:ERP_COMP_Q(1.0.0),5,7,Q,2004-Q4,4.8,,,,
ABS:ERP_COMP_Q(1.0.0),5,7,Q,2005-Q1,3.8,,,,
ABS:ERP_COMP_Q(1.0.0),5,7,Q,2005-Q2,3.6,,,,
ABS:ERP_COMP_Q(1.0.0),5,7,Q,2005-Q3,3.4,,,,
ABS:ERP_COMP_Q(1.0.0),5,7,Q,2005-Q4,4.9,,,,
ABS:ERP_COMP_Q(1.0.0),5,7,Q,2006-Q1,4.2,,,,
ABS:ERP_COMP_Q(1.0.0),5,7,Q,2006-Q2,3.9,,,,
ABS:ERP_COMP_Q(1.0.0),5,7,Q,2006-Q3,3.5,,,,
ABS:ERP_COMP_Q(1.0.0),5,7,Q,2006-Q4,4.8,,,,
ABS:ERP_COMP_Q(1.0.0),5,7,Q,2007-Q1,4.1,,,,
ABS:ERP_COMP_Q(1.0.0),5,7,Q,2007-Q2,4,,,,
ABS:ERP_COMP_Q(1.0.0),5,7,Q,2007-Q3,3.5,,,,
ABS:ERP_COMP_Q(1.0.0),5,7,Q,2007-Q4,4.6,,,,
ABS:ERP_COMP_Q(1.0.0),5,7,Q,2008-Q1,4.3,,,,
ABS:ERP_COMP_Q(1.0.0),5,7,Q,2008-Q2,3.6,,,,
ABS:ERP_COMP_Q(1.0.0),5,7,Q,2008-Q3,3.6,,,,
ABS:ERP_COMP_Q(1.0.0),5,7,Q,2008-Q4,4.8,,,,
ABS:ERP_COMP_Q(1.0.0),5,7,Q,2009-Q1,3.9,,,,
ABS:ERP_COMP_Q(1.0.0),5,7,Q,2009-Q2,3.7,,,,
ABS:ERP_COMP_Q(1.0.0),5,7,Q,2009-Q3,3.6,,,,
ABS:ERP_COMP_Q(1.0.0),5,7,Q,2009-Q4,4.5,,,,
ABS:ERP_COMP_Q(1.0.0),5,7,Q,2010-Q1,4.3,,,,
ABS:ERP_COMP_Q(1.0.0),5,7,Q,2010-Q2,4.1,,,,
ABS:ERP_COMP_Q(1.0.0),5,7,Q,2010-Q3,3.8,,,,
ABS:ERP_COMP_Q(1.0.0),5,7,Q,2010-Q4,5.1,,,,
ABS:ERP_COMP_Q(1.0.0),5,7,Q,2011-Q1,4.7,,,,
ABS:ERP_COMP_Q(1.0.0),5,7,Q,2011-Q2,4,,,,
ABS:ERP_COMP_Q(1.0.0),5,7,Q,2011-Q3,3.8,,,,
ABS:ERP_COMP_Q(1.0.0),5,7,Q,2011-Q4,5.1,,,,
ABS:ERP_COMP_Q(1.0.0),5,7,Q,2012-Q1,4.4,,,,
ABS:ERP_COMP_Q(1.0.0),5,7,Q,2012-Q2,3.8,,,,
ABS:ERP_COMP_Q(1.0.0),5,7,Q,2012-Q3,3.4,,,,
ABS:ERP_COMP_Q(1.0.0),5,7,Q,2012-Q4,4,,,,
ABS:ERP_COMP_Q(1.0.0),5,7,Q,2013-Q1,4.4,,,,
ABS:ERP_COMP_Q(1.0.0),5,7,Q,2013-Q2,4.2,,,,
ABS:ERP_COMP_Q(1.0.0),5,7,Q,2013-Q3,3.6,,,,
ABS:ERP_COMP_Q(1.0.0),5,7,Q,2013-Q4,5,,,,
ABS:ERP_COMP_Q(1.0.0),5,7,Q,2014-Q1,4.8,,,,
ABS:ERP_COMP_Q(1.0.0),5,7,Q,2014-Q2,4.1,,,,
ABS:ERP_COMP_Q(1.0.0),5,7,Q,2014-Q3,3.4,,,,
ABS:ERP_COMP_Q(1.0.0),5,7,Q,2014-Q4,4.9,,,,
ABS:ERP_COMP_Q(1.0.0),5,7,Q,2015-Q1,4.5,,,,
ABS:ERP_COMP_Q(1.0.0),5,7,Q,2015-Q2,4.1,,,,
ABS:ERP_COMP_Q(1.0.0),5,7,Q,2015-Q3,3.6,,,,
ABS:ERP_COMP_Q(1.0.0),5,7,Q,2015-Q4,4.7,,,,
ABS:ERP_COMP_Q(1.0.0),5,7,Q,2016-Q1,4.6,,,,
ABS:ERP_COMP_Q(1.0.0),5,7,Q,2016-Q2,4.5,,,,
ABS:ERP_COMP_Q(1.0.0),5,7,Q,2016-Q3,4,,,,
ABS:ERP_COMP_Q(1.0.0),5,7,Q,2016-Q4,5.6,,,,
ABS:ERP_COMP_Q(1.0.0),5,7,Q,2017-Q1,4.9,,,,
ABS:ERP_COMP_Q(1.0.0),5,7,Q,2017-Q2,4.5,,,,
ABS:ERP_COMP_Q(1.0.0),5,7,Q,2017-Q3,4.2,,,,
ABS:ERP_COMP_Q(1.0.0),5,7,Q,2017-Q4,5.7,,,,
ABS:ERP_COMP_Q(1.0.0),5,7,Q,2018-Q1,5.2,,,,
ABS:ERP_COMP_Q(1.0.0),5,7,Q,2018-Q2,4.8,,,,
ABS:ERP_COMP_Q(1.0.0),5,7,Q,2018-Q3,4.4,,,,
ABS:ERP_COMP_Q(1.0.0),5,7,Q,2018-Q4,6.4,,,,
ABS:ERP_COMP_Q(1.0.0),5,7,Q,2019-Q1,5.5,,,,
ABS:ERP_COMP_Q(1.0.0),5,7,Q,2019-Q2,5.1,,,,
ABS:ERP_COMP_Q(1.0.0),5,7,Q,2019-Q3,4.4,,,,
ABS:ERP_COMP_Q(1.0.0),5,7,Q,2019-Q4,5.8,,,,
ABS:ERP_COMP_Q(1.0.0),5,7,Q,2020-Q1,4.2,,,,
ABS:ERP_COMP_Q(1.0.0),5,7,Q,2020-Q2,3.6,,,,
ABS:ERP_COMP_Q(1.0.0),5,7,Q,2020-Q3,2.8,,,,
ABS:ERP_COMP_Q(1.0.0),5,7,Q,2020-Q4,3.9,,,,
ABS:ERP_COMP_Q(1.0.0),5,7,Q,2021-Q1,3.7,,,,
ABS:ERP_COMP_Q(1.0.0),5,7,Q,2021-Q2,5.4,,,,
ABS:ERP_COMP_Q(1.0.0),5,7,Q,2021-Q3,4.5,,,,
ABS:ERP_COMP_Q(1.0.0),5,7,Q,2021-Q4,5.1,,,,
ABS:ERP_COMP_Q(1.0.0),5,7,Q,2022-Q1,4.3,,,,
ABS:ERP_COMP_Q(1.0.0),5,7,Q,2022-Q2,4,,,,
ABS:ERP_COMP_Q(1.0.0),5,7,Q,2022-Q3,3.4,,,,
ABS:ERP_COMP_Q(1.0.0),5,7,Q,2022-Q4,5.2,,,,
ABS:ERP_COMP_Q(1.0.0),5,7,Q,2023-Q1,4.6,,,,
ABS:ERP_COMP_Q(1.0.0),5,7,Q,2023-Q2,4.3,,,,
ABS:ERP_COMP_Q(1.0.0),5,7,Q,2023-Q3,4,,,,
ABS:ERP_COMP_Q(1.0.0),5,7,Q,2023-Q4,4.9,,,,
ABS:ERP_COMP_Q(1.0.0),5,7,Q,2024-Q1,4.5,,,,
ABS:ERP_COMP_Q(1.0.0),5,7,Q,2024-Q2,3.9,,,,
ABS:ERP_COMP_Q(1.0.0),5,7,Q,2024-Q3,3.6,,,,
ABS:ERP_COMP_Q(1.0.0),5,7,Q,2024-Q4,4.7,,,,
ABS:ERP_COMP_Q(1.0.0),5,7,Q,2025-Q1,4,,,,
ABS:ERP_COMP_Q(1.0.0),5,7,Q,2025-Q2,3.7,,,,
ABS:ERP_COMP_Q(1.0.0),5,7,Q,2025-Q3,3.5,,,,
ABS:ERP_COMP_Q(1.0.0),5,7,Q,2025-Q4,4.4,,,,
ABS:ERP_COMP_Q(1.0.0),7,1,Q,1981-Q2,17.9,,,,
ABS:ERP_COMP_Q(1.0.0),7,1,Q,1981-Q3,19,,,,
ABS:ERP_COMP_Q(1.0.0),7,1,Q,1981-Q4,21.6,,,,
ABS:ERP_COMP_Q(1.0.0),7,1,Q,1982-Q1,22.3,,,,
ABS:ERP_COMP_Q(1.0.0),7,1,Q,1982-Q2,16.8,,,,
ABS:ERP_COMP_Q(1.0.0),7,1,Q,1982-Q3,16.4,,,,
ABS:ERP_COMP_Q(1.0.0),7,1,Q,1982-Q4,17.2,,,,
ABS:ERP_COMP_Q(1.0.0),7,1,Q,1983-Q1,17,,,,
ABS:ERP_COMP_Q(1.0.0),7,1,Q,1983-Q2,12.3,,,,
ABS:ERP_COMP_Q(1.0.0),7,1,Q,1983-Q3,12.6,,,,
ABS:ERP_COMP_Q(1.0.0),7,1,Q,1983-Q4,14.6,,,,
ABS:ERP_COMP_Q(1.0.0),7,1,Q,1984-Q1,15.8,,,,
ABS:ERP_COMP_Q(1.0.0),7,1,Q,1984-Q2,12.4,,,,
ABS:ERP_COMP_Q(1.0.0),7,1,Q,1984-Q3,14.6,,,,
ABS:ERP_COMP_Q(1.0.0),7,1,Q,1984-Q4,17.2,,,,
ABS:ERP_COMP_Q(1.0.0),7,1,Q,1985-Q1,18.2,,,,
ABS:ERP_COMP_Q(1.0.0),7,1,Q,1985-Q2,14.3,,,,
ABS:ERP_COMP_Q(1.0.0),7,1,Q,1985-Q3,16.1,,,,
ABS:ERP_COMP_Q(1.0.0),7,1,Q,1985-Q4,19.5,,,,
ABS:ERP_COMP_Q(1.0.0),7,1,Q,1986-Q1,21.2,,,,
ABS:ERP_COMP_Q(1.0.0),7,1,Q,1986-Q2,17,,,,
ABS:ERP_COMP_Q(1.0.0),7,1,Q,1986-Q3,19,,,,
ABS:ERP_COMP_Q(1.0.0),7,1,Q,1986-Q4,20.9,,,,
ABS:ERP_COMP_Q(1.0.0),7,1,Q,1987-Q1,22.9,,,,
ABS:ERP_COMP_Q(1.0.0),7,1,Q,1987-Q2,19.5,,,,
ABS:ERP_COMP_Q(1.0.0),7,1,Q,1987-Q3,21.9,,,,
ABS:ERP_COMP_Q(1.0.0),7,1,Q,1987-Q4,25.8,,,,
ABS:ERP_COMP_Q(1.0.0),7,1,Q,1988-Q1,27.3,,,,
ABS:ERP_COMP_Q(1.0.0),7,1,Q,1988-Q2,21.8,,,,
ABS:ERP_COMP_Q(1.0.0),7,1,Q,1988-Q3,24.8,,,,
ABS:ERP_COMP_Q(1.0.0),7,1,Q,1988-Q4,26.1,,,,
ABS:ERP_COMP_Q(1.0.0),7,1,Q,1989-Q1,25.9,,,,
ABS:ERP_COMP_Q(1.0.0),7,1,Q,1989-Q2,20.9,,,,
ABS:ERP_COMP_Q(1.0.0),7,1,Q,1989-Q3,22.8,,,,
ABS:ERP_COMP_Q(1.0.0),7,1,Q,1989-Q4,24,,,,
ABS:ERP_COMP_Q(1.0.0),7,1,Q,1990-Q1,24.8,,,,
ABS:ERP_COMP_Q(1.0.0),7,1,Q,1990-Q2,20.4,,,,
ABS:ERP_COMP_Q(1.0.0),7,1,Q,1990-Q3,23.7,,,,
ABS:ERP_COMP_Q(1.0.0),7,1,Q,1990-Q4,24.2,,,,
ABS:ERP_COMP_Q(1.0.0),7,1,Q,1991-Q1,26.4,,,,
ABS:ERP_COMP_Q(1.0.0),7,1,Q,1991-Q2,20.2,,,,
ABS:ERP_COMP_Q(1.0.0),7,1,Q,1991-Q3,25.6,,,,
ABS:ERP_COMP_Q(1.0.0),7,1,Q,1991-Q4,25.4,,,,
ABS:ERP_COMP_Q(1.0.0),7,1,Q,1992-Q1,27.8,,,,
ABS:ERP_COMP_Q(1.0.0),7,1,Q,1992-Q2,19.9,,,,
ABS:ERP_COMP_Q(1.0.0),7,1,Q,1992-Q3,22.2,,,,
ABS:ERP_COMP_Q(1.0.0),7,1,Q,1992-Q4,22.7,,,,
ABS:ERP_COMP_Q(1.0.0),7,1,Q,1993-Q1,23.2,,,,
ABS:ERP_COMP_Q(1.0.0),7,1,Q,1993-Q2,16.3,,,,
ABS:ERP_COMP_Q(1.0.0),7,1,Q,1993-Q3,21.3,,,,
ABS:ERP_COMP_Q(1.0.0),7,1,Q,1993-Q4,21.8,,,,
ABS:ERP_COMP_Q(1.0.0),7,1,Q,1994-Q1,25.9,,,,
ABS:ERP_COMP_Q(1.0.0),7,1,Q,1994-Q2,18.9,,,,
ABS:ERP_COMP_Q(1.0.0),7,1,Q,1994-Q3,23.9,,,,
ABS:ERP_COMP_Q(1.0.0),7,1,Q,1994-Q4,24.5,,,,
ABS:ERP_COMP_Q(1.0.0),7,1,Q,1995-Q1,28.9,,,,
ABS:ERP_COMP_Q(1.0.0),7,1,Q,1995-Q2,21.7,,,,
ABS:ERP_COMP_Q(1.0.0),7,1,Q,1995-Q3,26.8,,,,
ABS:ERP_COMP_Q(1.0.0),7,1,Q,1995-Q4,28.5,,,,
ABS:ERP_COMP_Q(1.0.0),7,1,Q,1996-Q1,33.4,,,,
ABS:ERP_COMP_Q(1.0.0),7,1,Q,1996-Q2,21.4,,,,
ABS:ERP_COMP_Q(1.0.0),7,1,Q,1996-Q3,26.7,,,,
ABS:ERP_COMP_Q(1.0.0),7,1,Q,1996-Q4,27.5,,,,
ABS:ERP_COMP_Q(1.0.0),7,1,Q,1997-Q1,32.3,,,,
ABS:ERP_COMP_Q(1.0.0),7,1,Q,1997-Q2,20.5,,,,
ABS:ERP_COMP_Q(1.0.0),7,1,Q,1997-Q3,26.7,,,,
ABS:ERP_COMP_Q(1.0.0),7,1,Q,1997-Q4,26.3,,,,
ABS:ERP_COMP_Q(1.0.0),7,1,Q,1998-Q1,32.4,,,,
ABS:ERP_COMP_Q(1.0.0),7,1,Q,1998-Q2,22.8,,,,
ABS:ERP_COMP_Q(1.0.0),7,1,Q,1998-Q3,28.6,,,,
ABS:ERP_COMP_Q(1.0.0),7,1,Q,1998-Q4,27,,,,
ABS:ERP_COMP_Q(1.0.0),7,1,Q,1999-Q1,33.7,,,,
ABS:ERP_COMP_Q(1.0.0),7,1,Q,1999-Q2,24.8,,,,
ABS:ERP_COMP_Q(1.0.0),7,1,Q,1999-Q3,30.6,,,,
ABS:ERP_COMP_Q(1.0.0),7,1,Q,1999-Q4,31.8,,,,
ABS:ERP_COMP_Q(1.0.0),7,1,Q,2000-Q1,38.8,,,,
ABS:ERP_COMP_Q(1.0.0),7,1,Q,2000-Q2,28.9,,,,
ABS:ERP_COMP_Q(1.0.0),7,1,Q,2000-Q3,35.3,,,,
ABS:ERP_COMP_Q(1.0.0),7,1,Q,2000-Q4,38.4,,,,
ABS:ERP_COMP_Q(1.0.0),7,1,Q,2001-Q1,49,,,,
ABS:ERP_COMP_Q(1.0.0),7,1,Q,2001-Q2,32.8,,,,
ABS:ERP_COMP_Q(1.0.0),7,1,Q,2001-Q3,36.8,,,,
ABS:ERP_COMP_Q(1.0.0),7,1,Q,2001-Q4,33.8,,,,
ABS:ERP_COMP_Q(1.0.0),7,1,Q,2002-Q1,44.2,,,,
ABS:ERP_COMP_Q(1.0.0),7,1,Q,2002-Q2,29.7,,,,
ABS:ERP_COMP_Q(1.0.0),7,1,Q,2002-Q3,37.8,,,,
ABS:ERP_COMP_Q(1.0.0),7,1,Q,2002-Q4,34.8,,,,
ABS:ERP_COMP_Q(1.0.0),7,1,Q,2003-Q1,44.8,,,,
ABS:ERP_COMP_Q(1.0.0),7,1,Q,2003-Q2,29.9,,,,
ABS:ERP_COMP_Q(1.0.0),7,1,Q,2003-Q3,39.8,,,,
ABS:ERP_COMP_Q(1.0.0),7,1,Q,2003-Q4,36.1,,,,
ABS:ERP_COMP_Q(1.0.0),7,1,Q,2004-Q1,46.9,,,,
ABS:ERP_COMP_Q(1.0.0),7,1,Q,2004-Q2,32.4,,,,
ABS:ERP_COMP_Q(1.0.0),7,1,Q,2004-Q3,42.3,,,,
ABS:ERP_COMP_Q(1.0.0),7,1,Q,2004-Q4,38.6,,,,
ABS:ERP_COMP_Q(1.0.0),7,1,Q,2005-Q1,50.6,,,,
ABS:ERP_COMP_Q(1.0.0),7,1,Q,2005-Q2,33.7,,,,
ABS:ERP_COMP_Q(1.0.0),7,1,Q,2005-Q3,44.1,,,,
ABS:ERP_COMP_Q(1.0.0),7,1,Q,2005-Q4,40.7,,,,
ABS:ERP_COMP_Q(1.0.0),7,1,Q,2006-Q1,51.7,,,,
ABS:ERP_COMP_Q(1.0.0),7,1,Q,2006-Q2,34.6,,,,
ABS:ERP_COMP_Q(1.0.0),7,1,Q,2006-Q3,38.1,,,,
ABS:ERP_COMP_Q(1.0.0),7,1,Q,2006-Q4,36.9,,,,
ABS:ERP_COMP_Q(1.0.0),7,1,Q,2007-Q1,41.9,,,,
ABS:ERP_COMP_Q(1.0.0),7,1,Q,2007-Q2,33.7,,,,
ABS:ERP_COMP_Q(1.0.0),7,1,Q,2007-Q3,41.6,,,,
ABS:ERP_COMP_Q(1.0.0),7,1,Q,2007-Q4,40.6,,,,
ABS:ERP_COMP_Q(1.0.0),7,1,Q,2008-Q1,49.6,,,,
ABS:ERP_COMP_Q(1.0.0),7,1,Q,2008-Q2,39.2,,,,
ABS:ERP_COMP_Q(1.0.0),7,1,Q,2008-Q3,45.4,,,,
ABS:ERP_COMP_Q(1.0.0),7,1,Q,2008-Q4,44.4,,,,
ABS:ERP_COMP_Q(1.0.0),7,1,Q,2009-Q1,45.9,,,,
ABS:ERP_COMP_Q(1.0.0),7,1,Q,2009-Q2,33.4,,,,
ABS:ERP_COMP_Q(1.0.0),7,1,Q,2009-Q3,39,,,,
ABS:ERP_COMP_Q(1.0.0),7,1,Q,2009-Q4,36.8,,,,
ABS:ERP_COMP_Q(1.0.0),7,1,Q,2010-Q1,39.6,,,,
ABS:ERP_COMP_Q(1.0.0),7,1,Q,2010-Q2,28.8,,,,
ABS:ERP_COMP_Q(1.0.0),7,1,Q,2010-Q3,36.2,,,,
ABS:ERP_COMP_Q(1.0.0),7,1,Q,2010-Q4,36.6,,,,
ABS:ERP_COMP_Q(1.0.0),7,1,Q,2011-Q1,39.5,,,,
ABS:ERP_COMP_Q(1.0.0),7,1,Q,2011-Q2,29.7,,,,
ABS:ERP_COMP_Q(1.0.0),7,1,Q,2011-Q3,35.8,,,,
ABS:ERP_COMP_Q(1.0.0),7,1,Q,2011-Q4,36.6,,,,
ABS:ERP_COMP_Q(1.0.0),7,1,Q,2012-Q1,37.3,,,,
ABS:ERP_COMP_Q(1.0.0),7,1,Q,2012-Q2,31.2,,,,
ABS:ERP_COMP_Q(1.0.0),7,1,Q,2012-Q3,38,,,,
ABS:ERP_COMP_Q(1.0.0),7,1,Q,2012-Q4,38.5,,,,
ABS:ERP_COMP_Q(1.0.0),7,1,Q,2013-Q1,43.3,,,,
ABS:ERP_COMP_Q(1.0.0),7,1,Q,2013-Q2,32.8,,,,
ABS:ERP_COMP_Q(1.0.0),7,1,Q,2013-Q3,42.3,,,,
ABS:ERP_COMP_Q(1.0.0),7,1,Q,2013-Q4,38.8,,,,
ABS:ERP_COMP_Q(1.0.0),7,1,Q,2014-Q1,42.3,,,,
ABS:ERP_COMP_Q(1.0.0),7,1,Q,2014-Q2,32.2,,,,
ABS:ERP_COMP_Q(1.0.0),7,1,Q,2014-Q3,42.8,,,,
ABS:ERP_COMP_Q(1.0.0),7,1,Q,2014-Q4,39.7,,,,
ABS:ERP_COMP_Q(1.0.0),7,1,Q,2015-Q1,44.5,,,,
ABS:ERP_COMP_Q(1.0.0),7,1,Q,2015-Q2,34,,,,
ABS:ERP_COMP_Q(1.0.0),7,1,Q,2015-Q3,44.6,,,,
ABS:ERP_COMP_Q(1.0.0),7,1,Q,2015-Q4,41.2,,,,
ABS:ERP_COMP_Q(1.0.0),7,1,Q,2016-Q1,47.5,,,,
ABS:ERP_COMP_Q(1.0.0),7,1,Q,2016-Q2,37.6,,,,
ABS:ERP_COMP_Q(1.0.0),7,1,Q,2016-Q3,53.5,,,,
ABS:ERP_COMP_Q(1.0.0),7,1,Q,2016-Q4,48.2,,,,
ABS:ERP_COMP_Q(1.0.0),7,1,Q,2017-Q1,56.2,,,,
ABS:ERP_COMP_Q(1.0.0),7,1,Q,2017-Q2,40.5,,,,
ABS:ERP_COMP_Q(1.0.0),7,1,Q,2017-Q3,53.6,,,,
ABS:ERP_COMP_Q(1.0.0),7,1,Q,2017-Q4,44.1,,,,
ABS:ERP_COMP_Q(1.0.0),7,1,Q,2018-Q1,53.9,,,,
ABS:ERP_COMP_Q(1.0.0),7,1,Q,2018-Q2,39.8,,,,
ABS:ERP_COMP_Q(1.0.0),7,1,Q,2018-Q3,53.8,,,,
ABS:ERP_COMP_Q(1.0.0),7,1,Q,2018-Q4,45,,,,
ABS:ERP_COMP_Q(1.0.0),7,1,Q,2019-Q1,51.8,,,,
ABS:ERP_COMP_Q(1.0.0),7,1,Q,2019-Q2,43.7,,,,
ABS:ERP_COMP_Q(1.0.0),7,1,Q,2019-Q3,56.2,,,,
ABS:ERP_COMP_Q(1.0.0),7,1,Q,2019-Q4,57.1,,,,
ABS:ERP_COMP_Q(1.0.0),7,1,Q,2020-Q1,54.2,,,,
ABS:ERP_COMP_Q(1.0.0),7,1,Q,2020-Q2,4.9,,,,
ABS:ERP_COMP_Q(1.0.0),7,1,Q,2020-Q3,10.6,,,,
ABS:ERP_COMP_Q(1.0.0),7,1,Q,2020-Q4,21.7,,,,
ABS:ERP_COMP_Q(1.0.0),7,1,Q,2021-Q1,18.4,,,,
ABS:ERP_COMP_Q(1.0.0),7,1,Q,2021-Q2,19.8,,,,
ABS:ERP_COMP_Q(1.0.0),7,1,Q,2021-Q3,12.3,,,,
ABS:ERP_COMP_Q(1.0.0),7,1,Q,2021-Q4,37.2,,,,
ABS:ERP_COMP_Q(1.0.0),7,1,Q,2022-Q1,55.8,,,,
ABS:ERP_COMP_Q(1.0.0),7,1,Q,2022-Q2,46.9,,,,
ABS:ERP_COMP_Q(1.0.0),7,1,Q,2022-Q3,62.5,,,,
ABS:ERP_COMP_Q(1.0.0),7,1,Q,2022-Q4,59.7,,,,
ABS:ERP_COMP_Q(1.0.0),7,1,Q,2023-Q1,70.2,,,,
ABS:ERP_COMP_Q(1.0.0),7,1,Q,2023-Q2,57.4,,,,
ABS:ERP_COMP_Q(1.0.0),7,1,Q,2023-Q3,67.3,,,,
ABS:ERP_COMP_Q(1.0.0),7,1,Q,2023-Q4,51.8,,,,
ABS:ERP_COMP_Q(1.0.0),7,1,Q,2024-Q1,58.1,,,,
ABS:ERP_COMP_Q(1.0.0),7,1,Q,2024-Q2,38.1,,,,
ABS:ERP_COMP_Q(1.0.0),7,1,Q,2024-Q3,50.7,,,,
ABS:ERP_COMP_Q(1.0.0),7,1,Q,2024-Q4,44.2,,,,
ABS:ERP_COMP_Q(1.0.0),7,1,Q,2025-Q1,52.5,,,,
ABS:ERP_COMP_Q(1.0.0),7,1,Q,2025-Q2,34.7,,,,
ABS:ERP_COMP_Q(1.0.0),7,1,Q,2025-Q3,52.3,,,,
ABS:ERP_COMP_Q(1.0.0),7,1,Q,2025-Q4,41.8,,,,
ABS:ERP_COMP_Q(1.0.0),1,6,Q,1981-Q2,1.8,,,,
ABS:ERP_COMP_Q(1.0.0),1,6,Q,1981-Q3,1.8,,,,
ABS:ERP_COMP_Q(1.0.0),1,6,Q,1981-Q4,1.7,,,,
ABS:ERP_COMP_Q(1.0.0),1,6,Q,1982-Q1,1.9,,,,
ABS:ERP_COMP_Q(1.0.0),1,6,Q,1982-Q2,1.7,,,,
ABS:ERP_COMP_Q(1.0.0),1,6,Q,1982-Q3,1.8,,,,
ABS:ERP_COMP_Q(1.0.0),1,6,Q,1982-Q4,1.6,,,,
ABS:ERP_COMP_Q(1.0.0),1,6,Q,1983-Q1,1.8,,,,
ABS:ERP_COMP_Q(1.0.0),1,6,Q,1983-Q2,1.8,,,,
ABS:ERP_COMP_Q(1.0.0),1,6,Q,1983-Q3,1.9,,,,
ABS:ERP_COMP_Q(1.0.0),1,6,Q,1983-Q4,1.6,,,,
ABS:ERP_COMP_Q(1.0.0),1,6,Q,1984-Q1,1.8,,,,
ABS:ERP_COMP_Q(1.0.0),1,6,Q,1984-Q2,1.8,,,,
ABS:ERP_COMP_Q(1.0.0),1,6,Q,1984-Q3,1.8,,,,
ABS:ERP_COMP_Q(1.0.0),1,6,Q,1984-Q4,1.7,,,,
ABS:ERP_COMP_Q(1.0.0),1,6,Q,1985-Q1,2,,,,
ABS:ERP_COMP_Q(1.0.0),1,6,Q,1985-Q2,1.8,,,,
ABS:ERP_COMP_Q(1.0.0),1,6,Q,1985-Q3,1.8,,,,
ABS:ERP_COMP_Q(1.0.0),1,6,Q,1985-Q4,1.7,,,,
ABS:ERP_COMP_Q(1.0.0),1,6,Q,1986-Q1,1.7,,,,
ABS:ERP_COMP_Q(1.0.0),1,6,Q,1986-Q2,1.7,,,,
ABS:ERP_COMP_Q(1.0.0),1,6,Q,1986-Q3,1.8,,,,
ABS:ERP_COMP_Q(1.0.0),1,6,Q,1986-Q4,1.7,,,,
ABS:ERP_COMP_Q(1.0.0),1,6,Q,1987-Q1,1.8,,,,
ABS:ERP_COMP_Q(1.0.0),1,6,Q,1987-Q2,1.7,,,,
ABS:ERP_COMP_Q(1.0.0),1,6,Q,1987-Q3,1.7,,,,
ABS:ERP_COMP_Q(1.0.0),1,6,Q,1987-Q4,1.6,,,,
ABS:ERP_COMP_Q(1.0.0),1,6,Q,1988-Q1,1.6,,,,
ABS:ERP_COMP_Q(1.0.0),1,6,Q,1988-Q2,1.8,,,,
ABS:ERP_COMP_Q(1.0.0),1,6,Q,1988-Q3,1.7,,,,
ABS:ERP_COMP_Q(1.0.0),1,6,Q,1988-Q4,1.7,,,,
ABS:ERP_COMP_Q(1.0.0),1,6,Q,1989-Q1,1.7,,,,
ABS:ERP_COMP_Q(1.0.0),1,6,Q,1989-Q2,1.7,,,,
ABS:ERP_COMP_Q(1.0.0),1,6,Q,1989-Q3,1.7,,,,
ABS:ERP_COMP_Q(1.0.0),1,6,Q,1989-Q4,1.6,,,,
ABS:ERP_COMP_Q(1.0.0),1,6,Q,1990-Q1,1.8,,,,
ABS:ERP_COMP_Q(1.0.0),1,6,Q,1990-Q2,1.8,,,,
ABS:ERP_COMP_Q(1.0.0),1,6,Q,1990-Q3,1.7,,,,
ABS:ERP_COMP_Q(1.0.0),1,6,Q,1990-Q4,1.7,,,,
ABS:ERP_COMP_Q(1.0.0),1,6,Q,1991-Q1,1.8,,,,
ABS:ERP_COMP_Q(1.0.0),1,6,Q,1991-Q2,1.7,,,,
ABS:ERP_COMP_Q(1.0.0),1,6,Q,1991-Q3,1.7,,,,
ABS:ERP_COMP_Q(1.0.0),1,6,Q,1991-Q4,1.7,,,,
ABS:ERP_COMP_Q(1.0.0),1,6,Q,1992-Q1,1.7,,,,
ABS:ERP_COMP_Q(1.0.0),1,6,Q,1992-Q2,1.7,,,,
ABS:ERP_COMP_Q(1.0.0),1,6,Q,1992-Q3,1.8,,,,
ABS:ERP_COMP_Q(1.0.0),1,6,Q,1992-Q4,1.8,,,,
ABS:ERP_COMP_Q(1.0.0),1,6,Q,1993-Q1,1.6,,,,
ABS:ERP_COMP_Q(1.0.0),1,6,Q,1993-Q2,1.7,,,,
ABS:ERP_COMP_Q(1.0.0),1,6,Q,1993-Q3,1.8,,,,
ABS:ERP_COMP_Q(1.0.0),1,6,Q,1993-Q4,1.8,,,,
ABS:ERP_COMP_Q(1.0.0),1,6,Q,1994-Q1,1.7,,,,
ABS:ERP_COMP_Q(1.0.0),1,6,Q,1994-Q2,1.7,,,,
ABS:ERP_COMP_Q(1.0.0),1,6,Q,1994-Q3,1.8,,,,
ABS:ERP_COMP_Q(1.0.0),1,6,Q,1994-Q4,1.8,,,,
ABS:ERP_COMP_Q(1.0.0),1,6,Q,1995-Q1,1.6,,,,
ABS:ERP_COMP_Q(1.0.0),1,6,Q,1995-Q2,1.6,,,,
ABS:ERP_COMP_Q(1.0.0),1,6,Q,1995-Q3,1.7,,,,
ABS:ERP_COMP_Q(1.0.0),1,6,Q,1995-Q4,1.5,,,,
ABS:ERP_COMP_Q(1.0.0),1,6,Q,1996-Q1,1.6,,,,
ABS:ERP_COMP_Q(1.0.0),1,6,Q,1996-Q2,1.5,,,,
ABS:ERP_COMP_Q(1.0.0),1,6,Q,1996-Q3,1.7,,,,
ABS:ERP_COMP_Q(1.0.0),1,6,Q,1996-Q4,1.6,,,,
ABS:ERP_COMP_Q(1.0.0),1,6,Q,1997-Q1,1.5,,,,
ABS:ERP_COMP_Q(1.0.0),1,6,Q,1997-Q2,1.5,,,,
ABS:ERP_COMP_Q(1.0.0),1,6,Q,1997-Q3,1.5,,,,
ABS:ERP_COMP_Q(1.0.0),1,6,Q,1997-Q4,1.5,,,,
ABS:ERP_COMP_Q(1.0.0),1,6,Q,1998-Q1,1.5,,,,
ABS:ERP_COMP_Q(1.0.0),1,6,Q,1998-Q2,1.4,,,,
ABS:ERP_COMP_Q(1.0.0),1,6,Q,1998-Q3,1.6,,,,
ABS:ERP_COMP_Q(1.0.0),1,6,Q,1998-Q4,1.6,,,,
ABS:ERP_COMP_Q(1.0.0),1,6,Q,1999-Q1,1.5,,,,
ABS:ERP_COMP_Q(1.0.0),1,6,Q,1999-Q2,1.6,,,,
ABS:ERP_COMP_Q(1.0.0),1,6,Q,1999-Q3,1.5,,,,
ABS:ERP_COMP_Q(1.0.0),1,6,Q,1999-Q4,1.4,,,,
ABS:ERP_COMP_Q(1.0.0),1,6,Q,2000-Q1,1.4,,,,
ABS:ERP_COMP_Q(1.0.0),1,6,Q,2000-Q2,1.4,,,,
ABS:ERP_COMP_Q(1.0.0),1,6,Q,2000-Q3,1.4,,,,
ABS:ERP_COMP_Q(1.0.0),1,6,Q,2000-Q4,1.5,,,,
ABS:ERP_COMP_Q(1.0.0),1,6,Q,2001-Q1,1.5,,,,
ABS:ERP_COMP_Q(1.0.0),1,6,Q,2001-Q2,1.4,,,,
ABS:ERP_COMP_Q(1.0.0),1,6,Q,2001-Q3,1.4,,,,
ABS:ERP_COMP_Q(1.0.0),1,6,Q,2001-Q4,1.5,,,,
ABS:ERP_COMP_Q(1.0.0),1,6,Q,2002-Q1,1.5,,,,
ABS:ERP_COMP_Q(1.0.0),1,6,Q,2002-Q2,1.5,,,,
ABS:ERP_COMP_Q(1.0.0),1,6,Q,2002-Q3,1.5,,,,
ABS:ERP_COMP_Q(1.0.0),1,6,Q,2002-Q4,1.5,,,,
ABS:ERP_COMP_Q(1.0.0),1,6,Q,2003-Q1,1.4,,,,
ABS:ERP_COMP_Q(1.0.0),1,6,Q,2003-Q2,1.3,,,,
ABS:ERP_COMP_Q(1.0.0),1,6,Q,2003-Q3,1.5,,,,
ABS:ERP_COMP_Q(1.0.0),1,6,Q,2003-Q4,1.5,,,,
ABS:ERP_COMP_Q(1.0.0),1,6,Q,2004-Q1,1.4,,,,
ABS:ERP_COMP_Q(1.0.0),1,6,Q,2004-Q2,1.3,,,,
ABS:ERP_COMP_Q(1.0.0),1,6,Q,2004-Q3,1.6,,,,
ABS:ERP_COMP_Q(1.0.0),1,6,Q,2004-Q4,1.5,,,,
ABS:ERP_COMP_Q(1.0.0),1,6,Q,2005-Q1,1.4,,,,
ABS:ERP_COMP_Q(1.0.0),1,6,Q,2005-Q2,1.5,,,,
ABS:ERP_COMP_Q(1.0.0),1,6,Q,2005-Q3,1.6,,,,
ABS:ERP_COMP_Q(1.0.0),1,6,Q,2005-Q4,1.7,,,,
ABS:ERP_COMP_Q(1.0.0),1,6,Q,2006-Q1,1.7,,,,
ABS:ERP_COMP_Q(1.0.0),1,6,Q,2006-Q2,1.4,,,,
ABS:ERP_COMP_Q(1.0.0),1,6,Q,2006-Q3,1.8,,,,
ABS:ERP_COMP_Q(1.0.0),1,6,Q,2006-Q4,1.7,,,,
ABS:ERP_COMP_Q(1.0.0),1,6,Q,2007-Q1,1.7,,,,
ABS:ERP_COMP_Q(1.0.0),1,6,Q,2007-Q2,1.6,,,,
ABS:ERP_COMP_Q(1.0.0),1,6,Q,2007-Q3,1.8,,,,
ABS:ERP_COMP_Q(1.0.0),1,6,Q,2007-Q4,1.7,,,,
ABS:ERP_COMP_Q(1.0.0),1,6,Q,2008-Q1,1.7,,,,
ABS:ERP_COMP_Q(1.0.0),1,6,Q,2008-Q2,1.6,,,,
ABS:ERP_COMP_Q(1.0.0),1,6,Q,2008-Q3,1.7,,,,
ABS:ERP_COMP_Q(1.0.0),1,6,Q,2008-Q4,1.8,,,,
ABS:ERP_COMP_Q(1.0.0),1,6,Q,2009-Q1,1.7,,,,
ABS:ERP_COMP_Q(1.0.0),1,6,Q,2009-Q2,1.7,,,,
ABS:ERP_COMP_Q(1.0.0),1,6,Q,2009-Q3,1.7,,,,
ABS:ERP_COMP_Q(1.0.0),1,6,Q,2009-Q4,1.7,,,,
ABS:ERP_COMP_Q(1.0.0),1,6,Q,2010-Q1,1.6,,,,
ABS:ERP_COMP_Q(1.0.0),1,6,Q,2010-Q2,1.6,,,,
ABS:ERP_COMP_Q(1.0.0),1,6,Q,2010-Q3,1.6,,,,
ABS:ERP_COMP_Q(1.0.0),1,6,Q,2010-Q4,1.6,,,,
ABS:ERP_COMP_Q(1.0.0),1,6,Q,2011-Q1,1.7,,,,
ABS:ERP_COMP_Q(1.0.0),1,6,Q,2011-Q2,1.6,,,,
ABS:ERP_COMP_Q(1.0.0),1,6,Q,2011-Q3,1.6,,,,
ABS:ERP_COMP_Q(1.0.0),1,6,Q,2011-Q4,1.6,,,,
ABS:ERP_COMP_Q(1.0.0),1,6,Q,2012-Q1,1.6,,,,
ABS:ERP_COMP_Q(1.0.0),1,6,Q,2012-Q2,1.5,,,,
ABS:ERP_COMP_Q(1.0.0),1,6,Q,2012-Q3,1.6,,,,
ABS:ERP_COMP_Q(1.0.0),1,6,Q,2012-Q4,1.5,,,,
ABS:ERP_COMP_Q(1.0.0),1,6,Q,2013-Q1,1.5,,,,
ABS:ERP_COMP_Q(1.0.0),1,6,Q,2013-Q2,1.5,,,,
ABS:ERP_COMP_Q(1.0.0),1,6,Q,2013-Q3,1.5,,,,
ABS:ERP_COMP_Q(1.0.0),1,6,Q,2013-Q4,1.5,,,,
ABS:ERP_COMP_Q(1.0.0),1,6,Q,2014-Q1,1.5,,,,
ABS:ERP_COMP_Q(1.0.0),1,6,Q,2014-Q2,1.4,,,,
ABS:ERP_COMP_Q(1.0.0),1,6,Q,2014-Q3,1.5,,,,
ABS:ERP_COMP_Q(1.0.0),1,6,Q,2014-Q4,1.4,,,,
ABS:ERP_COMP_Q(1.0.0),1,6,Q,2015-Q1,1.5,,,,
ABS:ERP_COMP_Q(1.0.0),1,6,Q,2015-Q2,1.4,,,,
ABS:ERP_COMP_Q(1.0.0),1,6,Q,2015-Q3,1.4,,,,
ABS:ERP_COMP_Q(1.0.0),1,6,Q,2015-Q4,1.4,,,,
ABS:ERP_COMP_Q(1.0.0),1,6,Q,2016-Q1,1.5,,,,
ABS:ERP_COMP_Q(1.0.0),1,6,Q,2016-Q2,1.5,,,,
ABS:ERP_COMP_Q(1.0.0),1,6,Q,2016-Q3,1.5,,,,
ABS:ERP_COMP_Q(1.0.0),1,6,Q,2016-Q4,1.4,,,,
ABS:ERP_COMP_Q(1.0.0),1,6,Q,2017-Q1,1.4,,,,
ABS:ERP_COMP_Q(1.0.0),1,6,Q,2017-Q2,1.4,,,,
ABS:ERP_COMP_Q(1.0.0),1,6,Q,2017-Q3,1.4,,,,
ABS:ERP_COMP_Q(1.0.0),1,6,Q,2017-Q4,1.4,,,,
ABS:ERP_COMP_Q(1.0.0),1,6,Q,2018-Q1,1.4,,,,
ABS:ERP_COMP_Q(1.0.0),1,6,Q,2018-Q2,1.3,,,,
ABS:ERP_COMP_Q(1.0.0),1,6,Q,2018-Q3,1.4,,,,
ABS:ERP_COMP_Q(1.0.0),1,6,Q,2018-Q4,1.4,,,,
ABS:ERP_COMP_Q(1.0.0),1,6,Q,2019-Q1,1.4,,,,
ABS:ERP_COMP_Q(1.0.0),1,6,Q,2019-Q2,1.4,,,,
ABS:ERP_COMP_Q(1.0.0),1,6,Q,2019-Q3,1.5,,,,
ABS:ERP_COMP_Q(1.0.0),1,6,Q,2019-Q4,1.4,,,,
ABS:ERP_COMP_Q(1.0.0),1,6,Q,2020-Q1,1.4,,,,
ABS:ERP_COMP_Q(1.0.0),1,6,Q,2020-Q2,1.4,,,,
ABS:ERP_COMP_Q(1.0.0),1,6,Q,2020-Q3,1.4,,,,
ABS:ERP_COMP_Q(1.0.0),1,6,Q,2020-Q4,1.4,,,,
ABS:ERP_COMP_Q(1.0.0),1,6,Q,2021-Q1,1.5,,,,
ABS:ERP_COMP_Q(1.0.0),1,6,Q,2021-Q2,1.5,,,,
ABS:ERP_COMP_Q(1.0.0),1,6,Q,2021-Q3,1.5,,,,
ABS:ERP_COMP_Q(1.0.0),1,6,Q,2021-Q4,1.5,,,,
ABS:ERP_COMP_Q(1.0.0),1,6,Q,2022-Q1,1.4,,,,
ABS:ERP_COMP_Q(1.0.0),1,6,Q,2022-Q2,1.5,,,,
ABS:ERP_COMP_Q(1.0.0),1,6,Q,2022-Q3,1.5,,,,
ABS:ERP_COMP_Q(1.0.0),1,6,Q,2022-Q4,1.5,,,,
ABS:ERP_COMP_Q(1.0.0),1,6,Q,2023-Q1,1.4,,,,
ABS:ERP_COMP_Q(1.0.0),1,6,Q,2023-Q2,1.3,,,,
ABS:ERP_COMP_Q(1.0.0),1,6,Q,2023-Q3,1.4,,,,
ABS:ERP_COMP_Q(1.0.0),1,6,Q,2023-Q4,1.5,,,,
ABS:ERP_COMP_Q(1.0.0),1,6,Q,2024-Q1,1.4,,,,
ABS:ERP_COMP_Q(1.0.0),1,6,Q,2024-Q2,1.3,,,,
ABS:ERP_COMP_Q(1.0.0),1,6,Q,2024-Q3,1.4,,,,
ABS:ERP_COMP_Q(1.0.0),1,6,Q,2024-Q4,1.3,,,,
ABS:ERP_COMP_Q(1.0.0),1,6,Q,2025-Q1,1.5,,,,
ABS:ERP_COMP_Q(1.0.0),1,6,Q,2025-Q2,1.4,,,,
ABS:ERP_COMP_Q(1.0.0),1,6,Q,2025-Q3,1.4,,,,
ABS:ERP_COMP_Q(1.0.0),1,6,Q,2025-Q4,1.4,,,,
ABS:ERP_COMP_Q(1.0.0),2,3,Q,1981-Q2,4.2,,,,
ABS:ERP_COMP_Q(1.0.0),2,3,Q,1981-Q3,5,,,,
ABS:ERP_COMP_Q(1.0.0),2,3,Q,1981-Q4,3.9,,,,
ABS:ERP_COMP_Q(1.0.0),2,3,Q,1982-Q1,4.3,,,,
ABS:ERP_COMP_Q(1.0.0),2,3,Q,1982-Q2,4.2,,,,
ABS:ERP_COMP_Q(1.0.0),2,3,Q,1982-Q3,5.5,,,,
ABS:ERP_COMP_Q(1.0.0),2,3,Q,1982-Q4,4.1,,,,
ABS:ERP_COMP_Q(1.0.0),2,3,Q,1983-Q1,4.2,,,,
ABS:ERP_COMP_Q(1.0.0),2,3,Q,1983-Q2,4.1,,,,
ABS:ERP_COMP_Q(1.0.0),2,3,Q,1983-Q3,4.9,,,,
ABS:ERP_COMP_Q(1.0.0),2,3,Q,1983-Q4,3.8,,,,
ABS:ERP_COMP_Q(1.0.0),2,3,Q,1984-Q1,4.1,,,,
ABS:ERP_COMP_Q(1.0.0),2,3,Q,1984-Q2,3.9,,,,
ABS:ERP_COMP_Q(1.0.0),2,3,Q,1984-Q3,5.1,,,,
ABS:ERP_COMP_Q(1.0.0),2,3,Q,1984-Q4,4.4,,,,
ABS:ERP_COMP_Q(1.0.0),2,3,Q,1985-Q1,4.2,,,,
ABS:ERP_COMP_Q(1.0.0),2,3,Q,1985-Q2,4.4,,,,
ABS:ERP_COMP_Q(1.0.0),2,3,Q,1985-Q3,5.8,,,,
ABS:ERP_COMP_Q(1.0.0),2,3,Q,1985-Q4,4.3,,,,
ABS:ERP_COMP_Q(1.0.0),2,3,Q,1986-Q1,4.1,,,,
ABS:ERP_COMP_Q(1.0.0),2,3,Q,1986-Q2,4.4,,,,
ABS:ERP_COMP_Q(1.0.0),2,3,Q,1986-Q3,5.1,,,,
ABS:ERP_COMP_Q(1.0.0),2,3,Q,1986-Q4,4.2,,,,
ABS:ERP_COMP_Q(1.0.0),2,3,Q,1987-Q1,4.4,,,,
ABS:ERP_COMP_Q(1.0.0),2,3,Q,1987-Q2,4.6,,,,
ABS:ERP_COMP_Q(1.0.0),2,3,Q,1987-Q3,5.4,,,,
ABS:ERP_COMP_Q(1.0.0),2,3,Q,1987-Q4,4.5,,,,
ABS:ERP_COMP_Q(1.0.0),2,3,Q,1988-Q1,4.5,,,,
ABS:ERP_COMP_Q(1.0.0),2,3,Q,1988-Q2,4.7,,,,
ABS:ERP_COMP_Q(1.0.0),2,3,Q,1988-Q3,5.5,,,,
ABS:ERP_COMP_Q(1.0.0),2,3,Q,1988-Q4,4.1,,,,
ABS:ERP_COMP_Q(1.0.0),2,3,Q,1989-Q1,4.6,,,,
ABS:ERP_COMP_Q(1.0.0),2,3,Q,1989-Q2,4.6,,,,
ABS:ERP_COMP_Q(1.0.0),2,3,Q,1989-Q3,6.3,,,,
ABS:ERP_COMP_Q(1.0.0),2,3,Q,1989-Q4,5,,,,
ABS:ERP_COMP_Q(1.0.0),2,3,Q,1990-Q1,4.8,,,,
ABS:ERP_COMP_Q(1.0.0),2,3,Q,1990-Q2,4.5,,,,
ABS:ERP_COMP_Q(1.0.0),2,3,Q,1990-Q3,5.5,,,,
ABS:ERP_COMP_Q(1.0.0),2,3,Q,1990-Q4,4.5,,,,
ABS:ERP_COMP_Q(1.0.0),2,3,Q,1991-Q1,4.8,,,,
ABS:ERP_COMP_Q(1.0.0),2,3,Q,1991-Q2,4.5,,,,
ABS:ERP_COMP_Q(1.0.0),2,3,Q,1991-Q3,5.5,,,,
ABS:ERP_COMP_Q(1.0.0),2,3,Q,1991-Q4,4.5,,,,
ABS:ERP_COMP_Q(1.0.0),2,3,Q,1992-Q1,4.6,,,,
ABS:ERP_COMP_Q(1.0.0),2,3,Q,1992-Q2,5.1,,,,
ABS:ERP_COMP_Q(1.0.0),2,3,Q,1992-Q3,5.9,,,,
ABS:ERP_COMP_Q(1.0.0),2,3,Q,1992-Q4,4.8,,,,
ABS:ERP_COMP_Q(1.0.0),2,3,Q,1993-Q1,4.5,,,,
ABS:ERP_COMP_Q(1.0.0),2,3,Q,1993-Q2,5,,,,
ABS:ERP_COMP_Q(1.0.0),2,3,Q,1993-Q3,5.5,,,,
ABS:ERP_COMP_Q(1.0.0),2,3,Q,1993-Q4,5,,,,
ABS:ERP_COMP_Q(1.0.0),2,3,Q,1994-Q1,4.9,,,,
ABS:ERP_COMP_Q(1.0.0),2,3,Q,1994-Q2,5.2,,,,
ABS:ERP_COMP_Q(1.0.0),2,3,Q,1994-Q3,6.4,,,,
ABS:ERP_COMP_Q(1.0.0),2,3,Q,1994-Q4,5.2,,,,
ABS:ERP_COMP_Q(1.0.0),2,3,Q,1995-Q1,4.8,,,,
ABS:ERP_COMP_Q(1.0.0),2,3,Q,1995-Q2,5.2,,,,
ABS:ERP_COMP_Q(1.0.0),2,3,Q,1995-Q3,5.9,,,,
ABS:ERP_COMP_Q(1.0.0),2,3,Q,1995-Q4,5.1,,,,
ABS:ERP_COMP_Q(1.0.0),2,3,Q,1996-Q1,5,,,,
ABS:ERP_COMP_Q(1.0.0),2,3,Q,1996-Q2,5.3,,,,
ABS:ERP_COMP_Q(1.0.0),2,3,Q,1996-Q3,6.6,,,,
ABS:ERP_COMP_Q(1.0.0),2,3,Q,1996-Q4,5.2,,,,
ABS:ERP_COMP_Q(1.0.0),2,3,Q,1997-Q1,4.9,,,,
ABS:ERP_COMP_Q(1.0.0),2,3,Q,1997-Q2,5.3,,,,
ABS:ERP_COMP_Q(1.0.0),2,3,Q,1997-Q3,6.4,,,,
ABS:ERP_COMP_Q(1.0.0),2,3,Q,1997-Q4,5.5,,,,
ABS:ERP_COMP_Q(1.0.0),2,3,Q,1998-Q1,5.1,,,,
ABS:ERP_COMP_Q(1.0.0),2,3,Q,1998-Q2,5.4,,,,
ABS:ERP_COMP_Q(1.0.0),2,3,Q,1998-Q3,6.4,,,,
ABS:ERP_COMP_Q(1.0.0),2,3,Q,1998-Q4,5.4,,,,
ABS:ERP_COMP_Q(1.0.0),2,3,Q,1999-Q1,5.2,,,,
ABS:ERP_COMP_Q(1.0.0),2,3,Q,1999-Q2,5.7,,,,
ABS:ERP_COMP_Q(1.0.0),2,3,Q,1999-Q3,6.5,,,,
ABS:ERP_COMP_Q(1.0.0),2,3,Q,1999-Q4,5.4,,,,
ABS:ERP_COMP_Q(1.0.0),2,3,Q,2000-Q1,5.1,,,,
ABS:ERP_COMP_Q(1.0.0),2,3,Q,2000-Q2,5.7,,,,
ABS:ERP_COMP_Q(1.0.0),2,3,Q,2000-Q3,6.2,,,,
ABS:ERP_COMP_Q(1.0.0),2,3,Q,2000-Q4,5.6,,,,
ABS:ERP_COMP_Q(1.0.0),2,3,Q,2001-Q1,5.2,,,,
ABS:ERP_COMP_Q(1.0.0),2,3,Q,2001-Q2,5.6,,,,
ABS:ERP_COMP_Q(1.0.0),2,3,Q,2001-Q3,6.3,,,,
ABS:ERP_COMP_Q(1.0.0),2,3,Q,2001-Q4,5.8,,,,
ABS:ERP_COMP_Q(1.0.0),2,3,Q,2002-Q1,5.5,,,,
ABS:ERP_COMP_Q(1.0.0),2,3,Q,2002-Q2,5.7,,,,
ABS:ERP_COMP_Q(1.0.0),2,3,Q,2002-Q3,6.9,,,,
ABS:ERP_COMP_Q(1.0.0),2,3,Q,2002-Q4,5.7,,,,
ABS:ERP_COMP_Q(1.0.0),2,3,Q,2003-Q1,5.2,,,,
ABS:ERP_COMP_Q(1.0.0),2,3,Q,2003-Q2,5.7,,,,
ABS:ERP_COMP_Q(1.0.0),2,3,Q,2003-Q3,6.7,,,,
ABS:ERP_COMP_Q(1.0.0),2,3,Q,2003-Q4,5.6,,,,
ABS:ERP_COMP_Q(1.0.0),2,3,Q,2004-Q1,5.8,,,,
ABS:ERP_COMP_Q(1.0.0),2,3,Q,2004-Q2,6.1,,,,
ABS:ERP_COMP_Q(1.0.0),2,3,Q,2004-Q3,6.7,,,,
ABS:ERP_COMP_Q(1.0.0),2,3,Q,2004-Q4,6,,,,
ABS:ERP_COMP_Q(1.0.0),2,3,Q,2005-Q1,5.5,,,,
ABS:ERP_COMP_Q(1.0.0),2,3,Q,2005-Q2,6,,,,
ABS:ERP_COMP_Q(1.0.0),2,3,Q,2005-Q3,6.6,,,,
ABS:ERP_COMP_Q(1.0.0),2,3,Q,2005-Q4,6,,,,
ABS:ERP_COMP_Q(1.0.0),2,3,Q,2006-Q1,5.8,,,,
ABS:ERP_COMP_Q(1.0.0),2,3,Q,2006-Q2,6.1,,,,
ABS:ERP_COMP_Q(1.0.0),2,3,Q,2006-Q3,6.6,,,,
ABS:ERP_COMP_Q(1.0.0),2,3,Q,2006-Q4,6,,,,
ABS:ERP_COMP_Q(1.0.0),2,3,Q,2007-Q1,6.1,,,,
ABS:ERP_COMP_Q(1.0.0),2,3,Q,2007-Q2,6.4,,,,
ABS:ERP_COMP_Q(1.0.0),2,3,Q,2007-Q3,7.4,,,,
ABS:ERP_COMP_Q(1.0.0),2,3,Q,2007-Q4,6.3,,,,
ABS:ERP_COMP_Q(1.0.0),2,3,Q,2008-Q1,6.2,,,,
ABS:ERP_COMP_Q(1.0.0),2,3,Q,2008-Q2,6.3,,,,
ABS:ERP_COMP_Q(1.0.0),2,3,Q,2008-Q3,7.5,,,,
ABS:ERP_COMP_Q(1.0.0),2,3,Q,2008-Q4,6.4,,,,
ABS:ERP_COMP_Q(1.0.0),2,3,Q,2009-Q1,6.1,,,,
ABS:ERP_COMP_Q(1.0.0),2,3,Q,2009-Q2,6.7,,,,
ABS:ERP_COMP_Q(1.0.0),2,3,Q,2009-Q3,7.1,,,,
ABS:ERP_COMP_Q(1.0.0),2,3,Q,2009-Q4,6.6,,,,
ABS:ERP_COMP_Q(1.0.0),2,3,Q,2010-Q1,6.5,,,,
ABS:ERP_COMP_Q(1.0.0),2,3,Q,2010-Q2,6.7,,,,
ABS:ERP_COMP_Q(1.0.0),2,3,Q,2010-Q3,7,,,,
ABS:ERP_COMP_Q(1.0.0),2,3,Q,2010-Q4,6.5,,,,
ABS:ERP_COMP_Q(1.0.0),2,3,Q,2011-Q1,6.6,,,,
ABS:ERP_COMP_Q(1.0.0),2,3,Q,2011-Q2,7,,,,
ABS:ERP_COMP_Q(1.0.0),2,3,Q,2011-Q3,7.5,,,,
ABS:ERP_COMP_Q(1.0.0),2,3,Q,2011-Q4,6.7,,,,
ABS:ERP_COMP_Q(1.0.0),2,3,Q,2012-Q1,6.5,,,,
ABS:ERP_COMP_Q(1.0.0),2,3,Q,2012-Q2,7.1,,,,
ABS:ERP_COMP_Q(1.0.0),2,3,Q,2012-Q3,8,,,,
ABS:ERP_COMP_Q(1.0.0),2,3,Q,2012-Q4,6.5,,,,
ABS:ERP_COMP_Q(1.0.0),2,3,Q,2013-Q1,6.6,,,,
ABS:ERP_COMP_Q(1.0.0),2,3,Q,2013-Q2,7.2,,,,
ABS:ERP_COMP_Q(1.0.0),2,3,Q,2013-Q3,7.3,,,,
ABS:ERP_COMP_Q(1.0.0),2,3,Q,2013-Q4,6.8,,,,
ABS:ERP_COMP_Q(1.0.0),2,3,Q,2014-Q1,6.7,,,,
ABS:ERP_COMP_Q(1.0.0),2,3,Q,2014-Q2,7.1,,,,
ABS:ERP_COMP_Q(1.0.0),2,3,Q,2014-Q3,8,,,,
ABS:ERP_COMP_Q(1.0.0),2,3,Q,2014-Q4,7,,,,
ABS:ERP_COMP_Q(1.0.0),2,3,Q,2015-Q1,7.1,,,,
ABS:ERP_COMP_Q(1.0.0),2,3,Q,2015-Q2,7.3,,,,
ABS:ERP_COMP_Q(1.0.0),2,3,Q,2015-Q3,8.1,,,,
ABS:ERP_COMP_Q(1.0.0),2,3,Q,2015-Q4,7.3,,,,
ABS:ERP_COMP_Q(1.0.0),2,3,Q,2016-Q1,7,,,,
ABS:ERP_COMP_Q(1.0.0),2,3,Q,2016-Q2,7.4,,,,
ABS:ERP_COMP_Q(1.0.0),2,3,Q,2016-Q3,8.1,,,,
ABS:ERP_COMP_Q(1.0.0),2,3,Q,2016-Q4,7.4,,,,
ABS:ERP_COMP_Q(1.0.0),2,3,Q,2017-Q1,7.4,,,,
ABS:ERP_COMP_Q(1.0.0),2,3,Q,2017-Q2,7.8,,,,
ABS:ERP_COMP_Q(1.0.0),2,3,Q,2017-Q3,8.8,,,,
ABS:ERP_COMP_Q(1.0.0),2,3,Q,2017-Q4,7.6,,,,
ABS:ERP_COMP_Q(1.0.0),2,3,Q,2018-Q1,7.4,,,,
ABS:ERP_COMP_Q(1.0.0),2,3,Q,2018-Q2,7.8,,,,
ABS:ERP_COMP_Q(1.0.0),2,3,Q,2018-Q3,8.3,,,,
ABS:ERP_COMP_Q(1.0.0),2,3,Q,2018-Q4,7.6,,,,
ABS:ERP_COMP_Q(1.0.0),2,3,Q,2019-Q1,7.5,,,,
ABS:ERP_COMP_Q(1.0.0),2,3,Q,2019-Q2,8,,,,
ABS:ERP_COMP_Q(1.0.0),2,3,Q,2019-Q3,8.8,,,,
ABS:ERP_COMP_Q(1.0.0),2,3,Q,2019-Q4,7.8,,,,
ABS:ERP_COMP_Q(1.0.0),2,3,Q,2020-Q1,7.9,,,,
ABS:ERP_COMP_Q(1.0.0),2,3,Q,2020-Q2,7.8,,,,
ABS:ERP_COMP_Q(1.0.0),2,3,Q,2020-Q3,8.2,,,,
ABS:ERP_COMP_Q(1.0.0),2,3,Q,2020-Q4,7.9,,,,
ABS:ERP_COMP_Q(1.0.0),2,3,Q,2021-Q1,7.9,,,,
ABS:ERP_COMP_Q(1.0.0),2,3,Q,2021-Q2,8.7,,,,
ABS:ERP_COMP_Q(1.0.0),2,3,Q,2021-Q3,9,,,,
ABS:ERP_COMP_Q(1.0.0),2,3,Q,2021-Q4,8.5,,,,
ABS:ERP_COMP_Q(1.0.0),2,3,Q,2022-Q1,8.9,,,,
ABS:ERP_COMP_Q(1.0.0),2,3,Q,2022-Q2,9.6,,,,
ABS:ERP_COMP_Q(1.0.0),2,3,Q,2022-Q3,10.5,,,,
ABS:ERP_COMP_Q(1.0.0),2,3,Q,2022-Q4,9.2,,,,
ABS:ERP_COMP_Q(1.0.0),2,3,Q,2023-Q1,8.8,,,,
ABS:ERP_COMP_Q(1.0.0),2,3,Q,2023-Q2,9.7,,,,
ABS:ERP_COMP_Q(1.0.0),2,3,Q,2023-Q3,9.6,,,,
ABS:ERP_COMP_Q(1.0.0),2,3,Q,2023-Q4,9.1,,,,
ABS:ERP_COMP_Q(1.0.0),2,3,Q,2024-Q1,9.5,,,,
ABS:ERP_COMP_Q(1.0.0),2,3,Q,2024-Q2,9.8,,,,
ABS:ERP_COMP_Q(1.0.0),2,3,Q,2024-Q3,11,,,,
ABS:ERP_COMP_Q(1.0.0),2,3,Q,2024-Q4,8.7,,,,
ABS:ERP_COMP_Q(1.0.0),2,3,Q,2025-Q1,9.5,,,,
ABS:ERP_COMP_Q(1.0.0),2,3,Q,2025-Q2,9.1,,,,
ABS:ERP_COMP_Q(1.0.0),2,3,Q,2025-Q3,10.8,,,,
ABS:ERP_COMP_Q(1.0.0),2,3,Q,2025-Q4,9,,,,
ABS:ERP_COMP_Q(1.0.0),7,5,Q,1981-Q2,6.5,,,,
ABS:ERP_COMP_Q(1.0.0),7,5,Q,1981-Q3,6.8,,,,
ABS:ERP_COMP_Q(1.0.0),7,5,Q,1981-Q4,7,,,,
ABS:ERP_COMP_Q(1.0.0),7,5,Q,1982-Q1,7.8,,,,
ABS:ERP_COMP_Q(1.0.0),7,5,Q,1982-Q2,6.1,,,,
ABS:ERP_COMP_Q(1.0.0),7,5,Q,1982-Q3,6.8,,,,
ABS:ERP_COMP_Q(1.0.0),7,5,Q,1982-Q4,5.8,,,,
ABS:ERP_COMP_Q(1.0.0),7,5,Q,1983-Q1,5.8,,,,
ABS:ERP_COMP_Q(1.0.0),7,5,Q,1983-Q2,4.6,,,,
ABS:ERP_COMP_Q(1.0.0),7,5,Q,1983-Q3,4,,,,
ABS:ERP_COMP_Q(1.0.0),7,5,Q,1983-Q4,4.2,,,,
ABS:ERP_COMP_Q(1.0.0),7,5,Q,1984-Q1,4.5,,,,
ABS:ERP_COMP_Q(1.0.0),7,5,Q,1984-Q2,3.4,,,,
ABS:ERP_COMP_Q(1.0.0),7,5,Q,1984-Q3,4,,,,
ABS:ERP_COMP_Q(1.0.0),7,5,Q,1984-Q4,4.8,,,,
ABS:ERP_COMP_Q(1.0.0),7,5,Q,1985-Q1,5.1,,,,
ABS:ERP_COMP_Q(1.0.0),7,5,Q,1985-Q2,4.3,,,,
ABS:ERP_COMP_Q(1.0.0),7,5,Q,1985-Q3,4.5,,,,
ABS:ERP_COMP_Q(1.0.0),7,5,Q,1985-Q4,5.7,,,,
ABS:ERP_COMP_Q(1.0.0),7,5,Q,1986-Q1,6.1,,,,
ABS:ERP_COMP_Q(1.0.0),7,5,Q,1986-Q2,5.5,,,,
ABS:ERP_COMP_Q(1.0.0),7,5,Q,1986-Q3,5.9,,,,
ABS:ERP_COMP_Q(1.0.0),7,5,Q,1986-Q4,6.7,,,,
ABS:ERP_COMP_Q(1.0.0),7,5,Q,1987-Q1,7.2,,,,
ABS:ERP_COMP_Q(1.0.0),7,5,Q,1987-Q2,6,,,,
ABS:ERP_COMP_Q(1.0.0),7,5,Q,1987-Q3,6.5,,,,
ABS:ERP_COMP_Q(1.0.0),7,5,Q,1987-Q4,7.6,,,,
ABS:ERP_COMP_Q(1.0.0),7,5,Q,1988-Q1,9.4,,,,
ABS:ERP_COMP_Q(1.0.0),7,5,Q,1988-Q2,8,,,,
ABS:ERP_COMP_Q(1.0.0),7,5,Q,1988-Q3,8.8,,,,
ABS:ERP_COMP_Q(1.0.0),7,5,Q,1988-Q4,9,,,,
ABS:ERP_COMP_Q(1.0.0),7,5,Q,1989-Q1,9.5,,,,
ABS:ERP_COMP_Q(1.0.0),7,5,Q,1989-Q2,7.6,,,,
ABS:ERP_COMP_Q(1.0.0),7,5,Q,1989-Q3,7.6,,,,
ABS:ERP_COMP_Q(1.0.0),7,5,Q,1989-Q4,7.2,,,,
ABS:ERP_COMP_Q(1.0.0),7,5,Q,1990-Q1,8.6,,,,
ABS:ERP_COMP_Q(1.0.0),7,5,Q,1990-Q2,6.8,,,,
ABS:ERP_COMP_Q(1.0.0),7,5,Q,1990-Q3,7,,,,
ABS:ERP_COMP_Q(1.0.0),7,5,Q,1990-Q4,7.3,,,,
ABS:ERP_COMP_Q(1.0.0),7,5,Q,1991-Q1,8.4,,,,
ABS:ERP_COMP_Q(1.0.0),7,5,Q,1991-Q2,6,,,,
ABS:ERP_COMP_Q(1.0.0),7,5,Q,1991-Q3,6.6,,,,
ABS:ERP_COMP_Q(1.0.0),7,5,Q,1991-Q4,6.4,,,,
ABS:ERP_COMP_Q(1.0.0),7,5,Q,1992-Q1,7.5,,,,
ABS:ERP_COMP_Q(1.0.0),7,5,Q,1992-Q2,5,,,,
ABS:ERP_COMP_Q(1.0.0),7,5,Q,1992-Q3,5.7,,,,
ABS:ERP_COMP_Q(1.0.0),7,5,Q,1992-Q4,5.6,,,,
ABS:ERP_COMP_Q(1.0.0),7,5,Q,1993-Q1,6.9,,,,
ABS:ERP_COMP_Q(1.0.0),7,5,Q,1993-Q2,4.3,,,,
ABS:ERP_COMP_Q(1.0.0),7,5,Q,1993-Q3,5.4,,,,
ABS:ERP_COMP_Q(1.0.0),7,5,Q,1993-Q4,5.9,,,,
ABS:ERP_COMP_Q(1.0.0),7,5,Q,1994-Q1,7.8,,,,
ABS:ERP_COMP_Q(1.0.0),7,5,Q,1994-Q2,5,,,,
ABS:ERP_COMP_Q(1.0.0),7,5,Q,1994-Q3,6.5,,,,
ABS:ERP_COMP_Q(1.0.0),7,5,Q,1994-Q4,6.8,,,,
ABS:ERP_COMP_Q(1.0.0),7,5,Q,1995-Q1,8.7,,,,
ABS:ERP_COMP_Q(1.0.0),7,5,Q,1995-Q2,5.9,,,,
ABS:ERP_COMP_Q(1.0.0),7,5,Q,1995-Q3,7.4,,,,
ABS:ERP_COMP_Q(1.0.0),7,5,Q,1995-Q4,7.4,,,,
ABS:ERP_COMP_Q(1.0.0),7,5,Q,1996-Q1,9.7,,,,
ABS:ERP_COMP_Q(1.0.0),7,5,Q,1996-Q2,5.6,,,,
ABS:ERP_COMP_Q(1.0.0),7,5,Q,1996-Q3,7.4,,,,
ABS:ERP_COMP_Q(1.0.0),7,5,Q,1996-Q4,7.7,,,,
ABS:ERP_COMP_Q(1.0.0),7,5,Q,1997-Q1,10,,,,
ABS:ERP_COMP_Q(1.0.0),7,5,Q,1997-Q2,5.9,,,,
ABS:ERP_COMP_Q(1.0.0),7,5,Q,1997-Q3,7.6,,,,
ABS:ERP_COMP_Q(1.0.0),7,5,Q,1997-Q4,7.7,,,,
ABS:ERP_COMP_Q(1.0.0),7,5,Q,1998-Q1,10.2,,,,
ABS:ERP_COMP_Q(1.0.0),7,5,Q,1998-Q2,6.6,,,,
ABS:ERP_COMP_Q(1.0.0),7,5,Q,1998-Q3,8.2,,,,
ABS:ERP_COMP_Q(1.0.0),7,5,Q,1998-Q4,7.1,,,,
ABS:ERP_COMP_Q(1.0.0),7,5,Q,1999-Q1,9.7,,,,
ABS:ERP_COMP_Q(1.0.0),7,5,Q,1999-Q2,6.8,,,,
ABS:ERP_COMP_Q(1.0.0),7,5,Q,1999-Q3,9.6,,,,
ABS:ERP_COMP_Q(1.0.0),7,5,Q,1999-Q4,7.6,,,,
ABS:ERP_COMP_Q(1.0.0),7,5,Q,2000-Q1,10.6,,,,
ABS:ERP_COMP_Q(1.0.0),7,5,Q,2000-Q2,6.6,,,,
ABS:ERP_COMP_Q(1.0.0),7,5,Q,2000-Q3,8.6,,,,
ABS:ERP_COMP_Q(1.0.0),7,5,Q,2000-Q4,8.8,,,,
ABS:ERP_COMP_Q(1.0.0),7,5,Q,2001-Q1,11.6,,,,
ABS:ERP_COMP_Q(1.0.0),7,5,Q,2001-Q2,7.2,,,,
ABS:ERP_COMP_Q(1.0.0),7,5,Q,2001-Q3,9.5,,,,
ABS:ERP_COMP_Q(1.0.0),7,5,Q,2001-Q4,9.1,,,,
ABS:ERP_COMP_Q(1.0.0),7,5,Q,2002-Q1,12.4,,,,
ABS:ERP_COMP_Q(1.0.0),7,5,Q,2002-Q2,7.6,,,,
ABS:ERP_COMP_Q(1.0.0),7,5,Q,2002-Q3,10.2,,,,
ABS:ERP_COMP_Q(1.0.0),7,5,Q,2002-Q4,9.7,,,,
ABS:ERP_COMP_Q(1.0.0),7,5,Q,2003-Q1,13.9,,,,
ABS:ERP_COMP_Q(1.0.0),7,5,Q,2003-Q2,8.9,,,,
ABS:ERP_COMP_Q(1.0.0),7,5,Q,2003-Q3,11.8,,,,
ABS:ERP_COMP_Q(1.0.0),7,5,Q,2003-Q4,10.7,,,,
ABS:ERP_COMP_Q(1.0.0),7,5,Q,2004-Q1,14.5,,,,
ABS:ERP_COMP_Q(1.0.0),7,5,Q,2004-Q2,9,,,,
ABS:ERP_COMP_Q(1.0.0),7,5,Q,2004-Q3,11.8,,,,
ABS:ERP_COMP_Q(1.0.0),7,5,Q,2004-Q4,11.2,,,,
ABS:ERP_COMP_Q(1.0.0),7,5,Q,2005-Q1,15.8,,,,
ABS:ERP_COMP_Q(1.0.0),7,5,Q,2005-Q2,9.8,,,,
ABS:ERP_COMP_Q(1.0.0),7,5,Q,2005-Q3,13.1,,,,
ABS:ERP_COMP_Q(1.0.0),7,5,Q,2005-Q4,13.1,,,,
ABS:ERP_COMP_Q(1.0.0),7,5,Q,2006-Q1,17.4,,,,
ABS:ERP_COMP_Q(1.0.0),7,5,Q,2006-Q2,11.1,,,,
ABS:ERP_COMP_Q(1.0.0),7,5,Q,2006-Q3,13,,,,
ABS:ERP_COMP_Q(1.0.0),7,5,Q,2006-Q4,13.4,,,,
ABS:ERP_COMP_Q(1.0.0),7,5,Q,2007-Q1,15.6,,,,
ABS:ERP_COMP_Q(1.0.0),7,5,Q,2007-Q2,11.8,,,,
ABS:ERP_COMP_Q(1.0.0),7,5,Q,2007-Q3,15.4,,,,
ABS:ERP_COMP_Q(1.0.0),7,5,Q,2007-Q4,15.3,,,,
ABS:ERP_COMP_Q(1.0.0),7,5,Q,2008-Q1,19.5,,,,
ABS:ERP_COMP_Q(1.0.0),7,5,Q,2008-Q2,15.9,,,,
ABS:ERP_COMP_Q(1.0.0),7,5,Q,2008-Q3,19.5,,,,
ABS:ERP_COMP_Q(1.0.0),7,5,Q,2008-Q4,17.9,,,,
ABS:ERP_COMP_Q(1.0.0),7,5,Q,2009-Q1,19,,,,
ABS:ERP_COMP_Q(1.0.0),7,5,Q,2009-Q2,13.3,,,,
ABS:ERP_COMP_Q(1.0.0),7,5,Q,2009-Q3,15.3,,,,
ABS:ERP_COMP_Q(1.0.0),7,5,Q,2009-Q4,13.4,,,,
ABS:ERP_COMP_Q(1.0.0),7,5,Q,2010-Q1,15.6,,,,
ABS:ERP_COMP_Q(1.0.0),7,5,Q,2010-Q2,13.6,,,,
ABS:ERP_COMP_Q(1.0.0),7,5,Q,2010-Q3,16,,,,
ABS:ERP_COMP_Q(1.0.0),7,5,Q,2010-Q4,15.7,,,,
ABS:ERP_COMP_Q(1.0.0),7,5,Q,2011-Q1,17.9,,,,
ABS:ERP_COMP_Q(1.0.0),7,5,Q,2011-Q2,15.3,,,,
ABS:ERP_COMP_Q(1.0.0),7,5,Q,2011-Q3,18.6,,,,
ABS:ERP_COMP_Q(1.0.0),7,5,Q,2011-Q4,18.9,,,,
ABS:ERP_COMP_Q(1.0.0),7,5,Q,2012-Q1,22.2,,,,
ABS:ERP_COMP_Q(1.0.0),7,5,Q,2012-Q2,18.2,,,,
ABS:ERP_COMP_Q(1.0.0),7,5,Q,2012-Q3,20.4,,,,
ABS:ERP_COMP_Q(1.0.0),7,5,Q,2012-Q4,18.4,,,,
ABS:ERP_COMP_Q(1.0.0),7,5,Q,2013-Q1,20.1,,,,
ABS:ERP_COMP_Q(1.0.0),7,5,Q,2013-Q2,15.4,,,,
ABS:ERP_COMP_Q(1.0.0),7,5,Q,2013-Q3,17,,,,
ABS:ERP_COMP_Q(1.0.0),7,5,Q,2013-Q4,14.9,,,,
ABS:ERP_COMP_Q(1.0.0),7,5,Q,2014-Q1,16.1,,,,
ABS:ERP_COMP_Q(1.0.0),7,5,Q,2014-Q2,12,,,,
ABS:ERP_COMP_Q(1.0.0),7,5,Q,2014-Q3,14.2,,,,
ABS:ERP_COMP_Q(1.0.0),7,5,Q,2014-Q4,13,,,,
ABS:ERP_COMP_Q(1.0.0),7,5,Q,2015-Q1,14.5,,,,
ABS:ERP_COMP_Q(1.0.0),7,5,Q,2015-Q2,11.6,,,,
ABS:ERP_COMP_Q(1.0.0),7,5,Q,2015-Q3,13.8,,,,
ABS:ERP_COMP_Q(1.0.0),7,5,Q,2015-Q4,12.6,,,,
ABS:ERP_COMP_Q(1.0.0),7,5,Q,2016-Q1,14.5,,,,
ABS:ERP_COMP_Q(1.0.0),7,5,Q,2016-Q2,10.7,,,,
ABS:ERP_COMP_Q(1.0.0),7,5,Q,2016-Q3,13.7,,,,
ABS:ERP_COMP_Q(1.0.0),7,5,Q,2016-Q4,11.7,,,,
ABS:ERP_COMP_Q(1.0.0),7,5,Q,2017-Q1,13.5,,,,
ABS:ERP_COMP_Q(1.0.0),7,5,Q,2017-Q2,9.6,,,,
ABS:ERP_COMP_Q(1.0.0),7,5,Q,2017-Q3,12.2,,,,
ABS:ERP_COMP_Q(1.0.0),7,5,Q,2017-Q4,10.3,,,,
ABS:ERP_COMP_Q(1.0.0),7,5,Q,2018-Q1,12.2,,,,
ABS:ERP_COMP_Q(1.0.0),7,5,Q,2018-Q2,9.4,,,,
ABS:ERP_COMP_Q(1.0.0),7,5,Q,2018-Q3,12.2,,,,
ABS:ERP_COMP_Q(1.0.0),7,5,Q,2018-Q4,10.8,,,,
ABS:ERP_COMP_Q(1.0.0),7,5,Q,2019-Q1,13.6,,,,
ABS:ERP_COMP_Q(1.0.0),7,5,Q,2019-Q2,11.4,,,,
ABS:ERP_COMP_Q(1.0.0),7,5,Q,2019-Q3,15.4,,,,
ABS:ERP_COMP_Q(1.0.0),7,5,Q,2019-Q4,16.4,,,,
ABS:ERP_COMP_Q(1.0.0),7,5,Q,2020-Q1,17.3,,,,
ABS:ERP_COMP_Q(1.0.0),7,5,Q,2020-Q2,1.3,,,,
ABS:ERP_COMP_Q(1.0.0),7,5,Q,2020-Q3,2.1,,,,
ABS:ERP_COMP_Q(1.0.0),7,5,Q,2020-Q4,3.1,,,,
ABS:ERP_COMP_Q(1.0.0),7,5,Q,2021-Q1,3.6,,,,
ABS:ERP_COMP_Q(1.0.0),7,5,Q,2021-Q2,4.2,,,,
ABS:ERP_COMP_Q(1.0.0),7,5,Q,2021-Q3,3.6,,,,
ABS:ERP_COMP_Q(1.0.0),7,5,Q,2021-Q4,4.9,,,,
ABS:ERP_COMP_Q(1.0.0),7,5,Q,2022-Q1,12.5,,,,
ABS:ERP_COMP_Q(1.0.0),7,5,Q,2022-Q2,15,,,,
ABS:ERP_COMP_Q(1.0.0),7,5,Q,2022-Q3,20.2,,,,
ABS:ERP_COMP_Q(1.0.0),7,5,Q,2022-Q4,20.8,,,,
ABS:ERP_COMP_Q(1.0.0),7,5,Q,2023-Q1,26,,,,
ABS:ERP_COMP_Q(1.0.0),7,5,Q,2023-Q2,20.2,,,,
ABS:ERP_COMP_Q(1.0.0),7,5,Q,2023-Q3,23.9,,,,
ABS:ERP_COMP_Q(1.0.0),7,5,Q,2023-Q4,20.3,,,,
ABS:ERP_COMP_Q(1.0.0),7,5,Q,2024-Q1,23.8,,,,
ABS:ERP_COMP_Q(1.0.0),7,5,Q,2024-Q2,15.5,,,,
ABS:ERP_COMP_Q(1.0.0),7,5,Q,2024-Q3,19.3,,,,
ABS:ERP_COMP_Q(1.0.0),7,5,Q,2024-Q4,17,,,,
ABS:ERP_COMP_Q(1.0.0),7,5,Q,2025-Q1,20.9,,,,
ABS:ERP_COMP_Q(1.0.0),7,5,Q,2025-Q2,14,,,,
ABS:ERP_COMP_Q(1.0.0),7,5,Q,2025-Q3,18.9,,,,
ABS:ERP_COMP_Q(1.0.0),7,5,Q,2025-Q4,15.8,,,,
ABS:ERP_COMP_Q(1.0.0),10,7,Q,1981-Q2,122.6,,,,
ABS:ERP_COMP_Q(1.0.0),10,7,Q,1981-Q3,125.2,,,,
ABS:ERP_COMP_Q(1.0.0),10,7,Q,1981-Q4,127.7,,,,
ABS:ERP_COMP_Q(1.0.0),10,7,Q,1982-Q1,129.6,,,,
ABS:ERP_COMP_Q(1.0.0),10,7,Q,1982-Q2,130.3,,,,
ABS:ERP_COMP_Q(1.0.0),10,7,Q,1982-Q3,131.5,,,,
ABS:ERP_COMP_Q(1.0.0),10,7,Q,1982-Q4,132.8,,,,
ABS:ERP_COMP_Q(1.0.0),10,7,Q,1983-Q1,134.5,,,,
ABS:ERP_COMP_Q(1.0.0),10,7,Q,1983-Q2,135.9,,,,
ABS:ERP_COMP_Q(1.0.0),10,7,Q,1983-Q3,137.9,,,,
ABS:ERP_COMP_Q(1.0.0),10,7,Q,1983-Q4,139.5,,,,
ABS:ERP_COMP_Q(1.0.0),10,7,Q,1984-Q1,140.7,,,,
ABS:ERP_COMP_Q(1.0.0),10,7,Q,1984-Q2,142.2,,,,
ABS:ERP_COMP_Q(1.0.0),10,7,Q,1984-Q3,143.9,,,,
ABS:ERP_COMP_Q(1.0.0),10,7,Q,1984-Q4,145.3,,,,
ABS:ERP_COMP_Q(1.0.0),10,7,Q,1985-Q1,146.7,,,,
ABS:ERP_COMP_Q(1.0.0),10,7,Q,1985-Q2,148.5,,,,
ABS:ERP_COMP_Q(1.0.0),10,7,Q,1985-Q3,150.6,,,,
ABS:ERP_COMP_Q(1.0.0),10,7,Q,1985-Q4,152.4,,,,
ABS:ERP_COMP_Q(1.0.0),10,7,Q,1986-Q1,153.3,,,,
ABS:ERP_COMP_Q(1.0.0),10,7,Q,1986-Q2,154.4,,,,
ABS:ERP_COMP_Q(1.0.0),10,7,Q,1986-Q3,155.6,,,,
ABS:ERP_COMP_Q(1.0.0),10,7,Q,1986-Q4,156.6,,,,
ABS:ERP_COMP_Q(1.0.0),10,7,Q,1987-Q1,157.8,,,,
ABS:ERP_COMP_Q(1.0.0),10,7,Q,1987-Q2,158.2,,,,
ABS:ERP_COMP_Q(1.0.0),10,7,Q,1987-Q3,159.1,,,,
ABS:ERP_COMP_Q(1.0.0),10,7,Q,1987-Q4,159,,,,
ABS:ERP_COMP_Q(1.0.0),10,7,Q,1988-Q1,159,,,,
ABS:ERP_COMP_Q(1.0.0),10,7,Q,1988-Q2,159,,,,
ABS:ERP_COMP_Q(1.0.0),10,7,Q,1988-Q3,159.8,,,,
ABS:ERP_COMP_Q(1.0.0),10,7,Q,1988-Q4,160.5,,,,
ABS:ERP_COMP_Q(1.0.0),10,7,Q,1989-Q1,161.1,,,,
ABS:ERP_COMP_Q(1.0.0),10,7,Q,1989-Q2,161.2,,,,
ABS:ERP_COMP_Q(1.0.0),10,7,Q,1989-Q3,161.7,,,,
ABS:ERP_COMP_Q(1.0.0),10,7,Q,1989-Q4,162.1,,,,
ABS:ERP_COMP_Q(1.0.0),10,7,Q,1990-Q1,162.5,,,,
ABS:ERP_COMP_Q(1.0.0),10,7,Q,1990-Q2,163.7,,,,
ABS:ERP_COMP_Q(1.0.0),10,7,Q,1990-Q3,164.4,,,,
ABS:ERP_COMP_Q(1.0.0),10,7,Q,1990-Q4,165,,,,
ABS:ERP_COMP_Q(1.0.0),10,7,Q,1991-Q1,165.4,,,,
ABS:ERP_COMP_Q(1.0.0),10,7,Q,1991-Q2,165.5,,,,
ABS:ERP_COMP_Q(1.0.0),10,7,Q,1991-Q3,166.7,,,,
ABS:ERP_COMP_Q(1.0.0),10,7,Q,1991-Q4,167,,,,
ABS:ERP_COMP_Q(1.0.0),10,7,Q,1992-Q1,168.1,,,,
ABS:ERP_COMP_Q(1.0.0),10,7,Q,1992-Q2,168.5,,,,
ABS:ERP_COMP_Q(1.0.0),10,7,Q,1992-Q3,169.1,,,,
ABS:ERP_COMP_Q(1.0.0),10,7,Q,1992-Q4,170.4,,,,
ABS:ERP_COMP_Q(1.0.0),10,7,Q,1993-Q1,171.3,,,,
ABS:ERP_COMP_Q(1.0.0),10,7,Q,1993-Q2,171.7,,,,
ABS:ERP_COMP_Q(1.0.0),10,7,Q,1993-Q3,172.9,,,,
ABS:ERP_COMP_Q(1.0.0),10,7,Q,1993-Q4,173.6,,,,
ABS:ERP_COMP_Q(1.0.0),10,7,Q,1994-Q1,174.2,,,,
ABS:ERP_COMP_Q(1.0.0),10,7,Q,1994-Q2,174.9,,,,
ABS:ERP_COMP_Q(1.0.0),10,7,Q,1994-Q3,175.5,,,,
ABS:ERP_COMP_Q(1.0.0),10,7,Q,1994-Q4,176.8,,,,
ABS:ERP_COMP_Q(1.0.0),10,7,Q,1995-Q1,178.7,,,,
ABS:ERP_COMP_Q(1.0.0),10,7,Q,1995-Q2,179.6,,,,
ABS:ERP_COMP_Q(1.0.0),10,7,Q,1995-Q3,180.7,,,,
ABS:ERP_COMP_Q(1.0.0),10,7,Q,1995-Q4,182.8,,,,
ABS:ERP_COMP_Q(1.0.0),10,7,Q,1996-Q1,183.9,,,,
ABS:ERP_COMP_Q(1.0.0),10,7,Q,1996-Q2,184.5,,,,
ABS:ERP_COMP_Q(1.0.0),10,7,Q,1996-Q3,186.2,,,,
ABS:ERP_COMP_Q(1.0.0),10,7,Q,1996-Q4,187.3,,,,
ABS:ERP_COMP_Q(1.0.0),10,7,Q,1997-Q1,188.2,,,,
ABS:ERP_COMP_Q(1.0.0),10,7,Q,1997-Q2,189.8,,,,
ABS:ERP_COMP_Q(1.0.0),10,7,Q,1997-Q3,190.7,,,,
ABS:ERP_COMP_Q(1.0.0),10,7,Q,1997-Q4,191.3,,,,
ABS:ERP_COMP_Q(1.0.0),10,7,Q,1998-Q1,192.1,,,,
ABS:ERP_COMP_Q(1.0.0),10,7,Q,1998-Q2,192.9,,,,
ABS:ERP_COMP_Q(1.0.0),10,7,Q,1998-Q3,193.7,,,,
ABS:ERP_COMP_Q(1.0.0),10,7,Q,1998-Q4,194.4,,,,
ABS:ERP_COMP_Q(1.0.0),10,7,Q,1999-Q1,195.3,,,,
ABS:ERP_COMP_Q(1.0.0),10,7,Q,1999-Q2,196,,,,
ABS:ERP_COMP_Q(1.0.0),10,7,Q,1999-Q3,196.8,,,,
ABS:ERP_COMP_Q(1.0.0),10,7,Q,1999-Q4,197.8,,,,
ABS:ERP_COMP_Q(1.0.0),10,7,Q,2000-Q1,198.3,,,,
ABS:ERP_COMP_Q(1.0.0),10,7,Q,2000-Q2,199.1,,,,
ABS:ERP_COMP_Q(1.0.0),10,7,Q,2000-Q3,199.8,,,,
ABS:ERP_COMP_Q(1.0.0),10,7,Q,2000-Q4,200,,,,
ABS:ERP_COMP_Q(1.0.0),10,7,Q,2001-Q1,200.8,,,,
ABS:ERP_COMP_Q(1.0.0),10,7,Q,2001-Q2,201.7,,,,
ABS:ERP_COMP_Q(1.0.0),10,7,Q,2001-Q3,202,,,,
ABS:ERP_COMP_Q(1.0.0),10,7,Q,2001-Q4,201.8,,,,
ABS:ERP_COMP_Q(1.0.0),10,7,Q,2002-Q1,201.9,,,,
ABS:ERP_COMP_Q(1.0.0),10,7,Q,2002-Q2,202.3,,,,
ABS:ERP_COMP_Q(1.0.0),10,7,Q,2002-Q3,202.1,,,,
ABS:ERP_COMP_Q(1.0.0),10,7,Q,2002-Q4,201.5,,,,
ABS:ERP_COMP_Q(1.0.0),10,7,Q,2003-Q1,201.1,,,,
ABS:ERP_COMP_Q(1.0.0),10,7,Q,2003-Q2,201.7,,,,
ABS:ERP_COMP_Q(1.0.0),10,7,Q,2003-Q3,201.8,,,,
ABS:ERP_COMP_Q(1.0.0),10,7,Q,2003-Q4,201.7,,,,
ABS:ERP_COMP_Q(1.0.0),10,7,Q,2004-Q1,202,,,,
ABS:ERP_COMP_Q(1.0.0),10,7,Q,2004-Q2,202.7,,,,
ABS:ERP_COMP_Q(1.0.0),10,7,Q,2004-Q3,203.5,,,,
ABS:ERP_COMP_Q(1.0.0),10,7,Q,2004-Q4,203.9,,,,
ABS:ERP_COMP_Q(1.0.0),10,7,Q,2005-Q1,204.9,,,,
ABS:ERP_COMP_Q(1.0.0),10,7,Q,2005-Q2,205.9,,,,
ABS:ERP_COMP_Q(1.0.0),10,7,Q,2005-Q3,206.8,,,,
ABS:ERP_COMP_Q(1.0.0),10,7,Q,2005-Q4,207.4,,,,
ABS:ERP_COMP_Q(1.0.0),10,7,Q,2006-Q1,208.3,,,,
ABS:ERP_COMP_Q(1.0.0),10,7,Q,2006-Q2,209.1,,,,
ABS:ERP_COMP_Q(1.0.0),10,7,Q,2006-Q3,210.3,,,,
ABS:ERP_COMP_Q(1.0.0),10,7,Q,2006-Q4,211,,,,
ABS:ERP_COMP_Q(1.0.0),10,7,Q,2007-Q1,212.4,,,,
ABS:ERP_COMP_Q(1.0.0),10,7,Q,2007-Q2,213.7,,,,
ABS:ERP_COMP_Q(1.0.0),10,7,Q,2007-Q3,215.2,,,,
ABS:ERP_COMP_Q(1.0.0),10,7,Q,2007-Q4,216.6,,,,
ABS:ERP_COMP_Q(1.0.0),10,7,Q,2008-Q1,217.9,,,,
ABS:ERP_COMP_Q(1.0.0),10,7,Q,2008-Q2,219.9,,,,
ABS:ERP_COMP_Q(1.0.0),10,7,Q,2008-Q3,221.5,,,,
ABS:ERP_COMP_Q(1.0.0),10,7,Q,2008-Q4,222.5,,,,
ABS:ERP_COMP_Q(1.0.0),10,7,Q,2009-Q1,223.9,,,,
ABS:ERP_COMP_Q(1.0.0),10,7,Q,2009-Q2,226,,,,
ABS:ERP_COMP_Q(1.0.0),10,7,Q,2009-Q3,227.3,,,,
ABS:ERP_COMP_Q(1.0.0),10,7,Q,2009-Q4,227.8,,,,
ABS:ERP_COMP_Q(1.0.0),10,7,Q,2010-Q1,228.6,,,,
ABS:ERP_COMP_Q(1.0.0),10,7,Q,2010-Q2,229.8,,,,
ABS:ERP_COMP_Q(1.0.0),10,7,Q,2010-Q3,230.5,,,,
ABS:ERP_COMP_Q(1.0.0),10,7,Q,2010-Q4,230.3,,,,
ABS:ERP_COMP_Q(1.0.0),10,7,Q,2011-Q1,230.2,,,,
ABS:ERP_COMP_Q(1.0.0),10,7,Q,2011-Q2,231.3,,,,
ABS:ERP_COMP_Q(1.0.0),10,7,Q,2011-Q3,232.6,,,,
ABS:ERP_COMP_Q(1.0.0),10,7,Q,2011-Q4,233,,,,
ABS:ERP_COMP_Q(1.0.0),10,7,Q,2012-Q1,234.3,,,,
ABS:ERP_COMP_Q(1.0.0),10,7,Q,2012-Q2,235.9,,,,
ABS:ERP_COMP_Q(1.0.0),10,7,Q,2012-Q3,237.5,,,,
ABS:ERP_COMP_Q(1.0.0),10,7,Q,2012-Q4,238.7,,,,
ABS:ERP_COMP_Q(1.0.0),10,7,Q,2013-Q1,240.1,,,,
ABS:ERP_COMP_Q(1.0.0),10,7,Q,2013-Q2,241.7,,,,
ABS:ERP_COMP_Q(1.0.0),10,7,Q,2013-Q3,242.3,,,,
ABS:ERP_COMP_Q(1.0.0),10,7,Q,2013-Q4,242.3,,,,
ABS:ERP_COMP_Q(1.0.0),10,7,Q,2014-Q1,242.8,,,,
ABS:ERP_COMP_Q(1.0.0),10,7,Q,2014-Q2,242.9,,,,
ABS:ERP_COMP_Q(1.0.0),10,7,Q,2014-Q3,243.2,,,,
ABS:ERP_COMP_Q(1.0.0),10,7,Q,2014-Q4,242.8,,,,
ABS:ERP_COMP_Q(1.0.0),10,7,Q,2015-Q1,243.1,,,,
ABS:ERP_COMP_Q(1.0.0),10,7,Q,2015-Q2,244.7,,,,
ABS:ERP_COMP_Q(1.0.0),10,7,Q,2015-Q3,244.6,,,,
ABS:ERP_COMP_Q(1.0.0),10,7,Q,2015-Q4,244.1,,,,
ABS:ERP_COMP_Q(1.0.0),10,7,Q,2016-Q1,244.6,,,,
ABS:ERP_COMP_Q(1.0.0),10,7,Q,2016-Q2,245.7,,,,
ABS:ERP_COMP_Q(1.0.0),10,7,Q,2016-Q3,246.4,,,,
ABS:ERP_COMP_Q(1.0.0),10,7,Q,2016-Q4,246.1,,,,
ABS:ERP_COMP_Q(1.0.0),10,7,Q,2017-Q1,246.2,,,,
ABS:ERP_COMP_Q(1.0.0),10,7,Q,2017-Q2,247.4,,,,
ABS:ERP_COMP_Q(1.0.0),10,7,Q,2017-Q3,247.5,,,,
ABS:ERP_COMP_Q(1.0.0),10,7,Q,2017-Q4,246.9,,,,
ABS:ERP_COMP_Q(1.0.0),10,7,Q,2018-Q1,246.7,,,,
ABS:ERP_COMP_Q(1.0.0),10,7,Q,2018-Q2,247.1,,,,
ABS:ERP_COMP_Q(1.0.0),10,7,Q,2018-Q3,247,,,,
ABS:ERP_COMP_Q(1.0.0),10,7,Q,2018-Q4,245.9,,,,
ABS:ERP_COMP_Q(1.0.0),10,7,Q,2019-Q1,246,,,,
ABS:ERP_COMP_Q(1.0.0),10,7,Q,2019-Q2,246.6,,,,
ABS:ERP_COMP_Q(1.0.0),10,7,Q,2019-Q3,246.7,,,,
ABS:ERP_COMP_Q(1.0.0),10,7,Q,2019-Q4,246.2,,,,
ABS:ERP_COMP_Q(1.0.0),10,7,Q,2020-Q1,247,,,,
ABS:ERP_COMP_Q(1.0.0),10,7,Q,2020-Q2,247.4,,,,
ABS:ERP_COMP_Q(1.0.0),10,7,Q,2020-Q3,247.8,,,,
ABS:ERP_COMP_Q(1.0.0),10,7,Q,2020-Q4,247.8,,,,
ABS:ERP_COMP_Q(1.0.0),10,7,Q,2021-Q1,248.2,,,,
ABS:ERP_COMP_Q(1.0.0),10,7,Q,2021-Q2,248.2,,,,
ABS:ERP_COMP_Q(1.0.0),10,7,Q,2021-Q3,249.5,,,,
ABS:ERP_COMP_Q(1.0.0),10,7,Q,2021-Q4,250.5,,,,
ABS:ERP_COMP_Q(1.0.0),10,7,Q,2022-Q1,252.1,,,,
ABS:ERP_COMP_Q(1.0.0),10,7,Q,2022-Q2,253.1,,,,
ABS:ERP_COMP_Q(1.0.0),10,7,Q,2022-Q3,254.4,,,,
ABS:ERP_COMP_Q(1.0.0),10,7,Q,2022-Q4,255.3,,,,
ABS:ERP_COMP_Q(1.0.0),10,7,Q,2023-Q1,256.5,,,,
ABS:ERP_COMP_Q(1.0.0),10,7,Q,2023-Q2,257.5,,,,
ABS:ERP_COMP_Q(1.0.0),10,7,Q,2023-Q3,258.5,,,,
ABS:ERP_COMP_Q(1.0.0),10,7,Q,2023-Q4,259.1,,,,
ABS:ERP_COMP_Q(1.0.0),10,7,Q,2024-Q1,260,,,,
ABS:ERP_COMP_Q(1.0.0),10,7,Q,2024-Q2,260.9,,,,
ABS:ERP_COMP_Q(1.0.0),10,7,Q,2024-Q3,262,,,,
ABS:ERP_COMP_Q(1.0.0),10,7,Q,2024-Q4,263.2,,,,
ABS:ERP_COMP_Q(1.0.0),10,7,Q,2025-Q1,264.9,,,,
ABS:ERP_COMP_Q(1.0.0),10,7,Q,2025-Q2,265.9,,,,
ABS:ERP_COMP_Q(1.0.0),10,7,Q,2025-Q3,267,,,,
ABS:ERP_COMP_Q(1.0.0),10,7,Q,2025-Q4,267.5,,,,
ABS:ERP_COMP_Q(1.0.0),11,7,Q,1981-Q2,0.5,,,,
ABS:ERP_COMP_Q(1.0.0),11,7,Q,1981-Q3,0.2,,,,
ABS:ERP_COMP_Q(1.0.0),11,7,Q,1981-Q4,0.4,,,,
ABS:ERP_COMP_Q(1.0.0),11,7,Q,1982-Q1,0.2,,,,
ABS:ERP_COMP_Q(1.0.0),11,7,Q,1982-Q2,0.2,,,,
ABS:ERP_COMP_Q(1.0.0),11,7,Q,1982-Q3,0.1,,,,
ABS:ERP_COMP_Q(1.0.0),11,7,Q,1982-Q4,0.1,,,,
ABS:ERP_COMP_Q(1.0.0),11,7,Q,1983-Q1,0.2,,,,
ABS:ERP_COMP_Q(1.0.0),11,7,Q,1983-Q2,0.1,,,,
ABS:ERP_COMP_Q(1.0.0),11,7,Q,1983-Q3,0.4,,,,
ABS:ERP_COMP_Q(1.0.0),11,7,Q,1983-Q4,0,,,,
ABS:ERP_COMP_Q(1.0.0),11,7,Q,1984-Q1,0.1,,,,
ABS:ERP_COMP_Q(1.0.0),11,7,Q,1984-Q2,0.2,,,,
ABS:ERP_COMP_Q(1.0.0),11,7,Q,1984-Q3,0.2,,,,
ABS:ERP_COMP_Q(1.0.0),11,7,Q,1984-Q4,0.2,,,,
ABS:ERP_COMP_Q(1.0.0),11,7,Q,1985-Q1,0.3,,,,
ABS:ERP_COMP_Q(1.0.0),11,7,Q,1985-Q2,0.3,,,,
ABS:ERP_COMP_Q(1.0.0),11,7,Q,1985-Q3,0.3,,,,
ABS:ERP_COMP_Q(1.0.0),11,7,Q,1985-Q4,0.2,,,,
ABS:ERP_COMP_Q(1.0.0),11,7,Q,1986-Q1,0.3,,,,
ABS:ERP_COMP_Q(1.0.0),11,7,Q,1986-Q2,0.3,,,,
ABS:ERP_COMP_Q(1.0.0),11,7,Q,1986-Q3,0.2,,,,
ABS:ERP_COMP_Q(1.0.0),11,7,Q,1986-Q4,0.2,,,,
ABS:ERP_COMP_Q(1.0.0),11,7,Q,1987-Q1,0.3,,,,
ABS:ERP_COMP_Q(1.0.0),11,7,Q,1987-Q2,0.2,,,,
ABS:ERP_COMP_Q(1.0.0),11,7,Q,1987-Q3,0.3,,,,
ABS:ERP_COMP_Q(1.0.0),11,7,Q,1987-Q4,0.1,,,,
ABS:ERP_COMP_Q(1.0.0),11,7,Q,1988-Q1,0.3,,,,
ABS:ERP_COMP_Q(1.0.0),11,7,Q,1988-Q2,0.3,,,,
ABS:ERP_COMP_Q(1.0.0),11,7,Q,1988-Q3,0.2,,,,
ABS:ERP_COMP_Q(1.0.0),11,7,Q,1988-Q4,0.1,,,,
ABS:ERP_COMP_Q(1.0.0),11,7,Q,1989-Q1,0.3,,,,
ABS:ERP_COMP_Q(1.0.0),11,7,Q,1989-Q2,0.1,,,,
ABS:ERP_COMP_Q(1.0.0),11,7,Q,1989-Q3,0.2,,,,
ABS:ERP_COMP_Q(1.0.0),11,7,Q,1989-Q4,0.1,,,,
ABS:ERP_COMP_Q(1.0.0),11,7,Q,1990-Q1,0.2,,,,
ABS:ERP_COMP_Q(1.0.0),11,7,Q,1990-Q2,0.2,,,,
ABS:ERP_COMP_Q(1.0.0),11,7,Q,1990-Q3,0.3,,,,
ABS:ERP_COMP_Q(1.0.0),11,7,Q,1990-Q4,0.1,,,,
ABS:ERP_COMP_Q(1.0.0),11,7,Q,1991-Q1,0.2,,,,
ABS:ERP_COMP_Q(1.0.0),11,7,Q,1991-Q2,0.1,,,,
ABS:ERP_COMP_Q(1.0.0),11,7,Q,1991-Q3,0.2,,,,
ABS:ERP_COMP_Q(1.0.0),11,7,Q,1991-Q4,-0.1,,,,
ABS:ERP_COMP_Q(1.0.0),11,7,Q,1992-Q1,0.2,,,,
ABS:ERP_COMP_Q(1.0.0),11,7,Q,1992-Q2,0,,,,
ABS:ERP_COMP_Q(1.0.0),11,7,Q,1992-Q3,0.1,,,,
ABS:ERP_COMP_Q(1.0.0),11,7,Q,1992-Q4,0,,,,
ABS:ERP_COMP_Q(1.0.0),11,7,Q,1993-Q1,0.1,,,,
ABS:ERP_COMP_Q(1.0.0),11,7,Q,1993-Q2,0,,,,
ABS:ERP_COMP_Q(1.0.0),11,7,Q,1993-Q3,0.1,,,,
ABS:ERP_COMP_Q(1.0.0),11,7,Q,1993-Q4,0,,,,
ABS:ERP_COMP_Q(1.0.0),11,7,Q,1994-Q1,0.1,,,,
ABS:ERP_COMP_Q(1.0.0),11,7,Q,1994-Q2,0.1,,,,
ABS:ERP_COMP_Q(1.0.0),11,7,Q,1994-Q3,0.2,,,,
ABS:ERP_COMP_Q(1.0.0),11,7,Q,1994-Q4,0,,,,
ABS:ERP_COMP_Q(1.0.0),11,7,Q,1995-Q1,0.2,,,,
ABS:ERP_COMP_Q(1.0.0),11,7,Q,1995-Q2,0.1,,,,
ABS:ERP_COMP_Q(1.0.0),11,7,Q,1995-Q3,0.2,,,,
ABS:ERP_COMP_Q(1.0.0),11,7,Q,1995-Q4,0.1,,,,
ABS:ERP_COMP_Q(1.0.0),11,7,Q,1996-Q1,0.2,,,,
ABS:ERP_COMP_Q(1.0.0),11,7,Q,1996-Q2,0.1,,,,
ABS:ERP_COMP_Q(1.0.0),11,7,Q,1996-Q3,0.3,,,,
ABS:ERP_COMP_Q(1.0.0),11,7,Q,1996-Q4,0.1,,,,
ABS:ERP_COMP_Q(1.0.0),11,7,Q,1997-Q1,0.2,,,,
ABS:ERP_COMP_Q(1.0.0),11,7,Q,1997-Q2,0.1,,,,
ABS:ERP_COMP_Q(1.0.0),11,7,Q,1997-Q3,0.3,,,,
ABS:ERP_COMP_Q(1.0.0),11,7,Q,1997-Q4,0,,,,
ABS:ERP_COMP_Q(1.0.0),11,7,Q,1998-Q1,0.2,,,,
ABS:ERP_COMP_Q(1.0.0),11,7,Q,1998-Q2,0.1,,,,
ABS:ERP_COMP_Q(1.0.0),11,7,Q,1998-Q3,0.2,,,,
ABS:ERP_COMP_Q(1.0.0),11,7,Q,1998-Q4,0.4,,,,
ABS:ERP_COMP_Q(1.0.0),11,7,Q,1999-Q1,0.2,,,,
ABS:ERP_COMP_Q(1.0.0),11,7,Q,1999-Q2,0.2,,,,
ABS:ERP_COMP_Q(1.0.0),11,7,Q,1999-Q3,0.4,,,,
ABS:ERP_COMP_Q(1.0.0),11,7,Q,1999-Q4,0.2,,,,
ABS:ERP_COMP_Q(1.0.0),11,7,Q,2000-Q1,0.2,,,,
ABS:ERP_COMP_Q(1.0.0),11,7,Q,2000-Q2,0.2,,,,
ABS:ERP_COMP_Q(1.0.0),11,7,Q,2000-Q3,0.3,,,,
ABS:ERP_COMP_Q(1.0.0),11,7,Q,2000-Q4,0.1,,,,
ABS:ERP_COMP_Q(1.0.0),11,7,Q,2001-Q1,0.2,,,,
ABS:ERP_COMP_Q(1.0.0),11,7,Q,2001-Q2,0.3,,,,
ABS:ERP_COMP_Q(1.0.0),11,7,Q,2001-Q3,0.1,,,,
ABS:ERP_COMP_Q(1.0.0),11,7,Q,2001-Q4,-0.1,,,,
ABS:ERP_COMP_Q(1.0.0),11,7,Q,2002-Q1,0.1,,,,
ABS:ERP_COMP_Q(1.0.0),11,7,Q,2002-Q2,0.1,,,,
ABS:ERP_COMP_Q(1.0.0),11,7,Q,2002-Q3,0.1,,,,
ABS:ERP_COMP_Q(1.0.0),11,7,Q,2002-Q4,0,,,,
ABS:ERP_COMP_Q(1.0.0),11,7,Q,2003-Q1,0.2,,,,
ABS:ERP_COMP_Q(1.0.0),11,7,Q,2003-Q2,0.1,,,,
ABS:ERP_COMP_Q(1.0.0),11,7,Q,2003-Q3,0.3,,,,
ABS:ERP_COMP_Q(1.0.0),11,7,Q,2003-Q4,0.1,,,,
ABS:ERP_COMP_Q(1.0.0),11,7,Q,2004-Q1,0.3,,,,
ABS:ERP_COMP_Q(1.0.0),11,7,Q,2004-Q2,0.2,,,,
ABS:ERP_COMP_Q(1.0.0),11,7,Q,2004-Q3,0.3,,,,
ABS:ERP_COMP_Q(1.0.0),11,7,Q,2004-Q4,0.1,,,,
ABS:ERP_COMP_Q(1.0.0),11,7,Q,2005-Q1,0.2,,,,
ABS:ERP_COMP_Q(1.0.0),11,7,Q,2005-Q2,0.2,,,,
ABS:ERP_COMP_Q(1.0.0),11,7,Q,2005-Q3,0.3,,,,
ABS:ERP_COMP_Q(1.0.0),11,7,Q,2005-Q4,0.2,,,,
ABS:ERP_COMP_Q(1.0.0),11,7,Q,2006-Q1,0.4,,,,
ABS:ERP_COMP_Q(1.0.0),11,7,Q,2006-Q2,0.4,,,,
ABS:ERP_COMP_Q(1.0.0),11,7,Q,2006-Q3,0.2,,,,
ABS:ERP_COMP_Q(1.0.0),11,7,Q,2006-Q4,0,,,,
ABS:ERP_COMP_Q(1.0.0),11,7,Q,2007-Q1,0.5,,,,
ABS:ERP_COMP_Q(1.0.0),11,7,Q,2007-Q2,0.4,,,,
ABS:ERP_COMP_Q(1.0.0),11,7,Q,2007-Q3,0.3,,,,
ABS:ERP_COMP_Q(1.0.0),11,7,Q,2007-Q4,0.2,,,,
ABS:ERP_COMP_Q(1.0.0),11,7,Q,2008-Q1,0.5,,,,
ABS:ERP_COMP_Q(1.0.0),11,7,Q,2008-Q2,0.7,,,,
ABS:ERP_COMP_Q(1.0.0),11,7,Q,2008-Q3,0.5,,,,
ABS:ERP_COMP_Q(1.0.0),11,7,Q,2008-Q4,0.3,,,,
ABS:ERP_COMP_Q(1.0.0),11,7,Q,2009-Q1,0.4,,,,
ABS:ERP_COMP_Q(1.0.0),11,7,Q,2009-Q2,0.8,,,,
ABS:ERP_COMP_Q(1.0.0),11,7,Q,2009-Q3,0.4,,,,
ABS:ERP_COMP_Q(1.0.0),11,7,Q,2009-Q4,0,,,,
ABS:ERP_COMP_Q(1.0.0),11,7,Q,2010-Q1,0.3,,,,
ABS:ERP_COMP_Q(1.0.0),11,7,Q,2010-Q2,0.5,,,,
ABS:ERP_COMP_Q(1.0.0),11,7,Q,2010-Q3,0.2,,,,
ABS:ERP_COMP_Q(1.0.0),11,7,Q,2010-Q4,0,,,,
ABS:ERP_COMP_Q(1.0.0),11,7,Q,2011-Q1,0.3,,,,
ABS:ERP_COMP_Q(1.0.0),11,7,Q,2011-Q2,0.6,,,,
ABS:ERP_COMP_Q(1.0.0),11,7,Q,2011-Q3,0.8,,,,
ABS:ERP_COMP_Q(1.0.0),11,7,Q,2011-Q4,0.5,,,,
ABS:ERP_COMP_Q(1.0.0),11,7,Q,2012-Q1,1.1,,,,
ABS:ERP_COMP_Q(1.0.0),11,7,Q,2012-Q2,1,,,,
ABS:ERP_COMP_Q(1.0.0),11,7,Q,2012-Q3,1.1,,,,
ABS:ERP_COMP_Q(1.0.0),11,7,Q,2012-Q4,0.9,,,,
ABS:ERP_COMP_Q(1.0.0),11,7,Q,2013-Q1,1.2,,,,
ABS:ERP_COMP_Q(1.0.0),11,7,Q,2013-Q2,1.1,,,,
ABS:ERP_COMP_Q(1.0.0),11,7,Q,2013-Q3,0.4,,,,
ABS:ERP_COMP_Q(1.0.0),11,7,Q,2013-Q4,0.5,,,,
ABS:ERP_COMP_Q(1.0.0),11,7,Q,2014-Q1,0.6,,,,
ABS:ERP_COMP_Q(1.0.0),11,7,Q,2014-Q2,0.2,,,,
ABS:ERP_COMP_Q(1.0.0),11,7,Q,2014-Q3,0.2,,,,
ABS:ERP_COMP_Q(1.0.0),11,7,Q,2014-Q4,0,,,,
ABS:ERP_COMP_Q(1.0.0),11,7,Q,2015-Q1,0.7,,,,
ABS:ERP_COMP_Q(1.0.0),11,7,Q,2015-Q2,1.4,,,,
ABS:ERP_COMP_Q(1.0.0),11,7,Q,2015-Q3,-0.3,,,,
ABS:ERP_COMP_Q(1.0.0),11,7,Q,2015-Q4,-0.3,,,,
ABS:ERP_COMP_Q(1.0.0),11,7,Q,2016-Q1,0.6,,,,
ABS:ERP_COMP_Q(1.0.0),11,7,Q,2016-Q2,1,,,,
ABS:ERP_COMP_Q(1.0.0),11,7,Q,2016-Q3,0.6,,,,
ABS:ERP_COMP_Q(1.0.0),11,7,Q,2016-Q4,-0.1,,,,
ABS:ERP_COMP_Q(1.0.0),11,7,Q,2017-Q1,0.4,,,,
ABS:ERP_COMP_Q(1.0.0),11,7,Q,2017-Q2,0.9,,,,
ABS:ERP_COMP_Q(1.0.0),11,7,Q,2017-Q3,0.1,,,,
ABS:ERP_COMP_Q(1.0.0),11,7,Q,2017-Q4,-0.2,,,,
ABS:ERP_COMP_Q(1.0.0),11,7,Q,2018-Q1,0.3,,,,
ABS:ERP_COMP_Q(1.0.0),11,7,Q,2018-Q2,0.6,,,,
ABS:ERP_COMP_Q(1.0.0),11,7,Q,2018-Q3,0.1,,,,
ABS:ERP_COMP_Q(1.0.0),11,7,Q,2018-Q4,-0.4,,,,
ABS:ERP_COMP_Q(1.0.0),11,7,Q,2019-Q1,0.6,,,,
ABS:ERP_COMP_Q(1.0.0),11,7,Q,2019-Q2,0.7,,,,
ABS:ERP_COMP_Q(1.0.0),11,7,Q,2019-Q3,0,,,,
ABS:ERP_COMP_Q(1.0.0),11,7,Q,2019-Q4,-0.3,,,,
ABS:ERP_COMP_Q(1.0.0),11,7,Q,2020-Q1,0.6,,,,
ABS:ERP_COMP_Q(1.0.0),11,7,Q,2020-Q2,-0.1,,,,
ABS:ERP_COMP_Q(1.0.0),11,7,Q,2020-Q3,-0.2,,,,
ABS:ERP_COMP_Q(1.0.0),11,7,Q,2020-Q4,-0.3,,,,
ABS:ERP_COMP_Q(1.0.0),11,7,Q,2021-Q1,0,,,,
ABS:ERP_COMP_Q(1.0.0),11,7,Q,2021-Q2,0,,,,
ABS:ERP_COMP_Q(1.0.0),11,7,Q,2021-Q3,0.6,,,,
ABS:ERP_COMP_Q(1.0.0),11,7,Q,2021-Q4,0.6,,,,
ABS:ERP_COMP_Q(1.0.0),11,7,Q,2022-Q1,1,,,,
ABS:ERP_COMP_Q(1.0.0),11,7,Q,2022-Q2,0.6,,,,
ABS:ERP_COMP_Q(1.0.0),11,7,Q,2022-Q3,1.1,,,,
ABS:ERP_COMP_Q(1.0.0),11,7,Q,2022-Q4,0.9,,,,
ABS:ERP_COMP_Q(1.0.0),11,7,Q,2023-Q1,1.3,,,,
ABS:ERP_COMP_Q(1.0.0),11,7,Q,2023-Q2,1.2,,,,
ABS:ERP_COMP_Q(1.0.0),11,7,Q,2023-Q3,1.1,,,,
ABS:ERP_COMP_Q(1.0.0),11,7,Q,2023-Q4,0.9,,,,
ABS:ERP_COMP_Q(1.0.0),11,7,Q,2024-Q1,1,,,,
ABS:ERP_COMP_Q(1.0.0),11,7,Q,2024-Q2,0.8,,,,
ABS:ERP_COMP_Q(1.0.0),11,7,Q,2024-Q3,0.9,,,,
ABS:ERP_COMP_Q(1.0.0),11,7,Q,2024-Q4,0.9,,,,
ABS:ERP_COMP_Q(1.0.0),11,7,Q,2025-Q1,1.2,,,,
ABS:ERP_COMP_Q(1.0.0),11,7,Q,2025-Q2,0.8,,,,
ABS:ERP_COMP_Q(1.0.0),11,7,Q,2025-Q3,1,,,,
ABS:ERP_COMP_Q(1.0.0),11,7,Q,2025-Q4,0.5,,,,
ABS:ERP_COMP_Q(1.0.0),12,4,Q,1981-Q2,-0.3,,,,
ABS:ERP_COMP_Q(1.0.0),12,4,Q,1981-Q3,0.2,,,,
ABS:ERP_COMP_Q(1.0.0),12,4,Q,1981-Q4,0,,,,
ABS:ERP_COMP_Q(1.0.0),12,4,Q,1982-Q1,-0.1,,,,
ABS:ERP_COMP_Q(1.0.0),12,4,Q,1982-Q2,0.2,,,,
ABS:ERP_COMP_Q(1.0.0),12,4,Q,1982-Q3,0.2,,,,
ABS:ERP_COMP_Q(1.0.0),12,4,Q,1982-Q4,-0.4,,,,
ABS:ERP_COMP_Q(1.0.0),12,4,Q,1983-Q1,0.1,,,,
ABS:ERP_COMP_Q(1.0.0),12,4,Q,1983-Q2,-0.1,,,,
ABS:ERP_COMP_Q(1.0.0),12,4,Q,1983-Q3,0.2,,,,
ABS:ERP_COMP_Q(1.0.0),12,4,Q,1983-Q4,-0.1,,,,
ABS:ERP_COMP_Q(1.0.0),12,4,Q,1984-Q1,-0.2,,,,
ABS:ERP_COMP_Q(1.0.0),12,4,Q,1984-Q2,0.3,,,,
ABS:ERP_COMP_Q(1.0.0),12,4,Q,1984-Q3,0.2,,,,
ABS:ERP_COMP_Q(1.0.0),12,4,Q,1984-Q4,-0.1,,,,
ABS:ERP_COMP_Q(1.0.0),12,4,Q,1985-Q1,0.1,,,,
ABS:ERP_COMP_Q(1.0.0),12,4,Q,1985-Q2,0.1,,,,
ABS:ERP_COMP_Q(1.0.0),12,4,Q,1985-Q3,0.2,,,,
ABS:ERP_COMP_Q(1.0.0),12,4,Q,1985-Q4,0.1,,,,
ABS:ERP_COMP_Q(1.0.0),12,4,Q,1986-Q1,-0.1,,,,
ABS:ERP_COMP_Q(1.0.0),12,4,Q,1986-Q2,0.1,,,,
ABS:ERP_COMP_Q(1.0.0),12,4,Q,1986-Q3,0.2,,,,
ABS:ERP_COMP_Q(1.0.0),12,4,Q,1986-Q4,0.1,,,,
ABS:ERP_COMP_Q(1.0.0),12,4,Q,1987-Q1,0.3,,,,
ABS:ERP_COMP_Q(1.0.0),12,4,Q,1987-Q2,0.2,,,,
ABS:ERP_COMP_Q(1.0.0),12,4,Q,1987-Q3,0.3,,,,
ABS:ERP_COMP_Q(1.0.0),12,4,Q,1987-Q4,-0.2,,,,
ABS:ERP_COMP_Q(1.0.0),12,4,Q,1988-Q1,0.3,,,,
ABS:ERP_COMP_Q(1.0.0),12,4,Q,1988-Q2,-0.1,,,,
ABS:ERP_COMP_Q(1.0.0),12,4,Q,1988-Q3,0.8,,,,
ABS:ERP_COMP_Q(1.0.0),12,4,Q,1988-Q4,0.2,,,,
ABS:ERP_COMP_Q(1.0.0),12,4,Q,1989-Q1,0.4,,,,
ABS:ERP_COMP_Q(1.0.0),12,4,Q,1989-Q2,-0.3,,,,
ABS:ERP_COMP_Q(1.0.0),12,4,Q,1989-Q3,0.2,,,,
ABS:ERP_COMP_Q(1.0.0),12,4,Q,1989-Q4,0.3,,,,
ABS:ERP_COMP_Q(1.0.0),12,4,Q,1990-Q1,0.3,,,,
ABS:ERP_COMP_Q(1.0.0),12,4,Q,1990-Q2,0.2,,,,
ABS:ERP_COMP_Q(1.0.0),12,4,Q,1990-Q3,-0.1,,,,
ABS:ERP_COMP_Q(1.0.0),12,4,Q,1990-Q4,-0.4,,,,
ABS:ERP_COMP_Q(1.0.0),12,4,Q,1991-Q1,0.2,,,,
ABS:ERP_COMP_Q(1.0.0),12,4,Q,1991-Q2,-0.2,,,,
ABS:ERP_COMP_Q(1.0.0),12,4,Q,1991-Q3,0,,,,
ABS:ERP_COMP_Q(1.0.0),12,4,Q,1991-Q4,-0.6,,,,
ABS:ERP_COMP_Q(1.0.0),12,4,Q,1992-Q1,0,,,,
ABS:ERP_COMP_Q(1.0.0),12,4,Q,1992-Q2,-0.3,,,,
ABS:ERP_COMP_Q(1.0.0),12,4,Q,1992-Q3,-0.2,,,,
ABS:ERP_COMP_Q(1.0.0),12,4,Q,1992-Q4,-0.6,,,,
ABS:ERP_COMP_Q(1.0.0),12,4,Q,1993-Q1,-0.1,,,,
ABS:ERP_COMP_Q(1.0.0),12,4,Q,1993-Q2,-0.6,,,,
ABS:ERP_COMP_Q(1.0.0),12,4,Q,1993-Q3,0.1,,,,
ABS:ERP_COMP_Q(1.0.0),12,4,Q,1993-Q4,-0.4,,,,
ABS:ERP_COMP_Q(1.0.0),12,4,Q,1994-Q1,-0.3,,,,
ABS:ERP_COMP_Q(1.0.0),12,4,Q,1994-Q2,-0.3,,,,
ABS:ERP_COMP_Q(1.0.0),12,4,Q,1994-Q3,0.2,,,,
ABS:ERP_COMP_Q(1.0.0),12,4,Q,1994-Q4,-0.7,,,,
ABS:ERP_COMP_Q(1.0.0),12,4,Q,1995-Q1,-0.4,,,,
ABS:ERP_COMP_Q(1.0.0),12,4,Q,1995-Q2,0.3,,,,
ABS:ERP_COMP_Q(1.0.0),12,4,Q,1995-Q3,0,,,,
ABS:ERP_COMP_Q(1.0.0),12,4,Q,1995-Q4,0.2,,,,
ABS:ERP_COMP_Q(1.0.0),12,4,Q,1996-Q1,-0.7,,,,
ABS:ERP_COMP_Q(1.0.0),12,4,Q,1996-Q2,0.2,,,,
ABS:ERP_COMP_Q(1.0.0),12,4,Q,1996-Q3,0.2,,,,
ABS:ERP_COMP_Q(1.0.0),12,4,Q,1996-Q4,0,,,,
ABS:ERP_COMP_Q(1.0.0),12,4,Q,1997-Q1,-0.3,,,,
ABS:ERP_COMP_Q(1.0.0),12,4,Q,1997-Q2,-0.2,,,,
ABS:ERP_COMP_Q(1.0.0),12,4,Q,1997-Q3,0,,,,
ABS:ERP_COMP_Q(1.0.0),12,4,Q,1997-Q4,0,,,,
ABS:ERP_COMP_Q(1.0.0),12,4,Q,1998-Q1,0,,,,
ABS:ERP_COMP_Q(1.0.0),12,4,Q,1998-Q2,0,,,,
ABS:ERP_COMP_Q(1.0.0),12,4,Q,1998-Q3,0,,,,
ABS:ERP_COMP_Q(1.0.0),12,4,Q,1998-Q4,0,,,,
ABS:ERP_COMP_Q(1.0.0),12,4,Q,1999-Q1,0,,,,
ABS:ERP_COMP_Q(1.0.0),12,4,Q,1999-Q2,0,,,,
ABS:ERP_COMP_Q(1.0.0),12,4,Q,1999-Q3,0,,,,
ABS:ERP_COMP_Q(1.0.0),12,4,Q,1999-Q4,0,,,,
ABS:ERP_COMP_Q(1.0.0),12,4,Q,2000-Q1,0,,,,
ABS:ERP_COMP_Q(1.0.0),12,4,Q,2000-Q2,0,,,,
ABS:ERP_COMP_Q(1.0.0),12,4,Q,2000-Q3,0,,,,
ABS:ERP_COMP_Q(1.0.0),12,4,Q,2000-Q4,0,,,,
ABS:ERP_COMP_Q(1.0.0),12,4,Q,2001-Q1,0,,,,
ABS:ERP_COMP_Q(1.0.0),12,4,Q,2001-Q2,0,,,,
ABS:ERP_COMP_Q(1.0.0),12,4,Q,2001-Q3,-0.6,,,,
ABS:ERP_COMP_Q(1.0.0),12,4,Q,2001-Q4,0.3,,,,
ABS:ERP_COMP_Q(1.0.0),12,4,Q,2002-Q1,-1.2,,,,
ABS:ERP_COMP_Q(1.0.0),12,4,Q,2002-Q2,-0.2,,,,
ABS:ERP_COMP_Q(1.0.0),12,4,Q,2002-Q3,-0.6,,,,
ABS:ERP_COMP_Q(1.0.0),12,4,Q,2002-Q4,0.2,,,,
ABS:ERP_COMP_Q(1.0.0),12,4,Q,2003-Q1,-1.3,,,,
ABS:ERP_COMP_Q(1.0.0),12,4,Q,2003-Q2,-0.3,,,,
ABS:ERP_COMP_Q(1.0.0),12,4,Q,2003-Q3,-1,,,,
ABS:ERP_COMP_Q(1.0.0),12,4,Q,2003-Q4,-0.1,,,,
ABS:ERP_COMP_Q(1.0.0),12,4,Q,2004-Q1,-1.9,,,,
ABS:ERP_COMP_Q(1.0.0),12,4,Q,2004-Q2,-0.4,,,,
ABS:ERP_COMP_Q(1.0.0),12,4,Q,2004-Q3,-0.9,,,,
ABS:ERP_COMP_Q(1.0.0),12,4,Q,2004-Q4,-0.1,,,,
ABS:ERP_COMP_Q(1.0.0),12,4,Q,2005-Q1,-1.5,,,,
ABS:ERP_COMP_Q(1.0.0),12,4,Q,2005-Q2,-0.7,,,,
ABS:ERP_COMP_Q(1.0.0),12,4,Q,2005-Q3,-0.8,,,,
ABS:ERP_COMP_Q(1.0.0),12,4,Q,2005-Q4,-0.2,,,,
ABS:ERP_COMP_Q(1.0.0),12,4,Q,2006-Q1,-1.6,,,,
ABS:ERP_COMP_Q(1.0.0),12,4,Q,2006-Q2,-0.6,,,,
ABS:ERP_COMP_Q(1.0.0),12,4,Q,2006-Q3,0,,,,
ABS:ERP_COMP_Q(1.0.0),12,4,Q,2006-Q4,0,,,,
ABS:ERP_COMP_Q(1.0.0),12,4,Q,2007-Q1,0,,,,
ABS:ERP_COMP_Q(1.0.0),12,4,Q,2007-Q2,0,,,,
ABS:ERP_COMP_Q(1.0.0),12,4,Q,2007-Q3,0,,,,
ABS:ERP_COMP_Q(1.0.0),12,4,Q,2007-Q4,0,,,,
ABS:ERP_COMP_Q(1.0.0),12,4,Q,2008-Q1,0,,,,
ABS:ERP_COMP_Q(1.0.0),12,4,Q,2008-Q2,0,,,,
ABS:ERP_COMP_Q(1.0.0),12,4,Q,2008-Q3,0,,,,
ABS:ERP_COMP_Q(1.0.0),12,4,Q,2008-Q4,0,,,,
ABS:ERP_COMP_Q(1.0.0),12,4,Q,2009-Q1,0,,,,
ABS:ERP_COMP_Q(1.0.0),12,4,Q,2009-Q2,0,,,,
ABS:ERP_COMP_Q(1.0.0),12,4,Q,2009-Q3,0,,,,
ABS:ERP_COMP_Q(1.0.0),12,4,Q,2009-Q4,0,,,,
ABS:ERP_COMP_Q(1.0.0),12,4,Q,2010-Q1,0,,,,
ABS:ERP_COMP_Q(1.0.0),12,4,Q,2010-Q2,0,,,,
ABS:ERP_COMP_Q(1.0.0),12,4,Q,2010-Q3,0,,,,
ABS:ERP_COMP_Q(1.0.0),12,4,Q,2010-Q4,0,,,,
ABS:ERP_COMP_Q(1.0.0),12,4,Q,2011-Q1,0,,,,
ABS:ERP_COMP_Q(1.0.0),12,4,Q,2011-Q2,0,,,,
ABS:ERP_COMP_Q(1.0.0),12,4,Q,2011-Q3,0,,,,
ABS:ERP_COMP_Q(1.0.0),12,4,Q,2011-Q4,0,,,,
ABS:ERP_COMP_Q(1.0.0),12,4,Q,2012-Q1,0,,,,
ABS:ERP_COMP_Q(1.0.0),12,4,Q,2012-Q2,0,,,,
ABS:ERP_COMP_Q(1.0.0),12,4,Q,2012-Q3,0,,,,
ABS:ERP_COMP_Q(1.0.0),12,4,Q,2012-Q4,0,,,,
ABS:ERP_COMP_Q(1.0.0),12,4,Q,2013-Q1,0,,,,
ABS:ERP_COMP_Q(1.0.0),12,4,Q,2013-Q2,0,,,,
ABS:ERP_COMP_Q(1.0.0),12,4,Q,2013-Q3,0,,,,
ABS:ERP_COMP_Q(1.0.0),12,4,Q,2013-Q4,0,,,,
ABS:ERP_COMP_Q(1.0.0),12,4,Q,2014-Q1,0,,,,
ABS:ERP_COMP_Q(1.0.0),12,4,Q,2014-Q2,0,,,,
ABS:ERP_COMP_Q(1.0.0),12,4,Q,2014-Q3,0,,,,
ABS:ERP_COMP_Q(1.0.0),12,4,Q,2014-Q4,0,,,,
ABS:ERP_COMP_Q(1.0.0),12,4,Q,2015-Q1,0,,,,
ABS:ERP_COMP_Q(1.0.0),12,4,Q,2015-Q2,0,,,,
ABS:ERP_COMP_Q(1.0.0),12,4,Q,2015-Q3,0,,,,
ABS:ERP_COMP_Q(1.0.0),12,4,Q,2015-Q4,0,,,,
ABS:ERP_COMP_Q(1.0.0),12,4,Q,2016-Q1,0,,,,
ABS:ERP_COMP_Q(1.0.0),12,4,Q,2016-Q2,0,,,,
ABS:ERP_COMP_Q(1.0.0),12,4,Q,2016-Q3,0,,,,
ABS:ERP_COMP_Q(1.0.0),12,4,Q,2016-Q4,0,,,,
ABS:ERP_COMP_Q(1.0.0),12,4,Q,2017-Q1,0,,,,
ABS:ERP_COMP_Q(1.0.0),12,4,Q,2017-Q2,0,,,,
ABS:ERP_COMP_Q(1.0.0),12,4,Q,2017-Q3,0,,,,
ABS:ERP_COMP_Q(1.0.0),12,4,Q,2017-Q4,0,,,,
ABS:ERP_COMP_Q(1.0.0),12,4,Q,2018-Q1,0,,,,
ABS:ERP_COMP_Q(1.0.0),12,4,Q,2018-Q2,0,,,,
ABS:ERP_COMP_Q(1.0.0),12,4,Q,2018-Q3,0,,,,
ABS:ERP_COMP_Q(1.0.0),12,4,Q,2018-Q4,0,,,,
ABS:ERP_COMP_Q(1.0.0),12,4,Q,2019-Q1,0,,,,
ABS:ERP_COMP_Q(1.0.0),12,4,Q,2019-Q2,0,,,,
ABS:ERP_COMP_Q(1.0.0),12,4,Q,2019-Q3,0,,,,
ABS:ERP_COMP_Q(1.0.0),12,4,Q,2019-Q4,0,,,,
ABS:ERP_COMP_Q(1.0.0),12,4,Q,2020-Q1,0,,,,
ABS:ERP_COMP_Q(1.0.0),12,4,Q,2020-Q2,0,,,,
ABS:ERP_COMP_Q(1.0.0),12,4,Q,2020-Q3,0,,,,
ABS:ERP_COMP_Q(1.0.0),12,4,Q,2020-Q4,0,,,,
ABS:ERP_COMP_Q(1.0.0),12,4,Q,2021-Q1,0,,,,
ABS:ERP_COMP_Q(1.0.0),12,4,Q,2021-Q2,0,,,,
ABS:ERP_COMP_Q(1.0.0),12,4,Q,2021-Q3,0,,,,
ABS:ERP_COMP_Q(1.0.0),12,4,Q,2021-Q4,0,,,,
ABS:ERP_COMP_Q(1.0.0),12,4,Q,2022-Q1,0,,,,
ABS:ERP_COMP_Q(1.0.0),12,4,Q,2022-Q2,0,,,,
ABS:ERP_COMP_Q(1.0.0),12,4,Q,2022-Q3,0,,,,
ABS:ERP_COMP_Q(1.0.0),12,4,Q,2022-Q4,0,,,,
ABS:ERP_COMP_Q(1.0.0),12,4,Q,2023-Q1,0,,,,
ABS:ERP_COMP_Q(1.0.0),12,4,Q,2023-Q2,0,,,,
ABS:ERP_COMP_Q(1.0.0),12,4,Q,2023-Q3,0,,,,
ABS:ERP_COMP_Q(1.0.0),12,4,Q,2023-Q4,0,,,,
ABS:ERP_COMP_Q(1.0.0),12,4,Q,2024-Q1,0,,,,
ABS:ERP_COMP_Q(1.0.0),12,4,Q,2024-Q2,0,,,,
ABS:ERP_COMP_Q(1.0.0),12,4,Q,2024-Q3,0,,,,
ABS:ERP_COMP_Q(1.0.0),12,4,Q,2024-Q4,0,,,,
ABS:ERP_COMP_Q(1.0.0),12,4,Q,2025-Q1,0,,,,
ABS:ERP_COMP_Q(1.0.0),12,4,Q,2025-Q2,0,,,,
ABS:ERP_COMP_Q(1.0.0),12,4,Q,2025-Q3,0,,,,
ABS:ERP_COMP_Q(1.0.0),12,4,Q,2025-Q4,0,,,,
ABS:ERP_COMP_Q(1.0.0),8,2,Q,1981-Q2,4.4,,,,
ABS:ERP_COMP_Q(1.0.0),8,2,Q,1981-Q3,4.4,,,,
ABS:ERP_COMP_Q(1.0.0),8,2,Q,1981-Q4,4.8,,,,
ABS:ERP_COMP_Q(1.0.0),8,2,Q,1982-Q1,6.1,,,,
ABS:ERP_COMP_Q(1.0.0),8,2,Q,1982-Q2,4.7,,,,
ABS:ERP_COMP_Q(1.0.0),8,2,Q,1982-Q3,4.6,,,,
ABS:ERP_COMP_Q(1.0.0),8,2,Q,1982-Q4,5.1,,,,
ABS:ERP_COMP_Q(1.0.0),8,2,Q,1983-Q1,6.5,,,,
ABS:ERP_COMP_Q(1.0.0),8,2,Q,1983-Q2,4.9,,,,
ABS:ERP_COMP_Q(1.0.0),8,2,Q,1983-Q3,5.5,,,,
ABS:ERP_COMP_Q(1.0.0),8,2,Q,1983-Q4,5.6,,,,
ABS:ERP_COMP_Q(1.0.0),8,2,Q,1984-Q1,6.2,,,,
ABS:ERP_COMP_Q(1.0.0),8,2,Q,1984-Q2,5.4,,,,
ABS:ERP_COMP_Q(1.0.0),8,2,Q,1984-Q3,5,,,,
ABS:ERP_COMP_Q(1.0.0),8,2,Q,1984-Q4,5.4,,,,
ABS:ERP_COMP_Q(1.0.0),8,2,Q,1985-Q1,6.1,,,,
ABS:ERP_COMP_Q(1.0.0),8,2,Q,1985-Q2,5.5,,,,
ABS:ERP_COMP_Q(1.0.0),8,2,Q,1985-Q3,4.9,,,,
ABS:ERP_COMP_Q(1.0.0),8,2,Q,1985-Q4,5.4,,,,
ABS:ERP_COMP_Q(1.0.0),8,2,Q,1986-Q1,6.3,,,,
ABS:ERP_COMP_Q(1.0.0),8,2,Q,1986-Q2,5.3,,,,
ABS:ERP_COMP_Q(1.0.0),8,2,Q,1986-Q3,5,,,,
ABS:ERP_COMP_Q(1.0.0),8,2,Q,1986-Q4,5.2,,,,
ABS:ERP_COMP_Q(1.0.0),8,2,Q,1987-Q1,6.4,,,,
ABS:ERP_COMP_Q(1.0.0),8,2,Q,1987-Q2,5.3,,,,
ABS:ERP_COMP_Q(1.0.0),8,2,Q,1987-Q3,5.1,,,,
ABS:ERP_COMP_Q(1.0.0),8,2,Q,1987-Q4,5.6,,,,
ABS:ERP_COMP_Q(1.0.0),8,2,Q,1988-Q1,6.4,,,,
ABS:ERP_COMP_Q(1.0.0),8,2,Q,1988-Q2,5.7,,,,
ABS:ERP_COMP_Q(1.0.0),8,2,Q,1988-Q3,5.5,,,,
ABS:ERP_COMP_Q(1.0.0),8,2,Q,1988-Q4,5.8,,,,
ABS:ERP_COMP_Q(1.0.0),8,2,Q,1989-Q1,7.5,,,,
ABS:ERP_COMP_Q(1.0.0),8,2,Q,1989-Q2,6.3,,,,
ABS:ERP_COMP_Q(1.0.0),8,2,Q,1989-Q3,6.4,,,,
ABS:ERP_COMP_Q(1.0.0),8,2,Q,1989-Q4,7.2,,,,
ABS:ERP_COMP_Q(1.0.0),8,2,Q,1990-Q1,8.1,,,,
ABS:ERP_COMP_Q(1.0.0),8,2,Q,1990-Q2,7.4,,,,
ABS:ERP_COMP_Q(1.0.0),8,2,Q,1990-Q3,7.7,,,,
ABS:ERP_COMP_Q(1.0.0),8,2,Q,1990-Q4,8.8,,,,
ABS:ERP_COMP_Q(1.0.0),8,2,Q,1991-Q1,9.4,,,,
ABS:ERP_COMP_Q(1.0.0),8,2,Q,1991-Q2,7.6,,,,
ABS:ERP_COMP_Q(1.0.0),8,2,Q,1991-Q3,8.1,,,,
ABS:ERP_COMP_Q(1.0.0),8,2,Q,1991-Q4,9.1,,,,
ABS:ERP_COMP_Q(1.0.0),8,2,Q,1992-Q1,9.5,,,,
ABS:ERP_COMP_Q(1.0.0),8,2,Q,1992-Q2,7.6,,,,
ABS:ERP_COMP_Q(1.0.0),8,2,Q,1992-Q3,7.5,,,,
ABS:ERP_COMP_Q(1.0.0),8,2,Q,1992-Q4,9,,,,
ABS:ERP_COMP_Q(1.0.0),8,2,Q,1993-Q1,9.1,,,,
ABS:ERP_COMP_Q(1.0.0),8,2,Q,1993-Q2,7.3,,,,
ABS:ERP_COMP_Q(1.0.0),8,2,Q,1993-Q3,7.5,,,,
ABS:ERP_COMP_Q(1.0.0),8,2,Q,1993-Q4,8.5,,,,
ABS:ERP_COMP_Q(1.0.0),8,2,Q,1994-Q1,8.6,,,,
ABS:ERP_COMP_Q(1.0.0),8,2,Q,1994-Q2,7,,,,
ABS:ERP_COMP_Q(1.0.0),8,2,Q,1994-Q3,7.5,,,,
ABS:ERP_COMP_Q(1.0.0),8,2,Q,1994-Q4,8.4,,,,
ABS:ERP_COMP_Q(1.0.0),8,2,Q,1995-Q1,9.2,,,,
ABS:ERP_COMP_Q(1.0.0),8,2,Q,1995-Q2,7.2,,,,
ABS:ERP_COMP_Q(1.0.0),8,2,Q,1995-Q3,7.6,,,,
ABS:ERP_COMP_Q(1.0.0),8,2,Q,1995-Q4,8.9,,,,
ABS:ERP_COMP_Q(1.0.0),8,2,Q,1996-Q1,9.9,,,,
ABS:ERP_COMP_Q(1.0.0),8,2,Q,1996-Q2,7.5,,,,
ABS:ERP_COMP_Q(1.0.0),8,2,Q,1996-Q3,8.1,,,,
ABS:ERP_COMP_Q(1.0.0),8,2,Q,1996-Q4,9.9,,,,
ABS:ERP_COMP_Q(1.0.0),8,2,Q,1997-Q1,10.6,,,,
ABS:ERP_COMP_Q(1.0.0),8,2,Q,1997-Q2,8.7,,,,
ABS:ERP_COMP_Q(1.0.0),8,2,Q,1997-Q3,9.2,,,,
ABS:ERP_COMP_Q(1.0.0),8,2,Q,1997-Q4,11.1,,,,
ABS:ERP_COMP_Q(1.0.0),8,2,Q,1998-Q1,11.2,,,,
ABS:ERP_COMP_Q(1.0.0),8,2,Q,1998-Q2,9.9,,,,
ABS:ERP_COMP_Q(1.0.0),8,2,Q,1998-Q3,9.1,,,,
ABS:ERP_COMP_Q(1.0.0),8,2,Q,1998-Q4,8.5,,,,
ABS:ERP_COMP_Q(1.0.0),8,2,Q,1999-Q1,11.6,,,,
ABS:ERP_COMP_Q(1.0.0),8,2,Q,1999-Q2,9.2,,,,
ABS:ERP_COMP_Q(1.0.0),8,2,Q,1999-Q3,9.6,,,,
ABS:ERP_COMP_Q(1.0.0),8,2,Q,1999-Q4,10.4,,,,
ABS:ERP_COMP_Q(1.0.0),8,2,Q,2000-Q1,12.7,,,,
ABS:ERP_COMP_Q(1.0.0),8,2,Q,2000-Q2,10,,,,
ABS:ERP_COMP_Q(1.0.0),8,2,Q,2000-Q3,10.1,,,,
ABS:ERP_COMP_Q(1.0.0),8,2,Q,2000-Q4,11.4,,,,
ABS:ERP_COMP_Q(1.0.0),8,2,Q,2001-Q1,13.7,,,,
ABS:ERP_COMP_Q(1.0.0),8,2,Q,2001-Q2,10.8,,,,
ABS:ERP_COMP_Q(1.0.0),8,2,Q,2001-Q3,11.5,,,,
ABS:ERP_COMP_Q(1.0.0),8,2,Q,2001-Q4,11.7,,,,
ABS:ERP_COMP_Q(1.0.0),8,2,Q,2002-Q1,14.6,,,,
ABS:ERP_COMP_Q(1.0.0),8,2,Q,2002-Q2,11.1,,,,
ABS:ERP_COMP_Q(1.0.0),8,2,Q,2002-Q3,11.9,,,,
ABS:ERP_COMP_Q(1.0.0),8,2,Q,2002-Q4,12.4,,,,
ABS:ERP_COMP_Q(1.0.0),8,2,Q,2003-Q1,14.6,,,,
ABS:ERP_COMP_Q(1.0.0),8,2,Q,2003-Q2,10.8,,,,
ABS:ERP_COMP_Q(1.0.0),8,2,Q,2003-Q3,11.7,,,,
ABS:ERP_COMP_Q(1.0.0),8,2,Q,2003-Q4,14.1,,,,
ABS:ERP_COMP_Q(1.0.0),8,2,Q,2004-Q1,15.7,,,,
ABS:ERP_COMP_Q(1.0.0),8,2,Q,2004-Q2,12.8,,,,
ABS:ERP_COMP_Q(1.0.0),8,2,Q,2004-Q3,12.4,,,,
ABS:ERP_COMP_Q(1.0.0),8,2,Q,2004-Q4,14.7,,,,
ABS:ERP_COMP_Q(1.0.0),8,2,Q,2005-Q1,16.5,,,,
ABS:ERP_COMP_Q(1.0.0),8,2,Q,2005-Q2,12.9,,,,
ABS:ERP_COMP_Q(1.0.0),8,2,Q,2005-Q3,12.7,,,,
ABS:ERP_COMP_Q(1.0.0),8,2,Q,2005-Q4,14.8,,,,
ABS:ERP_COMP_Q(1.0.0),8,2,Q,2006-Q1,16.9,,,,
ABS:ERP_COMP_Q(1.0.0),8,2,Q,2006-Q2,14.1,,,,
ABS:ERP_COMP_Q(1.0.0),8,2,Q,2006-Q3,11.7,,,,
ABS:ERP_COMP_Q(1.0.0),8,2,Q,2006-Q4,12.2,,,,
ABS:ERP_COMP_Q(1.0.0),8,2,Q,2007-Q1,11.3,,,,
ABS:ERP_COMP_Q(1.0.0),8,2,Q,2007-Q2,10.9,,,,
ABS:ERP_COMP_Q(1.0.0),8,2,Q,2007-Q3,12.7,,,,
ABS:ERP_COMP_Q(1.0.0),8,2,Q,2007-Q4,13.2,,,,
ABS:ERP_COMP_Q(1.0.0),8,2,Q,2008-Q1,12,,,,
ABS:ERP_COMP_Q(1.0.0),8,2,Q,2008-Q2,12,,,,
ABS:ERP_COMP_Q(1.0.0),8,2,Q,2008-Q3,12.4,,,,
ABS:ERP_COMP_Q(1.0.0),8,2,Q,2008-Q4,13.4,,,,
ABS:ERP_COMP_Q(1.0.0),8,2,Q,2009-Q1,11.8,,,,
ABS:ERP_COMP_Q(1.0.0),8,2,Q,2009-Q2,11.4,,,,
ABS:ERP_COMP_Q(1.0.0),8,2,Q,2009-Q3,13.6,,,,
ABS:ERP_COMP_Q(1.0.0),8,2,Q,2009-Q4,14.9,,,,
ABS:ERP_COMP_Q(1.0.0),8,2,Q,2010-Q1,13.9,,,,
ABS:ERP_COMP_Q(1.0.0),8,2,Q,2010-Q2,13,,,,
ABS:ERP_COMP_Q(1.0.0),8,2,Q,2010-Q3,16.2,,,,
ABS:ERP_COMP_Q(1.0.0),8,2,Q,2010-Q4,16.5,,,,
ABS:ERP_COMP_Q(1.0.0),8,2,Q,2011-Q1,14.5,,,,
ABS:ERP_COMP_Q(1.0.0),8,2,Q,2011-Q2,13.1,,,,
ABS:ERP_COMP_Q(1.0.0),8,2,Q,2011-Q3,15.1,,,,
ABS:ERP_COMP_Q(1.0.0),8,2,Q,2011-Q4,15.3,,,,
ABS:ERP_COMP_Q(1.0.0),8,2,Q,2012-Q1,13.3,,,,
ABS:ERP_COMP_Q(1.0.0),8,2,Q,2012-Q2,12.4,,,,
ABS:ERP_COMP_Q(1.0.0),8,2,Q,2012-Q3,15.1,,,,
ABS:ERP_COMP_Q(1.0.0),8,2,Q,2012-Q4,16.4,,,,
ABS:ERP_COMP_Q(1.0.0),8,2,Q,2013-Q1,15.1,,,,
ABS:ERP_COMP_Q(1.0.0),8,2,Q,2013-Q2,13.6,,,,
ABS:ERP_COMP_Q(1.0.0),8,2,Q,2013-Q3,17.1,,,,
ABS:ERP_COMP_Q(1.0.0),8,2,Q,2013-Q4,17.4,,,,
ABS:ERP_COMP_Q(1.0.0),8,2,Q,2014-Q1,15.3,,,,
ABS:ERP_COMP_Q(1.0.0),8,2,Q,2014-Q2,15.6,,,,
ABS:ERP_COMP_Q(1.0.0),8,2,Q,2014-Q3,17.5,,,,
ABS:ERP_COMP_Q(1.0.0),8,2,Q,2014-Q4,17.5,,,,
ABS:ERP_COMP_Q(1.0.0),8,2,Q,2015-Q1,17,,,,
ABS:ERP_COMP_Q(1.0.0),8,2,Q,2015-Q2,15.5,,,,
ABS:ERP_COMP_Q(1.0.0),8,2,Q,2015-Q3,17.9,,,,
ABS:ERP_COMP_Q(1.0.0),8,2,Q,2015-Q4,18.2,,,,
ABS:ERP_COMP_Q(1.0.0),8,2,Q,2016-Q1,16.2,,,,
ABS:ERP_COMP_Q(1.0.0),8,2,Q,2016-Q2,15.7,,,,
ABS:ERP_COMP_Q(1.0.0),8,2,Q,2016-Q3,17.6,,,,
ABS:ERP_COMP_Q(1.0.0),8,2,Q,2016-Q4,18.3,,,,
ABS:ERP_COMP_Q(1.0.0),8,2,Q,2017-Q1,16.4,,,,
ABS:ERP_COMP_Q(1.0.0),8,2,Q,2017-Q2,16.1,,,,
ABS:ERP_COMP_Q(1.0.0),8,2,Q,2017-Q3,18.9,,,,
ABS:ERP_COMP_Q(1.0.0),8,2,Q,2017-Q4,21.2,,,,
ABS:ERP_COMP_Q(1.0.0),8,2,Q,2018-Q1,17.5,,,,
ABS:ERP_COMP_Q(1.0.0),8,2,Q,2018-Q2,16.6,,,,
ABS:ERP_COMP_Q(1.0.0),8,2,Q,2018-Q3,19.4,,,,
ABS:ERP_COMP_Q(1.0.0),8,2,Q,2018-Q4,20.5,,,,
ABS:ERP_COMP_Q(1.0.0),8,2,Q,2019-Q1,19,,,,
ABS:ERP_COMP_Q(1.0.0),8,2,Q,2019-Q2,24,,,,
ABS:ERP_COMP_Q(1.0.0),8,2,Q,2019-Q3,24.1,,,,
ABS:ERP_COMP_Q(1.0.0),8,2,Q,2019-Q4,33.7,,,,
ABS:ERP_COMP_Q(1.0.0),8,2,Q,2020-Q1,26.8,,,,
ABS:ERP_COMP_Q(1.0.0),8,2,Q,2020-Q2,5.6,,,,
ABS:ERP_COMP_Q(1.0.0),8,2,Q,2020-Q3,23.1,,,,
ABS:ERP_COMP_Q(1.0.0),8,2,Q,2020-Q4,24.7,,,,
ABS:ERP_COMP_Q(1.0.0),8,2,Q,2021-Q1,18.7,,,,
ABS:ERP_COMP_Q(1.0.0),8,2,Q,2021-Q2,13.6,,,,
ABS:ERP_COMP_Q(1.0.0),8,2,Q,2021-Q3,14,,,,
ABS:ERP_COMP_Q(1.0.0),8,2,Q,2021-Q4,17.2,,,,
ABS:ERP_COMP_Q(1.0.0),8,2,Q,2022-Q1,15.4,,,,
ABS:ERP_COMP_Q(1.0.0),8,2,Q,2022-Q2,15.5,,,,
ABS:ERP_COMP_Q(1.0.0),8,2,Q,2022-Q3,13.5,,,,
ABS:ERP_COMP_Q(1.0.0),8,2,Q,2022-Q4,12.2,,,,
ABS:ERP_COMP_Q(1.0.0),8,2,Q,2023-Q1,13.1,,,,
ABS:ERP_COMP_Q(1.0.0),8,2,Q,2023-Q2,13.3,,,,
ABS:ERP_COMP_Q(1.0.0),8,2,Q,2023-Q3,13.6,,,,
ABS:ERP_COMP_Q(1.0.0),8,2,Q,2023-Q4,15.5,,,,
ABS:ERP_COMP_Q(1.0.0),8,2,Q,2024-Q1,15.3,,,,
ABS:ERP_COMP_Q(1.0.0),8,2,Q,2024-Q2,17.1,,,,
ABS:ERP_COMP_Q(1.0.0),8,2,Q,2024-Q3,19,,,,
ABS:ERP_COMP_Q(1.0.0),8,2,Q,2024-Q4,19.6,,,,
ABS:ERP_COMP_Q(1.0.0),8,2,Q,2025-Q1,17.2,,,,
ABS:ERP_COMP_Q(1.0.0),8,2,Q,2025-Q2,16.2,,,,
ABS:ERP_COMP_Q(1.0.0),8,2,Q,2025-Q3,17.8,,,,
ABS:ERP_COMP_Q(1.0.0),8,2,Q,2025-Q4,20.3,,,,
ABS:ERP_COMP_Q(1.0.0),4,1,Q,1981-Q2,19,,,,
ABS:ERP_COMP_Q(1.0.0),4,1,Q,1981-Q3,18.4,,,,
ABS:ERP_COMP_Q(1.0.0),4,1,Q,1981-Q4,15.8,,,,
ABS:ERP_COMP_Q(1.0.0),4,1,Q,1982-Q1,16.9,,,,
ABS:ERP_COMP_Q(1.0.0),4,1,Q,1982-Q2,20.8,,,,
ABS:ERP_COMP_Q(1.0.0),4,1,Q,1982-Q3,16.2,,,,
ABS:ERP_COMP_Q(1.0.0),4,1,Q,1982-Q4,14.7,,,,
ABS:ERP_COMP_Q(1.0.0),4,1,Q,1983-Q1,14.1,,,,
ABS:ERP_COMP_Q(1.0.0),4,1,Q,1983-Q2,17.5,,,,
ABS:ERP_COMP_Q(1.0.0),4,1,Q,1983-Q3,16.1,,,,
ABS:ERP_COMP_Q(1.0.0),4,1,Q,1983-Q4,12.9,,,,
ABS:ERP_COMP_Q(1.0.0),4,1,Q,1984-Q1,16.4,,,,
ABS:ERP_COMP_Q(1.0.0),4,1,Q,1984-Q2,19,,,,
ABS:ERP_COMP_Q(1.0.0),4,1,Q,1984-Q3,18.5,,,,
ABS:ERP_COMP_Q(1.0.0),4,1,Q,1984-Q4,15.9,,,,
ABS:ERP_COMP_Q(1.0.0),4,1,Q,1985-Q1,17.8,,,,
ABS:ERP_COMP_Q(1.0.0),4,1,Q,1985-Q2,18,,,,
ABS:ERP_COMP_Q(1.0.0),4,1,Q,1985-Q3,18.4,,,,
ABS:ERP_COMP_Q(1.0.0),4,1,Q,1985-Q4,16.7,,,,
ABS:ERP_COMP_Q(1.0.0),4,1,Q,1986-Q1,19.1,,,,
ABS:ERP_COMP_Q(1.0.0),4,1,Q,1986-Q2,19.2,,,,
ABS:ERP_COMP_Q(1.0.0),4,1,Q,1986-Q3,17.9,,,,
ABS:ERP_COMP_Q(1.0.0),4,1,Q,1986-Q4,17,,,,
ABS:ERP_COMP_Q(1.0.0),4,1,Q,1987-Q1,22.6,,,,
ABS:ERP_COMP_Q(1.0.0),4,1,Q,1987-Q2,18.6,,,,
ABS:ERP_COMP_Q(1.0.0),4,1,Q,1987-Q3,19.4,,,,
ABS:ERP_COMP_Q(1.0.0),4,1,Q,1987-Q4,17.8,,,,
ABS:ERP_COMP_Q(1.0.0),4,1,Q,1988-Q1,24.7,,,,
ABS:ERP_COMP_Q(1.0.0),4,1,Q,1988-Q2,20.8,,,,
ABS:ERP_COMP_Q(1.0.0),4,1,Q,1988-Q3,18.9,,,,
ABS:ERP_COMP_Q(1.0.0),4,1,Q,1988-Q4,17.1,,,,
ABS:ERP_COMP_Q(1.0.0),4,1,Q,1989-Q1,24.7,,,,
ABS:ERP_COMP_Q(1.0.0),4,1,Q,1989-Q2,20.4,,,,
ABS:ERP_COMP_Q(1.0.0),4,1,Q,1989-Q3,18.6,,,,
ABS:ERP_COMP_Q(1.0.0),4,1,Q,1989-Q4,15.8,,,,
ABS:ERP_COMP_Q(1.0.0),4,1,Q,1990-Q1,24.4,,,,
ABS:ERP_COMP_Q(1.0.0),4,1,Q,1990-Q2,19.3,,,,
ABS:ERP_COMP_Q(1.0.0),4,1,Q,1990-Q3,18.7,,,,
ABS:ERP_COMP_Q(1.0.0),4,1,Q,1990-Q4,16.8,,,,
ABS:ERP_COMP_Q(1.0.0),4,1,Q,1991-Q1,25.6,,,,
ABS:ERP_COMP_Q(1.0.0),4,1,Q,1991-Q2,20.9,,,,
ABS:ERP_COMP_Q(1.0.0),4,1,Q,1991-Q3,18.6,,,,
ABS:ERP_COMP_Q(1.0.0),4,1,Q,1991-Q4,18.8,,,,
ABS:ERP_COMP_Q(1.0.0),4,1,Q,1992-Q1,26.1,,,,
ABS:ERP_COMP_Q(1.0.0),4,1,Q,1992-Q2,21.4,,,,
ABS:ERP_COMP_Q(1.0.0),4,1,Q,1992-Q3,24.8,,,,
ABS:ERP_COMP_Q(1.0.0),4,1,Q,1992-Q4,20.7,,,,
ABS:ERP_COMP_Q(1.0.0),4,1,Q,1993-Q1,26.7,,,,
ABS:ERP_COMP_Q(1.0.0),4,1,Q,1993-Q2,19.2,,,,
ABS:ERP_COMP_Q(1.0.0),4,1,Q,1993-Q3,19.4,,,,
ABS:ERP_COMP_Q(1.0.0),4,1,Q,1993-Q4,17.2,,,,
ABS:ERP_COMP_Q(1.0.0),4,1,Q,1994-Q1,24.6,,,,
ABS:ERP_COMP_Q(1.0.0),4,1,Q,1994-Q2,19.2,,,,
ABS:ERP_COMP_Q(1.0.0),4,1,Q,1994-Q3,21.1,,,,
ABS:ERP_COMP_Q(1.0.0),4,1,Q,1994-Q4,17.5,,,,
ABS:ERP_COMP_Q(1.0.0),4,1,Q,1995-Q1,25.6,,,,
ABS:ERP_COMP_Q(1.0.0),4,1,Q,1995-Q2,23.7,,,,
ABS:ERP_COMP_Q(1.0.0),4,1,Q,1995-Q3,19,,,,
ABS:ERP_COMP_Q(1.0.0),4,1,Q,1995-Q4,18.3,,,,
ABS:ERP_COMP_Q(1.0.0),4,1,Q,1996-Q1,24.7,,,,
ABS:ERP_COMP_Q(1.0.0),4,1,Q,1996-Q2,20.9,,,,
ABS:ERP_COMP_Q(1.0.0),4,1,Q,1996-Q3,21.3,,,,
ABS:ERP_COMP_Q(1.0.0),4,1,Q,1996-Q4,26,,,,
ABS:ERP_COMP_Q(1.0.0),4,1,Q,1997-Q1,24.1,,,,
ABS:ERP_COMP_Q(1.0.0),4,1,Q,1997-Q2,23.8,,,,
ABS:ERP_COMP_Q(1.0.0),4,1,Q,1997-Q3,20.4,,,,
ABS:ERP_COMP_Q(1.0.0),4,1,Q,1997-Q4,26.1,,,,
ABS:ERP_COMP_Q(1.0.0),4,1,Q,1998-Q1,22.9,,,,
ABS:ERP_COMP_Q(1.0.0),4,1,Q,1998-Q2,22.7,,,,
ABS:ERP_COMP_Q(1.0.0),4,1,Q,1998-Q3,20.3,,,,
ABS:ERP_COMP_Q(1.0.0),4,1,Q,1998-Q4,25.6,,,,
ABS:ERP_COMP_Q(1.0.0),4,1,Q,1999-Q1,22.3,,,,
ABS:ERP_COMP_Q(1.0.0),4,1,Q,1999-Q2,22.5,,,,
ABS:ERP_COMP_Q(1.0.0),4,1,Q,1999-Q3,20.5,,,,
ABS:ERP_COMP_Q(1.0.0),4,1,Q,1999-Q4,26,,,,
ABS:ERP_COMP_Q(1.0.0),4,1,Q,2000-Q1,23.6,,,,
ABS:ERP_COMP_Q(1.0.0),4,1,Q,2000-Q2,23.5,,,,
ABS:ERP_COMP_Q(1.0.0),4,1,Q,2000-Q3,21.3,,,,
ABS:ERP_COMP_Q(1.0.0),4,1,Q,2000-Q4,28.4,,,,
ABS:ERP_COMP_Q(1.0.0),4,1,Q,2001-Q1,23.8,,,,
ABS:ERP_COMP_Q(1.0.0),4,1,Q,2001-Q2,23.7,,,,
ABS:ERP_COMP_Q(1.0.0),4,1,Q,2001-Q3,21.8,,,,
ABS:ERP_COMP_Q(1.0.0),4,1,Q,2001-Q4,25.1,,,,
ABS:ERP_COMP_Q(1.0.0),4,1,Q,2002-Q1,23.9,,,,
ABS:ERP_COMP_Q(1.0.0),4,1,Q,2002-Q2,23.4,,,,
ABS:ERP_COMP_Q(1.0.0),4,1,Q,2002-Q3,21.4,,,,
ABS:ERP_COMP_Q(1.0.0),4,1,Q,2002-Q4,26.1,,,,
ABS:ERP_COMP_Q(1.0.0),4,1,Q,2003-Q1,22.9,,,,
ABS:ERP_COMP_Q(1.0.0),4,1,Q,2003-Q2,22.8,,,,
ABS:ERP_COMP_Q(1.0.0),4,1,Q,2003-Q3,20.9,,,,
ABS:ERP_COMP_Q(1.0.0),4,1,Q,2003-Q4,24.9,,,,
ABS:ERP_COMP_Q(1.0.0),4,1,Q,2004-Q1,22.7,,,,
ABS:ERP_COMP_Q(1.0.0),4,1,Q,2004-Q2,21.5,,,,
ABS:ERP_COMP_Q(1.0.0),4,1,Q,2004-Q3,19.4,,,,
ABS:ERP_COMP_Q(1.0.0),4,1,Q,2004-Q4,23.6,,,,
ABS:ERP_COMP_Q(1.0.0),4,1,Q,2005-Q1,21,,,,
ABS:ERP_COMP_Q(1.0.0),4,1,Q,2005-Q2,20.7,,,,
ABS:ERP_COMP_Q(1.0.0),4,1,Q,2005-Q3,18.1,,,,
ABS:ERP_COMP_Q(1.0.0),4,1,Q,2005-Q4,22.6,,,,
ABS:ERP_COMP_Q(1.0.0),4,1,Q,2006-Q1,20.2,,,,
ABS:ERP_COMP_Q(1.0.0),4,1,Q,2006-Q2,19.6,,,,
ABS:ERP_COMP_Q(1.0.0),4,1,Q,2006-Q3,17.9,,,,
ABS:ERP_COMP_Q(1.0.0),4,1,Q,2006-Q4,22.6,,,,
ABS:ERP_COMP_Q(1.0.0),4,1,Q,2007-Q1,21.2,,,,
ABS:ERP_COMP_Q(1.0.0),4,1,Q,2007-Q2,21,,,,
ABS:ERP_COMP_Q(1.0.0),4,1,Q,2007-Q3,19.6,,,,
ABS:ERP_COMP_Q(1.0.0),4,1,Q,2007-Q4,23.5,,,,
ABS:ERP_COMP_Q(1.0.0),4,1,Q,2008-Q1,22,,,,
ABS:ERP_COMP_Q(1.0.0),4,1,Q,2008-Q2,20.8,,,,
ABS:ERP_COMP_Q(1.0.0),4,1,Q,2008-Q3,18.9,,,,
ABS:ERP_COMP_Q(1.0.0),4,1,Q,2008-Q4,24.5,,,,
ABS:ERP_COMP_Q(1.0.0),4,1,Q,2009-Q1,21.6,,,,
ABS:ERP_COMP_Q(1.0.0),4,1,Q,2009-Q2,21.6,,,,
ABS:ERP_COMP_Q(1.0.0),4,1,Q,2009-Q3,19.1,,,,
ABS:ERP_COMP_Q(1.0.0),4,1,Q,2009-Q4,22.9,,,,
ABS:ERP_COMP_Q(1.0.0),4,1,Q,2010-Q1,21,,,,
ABS:ERP_COMP_Q(1.0.0),4,1,Q,2010-Q2,20.7,,,,
ABS:ERP_COMP_Q(1.0.0),4,1,Q,2010-Q3,18.9,,,,
ABS:ERP_COMP_Q(1.0.0),4,1,Q,2010-Q4,23.2,,,,
ABS:ERP_COMP_Q(1.0.0),4,1,Q,2011-Q1,20.4,,,,
ABS:ERP_COMP_Q(1.0.0),4,1,Q,2011-Q2,19.8,,,,
ABS:ERP_COMP_Q(1.0.0),4,1,Q,2011-Q3,19.4,,,,
ABS:ERP_COMP_Q(1.0.0),4,1,Q,2011-Q4,24.7,,,,
ABS:ERP_COMP_Q(1.0.0),4,1,Q,2012-Q1,21.1,,,,
ABS:ERP_COMP_Q(1.0.0),4,1,Q,2012-Q2,20.5,,,,
ABS:ERP_COMP_Q(1.0.0),4,1,Q,2012-Q3,18.2,,,,
ABS:ERP_COMP_Q(1.0.0),4,1,Q,2012-Q4,21.1,,,,
ABS:ERP_COMP_Q(1.0.0),4,1,Q,2013-Q1,21.7,,,,
ABS:ERP_COMP_Q(1.0.0),4,1,Q,2013-Q2,21.9,,,,
ABS:ERP_COMP_Q(1.0.0),4,1,Q,2013-Q3,19.9,,,,
ABS:ERP_COMP_Q(1.0.0),4,1,Q,2013-Q4,25.6,,,,
ABS:ERP_COMP_Q(1.0.0),4,1,Q,2014-Q1,24,,,,
ABS:ERP_COMP_Q(1.0.0),4,1,Q,2014-Q2,21.7,,,,
ABS:ERP_COMP_Q(1.0.0),4,1,Q,2014-Q3,18.4,,,,
ABS:ERP_COMP_Q(1.0.0),4,1,Q,2014-Q4,24,,,,
ABS:ERP_COMP_Q(1.0.0),4,1,Q,2015-Q1,22.4,,,,
ABS:ERP_COMP_Q(1.0.0),4,1,Q,2015-Q2,23.3,,,,
ABS:ERP_COMP_Q(1.0.0),4,1,Q,2015-Q3,20,,,,
ABS:ERP_COMP_Q(1.0.0),4,1,Q,2015-Q4,25.1,,,,
ABS:ERP_COMP_Q(1.0.0),4,1,Q,2016-Q1,23.7,,,,
ABS:ERP_COMP_Q(1.0.0),4,1,Q,2016-Q2,25.2,,,,
ABS:ERP_COMP_Q(1.0.0),4,1,Q,2016-Q3,24,,,,
ABS:ERP_COMP_Q(1.0.0),4,1,Q,2016-Q4,31.5,,,,
ABS:ERP_COMP_Q(1.0.0),4,1,Q,2017-Q1,27.4,,,,
ABS:ERP_COMP_Q(1.0.0),4,1,Q,2017-Q2,27.7,,,,
ABS:ERP_COMP_Q(1.0.0),4,1,Q,2017-Q3,25.6,,,,
ABS:ERP_COMP_Q(1.0.0),4,1,Q,2017-Q4,31.7,,,,
ABS:ERP_COMP_Q(1.0.0),4,1,Q,2018-Q1,28.1,,,,
ABS:ERP_COMP_Q(1.0.0),4,1,Q,2018-Q2,28.4,,,,
ABS:ERP_COMP_Q(1.0.0),4,1,Q,2018-Q3,25.6,,,,
ABS:ERP_COMP_Q(1.0.0),4,1,Q,2018-Q4,32.9,,,,
ABS:ERP_COMP_Q(1.0.0),4,1,Q,2019-Q1,28.8,,,,
ABS:ERP_COMP_Q(1.0.0),4,1,Q,2019-Q2,29.8,,,,
ABS:ERP_COMP_Q(1.0.0),4,1,Q,2019-Q3,26,,,,
ABS:ERP_COMP_Q(1.0.0),4,1,Q,2019-Q4,31.7,,,,
ABS:ERP_COMP_Q(1.0.0),4,1,Q,2020-Q1,22.7,,,,
ABS:ERP_COMP_Q(1.0.0),4,1,Q,2020-Q2,23.4,,,,
ABS:ERP_COMP_Q(1.0.0),4,1,Q,2020-Q3,13.4,,,,
ABS:ERP_COMP_Q(1.0.0),4,1,Q,2020-Q4,17.8,,,,
ABS:ERP_COMP_Q(1.0.0),4,1,Q,2021-Q1,18,,,,
ABS:ERP_COMP_Q(1.0.0),4,1,Q,2021-Q2,30,,,,
ABS:ERP_COMP_Q(1.0.0),4,1,Q,2021-Q3,24.3,,,,
ABS:ERP_COMP_Q(1.0.0),4,1,Q,2021-Q4,27.5,,,,
ABS:ERP_COMP_Q(1.0.0),4,1,Q,2022-Q1,22.9,,,,
ABS:ERP_COMP_Q(1.0.0),4,1,Q,2022-Q2,24.9,,,,
ABS:ERP_COMP_Q(1.0.0),4,1,Q,2022-Q3,17,,,,
ABS:ERP_COMP_Q(1.0.0),4,1,Q,2022-Q4,24.4,,,,
ABS:ERP_COMP_Q(1.0.0),4,1,Q,2023-Q1,21.7,,,,
ABS:ERP_COMP_Q(1.0.0),4,1,Q,2023-Q2,20.8,,,,
ABS:ERP_COMP_Q(1.0.0),4,1,Q,2023-Q3,19.2,,,,
ABS:ERP_COMP_Q(1.0.0),4,1,Q,2023-Q4,23.2,,,,
ABS:ERP_COMP_Q(1.0.0),4,1,Q,2024-Q1,21.8,,,,
ABS:ERP_COMP_Q(1.0.0),4,1,Q,2024-Q2,21.2,,,,
ABS:ERP_COMP_Q(1.0.0),4,1,Q,2024-Q3,19.2,,,,
ABS:ERP_COMP_Q(1.0.0),4,1,Q,2024-Q4,23.8,,,,
ABS:ERP_COMP_Q(1.0.0),4,1,Q,2025-Q1,21.1,,,,
ABS:ERP_COMP_Q(1.0.0),4,1,Q,2025-Q2,20.7,,,,
ABS:ERP_COMP_Q(1.0.0),4,1,Q,2025-Q3,18.5,,,,
ABS:ERP_COMP_Q(1.0.0),4,1,Q,2025-Q4,23,,,,
ABS:ERP_COMP_Q(1.0.0),11,6,Q,1981-Q2,0.3,,,,
ABS:ERP_COMP_Q(1.0.0),11,6,Q,1981-Q3,0.2,,,,
ABS:ERP_COMP_Q(1.0.0),11,6,Q,1981-Q4,0.3,,,,
ABS:ERP_COMP_Q(1.0.0),11,6,Q,1982-Q1,0.2,,,,
ABS:ERP_COMP_Q(1.0.0),11,6,Q,1982-Q2,0.1,,,,
ABS:ERP_COMP_Q(1.0.0),11,6,Q,1982-Q3,0.2,,,,
ABS:ERP_COMP_Q(1.0.0),11,6,Q,1982-Q4,0.3,,,,
ABS:ERP_COMP_Q(1.0.0),11,6,Q,1983-Q1,0.2,,,,
ABS:ERP_COMP_Q(1.0.0),11,6,Q,1983-Q2,0,,,,
ABS:ERP_COMP_Q(1.0.0),11,6,Q,1983-Q3,0.1,,,,
ABS:ERP_COMP_Q(1.0.0),11,6,Q,1983-Q4,0.3,,,,
ABS:ERP_COMP_Q(1.0.0),11,6,Q,1984-Q1,0.2,,,,
ABS:ERP_COMP_Q(1.0.0),11,6,Q,1984-Q2,0.1,,,,
ABS:ERP_COMP_Q(1.0.0),11,6,Q,1984-Q3,0.2,,,,
ABS:ERP_COMP_Q(1.0.0),11,6,Q,1984-Q4,0.3,,,,
ABS:ERP_COMP_Q(1.0.0),11,6,Q,1985-Q1,0.2,,,,
ABS:ERP_COMP_Q(1.0.0),11,6,Q,1985-Q2,0.1,,,,
ABS:ERP_COMP_Q(1.0.0),11,6,Q,1985-Q3,0.1,,,,
ABS:ERP_COMP_Q(1.0.0),11,6,Q,1985-Q4,0.2,,,,
ABS:ERP_COMP_Q(1.0.0),11,6,Q,1986-Q1,0.4,,,,
ABS:ERP_COMP_Q(1.0.0),11,6,Q,1986-Q2,0.1,,,,
ABS:ERP_COMP_Q(1.0.0),11,6,Q,1986-Q3,0.2,,,,
ABS:ERP_COMP_Q(1.0.0),11,6,Q,1986-Q4,0.3,,,,
ABS:ERP_COMP_Q(1.0.0),11,6,Q,1987-Q1,0.1,,,,
ABS:ERP_COMP_Q(1.0.0),11,6,Q,1987-Q2,0.1,,,,
ABS:ERP_COMP_Q(1.0.0),11,6,Q,1987-Q3,0.2,,,,
ABS:ERP_COMP_Q(1.0.0),11,6,Q,1987-Q4,0.2,,,,
ABS:ERP_COMP_Q(1.0.0),11,6,Q,1988-Q1,0.3,,,,
ABS:ERP_COMP_Q(1.0.0),11,6,Q,1988-Q2,0.1,,,,
ABS:ERP_COMP_Q(1.0.0),11,6,Q,1988-Q3,0.2,,,,
ABS:ERP_COMP_Q(1.0.0),11,6,Q,1988-Q4,0.2,,,,
ABS:ERP_COMP_Q(1.0.0),11,6,Q,1989-Q1,0.2,,,,
ABS:ERP_COMP_Q(1.0.0),11,6,Q,1989-Q2,0.1,,,,
ABS:ERP_COMP_Q(1.0.0),11,6,Q,1989-Q3,0.1,,,,
ABS:ERP_COMP_Q(1.0.0),11,6,Q,1989-Q4,0.3,,,,
ABS:ERP_COMP_Q(1.0.0),11,6,Q,1990-Q1,0.2,,,,
ABS:ERP_COMP_Q(1.0.0),11,6,Q,1990-Q2,0,,,,
ABS:ERP_COMP_Q(1.0.0),11,6,Q,1990-Q3,0.1,,,,
ABS:ERP_COMP_Q(1.0.0),11,6,Q,1990-Q4,0.1,,,,
ABS:ERP_COMP_Q(1.0.0),11,6,Q,1991-Q1,0.2,,,,
ABS:ERP_COMP_Q(1.0.0),11,6,Q,1991-Q2,0,,,,
ABS:ERP_COMP_Q(1.0.0),11,6,Q,1991-Q3,0.1,,,,
ABS:ERP_COMP_Q(1.0.0),11,6,Q,1991-Q4,0.1,,,,
ABS:ERP_COMP_Q(1.0.0),11,6,Q,1992-Q1,0.1,,,,
ABS:ERP_COMP_Q(1.0.0),11,6,Q,1992-Q2,0,,,,
ABS:ERP_COMP_Q(1.0.0),11,6,Q,1992-Q3,0.1,,,,
ABS:ERP_COMP_Q(1.0.0),11,6,Q,1992-Q4,0.1,,,,
ABS:ERP_COMP_Q(1.0.0),11,6,Q,1993-Q1,0.2,,,,
ABS:ERP_COMP_Q(1.0.0),11,6,Q,1993-Q2,0,,,,
ABS:ERP_COMP_Q(1.0.0),11,6,Q,1993-Q3,0.1,,,,
ABS:ERP_COMP_Q(1.0.0),11,6,Q,1993-Q4,0.1,,,,
ABS:ERP_COMP_Q(1.0.0),11,6,Q,1994-Q1,0.2,,,,
ABS:ERP_COMP_Q(1.0.0),11,6,Q,1994-Q2,0.1,,,,
ABS:ERP_COMP_Q(1.0.0),11,6,Q,1994-Q3,0.1,,,,
ABS:ERP_COMP_Q(1.0.0),11,6,Q,1994-Q4,0.1,,,,
ABS:ERP_COMP_Q(1.0.0),11,6,Q,1995-Q1,0.3,,,,
ABS:ERP_COMP_Q(1.0.0),11,6,Q,1995-Q2,0,,,,
ABS:ERP_COMP_Q(1.0.0),11,6,Q,1995-Q3,0.1,,,,
ABS:ERP_COMP_Q(1.0.0),11,6,Q,1995-Q4,0,,,,
ABS:ERP_COMP_Q(1.0.0),11,6,Q,1996-Q1,0.3,,,,
ABS:ERP_COMP_Q(1.0.0),11,6,Q,1996-Q2,0.1,,,,
ABS:ERP_COMP_Q(1.0.0),11,6,Q,1996-Q3,0.1,,,,
ABS:ERP_COMP_Q(1.0.0),11,6,Q,1996-Q4,0.1,,,,
ABS:ERP_COMP_Q(1.0.0),11,6,Q,1997-Q1,0.1,,,,
ABS:ERP_COMP_Q(1.0.0),11,6,Q,1997-Q2,0,,,,
ABS:ERP_COMP_Q(1.0.0),11,6,Q,1997-Q3,0,,,,
ABS:ERP_COMP_Q(1.0.0),11,6,Q,1997-Q4,0,,,,
ABS:ERP_COMP_Q(1.0.0),11,6,Q,1998-Q1,0.1,,,,
ABS:ERP_COMP_Q(1.0.0),11,6,Q,1998-Q2,0,,,,
ABS:ERP_COMP_Q(1.0.0),11,6,Q,1998-Q3,0.1,,,,
ABS:ERP_COMP_Q(1.0.0),11,6,Q,1998-Q4,0.3,,,,
ABS:ERP_COMP_Q(1.0.0),11,6,Q,1999-Q1,-0.1,,,,
ABS:ERP_COMP_Q(1.0.0),11,6,Q,1999-Q2,-0.2,,,,
ABS:ERP_COMP_Q(1.0.0),11,6,Q,1999-Q3,0.2,,,,
ABS:ERP_COMP_Q(1.0.0),11,6,Q,1999-Q4,0.2,,,,
ABS:ERP_COMP_Q(1.0.0),11,6,Q,2000-Q1,0.1,,,,
ABS:ERP_COMP_Q(1.0.0),11,6,Q,2000-Q2,-0.1,,,,
ABS:ERP_COMP_Q(1.0.0),11,6,Q,2000-Q3,0,,,,
ABS:ERP_COMP_Q(1.0.0),11,6,Q,2000-Q4,0,,,,
ABS:ERP_COMP_Q(1.0.0),11,6,Q,2001-Q1,0.1,,,,
ABS:ERP_COMP_Q(1.0.0),11,6,Q,2001-Q2,0,,,,
ABS:ERP_COMP_Q(1.0.0),11,6,Q,2001-Q3,0.1,,,,
ABS:ERP_COMP_Q(1.0.0),11,6,Q,2001-Q4,0.3,,,,
ABS:ERP_COMP_Q(1.0.0),11,6,Q,2002-Q1,0.2,,,,
ABS:ERP_COMP_Q(1.0.0),11,6,Q,2002-Q2,0,,,,
ABS:ERP_COMP_Q(1.0.0),11,6,Q,2002-Q3,0.1,,,,
ABS:ERP_COMP_Q(1.0.0),11,6,Q,2002-Q4,0.3,,,,
ABS:ERP_COMP_Q(1.0.0),11,6,Q,2003-Q1,0.5,,,,
ABS:ERP_COMP_Q(1.0.0),11,6,Q,2003-Q2,0.1,,,,
ABS:ERP_COMP_Q(1.0.0),11,6,Q,2003-Q3,0.3,,,,
ABS:ERP_COMP_Q(1.0.0),11,6,Q,2003-Q4,0.3,,,,
ABS:ERP_COMP_Q(1.0.0),11,6,Q,2004-Q1,0.4,,,,
ABS:ERP_COMP_Q(1.0.0),11,6,Q,2004-Q2,0.1,,,,
ABS:ERP_COMP_Q(1.0.0),11,6,Q,2004-Q3,0.3,,,,
ABS:ERP_COMP_Q(1.0.0),11,6,Q,2004-Q4,0.4,,,,
ABS:ERP_COMP_Q(1.0.0),11,6,Q,2005-Q1,0.5,,,,
ABS:ERP_COMP_Q(1.0.0),11,6,Q,2005-Q2,0.1,,,,
ABS:ERP_COMP_Q(1.0.0),11,6,Q,2005-Q3,0.4,,,,
ABS:ERP_COMP_Q(1.0.0),11,6,Q,2005-Q4,0.3,,,,
ABS:ERP_COMP_Q(1.0.0),11,6,Q,2006-Q1,0.4,,,,
ABS:ERP_COMP_Q(1.0.0),11,6,Q,2006-Q2,0.1,,,,
ABS:ERP_COMP_Q(1.0.0),11,6,Q,2006-Q3,0.4,,,,
ABS:ERP_COMP_Q(1.0.0),11,6,Q,2006-Q4,0.4,,,,
ABS:ERP_COMP_Q(1.0.0),11,6,Q,2007-Q1,0.4,,,,
ABS:ERP_COMP_Q(1.0.0),11,6,Q,2007-Q2,0.2,,,,
ABS:ERP_COMP_Q(1.0.0),11,6,Q,2007-Q3,0.4,,,,
ABS:ERP_COMP_Q(1.0.0),11,6,Q,2007-Q4,0.4,,,,
ABS:ERP_COMP_Q(1.0.0),11,6,Q,2008-Q1,0.7,,,,
ABS:ERP_COMP_Q(1.0.0),11,6,Q,2008-Q2,0.3,,,,
ABS:ERP_COMP_Q(1.0.0),11,6,Q,2008-Q3,0.6,,,,
ABS:ERP_COMP_Q(1.0.0),11,6,Q,2008-Q4,0.5,,,,
ABS:ERP_COMP_Q(1.0.0),11,6,Q,2009-Q1,0.7,,,,
ABS:ERP_COMP_Q(1.0.0),11,6,Q,2009-Q2,0.3,,,,
ABS:ERP_COMP_Q(1.0.0),11,6,Q,2009-Q3,0.5,,,,
ABS:ERP_COMP_Q(1.0.0),11,6,Q,2009-Q4,0.4,,,,
ABS:ERP_COMP_Q(1.0.0),11,6,Q,2010-Q1,0.7,,,,
ABS:ERP_COMP_Q(1.0.0),11,6,Q,2010-Q2,0.1,,,,
ABS:ERP_COMP_Q(1.0.0),11,6,Q,2010-Q3,0.2,,,,
ABS:ERP_COMP_Q(1.0.0),11,6,Q,2010-Q4,0.2,,,,
ABS:ERP_COMP_Q(1.0.0),11,6,Q,2011-Q1,0.5,,,,
ABS:ERP_COMP_Q(1.0.0),11,6,Q,2011-Q2,0.1,,,,
ABS:ERP_COMP_Q(1.0.0),11,6,Q,2011-Q3,0.4,,,,
ABS:ERP_COMP_Q(1.0.0),11,6,Q,2011-Q4,0.3,,,,
ABS:ERP_COMP_Q(1.0.0),11,6,Q,2012-Q1,0.6,,,,
ABS:ERP_COMP_Q(1.0.0),11,6,Q,2012-Q2,0.2,,,,
ABS:ERP_COMP_Q(1.0.0),11,6,Q,2012-Q3,0.3,,,,
ABS:ERP_COMP_Q(1.0.0),11,6,Q,2012-Q4,0.4,,,,
ABS:ERP_COMP_Q(1.0.0),11,6,Q,2013-Q1,0.6,,,,
ABS:ERP_COMP_Q(1.0.0),11,6,Q,2013-Q2,0.3,,,,
ABS:ERP_COMP_Q(1.0.0),11,6,Q,2013-Q3,0.5,,,,
ABS:ERP_COMP_Q(1.0.0),11,6,Q,2013-Q4,0.4,,,,
ABS:ERP_COMP_Q(1.0.0),11,6,Q,2014-Q1,0.6,,,,
ABS:ERP_COMP_Q(1.0.0),11,6,Q,2014-Q2,0.3,,,,
ABS:ERP_COMP_Q(1.0.0),11,6,Q,2014-Q3,0.4,,,,
ABS:ERP_COMP_Q(1.0.0),11,6,Q,2014-Q4,0.5,,,,
ABS:ERP_COMP_Q(1.0.0),11,6,Q,2015-Q1,0.6,,,,
ABS:ERP_COMP_Q(1.0.0),11,6,Q,2015-Q2,0.1,,,,
ABS:ERP_COMP_Q(1.0.0),11,6,Q,2015-Q3,0.5,,,,
ABS:ERP_COMP_Q(1.0.0),11,6,Q,2015-Q4,0.3,,,,
ABS:ERP_COMP_Q(1.0.0),11,6,Q,2016-Q1,0.8,,,,
ABS:ERP_COMP_Q(1.0.0),11,6,Q,2016-Q2,0.3,,,,
ABS:ERP_COMP_Q(1.0.0),11,6,Q,2016-Q3,0.6,,,,
ABS:ERP_COMP_Q(1.0.0),11,6,Q,2016-Q4,0.7,,,,
ABS:ERP_COMP_Q(1.0.0),11,6,Q,2017-Q1,0.8,,,,
ABS:ERP_COMP_Q(1.0.0),11,6,Q,2017-Q2,0.3,,,,
ABS:ERP_COMP_Q(1.0.0),11,6,Q,2017-Q3,1,,,,
ABS:ERP_COMP_Q(1.0.0),11,6,Q,2017-Q4,0.5,,,,
ABS:ERP_COMP_Q(1.0.0),11,6,Q,2018-Q1,0.8,,,,
ABS:ERP_COMP_Q(1.0.0),11,6,Q,2018-Q2,0.5,,,,
ABS:ERP_COMP_Q(1.0.0),11,6,Q,2018-Q3,1.1,,,,
ABS:ERP_COMP_Q(1.0.0),11,6,Q,2018-Q4,0.7,,,,
ABS:ERP_COMP_Q(1.0.0),11,6,Q,2019-Q1,1,,,,
ABS:ERP_COMP_Q(1.0.0),11,6,Q,2019-Q2,0.3,,,,
ABS:ERP_COMP_Q(1.0.0),11,6,Q,2019-Q3,0.8,,,,
ABS:ERP_COMP_Q(1.0.0),11,6,Q,2019-Q4,1.8,,,,
ABS:ERP_COMP_Q(1.0.0),11,6,Q,2020-Q1,1.1,,,,
ABS:ERP_COMP_Q(1.0.0),11,6,Q,2020-Q2,0,,,,
ABS:ERP_COMP_Q(1.0.0),11,6,Q,2020-Q3,-0.3,,,,
ABS:ERP_COMP_Q(1.0.0),11,6,Q,2020-Q4,-0.1,,,,
ABS:ERP_COMP_Q(1.0.0),11,6,Q,2021-Q1,0.1,,,,
ABS:ERP_COMP_Q(1.0.0),11,6,Q,2021-Q2,-0.1,,,,
ABS:ERP_COMP_Q(1.0.0),11,6,Q,2021-Q3,0.1,,,,
ABS:ERP_COMP_Q(1.0.0),11,6,Q,2021-Q4,1.2,,,,
ABS:ERP_COMP_Q(1.0.0),11,6,Q,2022-Q1,1.2,,,,
ABS:ERP_COMP_Q(1.0.0),11,6,Q,2022-Q2,0.8,,,,
ABS:ERP_COMP_Q(1.0.0),11,6,Q,2022-Q3,0.9,,,,
ABS:ERP_COMP_Q(1.0.0),11,6,Q,2022-Q4,1.4,,,,
ABS:ERP_COMP_Q(1.0.0),11,6,Q,2023-Q1,1.5,,,,
ABS:ERP_COMP_Q(1.0.0),11,6,Q,2023-Q2,1,,,,
ABS:ERP_COMP_Q(1.0.0),11,6,Q,2023-Q3,1,,,,
ABS:ERP_COMP_Q(1.0.0),11,6,Q,2023-Q4,1.4,,,,
ABS:ERP_COMP_Q(1.0.0),11,6,Q,2024-Q1,1.3,,,,
ABS:ERP_COMP_Q(1.0.0),11,6,Q,2024-Q2,0.5,,,,
ABS:ERP_COMP_Q(1.0.0),11,6,Q,2024-Q3,0.7,,,,
ABS:ERP_COMP_Q(1.0.0),11,6,Q,2024-Q4,1.2,,,,
ABS:ERP_COMP_Q(1.0.0),11,6,Q,2025-Q1,0.8,,,,
ABS:ERP_COMP_Q(1.0.0),11,6,Q,2025-Q2,0.5,,,,
ABS:ERP_COMP_Q(1.0.0),11,6,Q,2025-Q3,0.7,,,,
ABS:ERP_COMP_Q(1.0.0),11,6,Q,2025-Q4,1.1,,,,
ABS:ERP_COMP_Q(1.0.0),12,3,Q,1981-Q2,-0.6,,,,
ABS:ERP_COMP_Q(1.0.0),12,3,Q,1981-Q3,0.5,,,,
ABS:ERP_COMP_Q(1.0.0),12,3,Q,1981-Q4,-0.1,,,,
ABS:ERP_COMP_Q(1.0.0),12,3,Q,1982-Q1,-0.1,,,,
ABS:ERP_COMP_Q(1.0.0),12,3,Q,1982-Q2,0.5,,,,
ABS:ERP_COMP_Q(1.0.0),12,3,Q,1982-Q3,0.4,,,,
ABS:ERP_COMP_Q(1.0.0),12,3,Q,1982-Q4,-0.7,,,,
ABS:ERP_COMP_Q(1.0.0),12,3,Q,1983-Q1,0.1,,,,
ABS:ERP_COMP_Q(1.0.0),12,3,Q,1983-Q2,-0.1,,,,
ABS:ERP_COMP_Q(1.0.0),12,3,Q,1983-Q3,0.4,,,,
ABS:ERP_COMP_Q(1.0.0),12,3,Q,1983-Q4,-0.2,,,,
ABS:ERP_COMP_Q(1.0.0),12,3,Q,1984-Q1,-0.4,,,,
ABS:ERP_COMP_Q(1.0.0),12,3,Q,1984-Q2,0.5,,,,
ABS:ERP_COMP_Q(1.0.0),12,3,Q,1984-Q3,0.5,,,,
ABS:ERP_COMP_Q(1.0.0),12,3,Q,1984-Q4,-0.2,,,,
ABS:ERP_COMP_Q(1.0.0),12,3,Q,1985-Q1,0.2,,,,
ABS:ERP_COMP_Q(1.0.0),12,3,Q,1985-Q2,0.3,,,,
ABS:ERP_COMP_Q(1.0.0),12,3,Q,1985-Q3,0.5,,,,
ABS:ERP_COMP_Q(1.0.0),12,3,Q,1985-Q4,0.3,,,,
ABS:ERP_COMP_Q(1.0.0),12,3,Q,1986-Q1,-0.2,,,,
ABS:ERP_COMP_Q(1.0.0),12,3,Q,1986-Q2,0.3,,,,
ABS:ERP_COMP_Q(1.0.0),12,3,Q,1986-Q3,0.5,,,,
ABS:ERP_COMP_Q(1.0.0),12,3,Q,1986-Q4,0.3,,,,
ABS:ERP_COMP_Q(1.0.0),12,3,Q,1987-Q1,0.7,,,,
ABS:ERP_COMP_Q(1.0.0),12,3,Q,1987-Q2,0.5,,,,
ABS:ERP_COMP_Q(1.0.0),12,3,Q,1987-Q3,0.8,,,,
ABS:ERP_COMP_Q(1.0.0),12,3,Q,1987-Q4,-0.6,,,,
ABS:ERP_COMP_Q(1.0.0),12,3,Q,1988-Q1,0.8,,,,
ABS:ERP_COMP_Q(1.0.0),12,3,Q,1988-Q2,-0.2,,,,
ABS:ERP_COMP_Q(1.0.0),12,3,Q,1988-Q3,2.2,,,,
ABS:ERP_COMP_Q(1.0.0),12,3,Q,1988-Q4,0.5,,,,
ABS:ERP_COMP_Q(1.0.0),12,3,Q,1989-Q1,1.1,,,,
ABS:ERP_COMP_Q(1.0.0),12,3,Q,1989-Q2,-1,,,,
ABS:ERP_COMP_Q(1.0.0),12,3,Q,1989-Q3,0.7,,,,
ABS:ERP_COMP_Q(1.0.0),12,3,Q,1989-Q4,0.7,,,,
ABS:ERP_COMP_Q(1.0.0),12,3,Q,1990-Q1,0.8,,,,
ABS:ERP_COMP_Q(1.0.0),12,3,Q,1990-Q2,0.5,,,,
ABS:ERP_COMP_Q(1.0.0),12,3,Q,1990-Q3,-0.2,,,,
ABS:ERP_COMP_Q(1.0.0),12,3,Q,1990-Q4,-1.1,,,,
ABS:ERP_COMP_Q(1.0.0),12,3,Q,1991-Q1,0.6,,,,
ABS:ERP_COMP_Q(1.0.0),12,3,Q,1991-Q2,-0.5,,,,
ABS:ERP_COMP_Q(1.0.0),12,3,Q,1991-Q3,-0.1,,,,
ABS:ERP_COMP_Q(1.0.0),12,3,Q,1991-Q4,-1.7,,,,
ABS:ERP_COMP_Q(1.0.0),12,3,Q,1992-Q1,-0.1,,,,
ABS:ERP_COMP_Q(1.0.0),12,3,Q,1992-Q2,-1.1,,,,
ABS:ERP_COMP_Q(1.0.0),12,3,Q,1992-Q3,-0.6,,,,
ABS:ERP_COMP_Q(1.0.0),12,3,Q,1992-Q4,-1.8,,,,
ABS:ERP_COMP_Q(1.0.0),12,3,Q,1993-Q1,-0.3,,,,
ABS:ERP_COMP_Q(1.0.0),12,3,Q,1993-Q2,-2.1,,,,
ABS:ERP_COMP_Q(1.0.0),12,3,Q,1993-Q3,0.2,,,,
ABS:ERP_COMP_Q(1.0.0),12,3,Q,1993-Q4,-1.3,,,,
ABS:ERP_COMP_Q(1.0.0),12,3,Q,1994-Q1,-0.9,,,,
ABS:ERP_COMP_Q(1.0.0),12,3,Q,1994-Q2,-1.1,,,,
ABS:ERP_COMP_Q(1.0.0),12,3,Q,1994-Q3,0.6,,,,
ABS:ERP_COMP_Q(1.0.0),12,3,Q,1994-Q4,-2.2,,,,
ABS:ERP_COMP_Q(1.0.0),12,3,Q,1995-Q1,-1.1,,,,
ABS:ERP_COMP_Q(1.0.0),12,3,Q,1995-Q2,1,,,,
ABS:ERP_COMP_Q(1.0.0),12,3,Q,1995-Q3,0,,,,
ABS:ERP_COMP_Q(1.0.0),12,3,Q,1995-Q4,0.5,,,,
ABS:ERP_COMP_Q(1.0.0),12,3,Q,1996-Q1,-2.1,,,,
ABS:ERP_COMP_Q(1.0.0),12,3,Q,1996-Q2,0.8,,,,
ABS:ERP_COMP_Q(1.0.0),12,3,Q,1996-Q3,0.7,,,,
ABS:ERP_COMP_Q(1.0.0),12,3,Q,1996-Q4,-0.1,,,,
ABS:ERP_COMP_Q(1.0.0),12,3,Q,1997-Q1,-1.1,,,,
ABS:ERP_COMP_Q(1.0.0),12,3,Q,1997-Q2,-0.8,,,,
ABS:ERP_COMP_Q(1.0.0),12,3,Q,1997-Q3,0,,,,
ABS:ERP_COMP_Q(1.0.0),12,3,Q,1997-Q4,0,,,,
ABS:ERP_COMP_Q(1.0.0),12,3,Q,1998-Q1,0,,,,
ABS:ERP_COMP_Q(1.0.0),12,3,Q,1998-Q2,0,,,,
ABS:ERP_COMP_Q(1.0.0),12,3,Q,1998-Q3,0,,,,
ABS:ERP_COMP_Q(1.0.0),12,3,Q,1998-Q4,0,,,,
ABS:ERP_COMP_Q(1.0.0),12,3,Q,1999-Q1,0,,,,
ABS:ERP_COMP_Q(1.0.0),12,3,Q,1999-Q2,0,,,,
ABS:ERP_COMP_Q(1.0.0),12,3,Q,1999-Q3,0,,,,
ABS:ERP_COMP_Q(1.0.0),12,3,Q,1999-Q4,0,,,,
ABS:ERP_COMP_Q(1.0.0),12,3,Q,2000-Q1,0,,,,
ABS:ERP_COMP_Q(1.0.0),12,3,Q,2000-Q2,0,,,,
ABS:ERP_COMP_Q(1.0.0),12,3,Q,2000-Q3,0,,,,
ABS:ERP_COMP_Q(1.0.0),12,3,Q,2000-Q4,0,,,,
ABS:ERP_COMP_Q(1.0.0),12,3,Q,2001-Q1,0,,,,
ABS:ERP_COMP_Q(1.0.0),12,3,Q,2001-Q2,0,,,,
ABS:ERP_COMP_Q(1.0.0),12,3,Q,2001-Q3,1.2,,,,
ABS:ERP_COMP_Q(1.0.0),12,3,Q,2001-Q4,1.8,,,,
ABS:ERP_COMP_Q(1.0.0),12,3,Q,2002-Q1,-2,,,,
ABS:ERP_COMP_Q(1.0.0),12,3,Q,2002-Q2,0.6,,,,
ABS:ERP_COMP_Q(1.0.0),12,3,Q,2002-Q3,1.6,,,,
ABS:ERP_COMP_Q(1.0.0),12,3,Q,2002-Q4,1.8,,,,
ABS:ERP_COMP_Q(1.0.0),12,3,Q,2003-Q1,-3,,,,
ABS:ERP_COMP_Q(1.0.0),12,3,Q,2003-Q2,-1.1,,,,
ABS:ERP_COMP_Q(1.0.0),12,3,Q,2003-Q3,-1,,,,
ABS:ERP_COMP_Q(1.0.0),12,3,Q,2003-Q4,1.3,,,,
ABS:ERP_COMP_Q(1.0.0),12,3,Q,2004-Q1,-2.2,,,,
ABS:ERP_COMP_Q(1.0.0),12,3,Q,2004-Q2,-0.2,,,,
ABS:ERP_COMP_Q(1.0.0),12,3,Q,2004-Q3,-1.5,,,,
ABS:ERP_COMP_Q(1.0.0),12,3,Q,2004-Q4,2.9,,,,
ABS:ERP_COMP_Q(1.0.0),12,3,Q,2005-Q1,-1.7,,,,
ABS:ERP_COMP_Q(1.0.0),12,3,Q,2005-Q2,1.4,,,,
ABS:ERP_COMP_Q(1.0.0),12,3,Q,2005-Q3,-0.6,,,,
ABS:ERP_COMP_Q(1.0.0),12,3,Q,2005-Q4,2.1,,,,
ABS:ERP_COMP_Q(1.0.0),12,3,Q,2006-Q1,-1.6,,,,
ABS:ERP_COMP_Q(1.0.0),12,3,Q,2006-Q2,0.8,,,,
ABS:ERP_COMP_Q(1.0.0),12,3,Q,2006-Q3,0,,,,
ABS:ERP_COMP_Q(1.0.0),12,3,Q,2006-Q4,0,,,,
ABS:ERP_COMP_Q(1.0.0),12,3,Q,2007-Q1,0,,,,
ABS:ERP_COMP_Q(1.0.0),12,3,Q,2007-Q2,0,,,,
ABS:ERP_COMP_Q(1.0.0),12,3,Q,2007-Q3,0,,,,
ABS:ERP_COMP_Q(1.0.0),12,3,Q,2007-Q4,0,,,,
ABS:ERP_COMP_Q(1.0.0),12,3,Q,2008-Q1,0,,,,
ABS:ERP_COMP_Q(1.0.0),12,3,Q,2008-Q2,0,,,,
ABS:ERP_COMP_Q(1.0.0),12,3,Q,2008-Q3,0,,,,
ABS:ERP_COMP_Q(1.0.0),12,3,Q,2008-Q4,0,,,,
ABS:ERP_COMP_Q(1.0.0),12,3,Q,2009-Q1,0,,,,
ABS:ERP_COMP_Q(1.0.0),12,3,Q,2009-Q2,0,,,,
ABS:ERP_COMP_Q(1.0.0),12,3,Q,2009-Q3,0,,,,
ABS:ERP_COMP_Q(1.0.0),12,3,Q,2009-Q4,0,,,,
ABS:ERP_COMP_Q(1.0.0),12,3,Q,2010-Q1,0,,,,
ABS:ERP_COMP_Q(1.0.0),12,3,Q,2010-Q2,0,,,,
ABS:ERP_COMP_Q(1.0.0),12,3,Q,2010-Q3,0,,,,
ABS:ERP_COMP_Q(1.0.0),12,3,Q,2010-Q4,0,,,,
ABS:ERP_COMP_Q(1.0.0),12,3,Q,2011-Q1,0,,,,
ABS:ERP_COMP_Q(1.0.0),12,3,Q,2011-Q2,0,,,,
ABS:ERP_COMP_Q(1.0.0),12,3,Q,2011-Q3,0,,,,
ABS:ERP_COMP_Q(1.0.0),12,3,Q,2011-Q4,0,,,,
ABS:ERP_COMP_Q(1.0.0),12,3,Q,2012-Q1,0,,,,
ABS:ERP_COMP_Q(1.0.0),12,3,Q,2012-Q2,0,,,,
ABS:ERP_COMP_Q(1.0.0),12,3,Q,2012-Q3,0,,,,
ABS:ERP_COMP_Q(1.0.0),12,3,Q,2012-Q4,0,,,,
ABS:ERP_COMP_Q(1.0.0),12,3,Q,2013-Q1,0,,,,
ABS:ERP_COMP_Q(1.0.0),12,3,Q,2013-Q2,0,,,,
ABS:ERP_COMP_Q(1.0.0),12,3,Q,2013-Q3,0,,,,
ABS:ERP_COMP_Q(1.0.0),12,3,Q,2013-Q4,0,,,,
ABS:ERP_COMP_Q(1.0.0),12,3,Q,2014-Q1,0,,,,
ABS:ERP_COMP_Q(1.0.0),12,3,Q,2014-Q2,0,,,,
ABS:ERP_COMP_Q(1.0.0),12,3,Q,2014-Q3,0,,,,
ABS:ERP_COMP_Q(1.0.0),12,3,Q,2014-Q4,0,,,,
ABS:ERP_COMP_Q(1.0.0),12,3,Q,2015-Q1,0,,,,
ABS:ERP_COMP_Q(1.0.0),12,3,Q,2015-Q2,0,,,,
ABS:ERP_COMP_Q(1.0.0),12,3,Q,2015-Q3,0,,,,
ABS:ERP_COMP_Q(1.0.0),12,3,Q,2015-Q4,0,,,,
ABS:ERP_COMP_Q(1.0.0),12,3,Q,2016-Q1,0,,,,
ABS:ERP_COMP_Q(1.0.0),12,3,Q,2016-Q2,0,,,,
ABS:ERP_COMP_Q(1.0.0),12,3,Q,2016-Q3,0,,,,
ABS:ERP_COMP_Q(1.0.0),12,3,Q,2016-Q4,0,,,,
ABS:ERP_COMP_Q(1.0.0),12,3,Q,2017-Q1,0,,,,
ABS:ERP_COMP_Q(1.0.0),12,3,Q,2017-Q2,0,,,,
ABS:ERP_COMP_Q(1.0.0),12,3,Q,2017-Q3,0,,,,
ABS:ERP_COMP_Q(1.0.0),12,3,Q,2017-Q4,0,,,,
ABS:ERP_COMP_Q(1.0.0),12,3,Q,2018-Q1,0,,,,
ABS:ERP_COMP_Q(1.0.0),12,3,Q,2018-Q2,0,,,,
ABS:ERP_COMP_Q(1.0.0),12,3,Q,2018-Q3,0,,,,
ABS:ERP_COMP_Q(1.0.0),12,3,Q,2018-Q4,0,,,,
ABS:ERP_COMP_Q(1.0.0),12,3,Q,2019-Q1,0,,,,
ABS:ERP_COMP_Q(1.0.0),12,3,Q,2019-Q2,0,,,,
ABS:ERP_COMP_Q(1.0.0),12,3,Q,2019-Q3,0,,,,
ABS:ERP_COMP_Q(1.0.0),12,3,Q,2019-Q4,0,,,,
ABS:ERP_COMP_Q(1.0.0),12,3,Q,2020-Q1,0,,,,
ABS:ERP_COMP_Q(1.0.0),12,3,Q,2020-Q2,0,,,,
ABS:ERP_COMP_Q(1.0.0),12,3,Q,2020-Q3,0,,,,
ABS:ERP_COMP_Q(1.0.0),12,3,Q,2020-Q4,0,,,,
ABS:ERP_COMP_Q(1.0.0),12,3,Q,2021-Q1,0,,,,
ABS:ERP_COMP_Q(1.0.0),12,3,Q,2021-Q2,0,,,,
ABS:ERP_COMP_Q(1.0.0),12,3,Q,2021-Q3,0,,,,
ABS:ERP_COMP_Q(1.0.0),12,3,Q,2021-Q4,0,,,,
ABS:ERP_COMP_Q(1.0.0),12,3,Q,2022-Q1,0,,,,
ABS:ERP_COMP_Q(1.0.0),12,3,Q,2022-Q2,0,,,,
ABS:ERP_COMP_Q(1.0.0),12,3,Q,2022-Q3,0,,,,
ABS:ERP_COMP_Q(1.0.0),12,3,Q,2022-Q4,0,,,,
ABS:ERP_COMP_Q(1.0.0),12,3,Q,2023-Q1,0,,,,
ABS:ERP_COMP_Q(1.0.0),12,3,Q,2023-Q2,0,,,,
ABS:ERP_COMP_Q(1.0.0),12,3,Q,2023-Q3,0,,,,
ABS:ERP_COMP_Q(1.0.0),12,3,Q,2023-Q4,0,,,,
ABS:ERP_COMP_Q(1.0.0),12,3,Q,2024-Q1,0,,,,
ABS:ERP_COMP_Q(1.0.0),12,3,Q,2024-Q2,0,,,,
ABS:ERP_COMP_Q(1.0.0),12,3,Q,2024-Q3,0,,,,
ABS:ERP_COMP_Q(1.0.0),12,3,Q,2024-Q4,0,,,,
ABS:ERP_COMP_Q(1.0.0),12,3,Q,2025-Q1,0,,,,
ABS:ERP_COMP_Q(1.0.0),12,3,Q,2025-Q2,0,,,,
ABS:ERP_COMP_Q(1.0.0),12,3,Q,2025-Q3,0,,,,
ABS:ERP_COMP_Q(1.0.0),12,3,Q,2025-Q4,0,,,,
ABS:ERP_COMP_Q(1.0.0),11,4,Q,1981-Q2,1.6,,,,
ABS:ERP_COMP_Q(1.0.0),11,4,Q,1981-Q3,2.1,,,,
ABS:ERP_COMP_Q(1.0.0),11,4,Q,1981-Q4,2.7,,,,
ABS:ERP_COMP_Q(1.0.0),11,4,Q,1982-Q1,1.9,,,,
ABS:ERP_COMP_Q(1.0.0),11,4,Q,1982-Q2,1.5,,,,
ABS:ERP_COMP_Q(1.0.0),11,4,Q,1982-Q3,1.8,,,,
ABS:ERP_COMP_Q(1.0.0),11,4,Q,1982-Q4,1.9,,,,
ABS:ERP_COMP_Q(1.0.0),11,4,Q,1983-Q1,1.7,,,,
ABS:ERP_COMP_Q(1.0.0),11,4,Q,1983-Q2,1.2,,,,
ABS:ERP_COMP_Q(1.0.0),11,4,Q,1983-Q3,1,,,,
ABS:ERP_COMP_Q(1.0.0),11,4,Q,1983-Q4,1.2,,,,
ABS:ERP_COMP_Q(1.0.0),11,4,Q,1984-Q1,1.1,,,,
ABS:ERP_COMP_Q(1.0.0),11,4,Q,1984-Q2,0.6,,,,
ABS:ERP_COMP_Q(1.0.0),11,4,Q,1984-Q3,0.7,,,,
ABS:ERP_COMP_Q(1.0.0),11,4,Q,1984-Q4,1.5,,,,
ABS:ERP_COMP_Q(1.0.0),11,4,Q,1985-Q1,1,,,,
ABS:ERP_COMP_Q(1.0.0),11,4,Q,1985-Q2,0.8,,,,
ABS:ERP_COMP_Q(1.0.0),11,4,Q,1985-Q3,1,,,,
ABS:ERP_COMP_Q(1.0.0),11,4,Q,1985-Q4,1.3,,,,
ABS:ERP_COMP_Q(1.0.0),11,4,Q,1986-Q1,1.3,,,,
ABS:ERP_COMP_Q(1.0.0),11,4,Q,1986-Q2,1.1,,,,
ABS:ERP_COMP_Q(1.0.0),11,4,Q,1986-Q3,1.4,,,,
ABS:ERP_COMP_Q(1.0.0),11,4,Q,1986-Q4,1.9,,,,
ABS:ERP_COMP_Q(1.0.0),11,4,Q,1987-Q1,1.1,,,,
ABS:ERP_COMP_Q(1.0.0),11,4,Q,1987-Q2,1,,,,
ABS:ERP_COMP_Q(1.0.0),11,4,Q,1987-Q3,1.2,,,,
ABS:ERP_COMP_Q(1.0.0),11,4,Q,1987-Q4,1.7,,,,
ABS:ERP_COMP_Q(1.0.0),11,4,Q,1988-Q1,1.6,,,,
ABS:ERP_COMP_Q(1.0.0),11,4,Q,1988-Q2,1.3,,,,
ABS:ERP_COMP_Q(1.0.0),11,4,Q,1988-Q3,1.8,,,,
ABS:ERP_COMP_Q(1.0.0),11,4,Q,1988-Q4,1.4,,,,
ABS:ERP_COMP_Q(1.0.0),11,4,Q,1989-Q1,1.3,,,,
ABS:ERP_COMP_Q(1.0.0),11,4,Q,1989-Q2,1.2,,,,
ABS:ERP_COMP_Q(1.0.0),11,4,Q,1989-Q3,1.3,,,,
ABS:ERP_COMP_Q(1.0.0),11,4,Q,1989-Q4,1.5,,,,
ABS:ERP_COMP_Q(1.0.0),11,4,Q,1990-Q1,1.2,,,,
ABS:ERP_COMP_Q(1.0.0),11,4,Q,1990-Q2,0.8,,,,
ABS:ERP_COMP_Q(1.0.0),11,4,Q,1990-Q3,1.2,,,,
ABS:ERP_COMP_Q(1.0.0),11,4,Q,1990-Q4,1.5,,,,
ABS:ERP_COMP_Q(1.0.0),11,4,Q,1991-Q1,1.3,,,,
ABS:ERP_COMP_Q(1.0.0),11,4,Q,1991-Q2,1.1,,,,
ABS:ERP_COMP_Q(1.0.0),11,4,Q,1991-Q3,1.1,,,,
ABS:ERP_COMP_Q(1.0.0),11,4,Q,1991-Q4,1,,,,
ABS:ERP_COMP_Q(1.0.0),11,4,Q,1992-Q1,1.2,,,,
ABS:ERP_COMP_Q(1.0.0),11,4,Q,1992-Q2,0.5,,,,
ABS:ERP_COMP_Q(1.0.0),11,4,Q,1992-Q3,0.8,,,,
ABS:ERP_COMP_Q(1.0.0),11,4,Q,1992-Q4,0.8,,,,
ABS:ERP_COMP_Q(1.0.0),11,4,Q,1993-Q1,1.1,,,,
ABS:ERP_COMP_Q(1.0.0),11,4,Q,1993-Q2,0.4,,,,
ABS:ERP_COMP_Q(1.0.0),11,4,Q,1993-Q3,0.9,,,,
ABS:ERP_COMP_Q(1.0.0),11,4,Q,1993-Q4,0.6,,,,
ABS:ERP_COMP_Q(1.0.0),11,4,Q,1994-Q1,1.2,,,,
ABS:ERP_COMP_Q(1.0.0),11,4,Q,1994-Q2,0.3,,,,
ABS:ERP_COMP_Q(1.0.0),11,4,Q,1994-Q3,0.8,,,,
ABS:ERP_COMP_Q(1.0.0),11,4,Q,1994-Q4,0.8,,,,
ABS:ERP_COMP_Q(1.0.0),11,4,Q,1995-Q1,1.3,,,,
ABS:ERP_COMP_Q(1.0.0),11,4,Q,1995-Q2,0.7,,,,
ABS:ERP_COMP_Q(1.0.0),11,4,Q,1995-Q3,1,,,,
ABS:ERP_COMP_Q(1.0.0),11,4,Q,1995-Q4,0.8,,,,
ABS:ERP_COMP_Q(1.0.0),11,4,Q,1996-Q1,1.6,,,,
ABS:ERP_COMP_Q(1.0.0),11,4,Q,1996-Q2,0.5,,,,
ABS:ERP_COMP_Q(1.0.0),11,4,Q,1996-Q3,0.9,,,,
ABS:ERP_COMP_Q(1.0.0),11,4,Q,1996-Q4,0.8,,,,
ABS:ERP_COMP_Q(1.0.0),11,4,Q,1997-Q1,1.5,,,,
ABS:ERP_COMP_Q(1.0.0),11,4,Q,1997-Q2,0.3,,,,
ABS:ERP_COMP_Q(1.0.0),11,4,Q,1997-Q3,0.8,,,,
ABS:ERP_COMP_Q(1.0.0),11,4,Q,1997-Q4,0.8,,,,
ABS:ERP_COMP_Q(1.0.0),11,4,Q,1998-Q1,1.4,,,,
ABS:ERP_COMP_Q(1.0.0),11,4,Q,1998-Q2,0.2,,,,
ABS:ERP_COMP_Q(1.0.0),11,4,Q,1998-Q3,0.2,,,,
ABS:ERP_COMP_Q(1.0.0),11,4,Q,1998-Q4,1.3,,,,
ABS:ERP_COMP_Q(1.0.0),11,4,Q,1999-Q1,1,,,,
ABS:ERP_COMP_Q(1.0.0),11,4,Q,1999-Q2,0.1,,,,
ABS:ERP_COMP_Q(1.0.0),11,4,Q,1999-Q3,1,,,,
ABS:ERP_COMP_Q(1.0.0),11,4,Q,1999-Q4,1.5,,,,
ABS:ERP_COMP_Q(1.0.0),11,4,Q,2000-Q1,1.2,,,,
ABS:ERP_COMP_Q(1.0.0),11,4,Q,2000-Q2,0.1,,,,
ABS:ERP_COMP_Q(1.0.0),11,4,Q,2000-Q3,0.9,,,,
ABS:ERP_COMP_Q(1.0.0),11,4,Q,2000-Q4,0.6,,,,
ABS:ERP_COMP_Q(1.0.0),11,4,Q,2001-Q1,1.3,,,,
ABS:ERP_COMP_Q(1.0.0),11,4,Q,2001-Q2,0,,,,
ABS:ERP_COMP_Q(1.0.0),11,4,Q,2001-Q3,1.1,,,,
ABS:ERP_COMP_Q(1.0.0),11,4,Q,2001-Q4,1.2,,,,
ABS:ERP_COMP_Q(1.0.0),11,4,Q,2002-Q1,1.7,,,,
ABS:ERP_COMP_Q(1.0.0),11,4,Q,2002-Q2,0.5,,,,
ABS:ERP_COMP_Q(1.0.0),11,4,Q,2002-Q3,1.3,,,,
ABS:ERP_COMP_Q(1.0.0),11,4,Q,2002-Q4,0.9,,,,
ABS:ERP_COMP_Q(1.0.0),11,4,Q,2003-Q1,2.8,,,,
ABS:ERP_COMP_Q(1.0.0),11,4,Q,2003-Q2,0.9,,,,
ABS:ERP_COMP_Q(1.0.0),11,4,Q,2003-Q3,2,,,,
ABS:ERP_COMP_Q(1.0.0),11,4,Q,2003-Q4,1.3,,,,
ABS:ERP_COMP_Q(1.0.0),11,4,Q,2004-Q1,3.4,,,,
ABS:ERP_COMP_Q(1.0.0),11,4,Q,2004-Q2,1,,,,
ABS:ERP_COMP_Q(1.0.0),11,4,Q,2004-Q3,2.4,,,,
ABS:ERP_COMP_Q(1.0.0),11,4,Q,2004-Q4,1.5,,,,
ABS:ERP_COMP_Q(1.0.0),11,4,Q,2005-Q1,4.6,,,,
ABS:ERP_COMP_Q(1.0.0),11,4,Q,2005-Q2,1.6,,,,
ABS:ERP_COMP_Q(1.0.0),11,4,Q,2005-Q3,3.4,,,,
ABS:ERP_COMP_Q(1.0.0),11,4,Q,2005-Q4,2.4,,,,
ABS:ERP_COMP_Q(1.0.0),11,4,Q,2006-Q1,5.1,,,,
ABS:ERP_COMP_Q(1.0.0),11,4,Q,2006-Q2,2.3,,,,
ABS:ERP_COMP_Q(1.0.0),11,4,Q,2006-Q3,3.7,,,,
ABS:ERP_COMP_Q(1.0.0),11,4,Q,2006-Q4,3.5,,,,
ABS:ERP_COMP_Q(1.0.0),11,4,Q,2007-Q1,4.8,,,,
ABS:ERP_COMP_Q(1.0.0),11,4,Q,2007-Q2,2.6,,,,
ABS:ERP_COMP_Q(1.0.0),11,4,Q,2007-Q3,3.3,,,,
ABS:ERP_COMP_Q(1.0.0),11,4,Q,2007-Q4,3,,,,
ABS:ERP_COMP_Q(1.0.0),11,4,Q,2008-Q1,5.2,,,,
ABS:ERP_COMP_Q(1.0.0),11,4,Q,2008-Q2,3.7,,,,
ABS:ERP_COMP_Q(1.0.0),11,4,Q,2008-Q3,4.7,,,,
ABS:ERP_COMP_Q(1.0.0),11,4,Q,2008-Q4,4,,,,
ABS:ERP_COMP_Q(1.0.0),11,4,Q,2009-Q1,5.6,,,,
ABS:ERP_COMP_Q(1.0.0),11,4,Q,2009-Q2,3.8,,,,
ABS:ERP_COMP_Q(1.0.0),11,4,Q,2009-Q3,4.6,,,,
ABS:ERP_COMP_Q(1.0.0),11,4,Q,2009-Q4,3.2,,,,
ABS:ERP_COMP_Q(1.0.0),11,4,Q,2010-Q1,4.4,,,,
ABS:ERP_COMP_Q(1.0.0),11,4,Q,2010-Q2,2.4,,,,
ABS:ERP_COMP_Q(1.0.0),11,4,Q,2010-Q3,2.5,,,,
ABS:ERP_COMP_Q(1.0.0),11,4,Q,2010-Q4,1.7,,,,
ABS:ERP_COMP_Q(1.0.0),11,4,Q,2011-Q1,2.9,,,,
ABS:ERP_COMP_Q(1.0.0),11,4,Q,2011-Q2,2,,,,
ABS:ERP_COMP_Q(1.0.0),11,4,Q,2011-Q3,2.8,,,,
ABS:ERP_COMP_Q(1.0.0),11,4,Q,2011-Q4,2.7,,,,
ABS:ERP_COMP_Q(1.0.0),11,4,Q,2012-Q1,4.3,,,,
ABS:ERP_COMP_Q(1.0.0),11,4,Q,2012-Q2,2.6,,,,
ABS:ERP_COMP_Q(1.0.0),11,4,Q,2012-Q3,2.9,,,,
ABS:ERP_COMP_Q(1.0.0),11,4,Q,2012-Q4,2.1,,,,
ABS:ERP_COMP_Q(1.0.0),11,4,Q,2013-Q1,4,,,,
ABS:ERP_COMP_Q(1.0.0),11,4,Q,2013-Q2,2.7,,,,
ABS:ERP_COMP_Q(1.0.0),11,4,Q,2013-Q3,3.2,,,,
ABS:ERP_COMP_Q(1.0.0),11,4,Q,2013-Q4,2.3,,,,
ABS:ERP_COMP_Q(1.0.0),11,4,Q,2014-Q1,4.1,,,,
ABS:ERP_COMP_Q(1.0.0),11,4,Q,2014-Q2,2.2,,,,
ABS:ERP_COMP_Q(1.0.0),11,4,Q,2014-Q3,2.6,,,,
ABS:ERP_COMP_Q(1.0.0),11,4,Q,2014-Q4,2.2,,,,
ABS:ERP_COMP_Q(1.0.0),11,4,Q,2015-Q1,4.3,,,,
ABS:ERP_COMP_Q(1.0.0),11,4,Q,2015-Q2,2.1,,,,
ABS:ERP_COMP_Q(1.0.0),11,4,Q,2015-Q3,2.7,,,,
ABS:ERP_COMP_Q(1.0.0),11,4,Q,2015-Q4,2.1,,,,
ABS:ERP_COMP_Q(1.0.0),11,4,Q,2016-Q1,3.9,,,,
ABS:ERP_COMP_Q(1.0.0),11,4,Q,2016-Q2,2.5,,,,
ABS:ERP_COMP_Q(1.0.0),11,4,Q,2016-Q3,3.4,,,,
ABS:ERP_COMP_Q(1.0.0),11,4,Q,2016-Q4,2.3,,,,
ABS:ERP_COMP_Q(1.0.0),11,4,Q,2017-Q1,4.2,,,,
ABS:ERP_COMP_Q(1.0.0),11,4,Q,2017-Q2,2.3,,,,
ABS:ERP_COMP_Q(1.0.0),11,4,Q,2017-Q3,3.6,,,,
ABS:ERP_COMP_Q(1.0.0),11,4,Q,2017-Q4,2,,,,
ABS:ERP_COMP_Q(1.0.0),11,4,Q,2018-Q1,4.7,,,,
ABS:ERP_COMP_Q(1.0.0),11,4,Q,2018-Q2,2.4,,,,
ABS:ERP_COMP_Q(1.0.0),11,4,Q,2018-Q3,4.3,,,,
ABS:ERP_COMP_Q(1.0.0),11,4,Q,2018-Q4,2.5,,,,
ABS:ERP_COMP_Q(1.0.0),11,4,Q,2019-Q1,5.2,,,,
ABS:ERP_COMP_Q(1.0.0),11,4,Q,2019-Q2,3.1,,,,
ABS:ERP_COMP_Q(1.0.0),11,4,Q,2019-Q3,5.1,,,,
ABS:ERP_COMP_Q(1.0.0),11,4,Q,2019-Q4,3.3,,,,
ABS:ERP_COMP_Q(1.0.0),11,4,Q,2020-Q1,6.6,,,,
ABS:ERP_COMP_Q(1.0.0),11,4,Q,2020-Q2,0,,,,
ABS:ERP_COMP_Q(1.0.0),11,4,Q,2020-Q3,-1.2,,,,
ABS:ERP_COMP_Q(1.0.0),11,4,Q,2020-Q4,-1.3,,,,
ABS:ERP_COMP_Q(1.0.0),11,4,Q,2021-Q1,-0.8,,,,
ABS:ERP_COMP_Q(1.0.0),11,4,Q,2021-Q2,0.5,,,,
ABS:ERP_COMP_Q(1.0.0),11,4,Q,2021-Q3,-0.4,,,,
ABS:ERP_COMP_Q(1.0.0),11,4,Q,2021-Q4,2,,,,
ABS:ERP_COMP_Q(1.0.0),11,4,Q,2022-Q1,8,,,,
ABS:ERP_COMP_Q(1.0.0),11,4,Q,2022-Q2,5,,,,
ABS:ERP_COMP_Q(1.0.0),11,4,Q,2022-Q3,7.3,,,,
ABS:ERP_COMP_Q(1.0.0),11,4,Q,2022-Q4,6,,,,
ABS:ERP_COMP_Q(1.0.0),11,4,Q,2023-Q1,9.7,,,,
ABS:ERP_COMP_Q(1.0.0),11,4,Q,2023-Q2,6.3,,,,
ABS:ERP_COMP_Q(1.0.0),11,4,Q,2023-Q3,7.8,,,,
ABS:ERP_COMP_Q(1.0.0),11,4,Q,2023-Q4,4.9,,,,
ABS:ERP_COMP_Q(1.0.0),11,4,Q,2024-Q1,7.3,,,,
ABS:ERP_COMP_Q(1.0.0),11,4,Q,2024-Q2,3.3,,,,
ABS:ERP_COMP_Q(1.0.0),11,4,Q,2024-Q3,5,,,,
ABS:ERP_COMP_Q(1.0.0),11,4,Q,2024-Q4,4.1,,,,
ABS:ERP_COMP_Q(1.0.0),11,4,Q,2025-Q1,6.8,,,,
ABS:ERP_COMP_Q(1.0.0),11,4,Q,2025-Q2,3.2,,,,
ABS:ERP_COMP_Q(1.0.0),11,4,Q,2025-Q3,5.4,,,,
ABS:ERP_COMP_Q(1.0.0),11,4,Q,2025-Q4,3.1,,,,
ABS:ERP_COMP_Q(1.0.0),8,1,Q,1981-Q2,7.2,,,,
ABS:ERP_COMP_Q(1.0.0),8,1,Q,1981-Q3,7,,,,
ABS:ERP_COMP_Q(1.0.0),8,1,Q,1981-Q4,8.1,,,,
ABS:ERP_COMP_Q(1.0.0),8,1,Q,1982-Q1,9.5,,,,
ABS:ERP_COMP_Q(1.0.0),8,1,Q,1982-Q2,7.7,,,,
ABS:ERP_COMP_Q(1.0.0),8,1,Q,1982-Q3,7.7,,,,
ABS:ERP_COMP_Q(1.0.0),8,1,Q,1982-Q4,9.2,,,,
ABS:ERP_COMP_Q(1.0.0),8,1,Q,1983-Q1,10.9,,,,
ABS:ERP_COMP_Q(1.0.0),8,1,Q,1983-Q2,8.5,,,,
ABS:ERP_COMP_Q(1.0.0),8,1,Q,1983-Q3,8.7,,,,
ABS:ERP_COMP_Q(1.0.0),8,1,Q,1983-Q4,9.1,,,,
ABS:ERP_COMP_Q(1.0.0),8,1,Q,1984-Q1,9.8,,,,
ABS:ERP_COMP_Q(1.0.0),8,1,Q,1984-Q2,8.2,,,,
ABS:ERP_COMP_Q(1.0.0),8,1,Q,1984-Q3,8,,,,
ABS:ERP_COMP_Q(1.0.0),8,1,Q,1984-Q4,9,,,,
ABS:ERP_COMP_Q(1.0.0),8,1,Q,1985-Q1,9.8,,,,
ABS:ERP_COMP_Q(1.0.0),8,1,Q,1985-Q2,8.3,,,,
ABS:ERP_COMP_Q(1.0.0),8,1,Q,1985-Q3,8.3,,,,
ABS:ERP_COMP_Q(1.0.0),8,1,Q,1985-Q4,8.6,,,,
ABS:ERP_COMP_Q(1.0.0),8,1,Q,1986-Q1,9.9,,,,
ABS:ERP_COMP_Q(1.0.0),8,1,Q,1986-Q2,8.6,,,,
ABS:ERP_COMP_Q(1.0.0),8,1,Q,1986-Q3,8.2,,,,
ABS:ERP_COMP_Q(1.0.0),8,1,Q,1986-Q4,9,,,,
ABS:ERP_COMP_Q(1.0.0),8,1,Q,1987-Q1,10.6,,,,
ABS:ERP_COMP_Q(1.0.0),8,1,Q,1987-Q2,8.5,,,,
ABS:ERP_COMP_Q(1.0.0),8,1,Q,1987-Q3,8.9,,,,
ABS:ERP_COMP_Q(1.0.0),8,1,Q,1987-Q4,8.8,,,,
ABS:ERP_COMP_Q(1.0.0),8,1,Q,1988-Q1,10.9,,,,
ABS:ERP_COMP_Q(1.0.0),8,1,Q,1988-Q2,9.1,,,,
ABS:ERP_COMP_Q(1.0.0),8,1,Q,1988-Q3,9.6,,,,
ABS:ERP_COMP_Q(1.0.0),8,1,Q,1988-Q4,10.5,,,,
ABS:ERP_COMP_Q(1.0.0),8,1,Q,1989-Q1,12.3,,,,
ABS:ERP_COMP_Q(1.0.0),8,1,Q,1989-Q2,10.6,,,,
ABS:ERP_COMP_Q(1.0.0),8,1,Q,1989-Q3,10.6,,,,
ABS:ERP_COMP_Q(1.0.0),8,1,Q,1989-Q4,11.9,,,,
ABS:ERP_COMP_Q(1.0.0),8,1,Q,1990-Q1,13.4,,,,
ABS:ERP_COMP_Q(1.0.0),8,1,Q,1990-Q2,12.2,,,,
ABS:ERP_COMP_Q(1.0.0),8,1,Q,1990-Q3,12.6,,,,
ABS:ERP_COMP_Q(1.0.0),8,1,Q,1990-Q4,13.8,,,,
ABS:ERP_COMP_Q(1.0.0),8,1,Q,1991-Q1,15.3,,,,
ABS:ERP_COMP_Q(1.0.0),8,1,Q,1991-Q2,12.9,,,,
ABS:ERP_COMP_Q(1.0.0),8,1,Q,1991-Q3,13.7,,,,
ABS:ERP_COMP_Q(1.0.0),8,1,Q,1991-Q4,15.3,,,,
ABS:ERP_COMP_Q(1.0.0),8,1,Q,1992-Q1,16,,,,
ABS:ERP_COMP_Q(1.0.0),8,1,Q,1992-Q2,13.4,,,,
ABS:ERP_COMP_Q(1.0.0),8,1,Q,1992-Q3,14.1,,,,
ABS:ERP_COMP_Q(1.0.0),8,1,Q,1992-Q4,15.2,,,,
ABS:ERP_COMP_Q(1.0.0),8,1,Q,1993-Q1,15.6,,,,
ABS:ERP_COMP_Q(1.0.0),8,1,Q,1993-Q2,13.1,,,,
ABS:ERP_COMP_Q(1.0.0),8,1,Q,1993-Q3,13.8,,,,
ABS:ERP_COMP_Q(1.0.0),8,1,Q,1993-Q4,14.8,,,,
ABS:ERP_COMP_Q(1.0.0),8,1,Q,1994-Q1,15.3,,,,
ABS:ERP_COMP_Q(1.0.0),8,1,Q,1994-Q2,13.2,,,,
ABS:ERP_COMP_Q(1.0.0),8,1,Q,1994-Q3,13.4,,,,
ABS:ERP_COMP_Q(1.0.0),8,1,Q,1994-Q4,15.4,,,,
ABS:ERP_COMP_Q(1.0.0),8,1,Q,1995-Q1,16.1,,,,
ABS:ERP_COMP_Q(1.0.0),8,1,Q,1995-Q2,13.1,,,,
ABS:ERP_COMP_Q(1.0.0),8,1,Q,1995-Q3,14.1,,,,
ABS:ERP_COMP_Q(1.0.0),8,1,Q,1995-Q4,15.8,,,,
ABS:ERP_COMP_Q(1.0.0),8,1,Q,1996-Q1,16.4,,,,
ABS:ERP_COMP_Q(1.0.0),8,1,Q,1996-Q2,13.9,,,,
ABS:ERP_COMP_Q(1.0.0),8,1,Q,1996-Q3,14.7,,,,
ABS:ERP_COMP_Q(1.0.0),8,1,Q,1996-Q4,17.7,,,,
ABS:ERP_COMP_Q(1.0.0),8,1,Q,1997-Q1,18.6,,,,
ABS:ERP_COMP_Q(1.0.0),8,1,Q,1997-Q2,15.9,,,,
ABS:ERP_COMP_Q(1.0.0),8,1,Q,1997-Q3,17.5,,,,
ABS:ERP_COMP_Q(1.0.0),8,1,Q,1997-Q4,19.6,,,,
ABS:ERP_COMP_Q(1.0.0),8,1,Q,1998-Q1,20.1,,,,
ABS:ERP_COMP_Q(1.0.0),8,1,Q,1998-Q2,19.1,,,,
ABS:ERP_COMP_Q(1.0.0),8,1,Q,1998-Q3,16.8,,,,
ABS:ERP_COMP_Q(1.0.0),8,1,Q,1998-Q4,19.5,,,,
ABS:ERP_COMP_Q(1.0.0),8,1,Q,1999-Q1,19.9,,,,
ABS:ERP_COMP_Q(1.0.0),8,1,Q,1999-Q2,16.8,,,,
ABS:ERP_COMP_Q(1.0.0),8,1,Q,1999-Q3,19.3,,,,
ABS:ERP_COMP_Q(1.0.0),8,1,Q,1999-Q4,21,,,,
ABS:ERP_COMP_Q(1.0.0),8,1,Q,2000-Q1,24.8,,,,
ABS:ERP_COMP_Q(1.0.0),8,1,Q,2000-Q2,21.3,,,,
ABS:ERP_COMP_Q(1.0.0),8,1,Q,2000-Q3,22,,,,
ABS:ERP_COMP_Q(1.0.0),8,1,Q,2000-Q4,26.1,,,,
ABS:ERP_COMP_Q(1.0.0),8,1,Q,2001-Q1,27,,,,
ABS:ERP_COMP_Q(1.0.0),8,1,Q,2001-Q2,21.8,,,,
ABS:ERP_COMP_Q(1.0.0),8,1,Q,2001-Q3,22.7,,,,
ABS:ERP_COMP_Q(1.0.0),8,1,Q,2001-Q4,22.9,,,,
ABS:ERP_COMP_Q(1.0.0),8,1,Q,2002-Q1,26.2,,,,
ABS:ERP_COMP_Q(1.0.0),8,1,Q,2002-Q2,21.2,,,,
ABS:ERP_COMP_Q(1.0.0),8,1,Q,2002-Q3,22.6,,,,
ABS:ERP_COMP_Q(1.0.0),8,1,Q,2002-Q4,23.6,,,,
ABS:ERP_COMP_Q(1.0.0),8,1,Q,2003-Q1,25.1,,,,
ABS:ERP_COMP_Q(1.0.0),8,1,Q,2003-Q2,20.3,,,,
ABS:ERP_COMP_Q(1.0.0),8,1,Q,2003-Q3,23.3,,,,
ABS:ERP_COMP_Q(1.0.0),8,1,Q,2003-Q4,24.9,,,,
ABS:ERP_COMP_Q(1.0.0),8,1,Q,2004-Q1,26.6,,,,
ABS:ERP_COMP_Q(1.0.0),8,1,Q,2004-Q2,23.3,,,,
ABS:ERP_COMP_Q(1.0.0),8,1,Q,2004-Q3,23.7,,,,
ABS:ERP_COMP_Q(1.0.0),8,1,Q,2004-Q4,26.9,,,,
ABS:ERP_COMP_Q(1.0.0),8,1,Q,2005-Q1,28.6,,,,
ABS:ERP_COMP_Q(1.0.0),8,1,Q,2005-Q2,23.5,,,,
ABS:ERP_COMP_Q(1.0.0),8,1,Q,2005-Q3,24.7,,,,
ABS:ERP_COMP_Q(1.0.0),8,1,Q,2005-Q4,26.6,,,,
ABS:ERP_COMP_Q(1.0.0),8,1,Q,2006-Q1,28.9,,,,
ABS:ERP_COMP_Q(1.0.0),8,1,Q,2006-Q2,24.7,,,,
ABS:ERP_COMP_Q(1.0.0),8,1,Q,2006-Q3,19.2,,,,
ABS:ERP_COMP_Q(1.0.0),8,1,Q,2006-Q4,19.9,,,,
ABS:ERP_COMP_Q(1.0.0),8,1,Q,2007-Q1,18.9,,,,
ABS:ERP_COMP_Q(1.0.0),8,1,Q,2007-Q2,19.1,,,,
ABS:ERP_COMP_Q(1.0.0),8,1,Q,2007-Q3,20.7,,,,
ABS:ERP_COMP_Q(1.0.0),8,1,Q,2007-Q4,22.3,,,,
ABS:ERP_COMP_Q(1.0.0),8,1,Q,2008-Q1,20.2,,,,
ABS:ERP_COMP_Q(1.0.0),8,1,Q,2008-Q2,20.5,,,,
ABS:ERP_COMP_Q(1.0.0),8,1,Q,2008-Q3,20.3,,,,
ABS:ERP_COMP_Q(1.0.0),8,1,Q,2008-Q4,21.1,,,,
ABS:ERP_COMP_Q(1.0.0),8,1,Q,2009-Q1,22,,,,
ABS:ERP_COMP_Q(1.0.0),8,1,Q,2009-Q2,18.8,,,,
ABS:ERP_COMP_Q(1.0.0),8,1,Q,2009-Q3,21.3,,,,
ABS:ERP_COMP_Q(1.0.0),8,1,Q,2009-Q4,22.8,,,,
ABS:ERP_COMP_Q(1.0.0),8,1,Q,2010-Q1,22,,,,
ABS:ERP_COMP_Q(1.0.0),8,1,Q,2010-Q2,20.9,,,,
ABS:ERP_COMP_Q(1.0.0),8,1,Q,2010-Q3,24.3,,,,
ABS:ERP_COMP_Q(1.0.0),8,1,Q,2010-Q4,24,,,,
ABS:ERP_COMP_Q(1.0.0),8,1,Q,2011-Q1,21.5,,,,
ABS:ERP_COMP_Q(1.0.0),8,1,Q,2011-Q2,20.5,,,,
ABS:ERP_COMP_Q(1.0.0),8,1,Q,2011-Q3,21.7,,,,
ABS:ERP_COMP_Q(1.0.0),8,1,Q,2011-Q4,23.6,,,,
ABS:ERP_COMP_Q(1.0.0),8,1,Q,2012-Q1,19.4,,,,
ABS:ERP_COMP_Q(1.0.0),8,1,Q,2012-Q2,18.9,,,,
ABS:ERP_COMP_Q(1.0.0),8,1,Q,2012-Q3,21.5,,,,
ABS:ERP_COMP_Q(1.0.0),8,1,Q,2012-Q4,22.1,,,,
ABS:ERP_COMP_Q(1.0.0),8,1,Q,2013-Q1,22.6,,,,
ABS:ERP_COMP_Q(1.0.0),8,1,Q,2013-Q2,19.7,,,,
ABS:ERP_COMP_Q(1.0.0),8,1,Q,2013-Q3,23.7,,,,
ABS:ERP_COMP_Q(1.0.0),8,1,Q,2013-Q4,23.6,,,,
ABS:ERP_COMP_Q(1.0.0),8,1,Q,2014-Q1,20.5,,,,
ABS:ERP_COMP_Q(1.0.0),8,1,Q,2014-Q2,20.8,,,,
ABS:ERP_COMP_Q(1.0.0),8,1,Q,2014-Q3,23.5,,,,
ABS:ERP_COMP_Q(1.0.0),8,1,Q,2014-Q4,23.8,,,,
ABS:ERP_COMP_Q(1.0.0),8,1,Q,2015-Q1,21.6,,,,
ABS:ERP_COMP_Q(1.0.0),8,1,Q,2015-Q2,21.7,,,,
ABS:ERP_COMP_Q(1.0.0),8,1,Q,2015-Q3,24.2,,,,
ABS:ERP_COMP_Q(1.0.0),8,1,Q,2015-Q4,23.9,,,,
ABS:ERP_COMP_Q(1.0.0),8,1,Q,2016-Q1,21.5,,,,
ABS:ERP_COMP_Q(1.0.0),8,1,Q,2016-Q2,21.3,,,,
ABS:ERP_COMP_Q(1.0.0),8,1,Q,2016-Q3,23.4,,,,
ABS:ERP_COMP_Q(1.0.0),8,1,Q,2016-Q4,24.4,,,,
ABS:ERP_COMP_Q(1.0.0),8,1,Q,2017-Q1,23.1,,,,
ABS:ERP_COMP_Q(1.0.0),8,1,Q,2017-Q2,21.9,,,,
ABS:ERP_COMP_Q(1.0.0),8,1,Q,2017-Q3,25.5,,,,
ABS:ERP_COMP_Q(1.0.0),8,1,Q,2017-Q4,29,,,,
ABS:ERP_COMP_Q(1.0.0),8,1,Q,2018-Q1,23.6,,,,
ABS:ERP_COMP_Q(1.0.0),8,1,Q,2018-Q2,22.7,,,,
ABS:ERP_COMP_Q(1.0.0),8,1,Q,2018-Q3,26.3,,,,
ABS:ERP_COMP_Q(1.0.0),8,1,Q,2018-Q4,27,,,,
ABS:ERP_COMP_Q(1.0.0),8,1,Q,2019-Q1,24.8,,,,
ABS:ERP_COMP_Q(1.0.0),8,1,Q,2019-Q2,31.7,,,,
ABS:ERP_COMP_Q(1.0.0),8,1,Q,2019-Q3,32.9,,,,
ABS:ERP_COMP_Q(1.0.0),8,1,Q,2019-Q4,40.1,,,,
ABS:ERP_COMP_Q(1.0.0),8,1,Q,2020-Q1,32.7,,,,
ABS:ERP_COMP_Q(1.0.0),8,1,Q,2020-Q2,8.9,,,,
ABS:ERP_COMP_Q(1.0.0),8,1,Q,2020-Q3,20.7,,,,
ABS:ERP_COMP_Q(1.0.0),8,1,Q,2020-Q4,22.2,,,,
ABS:ERP_COMP_Q(1.0.0),8,1,Q,2021-Q1,19.2,,,,
ABS:ERP_COMP_Q(1.0.0),8,1,Q,2021-Q2,15.7,,,,
ABS:ERP_COMP_Q(1.0.0),8,1,Q,2021-Q3,18.2,,,,
ABS:ERP_COMP_Q(1.0.0),8,1,Q,2021-Q4,21.9,,,,
ABS:ERP_COMP_Q(1.0.0),8,1,Q,2022-Q1,19.7,,,,
ABS:ERP_COMP_Q(1.0.0),8,1,Q,2022-Q2,21.7,,,,
ABS:ERP_COMP_Q(1.0.0),8,1,Q,2022-Q3,19,,,,
ABS:ERP_COMP_Q(1.0.0),8,1,Q,2022-Q4,17.2,,,,
ABS:ERP_COMP_Q(1.0.0),8,1,Q,2023-Q1,17.8,,,,
ABS:ERP_COMP_Q(1.0.0),8,1,Q,2023-Q2,17.8,,,,
ABS:ERP_COMP_Q(1.0.0),8,1,Q,2023-Q3,18.7,,,,
ABS:ERP_COMP_Q(1.0.0),8,1,Q,2023-Q4,20.3,,,,
ABS:ERP_COMP_Q(1.0.0),8,1,Q,2024-Q1,19.8,,,,
ABS:ERP_COMP_Q(1.0.0),8,1,Q,2024-Q2,23.4,,,,
ABS:ERP_COMP_Q(1.0.0),8,1,Q,2024-Q3,24.5,,,,
ABS:ERP_COMP_Q(1.0.0),8,1,Q,2024-Q4,25.9,,,,
ABS:ERP_COMP_Q(1.0.0),8,1,Q,2025-Q1,21.3,,,,
ABS:ERP_COMP_Q(1.0.0),8,1,Q,2025-Q2,22.2,,,,
ABS:ERP_COMP_Q(1.0.0),8,1,Q,2025-Q3,22.9,,,,
ABS:ERP_COMP_Q(1.0.0),8,1,Q,2025-Q4,23.9,,,,
ABS:ERP_COMP_Q(1.0.0),12,1,Q,1981-Q2,-1.4,,,,
ABS:ERP_COMP_Q(1.0.0),12,1,Q,1981-Q3,1.3,,,,
ABS:ERP_COMP_Q(1.0.0),12,1,Q,1981-Q4,-0.2,,,,
ABS:ERP_COMP_Q(1.0.0),12,1,Q,1982-Q1,-0.4,,,,
ABS:ERP_COMP_Q(1.0.0),12,1,Q,1982-Q2,1.2,,,,
ABS:ERP_COMP_Q(1.0.0),12,1,Q,1982-Q3,0.9,,,,
ABS:ERP_COMP_Q(1.0.0),12,1,Q,1982-Q4,-1.9,,,,
ABS:ERP_COMP_Q(1.0.0),12,1,Q,1983-Q1,0.4,,,,
ABS:ERP_COMP_Q(1.0.0),12,1,Q,1983-Q2,-0.3,,,,
ABS:ERP_COMP_Q(1.0.0),12,1,Q,1983-Q3,1.2,,,,
ABS:ERP_COMP_Q(1.0.0),12,1,Q,1983-Q4,-0.7,,,,
ABS:ERP_COMP_Q(1.0.0),12,1,Q,1984-Q1,-1.2,,,,
ABS:ERP_COMP_Q(1.0.0),12,1,Q,1984-Q2,1.6,,,,
ABS:ERP_COMP_Q(1.0.0),12,1,Q,1984-Q3,1.4,,,,
ABS:ERP_COMP_Q(1.0.0),12,1,Q,1984-Q4,-0.8,,,,
ABS:ERP_COMP_Q(1.0.0),12,1,Q,1985-Q1,0.7,,,,
ABS:ERP_COMP_Q(1.0.0),12,1,Q,1985-Q2,0.9,,,,
ABS:ERP_COMP_Q(1.0.0),12,1,Q,1985-Q3,1.6,,,,
ABS:ERP_COMP_Q(1.0.0),12,1,Q,1985-Q4,0.8,,,,
ABS:ERP_COMP_Q(1.0.0),12,1,Q,1986-Q1,-0.7,,,,
ABS:ERP_COMP_Q(1.0.0),12,1,Q,1986-Q2,0.8,,,,
ABS:ERP_COMP_Q(1.0.0),12,1,Q,1986-Q3,1.5,,,,
ABS:ERP_COMP_Q(1.0.0),12,1,Q,1986-Q4,1,,,,
ABS:ERP_COMP_Q(1.0.0),12,1,Q,1987-Q1,2.5,,,,
ABS:ERP_COMP_Q(1.0.0),12,1,Q,1987-Q2,1.7,,,,
ABS:ERP_COMP_Q(1.0.0),12,1,Q,1987-Q3,2.5,,,,
ABS:ERP_COMP_Q(1.0.0),12,1,Q,1987-Q4,-1.8,,,,
ABS:ERP_COMP_Q(1.0.0),12,1,Q,1988-Q1,2.2,,,,
ABS:ERP_COMP_Q(1.0.0),12,1,Q,1988-Q2,-0.5,,,,
ABS:ERP_COMP_Q(1.0.0),12,1,Q,1988-Q3,6.3,,,,
ABS:ERP_COMP_Q(1.0.0),12,1,Q,1988-Q4,1.4,,,,
ABS:ERP_COMP_Q(1.0.0),12,1,Q,1989-Q1,2.9,,,,
ABS:ERP_COMP_Q(1.0.0),12,1,Q,1989-Q2,-2.7,,,,
ABS:ERP_COMP_Q(1.0.0),12,1,Q,1989-Q3,1.9,,,,
ABS:ERP_COMP_Q(1.0.0),12,1,Q,1989-Q4,2.3,,,,
ABS:ERP_COMP_Q(1.0.0),12,1,Q,1990-Q1,2.4,,,,
ABS:ERP_COMP_Q(1.0.0),12,1,Q,1990-Q2,1.5,,,,
ABS:ERP_COMP_Q(1.0.0),12,1,Q,1990-Q3,-0.5,,,,
ABS:ERP_COMP_Q(1.0.0),12,1,Q,1990-Q4,-3.3,,,,
ABS:ERP_COMP_Q(1.0.0),12,1,Q,1991-Q1,1.8,,,,
ABS:ERP_COMP_Q(1.0.0),12,1,Q,1991-Q2,-1.4,,,,
ABS:ERP_COMP_Q(1.0.0),12,1,Q,1991-Q3,-0.3,,,,
ABS:ERP_COMP_Q(1.0.0),12,1,Q,1991-Q4,-5.2,,,,
ABS:ERP_COMP_Q(1.0.0),12,1,Q,1992-Q1,-0.4,,,,
ABS:ERP_COMP_Q(1.0.0),12,1,Q,1992-Q2,-3.1,,,,
ABS:ERP_COMP_Q(1.0.0),12,1,Q,1992-Q3,-1.7,,,,
ABS:ERP_COMP_Q(1.0.0),12,1,Q,1992-Q4,-5.6,,,,
ABS:ERP_COMP_Q(1.0.0),12,1,Q,1993-Q1,-0.8,,,,
ABS:ERP_COMP_Q(1.0.0),12,1,Q,1993-Q2,-5.7,,,,
ABS:ERP_COMP_Q(1.0.0),12,1,Q,1993-Q3,0.6,,,,
ABS:ERP_COMP_Q(1.0.0),12,1,Q,1993-Q4,-3.7,,,,
ABS:ERP_COMP_Q(1.0.0),12,1,Q,1994-Q1,-2.5,,,,
ABS:ERP_COMP_Q(1.0.0),12,1,Q,1994-Q2,-3.2,,,,
ABS:ERP_COMP_Q(1.0.0),12,1,Q,1994-Q3,1.8,,,,
ABS:ERP_COMP_Q(1.0.0),12,1,Q,1994-Q4,-6.5,,,,
ABS:ERP_COMP_Q(1.0.0),12,1,Q,1995-Q1,-3.1,,,,
ABS:ERP_COMP_Q(1.0.0),12,1,Q,1995-Q2,2.6,,,,
ABS:ERP_COMP_Q(1.0.0),12,1,Q,1995-Q3,0.1,,,,
ABS:ERP_COMP_Q(1.0.0),12,1,Q,1995-Q4,1.6,,,,
ABS:ERP_COMP_Q(1.0.0),12,1,Q,1996-Q1,-5.9,,,,
ABS:ERP_COMP_Q(1.0.0),12,1,Q,1996-Q2,2.1,,,,
ABS:ERP_COMP_Q(1.0.0),12,1,Q,1996-Q3,1.9,,,,
ABS:ERP_COMP_Q(1.0.0),12,1,Q,1996-Q4,-0.3,,,,
ABS:ERP_COMP_Q(1.0.0),12,1,Q,1997-Q1,-2.6,,,,
ABS:ERP_COMP_Q(1.0.0),12,1,Q,1997-Q2,-1.9,,,,
ABS:ERP_COMP_Q(1.0.0),12,1,Q,1997-Q3,0,,,,
ABS:ERP_COMP_Q(1.0.0),12,1,Q,1997-Q4,0,,,,
ABS:ERP_COMP_Q(1.0.0),12,1,Q,1998-Q1,0,,,,
ABS:ERP_COMP_Q(1.0.0),12,1,Q,1998-Q2,0,,,,
ABS:ERP_COMP_Q(1.0.0),12,1,Q,1998-Q3,0,,,,
ABS:ERP_COMP_Q(1.0.0),12,1,Q,1998-Q4,0,,,,
ABS:ERP_COMP_Q(1.0.0),12,1,Q,1999-Q1,0,,,,
ABS:ERP_COMP_Q(1.0.0),12,1,Q,1999-Q2,0,,,,
ABS:ERP_COMP_Q(1.0.0),12,1,Q,1999-Q3,0,,,,
ABS:ERP_COMP_Q(1.0.0),12,1,Q,1999-Q4,0,,,,
ABS:ERP_COMP_Q(1.0.0),12,1,Q,2000-Q1,0,,,,
ABS:ERP_COMP_Q(1.0.0),12,1,Q,2000-Q2,0,,,,
ABS:ERP_COMP_Q(1.0.0),12,1,Q,2000-Q3,0,,,,
ABS:ERP_COMP_Q(1.0.0),12,1,Q,2000-Q4,0,,,,
ABS:ERP_COMP_Q(1.0.0),12,1,Q,2001-Q1,0,,,,
ABS:ERP_COMP_Q(1.0.0),12,1,Q,2001-Q2,0,,,,
ABS:ERP_COMP_Q(1.0.0),12,1,Q,2001-Q3,-2.7,,,,
ABS:ERP_COMP_Q(1.0.0),12,1,Q,2001-Q4,2,,,,
ABS:ERP_COMP_Q(1.0.0),12,1,Q,2002-Q1,-3.7,,,,
ABS:ERP_COMP_Q(1.0.0),12,1,Q,2002-Q2,-2.5,,,,
ABS:ERP_COMP_Q(1.0.0),12,1,Q,2002-Q3,-4.4,,,,
ABS:ERP_COMP_Q(1.0.0),12,1,Q,2002-Q4,-1.3,,,,
ABS:ERP_COMP_Q(1.0.0),12,1,Q,2003-Q1,-4.7,,,,
ABS:ERP_COMP_Q(1.0.0),12,1,Q,2003-Q2,-4.5,,,,
ABS:ERP_COMP_Q(1.0.0),12,1,Q,2003-Q3,-8.8,,,,
ABS:ERP_COMP_Q(1.0.0),12,1,Q,2003-Q4,-3.7,,,,
ABS:ERP_COMP_Q(1.0.0),12,1,Q,2004-Q1,-8.7,,,,
ABS:ERP_COMP_Q(1.0.0),12,1,Q,2004-Q2,-6.2,,,,
ABS:ERP_COMP_Q(1.0.0),12,1,Q,2004-Q3,-9.5,,,,
ABS:ERP_COMP_Q(1.0.0),12,1,Q,2004-Q4,-3.8,,,,
ABS:ERP_COMP_Q(1.0.0),12,1,Q,2005-Q1,-8.3,,,,
ABS:ERP_COMP_Q(1.0.0),12,1,Q,2005-Q2,-5.8,,,,
ABS:ERP_COMP_Q(1.0.0),12,1,Q,2005-Q3,-8.6,,,,
ABS:ERP_COMP_Q(1.0.0),12,1,Q,2005-Q4,-5.4,,,,
ABS:ERP_COMP_Q(1.0.0),12,1,Q,2006-Q1,-7.7,,,,
ABS:ERP_COMP_Q(1.0.0),12,1,Q,2006-Q2,-6,,,,
ABS:ERP_COMP_Q(1.0.0),12,1,Q,2006-Q3,0,,,,
ABS:ERP_COMP_Q(1.0.0),12,1,Q,2006-Q4,0,,,,
ABS:ERP_COMP_Q(1.0.0),12,1,Q,2007-Q1,0,,,,
ABS:ERP_COMP_Q(1.0.0),12,1,Q,2007-Q2,0,,,,
ABS:ERP_COMP_Q(1.0.0),12,1,Q,2007-Q3,0,,,,
ABS:ERP_COMP_Q(1.0.0),12,1,Q,2007-Q4,0,,,,
ABS:ERP_COMP_Q(1.0.0),12,1,Q,2008-Q1,0,,,,
ABS:ERP_COMP_Q(1.0.0),12,1,Q,2008-Q2,0,,,,
ABS:ERP_COMP_Q(1.0.0),12,1,Q,2008-Q3,0,,,,
ABS:ERP_COMP_Q(1.0.0),12,1,Q,2008-Q4,0,,,,
ABS:ERP_COMP_Q(1.0.0),12,1,Q,2009-Q1,0,,,,
ABS:ERP_COMP_Q(1.0.0),12,1,Q,2009-Q2,0,,,,
ABS:ERP_COMP_Q(1.0.0),12,1,Q,2009-Q3,0,,,,
ABS:ERP_COMP_Q(1.0.0),12,1,Q,2009-Q4,0,,,,
ABS:ERP_COMP_Q(1.0.0),12,1,Q,2010-Q1,0,,,,
ABS:ERP_COMP_Q(1.0.0),12,1,Q,2010-Q2,0,,,,
ABS:ERP_COMP_Q(1.0.0),12,1,Q,2010-Q3,0,,,,
ABS:ERP_COMP_Q(1.0.0),12,1,Q,2010-Q4,0,,,,
ABS:ERP_COMP_Q(1.0.0),12,1,Q,2011-Q1,0,,,,
ABS:ERP_COMP_Q(1.0.0),12,1,Q,2011-Q2,0,,,,
ABS:ERP_COMP_Q(1.0.0),12,1,Q,2011-Q3,0,,,,
ABS:ERP_COMP_Q(1.0.0),12,1,Q,2011-Q4,0,,,,
ABS:ERP_COMP_Q(1.0.0),12,1,Q,2012-Q1,0,,,,
ABS:ERP_COMP_Q(1.0.0),12,1,Q,2012-Q2,0,,,,
ABS:ERP_COMP_Q(1.0.0),12,1,Q,2012-Q3,0,,,,
ABS:ERP_COMP_Q(1.0.0),12,1,Q,2012-Q4,0,,,,
ABS:ERP_COMP_Q(1.0.0),12,1,Q,2013-Q1,0,,,,
ABS:ERP_COMP_Q(1.0.0),12,1,Q,2013-Q2,0,,,,
ABS:ERP_COMP_Q(1.0.0),12,1,Q,2013-Q3,0,,,,
ABS:ERP_COMP_Q(1.0.0),12,1,Q,2013-Q4,0,,,,
ABS:ERP_COMP_Q(1.0.0),12,1,Q,2014-Q1,0,,,,
ABS:ERP_COMP_Q(1.0.0),12,1,Q,2014-Q2,0,,,,
ABS:ERP_COMP_Q(1.0.0),12,1,Q,2014-Q3,0,,,,
ABS:ERP_COMP_Q(1.0.0),12,1,Q,2014-Q4,0,,,,
ABS:ERP_COMP_Q(1.0.0),12,1,Q,2015-Q1,0,,,,
ABS:ERP_COMP_Q(1.0.0),12,1,Q,2015-Q2,0,,,,
ABS:ERP_COMP_Q(1.0.0),12,1,Q,2015-Q3,0,,,,
ABS:ERP_COMP_Q(1.0.0),12,1,Q,2015-Q4,0,,,,
ABS:ERP_COMP_Q(1.0.0),12,1,Q,2016-Q1,0,,,,
ABS:ERP_COMP_Q(1.0.0),12,1,Q,2016-Q2,0,,,,
ABS:ERP_COMP_Q(1.0.0),12,1,Q,2016-Q3,0,,,,
ABS:ERP_COMP_Q(1.0.0),12,1,Q,2016-Q4,0,,,,
ABS:ERP_COMP_Q(1.0.0),12,1,Q,2017-Q1,0,,,,
ABS:ERP_COMP_Q(1.0.0),12,1,Q,2017-Q2,0,,,,
ABS:ERP_COMP_Q(1.0.0),12,1,Q,2017-Q3,0,,,,
ABS:ERP_COMP_Q(1.0.0),12,1,Q,2017-Q4,0,,,,
ABS:ERP_COMP_Q(1.0.0),12,1,Q,2018-Q1,0,,,,
ABS:ERP_COMP_Q(1.0.0),12,1,Q,2018-Q2,0,,,,
ABS:ERP_COMP_Q(1.0.0),12,1,Q,2018-Q3,0,,,,
ABS:ERP_COMP_Q(1.0.0),12,1,Q,2018-Q4,0,,,,
ABS:ERP_COMP_Q(1.0.0),12,1,Q,2019-Q1,0,,,,
ABS:ERP_COMP_Q(1.0.0),12,1,Q,2019-Q2,0,,,,
ABS:ERP_COMP_Q(1.0.0),12,1,Q,2019-Q3,0,,,,
ABS:ERP_COMP_Q(1.0.0),12,1,Q,2019-Q4,0,,,,
ABS:ERP_COMP_Q(1.0.0),12,1,Q,2020-Q1,0,,,,
ABS:ERP_COMP_Q(1.0.0),12,1,Q,2020-Q2,0,,,,
ABS:ERP_COMP_Q(1.0.0),12,1,Q,2020-Q3,0,,,,
ABS:ERP_COMP_Q(1.0.0),12,1,Q,2020-Q4,0,,,,
ABS:ERP_COMP_Q(1.0.0),12,1,Q,2021-Q1,0,,,,
ABS:ERP_COMP_Q(1.0.0),12,1,Q,2021-Q2,0,,,,
ABS:ERP_COMP_Q(1.0.0),12,1,Q,2021-Q3,0,,,,
ABS:ERP_COMP_Q(1.0.0),12,1,Q,2021-Q4,0,,,,
ABS:ERP_COMP_Q(1.0.0),12,1,Q,2022-Q1,0,,,,
ABS:ERP_COMP_Q(1.0.0),12,1,Q,2022-Q2,0,,,,
ABS:ERP_COMP_Q(1.0.0),12,1,Q,2022-Q3,0,,,,
ABS:ERP_COMP_Q(1.0.0),12,1,Q,2022-Q4,0,,,,
ABS:ERP_COMP_Q(1.0.0),12,1,Q,2023-Q1,0,,,,
ABS:ERP_COMP_Q(1.0.0),12,1,Q,2023-Q2,0,,,,
ABS:ERP_COMP_Q(1.0.0),12,1,Q,2023-Q3,0,,,,
ABS:ERP_COMP_Q(1.0.0),12,1,Q,2023-Q4,0,,,,
ABS:ERP_COMP_Q(1.0.0),12,1,Q,2024-Q1,0,,,,
ABS:ERP_COMP_Q(1.0.0),12,1,Q,2024-Q2,0,,,,
ABS:ERP_COMP_Q(1.0.0),12,1,Q,2024-Q3,0,,,,
ABS:ERP_COMP_Q(1.0.0),12,1,Q,2024-Q4,0,,,,
ABS:ERP_COMP_Q(1.0.0),12,1,Q,2025-Q1,0,,,,
ABS:ERP_COMP_Q(1.0.0),12,1,Q,2025-Q2,0,,,,
ABS:ERP_COMP_Q(1.0.0),12,1,Q,2025-Q3,0,,,,
ABS:ERP_COMP_Q(1.0.0),12,1,Q,2025-Q4,0,,,,
ABS:ERP_COMP_Q(1.0.0),7,3,Q,1981-Q2,7.8,,,,
ABS:ERP_COMP_Q(1.0.0),7,3,Q,1981-Q3,6.9,,,,
ABS:ERP_COMP_Q(1.0.0),7,3,Q,1981-Q4,7.8,,,,
ABS:ERP_COMP_Q(1.0.0),7,3,Q,1982-Q1,7.9,,,,
ABS:ERP_COMP_Q(1.0.0),7,3,Q,1982-Q2,6.9,,,,
ABS:ERP_COMP_Q(1.0.0),7,3,Q,1982-Q3,7,,,,
ABS:ERP_COMP_Q(1.0.0),7,3,Q,1982-Q4,6.2,,,,
ABS:ERP_COMP_Q(1.0.0),7,3,Q,1983-Q1,6.2,,,,
ABS:ERP_COMP_Q(1.0.0),7,3,Q,1983-Q2,4.7,,,,
ABS:ERP_COMP_Q(1.0.0),7,3,Q,1983-Q3,4.5,,,,
ABS:ERP_COMP_Q(1.0.0),7,3,Q,1983-Q4,4.5,,,,
ABS:ERP_COMP_Q(1.0.0),7,3,Q,1984-Q1,4.8,,,,
ABS:ERP_COMP_Q(1.0.0),7,3,Q,1984-Q2,4.1,,,,
ABS:ERP_COMP_Q(1.0.0),7,3,Q,1984-Q3,4.7,,,,
ABS:ERP_COMP_Q(1.0.0),7,3,Q,1984-Q4,5.1,,,,
ABS:ERP_COMP_Q(1.0.0),7,3,Q,1985-Q1,5.6,,,,
ABS:ERP_COMP_Q(1.0.0),7,3,Q,1985-Q2,4.8,,,,
ABS:ERP_COMP_Q(1.0.0),7,3,Q,1985-Q3,5,,,,
ABS:ERP_COMP_Q(1.0.0),7,3,Q,1985-Q4,5.8,,,,
ABS:ERP_COMP_Q(1.0.0),7,3,Q,1986-Q1,6.6,,,,
ABS:ERP_COMP_Q(1.0.0),7,3,Q,1986-Q2,5.8,,,,
ABS:ERP_COMP_Q(1.0.0),7,3,Q,1986-Q3,5.9,,,,
ABS:ERP_COMP_Q(1.0.0),7,3,Q,1986-Q4,6.4,,,,
ABS:ERP_COMP_Q(1.0.0),7,3,Q,1987-Q1,6.6,,,,
ABS:ERP_COMP_Q(1.0.0),7,3,Q,1987-Q2,6.1,,,,
ABS:ERP_COMP_Q(1.0.0),7,3,Q,1987-Q3,6.9,,,,
ABS:ERP_COMP_Q(1.0.0),7,3,Q,1987-Q4,8.4,,,,
ABS:ERP_COMP_Q(1.0.0),7,3,Q,1988-Q1,9.7,,,,
ABS:ERP_COMP_Q(1.0.0),7,3,Q,1988-Q2,8.5,,,,
ABS:ERP_COMP_Q(1.0.0),7,3,Q,1988-Q3,8.8,,,,
ABS:ERP_COMP_Q(1.0.0),7,3,Q,1988-Q4,9.6,,,,
ABS:ERP_COMP_Q(1.0.0),7,3,Q,1989-Q1,9.6,,,,
ABS:ERP_COMP_Q(1.0.0),7,3,Q,1989-Q2,7.7,,,,
ABS:ERP_COMP_Q(1.0.0),7,3,Q,1989-Q3,7.8,,,,
ABS:ERP_COMP_Q(1.0.0),7,3,Q,1989-Q4,7.7,,,,
ABS:ERP_COMP_Q(1.0.0),7,3,Q,1990-Q1,7.9,,,,
ABS:ERP_COMP_Q(1.0.0),7,3,Q,1990-Q2,7.1,,,,
ABS:ERP_COMP_Q(1.0.0),7,3,Q,1990-Q3,7.7,,,,
ABS:ERP_COMP_Q(1.0.0),7,3,Q,1990-Q4,7.9,,,,
ABS:ERP_COMP_Q(1.0.0),7,3,Q,1991-Q1,9.5,,,,
ABS:ERP_COMP_Q(1.0.0),7,3,Q,1991-Q2,7.1,,,,
ABS:ERP_COMP_Q(1.0.0),7,3,Q,1991-Q3,8,,,,
ABS:ERP_COMP_Q(1.0.0),7,3,Q,1991-Q4,8.1,,,,
ABS:ERP_COMP_Q(1.0.0),7,3,Q,1992-Q1,9.3,,,,
ABS:ERP_COMP_Q(1.0.0),7,3,Q,1992-Q2,6.9,,,,
ABS:ERP_COMP_Q(1.0.0),7,3,Q,1992-Q3,7.5,,,,
ABS:ERP_COMP_Q(1.0.0),7,3,Q,1992-Q4,7.4,,,,
ABS:ERP_COMP_Q(1.0.0),7,3,Q,1993-Q1,8.5,,,,
ABS:ERP_COMP_Q(1.0.0),7,3,Q,1993-Q2,6,,,,
ABS:ERP_COMP_Q(1.0.0),7,3,Q,1993-Q3,7.1,,,,
ABS:ERP_COMP_Q(1.0.0),7,3,Q,1993-Q4,7.3,,,,
ABS:ERP_COMP_Q(1.0.0),7,3,Q,1994-Q1,9,,,,
ABS:ERP_COMP_Q(1.0.0),7,3,Q,1994-Q2,6.7,,,,
ABS:ERP_COMP_Q(1.0.0),7,3,Q,1994-Q3,8.6,,,,
ABS:ERP_COMP_Q(1.0.0),7,3,Q,1994-Q4,8.3,,,,
ABS:ERP_COMP_Q(1.0.0),7,3,Q,1995-Q1,10.6,,,,
ABS:ERP_COMP_Q(1.0.0),7,3,Q,1995-Q2,7.9,,,,
ABS:ERP_COMP_Q(1.0.0),7,3,Q,1995-Q3,9.8,,,,
ABS:ERP_COMP_Q(1.0.0),7,3,Q,1995-Q4,9.5,,,,
ABS:ERP_COMP_Q(1.0.0),7,3,Q,1996-Q1,12.1,,,,
ABS:ERP_COMP_Q(1.0.0),7,3,Q,1996-Q2,7.9,,,,
ABS:ERP_COMP_Q(1.0.0),7,3,Q,1996-Q3,10.2,,,,
ABS:ERP_COMP_Q(1.0.0),7,3,Q,1996-Q4,9.5,,,,
ABS:ERP_COMP_Q(1.0.0),7,3,Q,1997-Q1,13.2,,,,
ABS:ERP_COMP_Q(1.0.0),7,3,Q,1997-Q2,8.5,,,,
ABS:ERP_COMP_Q(1.0.0),7,3,Q,1997-Q3,10.9,,,,
ABS:ERP_COMP_Q(1.0.0),7,3,Q,1997-Q4,9.9,,,,
ABS:ERP_COMP_Q(1.0.0),7,3,Q,1998-Q1,13,,,,
ABS:ERP_COMP_Q(1.0.0),7,3,Q,1998-Q2,9.2,,,,
ABS:ERP_COMP_Q(1.0.0),7,3,Q,1998-Q3,10.4,,,,
ABS:ERP_COMP_Q(1.0.0),7,3,Q,1998-Q4,9,,,,
ABS:ERP_COMP_Q(1.0.0),7,3,Q,1999-Q1,13.9,,,,
ABS:ERP_COMP_Q(1.0.0),7,3,Q,1999-Q2,8.5,,,,
ABS:ERP_COMP_Q(1.0.0),7,3,Q,1999-Q3,11.9,,,,
ABS:ERP_COMP_Q(1.0.0),7,3,Q,1999-Q4,12.7,,,,
ABS:ERP_COMP_Q(1.0.0),7,3,Q,2000-Q1,13.9,,,,
ABS:ERP_COMP_Q(1.0.0),7,3,Q,2000-Q2,10.3,,,,
ABS:ERP_COMP_Q(1.0.0),7,3,Q,2000-Q3,12.3,,,,
ABS:ERP_COMP_Q(1.0.0),7,3,Q,2000-Q4,11.8,,,,
ABS:ERP_COMP_Q(1.0.0),7,3,Q,2001-Q1,18.7,,,,
ABS:ERP_COMP_Q(1.0.0),7,3,Q,2001-Q2,12.3,,,,
ABS:ERP_COMP_Q(1.0.0),7,3,Q,2001-Q3,15.4,,,,
ABS:ERP_COMP_Q(1.0.0),7,3,Q,2001-Q4,13.4,,,,
ABS:ERP_COMP_Q(1.0.0),7,3,Q,2002-Q1,19.1,,,,
ABS:ERP_COMP_Q(1.0.0),7,3,Q,2002-Q2,12.9,,,,
ABS:ERP_COMP_Q(1.0.0),7,3,Q,2002-Q3,16.2,,,,
ABS:ERP_COMP_Q(1.0.0),7,3,Q,2002-Q4,14.5,,,,
ABS:ERP_COMP_Q(1.0.0),7,3,Q,2003-Q1,20.6,,,,
ABS:ERP_COMP_Q(1.0.0),7,3,Q,2003-Q2,13.1,,,,
ABS:ERP_COMP_Q(1.0.0),7,3,Q,2003-Q3,17.1,,,,
ABS:ERP_COMP_Q(1.0.0),7,3,Q,2003-Q4,15.5,,,,
ABS:ERP_COMP_Q(1.0.0),7,3,Q,2004-Q1,21.1,,,,
ABS:ERP_COMP_Q(1.0.0),7,3,Q,2004-Q2,13.6,,,,
ABS:ERP_COMP_Q(1.0.0),7,3,Q,2004-Q3,17.7,,,,
ABS:ERP_COMP_Q(1.0.0),7,3,Q,2004-Q4,16.3,,,,
ABS:ERP_COMP_Q(1.0.0),7,3,Q,2005-Q1,22.6,,,,
ABS:ERP_COMP_Q(1.0.0),7,3,Q,2005-Q2,14.8,,,,
ABS:ERP_COMP_Q(1.0.0),7,3,Q,2005-Q3,19.4,,,,
ABS:ERP_COMP_Q(1.0.0),7,3,Q,2005-Q4,17.8,,,,
ABS:ERP_COMP_Q(1.0.0),7,3,Q,2006-Q1,23.9,,,,
ABS:ERP_COMP_Q(1.0.0),7,3,Q,2006-Q2,16.3,,,,
ABS:ERP_COMP_Q(1.0.0),7,3,Q,2006-Q3,21,,,,
ABS:ERP_COMP_Q(1.0.0),7,3,Q,2006-Q4,20.3,,,,
ABS:ERP_COMP_Q(1.0.0),7,3,Q,2007-Q1,23.4,,,,
ABS:ERP_COMP_Q(1.0.0),7,3,Q,2007-Q2,21.8,,,,
ABS:ERP_COMP_Q(1.0.0),7,3,Q,2007-Q3,23,,,,
ABS:ERP_COMP_Q(1.0.0),7,3,Q,2007-Q4,23.7,,,,
ABS:ERP_COMP_Q(1.0.0),7,3,Q,2008-Q1,28.3,,,,
ABS:ERP_COMP_Q(1.0.0),7,3,Q,2008-Q2,24.7,,,,
ABS:ERP_COMP_Q(1.0.0),7,3,Q,2008-Q3,26.9,,,,
ABS:ERP_COMP_Q(1.0.0),7,3,Q,2008-Q4,27,,,,
ABS:ERP_COMP_Q(1.0.0),7,3,Q,2009-Q1,27.8,,,,
ABS:ERP_COMP_Q(1.0.0),7,3,Q,2009-Q2,21.4,,,,
ABS:ERP_COMP_Q(1.0.0),7,3,Q,2009-Q3,23.4,,,,
ABS:ERP_COMP_Q(1.0.0),7,3,Q,2009-Q4,21.6,,,,
ABS:ERP_COMP_Q(1.0.0),7,3,Q,2010-Q1,22.2,,,,
ABS:ERP_COMP_Q(1.0.0),7,3,Q,2010-Q2,17.7,,,,
ABS:ERP_COMP_Q(1.0.0),7,3,Q,2010-Q3,21,,,,
ABS:ERP_COMP_Q(1.0.0),7,3,Q,2010-Q4,21.4,,,,
ABS:ERP_COMP_Q(1.0.0),7,3,Q,2011-Q1,22.8,,,,
ABS:ERP_COMP_Q(1.0.0),7,3,Q,2011-Q2,19,,,,
ABS:ERP_COMP_Q(1.0.0),7,3,Q,2011-Q3,23.9,,,,
ABS:ERP_COMP_Q(1.0.0),7,3,Q,2011-Q4,23.3,,,,
ABS:ERP_COMP_Q(1.0.0),7,3,Q,2012-Q1,24.7,,,,
ABS:ERP_COMP_Q(1.0.0),7,3,Q,2012-Q2,21.3,,,,
ABS:ERP_COMP_Q(1.0.0),7,3,Q,2012-Q3,25.2,,,,
ABS:ERP_COMP_Q(1.0.0),7,3,Q,2012-Q4,23.6,,,,
ABS:ERP_COMP_Q(1.0.0),7,3,Q,2013-Q1,24.3,,,,
ABS:ERP_COMP_Q(1.0.0),7,3,Q,2013-Q2,19.6,,,,
ABS:ERP_COMP_Q(1.0.0),7,3,Q,2013-Q3,23.6,,,,
ABS:ERP_COMP_Q(1.0.0),7,3,Q,2013-Q4,21,,,,
ABS:ERP_COMP_Q(1.0.0),7,3,Q,2014-Q1,22.4,,,,
ABS:ERP_COMP_Q(1.0.0),7,3,Q,2014-Q2,16.8,,,,
ABS:ERP_COMP_Q(1.0.0),7,3,Q,2014-Q3,20.5,,,,
ABS:ERP_COMP_Q(1.0.0),7,3,Q,2014-Q4,20.2,,,,
ABS:ERP_COMP_Q(1.0.0),7,3,Q,2015-Q1,21,,,,
ABS:ERP_COMP_Q(1.0.0),7,3,Q,2015-Q2,17.3,,,,
ABS:ERP_COMP_Q(1.0.0),7,3,Q,2015-Q3,21.2,,,,
ABS:ERP_COMP_Q(1.0.0),7,3,Q,2015-Q4,20.5,,,,
ABS:ERP_COMP_Q(1.0.0),7,3,Q,2016-Q1,22.5,,,,
ABS:ERP_COMP_Q(1.0.0),7,3,Q,2016-Q2,19,,,,
ABS:ERP_COMP_Q(1.0.0),7,3,Q,2016-Q3,23.2,,,,
ABS:ERP_COMP_Q(1.0.0),7,3,Q,2016-Q4,21.5,,,,
ABS:ERP_COMP_Q(1.0.0),7,3,Q,2017-Q1,24,,,,
ABS:ERP_COMP_Q(1.0.0),7,3,Q,2017-Q2,19.2,,,,
ABS:ERP_COMP_Q(1.0.0),7,3,Q,2017-Q3,23.2,,,,
ABS:ERP_COMP_Q(1.0.0),7,3,Q,2017-Q4,20,,,,
ABS:ERP_COMP_Q(1.0.0),7,3,Q,2018-Q1,23.3,,,,
ABS:ERP_COMP_Q(1.0.0),7,3,Q,2018-Q2,18.9,,,,
ABS:ERP_COMP_Q(1.0.0),7,3,Q,2018-Q3,23.9,,,,
ABS:ERP_COMP_Q(1.0.0),7,3,Q,2018-Q4,21.4,,,,
ABS:ERP_COMP_Q(1.0.0),7,3,Q,2019-Q1,24.6,,,,
ABS:ERP_COMP_Q(1.0.0),7,3,Q,2019-Q2,21.7,,,,
ABS:ERP_COMP_Q(1.0.0),7,3,Q,2019-Q3,28.2,,,,
ABS:ERP_COMP_Q(1.0.0),7,3,Q,2019-Q4,27.6,,,,
ABS:ERP_COMP_Q(1.0.0),7,3,Q,2020-Q1,27.3,,,,
ABS:ERP_COMP_Q(1.0.0),7,3,Q,2020-Q2,2.5,,,,
ABS:ERP_COMP_Q(1.0.0),7,3,Q,2020-Q3,2.7,,,,
ABS:ERP_COMP_Q(1.0.0),7,3,Q,2020-Q4,5.3,,,,
ABS:ERP_COMP_Q(1.0.0),7,3,Q,2021-Q1,6.8,,,,
ABS:ERP_COMP_Q(1.0.0),7,3,Q,2021-Q2,8.6,,,,
ABS:ERP_COMP_Q(1.0.0),7,3,Q,2021-Q3,6.3,,,,
ABS:ERP_COMP_Q(1.0.0),7,3,Q,2021-Q4,10.3,,,,
ABS:ERP_COMP_Q(1.0.0),7,3,Q,2022-Q1,24.7,,,,
ABS:ERP_COMP_Q(1.0.0),7,3,Q,2022-Q2,23.4,,,,
ABS:ERP_COMP_Q(1.0.0),7,3,Q,2022-Q3,29.7,,,,
ABS:ERP_COMP_Q(1.0.0),7,3,Q,2022-Q4,29.6,,,,
ABS:ERP_COMP_Q(1.0.0),7,3,Q,2023-Q1,35.3,,,,
ABS:ERP_COMP_Q(1.0.0),7,3,Q,2023-Q2,29.7,,,,
ABS:ERP_COMP_Q(1.0.0),7,3,Q,2023-Q3,32.9,,,,
ABS:ERP_COMP_Q(1.0.0),7,3,Q,2023-Q4,28.1,,,,
ABS:ERP_COMP_Q(1.0.0),7,3,Q,2024-Q1,31.9,,,,
ABS:ERP_COMP_Q(1.0.0),7,3,Q,2024-Q2,23.6,,,,
ABS:ERP_COMP_Q(1.0.0),7,3,Q,2024-Q3,27,,,,
ABS:ERP_COMP_Q(1.0.0),7,3,Q,2024-Q4,26.3,,,,
ABS:ERP_COMP_Q(1.0.0),7,3,Q,2025-Q1,31.1,,,,
ABS:ERP_COMP_Q(1.0.0),7,3,Q,2025-Q2,22.5,,,,
ABS:ERP_COMP_Q(1.0.0),7,3,Q,2025-Q3,27.6,,,,
ABS:ERP_COMP_Q(1.0.0),7,3,Q,2025-Q4,24.3,,,,
ABS:ERP_COMP_Q(1.0.0),2,5,Q,1981-Q2,2.1,,,,
ABS:ERP_COMP_Q(1.0.0),2,5,Q,1981-Q3,2.3,,,,
ABS:ERP_COMP_Q(1.0.0),2,5,Q,1981-Q4,1.8,,,,
ABS:ERP_COMP_Q(1.0.0),2,5,Q,1982-Q1,2,,,,
ABS:ERP_COMP_Q(1.0.0),2,5,Q,1982-Q2,2,,,,
ABS:ERP_COMP_Q(1.0.0),2,5,Q,1982-Q3,2.3,,,,
ABS:ERP_COMP_Q(1.0.0),2,5,Q,1982-Q4,1.9,,,,
ABS:ERP_COMP_Q(1.0.0),2,5,Q,1983-Q1,2,,,,
ABS:ERP_COMP_Q(1.0.0),2,5,Q,1983-Q2,1.9,,,,
ABS:ERP_COMP_Q(1.0.0),2,5,Q,1983-Q3,2.3,,,,
ABS:ERP_COMP_Q(1.0.0),2,5,Q,1983-Q4,2.2,,,,
ABS:ERP_COMP_Q(1.0.0),2,5,Q,1984-Q1,2,,,,
ABS:ERP_COMP_Q(1.0.0),2,5,Q,1984-Q2,2.1,,,,
ABS:ERP_COMP_Q(1.0.0),2,5,Q,1984-Q3,2.4,,,,
ABS:ERP_COMP_Q(1.0.0),2,5,Q,1984-Q4,2.1,,,,
ABS:ERP_COMP_Q(1.0.0),2,5,Q,1985-Q1,2.2,,,,
ABS:ERP_COMP_Q(1.0.0),2,5,Q,1985-Q2,2.1,,,,
ABS:ERP_COMP_Q(1.0.0),2,5,Q,1985-Q3,2.6,,,,
ABS:ERP_COMP_Q(1.0.0),2,5,Q,1985-Q4,2,,,,
ABS:ERP_COMP_Q(1.0.0),2,5,Q,1986-Q1,2.3,,,,
ABS:ERP_COMP_Q(1.0.0),2,5,Q,1986-Q2,2.2,,,,
ABS:ERP_COMP_Q(1.0.0),2,5,Q,1986-Q3,2.6,,,,
ABS:ERP_COMP_Q(1.0.0),2,5,Q,1986-Q4,2.2,,,,
ABS:ERP_COMP_Q(1.0.0),2,5,Q,1987-Q1,2.2,,,,
ABS:ERP_COMP_Q(1.0.0),2,5,Q,1987-Q2,2.1,,,,
ABS:ERP_COMP_Q(1.0.0),2,5,Q,1987-Q3,2.4,,,,
ABS:ERP_COMP_Q(1.0.0),2,5,Q,1987-Q4,2.2,,,,
ABS:ERP_COMP_Q(1.0.0),2,5,Q,1988-Q1,2.2,,,,
ABS:ERP_COMP_Q(1.0.0),2,5,Q,1988-Q2,2.4,,,,
ABS:ERP_COMP_Q(1.0.0),2,5,Q,1988-Q3,2.7,,,,
ABS:ERP_COMP_Q(1.0.0),2,5,Q,1988-Q4,2.2,,,,
ABS:ERP_COMP_Q(1.0.0),2,5,Q,1989-Q1,2,,,,
ABS:ERP_COMP_Q(1.0.0),2,5,Q,1989-Q2,2.4,,,,
ABS:ERP_COMP_Q(1.0.0),2,5,Q,1989-Q3,2.8,,,,
ABS:ERP_COMP_Q(1.0.0),2,5,Q,1989-Q4,2.3,,,,
ABS:ERP_COMP_Q(1.0.0),2,5,Q,1990-Q1,2.2,,,,
ABS:ERP_COMP_Q(1.0.0),2,5,Q,1990-Q2,2.2,,,,
ABS:ERP_COMP_Q(1.0.0),2,5,Q,1990-Q3,2.6,,,,
ABS:ERP_COMP_Q(1.0.0),2,5,Q,1990-Q4,2.4,,,,
ABS:ERP_COMP_Q(1.0.0),2,5,Q,1991-Q1,2.3,,,,
ABS:ERP_COMP_Q(1.0.0),2,5,Q,1991-Q2,2.3,,,,
ABS:ERP_COMP_Q(1.0.0),2,5,Q,1991-Q3,2.6,,,,
ABS:ERP_COMP_Q(1.0.0),2,5,Q,1991-Q4,2.3,,,,
ABS:ERP_COMP_Q(1.0.0),2,5,Q,1992-Q1,2.2,,,,
ABS:ERP_COMP_Q(1.0.0),2,5,Q,1992-Q2,2.5,,,,
ABS:ERP_COMP_Q(1.0.0),2,5,Q,1992-Q3,2.8,,,,
ABS:ERP_COMP_Q(1.0.0),2,5,Q,1992-Q4,2.5,,,,
ABS:ERP_COMP_Q(1.0.0),2,5,Q,1993-Q1,2.2,,,,
ABS:ERP_COMP_Q(1.0.0),2,5,Q,1993-Q2,2.5,,,,
ABS:ERP_COMP_Q(1.0.0),2,5,Q,1993-Q3,3,,,,
ABS:ERP_COMP_Q(1.0.0),2,5,Q,1993-Q4,2.6,,,,
ABS:ERP_COMP_Q(1.0.0),2,5,Q,1994-Q1,2.3,,,,
ABS:ERP_COMP_Q(1.0.0),2,5,Q,1994-Q2,2.6,,,,
ABS:ERP_COMP_Q(1.0.0),2,5,Q,1994-Q3,2.9,,,,
ABS:ERP_COMP_Q(1.0.0),2,5,Q,1994-Q4,2.5,,,,
ABS:ERP_COMP_Q(1.0.0),2,5,Q,1995-Q1,2.2,,,,
ABS:ERP_COMP_Q(1.0.0),2,5,Q,1995-Q2,2.7,,,,
ABS:ERP_COMP_Q(1.0.0),2,5,Q,1995-Q3,2.9,,,,
ABS:ERP_COMP_Q(1.0.0),2,5,Q,1995-Q4,2.6,,,,
ABS:ERP_COMP_Q(1.0.0),2,5,Q,1996-Q1,2.5,,,,
ABS:ERP_COMP_Q(1.0.0),2,5,Q,1996-Q2,2.7,,,,
ABS:ERP_COMP_Q(1.0.0),2,5,Q,1996-Q3,3.2,,,,
ABS:ERP_COMP_Q(1.0.0),2,5,Q,1996-Q4,2.5,,,,
ABS:ERP_COMP_Q(1.0.0),2,5,Q,1997-Q1,2.4,,,,
ABS:ERP_COMP_Q(1.0.0),2,5,Q,1997-Q2,2.5,,,,
ABS:ERP_COMP_Q(1.0.0),2,5,Q,1997-Q3,3.3,,,,
ABS:ERP_COMP_Q(1.0.0),2,5,Q,1997-Q4,2.7,,,,
ABS:ERP_COMP_Q(1.0.0),2,5,Q,1998-Q1,2.4,,,,
ABS:ERP_COMP_Q(1.0.0),2,5,Q,1998-Q2,2.6,,,,
ABS:ERP_COMP_Q(1.0.0),2,5,Q,1998-Q3,3,,,,
ABS:ERP_COMP_Q(1.0.0),2,5,Q,1998-Q4,2.7,,,,
ABS:ERP_COMP_Q(1.0.0),2,5,Q,1999-Q1,2.5,,,,
ABS:ERP_COMP_Q(1.0.0),2,5,Q,1999-Q2,2.6,,,,
ABS:ERP_COMP_Q(1.0.0),2,5,Q,1999-Q3,3.1,,,,
ABS:ERP_COMP_Q(1.0.0),2,5,Q,1999-Q4,2.8,,,,
ABS:ERP_COMP_Q(1.0.0),2,5,Q,2000-Q1,2.5,,,,
ABS:ERP_COMP_Q(1.0.0),2,5,Q,2000-Q2,2.7,,,,
ABS:ERP_COMP_Q(1.0.0),2,5,Q,2000-Q3,2.8,,,,
ABS:ERP_COMP_Q(1.0.0),2,5,Q,2000-Q4,2.6,,,,
ABS:ERP_COMP_Q(1.0.0),2,5,Q,2001-Q1,2.5,,,,
ABS:ERP_COMP_Q(1.0.0),2,5,Q,2001-Q2,2.6,,,,
ABS:ERP_COMP_Q(1.0.0),2,5,Q,2001-Q3,3,,,,
ABS:ERP_COMP_Q(1.0.0),2,5,Q,2001-Q4,2.8,,,,
ABS:ERP_COMP_Q(1.0.0),2,5,Q,2002-Q1,2.5,,,,
ABS:ERP_COMP_Q(1.0.0),2,5,Q,2002-Q2,2.8,,,,
ABS:ERP_COMP_Q(1.0.0),2,5,Q,2002-Q3,3.1,,,,
ABS:ERP_COMP_Q(1.0.0),2,5,Q,2002-Q4,2.7,,,,
ABS:ERP_COMP_Q(1.0.0),2,5,Q,2003-Q1,2.6,,,,
ABS:ERP_COMP_Q(1.0.0),2,5,Q,2003-Q2,2.7,,,,
ABS:ERP_COMP_Q(1.0.0),2,5,Q,2003-Q3,3.2,,,,
ABS:ERP_COMP_Q(1.0.0),2,5,Q,2003-Q4,2.8,,,,
ABS:ERP_COMP_Q(1.0.0),2,5,Q,2004-Q1,2.6,,,,
ABS:ERP_COMP_Q(1.0.0),2,5,Q,2004-Q2,2.7,,,,
ABS:ERP_COMP_Q(1.0.0),2,5,Q,2004-Q3,3.2,,,,
ABS:ERP_COMP_Q(1.0.0),2,5,Q,2004-Q4,2.7,,,,
ABS:ERP_COMP_Q(1.0.0),2,5,Q,2005-Q1,2.5,,,,
ABS:ERP_COMP_Q(1.0.0),2,5,Q,2005-Q2,2.8,,,,
ABS:ERP_COMP_Q(1.0.0),2,5,Q,2005-Q3,3.2,,,,
ABS:ERP_COMP_Q(1.0.0),2,5,Q,2005-Q4,2.9,,,,
ABS:ERP_COMP_Q(1.0.0),2,5,Q,2006-Q1,2.7,,,,
ABS:ERP_COMP_Q(1.0.0),2,5,Q,2006-Q2,2.9,,,,
ABS:ERP_COMP_Q(1.0.0),2,5,Q,2006-Q3,3.1,,,,
ABS:ERP_COMP_Q(1.0.0),2,5,Q,2006-Q4,2.9,,,,
ABS:ERP_COMP_Q(1.0.0),2,5,Q,2007-Q1,2.9,,,,
ABS:ERP_COMP_Q(1.0.0),2,5,Q,2007-Q2,3.1,,,,
ABS:ERP_COMP_Q(1.0.0),2,5,Q,2007-Q3,3.4,,,,
ABS:ERP_COMP_Q(1.0.0),2,5,Q,2007-Q4,3.1,,,,
ABS:ERP_COMP_Q(1.0.0),2,5,Q,2008-Q1,2.8,,,,
ABS:ERP_COMP_Q(1.0.0),2,5,Q,2008-Q2,3.1,,,,
ABS:ERP_COMP_Q(1.0.0),2,5,Q,2008-Q3,3.6,,,,
ABS:ERP_COMP_Q(1.0.0),2,5,Q,2008-Q4,3,,,,
ABS:ERP_COMP_Q(1.0.0),2,5,Q,2009-Q1,2.9,,,,
ABS:ERP_COMP_Q(1.0.0),2,5,Q,2009-Q2,3,,,,
ABS:ERP_COMP_Q(1.0.0),2,5,Q,2009-Q3,3.4,,,,
ABS:ERP_COMP_Q(1.0.0),2,5,Q,2009-Q4,3.3,,,,
ABS:ERP_COMP_Q(1.0.0),2,5,Q,2010-Q1,3,,,,
ABS:ERP_COMP_Q(1.0.0),2,5,Q,2010-Q2,3.1,,,,
ABS:ERP_COMP_Q(1.0.0),2,5,Q,2010-Q3,3.4,,,,
ABS:ERP_COMP_Q(1.0.0),2,5,Q,2010-Q4,3.3,,,,
ABS:ERP_COMP_Q(1.0.0),2,5,Q,2011-Q1,2.9,,,,
ABS:ERP_COMP_Q(1.0.0),2,5,Q,2011-Q2,3.2,,,,
ABS:ERP_COMP_Q(1.0.0),2,5,Q,2011-Q3,3.5,,,,
ABS:ERP_COMP_Q(1.0.0),2,5,Q,2011-Q4,3.2,,,,
ABS:ERP_COMP_Q(1.0.0),2,5,Q,2012-Q1,3.1,,,,
ABS:ERP_COMP_Q(1.0.0),2,5,Q,2012-Q2,3.2,,,,
ABS:ERP_COMP_Q(1.0.0),2,5,Q,2012-Q3,3.8,,,,
ABS:ERP_COMP_Q(1.0.0),2,5,Q,2012-Q4,3.2,,,,
ABS:ERP_COMP_Q(1.0.0),2,5,Q,2013-Q1,3.1,,,,
ABS:ERP_COMP_Q(1.0.0),2,5,Q,2013-Q2,3.4,,,,
ABS:ERP_COMP_Q(1.0.0),2,5,Q,2013-Q3,3.6,,,,
ABS:ERP_COMP_Q(1.0.0),2,5,Q,2013-Q4,3.3,,,,
ABS:ERP_COMP_Q(1.0.0),2,5,Q,2014-Q1,3.2,,,,
ABS:ERP_COMP_Q(1.0.0),2,5,Q,2014-Q2,3.5,,,,
ABS:ERP_COMP_Q(1.0.0),2,5,Q,2014-Q3,3.7,,,,
ABS:ERP_COMP_Q(1.0.0),2,5,Q,2014-Q4,3.4,,,,
ABS:ERP_COMP_Q(1.0.0),2,5,Q,2015-Q1,3.4,,,,
ABS:ERP_COMP_Q(1.0.0),2,5,Q,2015-Q2,3.6,,,,
ABS:ERP_COMP_Q(1.0.0),2,5,Q,2015-Q3,4.1,,,,
ABS:ERP_COMP_Q(1.0.0),2,5,Q,2015-Q4,3.5,,,,
ABS:ERP_COMP_Q(1.0.0),2,5,Q,2016-Q1,3.4,,,,
ABS:ERP_COMP_Q(1.0.0),2,5,Q,2016-Q2,3.6,,,,
ABS:ERP_COMP_Q(1.0.0),2,5,Q,2016-Q3,4.2,,,,
ABS:ERP_COMP_Q(1.0.0),2,5,Q,2016-Q4,3.8,,,,
ABS:ERP_COMP_Q(1.0.0),2,5,Q,2017-Q1,3.4,,,,
ABS:ERP_COMP_Q(1.0.0),2,5,Q,2017-Q2,3.5,,,,
ABS:ERP_COMP_Q(1.0.0),2,5,Q,2017-Q3,4,,,,
ABS:ERP_COMP_Q(1.0.0),2,5,Q,2017-Q4,3.6,,,,
ABS:ERP_COMP_Q(1.0.0),2,5,Q,2018-Q1,3.4,,,,
ABS:ERP_COMP_Q(1.0.0),2,5,Q,2018-Q2,3.7,,,,
ABS:ERP_COMP_Q(1.0.0),2,5,Q,2018-Q3,4,,,,
ABS:ERP_COMP_Q(1.0.0),2,5,Q,2018-Q4,3.7,,,,
ABS:ERP_COMP_Q(1.0.0),2,5,Q,2019-Q1,3.6,,,,
ABS:ERP_COMP_Q(1.0.0),2,5,Q,2019-Q2,3.9,,,,
ABS:ERP_COMP_Q(1.0.0),2,5,Q,2019-Q3,3.9,,,,
ABS:ERP_COMP_Q(1.0.0),2,5,Q,2019-Q4,3.6,,,,
ABS:ERP_COMP_Q(1.0.0),2,5,Q,2020-Q1,3.6,,,,
ABS:ERP_COMP_Q(1.0.0),2,5,Q,2020-Q2,3.8,,,,
ABS:ERP_COMP_Q(1.0.0),2,5,Q,2020-Q3,3.9,,,,
ABS:ERP_COMP_Q(1.0.0),2,5,Q,2020-Q4,3.8,,,,
ABS:ERP_COMP_Q(1.0.0),2,5,Q,2021-Q1,3.7,,,,
ABS:ERP_COMP_Q(1.0.0),2,5,Q,2021-Q2,4,,,,
ABS:ERP_COMP_Q(1.0.0),2,5,Q,2021-Q3,4.3,,,,
ABS:ERP_COMP_Q(1.0.0),2,5,Q,2021-Q4,4.1,,,,
ABS:ERP_COMP_Q(1.0.0),2,5,Q,2022-Q1,3.9,,,,
ABS:ERP_COMP_Q(1.0.0),2,5,Q,2022-Q2,4.4,,,,
ABS:ERP_COMP_Q(1.0.0),2,5,Q,2022-Q3,4.7,,,,
ABS:ERP_COMP_Q(1.0.0),2,5,Q,2022-Q4,4.4,,,,
ABS:ERP_COMP_Q(1.0.0),2,5,Q,2023-Q1,4,,,,
ABS:ERP_COMP_Q(1.0.0),2,5,Q,2023-Q2,4.5,,,,
ABS:ERP_COMP_Q(1.0.0),2,5,Q,2023-Q3,4.7,,,,
ABS:ERP_COMP_Q(1.0.0),2,5,Q,2023-Q4,4.4,,,,
ABS:ERP_COMP_Q(1.0.0),2,5,Q,2024-Q1,4.2,,,,
ABS:ERP_COMP_Q(1.0.0),2,5,Q,2024-Q2,4.5,,,,
ABS:ERP_COMP_Q(1.0.0),2,5,Q,2024-Q3,4.6,,,,
ABS:ERP_COMP_Q(1.0.0),2,5,Q,2024-Q4,4.6,,,,
ABS:ERP_COMP_Q(1.0.0),2,5,Q,2025-Q1,4.4,,,,
ABS:ERP_COMP_Q(1.0.0),2,5,Q,2025-Q2,4.4,,,,
ABS:ERP_COMP_Q(1.0.0),2,5,Q,2025-Q3,5,,,,
ABS:ERP_COMP_Q(1.0.0),2,5,Q,2025-Q4,4.5,,,,
ABS:ERP_COMP_Q(1.0.0),11,5,Q,1981-Q2,4.3,,,,
ABS:ERP_COMP_Q(1.0.0),11,5,Q,1981-Q3,4.6,,,,
ABS:ERP_COMP_Q(1.0.0),11,5,Q,1981-Q4,4.4,,,,
ABS:ERP_COMP_Q(1.0.0),11,5,Q,1982-Q1,4.7,,,,
ABS:ERP_COMP_Q(1.0.0),11,5,Q,1982-Q2,3.6,,,,
ABS:ERP_COMP_Q(1.0.0),11,5,Q,1982-Q3,4.2,,,,
ABS:ERP_COMP_Q(1.0.0),11,5,Q,1982-Q4,3,,,,
ABS:ERP_COMP_Q(1.0.0),11,5,Q,1983-Q1,2.3,,,,
ABS:ERP_COMP_Q(1.0.0),11,5,Q,1983-Q2,2,,,,
ABS:ERP_COMP_Q(1.0.0),11,5,Q,1983-Q3,1.2,,,,
ABS:ERP_COMP_Q(1.0.0),11,5,Q,1983-Q4,1.2,,,,
ABS:ERP_COMP_Q(1.0.0),11,5,Q,1984-Q1,1.2,,,,
ABS:ERP_COMP_Q(1.0.0),11,5,Q,1984-Q2,0.4,,,,
ABS:ERP_COMP_Q(1.0.0),11,5,Q,1984-Q3,1.3,,,,
ABS:ERP_COMP_Q(1.0.0),11,5,Q,1984-Q4,2,,,,
ABS:ERP_COMP_Q(1.0.0),11,5,Q,1985-Q1,2.2,,,,
ABS:ERP_COMP_Q(1.0.0),11,5,Q,1985-Q2,1.7,,,,
ABS:ERP_COMP_Q(1.0.0),11,5,Q,1985-Q3,2.4,,,,
ABS:ERP_COMP_Q(1.0.0),11,5,Q,1985-Q4,3.2,,,,
ABS:ERP_COMP_Q(1.0.0),11,5,Q,1986-Q1,3.4,,,,
ABS:ERP_COMP_Q(1.0.0),11,5,Q,1986-Q2,3.3,,,,
ABS:ERP_COMP_Q(1.0.0),11,5,Q,1986-Q3,3.8,,,,
ABS:ERP_COMP_Q(1.0.0),11,5,Q,1986-Q4,4.2,,,,
ABS:ERP_COMP_Q(1.0.0),11,5,Q,1987-Q1,4,,,,
ABS:ERP_COMP_Q(1.0.0),11,5,Q,1987-Q2,3.2,,,,
ABS:ERP_COMP_Q(1.0.0),11,5,Q,1987-Q3,4,,,,
ABS:ERP_COMP_Q(1.0.0),11,5,Q,1987-Q4,4.7,,,,
ABS:ERP_COMP_Q(1.0.0),11,5,Q,1988-Q1,6.2,,,,
ABS:ERP_COMP_Q(1.0.0),11,5,Q,1988-Q2,5.1,,,,
ABS:ERP_COMP_Q(1.0.0),11,5,Q,1988-Q3,5.8,,,,
ABS:ERP_COMP_Q(1.0.0),11,5,Q,1988-Q4,5.6,,,,
ABS:ERP_COMP_Q(1.0.0),11,5,Q,1989-Q1,5.7,,,,
ABS:ERP_COMP_Q(1.0.0),11,5,Q,1989-Q2,4.2,,,,
ABS:ERP_COMP_Q(1.0.0),11,5,Q,1989-Q3,4.3,,,,
ABS:ERP_COMP_Q(1.0.0),11,5,Q,1989-Q4,3,,,,
ABS:ERP_COMP_Q(1.0.0),11,5,Q,1990-Q1,4.1,,,,
ABS:ERP_COMP_Q(1.0.0),11,5,Q,1990-Q2,2.7,,,,
ABS:ERP_COMP_Q(1.0.0),11,5,Q,1990-Q3,3.1,,,,
ABS:ERP_COMP_Q(1.0.0),11,5,Q,1990-Q4,2.7,,,,
ABS:ERP_COMP_Q(1.0.0),11,5,Q,1991-Q1,3.7,,,,
ABS:ERP_COMP_Q(1.0.0),11,5,Q,1991-Q2,2.1,,,,
ABS:ERP_COMP_Q(1.0.0),11,5,Q,1991-Q3,3.1,,,,
ABS:ERP_COMP_Q(1.0.0),11,5,Q,1991-Q4,2.2,,,,
ABS:ERP_COMP_Q(1.0.0),11,5,Q,1992-Q1,3,,,,
ABS:ERP_COMP_Q(1.0.0),11,5,Q,1992-Q2,1.7,,,,
ABS:ERP_COMP_Q(1.0.0),11,5,Q,1992-Q3,2.3,,,,
ABS:ERP_COMP_Q(1.0.0),11,5,Q,1992-Q4,1.7,,,,
ABS:ERP_COMP_Q(1.0.0),11,5,Q,1993-Q1,3.1,,,,
ABS:ERP_COMP_Q(1.0.0),11,5,Q,1993-Q2,1.1,,,,
ABS:ERP_COMP_Q(1.0.0),11,5,Q,1993-Q3,2.1,,,,
ABS:ERP_COMP_Q(1.0.0),11,5,Q,1993-Q4,1.9,,,,
ABS:ERP_COMP_Q(1.0.0),11,5,Q,1994-Q1,3.7,,,,
ABS:ERP_COMP_Q(1.0.0),11,5,Q,1994-Q2,1.5,,,,
ABS:ERP_COMP_Q(1.0.0),11,5,Q,1994-Q3,3.1,,,,
ABS:ERP_COMP_Q(1.0.0),11,5,Q,1994-Q4,2.6,,,,
ABS:ERP_COMP_Q(1.0.0),11,5,Q,1995-Q1,4.2,,,,
ABS:ERP_COMP_Q(1.0.0),11,5,Q,1995-Q2,2.2,,,,
ABS:ERP_COMP_Q(1.0.0),11,5,Q,1995-Q3,3.6,,,,
ABS:ERP_COMP_Q(1.0.0),11,5,Q,1995-Q4,2.8,,,,
ABS:ERP_COMP_Q(1.0.0),11,5,Q,1996-Q1,4.9,,,,
ABS:ERP_COMP_Q(1.0.0),11,5,Q,1996-Q2,1.7,,,,
ABS:ERP_COMP_Q(1.0.0),11,5,Q,1996-Q3,3.4,,,,
ABS:ERP_COMP_Q(1.0.0),11,5,Q,1996-Q4,3,,,,
ABS:ERP_COMP_Q(1.0.0),11,5,Q,1997-Q1,5.1,,,,
ABS:ERP_COMP_Q(1.0.0),11,5,Q,1997-Q2,1.7,,,,
ABS:ERP_COMP_Q(1.0.0),11,5,Q,1997-Q3,3,,,,
ABS:ERP_COMP_Q(1.0.0),11,5,Q,1997-Q4,2.4,,,,
ABS:ERP_COMP_Q(1.0.0),11,5,Q,1998-Q1,5,,,,
ABS:ERP_COMP_Q(1.0.0),11,5,Q,1998-Q2,1.6,,,,
ABS:ERP_COMP_Q(1.0.0),11,5,Q,1998-Q3,4.2,,,,
ABS:ERP_COMP_Q(1.0.0),11,5,Q,1998-Q4,2.3,,,,
ABS:ERP_COMP_Q(1.0.0),11,5,Q,1999-Q1,4.6,,,,
ABS:ERP_COMP_Q(1.0.0),11,5,Q,1999-Q2,2.3,,,,
ABS:ERP_COMP_Q(1.0.0),11,5,Q,1999-Q3,5.5,,,,
ABS:ERP_COMP_Q(1.0.0),11,5,Q,1999-Q4,1.6,,,,
ABS:ERP_COMP_Q(1.0.0),11,5,Q,2000-Q1,5.1,,,,
ABS:ERP_COMP_Q(1.0.0),11,5,Q,2000-Q2,1.8,,,,
ABS:ERP_COMP_Q(1.0.0),11,5,Q,2000-Q3,4.1,,,,
ABS:ERP_COMP_Q(1.0.0),11,5,Q,2000-Q4,3.9,,,,
ABS:ERP_COMP_Q(1.0.0),11,5,Q,2001-Q1,5.7,,,,
ABS:ERP_COMP_Q(1.0.0),11,5,Q,2001-Q2,2.5,,,,
ABS:ERP_COMP_Q(1.0.0),11,5,Q,2001-Q3,4.4,,,,
ABS:ERP_COMP_Q(1.0.0),11,5,Q,2001-Q4,4.2,,,,
ABS:ERP_COMP_Q(1.0.0),11,5,Q,2002-Q1,6.2,,,,
ABS:ERP_COMP_Q(1.0.0),11,5,Q,2002-Q2,2.5,,,,
ABS:ERP_COMP_Q(1.0.0),11,5,Q,2002-Q3,5.1,,,,
ABS:ERP_COMP_Q(1.0.0),11,5,Q,2002-Q4,4.3,,,,
ABS:ERP_COMP_Q(1.0.0),11,5,Q,2003-Q1,7.8,,,,
ABS:ERP_COMP_Q(1.0.0),11,5,Q,2003-Q2,4,,,,
ABS:ERP_COMP_Q(1.0.0),11,5,Q,2003-Q3,6.5,,,,
ABS:ERP_COMP_Q(1.0.0),11,5,Q,2003-Q4,4.9,,,,
ABS:ERP_COMP_Q(1.0.0),11,5,Q,2004-Q1,7.9,,,,
ABS:ERP_COMP_Q(1.0.0),11,5,Q,2004-Q2,3.3,,,,
ABS:ERP_COMP_Q(1.0.0),11,5,Q,2004-Q3,6.2,,,,
ABS:ERP_COMP_Q(1.0.0),11,5,Q,2004-Q4,5.1,,,,
ABS:ERP_COMP_Q(1.0.0),11,5,Q,2005-Q1,9,,,,
ABS:ERP_COMP_Q(1.0.0),11,5,Q,2005-Q2,3.8,,,,
ABS:ERP_COMP_Q(1.0.0),11,5,Q,2005-Q3,7.3,,,,
ABS:ERP_COMP_Q(1.0.0),11,5,Q,2005-Q4,6.8,,,,
ABS:ERP_COMP_Q(1.0.0),11,5,Q,2006-Q1,10.2,,,,
ABS:ERP_COMP_Q(1.0.0),11,5,Q,2006-Q2,4.8,,,,
ABS:ERP_COMP_Q(1.0.0),11,5,Q,2006-Q3,7.7,,,,
ABS:ERP_COMP_Q(1.0.0),11,5,Q,2006-Q4,7.2,,,,
ABS:ERP_COMP_Q(1.0.0),11,5,Q,2007-Q1,10.3,,,,
ABS:ERP_COMP_Q(1.0.0),11,5,Q,2007-Q2,6.2,,,,
ABS:ERP_COMP_Q(1.0.0),11,5,Q,2007-Q3,9.2,,,,
ABS:ERP_COMP_Q(1.0.0),11,5,Q,2007-Q4,8.7,,,,
ABS:ERP_COMP_Q(1.0.0),11,5,Q,2008-Q1,13.4,,,,
ABS:ERP_COMP_Q(1.0.0),11,5,Q,2008-Q2,9.8,,,,
ABS:ERP_COMP_Q(1.0.0),11,5,Q,2008-Q3,13.7,,,,
ABS:ERP_COMP_Q(1.0.0),11,5,Q,2008-Q4,11.2,,,,
ABS:ERP_COMP_Q(1.0.0),11,5,Q,2009-Q1,13,,,,
ABS:ERP_COMP_Q(1.0.0),11,5,Q,2009-Q2,6.4,,,,
ABS:ERP_COMP_Q(1.0.0),11,5,Q,2009-Q3,8.2,,,,
ABS:ERP_COMP_Q(1.0.0),11,5,Q,2009-Q4,5.3,,,,
ABS:ERP_COMP_Q(1.0.0),11,5,Q,2010-Q1,8.8,,,,
ABS:ERP_COMP_Q(1.0.0),11,5,Q,2010-Q2,6.6,,,,
ABS:ERP_COMP_Q(1.0.0),11,5,Q,2010-Q3,8.7,,,,
ABS:ERP_COMP_Q(1.0.0),11,5,Q,2010-Q4,7.8,,,,
ABS:ERP_COMP_Q(1.0.0),11,5,Q,2011-Q1,11.2,,,,
ABS:ERP_COMP_Q(1.0.0),11,5,Q,2011-Q2,8.7,,,,
ABS:ERP_COMP_Q(1.0.0),11,5,Q,2011-Q3,11.9,,,,
ABS:ERP_COMP_Q(1.0.0),11,5,Q,2011-Q4,11.4,,,,
ABS:ERP_COMP_Q(1.0.0),11,5,Q,2012-Q1,15.8,,,,
ABS:ERP_COMP_Q(1.0.0),11,5,Q,2012-Q2,11.6,,,,
ABS:ERP_COMP_Q(1.0.0),11,5,Q,2012-Q3,13.1,,,,
ABS:ERP_COMP_Q(1.0.0),11,5,Q,2012-Q4,9.5,,,,
ABS:ERP_COMP_Q(1.0.0),11,5,Q,2013-Q1,12.3,,,,
ABS:ERP_COMP_Q(1.0.0),11,5,Q,2013-Q2,7.3,,,,
ABS:ERP_COMP_Q(1.0.0),11,5,Q,2013-Q3,6.3,,,,
ABS:ERP_COMP_Q(1.0.0),11,5,Q,2013-Q4,3.2,,,,
ABS:ERP_COMP_Q(1.0.0),11,5,Q,2014-Q1,7.1,,,,
ABS:ERP_COMP_Q(1.0.0),11,5,Q,2014-Q2,2.1,,,,
ABS:ERP_COMP_Q(1.0.0),11,5,Q,2014-Q3,3.9,,,,
ABS:ERP_COMP_Q(1.0.0),11,5,Q,2014-Q4,2.3,,,,
ABS:ERP_COMP_Q(1.0.0),11,5,Q,2015-Q1,5.6,,,,
ABS:ERP_COMP_Q(1.0.0),11,5,Q,2015-Q2,2.2,,,,
ABS:ERP_COMP_Q(1.0.0),11,5,Q,2015-Q3,3.3,,,,
ABS:ERP_COMP_Q(1.0.0),11,5,Q,2015-Q4,1.6,,,,
ABS:ERP_COMP_Q(1.0.0),11,5,Q,2016-Q1,5.4,,,,
ABS:ERP_COMP_Q(1.0.0),11,5,Q,2016-Q2,1.4,,,,
ABS:ERP_COMP_Q(1.0.0),11,5,Q,2016-Q3,3.8,,,,
ABS:ERP_COMP_Q(1.0.0),11,5,Q,2016-Q4,1.4,,,,
ABS:ERP_COMP_Q(1.0.0),11,5,Q,2017-Q1,5.1,,,,
ABS:ERP_COMP_Q(1.0.0),11,5,Q,2017-Q2,1.6,,,,
ABS:ERP_COMP_Q(1.0.0),11,5,Q,2017-Q3,3.7,,,,
ABS:ERP_COMP_Q(1.0.0),11,5,Q,2017-Q4,1.2,,,,
ABS:ERP_COMP_Q(1.0.0),11,5,Q,2018-Q1,4.7,,,,
ABS:ERP_COMP_Q(1.0.0),11,5,Q,2018-Q2,2.3,,,,
ABS:ERP_COMP_Q(1.0.0),11,5,Q,2018-Q3,4.4,,,,
ABS:ERP_COMP_Q(1.0.0),11,5,Q,2018-Q4,3.1,,,,
ABS:ERP_COMP_Q(1.0.0),11,5,Q,2019-Q1,6.6,,,,
ABS:ERP_COMP_Q(1.0.0),11,5,Q,2019-Q2,3.3,,,,
ABS:ERP_COMP_Q(1.0.0),11,5,Q,2019-Q3,7.9,,,,
ABS:ERP_COMP_Q(1.0.0),11,5,Q,2019-Q4,7.6,,,,
ABS:ERP_COMP_Q(1.0.0),11,5,Q,2020-Q1,10,,,,
ABS:ERP_COMP_Q(1.0.0),11,5,Q,2020-Q2,-0.4,,,,
ABS:ERP_COMP_Q(1.0.0),11,5,Q,2020-Q3,-2.3,,,,
ABS:ERP_COMP_Q(1.0.0),11,5,Q,2020-Q4,-2.2,,,,
ABS:ERP_COMP_Q(1.0.0),11,5,Q,2021-Q1,-0.6,,,,
ABS:ERP_COMP_Q(1.0.0),11,5,Q,2021-Q2,0,,,,
ABS:ERP_COMP_Q(1.0.0),11,5,Q,2021-Q3,-0.6,,,,
ABS:ERP_COMP_Q(1.0.0),11,5,Q,2021-Q4,0.2,,,,
ABS:ERP_COMP_Q(1.0.0),11,5,Q,2022-Q1,7.2,,,,
ABS:ERP_COMP_Q(1.0.0),11,5,Q,2022-Q2,8.8,,,,
ABS:ERP_COMP_Q(1.0.0),11,5,Q,2022-Q3,14.9,,,,
ABS:ERP_COMP_Q(1.0.0),11,5,Q,2022-Q4,15.6,,,,
ABS:ERP_COMP_Q(1.0.0),11,5,Q,2023-Q1,21,,,,
ABS:ERP_COMP_Q(1.0.0),11,5,Q,2023-Q2,15.3,,,,
ABS:ERP_COMP_Q(1.0.0),11,5,Q,2023-Q3,18.8,,,,
ABS:ERP_COMP_Q(1.0.0),11,5,Q,2023-Q4,14.4,,,,
ABS:ERP_COMP_Q(1.0.0),11,5,Q,2024-Q1,17.7,,,,
ABS:ERP_COMP_Q(1.0.0),11,5,Q,2024-Q2,8.4,,,,
ABS:ERP_COMP_Q(1.0.0),11,5,Q,2024-Q3,11.7,,,,
ABS:ERP_COMP_Q(1.0.0),11,5,Q,2024-Q4,9.1,,,,
ABS:ERP_COMP_Q(1.0.0),11,5,Q,2025-Q1,13.9,,,,
ABS:ERP_COMP_Q(1.0.0),11,5,Q,2025-Q2,7.1,,,,
ABS:ERP_COMP_Q(1.0.0),11,5,Q,2025-Q3,11.6,,,,
ABS:ERP_COMP_Q(1.0.0),11,5,Q,2025-Q4,7.8,,,,
ABS:ERP_COMP_Q(1.0.0),7,4,Q,1981-Q2,2.9,,,,
ABS:ERP_COMP_Q(1.0.0),7,4,Q,1981-Q3,3.2,,,,
ABS:ERP_COMP_Q(1.0.0),7,4,Q,1981-Q4,4.1,,,,
ABS:ERP_COMP_Q(1.0.0),7,4,Q,1982-Q1,3.8,,,,
ABS:ERP_COMP_Q(1.0.0),7,4,Q,1982-Q2,2.7,,,,
ABS:ERP_COMP_Q(1.0.0),7,4,Q,1982-Q3,3.1,,,,
ABS:ERP_COMP_Q(1.0.0),7,4,Q,1982-Q4,3.3,,,,
ABS:ERP_COMP_Q(1.0.0),7,4,Q,1983-Q1,3.6,,,,
ABS:ERP_COMP_Q(1.0.0),7,4,Q,1983-Q2,2.5,,,,
ABS:ERP_COMP_Q(1.0.0),7,4,Q,1983-Q3,2.4,,,,
ABS:ERP_COMP_Q(1.0.0),7,4,Q,1983-Q4,2.7,,,,
ABS:ERP_COMP_Q(1.0.0),7,4,Q,1984-Q1,2.8,,,,
ABS:ERP_COMP_Q(1.0.0),7,4,Q,1984-Q2,2,,,,
ABS:ERP_COMP_Q(1.0.0),7,4,Q,1984-Q3,2.1,,,,
ABS:ERP_COMP_Q(1.0.0),7,4,Q,1984-Q4,3,,,,
ABS:ERP_COMP_Q(1.0.0),7,4,Q,1985-Q1,2.9,,,,
ABS:ERP_COMP_Q(1.0.0),7,4,Q,1985-Q2,2.3,,,,
ABS:ERP_COMP_Q(1.0.0),7,4,Q,1985-Q3,2.3,,,,
ABS:ERP_COMP_Q(1.0.0),7,4,Q,1985-Q4,2.7,,,,
ABS:ERP_COMP_Q(1.0.0),7,4,Q,1986-Q1,3.1,,,,
ABS:ERP_COMP_Q(1.0.0),7,4,Q,1986-Q2,2.4,,,,
ABS:ERP_COMP_Q(1.0.0),7,4,Q,1986-Q3,2.6,,,,
ABS:ERP_COMP_Q(1.0.0),7,4,Q,1986-Q4,3.1,,,,
ABS:ERP_COMP_Q(1.0.0),7,4,Q,1987-Q1,2.9,,,,
ABS:ERP_COMP_Q(1.0.0),7,4,Q,1987-Q2,2.2,,,,
ABS:ERP_COMP_Q(1.0.0),7,4,Q,1987-Q3,2.5,,,,
ABS:ERP_COMP_Q(1.0.0),7,4,Q,1987-Q4,3,,,,
ABS:ERP_COMP_Q(1.0.0),7,4,Q,1988-Q1,3.3,,,,
ABS:ERP_COMP_Q(1.0.0),7,4,Q,1988-Q2,2.6,,,,
ABS:ERP_COMP_Q(1.0.0),7,4,Q,1988-Q3,3.1,,,,
ABS:ERP_COMP_Q(1.0.0),7,4,Q,1988-Q4,3.2,,,,
ABS:ERP_COMP_Q(1.0.0),7,4,Q,1989-Q1,3.2,,,,
ABS:ERP_COMP_Q(1.0.0),7,4,Q,1989-Q2,2.6,,,,
ABS:ERP_COMP_Q(1.0.0),7,4,Q,1989-Q3,2.7,,,,
ABS:ERP_COMP_Q(1.0.0),7,4,Q,1989-Q4,2.9,,,,
ABS:ERP_COMP_Q(1.0.0),7,4,Q,1990-Q1,3.3,,,,
ABS:ERP_COMP_Q(1.0.0),7,4,Q,1990-Q2,2.4,,,,
ABS:ERP_COMP_Q(1.0.0),7,4,Q,1990-Q3,2.8,,,,
ABS:ERP_COMP_Q(1.0.0),7,4,Q,1990-Q4,3.2,,,,
ABS:ERP_COMP_Q(1.0.0),7,4,Q,1991-Q1,3.6,,,,
ABS:ERP_COMP_Q(1.0.0),7,4,Q,1991-Q2,2.5,,,,
ABS:ERP_COMP_Q(1.0.0),7,4,Q,1991-Q3,2.6,,,,
ABS:ERP_COMP_Q(1.0.0),7,4,Q,1991-Q4,2.7,,,,
ABS:ERP_COMP_Q(1.0.0),7,4,Q,1992-Q1,3.3,,,,
ABS:ERP_COMP_Q(1.0.0),7,4,Q,1992-Q2,2,,,,
ABS:ERP_COMP_Q(1.0.0),7,4,Q,1992-Q3,2.3,,,,
ABS:ERP_COMP_Q(1.0.0),7,4,Q,1992-Q4,2.6,,,,
ABS:ERP_COMP_Q(1.0.0),7,4,Q,1993-Q1,3.3,,,,
ABS:ERP_COMP_Q(1.0.0),7,4,Q,1993-Q2,1.8,,,,
ABS:ERP_COMP_Q(1.0.0),7,4,Q,1993-Q3,2.4,,,,
ABS:ERP_COMP_Q(1.0.0),7,4,Q,1993-Q4,2.4,,,,
ABS:ERP_COMP_Q(1.0.0),7,4,Q,1994-Q1,3.1,,,,
ABS:ERP_COMP_Q(1.0.0),7,4,Q,1994-Q2,1.8,,,,
ABS:ERP_COMP_Q(1.0.0),7,4,Q,1994-Q3,2.4,,,,
ABS:ERP_COMP_Q(1.0.0),7,4,Q,1994-Q4,2.7,,,,
ABS:ERP_COMP_Q(1.0.0),7,4,Q,1995-Q1,3.5,,,,
ABS:ERP_COMP_Q(1.0.0),7,4,Q,1995-Q2,2.2,,,,
ABS:ERP_COMP_Q(1.0.0),7,4,Q,1995-Q3,2.7,,,,
ABS:ERP_COMP_Q(1.0.0),7,4,Q,1995-Q4,2.8,,,,
ABS:ERP_COMP_Q(1.0.0),7,4,Q,1996-Q1,3.8,,,,
ABS:ERP_COMP_Q(1.0.0),7,4,Q,1996-Q2,2.1,,,,
ABS:ERP_COMP_Q(1.0.0),7,4,Q,1996-Q3,2.6,,,,
ABS:ERP_COMP_Q(1.0.0),7,4,Q,1996-Q4,2.9,,,,
ABS:ERP_COMP_Q(1.0.0),7,4,Q,1997-Q1,3.8,,,,
ABS:ERP_COMP_Q(1.0.0),7,4,Q,1997-Q2,1.9,,,,
ABS:ERP_COMP_Q(1.0.0),7,4,Q,1997-Q3,2.7,,,,
ABS:ERP_COMP_Q(1.0.0),7,4,Q,1997-Q4,2.9,,,,
ABS:ERP_COMP_Q(1.0.0),7,4,Q,1998-Q1,3.8,,,,
ABS:ERP_COMP_Q(1.0.0),7,4,Q,1998-Q2,2,,,,
ABS:ERP_COMP_Q(1.0.0),7,4,Q,1998-Q3,2.3,,,,
ABS:ERP_COMP_Q(1.0.0),7,4,Q,1998-Q4,3,,,,
ABS:ERP_COMP_Q(1.0.0),7,4,Q,1999-Q1,3.8,,,,
ABS:ERP_COMP_Q(1.0.0),7,4,Q,1999-Q2,1.9,,,,
ABS:ERP_COMP_Q(1.0.0),7,4,Q,1999-Q3,2.9,,,,
ABS:ERP_COMP_Q(1.0.0),7,4,Q,1999-Q4,3.4,,,,
ABS:ERP_COMP_Q(1.0.0),7,4,Q,2000-Q1,3.6,,,,
ABS:ERP_COMP_Q(1.0.0),7,4,Q,2000-Q2,1.8,,,,
ABS:ERP_COMP_Q(1.0.0),7,4,Q,2000-Q3,2.8,,,,
ABS:ERP_COMP_Q(1.0.0),7,4,Q,2000-Q4,2.3,,,,
ABS:ERP_COMP_Q(1.0.0),7,4,Q,2001-Q1,3.8,,,,
ABS:ERP_COMP_Q(1.0.0),7,4,Q,2001-Q2,1.9,,,,
ABS:ERP_COMP_Q(1.0.0),7,4,Q,2001-Q3,3.3,,,,
ABS:ERP_COMP_Q(1.0.0),7,4,Q,2001-Q4,3.2,,,,
ABS:ERP_COMP_Q(1.0.0),7,4,Q,2002-Q1,4.7,,,,
ABS:ERP_COMP_Q(1.0.0),7,4,Q,2002-Q2,2.6,,,,
ABS:ERP_COMP_Q(1.0.0),7,4,Q,2002-Q3,3.6,,,,
ABS:ERP_COMP_Q(1.0.0),7,4,Q,2002-Q4,3.3,,,,
ABS:ERP_COMP_Q(1.0.0),7,4,Q,2003-Q1,5.7,,,,
ABS:ERP_COMP_Q(1.0.0),7,4,Q,2003-Q2,2.9,,,,
ABS:ERP_COMP_Q(1.0.0),7,4,Q,2003-Q3,4.3,,,,
ABS:ERP_COMP_Q(1.0.0),7,4,Q,2003-Q4,3.9,,,,
ABS:ERP_COMP_Q(1.0.0),7,4,Q,2004-Q1,6.5,,,,
ABS:ERP_COMP_Q(1.0.0),7,4,Q,2004-Q2,3.4,,,,
ABS:ERP_COMP_Q(1.0.0),7,4,Q,2004-Q3,4.8,,,,
ABS:ERP_COMP_Q(1.0.0),7,4,Q,2004-Q4,4.2,,,,
ABS:ERP_COMP_Q(1.0.0),7,4,Q,2005-Q1,7.8,,,,
ABS:ERP_COMP_Q(1.0.0),7,4,Q,2005-Q2,4.1,,,,
ABS:ERP_COMP_Q(1.0.0),7,4,Q,2005-Q3,6,,,,
ABS:ERP_COMP_Q(1.0.0),7,4,Q,2005-Q4,5.5,,,,
ABS:ERP_COMP_Q(1.0.0),7,4,Q,2006-Q1,8.6,,,,
ABS:ERP_COMP_Q(1.0.0),7,4,Q,2006-Q2,5.2,,,,
ABS:ERP_COMP_Q(1.0.0),7,4,Q,2006-Q3,6.1,,,,
ABS:ERP_COMP_Q(1.0.0),7,4,Q,2006-Q4,5.7,,,,
ABS:ERP_COMP_Q(1.0.0),7,4,Q,2007-Q1,6.9,,,,
ABS:ERP_COMP_Q(1.0.0),7,4,Q,2007-Q2,4.8,,,,
ABS:ERP_COMP_Q(1.0.0),7,4,Q,2007-Q3,6.1,,,,
ABS:ERP_COMP_Q(1.0.0),7,4,Q,2007-Q4,5.7,,,,
ABS:ERP_COMP_Q(1.0.0),7,4,Q,2008-Q1,7.5,,,,
ABS:ERP_COMP_Q(1.0.0),7,4,Q,2008-Q2,5.9,,,,
ABS:ERP_COMP_Q(1.0.0),7,4,Q,2008-Q3,7.3,,,,
ABS:ERP_COMP_Q(1.0.0),7,4,Q,2008-Q4,6.6,,,,
ABS:ERP_COMP_Q(1.0.0),7,4,Q,2009-Q1,7.7,,,,
ABS:ERP_COMP_Q(1.0.0),7,4,Q,2009-Q2,5.8,,,,
ABS:ERP_COMP_Q(1.0.0),7,4,Q,2009-Q3,7.2,,,,
ABS:ERP_COMP_Q(1.0.0),7,4,Q,2009-Q4,6.1,,,,
ABS:ERP_COMP_Q(1.0.0),7,4,Q,2010-Q1,6.8,,,,
ABS:ERP_COMP_Q(1.0.0),7,4,Q,2010-Q2,4.6,,,,
ABS:ERP_COMP_Q(1.0.0),7,4,Q,2010-Q3,5.6,,,,
ABS:ERP_COMP_Q(1.0.0),7,4,Q,2010-Q4,4.9,,,,
ABS:ERP_COMP_Q(1.0.0),7,4,Q,2011-Q1,5.5,,,,
ABS:ERP_COMP_Q(1.0.0),7,4,Q,2011-Q2,4.2,,,,
ABS:ERP_COMP_Q(1.0.0),7,4,Q,2011-Q3,5.7,,,,
ABS:ERP_COMP_Q(1.0.0),7,4,Q,2011-Q4,5.5,,,,
ABS:ERP_COMP_Q(1.0.0),7,4,Q,2012-Q1,6.9,,,,
ABS:ERP_COMP_Q(1.0.0),7,4,Q,2012-Q2,4.9,,,,
ABS:ERP_COMP_Q(1.0.0),7,4,Q,2012-Q3,5.9,,,,
ABS:ERP_COMP_Q(1.0.0),7,4,Q,2012-Q4,5.2,,,,
ABS:ERP_COMP_Q(1.0.0),7,4,Q,2013-Q1,6.7,,,,
ABS:ERP_COMP_Q(1.0.0),7,4,Q,2013-Q2,4.9,,,,
ABS:ERP_COMP_Q(1.0.0),7,4,Q,2013-Q3,6.5,,,,
ABS:ERP_COMP_Q(1.0.0),7,4,Q,2013-Q4,5.7,,,,
ABS:ERP_COMP_Q(1.0.0),7,4,Q,2014-Q1,6.9,,,,
ABS:ERP_COMP_Q(1.0.0),7,4,Q,2014-Q2,4.6,,,,
ABS:ERP_COMP_Q(1.0.0),7,4,Q,2014-Q3,5.8,,,,
ABS:ERP_COMP_Q(1.0.0),7,4,Q,2014-Q4,5.5,,,,
ABS:ERP_COMP_Q(1.0.0),7,4,Q,2015-Q1,7.3,,,,
ABS:ERP_COMP_Q(1.0.0),7,4,Q,2015-Q2,4.7,,,,
ABS:ERP_COMP_Q(1.0.0),7,4,Q,2015-Q3,6.3,,,,
ABS:ERP_COMP_Q(1.0.0),7,4,Q,2015-Q4,5.3,,,,
ABS:ERP_COMP_Q(1.0.0),7,4,Q,2016-Q1,6.8,,,,
ABS:ERP_COMP_Q(1.0.0),7,4,Q,2016-Q2,5,,,,
ABS:ERP_COMP_Q(1.0.0),7,4,Q,2016-Q3,6.6,,,,
ABS:ERP_COMP_Q(1.0.0),7,4,Q,2016-Q4,5.6,,,,
ABS:ERP_COMP_Q(1.0.0),7,4,Q,2017-Q1,7,,,,
ABS:ERP_COMP_Q(1.0.0),7,4,Q,2017-Q2,4.6,,,,
ABS:ERP_COMP_Q(1.0.0),7,4,Q,2017-Q3,6.5,,,,
ABS:ERP_COMP_Q(1.0.0),7,4,Q,2017-Q4,5.5,,,,
ABS:ERP_COMP_Q(1.0.0),7,4,Q,2018-Q1,7.3,,,,
ABS:ERP_COMP_Q(1.0.0),7,4,Q,2018-Q2,4.7,,,,
ABS:ERP_COMP_Q(1.0.0),7,4,Q,2018-Q3,7.3,,,,
ABS:ERP_COMP_Q(1.0.0),7,4,Q,2018-Q4,5.6,,,,
ABS:ERP_COMP_Q(1.0.0),7,4,Q,2019-Q1,7.8,,,,
ABS:ERP_COMP_Q(1.0.0),7,4,Q,2019-Q2,6,,,,
ABS:ERP_COMP_Q(1.0.0),7,4,Q,2019-Q3,8.7,,,,
ABS:ERP_COMP_Q(1.0.0),7,4,Q,2019-Q4,8.4,,,,
ABS:ERP_COMP_Q(1.0.0),7,4,Q,2020-Q1,10.1,,,,
ABS:ERP_COMP_Q(1.0.0),7,4,Q,2020-Q2,0.6,,,,
ABS:ERP_COMP_Q(1.0.0),7,4,Q,2020-Q3,0.8,,,,
ABS:ERP_COMP_Q(1.0.0),7,4,Q,2020-Q4,1.4,,,,
ABS:ERP_COMP_Q(1.0.0),7,4,Q,2021-Q1,1.7,,,,
ABS:ERP_COMP_Q(1.0.0),7,4,Q,2021-Q2,2.1,,,,
ABS:ERP_COMP_Q(1.0.0),7,4,Q,2021-Q3,1.4,,,,
ABS:ERP_COMP_Q(1.0.0),7,4,Q,2021-Q4,4.1,,,,
ABS:ERP_COMP_Q(1.0.0),7,4,Q,2022-Q1,10.2,,,,
ABS:ERP_COMP_Q(1.0.0),7,4,Q,2022-Q2,7.3,,,,
ABS:ERP_COMP_Q(1.0.0),7,4,Q,2022-Q3,9.5,,,,
ABS:ERP_COMP_Q(1.0.0),7,4,Q,2022-Q4,8.2,,,,
ABS:ERP_COMP_Q(1.0.0),7,4,Q,2023-Q1,11.9,,,,
ABS:ERP_COMP_Q(1.0.0),7,4,Q,2023-Q2,8.5,,,,
ABS:ERP_COMP_Q(1.0.0),7,4,Q,2023-Q3,10.2,,,,
ABS:ERP_COMP_Q(1.0.0),7,4,Q,2023-Q4,7.4,,,,
ABS:ERP_COMP_Q(1.0.0),7,4,Q,2024-Q1,9.7,,,,
ABS:ERP_COMP_Q(1.0.0),7,4,Q,2024-Q2,5.8,,,,
ABS:ERP_COMP_Q(1.0.0),7,4,Q,2024-Q3,7.7,,,,
ABS:ERP_COMP_Q(1.0.0),7,4,Q,2024-Q4,6.9,,,,
ABS:ERP_COMP_Q(1.0.0),7,4,Q,2025-Q1,9.5,,,,
ABS:ERP_COMP_Q(1.0.0),7,4,Q,2025-Q2,5.6,,,,
ABS:ERP_COMP_Q(1.0.0),7,4,Q,2025-Q3,8.1,,,,
ABS:ERP_COMP_Q(1.0.0),7,4,Q,2025-Q4,6.2,,,,
ABS:ERP_COMP_Q(1.0.0),1,8,Q,1981-Q2,1.1,,,,
ABS:ERP_COMP_Q(1.0.0),1,8,Q,1981-Q3,1,,,,
ABS:ERP_COMP_Q(1.0.0),1,8,Q,1981-Q4,1,,,,
ABS:ERP_COMP_Q(1.0.0),1,8,Q,1982-Q1,1,,,,
ABS:ERP_COMP_Q(1.0.0),1,8,Q,1982-Q2,1,,,,
ABS:ERP_COMP_Q(1.0.0),1,8,Q,1982-Q3,1,,,,
ABS:ERP_COMP_Q(1.0.0),1,8,Q,1982-Q4,1,,,,
ABS:ERP_COMP_Q(1.0.0),1,8,Q,1983-Q1,1,,,,
ABS:ERP_COMP_Q(1.0.0),1,8,Q,1983-Q2,1,,,,
ABS:ERP_COMP_Q(1.0.0),1,8,Q,1983-Q3,1,,,,
ABS:ERP_COMP_Q(1.0.0),1,8,Q,1983-Q4,1.1,,,,
ABS:ERP_COMP_Q(1.0.0),1,8,Q,1984-Q1,1,,,,
ABS:ERP_COMP_Q(1.0.0),1,8,Q,1984-Q2,1.1,,,,
ABS:ERP_COMP_Q(1.0.0),1,8,Q,1984-Q3,1,,,,
ABS:ERP_COMP_Q(1.0.0),1,8,Q,1984-Q4,1.1,,,,
ABS:ERP_COMP_Q(1.0.0),1,8,Q,1985-Q1,1,,,,
ABS:ERP_COMP_Q(1.0.0),1,8,Q,1985-Q2,1,,,,
ABS:ERP_COMP_Q(1.0.0),1,8,Q,1985-Q3,1,,,,
ABS:ERP_COMP_Q(1.0.0),1,8,Q,1985-Q4,1.1,,,,
ABS:ERP_COMP_Q(1.0.0),1,8,Q,1986-Q1,0.9,,,,
ABS:ERP_COMP_Q(1.0.0),1,8,Q,1986-Q2,1,,,,
ABS:ERP_COMP_Q(1.0.0),1,8,Q,1986-Q3,1,,,,
ABS:ERP_COMP_Q(1.0.0),1,8,Q,1986-Q4,1.1,,,,
ABS:ERP_COMP_Q(1.0.0),1,8,Q,1987-Q1,1,,,,
ABS:ERP_COMP_Q(1.0.0),1,8,Q,1987-Q2,1,,,,
ABS:ERP_COMP_Q(1.0.0),1,8,Q,1987-Q3,1,,,,
ABS:ERP_COMP_Q(1.0.0),1,8,Q,1987-Q4,1.1,,,,
ABS:ERP_COMP_Q(1.0.0),1,8,Q,1988-Q1,1,,,,
ABS:ERP_COMP_Q(1.0.0),1,8,Q,1988-Q2,1,,,,
ABS:ERP_COMP_Q(1.0.0),1,8,Q,1988-Q3,1.1,,,,
ABS:ERP_COMP_Q(1.0.0),1,8,Q,1988-Q4,1.2,,,,
ABS:ERP_COMP_Q(1.0.0),1,8,Q,1989-Q1,1,,,,
ABS:ERP_COMP_Q(1.0.0),1,8,Q,1989-Q2,1,,,,
ABS:ERP_COMP_Q(1.0.0),1,8,Q,1989-Q3,1.1,,,,
ABS:ERP_COMP_Q(1.0.0),1,8,Q,1989-Q4,1.1,,,,
ABS:ERP_COMP_Q(1.0.0),1,8,Q,1990-Q1,1.2,,,,
ABS:ERP_COMP_Q(1.0.0),1,8,Q,1990-Q2,1.1,,,,
ABS:ERP_COMP_Q(1.0.0),1,8,Q,1990-Q3,0.9,,,,
ABS:ERP_COMP_Q(1.0.0),1,8,Q,1990-Q4,1.2,,,,
ABS:ERP_COMP_Q(1.0.0),1,8,Q,1991-Q1,1.2,,,,
ABS:ERP_COMP_Q(1.0.0),1,8,Q,1991-Q2,1.3,,,,
ABS:ERP_COMP_Q(1.0.0),1,8,Q,1991-Q3,1.1,,,,
ABS:ERP_COMP_Q(1.0.0),1,8,Q,1991-Q4,1.3,,,,
ABS:ERP_COMP_Q(1.0.0),1,8,Q,1992-Q1,1.1,,,,
ABS:ERP_COMP_Q(1.0.0),1,8,Q,1992-Q2,1.1,,,,
ABS:ERP_COMP_Q(1.0.0),1,8,Q,1992-Q3,1.2,,,,
ABS:ERP_COMP_Q(1.0.0),1,8,Q,1992-Q4,1.1,,,,
ABS:ERP_COMP_Q(1.0.0),1,8,Q,1993-Q1,1.1,,,,
ABS:ERP_COMP_Q(1.0.0),1,8,Q,1993-Q2,1.1,,,,
ABS:ERP_COMP_Q(1.0.0),1,8,Q,1993-Q3,1.1,,,,
ABS:ERP_COMP_Q(1.0.0),1,8,Q,1993-Q4,1.1,,,,
ABS:ERP_COMP_Q(1.0.0),1,8,Q,1994-Q1,1.1,,,,
ABS:ERP_COMP_Q(1.0.0),1,8,Q,1994-Q2,1.1,,,,
ABS:ERP_COMP_Q(1.0.0),1,8,Q,1994-Q3,1.2,,,,
ABS:ERP_COMP_Q(1.0.0),1,8,Q,1994-Q4,1.1,,,,
ABS:ERP_COMP_Q(1.0.0),1,8,Q,1995-Q1,1.1,,,,
ABS:ERP_COMP_Q(1.0.0),1,8,Q,1995-Q2,1.1,,,,
ABS:ERP_COMP_Q(1.0.0),1,8,Q,1995-Q3,1.1,,,,
ABS:ERP_COMP_Q(1.0.0),1,8,Q,1995-Q4,1.1,,,,
ABS:ERP_COMP_Q(1.0.0),1,8,Q,1996-Q1,1,,,,
ABS:ERP_COMP_Q(1.0.0),1,8,Q,1996-Q2,1,,,,
ABS:ERP_COMP_Q(1.0.0),1,8,Q,1996-Q3,1.1,,,,
ABS:ERP_COMP_Q(1.0.0),1,8,Q,1996-Q4,1.1,,,,
ABS:ERP_COMP_Q(1.0.0),1,8,Q,1997-Q1,1,,,,
ABS:ERP_COMP_Q(1.0.0),1,8,Q,1997-Q2,1.1,,,,
ABS:ERP_COMP_Q(1.0.0),1,8,Q,1997-Q3,1,,,,
ABS:ERP_COMP_Q(1.0.0),1,8,Q,1997-Q4,1,,,,
ABS:ERP_COMP_Q(1.0.0),1,8,Q,1998-Q1,1.1,,,,
ABS:ERP_COMP_Q(1.0.0),1,8,Q,1998-Q2,1,,,,
ABS:ERP_COMP_Q(1.0.0),1,8,Q,1998-Q3,1,,,,
ABS:ERP_COMP_Q(1.0.0),1,8,Q,1998-Q4,1.1,,,,
ABS:ERP_COMP_Q(1.0.0),1,8,Q,1999-Q1,1,,,,
ABS:ERP_COMP_Q(1.0.0),1,8,Q,1999-Q2,1,,,,
ABS:ERP_COMP_Q(1.0.0),1,8,Q,1999-Q3,1.1,,,,
ABS:ERP_COMP_Q(1.0.0),1,8,Q,1999-Q4,1,,,,
ABS:ERP_COMP_Q(1.0.0),1,8,Q,2000-Q1,1,,,,
ABS:ERP_COMP_Q(1.0.0),1,8,Q,2000-Q2,1.1,,,,
ABS:ERP_COMP_Q(1.0.0),1,8,Q,2000-Q3,1,,,,
ABS:ERP_COMP_Q(1.0.0),1,8,Q,2000-Q4,1.1,,,,
ABS:ERP_COMP_Q(1.0.0),1,8,Q,2001-Q1,1,,,,
ABS:ERP_COMP_Q(1.0.0),1,8,Q,2001-Q2,0.9,,,,
ABS:ERP_COMP_Q(1.0.0),1,8,Q,2001-Q3,1,,,,
ABS:ERP_COMP_Q(1.0.0),1,8,Q,2001-Q4,0.9,,,,
ABS:ERP_COMP_Q(1.0.0),1,8,Q,2002-Q1,1,,,,
ABS:ERP_COMP_Q(1.0.0),1,8,Q,2002-Q2,1,,,,
ABS:ERP_COMP_Q(1.0.0),1,8,Q,2002-Q3,1,,,,
ABS:ERP_COMP_Q(1.0.0),1,8,Q,2002-Q4,1,,,,
ABS:ERP_COMP_Q(1.0.0),1,8,Q,2003-Q1,1,,,,
ABS:ERP_COMP_Q(1.0.0),1,8,Q,2003-Q2,1,,,,
ABS:ERP_COMP_Q(1.0.0),1,8,Q,2003-Q3,1.1,,,,
ABS:ERP_COMP_Q(1.0.0),1,8,Q,2003-Q4,1.1,,,,
ABS:ERP_COMP_Q(1.0.0),1,8,Q,2004-Q1,1,,,,
ABS:ERP_COMP_Q(1.0.0),1,8,Q,2004-Q2,1,,,,
ABS:ERP_COMP_Q(1.0.0),1,8,Q,2004-Q3,1.1,,,,
ABS:ERP_COMP_Q(1.0.0),1,8,Q,2004-Q4,1,,,,
ABS:ERP_COMP_Q(1.0.0),1,8,Q,2005-Q1,1.1,,,,
ABS:ERP_COMP_Q(1.0.0),1,8,Q,2005-Q2,1,,,,
ABS:ERP_COMP_Q(1.0.0),1,8,Q,2005-Q3,1.1,,,,
ABS:ERP_COMP_Q(1.0.0),1,8,Q,2005-Q4,1.1,,,,
ABS:ERP_COMP_Q(1.0.0),1,8,Q,2006-Q1,1.2,,,,
ABS:ERP_COMP_Q(1.0.0),1,8,Q,2006-Q2,1.1,,,,
ABS:ERP_COMP_Q(1.0.0),1,8,Q,2006-Q3,1.2,,,,
ABS:ERP_COMP_Q(1.0.0),1,8,Q,2006-Q4,1.1,,,,
ABS:ERP_COMP_Q(1.0.0),1,8,Q,2007-Q1,1.1,,,,
ABS:ERP_COMP_Q(1.0.0),1,8,Q,2007-Q2,1.2,,,,
ABS:ERP_COMP_Q(1.0.0),1,8,Q,2007-Q3,1.2,,,,
ABS:ERP_COMP_Q(1.0.0),1,8,Q,2007-Q4,1.2,,,,
ABS:ERP_COMP_Q(1.0.0),1,8,Q,2008-Q1,1.1,,,,
ABS:ERP_COMP_Q(1.0.0),1,8,Q,2008-Q2,1.1,,,,
ABS:ERP_COMP_Q(1.0.0),1,8,Q,2008-Q3,1.3,,,,
ABS:ERP_COMP_Q(1.0.0),1,8,Q,2008-Q4,1.2,,,,
ABS:ERP_COMP_Q(1.0.0),1,8,Q,2009-Q1,1.1,,,,
ABS:ERP_COMP_Q(1.0.0),1,8,Q,2009-Q2,1.2,,,,
ABS:ERP_COMP_Q(1.0.0),1,8,Q,2009-Q3,1.3,,,,
ABS:ERP_COMP_Q(1.0.0),1,8,Q,2009-Q4,1.3,,,,
ABS:ERP_COMP_Q(1.0.0),1,8,Q,2010-Q1,1.3,,,,
ABS:ERP_COMP_Q(1.0.0),1,8,Q,2010-Q2,1.3,,,,
ABS:ERP_COMP_Q(1.0.0),1,8,Q,2010-Q3,1.3,,,,
ABS:ERP_COMP_Q(1.0.0),1,8,Q,2010-Q4,1.2,,,,
ABS:ERP_COMP_Q(1.0.0),1,8,Q,2011-Q1,1.4,,,,
ABS:ERP_COMP_Q(1.0.0),1,8,Q,2011-Q2,1.3,,,,
ABS:ERP_COMP_Q(1.0.0),1,8,Q,2011-Q3,1.3,,,,
ABS:ERP_COMP_Q(1.0.0),1,8,Q,2011-Q4,1.3,,,,
ABS:ERP_COMP_Q(1.0.0),1,8,Q,2012-Q1,1.4,,,,
ABS:ERP_COMP_Q(1.0.0),1,8,Q,2012-Q2,1.3,,,,
ABS:ERP_COMP_Q(1.0.0),1,8,Q,2012-Q3,1.4,,,,
ABS:ERP_COMP_Q(1.0.0),1,8,Q,2012-Q4,1.4,,,,
ABS:ERP_COMP_Q(1.0.0),1,8,Q,2013-Q1,1.3,,,,
ABS:ERP_COMP_Q(1.0.0),1,8,Q,2013-Q2,1.4,,,,
ABS:ERP_COMP_Q(1.0.0),1,8,Q,2013-Q3,1.4,,,,
ABS:ERP_COMP_Q(1.0.0),1,8,Q,2013-Q4,1.4,,,,
ABS:ERP_COMP_Q(1.0.0),1,8,Q,2014-Q1,1.4,,,,
ABS:ERP_COMP_Q(1.0.0),1,8,Q,2014-Q2,1.4,,,,
ABS:ERP_COMP_Q(1.0.0),1,8,Q,2014-Q3,1.5,,,,
ABS:ERP_COMP_Q(1.0.0),1,8,Q,2014-Q4,1.4,,,,
ABS:ERP_COMP_Q(1.0.0),1,8,Q,2015-Q1,1.4,,,,
ABS:ERP_COMP_Q(1.0.0),1,8,Q,2015-Q2,1.4,,,,
ABS:ERP_COMP_Q(1.0.0),1,8,Q,2015-Q3,1.4,,,,
ABS:ERP_COMP_Q(1.0.0),1,8,Q,2015-Q4,1.4,,,,
ABS:ERP_COMP_Q(1.0.0),1,8,Q,2016-Q1,1.4,,,,
ABS:ERP_COMP_Q(1.0.0),1,8,Q,2016-Q2,1.4,,,,
ABS:ERP_COMP_Q(1.0.0),1,8,Q,2016-Q3,1.5,,,,
ABS:ERP_COMP_Q(1.0.0),1,8,Q,2016-Q4,1.4,,,,
ABS:ERP_COMP_Q(1.0.0),1,8,Q,2017-Q1,1.4,,,,
ABS:ERP_COMP_Q(1.0.0),1,8,Q,2017-Q2,1.3,,,,
ABS:ERP_COMP_Q(1.0.0),1,8,Q,2017-Q3,1.4,,,,
ABS:ERP_COMP_Q(1.0.0),1,8,Q,2017-Q4,1.3,,,,
ABS:ERP_COMP_Q(1.0.0),1,8,Q,2018-Q1,1.3,,,,
ABS:ERP_COMP_Q(1.0.0),1,8,Q,2018-Q2,1.3,,,,
ABS:ERP_COMP_Q(1.0.0),1,8,Q,2018-Q3,1.3,,,,
ABS:ERP_COMP_Q(1.0.0),1,8,Q,2018-Q4,1.3,,,,
ABS:ERP_COMP_Q(1.0.0),1,8,Q,2019-Q1,1.4,,,,
ABS:ERP_COMP_Q(1.0.0),1,8,Q,2019-Q2,1.3,,,,
ABS:ERP_COMP_Q(1.0.0),1,8,Q,2019-Q3,1.5,,,,
ABS:ERP_COMP_Q(1.0.0),1,8,Q,2019-Q4,1.4,,,,
ABS:ERP_COMP_Q(1.0.0),1,8,Q,2020-Q1,1.3,,,,
ABS:ERP_COMP_Q(1.0.0),1,8,Q,2020-Q2,1.3,,,,
ABS:ERP_COMP_Q(1.0.0),1,8,Q,2020-Q3,1.4,,,,
ABS:ERP_COMP_Q(1.0.0),1,8,Q,2020-Q4,1.3,,,,
ABS:ERP_COMP_Q(1.0.0),1,8,Q,2021-Q1,1.5,,,,
ABS:ERP_COMP_Q(1.0.0),1,8,Q,2021-Q2,1.3,,,,
ABS:ERP_COMP_Q(1.0.0),1,8,Q,2021-Q3,1.4,,,,
ABS:ERP_COMP_Q(1.0.0),1,8,Q,2021-Q4,1.4,,,,
ABS:ERP_COMP_Q(1.0.0),1,8,Q,2022-Q1,1.4,,,,
ABS:ERP_COMP_Q(1.0.0),1,8,Q,2022-Q2,1.3,,,,
ABS:ERP_COMP_Q(1.0.0),1,8,Q,2022-Q3,1.4,,,,
ABS:ERP_COMP_Q(1.0.0),1,8,Q,2022-Q4,1.3,,,,
ABS:ERP_COMP_Q(1.0.0),1,8,Q,2023-Q1,1.3,,,,
ABS:ERP_COMP_Q(1.0.0),1,8,Q,2023-Q2,1.3,,,,
ABS:ERP_COMP_Q(1.0.0),1,8,Q,2023-Q3,1.3,,,,
ABS:ERP_COMP_Q(1.0.0),1,8,Q,2023-Q4,1.3,,,,
ABS:ERP_COMP_Q(1.0.0),1,8,Q,2024-Q1,1.3,,,,
ABS:ERP_COMP_Q(1.0.0),1,8,Q,2024-Q2,1.3,,,,
ABS:ERP_COMP_Q(1.0.0),1,8,Q,2024-Q3,1.3,,,,
ABS:ERP_COMP_Q(1.0.0),1,8,Q,2024-Q4,1.3,,,,
ABS:ERP_COMP_Q(1.0.0),1,8,Q,2025-Q1,1.3,,,,
ABS:ERP_COMP_Q(1.0.0),1,8,Q,2025-Q2,1.4,,,,
ABS:ERP_COMP_Q(1.0.0),1,8,Q,2025-Q3,1.3,,,,
ABS:ERP_COMP_Q(1.0.0),1,8,Q,2025-Q4,1.3,,,,
ABS:ERP_COMP_Q(1.0.0),10,8,Q,1981-Q2,227.6,,,,
ABS:ERP_COMP_Q(1.0.0),10,8,Q,1981-Q3,228.8,,,,
ABS:ERP_COMP_Q(1.0.0),10,8,Q,1981-Q4,229.5,,,,
ABS:ERP_COMP_Q(1.0.0),10,8,Q,1982-Q1,231,,,,
ABS:ERP_COMP_Q(1.0.0),10,8,Q,1982-Q2,233,,,,
ABS:ERP_COMP_Q(1.0.0),10,8,Q,1982-Q3,233.8,,,,
ABS:ERP_COMP_Q(1.0.0),10,8,Q,1982-Q4,235,,,,
ABS:ERP_COMP_Q(1.0.0),10,8,Q,1983-Q1,237,,,,
ABS:ERP_COMP_Q(1.0.0),10,8,Q,1983-Q2,239,,,,
ABS:ERP_COMP_Q(1.0.0),10,8,Q,1983-Q3,240.1,,,,
ABS:ERP_COMP_Q(1.0.0),10,8,Q,1983-Q4,242,,,,
ABS:ERP_COMP_Q(1.0.0),10,8,Q,1984-Q1,243.5,,,,
ABS:ERP_COMP_Q(1.0.0),10,8,Q,1984-Q2,245.1,,,,
ABS:ERP_COMP_Q(1.0.0),10,8,Q,1984-Q3,246.3,,,,
ABS:ERP_COMP_Q(1.0.0),10,8,Q,1984-Q4,247.1,,,,
ABS:ERP_COMP_Q(1.0.0),10,8,Q,1985-Q1,248.8,,,,
ABS:ERP_COMP_Q(1.0.0),10,8,Q,1985-Q2,251.4,,,,
ABS:ERP_COMP_Q(1.0.0),10,8,Q,1985-Q3,253.4,,,,
ABS:ERP_COMP_Q(1.0.0),10,8,Q,1985-Q4,255.9,,,,
ABS:ERP_COMP_Q(1.0.0),10,8,Q,1986-Q1,257.3,,,,
ABS:ERP_COMP_Q(1.0.0),10,8,Q,1986-Q2,258.9,,,,
ABS:ERP_COMP_Q(1.0.0),10,8,Q,1986-Q3,260.5,,,,
ABS:ERP_COMP_Q(1.0.0),10,8,Q,1986-Q4,262.2,,,,
ABS:ERP_COMP_Q(1.0.0),10,8,Q,1987-Q1,264.1,,,,
ABS:ERP_COMP_Q(1.0.0),10,8,Q,1987-Q2,265.5,,,,
ABS:ERP_COMP_Q(1.0.0),10,8,Q,1987-Q3,267.4,,,,
ABS:ERP_COMP_Q(1.0.0),10,8,Q,1987-Q4,268.8,,,,
ABS:ERP_COMP_Q(1.0.0),10,8,Q,1988-Q1,271,,,,
ABS:ERP_COMP_Q(1.0.0),10,8,Q,1988-Q2,272.1,,,,
ABS:ERP_COMP_Q(1.0.0),10,8,Q,1988-Q3,273.1,,,,
ABS:ERP_COMP_Q(1.0.0),10,8,Q,1988-Q4,274.1,,,,
ABS:ERP_COMP_Q(1.0.0),10,8,Q,1989-Q1,275.9,,,,
ABS:ERP_COMP_Q(1.0.0),10,8,Q,1989-Q2,276.4,,,,
ABS:ERP_COMP_Q(1.0.0),10,8,Q,1989-Q3,277.5,,,,
ABS:ERP_COMP_Q(1.0.0),10,8,Q,1989-Q4,279.2,,,,
ABS:ERP_COMP_Q(1.0.0),10,8,Q,1990-Q1,280.7,,,,
ABS:ERP_COMP_Q(1.0.0),10,8,Q,1990-Q2,282.2,,,,
ABS:ERP_COMP_Q(1.0.0),10,8,Q,1990-Q3,283.7,,,,
ABS:ERP_COMP_Q(1.0.0),10,8,Q,1990-Q4,285,,,,
ABS:ERP_COMP_Q(1.0.0),10,8,Q,1991-Q1,287.3,,,,
ABS:ERP_COMP_Q(1.0.0),10,8,Q,1991-Q2,289.3,,,,
ABS:ERP_COMP_Q(1.0.0),10,8,Q,1991-Q3,290.5,,,,
ABS:ERP_COMP_Q(1.0.0),10,8,Q,1991-Q4,291.5,,,,
ABS:ERP_COMP_Q(1.0.0),10,8,Q,1992-Q1,293.5,,,,
ABS:ERP_COMP_Q(1.0.0),10,8,Q,1992-Q2,294.9,,,,
ABS:ERP_COMP_Q(1.0.0),10,8,Q,1992-Q3,296.1,,,,
ABS:ERP_COMP_Q(1.0.0),10,8,Q,1992-Q4,296.5,,,,
ABS:ERP_COMP_Q(1.0.0),10,8,Q,1993-Q1,299.2,,,,
ABS:ERP_COMP_Q(1.0.0),10,8,Q,1993-Q2,299.8,,,,
ABS:ERP_COMP_Q(1.0.0),10,8,Q,1993-Q3,300,,,,
ABS:ERP_COMP_Q(1.0.0),10,8,Q,1993-Q4,300.5,,,,
ABS:ERP_COMP_Q(1.0.0),10,8,Q,1994-Q1,301.4,,,,
ABS:ERP_COMP_Q(1.0.0),10,8,Q,1994-Q2,302.2,,,,
ABS:ERP_COMP_Q(1.0.0),10,8,Q,1994-Q3,303.1,,,,
ABS:ERP_COMP_Q(1.0.0),10,8,Q,1994-Q4,303.3,,,,
ABS:ERP_COMP_Q(1.0.0),10,8,Q,1995-Q1,305.4,,,,
ABS:ERP_COMP_Q(1.0.0),10,8,Q,1995-Q2,305.8,,,,
ABS:ERP_COMP_Q(1.0.0),10,8,Q,1995-Q3,306.9,,,,
ABS:ERP_COMP_Q(1.0.0),10,8,Q,1995-Q4,307,,,,
ABS:ERP_COMP_Q(1.0.0),10,8,Q,1996-Q1,308.5,,,,
ABS:ERP_COMP_Q(1.0.0),10,8,Q,1996-Q2,309.6,,,,
ABS:ERP_COMP_Q(1.0.0),10,8,Q,1996-Q3,310.2,,,,
ABS:ERP_COMP_Q(1.0.0),10,8,Q,1996-Q4,310.7,,,,
ABS:ERP_COMP_Q(1.0.0),10,8,Q,1997-Q1,310.9,,,,
ABS:ERP_COMP_Q(1.0.0),10,8,Q,1997-Q2,310.5,,,,
ABS:ERP_COMP_Q(1.0.0),10,8,Q,1997-Q3,310.3,,,,
ABS:ERP_COMP_Q(1.0.0),10,8,Q,1997-Q4,310.3,,,,
ABS:ERP_COMP_Q(1.0.0),10,8,Q,1998-Q1,311,,,,
ABS:ERP_COMP_Q(1.0.0),10,8,Q,1998-Q2,311.5,,,,
ABS:ERP_COMP_Q(1.0.0),10,8,Q,1998-Q3,311.7,,,,
ABS:ERP_COMP_Q(1.0.0),10,8,Q,1998-Q4,312.3,,,,
ABS:ERP_COMP_Q(1.0.0),10,8,Q,1999-Q1,313.5,,,,
ABS:ERP_COMP_Q(1.0.0),10,8,Q,1999-Q2,314.2,,,,
ABS:ERP_COMP_Q(1.0.0),10,8,Q,1999-Q3,314.8,,,,
ABS:ERP_COMP_Q(1.0.0),10,8,Q,1999-Q4,315.4,,,,
ABS:ERP_COMP_Q(1.0.0),10,8,Q,2000-Q1,316.7,,,,
ABS:ERP_COMP_Q(1.0.0),10,8,Q,2000-Q2,317.2,,,,
ABS:ERP_COMP_Q(1.0.0),10,8,Q,2000-Q3,318.1,,,,
ABS:ERP_COMP_Q(1.0.0),10,8,Q,2000-Q4,318.9,,,,
ABS:ERP_COMP_Q(1.0.0),10,8,Q,2001-Q1,320.5,,,,
ABS:ERP_COMP_Q(1.0.0),10,8,Q,2001-Q2,321.5,,,,
ABS:ERP_COMP_Q(1.0.0),10,8,Q,2001-Q3,321.9,,,,
ABS:ERP_COMP_Q(1.0.0),10,8,Q,2001-Q4,322.9,,,,
ABS:ERP_COMP_Q(1.0.0),10,8,Q,2002-Q1,324.2,,,,
ABS:ERP_COMP_Q(1.0.0),10,8,Q,2002-Q2,324.6,,,,
ABS:ERP_COMP_Q(1.0.0),10,8,Q,2002-Q3,325.3,,,,
ABS:ERP_COMP_Q(1.0.0),10,8,Q,2002-Q4,326,,,,
ABS:ERP_COMP_Q(1.0.0),10,8,Q,2003-Q1,327.1,,,,
ABS:ERP_COMP_Q(1.0.0),10,8,Q,2003-Q2,327.4,,,,
ABS:ERP_COMP_Q(1.0.0),10,8,Q,2003-Q3,327.4,,,,
ABS:ERP_COMP_Q(1.0.0),10,8,Q,2003-Q4,327.6,,,,
ABS:ERP_COMP_Q(1.0.0),10,8,Q,2004-Q1,328.6,,,,
ABS:ERP_COMP_Q(1.0.0),10,8,Q,2004-Q2,328.9,,,,
ABS:ERP_COMP_Q(1.0.0),10,8,Q,2004-Q3,329.1,,,,
ABS:ERP_COMP_Q(1.0.0),10,8,Q,2004-Q4,329.5,,,,
ABS:ERP_COMP_Q(1.0.0),10,8,Q,2005-Q1,330.9,,,,
ABS:ERP_COMP_Q(1.0.0),10,8,Q,2005-Q2,331.4,,,,
ABS:ERP_COMP_Q(1.0.0),10,8,Q,2005-Q3,332.2,,,,
ABS:ERP_COMP_Q(1.0.0),10,8,Q,2005-Q4,333.5,,,,
ABS:ERP_COMP_Q(1.0.0),10,8,Q,2006-Q1,334.3,,,,
ABS:ERP_COMP_Q(1.0.0),10,8,Q,2006-Q2,335.2,,,,
ABS:ERP_COMP_Q(1.0.0),10,8,Q,2006-Q3,336.5,,,,
ABS:ERP_COMP_Q(1.0.0),10,8,Q,2006-Q4,338.4,,,,
ABS:ERP_COMP_Q(1.0.0),10,8,Q,2007-Q1,340.5,,,,
ABS:ERP_COMP_Q(1.0.0),10,8,Q,2007-Q2,342.6,,,,
ABS:ERP_COMP_Q(1.0.0),10,8,Q,2007-Q3,343.3,,,,
ABS:ERP_COMP_Q(1.0.0),10,8,Q,2007-Q4,344.2,,,,
ABS:ERP_COMP_Q(1.0.0),10,8,Q,2008-Q1,346.5,,,,
ABS:ERP_COMP_Q(1.0.0),10,8,Q,2008-Q2,348.4,,,,
ABS:ERP_COMP_Q(1.0.0),10,8,Q,2008-Q3,349.5,,,,
ABS:ERP_COMP_Q(1.0.0),10,8,Q,2008-Q4,351.1,,,,
ABS:ERP_COMP_Q(1.0.0),10,8,Q,2009-Q1,353.4,,,,
ABS:ERP_COMP_Q(1.0.0),10,8,Q,2009-Q2,354.8,,,,
ABS:ERP_COMP_Q(1.0.0),10,8,Q,2009-Q3,356.3,,,,
ABS:ERP_COMP_Q(1.0.0),10,8,Q,2009-Q4,357.9,,,,
ABS:ERP_COMP_Q(1.0.0),10,8,Q,2010-Q1,360.4,,,,
ABS:ERP_COMP_Q(1.0.0),10,8,Q,2010-Q2,361.8,,,,
ABS:ERP_COMP_Q(1.0.0),10,8,Q,2010-Q3,362.8,,,,
ABS:ERP_COMP_Q(1.0.0),10,8,Q,2010-Q4,364.8,,,,
ABS:ERP_COMP_Q(1.0.0),10,8,Q,2011-Q1,366.7,,,,
ABS:ERP_COMP_Q(1.0.0),10,8,Q,2011-Q2,368,,,,
ABS:ERP_COMP_Q(1.0.0),10,8,Q,2011-Q3,369.9,,,,
ABS:ERP_COMP_Q(1.0.0),10,8,Q,2011-Q4,372.1,,,,
ABS:ERP_COMP_Q(1.0.0),10,8,Q,2012-Q1,374.9,,,,
ABS:ERP_COMP_Q(1.0.0),10,8,Q,2012-Q2,376.5,,,,
ABS:ERP_COMP_Q(1.0.0),10,8,Q,2012-Q3,378.6,,,,
ABS:ERP_COMP_Q(1.0.0),10,8,Q,2012-Q4,379.8,,,,
ABS:ERP_COMP_Q(1.0.0),10,8,Q,2013-Q1,382.1,,,,
ABS:ERP_COMP_Q(1.0.0),10,8,Q,2013-Q2,383.3,,,,
ABS:ERP_COMP_Q(1.0.0),10,8,Q,2013-Q3,384.7,,,,
ABS:ERP_COMP_Q(1.0.0),10,8,Q,2013-Q4,386.3,,,,
ABS:ERP_COMP_Q(1.0.0),10,8,Q,2014-Q1,388.2,,,,
ABS:ERP_COMP_Q(1.0.0),10,8,Q,2014-Q2,388.8,,,,
ABS:ERP_COMP_Q(1.0.0),10,8,Q,2014-Q3,390.7,,,,
ABS:ERP_COMP_Q(1.0.0),10,8,Q,2014-Q4,392,,,,
ABS:ERP_COMP_Q(1.0.0),10,8,Q,2015-Q1,394.5,,,,
ABS:ERP_COMP_Q(1.0.0),10,8,Q,2015-Q2,395.8,,,,
ABS:ERP_COMP_Q(1.0.0),10,8,Q,2015-Q3,397.5,,,,
ABS:ERP_COMP_Q(1.0.0),10,8,Q,2015-Q4,398.9,,,,
ABS:ERP_COMP_Q(1.0.0),10,8,Q,2016-Q1,401.7,,,,
ABS:ERP_COMP_Q(1.0.0),10,8,Q,2016-Q2,403.1,,,,
ABS:ERP_COMP_Q(1.0.0),10,8,Q,2016-Q3,406,,,,
ABS:ERP_COMP_Q(1.0.0),10,8,Q,2016-Q4,408.9,,,,
ABS:ERP_COMP_Q(1.0.0),10,8,Q,2017-Q1,413,,,,
ABS:ERP_COMP_Q(1.0.0),10,8,Q,2017-Q2,415,,,,
ABS:ERP_COMP_Q(1.0.0),10,8,Q,2017-Q3,418,,,,
ABS:ERP_COMP_Q(1.0.0),10,8,Q,2017-Q4,420.2,,,,
ABS:ERP_COMP_Q(1.0.0),10,8,Q,2018-Q1,423.8,,,,
ABS:ERP_COMP_Q(1.0.0),10,8,Q,2018-Q2,426.1,,,,
ABS:ERP_COMP_Q(1.0.0),10,8,Q,2018-Q3,428.4,,,,
ABS:ERP_COMP_Q(1.0.0),10,8,Q,2018-Q4,430.8,,,,
ABS:ERP_COMP_Q(1.0.0),10,8,Q,2019-Q1,433.8,,,,
ABS:ERP_COMP_Q(1.0.0),10,8,Q,2019-Q2,435.7,,,,
ABS:ERP_COMP_Q(1.0.0),10,8,Q,2019-Q3,438.6,,,,
ABS:ERP_COMP_Q(1.0.0),10,8,Q,2019-Q4,440.3,,,,
ABS:ERP_COMP_Q(1.0.0),10,8,Q,2020-Q1,443,,,,
ABS:ERP_COMP_Q(1.0.0),10,8,Q,2020-Q2,444.9,,,,
ABS:ERP_COMP_Q(1.0.0),10,8,Q,2020-Q3,445.7,,,,
ABS:ERP_COMP_Q(1.0.0),10,8,Q,2020-Q4,447.7,,,,
ABS:ERP_COMP_Q(1.0.0),10,8,Q,2021-Q1,449.6,,,,
ABS:ERP_COMP_Q(1.0.0),10,8,Q,2021-Q2,452.5,,,,
ABS:ERP_COMP_Q(1.0.0),10,8,Q,2021-Q3,453.4,,,,
ABS:ERP_COMP_Q(1.0.0),10,8,Q,2021-Q4,456,,,,
ABS:ERP_COMP_Q(1.0.0),10,8,Q,2022-Q1,459.6,,,,
ABS:ERP_COMP_Q(1.0.0),10,8,Q,2022-Q2,461.3,,,,
ABS:ERP_COMP_Q(1.0.0),10,8,Q,2022-Q3,464,,,,
ABS:ERP_COMP_Q(1.0.0),10,8,Q,2022-Q4,465.9,,,,
ABS:ERP_COMP_Q(1.0.0),10,8,Q,2023-Q1,469.2,,,,
ABS:ERP_COMP_Q(1.0.0),10,8,Q,2023-Q2,471.3,,,,
ABS:ERP_COMP_Q(1.0.0),10,8,Q,2023-Q3,473.8,,,,
ABS:ERP_COMP_Q(1.0.0),10,8,Q,2023-Q4,474.9,,,,
ABS:ERP_COMP_Q(1.0.0),10,8,Q,2024-Q1,477.5,,,,
ABS:ERP_COMP_Q(1.0.0),10,8,Q,2024-Q2,478.4,,,,
ABS:ERP_COMP_Q(1.0.0),10,8,Q,2024-Q3,479.9,,,,
ABS:ERP_COMP_Q(1.0.0),10,8,Q,2024-Q4,481.2,,,,
ABS:ERP_COMP_Q(1.0.0),10,8,Q,2025-Q1,483.3,,,,
ABS:ERP_COMP_Q(1.0.0),10,8,Q,2025-Q2,484.6,,,,
ABS:ERP_COMP_Q(1.0.0),10,8,Q,2025-Q3,486.2,,,,
ABS:ERP_COMP_Q(1.0.0),10,8,Q,2025-Q4,487.2,,,,
ABS:ERP_COMP_Q(1.0.0),12,2,Q,1981-Q2,-0.9,,,,
ABS:ERP_COMP_Q(1.0.0),12,2,Q,1981-Q3,0.8,,,,
ABS:ERP_COMP_Q(1.0.0),12,2,Q,1981-Q4,-0.1,,,,
ABS:ERP_COMP_Q(1.0.0),12,2,Q,1982-Q1,-0.2,,,,
ABS:ERP_COMP_Q(1.0.0),12,2,Q,1982-Q2,0.8,,,,
ABS:ERP_COMP_Q(1.0.0),12,2,Q,1982-Q3,0.6,,,,
ABS:ERP_COMP_Q(1.0.0),12,2,Q,1982-Q4,-1.2,,,,
ABS:ERP_COMP_Q(1.0.0),12,2,Q,1983-Q1,0.3,,,,
ABS:ERP_COMP_Q(1.0.0),12,2,Q,1983-Q2,-0.2,,,,
ABS:ERP_COMP_Q(1.0.0),12,2,Q,1983-Q3,0.8,,,,
ABS:ERP_COMP_Q(1.0.0),12,2,Q,1983-Q4,-0.4,,,,
ABS:ERP_COMP_Q(1.0.0),12,2,Q,1984-Q1,-0.8,,,,
ABS:ERP_COMP_Q(1.0.0),12,2,Q,1984-Q2,1.1,,,,
ABS:ERP_COMP_Q(1.0.0),12,2,Q,1984-Q3,0.9,,,,
ABS:ERP_COMP_Q(1.0.0),12,2,Q,1984-Q4,-0.5,,,,
ABS:ERP_COMP_Q(1.0.0),12,2,Q,1985-Q1,0.4,,,,
ABS:ERP_COMP_Q(1.0.0),12,2,Q,1985-Q2,0.6,,,,
ABS:ERP_COMP_Q(1.0.0),12,2,Q,1985-Q3,1,,,,
ABS:ERP_COMP_Q(1.0.0),12,2,Q,1985-Q4,0.5,,,,
ABS:ERP_COMP_Q(1.0.0),12,2,Q,1986-Q1,-0.4,,,,
ABS:ERP_COMP_Q(1.0.0),12,2,Q,1986-Q2,0.5,,,,
ABS:ERP_COMP_Q(1.0.0),12,2,Q,1986-Q3,0.9,,,,
ABS:ERP_COMP_Q(1.0.0),12,2,Q,1986-Q4,0.6,,,,
ABS:ERP_COMP_Q(1.0.0),12,2,Q,1987-Q1,1.6,,,,
ABS:ERP_COMP_Q(1.0.0),12,2,Q,1987-Q2,1,,,,
ABS:ERP_COMP_Q(1.0.0),12,2,Q,1987-Q3,1.6,,,,
ABS:ERP_COMP_Q(1.0.0),12,2,Q,1987-Q4,-1.1,,,,
ABS:ERP_COMP_Q(1.0.0),12,2,Q,1988-Q1,1.3,,,,
ABS:ERP_COMP_Q(1.0.0),12,2,Q,1988-Q2,-0.3,,,,
ABS:ERP_COMP_Q(1.0.0),12,2,Q,1988-Q3,3.7,,,,
ABS:ERP_COMP_Q(1.0.0),12,2,Q,1988-Q4,0.8,,,,
ABS:ERP_COMP_Q(1.0.0),12,2,Q,1989-Q1,1.9,,,,
ABS:ERP_COMP_Q(1.0.0),12,2,Q,1989-Q2,-1.6,,,,
ABS:ERP_COMP_Q(1.0.0),12,2,Q,1989-Q3,1.2,,,,
ABS:ERP_COMP_Q(1.0.0),12,2,Q,1989-Q4,1.4,,,,
ABS:ERP_COMP_Q(1.0.0),12,2,Q,1990-Q1,1.6,,,,
ABS:ERP_COMP_Q(1.0.0),12,2,Q,1990-Q2,0.9,,,,
ABS:ERP_COMP_Q(1.0.0),12,2,Q,1990-Q3,-0.3,,,,
ABS:ERP_COMP_Q(1.0.0),12,2,Q,1990-Q4,-2.1,,,,
ABS:ERP_COMP_Q(1.0.0),12,2,Q,1991-Q1,1.2,,,,
ABS:ERP_COMP_Q(1.0.0),12,2,Q,1991-Q2,-0.8,,,,
ABS:ERP_COMP_Q(1.0.0),12,2,Q,1991-Q3,-0.2,,,,
ABS:ERP_COMP_Q(1.0.0),12,2,Q,1991-Q4,-3,,,,
ABS:ERP_COMP_Q(1.0.0),12,2,Q,1992-Q1,-0.3,,,,
ABS:ERP_COMP_Q(1.0.0),12,2,Q,1992-Q2,-1.7,,,,
ABS:ERP_COMP_Q(1.0.0),12,2,Q,1992-Q3,-1,,,,
ABS:ERP_COMP_Q(1.0.0),12,2,Q,1992-Q4,-3.2,,,,
ABS:ERP_COMP_Q(1.0.0),12,2,Q,1993-Q1,-0.5,,,,
ABS:ERP_COMP_Q(1.0.0),12,2,Q,1993-Q2,-3,,,,
ABS:ERP_COMP_Q(1.0.0),12,2,Q,1993-Q3,0.3,,,,
ABS:ERP_COMP_Q(1.0.0),12,2,Q,1993-Q4,-2,,,,
ABS:ERP_COMP_Q(1.0.0),12,2,Q,1994-Q1,-1.5,,,,
ABS:ERP_COMP_Q(1.0.0),12,2,Q,1994-Q2,-1.6,,,,
ABS:ERP_COMP_Q(1.0.0),12,2,Q,1994-Q3,1,,,,
ABS:ERP_COMP_Q(1.0.0),12,2,Q,1994-Q4,-3.5,,,,
ABS:ERP_COMP_Q(1.0.0),12,2,Q,1995-Q1,-1.9,,,,
ABS:ERP_COMP_Q(1.0.0),12,2,Q,1995-Q2,1.3,,,,
ABS:ERP_COMP_Q(1.0.0),12,2,Q,1995-Q3,0.1,,,,
ABS:ERP_COMP_Q(1.0.0),12,2,Q,1995-Q4,0.9,,,,
ABS:ERP_COMP_Q(1.0.0),12,2,Q,1996-Q1,-3.5,,,,
ABS:ERP_COMP_Q(1.0.0),12,2,Q,1996-Q2,1.1,,,,
ABS:ERP_COMP_Q(1.0.0),12,2,Q,1996-Q3,1.1,,,,
ABS:ERP_COMP_Q(1.0.0),12,2,Q,1996-Q4,-0.2,,,,
ABS:ERP_COMP_Q(1.0.0),12,2,Q,1997-Q1,-1.6,,,,
ABS:ERP_COMP_Q(1.0.0),12,2,Q,1997-Q2,-1,,,,
ABS:ERP_COMP_Q(1.0.0),12,2,Q,1997-Q3,0,,,,
ABS:ERP_COMP_Q(1.0.0),12,2,Q,1997-Q4,0,,,,
ABS:ERP_COMP_Q(1.0.0),12,2,Q,1998-Q1,0,,,,
ABS:ERP_COMP_Q(1.0.0),12,2,Q,1998-Q2,0,,,,
ABS:ERP_COMP_Q(1.0.0),12,2,Q,1998-Q3,0,,,,
ABS:ERP_COMP_Q(1.0.0),12,2,Q,1998-Q4,0,,,,
ABS:ERP_COMP_Q(1.0.0),12,2,Q,1999-Q1,0,,,,
ABS:ERP_COMP_Q(1.0.0),12,2,Q,1999-Q2,0,,,,
ABS:ERP_COMP_Q(1.0.0),12,2,Q,1999-Q3,0,,,,
ABS:ERP_COMP_Q(1.0.0),12,2,Q,1999-Q4,0,,,,
ABS:ERP_COMP_Q(1.0.0),12,2,Q,2000-Q1,0,,,,
ABS:ERP_COMP_Q(1.0.0),12,2,Q,2000-Q2,0,,,,
ABS:ERP_COMP_Q(1.0.0),12,2,Q,2000-Q3,0,,,,
ABS:ERP_COMP_Q(1.0.0),12,2,Q,2000-Q4,0,,,,
ABS:ERP_COMP_Q(1.0.0),12,2,Q,2001-Q1,0,,,,
ABS:ERP_COMP_Q(1.0.0),12,2,Q,2001-Q2,0,,,,
ABS:ERP_COMP_Q(1.0.0),12,2,Q,2001-Q3,-5.1,,,,
ABS:ERP_COMP_Q(1.0.0),12,2,Q,2001-Q4,-0.8,,,,
ABS:ERP_COMP_Q(1.0.0),12,2,Q,2002-Q1,-6.1,,,,
ABS:ERP_COMP_Q(1.0.0),12,2,Q,2002-Q2,-2,,,,
ABS:ERP_COMP_Q(1.0.0),12,2,Q,2002-Q3,-4.6,,,,
ABS:ERP_COMP_Q(1.0.0),12,2,Q,2002-Q4,-0.1,,,,
ABS:ERP_COMP_Q(1.0.0),12,2,Q,2003-Q1,-7.2,,,,
ABS:ERP_COMP_Q(1.0.0),12,2,Q,2003-Q2,-2.7,,,,
ABS:ERP_COMP_Q(1.0.0),12,2,Q,2003-Q3,-6.4,,,,
ABS:ERP_COMP_Q(1.0.0),12,2,Q,2003-Q4,-1.9,,,,
ABS:ERP_COMP_Q(1.0.0),12,2,Q,2004-Q1,-10,,,,
ABS:ERP_COMP_Q(1.0.0),12,2,Q,2004-Q2,-3.4,,,,
ABS:ERP_COMP_Q(1.0.0),12,2,Q,2004-Q3,-5.9,,,,
ABS:ERP_COMP_Q(1.0.0),12,2,Q,2004-Q4,-1.1,,,,
ABS:ERP_COMP_Q(1.0.0),12,2,Q,2005-Q1,-7.3,,,,
ABS:ERP_COMP_Q(1.0.0),12,2,Q,2005-Q2,-3,,,,
ABS:ERP_COMP_Q(1.0.0),12,2,Q,2005-Q3,-5.1,,,,
ABS:ERP_COMP_Q(1.0.0),12,2,Q,2005-Q4,-0.5,,,,
ABS:ERP_COMP_Q(1.0.0),12,2,Q,2006-Q1,-6.9,,,,
ABS:ERP_COMP_Q(1.0.0),12,2,Q,2006-Q2,-2.9,,,,
ABS:ERP_COMP_Q(1.0.0),12,2,Q,2006-Q3,0,,,,
ABS:ERP_COMP_Q(1.0.0),12,2,Q,2006-Q4,0,,,,
ABS:ERP_COMP_Q(1.0.0),12,2,Q,2007-Q1,0,,,,
ABS:ERP_COMP_Q(1.0.0),12,2,Q,2007-Q2,0,,,,
ABS:ERP_COMP_Q(1.0.0),12,2,Q,2007-Q3,0,,,,
ABS:ERP_COMP_Q(1.0.0),12,2,Q,2007-Q4,0,,,,
ABS:ERP_COMP_Q(1.0.0),12,2,Q,2008-Q1,0,,,,
ABS:ERP_COMP_Q(1.0.0),12,2,Q,2008-Q2,0,,,,
ABS:ERP_COMP_Q(1.0.0),12,2,Q,2008-Q3,0,,,,
ABS:ERP_COMP_Q(1.0.0),12,2,Q,2008-Q4,0,,,,
ABS:ERP_COMP_Q(1.0.0),12,2,Q,2009-Q1,0,,,,
ABS:ERP_COMP_Q(1.0.0),12,2,Q,2009-Q2,0,,,,
ABS:ERP_COMP_Q(1.0.0),12,2,Q,2009-Q3,0,,,,
ABS:ERP_COMP_Q(1.0.0),12,2,Q,2009-Q4,0,,,,
ABS:ERP_COMP_Q(1.0.0),12,2,Q,2010-Q1,0,,,,
ABS:ERP_COMP_Q(1.0.0),12,2,Q,2010-Q2,0,,,,
ABS:ERP_COMP_Q(1.0.0),12,2,Q,2010-Q3,0,,,,
ABS:ERP_COMP_Q(1.0.0),12,2,Q,2010-Q4,0,,,,
ABS:ERP_COMP_Q(1.0.0),12,2,Q,2011-Q1,0,,,,
ABS:ERP_COMP_Q(1.0.0),12,2,Q,2011-Q2,0,,,,
ABS:ERP_COMP_Q(1.0.0),12,2,Q,2011-Q3,0,,,,
ABS:ERP_COMP_Q(1.0.0),12,2,Q,2011-Q4,0,,,,
ABS:ERP_COMP_Q(1.0.0),12,2,Q,2012-Q1,0,,,,
ABS:ERP_COMP_Q(1.0.0),12,2,Q,2012-Q2,0,,,,
ABS:ERP_COMP_Q(1.0.0),12,2,Q,2012-Q3,0,,,,
ABS:ERP_COMP_Q(1.0.0),12,2,Q,2012-Q4,0,,,,
ABS:ERP_COMP_Q(1.0.0),12,2,Q,2013-Q1,0,,,,
ABS:ERP_COMP_Q(1.0.0),12,2,Q,2013-Q2,0,,,,
ABS:ERP_COMP_Q(1.0.0),12,2,Q,2013-Q3,0,,,,
ABS:ERP_COMP_Q(1.0.0),12,2,Q,2013-Q4,0,,,,
ABS:ERP_COMP_Q(1.0.0),12,2,Q,2014-Q1,0,,,,
ABS:ERP_COMP_Q(1.0.0),12,2,Q,2014-Q2,0,,,,
ABS:ERP_COMP_Q(1.0.0),12,2,Q,2014-Q3,0,,,,
ABS:ERP_COMP_Q(1.0.0),12,2,Q,2014-Q4,0,,,,
ABS:ERP_COMP_Q(1.0.0),12,2,Q,2015-Q1,0,,,,
ABS:ERP_COMP_Q(1.0.0),12,2,Q,2015-Q2,0,,,,
ABS:ERP_COMP_Q(1.0.0),12,2,Q,2015-Q3,0,,,,
ABS:ERP_COMP_Q(1.0.0),12,2,Q,2015-Q4,0,,,,
ABS:ERP_COMP_Q(1.0.0),12,2,Q,2016-Q1,0,,,,
ABS:ERP_COMP_Q(1.0.0),12,2,Q,2016-Q2,0,,,,
ABS:ERP_COMP_Q(1.0.0),12,2,Q,2016-Q3,0,,,,
ABS:ERP_COMP_Q(1.0.0),12,2,Q,2016-Q4,0,,,,
ABS:ERP_COMP_Q(1.0.0),12,2,Q,2017-Q1,0,,,,
ABS:ERP_COMP_Q(1.0.0),12,2,Q,2017-Q2,0,,,,
ABS:ERP_COMP_Q(1.0.0),12,2,Q,2017-Q3,0,,,,
ABS:ERP_COMP_Q(1.0.0),12,2,Q,2017-Q4,0,,,,
ABS:ERP_COMP_Q(1.0.0),12,2,Q,2018-Q1,0,,,,
ABS:ERP_COMP_Q(1.0.0),12,2,Q,2018-Q2,0,,,,
ABS:ERP_COMP_Q(1.0.0),12,2,Q,2018-Q3,0,,,,
ABS:ERP_COMP_Q(1.0.0),12,2,Q,2018-Q4,0,,,,
ABS:ERP_COMP_Q(1.0.0),12,2,Q,2019-Q1,0,,,,
ABS:ERP_COMP_Q(1.0.0),12,2,Q,2019-Q2,0,,,,
ABS:ERP_COMP_Q(1.0.0),12,2,Q,2019-Q3,0,,,,
ABS:ERP_COMP_Q(1.0.0),12,2,Q,2019-Q4,0,,,,
ABS:ERP_COMP_Q(1.0.0),12,2,Q,2020-Q1,0,,,,
ABS:ERP_COMP_Q(1.0.0),12,2,Q,2020-Q2,0,,,,
ABS:ERP_COMP_Q(1.0.0),12,2,Q,2020-Q3,0,,,,
ABS:ERP_COMP_Q(1.0.0),12,2,Q,2020-Q4,0,,,,
ABS:ERP_COMP_Q(1.0.0),12,2,Q,2021-Q1,0,,,,
ABS:ERP_COMP_Q(1.0.0),12,2,Q,2021-Q2,0,,,,
ABS:ERP_COMP_Q(1.0.0),12,2,Q,2021-Q3,0,,,,
ABS:ERP_COMP_Q(1.0.0),12,2,Q,2021-Q4,0,,,,
ABS:ERP_COMP_Q(1.0.0),12,2,Q,2022-Q1,0,,,,
ABS:ERP_COMP_Q(1.0.0),12,2,Q,2022-Q2,0,,,,
ABS:ERP_COMP_Q(1.0.0),12,2,Q,2022-Q3,0,,,,
ABS:ERP_COMP_Q(1.0.0),12,2,Q,2022-Q4,0,,,,
ABS:ERP_COMP_Q(1.0.0),12,2,Q,2023-Q1,0,,,,
ABS:ERP_COMP_Q(1.0.0),12,2,Q,2023-Q2,0,,,,
ABS:ERP_COMP_Q(1.0.0),12,2,Q,2023-Q3,0,,,,
ABS:ERP_COMP_Q(1.0.0),12,2,Q,2023-Q4,0,,,,
ABS:ERP_COMP_Q(1.0.0),12,2,Q,2024-Q1,0,,,,
ABS:ERP_COMP_Q(1.0.0),12,2,Q,2024-Q2,0,,,,
ABS:ERP_COMP_Q(1.0.0),12,2,Q,2024-Q3,0,,,,
ABS:ERP_COMP_Q(1.0.0),12,2,Q,2024-Q4,0,,,,
ABS:ERP_COMP_Q(1.0.0),12,2,Q,2025-Q1,0,,,,
ABS:ERP_COMP_Q(1.0.0),12,2,Q,2025-Q2,0,,,,
ABS:ERP_COMP_Q(1.0.0),12,2,Q,2025-Q3,0,,,,
ABS:ERP_COMP_Q(1.0.0),12,2,Q,2025-Q4,0,,,,
ABS:ERP_COMP_Q(1.0.0),2,6,Q,1981-Q2,0.9,,,,
ABS:ERP_COMP_Q(1.0.0),2,6,Q,1981-Q3,0.9,,,,
ABS:ERP_COMP_Q(1.0.0),2,6,Q,1981-Q4,0.8,,,,
ABS:ERP_COMP_Q(1.0.0),2,6,Q,1982-Q1,0.8,,,,
ABS:ERP_COMP_Q(1.0.0),2,6,Q,1982-Q2,0.8,,,,
ABS:ERP_COMP_Q(1.0.0),2,6,Q,1982-Q3,1,,,,
ABS:ERP_COMP_Q(1.0.0),2,6,Q,1982-Q4,0.8,,,,
ABS:ERP_COMP_Q(1.0.0),2,6,Q,1983-Q1,0.8,,,,
ABS:ERP_COMP_Q(1.0.0),2,6,Q,1983-Q2,0.8,,,,
ABS:ERP_COMP_Q(1.0.0),2,6,Q,1983-Q3,0.9,,,,
ABS:ERP_COMP_Q(1.0.0),2,6,Q,1983-Q4,0.8,,,,
ABS:ERP_COMP_Q(1.0.0),2,6,Q,1984-Q1,0.9,,,,
ABS:ERP_COMP_Q(1.0.0),2,6,Q,1984-Q2,0.9,,,,
ABS:ERP_COMP_Q(1.0.0),2,6,Q,1984-Q3,1,,,,
ABS:ERP_COMP_Q(1.0.0),2,6,Q,1984-Q4,0.9,,,,
ABS:ERP_COMP_Q(1.0.0),2,6,Q,1985-Q1,0.9,,,,
ABS:ERP_COMP_Q(1.0.0),2,6,Q,1985-Q2,0.9,,,,
ABS:ERP_COMP_Q(1.0.0),2,6,Q,1985-Q3,1,,,,
ABS:ERP_COMP_Q(1.0.0),2,6,Q,1985-Q4,0.9,,,,
ABS:ERP_COMP_Q(1.0.0),2,6,Q,1986-Q1,0.9,,,,
ABS:ERP_COMP_Q(1.0.0),2,6,Q,1986-Q2,0.9,,,,
ABS:ERP_COMP_Q(1.0.0),2,6,Q,1986-Q3,0.9,,,,
ABS:ERP_COMP_Q(1.0.0),2,6,Q,1986-Q4,0.8,,,,
ABS:ERP_COMP_Q(1.0.0),2,6,Q,1987-Q1,0.9,,,,
ABS:ERP_COMP_Q(1.0.0),2,6,Q,1987-Q2,0.8,,,,
ABS:ERP_COMP_Q(1.0.0),2,6,Q,1987-Q3,1,,,,
ABS:ERP_COMP_Q(1.0.0),2,6,Q,1987-Q4,0.9,,,,
ABS:ERP_COMP_Q(1.0.0),2,6,Q,1988-Q1,0.8,,,,
ABS:ERP_COMP_Q(1.0.0),2,6,Q,1988-Q2,0.9,,,,
ABS:ERP_COMP_Q(1.0.0),2,6,Q,1988-Q3,1,,,,
ABS:ERP_COMP_Q(1.0.0),2,6,Q,1988-Q4,0.8,,,,
ABS:ERP_COMP_Q(1.0.0),2,6,Q,1989-Q1,0.9,,,,
ABS:ERP_COMP_Q(1.0.0),2,6,Q,1989-Q2,1,,,,
ABS:ERP_COMP_Q(1.0.0),2,6,Q,1989-Q3,1,,,,
ABS:ERP_COMP_Q(1.0.0),2,6,Q,1989-Q4,0.8,,,,
ABS:ERP_COMP_Q(1.0.0),2,6,Q,1990-Q1,0.9,,,,
ABS:ERP_COMP_Q(1.0.0),2,6,Q,1990-Q2,0.9,,,,
ABS:ERP_COMP_Q(1.0.0),2,6,Q,1990-Q3,1,,,,
ABS:ERP_COMP_Q(1.0.0),2,6,Q,1990-Q4,0.9,,,,
ABS:ERP_COMP_Q(1.0.0),2,6,Q,1991-Q1,0.9,,,,
ABS:ERP_COMP_Q(1.0.0),2,6,Q,1991-Q2,0.8,,,,
ABS:ERP_COMP_Q(1.0.0),2,6,Q,1991-Q3,1,,,,
ABS:ERP_COMP_Q(1.0.0),2,6,Q,1991-Q4,0.9,,,,
ABS:ERP_COMP_Q(1.0.0),2,6,Q,1992-Q1,0.8,,,,
ABS:ERP_COMP_Q(1.0.0),2,6,Q,1992-Q2,1,,,,
ABS:ERP_COMP_Q(1.0.0),2,6,Q,1992-Q3,1,,,,
ABS:ERP_COMP_Q(1.0.0),2,6,Q,1992-Q4,0.9,,,,
ABS:ERP_COMP_Q(1.0.0),2,6,Q,1993-Q1,0.8,,,,
ABS:ERP_COMP_Q(1.0.0),2,6,Q,1993-Q2,0.9,,,,
ABS:ERP_COMP_Q(1.0.0),2,6,Q,1993-Q3,1,,,,
ABS:ERP_COMP_Q(1.0.0),2,6,Q,1993-Q4,0.9,,,,
ABS:ERP_COMP_Q(1.0.0),2,6,Q,1994-Q1,0.9,,,,
ABS:ERP_COMP_Q(1.0.0),2,6,Q,1994-Q2,1,,,,
ABS:ERP_COMP_Q(1.0.0),2,6,Q,1994-Q3,1.1,,,,
ABS:ERP_COMP_Q(1.0.0),2,6,Q,1994-Q4,0.9,,,,
ABS:ERP_COMP_Q(1.0.0),2,6,Q,1995-Q1,0.8,,,,
ABS:ERP_COMP_Q(1.0.0),2,6,Q,1995-Q2,0.9,,,,
ABS:ERP_COMP_Q(1.0.0),2,6,Q,1995-Q3,1,,,,
ABS:ERP_COMP_Q(1.0.0),2,6,Q,1995-Q4,1,,,,
ABS:ERP_COMP_Q(1.0.0),2,6,Q,1996-Q1,0.9,,,,
ABS:ERP_COMP_Q(1.0.0),2,6,Q,1996-Q2,1,,,,
ABS:ERP_COMP_Q(1.0.0),2,6,Q,1996-Q3,1,,,,
ABS:ERP_COMP_Q(1.0.0),2,6,Q,1996-Q4,0.9,,,,
ABS:ERP_COMP_Q(1.0.0),2,6,Q,1997-Q1,0.8,,,,
ABS:ERP_COMP_Q(1.0.0),2,6,Q,1997-Q2,1,,,,
ABS:ERP_COMP_Q(1.0.0),2,6,Q,1997-Q3,1.1,,,,
ABS:ERP_COMP_Q(1.0.0),2,6,Q,1997-Q4,0.9,,,,
ABS:ERP_COMP_Q(1.0.0),2,6,Q,1998-Q1,0.8,,,,
ABS:ERP_COMP_Q(1.0.0),2,6,Q,1998-Q2,0.9,,,,
ABS:ERP_COMP_Q(1.0.0),2,6,Q,1998-Q3,1,,,,
ABS:ERP_COMP_Q(1.0.0),2,6,Q,1998-Q4,0.9,,,,
ABS:ERP_COMP_Q(1.0.0),2,6,Q,1999-Q1,0.9,,,,
ABS:ERP_COMP_Q(1.0.0),2,6,Q,1999-Q2,0.9,,,,
ABS:ERP_COMP_Q(1.0.0),2,6,Q,1999-Q3,1,,,,
ABS:ERP_COMP_Q(1.0.0),2,6,Q,1999-Q4,0.9,,,,
ABS:ERP_COMP_Q(1.0.0),2,6,Q,2000-Q1,0.8,,,,
ABS:ERP_COMP_Q(1.0.0),2,6,Q,2000-Q2,0.9,,,,
ABS:ERP_COMP_Q(1.0.0),2,6,Q,2000-Q3,1,,,,
ABS:ERP_COMP_Q(1.0.0),2,6,Q,2000-Q4,1,,,,
ABS:ERP_COMP_Q(1.0.0),2,6,Q,2001-Q1,0.9,,,,
ABS:ERP_COMP_Q(1.0.0),2,6,Q,2001-Q2,1,,,,
ABS:ERP_COMP_Q(1.0.0),2,6,Q,2001-Q3,1,,,,
ABS:ERP_COMP_Q(1.0.0),2,6,Q,2001-Q4,1,,,,
ABS:ERP_COMP_Q(1.0.0),2,6,Q,2002-Q1,0.9,,,,
ABS:ERP_COMP_Q(1.0.0),2,6,Q,2002-Q2,1,,,,
ABS:ERP_COMP_Q(1.0.0),2,6,Q,2002-Q3,1,,,,
ABS:ERP_COMP_Q(1.0.0),2,6,Q,2002-Q4,1.1,,,,
ABS:ERP_COMP_Q(1.0.0),2,6,Q,2003-Q1,0.9,,,,
ABS:ERP_COMP_Q(1.0.0),2,6,Q,2003-Q2,1,,,,
ABS:ERP_COMP_Q(1.0.0),2,6,Q,2003-Q3,1.1,,,,
ABS:ERP_COMP_Q(1.0.0),2,6,Q,2003-Q4,0.9,,,,
ABS:ERP_COMP_Q(1.0.0),2,6,Q,2004-Q1,0.9,,,,
ABS:ERP_COMP_Q(1.0.0),2,6,Q,2004-Q2,1,,,,
ABS:ERP_COMP_Q(1.0.0),2,6,Q,2004-Q3,1,,,,
ABS:ERP_COMP_Q(1.0.0),2,6,Q,2004-Q4,0.9,,,,
ABS:ERP_COMP_Q(1.0.0),2,6,Q,2005-Q1,0.9,,,,
ABS:ERP_COMP_Q(1.0.0),2,6,Q,2005-Q2,1,,,,
ABS:ERP_COMP_Q(1.0.0),2,6,Q,2005-Q3,1.1,,,,
ABS:ERP_COMP_Q(1.0.0),2,6,Q,2005-Q4,0.9,,,,
ABS:ERP_COMP_Q(1.0.0),2,6,Q,2006-Q1,0.9,,,,
ABS:ERP_COMP_Q(1.0.0),2,6,Q,2006-Q2,1,,,,
ABS:ERP_COMP_Q(1.0.0),2,6,Q,2006-Q3,1.1,,,,
ABS:ERP_COMP_Q(1.0.0),2,6,Q,2006-Q4,0.9,,,,
ABS:ERP_COMP_Q(1.0.0),2,6,Q,2007-Q1,1,,,,
ABS:ERP_COMP_Q(1.0.0),2,6,Q,2007-Q2,1,,,,
ABS:ERP_COMP_Q(1.0.0),2,6,Q,2007-Q3,1.2,,,,
ABS:ERP_COMP_Q(1.0.0),2,6,Q,2007-Q4,1,,,,
ABS:ERP_COMP_Q(1.0.0),2,6,Q,2008-Q1,0.9,,,,
ABS:ERP_COMP_Q(1.0.0),2,6,Q,2008-Q2,1,,,,
ABS:ERP_COMP_Q(1.0.0),2,6,Q,2008-Q3,1.2,,,,
ABS:ERP_COMP_Q(1.0.0),2,6,Q,2008-Q4,1,,,,
ABS:ERP_COMP_Q(1.0.0),2,6,Q,2009-Q1,1,,,,
ABS:ERP_COMP_Q(1.0.0),2,6,Q,2009-Q2,1,,,,
ABS:ERP_COMP_Q(1.0.0),2,6,Q,2009-Q3,1.1,,,,
ABS:ERP_COMP_Q(1.0.0),2,6,Q,2009-Q4,1.1,,,,
ABS:ERP_COMP_Q(1.0.0),2,6,Q,2010-Q1,1,,,,
ABS:ERP_COMP_Q(1.0.0),2,6,Q,2010-Q2,1.1,,,,
ABS:ERP_COMP_Q(1.0.0),2,6,Q,2010-Q3,1.1,,,,
ABS:ERP_COMP_Q(1.0.0),2,6,Q,2010-Q4,1.1,,,,
ABS:ERP_COMP_Q(1.0.0),2,6,Q,2011-Q1,1,,,,
ABS:ERP_COMP_Q(1.0.0),2,6,Q,2011-Q2,1.1,,,,
ABS:ERP_COMP_Q(1.0.0),2,6,Q,2011-Q3,1.1,,,,
ABS:ERP_COMP_Q(1.0.0),2,6,Q,2011-Q4,1.1,,,,
ABS:ERP_COMP_Q(1.0.0),2,6,Q,2012-Q1,1,,,,
ABS:ERP_COMP_Q(1.0.0),2,6,Q,2012-Q2,1.1,,,,
ABS:ERP_COMP_Q(1.0.0),2,6,Q,2012-Q3,1.2,,,,
ABS:ERP_COMP_Q(1.0.0),2,6,Q,2012-Q4,1.1,,,,
ABS:ERP_COMP_Q(1.0.0),2,6,Q,2013-Q1,1,,,,
ABS:ERP_COMP_Q(1.0.0),2,6,Q,2013-Q2,1.1,,,,
ABS:ERP_COMP_Q(1.0.0),2,6,Q,2013-Q3,1.1,,,,
ABS:ERP_COMP_Q(1.0.0),2,6,Q,2013-Q4,1.1,,,,
ABS:ERP_COMP_Q(1.0.0),2,6,Q,2014-Q1,1,,,,
ABS:ERP_COMP_Q(1.0.0),2,6,Q,2014-Q2,1.2,,,,
ABS:ERP_COMP_Q(1.0.0),2,6,Q,2014-Q3,1.2,,,,
ABS:ERP_COMP_Q(1.0.0),2,6,Q,2014-Q4,1.1,,,,
ABS:ERP_COMP_Q(1.0.0),2,6,Q,2015-Q1,1.1,,,,
ABS:ERP_COMP_Q(1.0.0),2,6,Q,2015-Q2,1.1,,,,
ABS:ERP_COMP_Q(1.0.0),2,6,Q,2015-Q3,1.3,,,,
ABS:ERP_COMP_Q(1.0.0),2,6,Q,2015-Q4,1.2,,,,
ABS:ERP_COMP_Q(1.0.0),2,6,Q,2016-Q1,1,,,,
ABS:ERP_COMP_Q(1.0.0),2,6,Q,2016-Q2,1.2,,,,
ABS:ERP_COMP_Q(1.0.0),2,6,Q,2016-Q3,1.2,,,,
ABS:ERP_COMP_Q(1.0.0),2,6,Q,2016-Q4,1.1,,,,
ABS:ERP_COMP_Q(1.0.0),2,6,Q,2017-Q1,1.1,,,,
ABS:ERP_COMP_Q(1.0.0),2,6,Q,2017-Q2,1.1,,,,
ABS:ERP_COMP_Q(1.0.0),2,6,Q,2017-Q3,1.5,,,,
ABS:ERP_COMP_Q(1.0.0),2,6,Q,2017-Q4,1.1,,,,
ABS:ERP_COMP_Q(1.0.0),2,6,Q,2018-Q1,1,,,,
ABS:ERP_COMP_Q(1.0.0),2,6,Q,2018-Q2,1.1,,,,
ABS:ERP_COMP_Q(1.0.0),2,6,Q,2018-Q3,1.1,,,,
ABS:ERP_COMP_Q(1.0.0),2,6,Q,2018-Q4,1.1,,,,
ABS:ERP_COMP_Q(1.0.0),2,6,Q,2019-Q1,1.1,,,,
ABS:ERP_COMP_Q(1.0.0),2,6,Q,2019-Q2,1.2,,,,
ABS:ERP_COMP_Q(1.0.0),2,6,Q,2019-Q3,1.3,,,,
ABS:ERP_COMP_Q(1.0.0),2,6,Q,2019-Q4,1.1,,,,
ABS:ERP_COMP_Q(1.0.0),2,6,Q,2020-Q1,1.1,,,,
ABS:ERP_COMP_Q(1.0.0),2,6,Q,2020-Q2,1.1,,,,
ABS:ERP_COMP_Q(1.0.0),2,6,Q,2020-Q3,1.1,,,,
ABS:ERP_COMP_Q(1.0.0),2,6,Q,2020-Q4,1.1,,,,
ABS:ERP_COMP_Q(1.0.0),2,6,Q,2021-Q1,1.1,,,,
ABS:ERP_COMP_Q(1.0.0),2,6,Q,2021-Q2,1.2,,,,
ABS:ERP_COMP_Q(1.0.0),2,6,Q,2021-Q3,1.3,,,,
ABS:ERP_COMP_Q(1.0.0),2,6,Q,2021-Q4,1.3,,,,
ABS:ERP_COMP_Q(1.0.0),2,6,Q,2022-Q1,1.2,,,,
ABS:ERP_COMP_Q(1.0.0),2,6,Q,2022-Q2,1.3,,,,
ABS:ERP_COMP_Q(1.0.0),2,6,Q,2022-Q3,1.4,,,,
ABS:ERP_COMP_Q(1.0.0),2,6,Q,2022-Q4,1.3,,,,
ABS:ERP_COMP_Q(1.0.0),2,6,Q,2023-Q1,1.2,,,,
ABS:ERP_COMP_Q(1.0.0),2,6,Q,2023-Q2,1.3,,,,
ABS:ERP_COMP_Q(1.0.0),2,6,Q,2023-Q3,1.4,,,,
ABS:ERP_COMP_Q(1.0.0),2,6,Q,2023-Q4,1.3,,,,
ABS:ERP_COMP_Q(1.0.0),2,6,Q,2024-Q1,1.2,,,,
ABS:ERP_COMP_Q(1.0.0),2,6,Q,2024-Q2,1.4,,,,
ABS:ERP_COMP_Q(1.0.0),2,6,Q,2024-Q3,1.5,,,,
ABS:ERP_COMP_Q(1.0.0),2,6,Q,2024-Q4,1.2,,,,
ABS:ERP_COMP_Q(1.0.0),2,6,Q,2025-Q1,1.2,,,,
ABS:ERP_COMP_Q(1.0.0),2,6,Q,2025-Q2,1.3,,,,
ABS:ERP_COMP_Q(1.0.0),2,6,Q,2025-Q3,1.5,,,,
ABS:ERP_COMP_Q(1.0.0),2,6,Q,2025-Q4,1.3,,,,
ABS:ERP_COMP_Q(1.0.0),10,4,Q,1981-Q2,1318.8,,,,
ABS:ERP_COMP_Q(1.0.0),10,4,Q,1981-Q3,1321.2,,,,
ABS:ERP_COMP_Q(1.0.0),10,4,Q,1981-Q4,1325.2,,,,
ABS:ERP_COMP_Q(1.0.0),10,4,Q,1982-Q1,1328.7,,,,
ABS:ERP_COMP_Q(1.0.0),10,4,Q,1982-Q2,1331.1,,,,
ABS:ERP_COMP_Q(1.0.0),10,4,Q,1982-Q3,1334.1,,,,
ABS:ERP_COMP_Q(1.0.0),10,4,Q,1982-Q4,1337.8,,,,
ABS:ERP_COMP_Q(1.0.0),10,4,Q,1983-Q1,1342.2,,,,
ABS:ERP_COMP_Q(1.0.0),10,4,Q,1983-Q2,1345.8,,,,
ABS:ERP_COMP_Q(1.0.0),10,4,Q,1983-Q3,1349.6,,,,
ABS:ERP_COMP_Q(1.0.0),10,4,Q,1983-Q4,1353.2,,,,
ABS:ERP_COMP_Q(1.0.0),10,4,Q,1984-Q1,1356.5,,,,
ABS:ERP_COMP_Q(1.0.0),10,4,Q,1984-Q2,1360,,,,
ABS:ERP_COMP_Q(1.0.0),10,4,Q,1984-Q3,1362.6,,,,
ABS:ERP_COMP_Q(1.0.0),10,4,Q,1984-Q4,1365.3,,,,
ABS:ERP_COMP_Q(1.0.0),10,4,Q,1985-Q1,1368.7,,,,
ABS:ERP_COMP_Q(1.0.0),10,4,Q,1985-Q2,1371.2,,,,
ABS:ERP_COMP_Q(1.0.0),10,4,Q,1985-Q3,1373.3,,,,
ABS:ERP_COMP_Q(1.0.0),10,4,Q,1985-Q4,1376.8,,,,
ABS:ERP_COMP_Q(1.0.0),10,4,Q,1986-Q1,1380.3,,,,
ABS:ERP_COMP_Q(1.0.0),10,4,Q,1986-Q2,1382.6,,,,
ABS:ERP_COMP_Q(1.0.0),10,4,Q,1986-Q3,1384.8,,,,
ABS:ERP_COMP_Q(1.0.0),10,4,Q,1986-Q4,1387.5,,,,
ABS:ERP_COMP_Q(1.0.0),10,4,Q,1987-Q1,1390.4,,,,
ABS:ERP_COMP_Q(1.0.0),10,4,Q,1987-Q2,1392.8,,,,
ABS:ERP_COMP_Q(1.0.0),10,4,Q,1987-Q3,1395.9,,,,
ABS:ERP_COMP_Q(1.0.0),10,4,Q,1987-Q4,1399,,,,
ABS:ERP_COMP_Q(1.0.0),10,4,Q,1988-Q1,1402.3,,,,
ABS:ERP_COMP_Q(1.0.0),10,4,Q,1988-Q2,1404.9,,,,
ABS:ERP_COMP_Q(1.0.0),10,4,Q,1988-Q3,1408.7,,,,
ABS:ERP_COMP_Q(1.0.0),10,4,Q,1988-Q4,1412.3,,,,
ABS:ERP_COMP_Q(1.0.0),10,4,Q,1989-Q1,1416.9,,,,
ABS:ERP_COMP_Q(1.0.0),10,4,Q,1989-Q2,1419,,,,
ABS:ERP_COMP_Q(1.0.0),10,4,Q,1989-Q3,1421.7,,,,
ABS:ERP_COMP_Q(1.0.0),10,4,Q,1989-Q4,1425.5,,,,
ABS:ERP_COMP_Q(1.0.0),10,4,Q,1990-Q1,1429.5,,,,
ABS:ERP_COMP_Q(1.0.0),10,4,Q,1990-Q2,1432.1,,,,
ABS:ERP_COMP_Q(1.0.0),10,4,Q,1990-Q3,1435.5,,,,
ABS:ERP_COMP_Q(1.0.0),10,4,Q,1990-Q4,1438.9,,,,
ABS:ERP_COMP_Q(1.0.0),10,4,Q,1991-Q1,1443.4,,,,
ABS:ERP_COMP_Q(1.0.0),10,4,Q,1991-Q2,1446.3,,,,
ABS:ERP_COMP_Q(1.0.0),10,4,Q,1991-Q3,1449,,,,
ABS:ERP_COMP_Q(1.0.0),10,4,Q,1991-Q4,1450.9,,,,
ABS:ERP_COMP_Q(1.0.0),10,4,Q,1992-Q1,1454.2,,,,
ABS:ERP_COMP_Q(1.0.0),10,4,Q,1992-Q2,1455.4,,,,
ABS:ERP_COMP_Q(1.0.0),10,4,Q,1992-Q3,1456.2,,,,
ABS:ERP_COMP_Q(1.0.0),10,4,Q,1992-Q4,1457.2,,,,
ABS:ERP_COMP_Q(1.0.0),10,4,Q,1993-Q1,1457.9,,,,
ABS:ERP_COMP_Q(1.0.0),10,4,Q,1993-Q2,1458.6,,,,
ABS:ERP_COMP_Q(1.0.0),10,4,Q,1993-Q3,1460.3,,,,
ABS:ERP_COMP_Q(1.0.0),10,4,Q,1993-Q4,1461.1,,,,
ABS:ERP_COMP_Q(1.0.0),10,4,Q,1994-Q1,1462.6,,,,
ABS:ERP_COMP_Q(1.0.0),10,4,Q,1994-Q2,1463.1,,,,
ABS:ERP_COMP_Q(1.0.0),10,4,Q,1994-Q3,1463.7,,,,
ABS:ERP_COMP_Q(1.0.0),10,4,Q,1994-Q4,1464,,,,
ABS:ERP_COMP_Q(1.0.0),10,4,Q,1995-Q1,1464.8,,,,
ABS:ERP_COMP_Q(1.0.0),10,4,Q,1995-Q2,1465.3,,,,
ABS:ERP_COMP_Q(1.0.0),10,4,Q,1995-Q3,1465.8,,,,
ABS:ERP_COMP_Q(1.0.0),10,4,Q,1995-Q4,1466.6,,,,
ABS:ERP_COMP_Q(1.0.0),10,4,Q,1996-Q1,1467.9,,,,
ABS:ERP_COMP_Q(1.0.0),10,4,Q,1996-Q2,1469.1,,,,
ABS:ERP_COMP_Q(1.0.0),10,4,Q,1996-Q3,1470.3,,,,
ABS:ERP_COMP_Q(1.0.0),10,4,Q,1996-Q4,1472,,,,
ABS:ERP_COMP_Q(1.0.0),10,4,Q,1997-Q1,1474.4,,,,
ABS:ERP_COMP_Q(1.0.0),10,4,Q,1997-Q2,1475.7,,,,
ABS:ERP_COMP_Q(1.0.0),10,4,Q,1997-Q3,1477.4,,,,
ABS:ERP_COMP_Q(1.0.0),10,4,Q,1997-Q4,1479,,,,
ABS:ERP_COMP_Q(1.0.0),10,4,Q,1998-Q1,1482.1,,,,
ABS:ERP_COMP_Q(1.0.0),10,4,Q,1998-Q2,1483.3,,,,
ABS:ERP_COMP_Q(1.0.0),10,4,Q,1998-Q3,1484.6,,,,
ABS:ERP_COMP_Q(1.0.0),10,4,Q,1998-Q4,1487,,,,
ABS:ERP_COMP_Q(1.0.0),10,4,Q,1999-Q1,1489.7,,,,
ABS:ERP_COMP_Q(1.0.0),10,4,Q,1999-Q2,1490.9,,,,
ABS:ERP_COMP_Q(1.0.0),10,4,Q,1999-Q3,1493,,,,
ABS:ERP_COMP_Q(1.0.0),10,4,Q,1999-Q4,1495.2,,,,
ABS:ERP_COMP_Q(1.0.0),10,4,Q,2000-Q1,1496.8,,,,
ABS:ERP_COMP_Q(1.0.0),10,4,Q,2000-Q2,1497.5,,,,
ABS:ERP_COMP_Q(1.0.0),10,4,Q,2000-Q3,1498.9,,,,
ABS:ERP_COMP_Q(1.0.0),10,4,Q,2000-Q4,1500.1,,,,
ABS:ERP_COMP_Q(1.0.0),10,4,Q,2001-Q1,1502.3,,,,
ABS:ERP_COMP_Q(1.0.0),10,4,Q,2001-Q2,1503.5,,,,
ABS:ERP_COMP_Q(1.0.0),10,4,Q,2001-Q3,1505,,,,
ABS:ERP_COMP_Q(1.0.0),10,4,Q,2001-Q4,1507.8,,,,
ABS:ERP_COMP_Q(1.0.0),10,4,Q,2002-Q1,1510,,,,
ABS:ERP_COMP_Q(1.0.0),10,4,Q,2002-Q2,1511.6,,,,
ABS:ERP_COMP_Q(1.0.0),10,4,Q,2002-Q3,1513.7,,,,
ABS:ERP_COMP_Q(1.0.0),10,4,Q,2002-Q4,1515.7,,,,
ABS:ERP_COMP_Q(1.0.0),10,4,Q,2003-Q1,1518.6,,,,
ABS:ERP_COMP_Q(1.0.0),10,4,Q,2003-Q2,1520.4,,,,
ABS:ERP_COMP_Q(1.0.0),10,4,Q,2003-Q3,1522.2,,,,
ABS:ERP_COMP_Q(1.0.0),10,4,Q,2003-Q4,1524.7,,,,
ABS:ERP_COMP_Q(1.0.0),10,4,Q,2004-Q1,1527,,,,
ABS:ERP_COMP_Q(1.0.0),10,4,Q,2004-Q2,1528.2,,,,
ABS:ERP_COMP_Q(1.0.0),10,4,Q,2004-Q3,1530.5,,,,
ABS:ERP_COMP_Q(1.0.0),10,4,Q,2004-Q4,1532.6,,,,
ABS:ERP_COMP_Q(1.0.0),10,4,Q,2005-Q1,1536.8,,,,
ABS:ERP_COMP_Q(1.0.0),10,4,Q,2005-Q2,1538.8,,,,
ABS:ERP_COMP_Q(1.0.0),10,4,Q,2005-Q3,1542,,,,
ABS:ERP_COMP_Q(1.0.0),10,4,Q,2005-Q4,1544.9,,,,
ABS:ERP_COMP_Q(1.0.0),10,4,Q,2006-Q1,1550.1,,,,
ABS:ERP_COMP_Q(1.0.0),10,4,Q,2006-Q2,1552.5,,,,
ABS:ERP_COMP_Q(1.0.0),10,4,Q,2006-Q3,1557.3,,,,
ABS:ERP_COMP_Q(1.0.0),10,4,Q,2006-Q4,1561.3,,,,
ABS:ERP_COMP_Q(1.0.0),10,4,Q,2007-Q1,1567.2,,,,
ABS:ERP_COMP_Q(1.0.0),10,4,Q,2007-Q2,1570.6,,,,
ABS:ERP_COMP_Q(1.0.0),10,4,Q,2007-Q3,1574.5,,,,
ABS:ERP_COMP_Q(1.0.0),10,4,Q,2007-Q4,1578.5,,,,
ABS:ERP_COMP_Q(1.0.0),10,4,Q,2008-Q1,1584.4,,,,
ABS:ERP_COMP_Q(1.0.0),10,4,Q,2008-Q2,1588.7,,,,
ABS:ERP_COMP_Q(1.0.0),10,4,Q,2008-Q3,1593.7,,,,
ABS:ERP_COMP_Q(1.0.0),10,4,Q,2008-Q4,1597.9,,,,
ABS:ERP_COMP_Q(1.0.0),10,4,Q,2009-Q1,1604.1,,,,
ABS:ERP_COMP_Q(1.0.0),10,4,Q,2009-Q2,1608.9,,,,
ABS:ERP_COMP_Q(1.0.0),10,4,Q,2009-Q3,1614.6,,,,
ABS:ERP_COMP_Q(1.0.0),10,4,Q,2009-Q4,1618.6,,,,
ABS:ERP_COMP_Q(1.0.0),10,4,Q,2010-Q1,1624,,,,
ABS:ERP_COMP_Q(1.0.0),10,4,Q,2010-Q2,1627.3,,,,
ABS:ERP_COMP_Q(1.0.0),10,4,Q,2010-Q3,1630.2,,,,
ABS:ERP_COMP_Q(1.0.0),10,4,Q,2010-Q4,1632.5,,,,
ABS:ERP_COMP_Q(1.0.0),10,4,Q,2011-Q1,1636.8,,,,
ABS:ERP_COMP_Q(1.0.0),10,4,Q,2011-Q2,1639.6,,,,
ABS:ERP_COMP_Q(1.0.0),10,4,Q,2011-Q3,1643.4,,,,
ABS:ERP_COMP_Q(1.0.0),10,4,Q,2011-Q4,1647.2,,,,
ABS:ERP_COMP_Q(1.0.0),10,4,Q,2012-Q1,1652.7,,,,
ABS:ERP_COMP_Q(1.0.0),10,4,Q,2012-Q2,1656.7,,,,
ABS:ERP_COMP_Q(1.0.0),10,4,Q,2012-Q3,1660.2,,,,
ABS:ERP_COMP_Q(1.0.0),10,4,Q,2012-Q4,1663.1,,,,
ABS:ERP_COMP_Q(1.0.0),10,4,Q,2013-Q1,1668.1,,,,
ABS:ERP_COMP_Q(1.0.0),10,4,Q,2013-Q2,1671.5,,,,
ABS:ERP_COMP_Q(1.0.0),10,4,Q,2013-Q3,1675.3,,,,
ABS:ERP_COMP_Q(1.0.0),10,4,Q,2013-Q4,1678.1,,,,
ABS:ERP_COMP_Q(1.0.0),10,4,Q,2014-Q1,1683.5,,,,
ABS:ERP_COMP_Q(1.0.0),10,4,Q,2014-Q2,1686.9,,,,
ABS:ERP_COMP_Q(1.0.0),10,4,Q,2014-Q3,1690.1,,,,
ABS:ERP_COMP_Q(1.0.0),10,4,Q,2014-Q4,1693.1,,,,
ABS:ERP_COMP_Q(1.0.0),10,4,Q,2015-Q1,1698.4,,,,
ABS:ERP_COMP_Q(1.0.0),10,4,Q,2015-Q2,1700.7,,,,
ABS:ERP_COMP_Q(1.0.0),10,4,Q,2015-Q3,1703.7,,,,
ABS:ERP_COMP_Q(1.0.0),10,4,Q,2015-Q4,1705.9,,,,
ABS:ERP_COMP_Q(1.0.0),10,4,Q,2016-Q1,1710.3,,,,
ABS:ERP_COMP_Q(1.0.0),10,4,Q,2016-Q2,1712.8,,,,
ABS:ERP_COMP_Q(1.0.0),10,4,Q,2016-Q3,1717.3,,,,
ABS:ERP_COMP_Q(1.0.0),10,4,Q,2016-Q4,1719.6,,,,
ABS:ERP_COMP_Q(1.0.0),10,4,Q,2017-Q1,1725.3,,,,
ABS:ERP_COMP_Q(1.0.0),10,4,Q,2017-Q2,1728.7,,,,
ABS:ERP_COMP_Q(1.0.0),10,4,Q,2017-Q3,1733.1,,,,
ABS:ERP_COMP_Q(1.0.0),10,4,Q,2017-Q4,1735.7,,,,
ABS:ERP_COMP_Q(1.0.0),10,4,Q,2018-Q1,1742.3,,,,
ABS:ERP_COMP_Q(1.0.0),10,4,Q,2018-Q2,1746.1,,,,
ABS:ERP_COMP_Q(1.0.0),10,4,Q,2018-Q3,1751.8,,,,
ABS:ERP_COMP_Q(1.0.0),10,4,Q,2018-Q4,1755.7,,,,
ABS:ERP_COMP_Q(1.0.0),10,4,Q,2019-Q1,1762.9,,,,
ABS:ERP_COMP_Q(1.0.0),10,4,Q,2019-Q2,1767.4,,,,
ABS:ERP_COMP_Q(1.0.0),10,4,Q,2019-Q3,1774,,,,
ABS:ERP_COMP_Q(1.0.0),10,4,Q,2019-Q4,1778.9,,,,
ABS:ERP_COMP_Q(1.0.0),10,4,Q,2020-Q1,1787.8,,,,
ABS:ERP_COMP_Q(1.0.0),10,4,Q,2020-Q2,1790.4,,,,
ABS:ERP_COMP_Q(1.0.0),10,4,Q,2020-Q3,1792.2,,,,
ABS:ERP_COMP_Q(1.0.0),10,4,Q,2020-Q4,1794.5,,,,
ABS:ERP_COMP_Q(1.0.0),10,4,Q,2021-Q1,1798.6,,,,
ABS:ERP_COMP_Q(1.0.0),10,4,Q,2021-Q2,1802.6,,,,
ABS:ERP_COMP_Q(1.0.0),10,4,Q,2021-Q3,1803.8,,,,
ABS:ERP_COMP_Q(1.0.0),10,4,Q,2021-Q4,1807.8,,,,
ABS:ERP_COMP_Q(1.0.0),10,4,Q,2022-Q1,1818.4,,,,
ABS:ERP_COMP_Q(1.0.0),10,4,Q,2022-Q2,1825,,,,
ABS:ERP_COMP_Q(1.0.0),10,4,Q,2022-Q3,1833.3,,,,
ABS:ERP_COMP_Q(1.0.0),10,4,Q,2022-Q4,1840.2,,,,
ABS:ERP_COMP_Q(1.0.0),10,4,Q,2023-Q1,1851,,,,
ABS:ERP_COMP_Q(1.0.0),10,4,Q,2023-Q2,1857.6,,,,
ABS:ERP_COMP_Q(1.0.0),10,4,Q,2023-Q3,1865.8,,,,
ABS:ERP_COMP_Q(1.0.0),10,4,Q,2023-Q4,1870.9,,,,
ABS:ERP_COMP_Q(1.0.0),10,4,Q,2024-Q1,1878.7,,,,
ABS:ERP_COMP_Q(1.0.0),10,4,Q,2024-Q2,1882.2,,,,
ABS:ERP_COMP_Q(1.0.0),10,4,Q,2024-Q3,1886.8,,,,
ABS:ERP_COMP_Q(1.0.0),10,4,Q,2024-Q4,1890.8,,,,
ABS:ERP_COMP_Q(1.0.0),10,4,Q,2025-Q1,1898.2,,,,
ABS:ERP_COMP_Q(1.0.0),10,4,Q,2025-Q2,1901.6,,,,
ABS:ERP_COMP_Q(1.0.0),10,4,Q,2025-Q3,1907.1,,,,
ABS:ERP_COMP_Q(1.0.0),10,4,Q,2025-Q4,1910.6,,,,
ABS:ERP_COMP_Q(1.0.0),8,6,Q,1981-Q2,0.2,,,,
ABS:ERP_COMP_Q(1.0.0),8,6,Q,1981-Q3,0.3,,,,
ABS:ERP_COMP_Q(1.0.0),8,6,Q,1981-Q4,0.3,,,,
ABS:ERP_COMP_Q(1.0.0),8,6,Q,1982-Q1,0.5,,,,
ABS:ERP_COMP_Q(1.0.0),8,6,Q,1982-Q2,0.3,,,,
ABS:ERP_COMP_Q(1.0.0),8,6,Q,1982-Q3,0.3,,,,
ABS:ERP_COMP_Q(1.0.0),8,6,Q,1982-Q4,0.3,,,,
ABS:ERP_COMP_Q(1.0.0),8,6,Q,1983-Q1,0.5,,,,
ABS:ERP_COMP_Q(1.0.0),8,6,Q,1983-Q2,0.3,,,,
ABS:ERP_COMP_Q(1.0.0),8,6,Q,1983-Q3,0.3,,,,
ABS:ERP_COMP_Q(1.0.0),8,6,Q,1983-Q4,0.3,,,,
ABS:ERP_COMP_Q(1.0.0),8,6,Q,1984-Q1,0.4,,,,
ABS:ERP_COMP_Q(1.0.0),8,6,Q,1984-Q2,0.3,,,,
ABS:ERP_COMP_Q(1.0.0),8,6,Q,1984-Q3,0.2,,,,
ABS:ERP_COMP_Q(1.0.0),8,6,Q,1984-Q4,0.3,,,,
ABS:ERP_COMP_Q(1.0.0),8,6,Q,1985-Q1,0.5,,,,
ABS:ERP_COMP_Q(1.0.0),8,6,Q,1985-Q2,0.3,,,,
ABS:ERP_COMP_Q(1.0.0),8,6,Q,1985-Q3,0.3,,,,
ABS:ERP_COMP_Q(1.0.0),8,6,Q,1985-Q4,0.3,,,,
ABS:ERP_COMP_Q(1.0.0),8,6,Q,1986-Q1,0.4,,,,
ABS:ERP_COMP_Q(1.0.0),8,6,Q,1986-Q2,0.3,,,,
ABS:ERP_COMP_Q(1.0.0),8,6,Q,1986-Q3,0.3,,,,
ABS:ERP_COMP_Q(1.0.0),8,6,Q,1986-Q4,0.3,,,,
ABS:ERP_COMP_Q(1.0.0),8,6,Q,1987-Q1,0.5,,,,
ABS:ERP_COMP_Q(1.0.0),8,6,Q,1987-Q2,0.3,,,,
ABS:ERP_COMP_Q(1.0.0),8,6,Q,1987-Q3,0.3,,,,
ABS:ERP_COMP_Q(1.0.0),8,6,Q,1987-Q4,0.3,,,,
ABS:ERP_COMP_Q(1.0.0),8,6,Q,1988-Q1,0.4,,,,
ABS:ERP_COMP_Q(1.0.0),8,6,Q,1988-Q2,0.4,,,,
ABS:ERP_COMP_Q(1.0.0),8,6,Q,1988-Q3,0.3,,,,
ABS:ERP_COMP_Q(1.0.0),8,6,Q,1988-Q4,0.4,,,,
ABS:ERP_COMP_Q(1.0.0),8,6,Q,1989-Q1,0.5,,,,
ABS:ERP_COMP_Q(1.0.0),8,6,Q,1989-Q2,0.3,,,,
ABS:ERP_COMP_Q(1.0.0),8,6,Q,1989-Q3,0.3,,,,
ABS:ERP_COMP_Q(1.0.0),8,6,Q,1989-Q4,0.3,,,,
ABS:ERP_COMP_Q(1.0.0),8,6,Q,1990-Q1,0.4,,,,
ABS:ERP_COMP_Q(1.0.0),8,6,Q,1990-Q2,0.4,,,,
ABS:ERP_COMP_Q(1.0.0),8,6,Q,1990-Q3,0.3,,,,
ABS:ERP_COMP_Q(1.0.0),8,6,Q,1990-Q4,0.4,,,,
ABS:ERP_COMP_Q(1.0.0),8,6,Q,1991-Q1,0.5,,,,
ABS:ERP_COMP_Q(1.0.0),8,6,Q,1991-Q2,0.4,,,,
ABS:ERP_COMP_Q(1.0.0),8,6,Q,1991-Q3,0.4,,,,
ABS:ERP_COMP_Q(1.0.0),8,6,Q,1991-Q4,0.4,,,,
ABS:ERP_COMP_Q(1.0.0),8,6,Q,1992-Q1,0.6,,,,
ABS:ERP_COMP_Q(1.0.0),8,6,Q,1992-Q2,0.3,,,,
ABS:ERP_COMP_Q(1.0.0),8,6,Q,1992-Q3,0.3,,,,
ABS:ERP_COMP_Q(1.0.0),8,6,Q,1992-Q4,0.4,,,,
ABS:ERP_COMP_Q(1.0.0),8,6,Q,1993-Q1,0.5,,,,
ABS:ERP_COMP_Q(1.0.0),8,6,Q,1993-Q2,0.3,,,,
ABS:ERP_COMP_Q(1.0.0),8,6,Q,1993-Q3,0.3,,,,
ABS:ERP_COMP_Q(1.0.0),8,6,Q,1993-Q4,0.4,,,,
ABS:ERP_COMP_Q(1.0.0),8,6,Q,1994-Q1,0.5,,,,
ABS:ERP_COMP_Q(1.0.0),8,6,Q,1994-Q2,0.3,,,,
ABS:ERP_COMP_Q(1.0.0),8,6,Q,1994-Q3,0.3,,,,
ABS:ERP_COMP_Q(1.0.0),8,6,Q,1994-Q4,0.5,,,,
ABS:ERP_COMP_Q(1.0.0),8,6,Q,1995-Q1,0.5,,,,
ABS:ERP_COMP_Q(1.0.0),8,6,Q,1995-Q2,0.4,,,,
ABS:ERP_COMP_Q(1.0.0),8,6,Q,1995-Q3,0.4,,,,
ABS:ERP_COMP_Q(1.0.0),8,6,Q,1995-Q4,0.5,,,,
ABS:ERP_COMP_Q(1.0.0),8,6,Q,1996-Q1,0.6,,,,
ABS:ERP_COMP_Q(1.0.0),8,6,Q,1996-Q2,0.3,,,,
ABS:ERP_COMP_Q(1.0.0),8,6,Q,1996-Q3,0.3,,,,
ABS:ERP_COMP_Q(1.0.0),8,6,Q,1996-Q4,0.5,,,,
ABS:ERP_COMP_Q(1.0.0),8,6,Q,1997-Q1,0.6,,,,
ABS:ERP_COMP_Q(1.0.0),8,6,Q,1997-Q2,0.4,,,,
ABS:ERP_COMP_Q(1.0.0),8,6,Q,1997-Q3,0.4,,,,
ABS:ERP_COMP_Q(1.0.0),8,6,Q,1997-Q4,0.5,,,,
ABS:ERP_COMP_Q(1.0.0),8,6,Q,1998-Q1,0.6,,,,
ABS:ERP_COMP_Q(1.0.0),8,6,Q,1998-Q2,0.5,,,,
ABS:ERP_COMP_Q(1.0.0),8,6,Q,1998-Q3,0.4,,,,
ABS:ERP_COMP_Q(1.0.0),8,6,Q,1998-Q4,0.3,,,,
ABS:ERP_COMP_Q(1.0.0),8,6,Q,1999-Q1,0.6,,,,
ABS:ERP_COMP_Q(1.0.0),8,6,Q,1999-Q2,0.5,,,,
ABS:ERP_COMP_Q(1.0.0),8,6,Q,1999-Q3,0.4,,,,
ABS:ERP_COMP_Q(1.0.0),8,6,Q,1999-Q4,0.4,,,,
ABS:ERP_COMP_Q(1.0.0),8,6,Q,2000-Q1,0.5,,,,
ABS:ERP_COMP_Q(1.0.0),8,6,Q,2000-Q2,0.4,,,,
ABS:ERP_COMP_Q(1.0.0),8,6,Q,2000-Q3,0.4,,,,
ABS:ERP_COMP_Q(1.0.0),8,6,Q,2000-Q4,0.3,,,,
ABS:ERP_COMP_Q(1.0.0),8,6,Q,2001-Q1,0.6,,,,
ABS:ERP_COMP_Q(1.0.0),8,6,Q,2001-Q2,0.3,,,,
ABS:ERP_COMP_Q(1.0.0),8,6,Q,2001-Q3,0.5,,,,
ABS:ERP_COMP_Q(1.0.0),8,6,Q,2001-Q4,0.5,,,,
ABS:ERP_COMP_Q(1.0.0),8,6,Q,2002-Q1,0.8,,,,
ABS:ERP_COMP_Q(1.0.0),8,6,Q,2002-Q2,0.5,,,,
ABS:ERP_COMP_Q(1.0.0),8,6,Q,2002-Q3,0.5,,,,
ABS:ERP_COMP_Q(1.0.0),8,6,Q,2002-Q4,0.4,,,,
ABS:ERP_COMP_Q(1.0.0),8,6,Q,2003-Q1,0.8,,,,
ABS:ERP_COMP_Q(1.0.0),8,6,Q,2003-Q2,0.5,,,,
ABS:ERP_COMP_Q(1.0.0),8,6,Q,2003-Q3,0.5,,,,
ABS:ERP_COMP_Q(1.0.0),8,6,Q,2003-Q4,0.5,,,,
ABS:ERP_COMP_Q(1.0.0),8,6,Q,2004-Q1,0.8,,,,
ABS:ERP_COMP_Q(1.0.0),8,6,Q,2004-Q2,0.5,,,,
ABS:ERP_COMP_Q(1.0.0),8,6,Q,2004-Q3,0.6,,,,
ABS:ERP_COMP_Q(1.0.0),8,6,Q,2004-Q4,0.5,,,,
ABS:ERP_COMP_Q(1.0.0),8,6,Q,2005-Q1,0.8,,,,
ABS:ERP_COMP_Q(1.0.0),8,6,Q,2005-Q2,0.6,,,,
ABS:ERP_COMP_Q(1.0.0),8,6,Q,2005-Q3,0.6,,,,
ABS:ERP_COMP_Q(1.0.0),8,6,Q,2005-Q4,0.6,,,,
ABS:ERP_COMP_Q(1.0.0),8,6,Q,2006-Q1,0.8,,,,
ABS:ERP_COMP_Q(1.0.0),8,6,Q,2006-Q2,0.6,,,,
ABS:ERP_COMP_Q(1.0.0),8,6,Q,2006-Q3,0.5,,,,
ABS:ERP_COMP_Q(1.0.0),8,6,Q,2006-Q4,0.5,,,,
ABS:ERP_COMP_Q(1.0.0),8,6,Q,2007-Q1,0.6,,,,
ABS:ERP_COMP_Q(1.0.0),8,6,Q,2007-Q2,0.5,,,,
ABS:ERP_COMP_Q(1.0.0),8,6,Q,2007-Q3,0.5,,,,
ABS:ERP_COMP_Q(1.0.0),8,6,Q,2007-Q4,0.5,,,,
ABS:ERP_COMP_Q(1.0.0),8,6,Q,2008-Q1,0.5,,,,
ABS:ERP_COMP_Q(1.0.0),8,6,Q,2008-Q2,0.5,,,,
ABS:ERP_COMP_Q(1.0.0),8,6,Q,2008-Q3,0.5,,,,
ABS:ERP_COMP_Q(1.0.0),8,6,Q,2008-Q4,0.6,,,,
ABS:ERP_COMP_Q(1.0.0),8,6,Q,2009-Q1,0.6,,,,
ABS:ERP_COMP_Q(1.0.0),8,6,Q,2009-Q2,0.4,,,,
ABS:ERP_COMP_Q(1.0.0),8,6,Q,2009-Q3,0.5,,,,
ABS:ERP_COMP_Q(1.0.0),8,6,Q,2009-Q4,0.6,,,,
ABS:ERP_COMP_Q(1.0.0),8,6,Q,2010-Q1,0.6,,,,
ABS:ERP_COMP_Q(1.0.0),8,6,Q,2010-Q2,0.6,,,,
ABS:ERP_COMP_Q(1.0.0),8,6,Q,2010-Q3,0.7,,,,
ABS:ERP_COMP_Q(1.0.0),8,6,Q,2010-Q4,0.6,,,,
ABS:ERP_COMP_Q(1.0.0),8,6,Q,2011-Q1,0.6,,,,
ABS:ERP_COMP_Q(1.0.0),8,6,Q,2011-Q2,0.6,,,,
ABS:ERP_COMP_Q(1.0.0),8,6,Q,2011-Q3,0.6,,,,
ABS:ERP_COMP_Q(1.0.0),8,6,Q,2011-Q4,0.6,,,,
ABS:ERP_COMP_Q(1.0.0),8,6,Q,2012-Q1,0.6,,,,
ABS:ERP_COMP_Q(1.0.0),8,6,Q,2012-Q2,0.5,,,,
ABS:ERP_COMP_Q(1.0.0),8,6,Q,2012-Q3,0.6,,,,
ABS:ERP_COMP_Q(1.0.0),8,6,Q,2012-Q4,0.6,,,,
ABS:ERP_COMP_Q(1.0.0),8,6,Q,2013-Q1,0.6,,,,
ABS:ERP_COMP_Q(1.0.0),8,6,Q,2013-Q2,0.5,,,,
ABS:ERP_COMP_Q(1.0.0),8,6,Q,2013-Q3,0.6,,,,
ABS:ERP_COMP_Q(1.0.0),8,6,Q,2013-Q4,0.6,,,,
ABS:ERP_COMP_Q(1.0.0),8,6,Q,2014-Q1,0.6,,,,
ABS:ERP_COMP_Q(1.0.0),8,6,Q,2014-Q2,0.6,,,,
ABS:ERP_COMP_Q(1.0.0),8,6,Q,2014-Q3,0.7,,,,
ABS:ERP_COMP_Q(1.0.0),8,6,Q,2014-Q4,0.7,,,,
ABS:ERP_COMP_Q(1.0.0),8,6,Q,2015-Q1,0.7,,,,
ABS:ERP_COMP_Q(1.0.0),8,6,Q,2015-Q2,0.6,,,,
ABS:ERP_COMP_Q(1.0.0),8,6,Q,2015-Q3,0.6,,,,
ABS:ERP_COMP_Q(1.0.0),8,6,Q,2015-Q4,0.7,,,,
ABS:ERP_COMP_Q(1.0.0),8,6,Q,2016-Q1,0.6,,,,
ABS:ERP_COMP_Q(1.0.0),8,6,Q,2016-Q2,0.6,,,,
ABS:ERP_COMP_Q(1.0.0),8,6,Q,2016-Q3,0.6,,,,
ABS:ERP_COMP_Q(1.0.0),8,6,Q,2016-Q4,0.6,,,,
ABS:ERP_COMP_Q(1.0.0),8,6,Q,2017-Q1,0.6,,,,
ABS:ERP_COMP_Q(1.0.0),8,6,Q,2017-Q2,0.6,,,,
ABS:ERP_COMP_Q(1.0.0),8,6,Q,2017-Q3,0.5,,,,
ABS:ERP_COMP_Q(1.0.0),8,6,Q,2017-Q4,0.6,,,,
ABS:ERP_COMP_Q(1.0.0),8,6,Q,2018-Q1,0.6,,,,
ABS:ERP_COMP_Q(1.0.0),8,6,Q,2018-Q2,0.6,,,,
ABS:ERP_COMP_Q(1.0.0),8,6,Q,2018-Q3,0.6,,,,
ABS:ERP_COMP_Q(1.0.0),8,6,Q,2018-Q4,0.6,,,,
ABS:ERP_COMP_Q(1.0.0),8,6,Q,2019-Q1,0.7,,,,
ABS:ERP_COMP_Q(1.0.0),8,6,Q,2019-Q2,0.8,,,,
ABS:ERP_COMP_Q(1.0.0),8,6,Q,2019-Q3,0.7,,,,
ABS:ERP_COMP_Q(1.0.0),8,6,Q,2019-Q4,1.1,,,,
ABS:ERP_COMP_Q(1.0.0),8,6,Q,2020-Q1,0.9,,,,
ABS:ERP_COMP_Q(1.0.0),8,6,Q,2020-Q2,0.2,,,,
ABS:ERP_COMP_Q(1.0.0),8,6,Q,2020-Q3,0.4,,,,
ABS:ERP_COMP_Q(1.0.0),8,6,Q,2020-Q4,0.6,,,,
ABS:ERP_COMP_Q(1.0.0),8,6,Q,2021-Q1,0.5,,,,
ABS:ERP_COMP_Q(1.0.0),8,6,Q,2021-Q2,0.4,,,,
ABS:ERP_COMP_Q(1.0.0),8,6,Q,2021-Q3,0.4,,,,
ABS:ERP_COMP_Q(1.0.0),8,6,Q,2021-Q4,0.4,,,,
ABS:ERP_COMP_Q(1.0.0),8,6,Q,2022-Q1,0.5,,,,
ABS:ERP_COMP_Q(1.0.0),8,6,Q,2022-Q2,0.6,,,,
ABS:ERP_COMP_Q(1.0.0),8,6,Q,2022-Q3,0.5,,,,
ABS:ERP_COMP_Q(1.0.0),8,6,Q,2022-Q4,0.7,,,,
ABS:ERP_COMP_Q(1.0.0),8,6,Q,2023-Q1,0.6,,,,
ABS:ERP_COMP_Q(1.0.0),8,6,Q,2023-Q2,0.6,,,,
ABS:ERP_COMP_Q(1.0.0),8,6,Q,2023-Q3,0.6,,,,
ABS:ERP_COMP_Q(1.0.0),8,6,Q,2023-Q4,0.5,,,,
ABS:ERP_COMP_Q(1.0.0),8,6,Q,2024-Q1,0.5,,,,
ABS:ERP_COMP_Q(1.0.0),8,6,Q,2024-Q2,0.6,,,,
ABS:ERP_COMP_Q(1.0.0),8,6,Q,2024-Q3,0.6,,,,
ABS:ERP_COMP_Q(1.0.0),8,6,Q,2024-Q4,0.6,,,,
ABS:ERP_COMP_Q(1.0.0),8,6,Q,2025-Q1,0.6,,,,
ABS:ERP_COMP_Q(1.0.0),8,6,Q,2025-Q2,0.6,,,,
ABS:ERP_COMP_Q(1.0.0),8,6,Q,2025-Q3,0.6,,,,
ABS:ERP_COMP_Q(1.0.0),8,6,Q,2025-Q4,0.6,,,,
ABS:ERP_COMP_Q(1.0.0),11,3,Q,1981-Q2,5.3,,,,
ABS:ERP_COMP_Q(1.0.0),11,3,Q,1981-Q3,4.1,,,,
ABS:ERP_COMP_Q(1.0.0),11,3,Q,1981-Q4,4.6,,,,
ABS:ERP_COMP_Q(1.0.0),11,3,Q,1982-Q1,4.1,,,,
ABS:ERP_COMP_Q(1.0.0),11,3,Q,1982-Q2,4,,,,
ABS:ERP_COMP_Q(1.0.0),11,3,Q,1982-Q3,3.9,,,,
ABS:ERP_COMP_Q(1.0.0),11,3,Q,1982-Q4,2.1,,,,
ABS:ERP_COMP_Q(1.0.0),11,3,Q,1983-Q1,1.7,,,,
ABS:ERP_COMP_Q(1.0.0),11,3,Q,1983-Q2,1.2,,,,
ABS:ERP_COMP_Q(1.0.0),11,3,Q,1983-Q3,0.8,,,,
ABS:ERP_COMP_Q(1.0.0),11,3,Q,1983-Q4,0.6,,,,
ABS:ERP_COMP_Q(1.0.0),11,3,Q,1984-Q1,0.8,,,,
ABS:ERP_COMP_Q(1.0.0),11,3,Q,1984-Q2,0.7,,,,
ABS:ERP_COMP_Q(1.0.0),11,3,Q,1984-Q3,1.7,,,,
ABS:ERP_COMP_Q(1.0.0),11,3,Q,1984-Q4,1.5,,,,
ABS:ERP_COMP_Q(1.0.0),11,3,Q,1985-Q1,1.9,,,,
ABS:ERP_COMP_Q(1.0.0),11,3,Q,1985-Q2,1.8,,,,
ABS:ERP_COMP_Q(1.0.0),11,3,Q,1985-Q3,2.1,,,,
ABS:ERP_COMP_Q(1.0.0),11,3,Q,1985-Q4,2.6,,,,
ABS:ERP_COMP_Q(1.0.0),11,3,Q,1986-Q1,2.9,,,,
ABS:ERP_COMP_Q(1.0.0),11,3,Q,1986-Q2,2.9,,,,
ABS:ERP_COMP_Q(1.0.0),11,3,Q,1986-Q3,3,,,,
ABS:ERP_COMP_Q(1.0.0),11,3,Q,1986-Q4,2.9,,,,
ABS:ERP_COMP_Q(1.0.0),11,3,Q,1987-Q1,2.4,,,,
ABS:ERP_COMP_Q(1.0.0),11,3,Q,1987-Q2,2.9,,,,
ABS:ERP_COMP_Q(1.0.0),11,3,Q,1987-Q3,3.6,,,,
ABS:ERP_COMP_Q(1.0.0),11,3,Q,1987-Q4,5,,,,
ABS:ERP_COMP_Q(1.0.0),11,3,Q,1988-Q1,5.9,,,,
ABS:ERP_COMP_Q(1.0.0),11,3,Q,1988-Q2,5.1,,,,
ABS:ERP_COMP_Q(1.0.0),11,3,Q,1988-Q3,5.3,,,,
ABS:ERP_COMP_Q(1.0.0),11,3,Q,1988-Q4,5.4,,,,
ABS:ERP_COMP_Q(1.0.0),11,3,Q,1989-Q1,4.6,,,,
ABS:ERP_COMP_Q(1.0.0),11,3,Q,1989-Q2,3.8,,,,
ABS:ERP_COMP_Q(1.0.0),11,3,Q,1989-Q3,3.4,,,,
ABS:ERP_COMP_Q(1.0.0),11,3,Q,1989-Q4,2.7,,,,
ABS:ERP_COMP_Q(1.0.0),11,3,Q,1990-Q1,2.3,,,,
ABS:ERP_COMP_Q(1.0.0),11,3,Q,1990-Q2,2.1,,,,
ABS:ERP_COMP_Q(1.0.0),11,3,Q,1990-Q3,2.8,,,,
ABS:ERP_COMP_Q(1.0.0),11,3,Q,1990-Q4,2.1,,,,
ABS:ERP_COMP_Q(1.0.0),11,3,Q,1991-Q1,3.4,,,,
ABS:ERP_COMP_Q(1.0.0),11,3,Q,1991-Q2,2.6,,,,
ABS:ERP_COMP_Q(1.0.0),11,3,Q,1991-Q3,3.3,,,,
ABS:ERP_COMP_Q(1.0.0),11,3,Q,1991-Q4,2.5,,,,
ABS:ERP_COMP_Q(1.0.0),11,3,Q,1992-Q1,3.4,,,,
ABS:ERP_COMP_Q(1.0.0),11,3,Q,1992-Q2,2,,,,
ABS:ERP_COMP_Q(1.0.0),11,3,Q,1992-Q3,2.7,,,,
ABS:ERP_COMP_Q(1.0.0),11,3,Q,1992-Q4,1.7,,,,
ABS:ERP_COMP_Q(1.0.0),11,3,Q,1993-Q1,2.8,,,,
ABS:ERP_COMP_Q(1.0.0),11,3,Q,1993-Q2,1.3,,,,
ABS:ERP_COMP_Q(1.0.0),11,3,Q,1993-Q3,2.2,,,,
ABS:ERP_COMP_Q(1.0.0),11,3,Q,1993-Q4,1.4,,,,
ABS:ERP_COMP_Q(1.0.0),11,3,Q,1994-Q1,3.2,,,,
ABS:ERP_COMP_Q(1.0.0),11,3,Q,1994-Q2,1.6,,,,
ABS:ERP_COMP_Q(1.0.0),11,3,Q,1994-Q3,3.5,,,,
ABS:ERP_COMP_Q(1.0.0),11,3,Q,1994-Q4,2,,,,
ABS:ERP_COMP_Q(1.0.0),11,3,Q,1995-Q1,4.2,,,,
ABS:ERP_COMP_Q(1.0.0),11,3,Q,1995-Q2,2.6,,,,
ABS:ERP_COMP_Q(1.0.0),11,3,Q,1995-Q3,4.1,,,,
ABS:ERP_COMP_Q(1.0.0),11,3,Q,1995-Q4,2.4,,,,
ABS:ERP_COMP_Q(1.0.0),11,3,Q,1996-Q1,5,,,,
ABS:ERP_COMP_Q(1.0.0),11,3,Q,1996-Q2,2.3,,,,
ABS:ERP_COMP_Q(1.0.0),11,3,Q,1996-Q3,4.1,,,,
ABS:ERP_COMP_Q(1.0.0),11,3,Q,1996-Q4,2,,,,
ABS:ERP_COMP_Q(1.0.0),11,3,Q,1997-Q1,5.6,,,,
ABS:ERP_COMP_Q(1.0.0),11,3,Q,1997-Q2,2.1,,,,
ABS:ERP_COMP_Q(1.0.0),11,3,Q,1997-Q3,4.1,,,,
ABS:ERP_COMP_Q(1.0.0),11,3,Q,1997-Q4,1.8,,,,
ABS:ERP_COMP_Q(1.0.0),11,3,Q,1998-Q1,4.9,,,,
ABS:ERP_COMP_Q(1.0.0),11,3,Q,1998-Q2,1.6,,,,
ABS:ERP_COMP_Q(1.0.0),11,3,Q,1998-Q3,3.5,,,,
ABS:ERP_COMP_Q(1.0.0),11,3,Q,1998-Q4,2.5,,,,
ABS:ERP_COMP_Q(1.0.0),11,3,Q,1999-Q1,5.5,,,,
ABS:ERP_COMP_Q(1.0.0),11,3,Q,1999-Q2,2.2,,,,
ABS:ERP_COMP_Q(1.0.0),11,3,Q,1999-Q3,3.9,,,,
ABS:ERP_COMP_Q(1.0.0),11,3,Q,1999-Q4,5.5,,,,
ABS:ERP_COMP_Q(1.0.0),11,3,Q,2000-Q1,5.3,,,,
ABS:ERP_COMP_Q(1.0.0),11,3,Q,2000-Q2,2.9,,,,
ABS:ERP_COMP_Q(1.0.0),11,3,Q,2000-Q3,4.4,,,,
ABS:ERP_COMP_Q(1.0.0),11,3,Q,2000-Q4,3.4,,,,
ABS:ERP_COMP_Q(1.0.0),11,3,Q,2001-Q1,8.9,,,,
ABS:ERP_COMP_Q(1.0.0),11,3,Q,2001-Q2,4.3,,,,
ABS:ERP_COMP_Q(1.0.0),11,3,Q,2001-Q3,6.6,,,,
ABS:ERP_COMP_Q(1.0.0),11,3,Q,2001-Q4,4.7,,,,
ABS:ERP_COMP_Q(1.0.0),11,3,Q,2002-Q1,9,,,,
ABS:ERP_COMP_Q(1.0.0),11,3,Q,2002-Q2,4.6,,,,
ABS:ERP_COMP_Q(1.0.0),11,3,Q,2002-Q3,7.2,,,,
ABS:ERP_COMP_Q(1.0.0),11,3,Q,2002-Q4,5.2,,,,
ABS:ERP_COMP_Q(1.0.0),11,3,Q,2003-Q1,10.7,,,,
ABS:ERP_COMP_Q(1.0.0),11,3,Q,2003-Q2,4.7,,,,
ABS:ERP_COMP_Q(1.0.0),11,3,Q,2003-Q3,8,,,,
ABS:ERP_COMP_Q(1.0.0),11,3,Q,2003-Q4,5.4,,,,
ABS:ERP_COMP_Q(1.0.0),11,3,Q,2004-Q1,10,,,,
ABS:ERP_COMP_Q(1.0.0),11,3,Q,2004-Q2,4.1,,,,
ABS:ERP_COMP_Q(1.0.0),11,3,Q,2004-Q3,7.6,,,,
ABS:ERP_COMP_Q(1.0.0),11,3,Q,2004-Q4,5,,,,
ABS:ERP_COMP_Q(1.0.0),11,3,Q,2005-Q1,11,,,,
ABS:ERP_COMP_Q(1.0.0),11,3,Q,2005-Q2,4.8,,,,
ABS:ERP_COMP_Q(1.0.0),11,3,Q,2005-Q3,9,,,,
ABS:ERP_COMP_Q(1.0.0),11,3,Q,2005-Q4,6.2,,,,
ABS:ERP_COMP_Q(1.0.0),11,3,Q,2006-Q1,11.7,,,,
ABS:ERP_COMP_Q(1.0.0),11,3,Q,2006-Q2,5.4,,,,
ABS:ERP_COMP_Q(1.0.0),11,3,Q,2006-Q3,10.8,,,,
ABS:ERP_COMP_Q(1.0.0),11,3,Q,2006-Q4,9.2,,,,
ABS:ERP_COMP_Q(1.0.0),11,3,Q,2007-Q1,14,,,,
ABS:ERP_COMP_Q(1.0.0),11,3,Q,2007-Q2,12.1,,,,
ABS:ERP_COMP_Q(1.0.0),11,3,Q,2007-Q3,10.8,,,,
ABS:ERP_COMP_Q(1.0.0),11,3,Q,2007-Q4,10.8,,,,
ABS:ERP_COMP_Q(1.0.0),11,3,Q,2008-Q1,18,,,,
ABS:ERP_COMP_Q(1.0.0),11,3,Q,2008-Q2,14.4,,,,
ABS:ERP_COMP_Q(1.0.0),11,3,Q,2008-Q3,15.9,,,,
ABS:ERP_COMP_Q(1.0.0),11,3,Q,2008-Q4,14.6,,,,
ABS:ERP_COMP_Q(1.0.0),11,3,Q,2009-Q1,17.6,,,,
ABS:ERP_COMP_Q(1.0.0),11,3,Q,2009-Q2,11.2,,,,
ABS:ERP_COMP_Q(1.0.0),11,3,Q,2009-Q3,11.2,,,,
ABS:ERP_COMP_Q(1.0.0),11,3,Q,2009-Q4,7.3,,,,
ABS:ERP_COMP_Q(1.0.0),11,3,Q,2010-Q1,10.6,,,,
ABS:ERP_COMP_Q(1.0.0),11,3,Q,2010-Q2,6.7,,,,
ABS:ERP_COMP_Q(1.0.0),11,3,Q,2010-Q3,7.5,,,,
ABS:ERP_COMP_Q(1.0.0),11,3,Q,2010-Q4,6.8,,,,
ABS:ERP_COMP_Q(1.0.0),11,3,Q,2011-Q1,11.4,,,,
ABS:ERP_COMP_Q(1.0.0),11,3,Q,2011-Q2,8.9,,,,
ABS:ERP_COMP_Q(1.0.0),11,3,Q,2011-Q3,11.2,,,,
ABS:ERP_COMP_Q(1.0.0),11,3,Q,2011-Q4,9.4,,,,
ABS:ERP_COMP_Q(1.0.0),11,3,Q,2012-Q1,14.2,,,,
ABS:ERP_COMP_Q(1.0.0),11,3,Q,2012-Q2,11.8,,,,
ABS:ERP_COMP_Q(1.0.0),11,3,Q,2012-Q3,12.8,,,,
ABS:ERP_COMP_Q(1.0.0),11,3,Q,2012-Q4,8.5,,,,
ABS:ERP_COMP_Q(1.0.0),11,3,Q,2013-Q1,12.3,,,,
ABS:ERP_COMP_Q(1.0.0),11,3,Q,2013-Q2,8.3,,,,
ABS:ERP_COMP_Q(1.0.0),11,3,Q,2013-Q3,8.3,,,,
ABS:ERP_COMP_Q(1.0.0),11,3,Q,2013-Q4,4.7,,,,
ABS:ERP_COMP_Q(1.0.0),11,3,Q,2014-Q1,9.8,,,,
ABS:ERP_COMP_Q(1.0.0),11,3,Q,2014-Q2,4.5,,,,
ABS:ERP_COMP_Q(1.0.0),11,3,Q,2014-Q3,5.7,,,,
ABS:ERP_COMP_Q(1.0.0),11,3,Q,2014-Q4,3,,,,
ABS:ERP_COMP_Q(1.0.0),11,3,Q,2015-Q1,8,,,,
ABS:ERP_COMP_Q(1.0.0),11,3,Q,2015-Q2,3.7,,,,
ABS:ERP_COMP_Q(1.0.0),11,3,Q,2015-Q3,4.6,,,,
ABS:ERP_COMP_Q(1.0.0),11,3,Q,2015-Q4,3.2,,,,
ABS:ERP_COMP_Q(1.0.0),11,3,Q,2016-Q1,9.9,,,,
ABS:ERP_COMP_Q(1.0.0),11,3,Q,2016-Q2,7.3,,,,
ABS:ERP_COMP_Q(1.0.0),11,3,Q,2016-Q3,9.4,,,,
ABS:ERP_COMP_Q(1.0.0),11,3,Q,2016-Q4,5.9,,,,
ABS:ERP_COMP_Q(1.0.0),11,3,Q,2017-Q1,11.4,,,,
ABS:ERP_COMP_Q(1.0.0),11,3,Q,2017-Q2,7.4,,,,
ABS:ERP_COMP_Q(1.0.0),11,3,Q,2017-Q3,7,,,,
ABS:ERP_COMP_Q(1.0.0),11,3,Q,2017-Q4,1.8,,,,
ABS:ERP_COMP_Q(1.0.0),11,3,Q,2018-Q1,11.3,,,,
ABS:ERP_COMP_Q(1.0.0),11,3,Q,2018-Q2,7.5,,,,
ABS:ERP_COMP_Q(1.0.0),11,3,Q,2018-Q3,9.6,,,,
ABS:ERP_COMP_Q(1.0.0),11,3,Q,2018-Q4,5.3,,,,
ABS:ERP_COMP_Q(1.0.0),11,3,Q,2019-Q1,11.3,,,,
ABS:ERP_COMP_Q(1.0.0),11,3,Q,2019-Q2,5.6,,,,
ABS:ERP_COMP_Q(1.0.0),11,3,Q,2019-Q3,10.4,,,,
ABS:ERP_COMP_Q(1.0.0),11,3,Q,2019-Q4,6.6,,,,
ABS:ERP_COMP_Q(1.0.0),11,3,Q,2020-Q1,12.5,,,,
ABS:ERP_COMP_Q(1.0.0),11,3,Q,2020-Q2,-1.5,,,,
ABS:ERP_COMP_Q(1.0.0),11,3,Q,2020-Q3,-6.8,,,,
ABS:ERP_COMP_Q(1.0.0),11,3,Q,2020-Q4,-5.2,,,,
ABS:ERP_COMP_Q(1.0.0),11,3,Q,2021-Q1,-1.7,,,,
ABS:ERP_COMP_Q(1.0.0),11,3,Q,2021-Q2,0.8,,,,
ABS:ERP_COMP_Q(1.0.0),11,3,Q,2021-Q3,-1.2,,,,
ABS:ERP_COMP_Q(1.0.0),11,3,Q,2021-Q4,1.8,,,,
ABS:ERP_COMP_Q(1.0.0),11,3,Q,2022-Q1,16.1,,,,
ABS:ERP_COMP_Q(1.0.0),11,3,Q,2022-Q2,13.8,,,,
ABS:ERP_COMP_Q(1.0.0),11,3,Q,2022-Q3,19.6,,,,
ABS:ERP_COMP_Q(1.0.0),11,3,Q,2022-Q4,19.1,,,,
ABS:ERP_COMP_Q(1.0.0),11,3,Q,2023-Q1,26.5,,,,
ABS:ERP_COMP_Q(1.0.0),11,3,Q,2023-Q2,21.4,,,,
ABS:ERP_COMP_Q(1.0.0),11,3,Q,2023-Q3,23.1,,,,
ABS:ERP_COMP_Q(1.0.0),11,3,Q,2023-Q4,16.4,,,,
ABS:ERP_COMP_Q(1.0.0),11,3,Q,2024-Q1,21,,,,
ABS:ERP_COMP_Q(1.0.0),11,3,Q,2024-Q2,11.3,,,,
ABS:ERP_COMP_Q(1.0.0),11,3,Q,2024-Q3,13.4,,,,
ABS:ERP_COMP_Q(1.0.0),11,3,Q,2024-Q4,12.2,,,,
ABS:ERP_COMP_Q(1.0.0),11,3,Q,2025-Q1,18.6,,,,
ABS:ERP_COMP_Q(1.0.0),11,3,Q,2025-Q2,11.3,,,,
ABS:ERP_COMP_Q(1.0.0),11,3,Q,2025-Q3,14.6,,,,
ABS:ERP_COMP_Q(1.0.0),11,3,Q,2025-Q4,10.1,,,,
ABS:ERP_COMP_Q(1.0.0),1,7,Q,1981-Q2,0.9,,,,
ABS:ERP_COMP_Q(1.0.0),1,7,Q,1981-Q3,0.7,,,,
ABS:ERP_COMP_Q(1.0.0),1,7,Q,1981-Q4,0.9,,,,
ABS:ERP_COMP_Q(1.0.0),1,7,Q,1982-Q1,0.8,,,,
ABS:ERP_COMP_Q(1.0.0),1,7,Q,1982-Q2,0.7,,,,
ABS:ERP_COMP_Q(1.0.0),1,7,Q,1982-Q3,0.7,,,,
ABS:ERP_COMP_Q(1.0.0),1,7,Q,1982-Q4,0.6,,,,
ABS:ERP_COMP_Q(1.0.0),1,7,Q,1983-Q1,0.8,,,,
ABS:ERP_COMP_Q(1.0.0),1,7,Q,1983-Q2,0.8,,,,
ABS:ERP_COMP_Q(1.0.0),1,7,Q,1983-Q3,0.7,,,,
ABS:ERP_COMP_Q(1.0.0),1,7,Q,1983-Q4,0.8,,,,
ABS:ERP_COMP_Q(1.0.0),1,7,Q,1984-Q1,0.9,,,,
ABS:ERP_COMP_Q(1.0.0),1,7,Q,1984-Q2,0.8,,,,
ABS:ERP_COMP_Q(1.0.0),1,7,Q,1984-Q3,0.7,,,,
ABS:ERP_COMP_Q(1.0.0),1,7,Q,1984-Q4,0.8,,,,
ABS:ERP_COMP_Q(1.0.0),1,7,Q,1985-Q1,0.9,,,,
ABS:ERP_COMP_Q(1.0.0),1,7,Q,1985-Q2,0.7,,,,
ABS:ERP_COMP_Q(1.0.0),1,7,Q,1985-Q3,0.9,,,,
ABS:ERP_COMP_Q(1.0.0),1,7,Q,1985-Q4,0.9,,,,
ABS:ERP_COMP_Q(1.0.0),1,7,Q,1986-Q1,0.9,,,,
ABS:ERP_COMP_Q(1.0.0),1,7,Q,1986-Q2,0.8,,,,
ABS:ERP_COMP_Q(1.0.0),1,7,Q,1986-Q3,0.9,,,,
ABS:ERP_COMP_Q(1.0.0),1,7,Q,1986-Q4,0.7,,,,
ABS:ERP_COMP_Q(1.0.0),1,7,Q,1987-Q1,1,,,,
ABS:ERP_COMP_Q(1.0.0),1,7,Q,1987-Q2,0.8,,,,
ABS:ERP_COMP_Q(1.0.0),1,7,Q,1987-Q3,1,,,,
ABS:ERP_COMP_Q(1.0.0),1,7,Q,1987-Q4,0.8,,,,
ABS:ERP_COMP_Q(1.0.0),1,7,Q,1988-Q1,0.9,,,,
ABS:ERP_COMP_Q(1.0.0),1,7,Q,1988-Q2,0.9,,,,
ABS:ERP_COMP_Q(1.0.0),1,7,Q,1988-Q3,0.8,,,,
ABS:ERP_COMP_Q(1.0.0),1,7,Q,1988-Q4,0.9,,,,
ABS:ERP_COMP_Q(1.0.0),1,7,Q,1989-Q1,0.7,,,,
ABS:ERP_COMP_Q(1.0.0),1,7,Q,1989-Q2,0.9,,,,
ABS:ERP_COMP_Q(1.0.0),1,7,Q,1989-Q3,0.8,,,,
ABS:ERP_COMP_Q(1.0.0),1,7,Q,1989-Q4,0.9,,,,
ABS:ERP_COMP_Q(1.0.0),1,7,Q,1990-Q1,0.8,,,,
ABS:ERP_COMP_Q(1.0.0),1,7,Q,1990-Q2,0.9,,,,
ABS:ERP_COMP_Q(1.0.0),1,7,Q,1990-Q3,1,,,,
ABS:ERP_COMP_Q(1.0.0),1,7,Q,1990-Q4,0.8,,,,
ABS:ERP_COMP_Q(1.0.0),1,7,Q,1991-Q1,0.9,,,,
ABS:ERP_COMP_Q(1.0.0),1,7,Q,1991-Q2,1,,,,
ABS:ERP_COMP_Q(1.0.0),1,7,Q,1991-Q3,0.9,,,,
ABS:ERP_COMP_Q(1.0.0),1,7,Q,1991-Q4,0.9,,,,
ABS:ERP_COMP_Q(1.0.0),1,7,Q,1992-Q1,0.9,,,,
ABS:ERP_COMP_Q(1.0.0),1,7,Q,1992-Q2,1,,,,
ABS:ERP_COMP_Q(1.0.0),1,7,Q,1992-Q3,0.9,,,,
ABS:ERP_COMP_Q(1.0.0),1,7,Q,1992-Q4,0.9,,,,
ABS:ERP_COMP_Q(1.0.0),1,7,Q,1993-Q1,0.9,,,,
ABS:ERP_COMP_Q(1.0.0),1,7,Q,1993-Q2,0.9,,,,
ABS:ERP_COMP_Q(1.0.0),1,7,Q,1993-Q3,0.9,,,,
ABS:ERP_COMP_Q(1.0.0),1,7,Q,1993-Q4,0.9,,,,
ABS:ERP_COMP_Q(1.0.0),1,7,Q,1994-Q1,0.9,,,,
ABS:ERP_COMP_Q(1.0.0),1,7,Q,1994-Q2,0.9,,,,
ABS:ERP_COMP_Q(1.0.0),1,7,Q,1994-Q3,0.9,,,,
ABS:ERP_COMP_Q(1.0.0),1,7,Q,1994-Q4,0.9,,,,
ABS:ERP_COMP_Q(1.0.0),1,7,Q,1995-Q1,1,,,,
ABS:ERP_COMP_Q(1.0.0),1,7,Q,1995-Q2,1,,,,
ABS:ERP_COMP_Q(1.0.0),1,7,Q,1995-Q3,0.9,,,,
ABS:ERP_COMP_Q(1.0.0),1,7,Q,1995-Q4,0.8,,,,
ABS:ERP_COMP_Q(1.0.0),1,7,Q,1996-Q1,0.9,,,,
ABS:ERP_COMP_Q(1.0.0),1,7,Q,1996-Q2,0.9,,,,
ABS:ERP_COMP_Q(1.0.0),1,7,Q,1996-Q3,0.9,,,,
ABS:ERP_COMP_Q(1.0.0),1,7,Q,1996-Q4,0.8,,,,
ABS:ERP_COMP_Q(1.0.0),1,7,Q,1997-Q1,0.9,,,,
ABS:ERP_COMP_Q(1.0.0),1,7,Q,1997-Q2,0.9,,,,
ABS:ERP_COMP_Q(1.0.0),1,7,Q,1997-Q3,0.9,,,,
ABS:ERP_COMP_Q(1.0.0),1,7,Q,1997-Q4,0.9,,,,
ABS:ERP_COMP_Q(1.0.0),1,7,Q,1998-Q1,1,,,,
ABS:ERP_COMP_Q(1.0.0),1,7,Q,1998-Q2,0.9,,,,
ABS:ERP_COMP_Q(1.0.0),1,7,Q,1998-Q3,0.9,,,,
ABS:ERP_COMP_Q(1.0.0),1,7,Q,1998-Q4,0.8,,,,
ABS:ERP_COMP_Q(1.0.0),1,7,Q,1999-Q1,1,,,,
ABS:ERP_COMP_Q(1.0.0),1,7,Q,1999-Q2,1,,,,
ABS:ERP_COMP_Q(1.0.0),1,7,Q,1999-Q3,0.9,,,,
ABS:ERP_COMP_Q(1.0.0),1,7,Q,1999-Q4,0.8,,,,
ABS:ERP_COMP_Q(1.0.0),1,7,Q,2000-Q1,1,,,,
ABS:ERP_COMP_Q(1.0.0),1,7,Q,2000-Q2,1,,,,
ABS:ERP_COMP_Q(1.0.0),1,7,Q,2000-Q3,0.9,,,,
ABS:ERP_COMP_Q(1.0.0),1,7,Q,2000-Q4,0.9,,,,
ABS:ERP_COMP_Q(1.0.0),1,7,Q,2001-Q1,1,,,,
ABS:ERP_COMP_Q(1.0.0),1,7,Q,2001-Q2,1,,,,
ABS:ERP_COMP_Q(1.0.0),1,7,Q,2001-Q3,0.9,,,,
ABS:ERP_COMP_Q(1.0.0),1,7,Q,2001-Q4,0.9,,,,
ABS:ERP_COMP_Q(1.0.0),1,7,Q,2002-Q1,1,,,,
ABS:ERP_COMP_Q(1.0.0),1,7,Q,2002-Q2,1,,,,
ABS:ERP_COMP_Q(1.0.0),1,7,Q,2002-Q3,0.9,,,,
ABS:ERP_COMP_Q(1.0.0),1,7,Q,2002-Q4,0.9,,,,
ABS:ERP_COMP_Q(1.0.0),1,7,Q,2003-Q1,1,,,,
ABS:ERP_COMP_Q(1.0.0),1,7,Q,2003-Q2,1,,,,
ABS:ERP_COMP_Q(1.0.0),1,7,Q,2003-Q3,0.9,,,,
ABS:ERP_COMP_Q(1.0.0),1,7,Q,2003-Q4,0.9,,,,
ABS:ERP_COMP_Q(1.0.0),1,7,Q,2004-Q1,0.9,,,,
ABS:ERP_COMP_Q(1.0.0),1,7,Q,2004-Q2,0.9,,,,
ABS:ERP_COMP_Q(1.0.0),1,7,Q,2004-Q3,0.9,,,,
ABS:ERP_COMP_Q(1.0.0),1,7,Q,2004-Q4,0.8,,,,
ABS:ERP_COMP_Q(1.0.0),1,7,Q,2005-Q1,0.9,,,,
ABS:ERP_COMP_Q(1.0.0),1,7,Q,2005-Q2,1,,,,
ABS:ERP_COMP_Q(1.0.0),1,7,Q,2005-Q3,1,,,,
ABS:ERP_COMP_Q(1.0.0),1,7,Q,2005-Q4,0.9,,,,
ABS:ERP_COMP_Q(1.0.0),1,7,Q,2006-Q1,0.9,,,,
ABS:ERP_COMP_Q(1.0.0),1,7,Q,2006-Q2,1,,,,
ABS:ERP_COMP_Q(1.0.0),1,7,Q,2006-Q3,0.9,,,,
ABS:ERP_COMP_Q(1.0.0),1,7,Q,2006-Q4,0.9,,,,
ABS:ERP_COMP_Q(1.0.0),1,7,Q,2007-Q1,1,,,,
ABS:ERP_COMP_Q(1.0.0),1,7,Q,2007-Q2,1,,,,
ABS:ERP_COMP_Q(1.0.0),1,7,Q,2007-Q3,0.9,,,,
ABS:ERP_COMP_Q(1.0.0),1,7,Q,2007-Q4,1,,,,
ABS:ERP_COMP_Q(1.0.0),1,7,Q,2008-Q1,1,,,,
ABS:ERP_COMP_Q(1.0.0),1,7,Q,2008-Q2,1,,,,
ABS:ERP_COMP_Q(1.0.0),1,7,Q,2008-Q3,1,,,,
ABS:ERP_COMP_Q(1.0.0),1,7,Q,2008-Q4,0.9,,,,
ABS:ERP_COMP_Q(1.0.0),1,7,Q,2009-Q1,1,,,,
ABS:ERP_COMP_Q(1.0.0),1,7,Q,2009-Q2,1.1,,,,
ABS:ERP_COMP_Q(1.0.0),1,7,Q,2009-Q3,0.9,,,,
ABS:ERP_COMP_Q(1.0.0),1,7,Q,2009-Q4,1,,,,
ABS:ERP_COMP_Q(1.0.0),1,7,Q,2010-Q1,1,,,,
ABS:ERP_COMP_Q(1.0.0),1,7,Q,2010-Q2,1,,,,
ABS:ERP_COMP_Q(1.0.0),1,7,Q,2010-Q3,1,,,,
ABS:ERP_COMP_Q(1.0.0),1,7,Q,2010-Q4,0.9,,,,
ABS:ERP_COMP_Q(1.0.0),1,7,Q,2011-Q1,1,,,,
ABS:ERP_COMP_Q(1.0.0),1,7,Q,2011-Q2,1.1,,,,
ABS:ERP_COMP_Q(1.0.0),1,7,Q,2011-Q3,1,,,,
ABS:ERP_COMP_Q(1.0.0),1,7,Q,2011-Q4,0.9,,,,
ABS:ERP_COMP_Q(1.0.0),1,7,Q,2012-Q1,1,,,,
ABS:ERP_COMP_Q(1.0.0),1,7,Q,2012-Q2,1.1,,,,
ABS:ERP_COMP_Q(1.0.0),1,7,Q,2012-Q3,1,,,,
ABS:ERP_COMP_Q(1.0.0),1,7,Q,2012-Q4,0.9,,,,
ABS:ERP_COMP_Q(1.0.0),1,7,Q,2013-Q1,1,,,,
ABS:ERP_COMP_Q(1.0.0),1,7,Q,2013-Q2,1.1,,,,
ABS:ERP_COMP_Q(1.0.0),1,7,Q,2013-Q3,1,,,,
ABS:ERP_COMP_Q(1.0.0),1,7,Q,2013-Q4,1,,,,
ABS:ERP_COMP_Q(1.0.0),1,7,Q,2014-Q1,1,,,,
ABS:ERP_COMP_Q(1.0.0),1,7,Q,2014-Q2,1.1,,,,
ABS:ERP_COMP_Q(1.0.0),1,7,Q,2014-Q3,1,,,,
ABS:ERP_COMP_Q(1.0.0),1,7,Q,2014-Q4,1,,,,
ABS:ERP_COMP_Q(1.0.0),1,7,Q,2015-Q1,1.1,,,,
ABS:ERP_COMP_Q(1.0.0),1,7,Q,2015-Q2,1.1,,,,
ABS:ERP_COMP_Q(1.0.0),1,7,Q,2015-Q3,1,,,,
ABS:ERP_COMP_Q(1.0.0),1,7,Q,2015-Q4,0.9,,,,
ABS:ERP_COMP_Q(1.0.0),1,7,Q,2016-Q1,1,,,,
ABS:ERP_COMP_Q(1.0.0),1,7,Q,2016-Q2,1,,,,
ABS:ERP_COMP_Q(1.0.0),1,7,Q,2016-Q3,1,,,,
ABS:ERP_COMP_Q(1.0.0),1,7,Q,2016-Q4,1,,,,
ABS:ERP_COMP_Q(1.0.0),1,7,Q,2017-Q1,1,,,,
ABS:ERP_COMP_Q(1.0.0),1,7,Q,2017-Q2,1,,,,
ABS:ERP_COMP_Q(1.0.0),1,7,Q,2017-Q3,0.9,,,,
ABS:ERP_COMP_Q(1.0.0),1,7,Q,2017-Q4,0.9,,,,
ABS:ERP_COMP_Q(1.0.0),1,7,Q,2018-Q1,1,,,,
ABS:ERP_COMP_Q(1.0.0),1,7,Q,2018-Q2,1,,,,
ABS:ERP_COMP_Q(1.0.0),1,7,Q,2018-Q3,0.9,,,,
ABS:ERP_COMP_Q(1.0.0),1,7,Q,2018-Q4,0.9,,,,
ABS:ERP_COMP_Q(1.0.0),1,7,Q,2019-Q1,1,,,,
ABS:ERP_COMP_Q(1.0.0),1,7,Q,2019-Q2,0.9,,,,
ABS:ERP_COMP_Q(1.0.0),1,7,Q,2019-Q3,0.9,,,,
ABS:ERP_COMP_Q(1.0.0),1,7,Q,2019-Q4,0.8,,,,
ABS:ERP_COMP_Q(1.0.0),1,7,Q,2020-Q1,0.9,,,,
ABS:ERP_COMP_Q(1.0.0),1,7,Q,2020-Q2,1,,,,
ABS:ERP_COMP_Q(1.0.0),1,7,Q,2020-Q3,0.9,,,,
ABS:ERP_COMP_Q(1.0.0),1,7,Q,2020-Q4,0.9,,,,
ABS:ERP_COMP_Q(1.0.0),1,7,Q,2021-Q1,1,,,,
ABS:ERP_COMP_Q(1.0.0),1,7,Q,2021-Q2,1,,,,
ABS:ERP_COMP_Q(1.0.0),1,7,Q,2021-Q3,0.9,,,,
ABS:ERP_COMP_Q(1.0.0),1,7,Q,2021-Q4,0.9,,,,
ABS:ERP_COMP_Q(1.0.0),1,7,Q,2022-Q1,1,,,,
ABS:ERP_COMP_Q(1.0.0),1,7,Q,2022-Q2,0.9,,,,
ABS:ERP_COMP_Q(1.0.0),1,7,Q,2022-Q3,0.9,,,,
ABS:ERP_COMP_Q(1.0.0),1,7,Q,2022-Q4,0.9,,,,
ABS:ERP_COMP_Q(1.0.0),1,7,Q,2023-Q1,0.8,,,,
ABS:ERP_COMP_Q(1.0.0),1,7,Q,2023-Q2,0.9,,,,
ABS:ERP_COMP_Q(1.0.0),1,7,Q,2023-Q3,0.8,,,,
ABS:ERP_COMP_Q(1.0.0),1,7,Q,2023-Q4,0.8,,,,
ABS:ERP_COMP_Q(1.0.0),1,7,Q,2024-Q1,0.9,,,,
ABS:ERP_COMP_Q(1.0.0),1,7,Q,2024-Q2,0.9,,,,
ABS:ERP_COMP_Q(1.0.0),1,7,Q,2024-Q3,0.9,,,,
ABS:ERP_COMP_Q(1.0.0),1,7,Q,2024-Q4,0.8,,,,
ABS:ERP_COMP_Q(1.0.0),1,7,Q,2025-Q1,0.9,,,,
ABS:ERP_COMP_Q(1.0.0),1,7,Q,2025-Q2,0.9,,,,
ABS:ERP_COMP_Q(1.0.0),1,7,Q,2025-Q3,0.8,,,,
ABS:ERP_COMP_Q(1.0.0),1,7,Q,2025-Q4,0.7,,,,
ABS:ERP_COMP_Q(1.0.0),12,7,Q,1981-Q2,-0.1,,,,
ABS:ERP_COMP_Q(1.0.0),12,7,Q,1981-Q3,0,,,,
ABS:ERP_COMP_Q(1.0.0),12,7,Q,1981-Q4,0,,,,
ABS:ERP_COMP_Q(1.0.0),12,7,Q,1982-Q1,0,,,,
ABS:ERP_COMP_Q(1.0.0),12,7,Q,1982-Q2,0,,,,
ABS:ERP_COMP_Q(1.0.0),12,7,Q,1982-Q3,0,,,,
ABS:ERP_COMP_Q(1.0.0),12,7,Q,1982-Q4,0,,,,
ABS:ERP_COMP_Q(1.0.0),12,7,Q,1983-Q1,0,,,,
ABS:ERP_COMP_Q(1.0.0),12,7,Q,1983-Q2,0,,,,
ABS:ERP_COMP_Q(1.0.0),12,7,Q,1983-Q3,0.1,,,,
ABS:ERP_COMP_Q(1.0.0),12,7,Q,1983-Q4,0,,,,
ABS:ERP_COMP_Q(1.0.0),12,7,Q,1984-Q1,0,,,,
ABS:ERP_COMP_Q(1.0.0),12,7,Q,1984-Q2,0.1,,,,
ABS:ERP_COMP_Q(1.0.0),12,7,Q,1984-Q3,0,,,,
ABS:ERP_COMP_Q(1.0.0),12,7,Q,1984-Q4,0,,,,
ABS:ERP_COMP_Q(1.0.0),12,7,Q,1985-Q1,0,,,,
ABS:ERP_COMP_Q(1.0.0),12,7,Q,1985-Q2,0,,,,
ABS:ERP_COMP_Q(1.0.0),12,7,Q,1985-Q3,0.1,,,,
ABS:ERP_COMP_Q(1.0.0),12,7,Q,1985-Q4,0,,,,
ABS:ERP_COMP_Q(1.0.0),12,7,Q,1986-Q1,0,,,,
ABS:ERP_COMP_Q(1.0.0),12,7,Q,1986-Q2,0,,,,
ABS:ERP_COMP_Q(1.0.0),12,7,Q,1986-Q3,0,,,,
ABS:ERP_COMP_Q(1.0.0),12,7,Q,1986-Q4,0,,,,
ABS:ERP_COMP_Q(1.0.0),12,7,Q,1987-Q1,0.1,,,,
ABS:ERP_COMP_Q(1.0.0),12,7,Q,1987-Q2,0,,,,
ABS:ERP_COMP_Q(1.0.0),12,7,Q,1987-Q3,0.1,,,,
ABS:ERP_COMP_Q(1.0.0),12,7,Q,1987-Q4,0,,,,
ABS:ERP_COMP_Q(1.0.0),12,7,Q,1988-Q1,0,,,,
ABS:ERP_COMP_Q(1.0.0),12,7,Q,1988-Q2,0,,,,
ABS:ERP_COMP_Q(1.0.0),12,7,Q,1988-Q3,0.1,,,,
ABS:ERP_COMP_Q(1.0.0),12,7,Q,1988-Q4,0,,,,
ABS:ERP_COMP_Q(1.0.0),12,7,Q,1989-Q1,0.1,,,,
ABS:ERP_COMP_Q(1.0.0),12,7,Q,1989-Q2,-0.1,,,,
ABS:ERP_COMP_Q(1.0.0),12,7,Q,1989-Q3,0,,,,
ABS:ERP_COMP_Q(1.0.0),12,7,Q,1989-Q4,0,,,,
ABS:ERP_COMP_Q(1.0.0),12,7,Q,1990-Q1,0.1,,,,
ABS:ERP_COMP_Q(1.0.0),12,7,Q,1990-Q2,0,,,,
ABS:ERP_COMP_Q(1.0.0),12,7,Q,1990-Q3,0,,,,
ABS:ERP_COMP_Q(1.0.0),12,7,Q,1990-Q4,-0.1,,,,
ABS:ERP_COMP_Q(1.0.0),12,7,Q,1991-Q1,0,,,,
ABS:ERP_COMP_Q(1.0.0),12,7,Q,1991-Q2,0,,,,
ABS:ERP_COMP_Q(1.0.0),12,7,Q,1991-Q3,0,,,,
ABS:ERP_COMP_Q(1.0.0),12,7,Q,1991-Q4,-0.1,,,,
ABS:ERP_COMP_Q(1.0.0),12,7,Q,1992-Q1,0,,,,
ABS:ERP_COMP_Q(1.0.0),12,7,Q,1992-Q2,0,,,,
ABS:ERP_COMP_Q(1.0.0),12,7,Q,1992-Q3,0,,,,
ABS:ERP_COMP_Q(1.0.0),12,7,Q,1992-Q4,-0.1,,,,
ABS:ERP_COMP_Q(1.0.0),12,7,Q,1993-Q1,0,,,,
ABS:ERP_COMP_Q(1.0.0),12,7,Q,1993-Q2,-0.1,,,,
ABS:ERP_COMP_Q(1.0.0),12,7,Q,1993-Q3,0,,,,
ABS:ERP_COMP_Q(1.0.0),12,7,Q,1993-Q4,0,,,,
ABS:ERP_COMP_Q(1.0.0),12,7,Q,1994-Q1,0,,,,
ABS:ERP_COMP_Q(1.0.0),12,7,Q,1994-Q2,-0.1,,,,
ABS:ERP_COMP_Q(1.0.0),12,7,Q,1994-Q3,0,,,,
ABS:ERP_COMP_Q(1.0.0),12,7,Q,1994-Q4,-0.1,,,,
ABS:ERP_COMP_Q(1.0.0),12,7,Q,1995-Q1,-0.1,,,,
ABS:ERP_COMP_Q(1.0.0),12,7,Q,1995-Q2,0.1,,,,
ABS:ERP_COMP_Q(1.0.0),12,7,Q,1995-Q3,0,,,,
ABS:ERP_COMP_Q(1.0.0),12,7,Q,1995-Q4,0,,,,
ABS:ERP_COMP_Q(1.0.0),12,7,Q,1996-Q1,-0.1,,,,
ABS:ERP_COMP_Q(1.0.0),12,7,Q,1996-Q2,0,,,,
ABS:ERP_COMP_Q(1.0.0),12,7,Q,1996-Q3,0,,,,
ABS:ERP_COMP_Q(1.0.0),12,7,Q,1996-Q4,0,,,,
ABS:ERP_COMP_Q(1.0.0),12,7,Q,1997-Q1,0,,,,
ABS:ERP_COMP_Q(1.0.0),12,7,Q,1997-Q2,0,,,,
ABS:ERP_COMP_Q(1.0.0),12,7,Q,1997-Q3,0,,,,
ABS:ERP_COMP_Q(1.0.0),12,7,Q,1997-Q4,0,,,,
ABS:ERP_COMP_Q(1.0.0),12,7,Q,1998-Q1,0,,,,
ABS:ERP_COMP_Q(1.0.0),12,7,Q,1998-Q2,0,,,,
ABS:ERP_COMP_Q(1.0.0),12,7,Q,1998-Q3,0,,,,
ABS:ERP_COMP_Q(1.0.0),12,7,Q,1998-Q4,0,,,,
ABS:ERP_COMP_Q(1.0.0),12,7,Q,1999-Q1,0,,,,
ABS:ERP_COMP_Q(1.0.0),12,7,Q,1999-Q2,0,,,,
ABS:ERP_COMP_Q(1.0.0),12,7,Q,1999-Q3,0,,,,
ABS:ERP_COMP_Q(1.0.0),12,7,Q,1999-Q4,0,,,,
ABS:ERP_COMP_Q(1.0.0),12,7,Q,2000-Q1,0,,,,
ABS:ERP_COMP_Q(1.0.0),12,7,Q,2000-Q2,0,,,,
ABS:ERP_COMP_Q(1.0.0),12,7,Q,2000-Q3,0,,,,
ABS:ERP_COMP_Q(1.0.0),12,7,Q,2000-Q4,0,,,,
ABS:ERP_COMP_Q(1.0.0),12,7,Q,2001-Q1,0,,,,
ABS:ERP_COMP_Q(1.0.0),12,7,Q,2001-Q2,0,,,,
ABS:ERP_COMP_Q(1.0.0),12,7,Q,2001-Q3,0.1,,,,
ABS:ERP_COMP_Q(1.0.0),12,7,Q,2001-Q4,0.2,,,,
ABS:ERP_COMP_Q(1.0.0),12,7,Q,2002-Q1,0.2,,,,
ABS:ERP_COMP_Q(1.0.0),12,7,Q,2002-Q2,0,,,,
ABS:ERP_COMP_Q(1.0.0),12,7,Q,2002-Q3,0.1,,,,
ABS:ERP_COMP_Q(1.0.0),12,7,Q,2002-Q4,-0.2,,,,
ABS:ERP_COMP_Q(1.0.0),12,7,Q,2003-Q1,-0.3,,,,
ABS:ERP_COMP_Q(1.0.0),12,7,Q,2003-Q2,0.2,,,,
ABS:ERP_COMP_Q(1.0.0),12,7,Q,2003-Q3,-0.1,,,,
ABS:ERP_COMP_Q(1.0.0),12,7,Q,2003-Q4,-0.1,,,,
ABS:ERP_COMP_Q(1.0.0),12,7,Q,2004-Q1,-0.1,,,,
ABS:ERP_COMP_Q(1.0.0),12,7,Q,2004-Q2,0,,,,
ABS:ERP_COMP_Q(1.0.0),12,7,Q,2004-Q3,0.2,,,,
ABS:ERP_COMP_Q(1.0.0),12,7,Q,2004-Q4,0,,,,
ABS:ERP_COMP_Q(1.0.0),12,7,Q,2005-Q1,0.1,,,,
ABS:ERP_COMP_Q(1.0.0),12,7,Q,2005-Q2,0,,,,
ABS:ERP_COMP_Q(1.0.0),12,7,Q,2005-Q3,0.1,,,,
ABS:ERP_COMP_Q(1.0.0),12,7,Q,2005-Q4,0.1,,,,
ABS:ERP_COMP_Q(1.0.0),12,7,Q,2006-Q1,0.3,,,,
ABS:ERP_COMP_Q(1.0.0),12,7,Q,2006-Q2,0.1,,,,
ABS:ERP_COMP_Q(1.0.0),12,7,Q,2006-Q3,0,,,,
ABS:ERP_COMP_Q(1.0.0),12,7,Q,2006-Q4,0,,,,
ABS:ERP_COMP_Q(1.0.0),12,7,Q,2007-Q1,0,,,,
ABS:ERP_COMP_Q(1.0.0),12,7,Q,2007-Q2,0,,,,
ABS:ERP_COMP_Q(1.0.0),12,7,Q,2007-Q3,0,,,,
ABS:ERP_COMP_Q(1.0.0),12,7,Q,2007-Q4,0,,,,
ABS:ERP_COMP_Q(1.0.0),12,7,Q,2008-Q1,0,,,,
ABS:ERP_COMP_Q(1.0.0),12,7,Q,2008-Q2,0,,,,
ABS:ERP_COMP_Q(1.0.0),12,7,Q,2008-Q3,0,,,,
ABS:ERP_COMP_Q(1.0.0),12,7,Q,2008-Q4,0,,,,
ABS:ERP_COMP_Q(1.0.0),12,7,Q,2009-Q1,0,,,,
ABS:ERP_COMP_Q(1.0.0),12,7,Q,2009-Q2,0,,,,
ABS:ERP_COMP_Q(1.0.0),12,7,Q,2009-Q3,0,,,,
ABS:ERP_COMP_Q(1.0.0),12,7,Q,2009-Q4,0,,,,
ABS:ERP_COMP_Q(1.0.0),12,7,Q,2010-Q1,0,,,,
ABS:ERP_COMP_Q(1.0.0),12,7,Q,2010-Q2,0,,,,
ABS:ERP_COMP_Q(1.0.0),12,7,Q,2010-Q3,0,,,,
ABS:ERP_COMP_Q(1.0.0),12,7,Q,2010-Q4,0,,,,
ABS:ERP_COMP_Q(1.0.0),12,7,Q,2011-Q1,0,,,,
ABS:ERP_COMP_Q(1.0.0),12,7,Q,2011-Q2,0,,,,
ABS:ERP_COMP_Q(1.0.0),12,7,Q,2011-Q3,0,,,,
ABS:ERP_COMP_Q(1.0.0),12,7,Q,2011-Q4,0,,,,
ABS:ERP_COMP_Q(1.0.0),12,7,Q,2012-Q1,0,,,,
ABS:ERP_COMP_Q(1.0.0),12,7,Q,2012-Q2,0,,,,
ABS:ERP_COMP_Q(1.0.0),12,7,Q,2012-Q3,0,,,,
ABS:ERP_COMP_Q(1.0.0),12,7,Q,2012-Q4,0,,,,
ABS:ERP_COMP_Q(1.0.0),12,7,Q,2013-Q1,0,,,,
ABS:ERP_COMP_Q(1.0.0),12,7,Q,2013-Q2,0,,,,
ABS:ERP_COMP_Q(1.0.0),12,7,Q,2013-Q3,0,,,,
ABS:ERP_COMP_Q(1.0.0),12,7,Q,2013-Q4,0,,,,
ABS:ERP_COMP_Q(1.0.0),12,7,Q,2014-Q1,0,,,,
ABS:ERP_COMP_Q(1.0.0),12,7,Q,2014-Q2,0,,,,
ABS:ERP_COMP_Q(1.0.0),12,7,Q,2014-Q3,0,,,,
ABS:ERP_COMP_Q(1.0.0),12,7,Q,2014-Q4,0,,,,
ABS:ERP_COMP_Q(1.0.0),12,7,Q,2015-Q1,0,,,,
ABS:ERP_COMP_Q(1.0.0),12,7,Q,2015-Q2,0,,,,
ABS:ERP_COMP_Q(1.0.0),12,7,Q,2015-Q3,0,,,,
ABS:ERP_COMP_Q(1.0.0),12,7,Q,2015-Q4,0,,,,
ABS:ERP_COMP_Q(1.0.0),12,7,Q,2016-Q1,0,,,,
ABS:ERP_COMP_Q(1.0.0),12,7,Q,2016-Q2,0,,,,
ABS:ERP_COMP_Q(1.0.0),12,7,Q,2016-Q3,0,,,,
ABS:ERP_COMP_Q(1.0.0),12,7,Q,2016-Q4,0,,,,
ABS:ERP_COMP_Q(1.0.0),12,7,Q,2017-Q1,0,,,,
ABS:ERP_COMP_Q(1.0.0),12,7,Q,2017-Q2,0,,,,
ABS:ERP_COMP_Q(1.0.0),12,7,Q,2017-Q3,0,,,,
ABS:ERP_COMP_Q(1.0.0),12,7,Q,2017-Q4,0,,,,
ABS:ERP_COMP_Q(1.0.0),12,7,Q,2018-Q1,0,,,,
ABS:ERP_COMP_Q(1.0.0),12,7,Q,2018-Q2,0,,,,
ABS:ERP_COMP_Q(1.0.0),12,7,Q,2018-Q3,0,,,,
ABS:ERP_COMP_Q(1.0.0),12,7,Q,2018-Q4,0,,,,
ABS:ERP_COMP_Q(1.0.0),12,7,Q,2019-Q1,0,,,,
ABS:ERP_COMP_Q(1.0.0),12,7,Q,2019-Q2,0,,,,
ABS:ERP_COMP_Q(1.0.0),12,7,Q,2019-Q3,0,,,,
ABS:ERP_COMP_Q(1.0.0),12,7,Q,2019-Q4,0,,,,
ABS:ERP_COMP_Q(1.0.0),12,7,Q,2020-Q1,0,,,,
ABS:ERP_COMP_Q(1.0.0),12,7,Q,2020-Q2,0,,,,
ABS:ERP_COMP_Q(1.0.0),12,7,Q,2020-Q3,0,,,,
ABS:ERP_COMP_Q(1.0.0),12,7,Q,2020-Q4,0,,,,
ABS:ERP_COMP_Q(1.0.0),12,7,Q,2021-Q1,0,,,,
ABS:ERP_COMP_Q(1.0.0),12,7,Q,2021-Q2,0,,,,
ABS:ERP_COMP_Q(1.0.0),12,7,Q,2021-Q3,0,,,,
ABS:ERP_COMP_Q(1.0.0),12,7,Q,2021-Q4,0,,,,
ABS:ERP_COMP_Q(1.0.0),12,7,Q,2022-Q1,0,,,,
ABS:ERP_COMP_Q(1.0.0),12,7,Q,2022-Q2,0,,,,
ABS:ERP_COMP_Q(1.0.0),12,7,Q,2022-Q3,0,,,,
ABS:ERP_COMP_Q(1.0.0),12,7,Q,2022-Q4,0,,,,
ABS:ERP_COMP_Q(1.0.0),12,7,Q,2023-Q1,0,,,,
ABS:ERP_COMP_Q(1.0.0),12,7,Q,2023-Q2,0,,,,
ABS:ERP_COMP_Q(1.0.0),12,7,Q,2023-Q3,0,,,,
ABS:ERP_COMP_Q(1.0.0),12,7,Q,2023-Q4,0,,,,
ABS:ERP_COMP_Q(1.0.0),12,7,Q,2024-Q1,0,,,,
ABS:ERP_COMP_Q(1.0.0),12,7,Q,2024-Q2,0,,,,
ABS:ERP_COMP_Q(1.0.0),12,7,Q,2024-Q3,0,,,,
ABS:ERP_COMP_Q(1.0.0),12,7,Q,2024-Q4,0,,,,
ABS:ERP_COMP_Q(1.0.0),12,7,Q,2025-Q1,0,,,,
ABS:ERP_COMP_Q(1.0.0),12,7,Q,2025-Q2,0,,,,
ABS:ERP_COMP_Q(1.0.0),12,7,Q,2025-Q3,0,,,,
ABS:ERP_COMP_Q(1.0.0),12,7,Q,2025-Q4,0,,,,
ABS:ERP_COMP_Q(1.0.0),4,4,Q,1981-Q2,6.7,,,,
ABS:ERP_COMP_Q(1.0.0),4,4,Q,1981-Q3,6.1,,,,
ABS:ERP_COMP_Q(1.0.0),4,4,Q,1981-Q4,5.3,,,,
ABS:ERP_COMP_Q(1.0.0),4,4,Q,1982-Q1,5.8,,,,
ABS:ERP_COMP_Q(1.0.0),4,4,Q,1982-Q2,6.3,,,,
ABS:ERP_COMP_Q(1.0.0),4,4,Q,1982-Q3,5.4,,,,
ABS:ERP_COMP_Q(1.0.0),4,4,Q,1982-Q4,4.9,,,,
ABS:ERP_COMP_Q(1.0.0),4,4,Q,1983-Q1,5.5,,,,
ABS:ERP_COMP_Q(1.0.0),4,4,Q,1983-Q2,5.9,,,,
ABS:ERP_COMP_Q(1.0.0),4,4,Q,1983-Q3,5.5,,,,
ABS:ERP_COMP_Q(1.0.0),4,4,Q,1983-Q4,4.6,,,,
ABS:ERP_COMP_Q(1.0.0),4,4,Q,1984-Q1,5.4,,,,
ABS:ERP_COMP_Q(1.0.0),4,4,Q,1984-Q2,5.8,,,,
ABS:ERP_COMP_Q(1.0.0),4,4,Q,1984-Q3,5.1,,,,
ABS:ERP_COMP_Q(1.0.0),4,4,Q,1984-Q4,4.7,,,,
ABS:ERP_COMP_Q(1.0.0),4,4,Q,1985-Q1,6,,,,
ABS:ERP_COMP_Q(1.0.0),4,4,Q,1985-Q2,5.6,,,,
ABS:ERP_COMP_Q(1.0.0),4,4,Q,1985-Q3,5.6,,,,
ABS:ERP_COMP_Q(1.0.0),4,4,Q,1985-Q4,5.5,,,,
ABS:ERP_COMP_Q(1.0.0),4,4,Q,1986-Q1,6.3,,,,
ABS:ERP_COMP_Q(1.0.0),4,4,Q,1986-Q2,6.3,,,,
ABS:ERP_COMP_Q(1.0.0),4,4,Q,1986-Q3,5.2,,,,
ABS:ERP_COMP_Q(1.0.0),4,4,Q,1986-Q4,4.5,,,,
ABS:ERP_COMP_Q(1.0.0),4,4,Q,1987-Q1,6.8,,,,
ABS:ERP_COMP_Q(1.0.0),4,4,Q,1987-Q2,5.5,,,,
ABS:ERP_COMP_Q(1.0.0),4,4,Q,1987-Q3,6.2,,,,
ABS:ERP_COMP_Q(1.0.0),4,4,Q,1987-Q4,5.9,,,,
ABS:ERP_COMP_Q(1.0.0),4,4,Q,1988-Q1,8.3,,,,
ABS:ERP_COMP_Q(1.0.0),4,4,Q,1988-Q2,6.6,,,,
ABS:ERP_COMP_Q(1.0.0),4,4,Q,1988-Q3,6.7,,,,
ABS:ERP_COMP_Q(1.0.0),4,4,Q,1988-Q4,6.3,,,,
ABS:ERP_COMP_Q(1.0.0),4,4,Q,1989-Q1,8.9,,,,
ABS:ERP_COMP_Q(1.0.0),4,4,Q,1989-Q2,7.3,,,,
ABS:ERP_COMP_Q(1.0.0),4,4,Q,1989-Q3,6.4,,,,
ABS:ERP_COMP_Q(1.0.0),4,4,Q,1989-Q4,5.8,,,,
ABS:ERP_COMP_Q(1.0.0),4,4,Q,1990-Q1,8.6,,,,
ABS:ERP_COMP_Q(1.0.0),4,4,Q,1990-Q2,6.5,,,,
ABS:ERP_COMP_Q(1.0.0),4,4,Q,1990-Q3,6.9,,,,
ABS:ERP_COMP_Q(1.0.0),4,4,Q,1990-Q4,6.1,,,,
ABS:ERP_COMP_Q(1.0.0),4,4,Q,1991-Q1,8.5,,,,
ABS:ERP_COMP_Q(1.0.0),4,4,Q,1991-Q2,6.4,,,,
ABS:ERP_COMP_Q(1.0.0),4,4,Q,1991-Q3,6.3,,,,
ABS:ERP_COMP_Q(1.0.0),4,4,Q,1991-Q4,5.5,,,,
ABS:ERP_COMP_Q(1.0.0),4,4,Q,1992-Q1,8.5,,,,
ABS:ERP_COMP_Q(1.0.0),4,4,Q,1992-Q2,6.5,,,,
ABS:ERP_COMP_Q(1.0.0),4,4,Q,1992-Q3,6.7,,,,
ABS:ERP_COMP_Q(1.0.0),4,4,Q,1992-Q4,6.2,,,,
ABS:ERP_COMP_Q(1.0.0),4,4,Q,1993-Q1,7.5,,,,
ABS:ERP_COMP_Q(1.0.0),4,4,Q,1993-Q2,5.7,,,,
ABS:ERP_COMP_Q(1.0.0),4,4,Q,1993-Q3,5.9,,,,
ABS:ERP_COMP_Q(1.0.0),4,4,Q,1993-Q4,5.3,,,,
ABS:ERP_COMP_Q(1.0.0),4,4,Q,1994-Q1,7.3,,,,
ABS:ERP_COMP_Q(1.0.0),4,4,Q,1994-Q2,6.3,,,,
ABS:ERP_COMP_Q(1.0.0),4,4,Q,1994-Q3,5.6,,,,
ABS:ERP_COMP_Q(1.0.0),4,4,Q,1994-Q4,5,,,,
ABS:ERP_COMP_Q(1.0.0),4,4,Q,1995-Q1,7.1,,,,
ABS:ERP_COMP_Q(1.0.0),4,4,Q,1995-Q2,6.7,,,,
ABS:ERP_COMP_Q(1.0.0),4,4,Q,1995-Q3,5.4,,,,
ABS:ERP_COMP_Q(1.0.0),4,4,Q,1995-Q4,5.8,,,,
ABS:ERP_COMP_Q(1.0.0),4,4,Q,1996-Q1,8,,,,
ABS:ERP_COMP_Q(1.0.0),4,4,Q,1996-Q2,6.6,,,,
ABS:ERP_COMP_Q(1.0.0),4,4,Q,1996-Q3,6.4,,,,
ABS:ERP_COMP_Q(1.0.0),4,4,Q,1996-Q4,8.3,,,,
ABS:ERP_COMP_Q(1.0.0),4,4,Q,1997-Q1,7.4,,,,
ABS:ERP_COMP_Q(1.0.0),4,4,Q,1997-Q2,7.3,,,,
ABS:ERP_COMP_Q(1.0.0),4,4,Q,1997-Q3,6.5,,,,
ABS:ERP_COMP_Q(1.0.0),4,4,Q,1997-Q4,8,,,,
ABS:ERP_COMP_Q(1.0.0),4,4,Q,1998-Q1,7.1,,,,
ABS:ERP_COMP_Q(1.0.0),4,4,Q,1998-Q2,7,,,,
ABS:ERP_COMP_Q(1.0.0),4,4,Q,1998-Q3,6.5,,,,
ABS:ERP_COMP_Q(1.0.0),4,4,Q,1998-Q4,8,,,,
ABS:ERP_COMP_Q(1.0.0),4,4,Q,1999-Q1,6.9,,,,
ABS:ERP_COMP_Q(1.0.0),4,4,Q,1999-Q2,7.1,,,,
ABS:ERP_COMP_Q(1.0.0),4,4,Q,1999-Q3,6.3,,,,
ABS:ERP_COMP_Q(1.0.0),4,4,Q,1999-Q4,7.8,,,,
ABS:ERP_COMP_Q(1.0.0),4,4,Q,2000-Q1,6.6,,,,
ABS:ERP_COMP_Q(1.0.0),4,4,Q,2000-Q2,6.9,,,,
ABS:ERP_COMP_Q(1.0.0),4,4,Q,2000-Q3,6.5,,,,
ABS:ERP_COMP_Q(1.0.0),4,4,Q,2000-Q4,8.2,,,,
ABS:ERP_COMP_Q(1.0.0),4,4,Q,2001-Q1,7,,,,
ABS:ERP_COMP_Q(1.0.0),4,4,Q,2001-Q2,7.3,,,,
ABS:ERP_COMP_Q(1.0.0),4,4,Q,2001-Q3,6.5,,,,
ABS:ERP_COMP_Q(1.0.0),4,4,Q,2001-Q4,8,,,,
ABS:ERP_COMP_Q(1.0.0),4,4,Q,2002-Q1,7.2,,,,
ABS:ERP_COMP_Q(1.0.0),4,4,Q,2002-Q2,7.4,,,,
ABS:ERP_COMP_Q(1.0.0),4,4,Q,2002-Q3,7.2,,,,
ABS:ERP_COMP_Q(1.0.0),4,4,Q,2002-Q4,8.4,,,,
ABS:ERP_COMP_Q(1.0.0),4,4,Q,2003-Q1,7,,,,
ABS:ERP_COMP_Q(1.0.0),4,4,Q,2003-Q2,7.3,,,,
ABS:ERP_COMP_Q(1.0.0),4,4,Q,2003-Q3,6.4,,,,
ABS:ERP_COMP_Q(1.0.0),4,4,Q,2003-Q4,7.9,,,,
ABS:ERP_COMP_Q(1.0.0),4,4,Q,2004-Q1,6.6,,,,
ABS:ERP_COMP_Q(1.0.0),4,4,Q,2004-Q2,6.3,,,,
ABS:ERP_COMP_Q(1.0.0),4,4,Q,2004-Q3,5.6,,,,
ABS:ERP_COMP_Q(1.0.0),4,4,Q,2004-Q4,7,,,,
ABS:ERP_COMP_Q(1.0.0),4,4,Q,2005-Q1,6.2,,,,
ABS:ERP_COMP_Q(1.0.0),4,4,Q,2005-Q2,6.1,,,,
ABS:ERP_COMP_Q(1.0.0),4,4,Q,2005-Q3,5.1,,,,
ABS:ERP_COMP_Q(1.0.0),4,4,Q,2005-Q4,6.4,,,,
ABS:ERP_COMP_Q(1.0.0),4,4,Q,2006-Q1,5.9,,,,
ABS:ERP_COMP_Q(1.0.0),4,4,Q,2006-Q2,5.5,,,,
ABS:ERP_COMP_Q(1.0.0),4,4,Q,2006-Q3,5.2,,,,
ABS:ERP_COMP_Q(1.0.0),4,4,Q,2006-Q4,6.5,,,,
ABS:ERP_COMP_Q(1.0.0),4,4,Q,2007-Q1,5.9,,,,
ABS:ERP_COMP_Q(1.0.0),4,4,Q,2007-Q2,6.1,,,,
ABS:ERP_COMP_Q(1.0.0),4,4,Q,2007-Q3,5.1,,,,
ABS:ERP_COMP_Q(1.0.0),4,4,Q,2007-Q4,6.2,,,,
ABS:ERP_COMP_Q(1.0.0),4,4,Q,2008-Q1,5.7,,,,
ABS:ERP_COMP_Q(1.0.0),4,4,Q,2008-Q2,5.5,,,,
ABS:ERP_COMP_Q(1.0.0),4,4,Q,2008-Q3,5,,,,
ABS:ERP_COMP_Q(1.0.0),4,4,Q,2008-Q4,5.9,,,,
ABS:ERP_COMP_Q(1.0.0),4,4,Q,2009-Q1,5.4,,,,
ABS:ERP_COMP_Q(1.0.0),4,4,Q,2009-Q2,5.4,,,,
ABS:ERP_COMP_Q(1.0.0),4,4,Q,2009-Q3,4.8,,,,
ABS:ERP_COMP_Q(1.0.0),4,4,Q,2009-Q4,5.8,,,,
ABS:ERP_COMP_Q(1.0.0),4,4,Q,2010-Q1,5,,,,
ABS:ERP_COMP_Q(1.0.0),4,4,Q,2010-Q2,5.1,,,,
ABS:ERP_COMP_Q(1.0.0),4,4,Q,2010-Q3,4.7,,,,
ABS:ERP_COMP_Q(1.0.0),4,4,Q,2010-Q4,6.1,,,,
ABS:ERP_COMP_Q(1.0.0),4,4,Q,2011-Q1,5.8,,,,
ABS:ERP_COMP_Q(1.0.0),4,4,Q,2011-Q2,5.4,,,,
ABS:ERP_COMP_Q(1.0.0),4,4,Q,2011-Q3,5.2,,,,
ABS:ERP_COMP_Q(1.0.0),4,4,Q,2011-Q4,6.5,,,,
ABS:ERP_COMP_Q(1.0.0),4,4,Q,2012-Q1,5.6,,,,
ABS:ERP_COMP_Q(1.0.0),4,4,Q,2012-Q2,5.4,,,,
ABS:ERP_COMP_Q(1.0.0),4,4,Q,2012-Q3,4.9,,,,
ABS:ERP_COMP_Q(1.0.0),4,4,Q,2012-Q4,5.3,,,,
ABS:ERP_COMP_Q(1.0.0),4,4,Q,2013-Q1,5.5,,,,
ABS:ERP_COMP_Q(1.0.0),4,4,Q,2013-Q2,5.7,,,,
ABS:ERP_COMP_Q(1.0.0),4,4,Q,2013-Q3,5,,,,
ABS:ERP_COMP_Q(1.0.0),4,4,Q,2013-Q4,6.2,,,,
ABS:ERP_COMP_Q(1.0.0),4,4,Q,2014-Q1,6,,,,
ABS:ERP_COMP_Q(1.0.0),4,4,Q,2014-Q2,5.4,,,,
ABS:ERP_COMP_Q(1.0.0),4,4,Q,2014-Q3,4.4,,,,
ABS:ERP_COMP_Q(1.0.0),4,4,Q,2014-Q4,5.9,,,,
ABS:ERP_COMP_Q(1.0.0),4,4,Q,2015-Q1,5.6,,,,
ABS:ERP_COMP_Q(1.0.0),4,4,Q,2015-Q2,5.4,,,,
ABS:ERP_COMP_Q(1.0.0),4,4,Q,2015-Q3,4.7,,,,
ABS:ERP_COMP_Q(1.0.0),4,4,Q,2015-Q4,5.7,,,,
ABS:ERP_COMP_Q(1.0.0),4,4,Q,2016-Q1,5.6,,,,
ABS:ERP_COMP_Q(1.0.0),4,4,Q,2016-Q2,5.8,,,,
ABS:ERP_COMP_Q(1.0.0),4,4,Q,2016-Q3,5.4,,,,
ABS:ERP_COMP_Q(1.0.0),4,4,Q,2016-Q4,7.4,,,,
ABS:ERP_COMP_Q(1.0.0),4,4,Q,2017-Q1,6.7,,,,
ABS:ERP_COMP_Q(1.0.0),4,4,Q,2017-Q2,6.8,,,,
ABS:ERP_COMP_Q(1.0.0),4,4,Q,2017-Q3,6.1,,,,
ABS:ERP_COMP_Q(1.0.0),4,4,Q,2017-Q4,7.7,,,,
ABS:ERP_COMP_Q(1.0.0),4,4,Q,2018-Q1,7.3,,,,
ABS:ERP_COMP_Q(1.0.0),4,4,Q,2018-Q2,7.2,,,,
ABS:ERP_COMP_Q(1.0.0),4,4,Q,2018-Q3,6.4,,,,
ABS:ERP_COMP_Q(1.0.0),4,4,Q,2018-Q4,8.5,,,,
ABS:ERP_COMP_Q(1.0.0),4,4,Q,2019-Q1,7.7,,,,
ABS:ERP_COMP_Q(1.0.0),4,4,Q,2019-Q2,7.6,,,,
ABS:ERP_COMP_Q(1.0.0),4,4,Q,2019-Q3,6.9,,,,
ABS:ERP_COMP_Q(1.0.0),4,4,Q,2019-Q4,8.6,,,,
ABS:ERP_COMP_Q(1.0.0),4,4,Q,2020-Q1,6.2,,,,
ABS:ERP_COMP_Q(1.0.0),4,4,Q,2020-Q2,6.2,,,,
ABS:ERP_COMP_Q(1.0.0),4,4,Q,2020-Q3,4.9,,,,
ABS:ERP_COMP_Q(1.0.0),4,4,Q,2020-Q4,6.7,,,,
ABS:ERP_COMP_Q(1.0.0),4,4,Q,2021-Q1,6.9,,,,
ABS:ERP_COMP_Q(1.0.0),4,4,Q,2021-Q2,8.7,,,,
ABS:ERP_COMP_Q(1.0.0),4,4,Q,2021-Q3,7.3,,,,
ABS:ERP_COMP_Q(1.0.0),4,4,Q,2021-Q4,8.1,,,,
ABS:ERP_COMP_Q(1.0.0),4,4,Q,2022-Q1,7.8,,,,
ABS:ERP_COMP_Q(1.0.0),4,4,Q,2022-Q2,7.1,,,,
ABS:ERP_COMP_Q(1.0.0),4,4,Q,2022-Q3,5.5,,,,
ABS:ERP_COMP_Q(1.0.0),4,4,Q,2022-Q4,7.7,,,,
ABS:ERP_COMP_Q(1.0.0),4,4,Q,2023-Q1,6.9,,,,
ABS:ERP_COMP_Q(1.0.0),4,4,Q,2023-Q2,6.4,,,,
ABS:ERP_COMP_Q(1.0.0),4,4,Q,2023-Q3,5.6,,,,
ABS:ERP_COMP_Q(1.0.0),4,4,Q,2023-Q4,6.8,,,,
ABS:ERP_COMP_Q(1.0.0),4,4,Q,2024-Q1,6.1,,,,
ABS:ERP_COMP_Q(1.0.0),4,4,Q,2024-Q2,6,,,,
ABS:ERP_COMP_Q(1.0.0),4,4,Q,2024-Q3,5.5,,,,
ABS:ERP_COMP_Q(1.0.0),4,4,Q,2024-Q4,6.7,,,,
ABS:ERP_COMP_Q(1.0.0),4,4,Q,2025-Q1,5.9,,,,
ABS:ERP_COMP_Q(1.0.0),4,4,Q,2025-Q2,5.7,,,,
ABS:ERP_COMP_Q(1.0.0),4,4,Q,2025-Q3,5.3,,,,
ABS:ERP_COMP_Q(1.0.0),4,4,Q,2025-Q4,6.7,,,,
ABS:ERP_COMP_Q(1.0.0),5,4,Q,1981-Q2,8.3,,,,
ABS:ERP_COMP_Q(1.0.0),5,4,Q,1981-Q3,7.9,,,,
ABS:ERP_COMP_Q(1.0.0),5,4,Q,1981-Q4,6.3,,,,
ABS:ERP_COMP_Q(1.0.0),5,4,Q,1982-Q1,6.4,,,,
ABS:ERP_COMP_Q(1.0.0),5,4,Q,1982-Q2,7.8,,,,
ABS:ERP_COMP_Q(1.0.0),5,4,Q,1982-Q3,6.1,,,,
ABS:ERP_COMP_Q(1.0.0),5,4,Q,1982-Q4,4.9,,,,
ABS:ERP_COMP_Q(1.0.0),5,4,Q,1983-Q1,5.3,,,,
ABS:ERP_COMP_Q(1.0.0),5,4,Q,1983-Q2,5.8,,,,
ABS:ERP_COMP_Q(1.0.0),5,4,Q,1983-Q3,5.1,,,,
ABS:ERP_COMP_Q(1.0.0),5,4,Q,1983-Q4,4.5,,,,
ABS:ERP_COMP_Q(1.0.0),5,4,Q,1984-Q1,5.6,,,,
ABS:ERP_COMP_Q(1.0.0),5,4,Q,1984-Q2,5.5,,,,
ABS:ERP_COMP_Q(1.0.0),5,4,Q,1984-Q3,5.7,,,,
ABS:ERP_COMP_Q(1.0.0),5,4,Q,1984-Q4,5.4,,,,
ABS:ERP_COMP_Q(1.0.0),5,4,Q,1985-Q1,6.2,,,,
ABS:ERP_COMP_Q(1.0.0),5,4,Q,1985-Q2,6.5,,,,
ABS:ERP_COMP_Q(1.0.0),5,4,Q,1985-Q3,6.2,,,,
ABS:ERP_COMP_Q(1.0.0),5,4,Q,1985-Q4,5.7,,,,
ABS:ERP_COMP_Q(1.0.0),5,4,Q,1986-Q1,6.4,,,,
ABS:ERP_COMP_Q(1.0.0),5,4,Q,1986-Q2,6.8,,,,
ABS:ERP_COMP_Q(1.0.0),5,4,Q,1986-Q3,6.3,,,,
ABS:ERP_COMP_Q(1.0.0),5,4,Q,1986-Q4,5.9,,,,
ABS:ERP_COMP_Q(1.0.0),5,4,Q,1987-Q1,7.5,,,,
ABS:ERP_COMP_Q(1.0.0),5,4,Q,1987-Q2,6.2,,,,
ABS:ERP_COMP_Q(1.0.0),5,4,Q,1987-Q3,6.3,,,,
ABS:ERP_COMP_Q(1.0.0),5,4,Q,1987-Q4,6,,,,
ABS:ERP_COMP_Q(1.0.0),5,4,Q,1988-Q1,8.8,,,,
ABS:ERP_COMP_Q(1.0.0),5,4,Q,1988-Q2,7.2,,,,
ABS:ERP_COMP_Q(1.0.0),5,4,Q,1988-Q3,7,,,,
ABS:ERP_COMP_Q(1.0.0),5,4,Q,1988-Q4,6.2,,,,
ABS:ERP_COMP_Q(1.0.0),5,4,Q,1989-Q1,8.4,,,,
ABS:ERP_COMP_Q(1.0.0),5,4,Q,1989-Q2,7.9,,,,
ABS:ERP_COMP_Q(1.0.0),5,4,Q,1989-Q3,6.6,,,,
ABS:ERP_COMP_Q(1.0.0),5,4,Q,1989-Q4,5.7,,,,
ABS:ERP_COMP_Q(1.0.0),5,4,Q,1990-Q1,8.3,,,,
ABS:ERP_COMP_Q(1.0.0),5,4,Q,1990-Q2,7,,,,
ABS:ERP_COMP_Q(1.0.0),5,4,Q,1990-Q3,6.4,,,,
ABS:ERP_COMP_Q(1.0.0),5,4,Q,1990-Q4,5.8,,,,
ABS:ERP_COMP_Q(1.0.0),5,4,Q,1991-Q1,8,,,,
ABS:ERP_COMP_Q(1.0.0),5,4,Q,1991-Q2,6.2,,,,
ABS:ERP_COMP_Q(1.0.0),5,4,Q,1991-Q3,6.1,,,,
ABS:ERP_COMP_Q(1.0.0),5,4,Q,1991-Q4,5.8,,,,
ABS:ERP_COMP_Q(1.0.0),5,4,Q,1992-Q1,8.4,,,,
ABS:ERP_COMP_Q(1.0.0),5,4,Q,1992-Q2,7,,,,
ABS:ERP_COMP_Q(1.0.0),5,4,Q,1992-Q3,8.1,,,,
ABS:ERP_COMP_Q(1.0.0),5,4,Q,1992-Q4,7,,,,
ABS:ERP_COMP_Q(1.0.0),5,4,Q,1993-Q1,9.6,,,,
ABS:ERP_COMP_Q(1.0.0),5,4,Q,1993-Q2,6.7,,,,
ABS:ERP_COMP_Q(1.0.0),5,4,Q,1993-Q3,6.7,,,,
ABS:ERP_COMP_Q(1.0.0),5,4,Q,1993-Q4,6.1,,,,
ABS:ERP_COMP_Q(1.0.0),5,4,Q,1994-Q1,8.7,,,,
ABS:ERP_COMP_Q(1.0.0),5,4,Q,1994-Q2,7.3,,,,
ABS:ERP_COMP_Q(1.0.0),5,4,Q,1994-Q3,7.1,,,,
ABS:ERP_COMP_Q(1.0.0),5,4,Q,1994-Q4,6.4,,,,
ABS:ERP_COMP_Q(1.0.0),5,4,Q,1995-Q1,9.3,,,,
ABS:ERP_COMP_Q(1.0.0),5,4,Q,1995-Q2,8.7,,,,
ABS:ERP_COMP_Q(1.0.0),5,4,Q,1995-Q3,7.5,,,,
ABS:ERP_COMP_Q(1.0.0),5,4,Q,1995-Q4,7.3,,,,
ABS:ERP_COMP_Q(1.0.0),5,4,Q,1996-Q1,9.5,,,,
ABS:ERP_COMP_Q(1.0.0),5,4,Q,1996-Q2,7.7,,,,
ABS:ERP_COMP_Q(1.0.0),5,4,Q,1996-Q3,7.6,,,,
ABS:ERP_COMP_Q(1.0.0),5,4,Q,1996-Q4,9.2,,,,
ABS:ERP_COMP_Q(1.0.0),5,4,Q,1997-Q1,8.1,,,,
ABS:ERP_COMP_Q(1.0.0),5,4,Q,1997-Q2,7.8,,,,
ABS:ERP_COMP_Q(1.0.0),5,4,Q,1997-Q3,7,,,,
ABS:ERP_COMP_Q(1.0.0),5,4,Q,1997-Q4,8.8,,,,
ABS:ERP_COMP_Q(1.0.0),5,4,Q,1998-Q1,7.4,,,,
ABS:ERP_COMP_Q(1.0.0),5,4,Q,1998-Q2,7.5,,,,
ABS:ERP_COMP_Q(1.0.0),5,4,Q,1998-Q3,6.6,,,,
ABS:ERP_COMP_Q(1.0.0),5,4,Q,1998-Q4,8.6,,,,
ABS:ERP_COMP_Q(1.0.0),5,4,Q,1999-Q1,7.3,,,,
ABS:ERP_COMP_Q(1.0.0),5,4,Q,1999-Q2,7.6,,,,
ABS:ERP_COMP_Q(1.0.0),5,4,Q,1999-Q3,6.6,,,,
ABS:ERP_COMP_Q(1.0.0),5,4,Q,1999-Q4,8.7,,,,
ABS:ERP_COMP_Q(1.0.0),5,4,Q,2000-Q1,8,,,,
ABS:ERP_COMP_Q(1.0.0),5,4,Q,2000-Q2,7.7,,,,
ABS:ERP_COMP_Q(1.0.0),5,4,Q,2000-Q3,7.2,,,,
ABS:ERP_COMP_Q(1.0.0),5,4,Q,2000-Q4,9,,,,
ABS:ERP_COMP_Q(1.0.0),5,4,Q,2001-Q1,7.8,,,,
ABS:ERP_COMP_Q(1.0.0),5,4,Q,2001-Q2,7.4,,,,
ABS:ERP_COMP_Q(1.0.0),5,4,Q,2001-Q3,7,,,,
ABS:ERP_COMP_Q(1.0.0),5,4,Q,2001-Q4,8,,,,
ABS:ERP_COMP_Q(1.0.0),5,4,Q,2002-Q1,7.6,,,,
ABS:ERP_COMP_Q(1.0.0),5,4,Q,2002-Q2,7.8,,,,
ABS:ERP_COMP_Q(1.0.0),5,4,Q,2002-Q3,7.1,,,,
ABS:ERP_COMP_Q(1.0.0),5,4,Q,2002-Q4,9,,,,
ABS:ERP_COMP_Q(1.0.0),5,4,Q,2003-Q1,7.4,,,,
ABS:ERP_COMP_Q(1.0.0),5,4,Q,2003-Q2,7.7,,,,
ABS:ERP_COMP_Q(1.0.0),5,4,Q,2003-Q3,7,,,,
ABS:ERP_COMP_Q(1.0.0),5,4,Q,2003-Q4,8.3,,,,
ABS:ERP_COMP_Q(1.0.0),5,4,Q,2004-Q1,7.6,,,,
ABS:ERP_COMP_Q(1.0.0),5,4,Q,2004-Q2,7.3,,,,
ABS:ERP_COMP_Q(1.0.0),5,4,Q,2004-Q3,6.1,,,,
ABS:ERP_COMP_Q(1.0.0),5,4,Q,2004-Q4,8,,,,
ABS:ERP_COMP_Q(1.0.0),5,4,Q,2005-Q1,7.2,,,,
ABS:ERP_COMP_Q(1.0.0),5,4,Q,2005-Q2,6.8,,,,
ABS:ERP_COMP_Q(1.0.0),5,4,Q,2005-Q3,5.8,,,,
ABS:ERP_COMP_Q(1.0.0),5,4,Q,2005-Q4,7.3,,,,
ABS:ERP_COMP_Q(1.0.0),5,4,Q,2006-Q1,6.1,,,,
ABS:ERP_COMP_Q(1.0.0),5,4,Q,2006-Q2,6.4,,,,
ABS:ERP_COMP_Q(1.0.0),5,4,Q,2006-Q3,5.7,,,,
ABS:ERP_COMP_Q(1.0.0),5,4,Q,2006-Q4,7.5,,,,
ABS:ERP_COMP_Q(1.0.0),5,4,Q,2007-Q1,7,,,,
ABS:ERP_COMP_Q(1.0.0),5,4,Q,2007-Q2,6.9,,,,
ABS:ERP_COMP_Q(1.0.0),5,4,Q,2007-Q3,6,,,,
ABS:ERP_COMP_Q(1.0.0),5,4,Q,2007-Q4,7.2,,,,
ABS:ERP_COMP_Q(1.0.0),5,4,Q,2008-Q1,7,,,,
ABS:ERP_COMP_Q(1.0.0),5,4,Q,2008-Q2,6.5,,,,
ABS:ERP_COMP_Q(1.0.0),5,4,Q,2008-Q3,6.1,,,,
ABS:ERP_COMP_Q(1.0.0),5,4,Q,2008-Q4,7.4,,,,
ABS:ERP_COMP_Q(1.0.0),5,4,Q,2009-Q1,6.6,,,,
ABS:ERP_COMP_Q(1.0.0),5,4,Q,2009-Q2,6.2,,,,
ABS:ERP_COMP_Q(1.0.0),5,4,Q,2009-Q3,5.2,,,,
ABS:ERP_COMP_Q(1.0.0),5,4,Q,2009-Q4,6.6,,,,
ABS:ERP_COMP_Q(1.0.0),5,4,Q,2010-Q1,5.9,,,,
ABS:ERP_COMP_Q(1.0.0),5,4,Q,2010-Q2,5.8,,,,
ABS:ERP_COMP_Q(1.0.0),5,4,Q,2010-Q3,5.5,,,,
ABS:ERP_COMP_Q(1.0.0),5,4,Q,2010-Q4,6.8,,,,
ABS:ERP_COMP_Q(1.0.0),5,4,Q,2011-Q1,6.2,,,,
ABS:ERP_COMP_Q(1.0.0),5,4,Q,2011-Q2,6.1,,,,
ABS:ERP_COMP_Q(1.0.0),5,4,Q,2011-Q3,6,,,,
ABS:ERP_COMP_Q(1.0.0),5,4,Q,2011-Q4,7.4,,,,
ABS:ERP_COMP_Q(1.0.0),5,4,Q,2012-Q1,6.5,,,,
ABS:ERP_COMP_Q(1.0.0),5,4,Q,2012-Q2,6,,,,
ABS:ERP_COMP_Q(1.0.0),5,4,Q,2012-Q3,5.9,,,,
ABS:ERP_COMP_Q(1.0.0),5,4,Q,2012-Q4,6.6,,,,
ABS:ERP_COMP_Q(1.0.0),5,4,Q,2013-Q1,6.7,,,,
ABS:ERP_COMP_Q(1.0.0),5,4,Q,2013-Q2,6.9,,,,
ABS:ERP_COMP_Q(1.0.0),5,4,Q,2013-Q3,6,,,,
ABS:ERP_COMP_Q(1.0.0),5,4,Q,2013-Q4,7.5,,,,
ABS:ERP_COMP_Q(1.0.0),5,4,Q,2014-Q1,6.9,,,,
ABS:ERP_COMP_Q(1.0.0),5,4,Q,2014-Q2,6.2,,,,
ABS:ERP_COMP_Q(1.0.0),5,4,Q,2014-Q3,5.3,,,,
ABS:ERP_COMP_Q(1.0.0),5,4,Q,2014-Q4,7,,,,
ABS:ERP_COMP_Q(1.0.0),5,4,Q,2015-Q1,6.5,,,,
ABS:ERP_COMP_Q(1.0.0),5,4,Q,2015-Q2,7,,,,
ABS:ERP_COMP_Q(1.0.0),5,4,Q,2015-Q3,6,,,,
ABS:ERP_COMP_Q(1.0.0),5,4,Q,2015-Q4,7.7,,,,
ABS:ERP_COMP_Q(1.0.0),5,4,Q,2016-Q1,7.4,,,,
ABS:ERP_COMP_Q(1.0.0),5,4,Q,2016-Q2,7.9,,,,
ABS:ERP_COMP_Q(1.0.0),5,4,Q,2016-Q3,6.8,,,,
ABS:ERP_COMP_Q(1.0.0),5,4,Q,2016-Q4,9.7,,,,
ABS:ERP_COMP_Q(1.0.0),5,4,Q,2017-Q1,8.1,,,,
ABS:ERP_COMP_Q(1.0.0),5,4,Q,2017-Q2,8,,,,
ABS:ERP_COMP_Q(1.0.0),5,4,Q,2017-Q3,7.3,,,,
ABS:ERP_COMP_Q(1.0.0),5,4,Q,2017-Q4,9.3,,,,
ABS:ERP_COMP_Q(1.0.0),5,4,Q,2018-Q1,8.2,,,,
ABS:ERP_COMP_Q(1.0.0),5,4,Q,2018-Q2,8.1,,,,
ABS:ERP_COMP_Q(1.0.0),5,4,Q,2018-Q3,7.1,,,,
ABS:ERP_COMP_Q(1.0.0),5,4,Q,2018-Q4,9.6,,,,
ABS:ERP_COMP_Q(1.0.0),5,4,Q,2019-Q1,8.3,,,,
ABS:ERP_COMP_Q(1.0.0),5,4,Q,2019-Q2,8.4,,,,
ABS:ERP_COMP_Q(1.0.0),5,4,Q,2019-Q3,7.6,,,,
ABS:ERP_COMP_Q(1.0.0),5,4,Q,2019-Q4,9.3,,,,
ABS:ERP_COMP_Q(1.0.0),5,4,Q,2020-Q1,6.3,,,,
ABS:ERP_COMP_Q(1.0.0),5,4,Q,2020-Q2,6,,,,
ABS:ERP_COMP_Q(1.0.0),5,4,Q,2020-Q3,4,,,,
ABS:ERP_COMP_Q(1.0.0),5,4,Q,2020-Q4,5.4,,,,
ABS:ERP_COMP_Q(1.0.0),5,4,Q,2021-Q1,5.2,,,,
ABS:ERP_COMP_Q(1.0.0),5,4,Q,2021-Q2,7.8,,,,
ABS:ERP_COMP_Q(1.0.0),5,4,Q,2021-Q3,6.6,,,,
ABS:ERP_COMP_Q(1.0.0),5,4,Q,2021-Q4,7.2,,,,
ABS:ERP_COMP_Q(1.0.0),5,4,Q,2022-Q1,6.5,,,,
ABS:ERP_COMP_Q(1.0.0),5,4,Q,2022-Q2,6.2,,,,
ABS:ERP_COMP_Q(1.0.0),5,4,Q,2022-Q3,5.1,,,,
ABS:ERP_COMP_Q(1.0.0),5,4,Q,2022-Q4,7.6,,,,
ABS:ERP_COMP_Q(1.0.0),5,4,Q,2023-Q1,6.7,,,,
ABS:ERP_COMP_Q(1.0.0),5,4,Q,2023-Q2,6.6,,,,
ABS:ERP_COMP_Q(1.0.0),5,4,Q,2023-Q3,6,,,,
ABS:ERP_COMP_Q(1.0.0),5,4,Q,2023-Q4,7.3,,,,
ABS:ERP_COMP_Q(1.0.0),5,4,Q,2024-Q1,6.6,,,,
ABS:ERP_COMP_Q(1.0.0),5,4,Q,2024-Q2,6.3,,,,
ABS:ERP_COMP_Q(1.0.0),5,4,Q,2024-Q3,6,,,,
ABS:ERP_COMP_Q(1.0.0),5,4,Q,2024-Q4,7.5,,,,
ABS:ERP_COMP_Q(1.0.0),5,4,Q,2025-Q1,6.6,,,,
ABS:ERP_COMP_Q(1.0.0),5,4,Q,2025-Q2,6.1,,,,
ABS:ERP_COMP_Q(1.0.0),5,4,Q,2025-Q3,5.4,,,,
ABS:ERP_COMP_Q(1.0.0),5,4,Q,2025-Q4,7.1,,,,
ABS:ERP_COMP_Q(1.0.0),5,8,Q,1981-Q2,3,,,,
ABS:ERP_COMP_Q(1.0.0),5,8,Q,1981-Q3,3.7,,,,
ABS:ERP_COMP_Q(1.0.0),5,8,Q,1981-Q4,3.6,,,,
ABS:ERP_COMP_Q(1.0.0),5,8,Q,1982-Q1,3.9,,,,
ABS:ERP_COMP_Q(1.0.0),5,8,Q,1982-Q2,3.6,,,,
ABS:ERP_COMP_Q(1.0.0),5,8,Q,1982-Q3,3.3,,,,
ABS:ERP_COMP_Q(1.0.0),5,8,Q,1982-Q4,3.1,,,,
ABS:ERP_COMP_Q(1.0.0),5,8,Q,1983-Q1,3,,,,
ABS:ERP_COMP_Q(1.0.0),5,8,Q,1983-Q2,3.4,,,,
ABS:ERP_COMP_Q(1.0.0),5,8,Q,1983-Q3,3.7,,,,
ABS:ERP_COMP_Q(1.0.0),5,8,Q,1983-Q4,2.8,,,,
ABS:ERP_COMP_Q(1.0.0),5,8,Q,1984-Q1,3.9,,,,
ABS:ERP_COMP_Q(1.0.0),5,8,Q,1984-Q2,3.6,,,,
ABS:ERP_COMP_Q(1.0.0),5,8,Q,1984-Q3,4,,,,
ABS:ERP_COMP_Q(1.0.0),5,8,Q,1984-Q4,3.6,,,,
ABS:ERP_COMP_Q(1.0.0),5,8,Q,1985-Q1,4.1,,,,
ABS:ERP_COMP_Q(1.0.0),5,8,Q,1985-Q2,4.6,,,,
ABS:ERP_COMP_Q(1.0.0),5,8,Q,1985-Q3,3.9,,,,
ABS:ERP_COMP_Q(1.0.0),5,8,Q,1985-Q4,3.8,,,,
ABS:ERP_COMP_Q(1.0.0),5,8,Q,1986-Q1,5.4,,,,
ABS:ERP_COMP_Q(1.0.0),5,8,Q,1986-Q2,4.7,,,,
ABS:ERP_COMP_Q(1.0.0),5,8,Q,1986-Q3,3.6,,,,
ABS:ERP_COMP_Q(1.0.0),5,8,Q,1986-Q4,3.5,,,,
ABS:ERP_COMP_Q(1.0.0),5,8,Q,1987-Q1,5.8,,,,
ABS:ERP_COMP_Q(1.0.0),5,8,Q,1987-Q2,4,,,,
ABS:ERP_COMP_Q(1.0.0),5,8,Q,1987-Q3,3.6,,,,
ABS:ERP_COMP_Q(1.0.0),5,8,Q,1987-Q4,3.6,,,,
ABS:ERP_COMP_Q(1.0.0),5,8,Q,1988-Q1,6.1,,,,
ABS:ERP_COMP_Q(1.0.0),5,8,Q,1988-Q2,4.4,,,,
ABS:ERP_COMP_Q(1.0.0),5,8,Q,1988-Q3,4.6,,,,
ABS:ERP_COMP_Q(1.0.0),5,8,Q,1988-Q4,3.9,,,,
ABS:ERP_COMP_Q(1.0.0),5,8,Q,1989-Q1,6,,,,
ABS:ERP_COMP_Q(1.0.0),5,8,Q,1989-Q2,4.9,,,,
ABS:ERP_COMP_Q(1.0.0),5,8,Q,1989-Q3,4.1,,,,
ABS:ERP_COMP_Q(1.0.0),5,8,Q,1989-Q4,3.6,,,,
ABS:ERP_COMP_Q(1.0.0),5,8,Q,1990-Q1,6,,,,
ABS:ERP_COMP_Q(1.0.0),5,8,Q,1990-Q2,4.3,,,,
ABS:ERP_COMP_Q(1.0.0),5,8,Q,1990-Q3,3.6,,,,
ABS:ERP_COMP_Q(1.0.0),5,8,Q,1990-Q4,3.6,,,,
ABS:ERP_COMP_Q(1.0.0),5,8,Q,1991-Q1,5.5,,,,
ABS:ERP_COMP_Q(1.0.0),5,8,Q,1991-Q2,3.9,,,,
ABS:ERP_COMP_Q(1.0.0),5,8,Q,1991-Q3,3.7,,,,
ABS:ERP_COMP_Q(1.0.0),5,8,Q,1991-Q4,3.9,,,,
ABS:ERP_COMP_Q(1.0.0),5,8,Q,1992-Q1,6,,,,
ABS:ERP_COMP_Q(1.0.0),5,8,Q,1992-Q2,4,,,,
ABS:ERP_COMP_Q(1.0.0),5,8,Q,1992-Q3,4.5,,,,
ABS:ERP_COMP_Q(1.0.0),5,8,Q,1992-Q4,4.2,,,,
ABS:ERP_COMP_Q(1.0.0),5,8,Q,1993-Q1,5.8,,,,
ABS:ERP_COMP_Q(1.0.0),5,8,Q,1993-Q2,3.9,,,,
ABS:ERP_COMP_Q(1.0.0),5,8,Q,1993-Q3,3.9,,,,
ABS:ERP_COMP_Q(1.0.0),5,8,Q,1993-Q4,3.6,,,,
ABS:ERP_COMP_Q(1.0.0),5,8,Q,1994-Q1,5.7,,,,
ABS:ERP_COMP_Q(1.0.0),5,8,Q,1994-Q2,4,,,,
ABS:ERP_COMP_Q(1.0.0),5,8,Q,1994-Q3,4.3,,,,
ABS:ERP_COMP_Q(1.0.0),5,8,Q,1994-Q4,4,,,,
ABS:ERP_COMP_Q(1.0.0),5,8,Q,1995-Q1,5.9,,,,
ABS:ERP_COMP_Q(1.0.0),5,8,Q,1995-Q2,5.3,,,,
ABS:ERP_COMP_Q(1.0.0),5,8,Q,1995-Q3,3.9,,,,
ABS:ERP_COMP_Q(1.0.0),5,8,Q,1995-Q4,4.8,,,,
ABS:ERP_COMP_Q(1.0.0),5,8,Q,1996-Q1,5.9,,,,
ABS:ERP_COMP_Q(1.0.0),5,8,Q,1996-Q2,4.3,,,,
ABS:ERP_COMP_Q(1.0.0),5,8,Q,1996-Q3,4.6,,,,
ABS:ERP_COMP_Q(1.0.0),5,8,Q,1996-Q4,5.9,,,,
ABS:ERP_COMP_Q(1.0.0),5,8,Q,1997-Q1,5.2,,,,
ABS:ERP_COMP_Q(1.0.0),5,8,Q,1997-Q2,5.1,,,,
ABS:ERP_COMP_Q(1.0.0),5,8,Q,1997-Q3,4.6,,,,
ABS:ERP_COMP_Q(1.0.0),5,8,Q,1997-Q4,6,,,,
ABS:ERP_COMP_Q(1.0.0),5,8,Q,1998-Q1,4.7,,,,
ABS:ERP_COMP_Q(1.0.0),5,8,Q,1998-Q2,4.6,,,,
ABS:ERP_COMP_Q(1.0.0),5,8,Q,1998-Q3,4.3,,,,
ABS:ERP_COMP_Q(1.0.0),5,8,Q,1998-Q4,5.7,,,,
ABS:ERP_COMP_Q(1.0.0),5,8,Q,1999-Q1,4.4,,,,
ABS:ERP_COMP_Q(1.0.0),5,8,Q,1999-Q2,4.6,,,,
ABS:ERP_COMP_Q(1.0.0),5,8,Q,1999-Q3,4.3,,,,
ABS:ERP_COMP_Q(1.0.0),5,8,Q,1999-Q4,5.7,,,,
ABS:ERP_COMP_Q(1.0.0),5,8,Q,2000-Q1,4.7,,,,
ABS:ERP_COMP_Q(1.0.0),5,8,Q,2000-Q2,5.1,,,,
ABS:ERP_COMP_Q(1.0.0),5,8,Q,2000-Q3,4.4,,,,
ABS:ERP_COMP_Q(1.0.0),5,8,Q,2000-Q4,6,,,,
ABS:ERP_COMP_Q(1.0.0),5,8,Q,2001-Q1,4.7,,,,
ABS:ERP_COMP_Q(1.0.0),5,8,Q,2001-Q2,4.7,,,,
ABS:ERP_COMP_Q(1.0.0),5,8,Q,2001-Q3,4.6,,,,
ABS:ERP_COMP_Q(1.0.0),5,8,Q,2001-Q4,5.6,,,,
ABS:ERP_COMP_Q(1.0.0),5,8,Q,2002-Q1,4.9,,,,
ABS:ERP_COMP_Q(1.0.0),5,8,Q,2002-Q2,5.1,,,,
ABS:ERP_COMP_Q(1.0.0),5,8,Q,2002-Q3,4.6,,,,
ABS:ERP_COMP_Q(1.0.0),5,8,Q,2002-Q4,5.8,,,,
ABS:ERP_COMP_Q(1.0.0),5,8,Q,2003-Q1,4.9,,,,
ABS:ERP_COMP_Q(1.0.0),5,8,Q,2003-Q2,5,,,,
ABS:ERP_COMP_Q(1.0.0),5,8,Q,2003-Q3,4.8,,,,
ABS:ERP_COMP_Q(1.0.0),5,8,Q,2003-Q4,5.8,,,,
ABS:ERP_COMP_Q(1.0.0),5,8,Q,2004-Q1,4.6,,,,
ABS:ERP_COMP_Q(1.0.0),5,8,Q,2004-Q2,4.6,,,,
ABS:ERP_COMP_Q(1.0.0),5,8,Q,2004-Q3,4.4,,,,
ABS:ERP_COMP_Q(1.0.0),5,8,Q,2004-Q4,5.3,,,,
ABS:ERP_COMP_Q(1.0.0),5,8,Q,2005-Q1,4.5,,,,
ABS:ERP_COMP_Q(1.0.0),5,8,Q,2005-Q2,4.7,,,,
ABS:ERP_COMP_Q(1.0.0),5,8,Q,2005-Q3,4,,,,
ABS:ERP_COMP_Q(1.0.0),5,8,Q,2005-Q4,5.1,,,,
ABS:ERP_COMP_Q(1.0.0),5,8,Q,2006-Q1,5,,,,
ABS:ERP_COMP_Q(1.0.0),5,8,Q,2006-Q2,4.2,,,,
ABS:ERP_COMP_Q(1.0.0),5,8,Q,2006-Q3,3.8,,,,
ABS:ERP_COMP_Q(1.0.0),5,8,Q,2006-Q4,5,,,,
ABS:ERP_COMP_Q(1.0.0),5,8,Q,2007-Q1,4.7,,,,
ABS:ERP_COMP_Q(1.0.0),5,8,Q,2007-Q2,4.8,,,,
ABS:ERP_COMP_Q(1.0.0),5,8,Q,2007-Q3,4.3,,,,
ABS:ERP_COMP_Q(1.0.0),5,8,Q,2007-Q4,5.2,,,,
ABS:ERP_COMP_Q(1.0.0),5,8,Q,2008-Q1,4.8,,,,
ABS:ERP_COMP_Q(1.0.0),5,8,Q,2008-Q2,4.6,,,,
ABS:ERP_COMP_Q(1.0.0),5,8,Q,2008-Q3,4.3,,,,
ABS:ERP_COMP_Q(1.0.0),5,8,Q,2008-Q4,5.4,,,,
ABS:ERP_COMP_Q(1.0.0),5,8,Q,2009-Q1,4.5,,,,
ABS:ERP_COMP_Q(1.0.0),5,8,Q,2009-Q2,4.4,,,,
ABS:ERP_COMP_Q(1.0.0),5,8,Q,2009-Q3,4.1,,,,
ABS:ERP_COMP_Q(1.0.0),5,8,Q,2009-Q4,5,,,,
ABS:ERP_COMP_Q(1.0.0),5,8,Q,2010-Q1,4.3,,,,
ABS:ERP_COMP_Q(1.0.0),5,8,Q,2010-Q2,4.3,,,,
ABS:ERP_COMP_Q(1.0.0),5,8,Q,2010-Q3,3.8,,,,
ABS:ERP_COMP_Q(1.0.0),5,8,Q,2010-Q4,5.3,,,,
ABS:ERP_COMP_Q(1.0.0),5,8,Q,2011-Q1,4.7,,,,
ABS:ERP_COMP_Q(1.0.0),5,8,Q,2011-Q2,4.2,,,,
ABS:ERP_COMP_Q(1.0.0),5,8,Q,2011-Q3,4.1,,,,
ABS:ERP_COMP_Q(1.0.0),5,8,Q,2011-Q4,5.3,,,,
ABS:ERP_COMP_Q(1.0.0),5,8,Q,2012-Q1,4.9,,,,
ABS:ERP_COMP_Q(1.0.0),5,8,Q,2012-Q2,4.3,,,,
ABS:ERP_COMP_Q(1.0.0),5,8,Q,2012-Q3,3.9,,,,
ABS:ERP_COMP_Q(1.0.0),5,8,Q,2012-Q4,4.6,,,,
ABS:ERP_COMP_Q(1.0.0),5,8,Q,2013-Q1,4.8,,,,
ABS:ERP_COMP_Q(1.0.0),5,8,Q,2013-Q2,4.6,,,,
ABS:ERP_COMP_Q(1.0.0),5,8,Q,2013-Q3,4.1,,,,
ABS:ERP_COMP_Q(1.0.0),5,8,Q,2013-Q4,5.5,,,,
ABS:ERP_COMP_Q(1.0.0),5,8,Q,2014-Q1,5.2,,,,
ABS:ERP_COMP_Q(1.0.0),5,8,Q,2014-Q2,4.5,,,,
ABS:ERP_COMP_Q(1.0.0),5,8,Q,2014-Q3,3.8,,,,
ABS:ERP_COMP_Q(1.0.0),5,8,Q,2014-Q4,5.1,,,,
ABS:ERP_COMP_Q(1.0.0),5,8,Q,2015-Q1,4.8,,,,
ABS:ERP_COMP_Q(1.0.0),5,8,Q,2015-Q2,5,,,,
ABS:ERP_COMP_Q(1.0.0),5,8,Q,2015-Q3,4.3,,,,
ABS:ERP_COMP_Q(1.0.0),5,8,Q,2015-Q4,5.5,,,,
ABS:ERP_COMP_Q(1.0.0),5,8,Q,2016-Q1,5.2,,,,
ABS:ERP_COMP_Q(1.0.0),5,8,Q,2016-Q2,5.3,,,,
ABS:ERP_COMP_Q(1.0.0),5,8,Q,2016-Q3,4.5,,,,
ABS:ERP_COMP_Q(1.0.0),5,8,Q,2016-Q4,6.1,,,,
ABS:ERP_COMP_Q(1.0.0),5,8,Q,2017-Q1,5.5,,,,
ABS:ERP_COMP_Q(1.0.0),5,8,Q,2017-Q2,5.6,,,,
ABS:ERP_COMP_Q(1.0.0),5,8,Q,2017-Q3,5,,,,
ABS:ERP_COMP_Q(1.0.0),5,8,Q,2017-Q4,6.8,,,,
ABS:ERP_COMP_Q(1.0.0),5,8,Q,2018-Q1,6,,,,
ABS:ERP_COMP_Q(1.0.0),5,8,Q,2018-Q2,5.8,,,,
ABS:ERP_COMP_Q(1.0.0),5,8,Q,2018-Q3,5.4,,,,
ABS:ERP_COMP_Q(1.0.0),5,8,Q,2018-Q4,6.7,,,,
ABS:ERP_COMP_Q(1.0.0),5,8,Q,2019-Q1,6.3,,,,
ABS:ERP_COMP_Q(1.0.0),5,8,Q,2019-Q2,6.2,,,,
ABS:ERP_COMP_Q(1.0.0),5,8,Q,2019-Q3,5.5,,,,
ABS:ERP_COMP_Q(1.0.0),5,8,Q,2019-Q4,6.5,,,,
ABS:ERP_COMP_Q(1.0.0),5,8,Q,2020-Q1,5.3,,,,
ABS:ERP_COMP_Q(1.0.0),5,8,Q,2020-Q2,4.6,,,,
ABS:ERP_COMP_Q(1.0.0),5,8,Q,2020-Q3,3.4,,,,
ABS:ERP_COMP_Q(1.0.0),5,8,Q,2020-Q4,4.5,,,,
ABS:ERP_COMP_Q(1.0.0),5,8,Q,2021-Q1,4.5,,,,
ABS:ERP_COMP_Q(1.0.0),5,8,Q,2021-Q2,7,,,,
ABS:ERP_COMP_Q(1.0.0),5,8,Q,2021-Q3,5.1,,,,
ABS:ERP_COMP_Q(1.0.0),5,8,Q,2021-Q4,6.6,,,,
ABS:ERP_COMP_Q(1.0.0),5,8,Q,2022-Q1,5.8,,,,
ABS:ERP_COMP_Q(1.0.0),5,8,Q,2022-Q2,5.4,,,,
ABS:ERP_COMP_Q(1.0.0),5,8,Q,2022-Q3,4.4,,,,
ABS:ERP_COMP_Q(1.0.0),5,8,Q,2022-Q4,6.7,,,,
ABS:ERP_COMP_Q(1.0.0),5,8,Q,2023-Q1,6.1,,,,
ABS:ERP_COMP_Q(1.0.0),5,8,Q,2023-Q2,5.2,,,,
ABS:ERP_COMP_Q(1.0.0),5,8,Q,2023-Q3,5,,,,
ABS:ERP_COMP_Q(1.0.0),5,8,Q,2023-Q4,6.2,,,,
ABS:ERP_COMP_Q(1.0.0),5,8,Q,2024-Q1,5.8,,,,
ABS:ERP_COMP_Q(1.0.0),5,8,Q,2024-Q2,5.2,,,,
ABS:ERP_COMP_Q(1.0.0),5,8,Q,2024-Q3,4.7,,,,
ABS:ERP_COMP_Q(1.0.0),5,8,Q,2024-Q4,6.2,,,,
ABS:ERP_COMP_Q(1.0.0),5,8,Q,2025-Q1,5.4,,,,
ABS:ERP_COMP_Q(1.0.0),5,8,Q,2025-Q2,4.8,,,,
ABS:ERP_COMP_Q(1.0.0),5,8,Q,2025-Q3,4.5,,,,
ABS:ERP_COMP_Q(1.0.0),5,8,Q,2025-Q4,5.9,,,,
ABS:ERP_COMP_Q(1.0.0),7,2,Q,1981-Q2,10.8,,,,
ABS:ERP_COMP_Q(1.0.0),7,2,Q,1981-Q3,11.8,,,,
ABS:ERP_COMP_Q(1.0.0),7,2,Q,1981-Q4,13.4,,,,
ABS:ERP_COMP_Q(1.0.0),7,2,Q,1982-Q1,14,,,,
ABS:ERP_COMP_Q(1.0.0),7,2,Q,1982-Q2,10.7,,,,
ABS:ERP_COMP_Q(1.0.0),7,2,Q,1982-Q3,10.2,,,,
ABS:ERP_COMP_Q(1.0.0),7,2,Q,1982-Q4,10.7,,,,
ABS:ERP_COMP_Q(1.0.0),7,2,Q,1983-Q1,12.2,,,,
ABS:ERP_COMP_Q(1.0.0),7,2,Q,1983-Q2,8.2,,,,
ABS:ERP_COMP_Q(1.0.0),7,2,Q,1983-Q3,8.3,,,,
ABS:ERP_COMP_Q(1.0.0),7,2,Q,1983-Q4,9.6,,,,
ABS:ERP_COMP_Q(1.0.0),7,2,Q,1984-Q1,10.7,,,,
ABS:ERP_COMP_Q(1.0.0),7,2,Q,1984-Q2,8.2,,,,
ABS:ERP_COMP_Q(1.0.0),7,2,Q,1984-Q3,9.2,,,,
ABS:ERP_COMP_Q(1.0.0),7,2,Q,1984-Q4,11,,,,
ABS:ERP_COMP_Q(1.0.0),7,2,Q,1985-Q1,11.9,,,,
ABS:ERP_COMP_Q(1.0.0),7,2,Q,1985-Q2,8.7,,,,
ABS:ERP_COMP_Q(1.0.0),7,2,Q,1985-Q3,10.4,,,,
ABS:ERP_COMP_Q(1.0.0),7,2,Q,1985-Q4,12.3,,,,
ABS:ERP_COMP_Q(1.0.0),7,2,Q,1986-Q1,13.6,,,,
ABS:ERP_COMP_Q(1.0.0),7,2,Q,1986-Q2,10.4,,,,
ABS:ERP_COMP_Q(1.0.0),7,2,Q,1986-Q3,11.4,,,,
ABS:ERP_COMP_Q(1.0.0),7,2,Q,1986-Q4,13,,,,
ABS:ERP_COMP_Q(1.0.0),7,2,Q,1987-Q1,14.6,,,,
ABS:ERP_COMP_Q(1.0.0),7,2,Q,1987-Q2,11.6,,,,
ABS:ERP_COMP_Q(1.0.0),7,2,Q,1987-Q3,13.7,,,,
ABS:ERP_COMP_Q(1.0.0),7,2,Q,1987-Q4,15.5,,,,
ABS:ERP_COMP_Q(1.0.0),7,2,Q,1988-Q1,16.9,,,,
ABS:ERP_COMP_Q(1.0.0),7,2,Q,1988-Q2,12.5,,,,
ABS:ERP_COMP_Q(1.0.0),7,2,Q,1988-Q3,14.6,,,,
ABS:ERP_COMP_Q(1.0.0),7,2,Q,1988-Q4,15.6,,,,
ABS:ERP_COMP_Q(1.0.0),7,2,Q,1989-Q1,16.7,,,,
ABS:ERP_COMP_Q(1.0.0),7,2,Q,1989-Q2,12.7,,,,
ABS:ERP_COMP_Q(1.0.0),7,2,Q,1989-Q3,14.2,,,,
ABS:ERP_COMP_Q(1.0.0),7,2,Q,1989-Q4,14.9,,,,
ABS:ERP_COMP_Q(1.0.0),7,2,Q,1990-Q1,16.7,,,,
ABS:ERP_COMP_Q(1.0.0),7,2,Q,1990-Q2,12.2,,,,
ABS:ERP_COMP_Q(1.0.0),7,2,Q,1990-Q3,14.8,,,,
ABS:ERP_COMP_Q(1.0.0),7,2,Q,1990-Q4,15.3,,,,
ABS:ERP_COMP_Q(1.0.0),7,2,Q,1991-Q1,17.6,,,,
ABS:ERP_COMP_Q(1.0.0),7,2,Q,1991-Q2,11.3,,,,
ABS:ERP_COMP_Q(1.0.0),7,2,Q,1991-Q3,14.9,,,,
ABS:ERP_COMP_Q(1.0.0),7,2,Q,1991-Q4,14.8,,,,
ABS:ERP_COMP_Q(1.0.0),7,2,Q,1992-Q1,17.5,,,,
ABS:ERP_COMP_Q(1.0.0),7,2,Q,1992-Q2,10.7,,,,
ABS:ERP_COMP_Q(1.0.0),7,2,Q,1992-Q3,12.4,,,,
ABS:ERP_COMP_Q(1.0.0),7,2,Q,1992-Q4,13.1,,,,
ABS:ERP_COMP_Q(1.0.0),7,2,Q,1993-Q1,14.5,,,,
ABS:ERP_COMP_Q(1.0.0),7,2,Q,1993-Q2,8.6,,,,
ABS:ERP_COMP_Q(1.0.0),7,2,Q,1993-Q3,11,,,,
ABS:ERP_COMP_Q(1.0.0),7,2,Q,1993-Q4,11.6,,,,
ABS:ERP_COMP_Q(1.0.0),7,2,Q,1994-Q1,15,,,,
ABS:ERP_COMP_Q(1.0.0),7,2,Q,1994-Q2,9.4,,,,
ABS:ERP_COMP_Q(1.0.0),7,2,Q,1994-Q3,12.6,,,,
ABS:ERP_COMP_Q(1.0.0),7,2,Q,1994-Q4,13.4,,,,
ABS:ERP_COMP_Q(1.0.0),7,2,Q,1995-Q1,18,,,,
ABS:ERP_COMP_Q(1.0.0),7,2,Q,1995-Q2,10.8,,,,
ABS:ERP_COMP_Q(1.0.0),7,2,Q,1995-Q3,14.5,,,,
ABS:ERP_COMP_Q(1.0.0),7,2,Q,1995-Q4,15.4,,,,
ABS:ERP_COMP_Q(1.0.0),7,2,Q,1996-Q1,20.2,,,,
ABS:ERP_COMP_Q(1.0.0),7,2,Q,1996-Q2,10.9,,,,
ABS:ERP_COMP_Q(1.0.0),7,2,Q,1996-Q3,14.8,,,,
ABS:ERP_COMP_Q(1.0.0),7,2,Q,1996-Q4,14.4,,,,
ABS:ERP_COMP_Q(1.0.0),7,2,Q,1997-Q1,20.2,,,,
ABS:ERP_COMP_Q(1.0.0),7,2,Q,1997-Q2,10.6,,,,
ABS:ERP_COMP_Q(1.0.0),7,2,Q,1997-Q3,14.8,,,,
ABS:ERP_COMP_Q(1.0.0),7,2,Q,1997-Q4,13.7,,,,
ABS:ERP_COMP_Q(1.0.0),7,2,Q,1998-Q1,20.7,,,,
ABS:ERP_COMP_Q(1.0.0),7,2,Q,1998-Q2,11.4,,,,
ABS:ERP_COMP_Q(1.0.0),7,2,Q,1998-Q3,15.8,,,,
ABS:ERP_COMP_Q(1.0.0),7,2,Q,1998-Q4,14.2,,,,
ABS:ERP_COMP_Q(1.0.0),7,2,Q,1999-Q1,21.4,,,,
ABS:ERP_COMP_Q(1.0.0),7,2,Q,1999-Q2,11.6,,,,
ABS:ERP_COMP_Q(1.0.0),7,2,Q,1999-Q3,17.2,,,,
ABS:ERP_COMP_Q(1.0.0),7,2,Q,1999-Q4,15.6,,,,
ABS:ERP_COMP_Q(1.0.0),7,2,Q,2000-Q1,24,,,,
ABS:ERP_COMP_Q(1.0.0),7,2,Q,2000-Q2,13,,,,
ABS:ERP_COMP_Q(1.0.0),7,2,Q,2000-Q3,18.8,,,,
ABS:ERP_COMP_Q(1.0.0),7,2,Q,2000-Q4,17.9,,,,
ABS:ERP_COMP_Q(1.0.0),7,2,Q,2001-Q1,29.6,,,,
ABS:ERP_COMP_Q(1.0.0),7,2,Q,2001-Q2,15.1,,,,
ABS:ERP_COMP_Q(1.0.0),7,2,Q,2001-Q3,20.4,,,,
ABS:ERP_COMP_Q(1.0.0),7,2,Q,2001-Q4,18.1,,,,
ABS:ERP_COMP_Q(1.0.0),7,2,Q,2002-Q1,29.6,,,,
ABS:ERP_COMP_Q(1.0.0),7,2,Q,2002-Q2,15.1,,,,
ABS:ERP_COMP_Q(1.0.0),7,2,Q,2002-Q3,22.6,,,,
ABS:ERP_COMP_Q(1.0.0),7,2,Q,2002-Q4,19,,,,
ABS:ERP_COMP_Q(1.0.0),7,2,Q,2003-Q1,32.5,,,,
ABS:ERP_COMP_Q(1.0.0),7,2,Q,2003-Q2,16.9,,,,
ABS:ERP_COMP_Q(1.0.0),7,2,Q,2003-Q3,25.2,,,,
ABS:ERP_COMP_Q(1.0.0),7,2,Q,2003-Q4,21.4,,,,
ABS:ERP_COMP_Q(1.0.0),7,2,Q,2004-Q1,35.4,,,,
ABS:ERP_COMP_Q(1.0.0),7,2,Q,2004-Q2,18.9,,,,
ABS:ERP_COMP_Q(1.0.0),7,2,Q,2004-Q3,27.2,,,,
ABS:ERP_COMP_Q(1.0.0),7,2,Q,2004-Q4,22.3,,,,
ABS:ERP_COMP_Q(1.0.0),7,2,Q,2005-Q1,37.3,,,,
ABS:ERP_COMP_Q(1.0.0),7,2,Q,2005-Q2,19.4,,,,
ABS:ERP_COMP_Q(1.0.0),7,2,Q,2005-Q3,27.8,,,,
ABS:ERP_COMP_Q(1.0.0),7,2,Q,2005-Q4,24.2,,,,
ABS:ERP_COMP_Q(1.0.0),7,2,Q,2006-Q1,39.3,,,,
ABS:ERP_COMP_Q(1.0.0),7,2,Q,2006-Q2,22.2,,,,
ABS:ERP_COMP_Q(1.0.0),7,2,Q,2006-Q3,26.5,,,,
ABS:ERP_COMP_Q(1.0.0),7,2,Q,2006-Q4,25.2,,,,
ABS:ERP_COMP_Q(1.0.0),7,2,Q,2007-Q1,33.4,,,,
ABS:ERP_COMP_Q(1.0.0),7,2,Q,2007-Q2,23.6,,,,
ABS:ERP_COMP_Q(1.0.0),7,2,Q,2007-Q3,30.2,,,,
ABS:ERP_COMP_Q(1.0.0),7,2,Q,2007-Q4,27.5,,,,
ABS:ERP_COMP_Q(1.0.0),7,2,Q,2008-Q1,36.9,,,,
ABS:ERP_COMP_Q(1.0.0),7,2,Q,2008-Q2,28.8,,,,
ABS:ERP_COMP_Q(1.0.0),7,2,Q,2008-Q3,35.1,,,,
ABS:ERP_COMP_Q(1.0.0),7,2,Q,2008-Q4,32.1,,,,
ABS:ERP_COMP_Q(1.0.0),7,2,Q,2009-Q1,37.7,,,,
ABS:ERP_COMP_Q(1.0.0),7,2,Q,2009-Q2,27.7,,,,
ABS:ERP_COMP_Q(1.0.0),7,2,Q,2009-Q3,32.6,,,,
ABS:ERP_COMP_Q(1.0.0),7,2,Q,2009-Q4,25.8,,,,
ABS:ERP_COMP_Q(1.0.0),7,2,Q,2010-Q1,30.1,,,,
ABS:ERP_COMP_Q(1.0.0),7,2,Q,2010-Q2,20.6,,,,
ABS:ERP_COMP_Q(1.0.0),7,2,Q,2010-Q3,26.5,,,,
ABS:ERP_COMP_Q(1.0.0),7,2,Q,2010-Q4,25.7,,,,
ABS:ERP_COMP_Q(1.0.0),7,2,Q,2011-Q1,30.2,,,,
ABS:ERP_COMP_Q(1.0.0),7,2,Q,2011-Q2,22.6,,,,
ABS:ERP_COMP_Q(1.0.0),7,2,Q,2011-Q3,28.3,,,,
ABS:ERP_COMP_Q(1.0.0),7,2,Q,2011-Q4,28,,,,
ABS:ERP_COMP_Q(1.0.0),7,2,Q,2012-Q1,31.7,,,,
ABS:ERP_COMP_Q(1.0.0),7,2,Q,2012-Q2,24.3,,,,
ABS:ERP_COMP_Q(1.0.0),7,2,Q,2012-Q3,30.8,,,,
ABS:ERP_COMP_Q(1.0.0),7,2,Q,2012-Q4,29.2,,,,
ABS:ERP_COMP_Q(1.0.0),7,2,Q,2013-Q1,34,,,,
ABS:ERP_COMP_Q(1.0.0),7,2,Q,2013-Q2,25.3,,,,
ABS:ERP_COMP_Q(1.0.0),7,2,Q,2013-Q3,33.2,,,,
ABS:ERP_COMP_Q(1.0.0),7,2,Q,2013-Q4,29.2,,,,
ABS:ERP_COMP_Q(1.0.0),7,2,Q,2014-Q1,34.9,,,,
ABS:ERP_COMP_Q(1.0.0),7,2,Q,2014-Q2,25,,,,
ABS:ERP_COMP_Q(1.0.0),7,2,Q,2014-Q3,34.4,,,,
ABS:ERP_COMP_Q(1.0.0),7,2,Q,2014-Q4,30.1,,,,
ABS:ERP_COMP_Q(1.0.0),7,2,Q,2015-Q1,37.1,,,,
ABS:ERP_COMP_Q(1.0.0),7,2,Q,2015-Q2,26.6,,,,
ABS:ERP_COMP_Q(1.0.0),7,2,Q,2015-Q3,36.1,,,,
ABS:ERP_COMP_Q(1.0.0),7,2,Q,2015-Q4,32.9,,,,
ABS:ERP_COMP_Q(1.0.0),7,2,Q,2016-Q1,41,,,,
ABS:ERP_COMP_Q(1.0.0),7,2,Q,2016-Q2,30.2,,,,
ABS:ERP_COMP_Q(1.0.0),7,2,Q,2016-Q3,42.1,,,,
ABS:ERP_COMP_Q(1.0.0),7,2,Q,2016-Q4,37.4,,,,
ABS:ERP_COMP_Q(1.0.0),7,2,Q,2017-Q1,48.2,,,,
ABS:ERP_COMP_Q(1.0.0),7,2,Q,2017-Q2,31.9,,,,
ABS:ERP_COMP_Q(1.0.0),7,2,Q,2017-Q3,43.5,,,,
ABS:ERP_COMP_Q(1.0.0),7,2,Q,2017-Q4,36.2,,,,
ABS:ERP_COMP_Q(1.0.0),7,2,Q,2018-Q1,48.4,,,,
ABS:ERP_COMP_Q(1.0.0),7,2,Q,2018-Q2,33.1,,,,
ABS:ERP_COMP_Q(1.0.0),7,2,Q,2018-Q3,45,,,,
ABS:ERP_COMP_Q(1.0.0),7,2,Q,2018-Q4,37,,,,
ABS:ERP_COMP_Q(1.0.0),7,2,Q,2019-Q1,49.5,,,,
ABS:ERP_COMP_Q(1.0.0),7,2,Q,2019-Q2,36.9,,,,
ABS:ERP_COMP_Q(1.0.0),7,2,Q,2019-Q3,50,,,,
ABS:ERP_COMP_Q(1.0.0),7,2,Q,2019-Q4,49.4,,,,
ABS:ERP_COMP_Q(1.0.0),7,2,Q,2020-Q1,48.2,,,,
ABS:ERP_COMP_Q(1.0.0),7,2,Q,2020-Q2,3.1,,,,
ABS:ERP_COMP_Q(1.0.0),7,2,Q,2020-Q3,2.5,,,,
ABS:ERP_COMP_Q(1.0.0),7,2,Q,2020-Q4,6,,,,
ABS:ERP_COMP_Q(1.0.0),7,2,Q,2021-Q1,8.8,,,,
ABS:ERP_COMP_Q(1.0.0),7,2,Q,2021-Q2,9.8,,,,
ABS:ERP_COMP_Q(1.0.0),7,2,Q,2021-Q3,9,,,,
ABS:ERP_COMP_Q(1.0.0),7,2,Q,2021-Q4,30.6,,,,
ABS:ERP_COMP_Q(1.0.0),7,2,Q,2022-Q1,50.9,,,,
ABS:ERP_COMP_Q(1.0.0),7,2,Q,2022-Q2,38.3,,,,
ABS:ERP_COMP_Q(1.0.0),7,2,Q,2022-Q3,51.6,,,,
ABS:ERP_COMP_Q(1.0.0),7,2,Q,2022-Q4,49.8,,,,
ABS:ERP_COMP_Q(1.0.0),7,2,Q,2023-Q1,63.1,,,,
ABS:ERP_COMP_Q(1.0.0),7,2,Q,2023-Q2,47.5,,,,
ABS:ERP_COMP_Q(1.0.0),7,2,Q,2023-Q3,55.8,,,,
ABS:ERP_COMP_Q(1.0.0),7,2,Q,2023-Q4,44.6,,,,
ABS:ERP_COMP_Q(1.0.0),7,2,Q,2024-Q1,55.3,,,,
ABS:ERP_COMP_Q(1.0.0),7,2,Q,2024-Q2,33.6,,,,
ABS:ERP_COMP_Q(1.0.0),7,2,Q,2024-Q3,41.5,,,,
ABS:ERP_COMP_Q(1.0.0),7,2,Q,2024-Q4,37.4,,,,
ABS:ERP_COMP_Q(1.0.0),7,2,Q,2025-Q1,49.7,,,,
ABS:ERP_COMP_Q(1.0.0),7,2,Q,2025-Q2,29.3,,,,
ABS:ERP_COMP_Q(1.0.0),7,2,Q,2025-Q3,41.8,,,,
ABS:ERP_COMP_Q(1.0.0),7,2,Q,2025-Q4,35.8,,,,
ABS:ERP_COMP_Q(1.0.0),7,6,Q,1981-Q2,0.5,,,,
ABS:ERP_COMP_Q(1.0.0),7,6,Q,1981-Q3,0.5,,,,
ABS:ERP_COMP_Q(1.0.0),7,6,Q,1981-Q4,0.6,,,,
ABS:ERP_COMP_Q(1.0.0),7,6,Q,1982-Q1,0.7,,,,
ABS:ERP_COMP_Q(1.0.0),7,6,Q,1982-Q2,0.4,,,,
ABS:ERP_COMP_Q(1.0.0),7,6,Q,1982-Q3,0.4,,,,
ABS:ERP_COMP_Q(1.0.0),7,6,Q,1982-Q4,0.6,,,,
ABS:ERP_COMP_Q(1.0.0),7,6,Q,1983-Q1,0.6,,,,
ABS:ERP_COMP_Q(1.0.0),7,6,Q,1983-Q2,0.3,,,,
ABS:ERP_COMP_Q(1.0.0),7,6,Q,1983-Q3,0.4,,,,
ABS:ERP_COMP_Q(1.0.0),7,6,Q,1983-Q4,0.6,,,,
ABS:ERP_COMP_Q(1.0.0),7,6,Q,1984-Q1,0.6,,,,
ABS:ERP_COMP_Q(1.0.0),7,6,Q,1984-Q2,0.3,,,,
ABS:ERP_COMP_Q(1.0.0),7,6,Q,1984-Q3,0.4,,,,
ABS:ERP_COMP_Q(1.0.0),7,6,Q,1984-Q4,0.6,,,,
ABS:ERP_COMP_Q(1.0.0),7,6,Q,1985-Q1,0.6,,,,
ABS:ERP_COMP_Q(1.0.0),7,6,Q,1985-Q2,0.4,,,,
ABS:ERP_COMP_Q(1.0.0),7,6,Q,1985-Q3,0.4,,,,
ABS:ERP_COMP_Q(1.0.0),7,6,Q,1985-Q4,0.5,,,,
ABS:ERP_COMP_Q(1.0.0),7,6,Q,1986-Q1,0.7,,,,
ABS:ERP_COMP_Q(1.0.0),7,6,Q,1986-Q2,0.4,,,,
ABS:ERP_COMP_Q(1.0.0),7,6,Q,1986-Q3,0.4,,,,
ABS:ERP_COMP_Q(1.0.0),7,6,Q,1986-Q4,0.6,,,,
ABS:ERP_COMP_Q(1.0.0),7,6,Q,1987-Q1,0.6,,,,
ABS:ERP_COMP_Q(1.0.0),7,6,Q,1987-Q2,0.4,,,,
ABS:ERP_COMP_Q(1.0.0),7,6,Q,1987-Q3,0.5,,,,
ABS:ERP_COMP_Q(1.0.0),7,6,Q,1987-Q4,0.6,,,,
ABS:ERP_COMP_Q(1.0.0),7,6,Q,1988-Q1,0.7,,,,
ABS:ERP_COMP_Q(1.0.0),7,6,Q,1988-Q2,0.4,,,,
ABS:ERP_COMP_Q(1.0.0),7,6,Q,1988-Q3,0.4,,,,
ABS:ERP_COMP_Q(1.0.0),7,6,Q,1988-Q4,0.5,,,,
ABS:ERP_COMP_Q(1.0.0),7,6,Q,1989-Q1,0.7,,,,
ABS:ERP_COMP_Q(1.0.0),7,6,Q,1989-Q2,0.4,,,,
ABS:ERP_COMP_Q(1.0.0),7,6,Q,1989-Q3,0.4,,,,
ABS:ERP_COMP_Q(1.0.0),7,6,Q,1989-Q4,0.6,,,,
ABS:ERP_COMP_Q(1.0.0),7,6,Q,1990-Q1,0.6,,,,
ABS:ERP_COMP_Q(1.0.0),7,6,Q,1990-Q2,0.4,,,,
ABS:ERP_COMP_Q(1.0.0),7,6,Q,1990-Q3,0.4,,,,
ABS:ERP_COMP_Q(1.0.0),7,6,Q,1990-Q4,0.5,,,,
ABS:ERP_COMP_Q(1.0.0),7,6,Q,1991-Q1,0.7,,,,
ABS:ERP_COMP_Q(1.0.0),7,6,Q,1991-Q2,0.3,,,,
ABS:ERP_COMP_Q(1.0.0),7,6,Q,1991-Q3,0.4,,,,
ABS:ERP_COMP_Q(1.0.0),7,6,Q,1991-Q4,0.5,,,,
ABS:ERP_COMP_Q(1.0.0),7,6,Q,1992-Q1,0.6,,,,
ABS:ERP_COMP_Q(1.0.0),7,6,Q,1992-Q2,0.3,,,,
ABS:ERP_COMP_Q(1.0.0),7,6,Q,1992-Q3,0.4,,,,
ABS:ERP_COMP_Q(1.0.0),7,6,Q,1992-Q4,0.5,,,,
ABS:ERP_COMP_Q(1.0.0),7,6,Q,1993-Q1,0.7,,,,
ABS:ERP_COMP_Q(1.0.0),7,6,Q,1993-Q2,0.3,,,,
ABS:ERP_COMP_Q(1.0.0),7,6,Q,1993-Q3,0.4,,,,
ABS:ERP_COMP_Q(1.0.0),7,6,Q,1993-Q4,0.5,,,,
ABS:ERP_COMP_Q(1.0.0),7,6,Q,1994-Q1,0.7,,,,
ABS:ERP_COMP_Q(1.0.0),7,6,Q,1994-Q2,0.4,,,,
ABS:ERP_COMP_Q(1.0.0),7,6,Q,1994-Q3,0.5,,,,
ABS:ERP_COMP_Q(1.0.0),7,6,Q,1994-Q4,0.6,,,,
ABS:ERP_COMP_Q(1.0.0),7,6,Q,1995-Q1,0.8,,,,
ABS:ERP_COMP_Q(1.0.0),7,6,Q,1995-Q2,0.4,,,,
ABS:ERP_COMP_Q(1.0.0),7,6,Q,1995-Q3,0.5,,,,
ABS:ERP_COMP_Q(1.0.0),7,6,Q,1995-Q4,0.5,,,,
ABS:ERP_COMP_Q(1.0.0),7,6,Q,1996-Q1,0.8,,,,
ABS:ERP_COMP_Q(1.0.0),7,6,Q,1996-Q2,0.4,,,,
ABS:ERP_COMP_Q(1.0.0),7,6,Q,1996-Q3,0.5,,,,
ABS:ERP_COMP_Q(1.0.0),7,6,Q,1996-Q4,0.6,,,,
ABS:ERP_COMP_Q(1.0.0),7,6,Q,1997-Q1,0.7,,,,
ABS:ERP_COMP_Q(1.0.0),7,6,Q,1997-Q2,0.4,,,,
ABS:ERP_COMP_Q(1.0.0),7,6,Q,1997-Q3,0.4,,,,
ABS:ERP_COMP_Q(1.0.0),7,6,Q,1997-Q4,0.5,,,,
ABS:ERP_COMP_Q(1.0.0),7,6,Q,1998-Q1,0.7,,,,
ABS:ERP_COMP_Q(1.0.0),7,6,Q,1998-Q2,0.4,,,,
ABS:ERP_COMP_Q(1.0.0),7,6,Q,1998-Q3,0.5,,,,
ABS:ERP_COMP_Q(1.0.0),7,6,Q,1998-Q4,0.7,,,,
ABS:ERP_COMP_Q(1.0.0),7,6,Q,1999-Q1,0.5,,,,
ABS:ERP_COMP_Q(1.0.0),7,6,Q,1999-Q2,0.3,,,,
ABS:ERP_COMP_Q(1.0.0),7,6,Q,1999-Q3,0.6,,,,
ABS:ERP_COMP_Q(1.0.0),7,6,Q,1999-Q4,0.7,,,,
ABS:ERP_COMP_Q(1.0.0),7,6,Q,2000-Q1,0.6,,,,
ABS:ERP_COMP_Q(1.0.0),7,6,Q,2000-Q2,0.3,,,,
ABS:ERP_COMP_Q(1.0.0),7,6,Q,2000-Q3,0.3,,,,
ABS:ERP_COMP_Q(1.0.0),7,6,Q,2000-Q4,0.3,,,,
ABS:ERP_COMP_Q(1.0.0),7,6,Q,2001-Q1,0.7,,,,
ABS:ERP_COMP_Q(1.0.0),7,6,Q,2001-Q2,0.4,,,,
ABS:ERP_COMP_Q(1.0.0),7,6,Q,2001-Q3,0.6,,,,
ABS:ERP_COMP_Q(1.0.0),7,6,Q,2001-Q4,0.7,,,,
ABS:ERP_COMP_Q(1.0.0),7,6,Q,2002-Q1,0.9,,,,
ABS:ERP_COMP_Q(1.0.0),7,6,Q,2002-Q2,0.5,,,,
ABS:ERP_COMP_Q(1.0.0),7,6,Q,2002-Q3,0.6,,,,
ABS:ERP_COMP_Q(1.0.0),7,6,Q,2002-Q4,0.7,,,,
ABS:ERP_COMP_Q(1.0.0),7,6,Q,2003-Q1,1.2,,,,
ABS:ERP_COMP_Q(1.0.0),7,6,Q,2003-Q2,0.6,,,,
ABS:ERP_COMP_Q(1.0.0),7,6,Q,2003-Q3,0.8,,,,
ABS:ERP_COMP_Q(1.0.0),7,6,Q,2003-Q4,0.8,,,,
ABS:ERP_COMP_Q(1.0.0),7,6,Q,2004-Q1,1.2,,,,
ABS:ERP_COMP_Q(1.0.0),7,6,Q,2004-Q2,0.7,,,,
ABS:ERP_COMP_Q(1.0.0),7,6,Q,2004-Q3,0.9,,,,
ABS:ERP_COMP_Q(1.0.0),7,6,Q,2004-Q4,0.9,,,,
ABS:ERP_COMP_Q(1.0.0),7,6,Q,2005-Q1,1.2,,,,
ABS:ERP_COMP_Q(1.0.0),7,6,Q,2005-Q2,0.6,,,,
ABS:ERP_COMP_Q(1.0.0),7,6,Q,2005-Q3,0.9,,,,
ABS:ERP_COMP_Q(1.0.0),7,6,Q,2005-Q4,0.9,,,,
ABS:ERP_COMP_Q(1.0.0),7,6,Q,2006-Q1,1.3,,,,
ABS:ERP_COMP_Q(1.0.0),7,6,Q,2006-Q2,0.7,,,,
ABS:ERP_COMP_Q(1.0.0),7,6,Q,2006-Q3,0.9,,,,
ABS:ERP_COMP_Q(1.0.0),7,6,Q,2006-Q4,0.9,,,,
ABS:ERP_COMP_Q(1.0.0),7,6,Q,2007-Q1,1,,,,
ABS:ERP_COMP_Q(1.0.0),7,6,Q,2007-Q2,0.7,,,,
ABS:ERP_COMP_Q(1.0.0),7,6,Q,2007-Q3,0.9,,,,
ABS:ERP_COMP_Q(1.0.0),7,6,Q,2007-Q4,0.9,,,,
ABS:ERP_COMP_Q(1.0.0),7,6,Q,2008-Q1,1.3,,,,
ABS:ERP_COMP_Q(1.0.0),7,6,Q,2008-Q2,0.8,,,,
ABS:ERP_COMP_Q(1.0.0),7,6,Q,2008-Q3,1.1,,,,
ABS:ERP_COMP_Q(1.0.0),7,6,Q,2008-Q4,1.1,,,,
ABS:ERP_COMP_Q(1.0.0),7,6,Q,2009-Q1,1.3,,,,
ABS:ERP_COMP_Q(1.0.0),7,6,Q,2009-Q2,0.7,,,,
ABS:ERP_COMP_Q(1.0.0),7,6,Q,2009-Q3,1,,,,
ABS:ERP_COMP_Q(1.0.0),7,6,Q,2009-Q4,1,,,,
ABS:ERP_COMP_Q(1.0.0),7,6,Q,2010-Q1,1.3,,,,
ABS:ERP_COMP_Q(1.0.0),7,6,Q,2010-Q2,0.7,,,,
ABS:ERP_COMP_Q(1.0.0),7,6,Q,2010-Q3,0.9,,,,
ABS:ERP_COMP_Q(1.0.0),7,6,Q,2010-Q4,0.9,,,,
ABS:ERP_COMP_Q(1.0.0),7,6,Q,2011-Q1,1.1,,,,
ABS:ERP_COMP_Q(1.0.0),7,6,Q,2011-Q2,0.6,,,,
ABS:ERP_COMP_Q(1.0.0),7,6,Q,2011-Q3,1,,,,
ABS:ERP_COMP_Q(1.0.0),7,6,Q,2011-Q4,0.9,,,,
ABS:ERP_COMP_Q(1.0.0),7,6,Q,2012-Q1,1.2,,,,
ABS:ERP_COMP_Q(1.0.0),7,6,Q,2012-Q2,0.7,,,,
ABS:ERP_COMP_Q(1.0.0),7,6,Q,2012-Q3,0.9,,,,
ABS:ERP_COMP_Q(1.0.0),7,6,Q,2012-Q4,1,,,,
ABS:ERP_COMP_Q(1.0.0),7,6,Q,2013-Q1,1.2,,,,
ABS:ERP_COMP_Q(1.0.0),7,6,Q,2013-Q2,0.8,,,,
ABS:ERP_COMP_Q(1.0.0),7,6,Q,2013-Q3,1.1,,,,
ABS:ERP_COMP_Q(1.0.0),7,6,Q,2013-Q4,1,,,,
ABS:ERP_COMP_Q(1.0.0),7,6,Q,2014-Q1,1.2,,,,
ABS:ERP_COMP_Q(1.0.0),7,6,Q,2014-Q2,0.9,,,,
ABS:ERP_COMP_Q(1.0.0),7,6,Q,2014-Q3,1.1,,,,
ABS:ERP_COMP_Q(1.0.0),7,6,Q,2014-Q4,1.2,,,,
ABS:ERP_COMP_Q(1.0.0),7,6,Q,2015-Q1,1.3,,,,
ABS:ERP_COMP_Q(1.0.0),7,6,Q,2015-Q2,0.7,,,,
ABS:ERP_COMP_Q(1.0.0),7,6,Q,2015-Q3,1.1,,,,
ABS:ERP_COMP_Q(1.0.0),7,6,Q,2015-Q4,1,,,,
ABS:ERP_COMP_Q(1.0.0),7,6,Q,2016-Q1,1.3,,,,
ABS:ERP_COMP_Q(1.0.0),7,6,Q,2016-Q2,0.8,,,,
ABS:ERP_COMP_Q(1.0.0),7,6,Q,2016-Q3,1.1,,,,
ABS:ERP_COMP_Q(1.0.0),7,6,Q,2016-Q4,1.3,,,,
ABS:ERP_COMP_Q(1.0.0),7,6,Q,2017-Q1,1.4,,,,
ABS:ERP_COMP_Q(1.0.0),7,6,Q,2017-Q2,0.8,,,,
ABS:ERP_COMP_Q(1.0.0),7,6,Q,2017-Q3,1.5,,,,
ABS:ERP_COMP_Q(1.0.0),7,6,Q,2017-Q4,1.1,,,,
ABS:ERP_COMP_Q(1.0.0),7,6,Q,2018-Q1,1.4,,,,
ABS:ERP_COMP_Q(1.0.0),7,6,Q,2018-Q2,1.1,,,,
ABS:ERP_COMP_Q(1.0.0),7,6,Q,2018-Q3,1.7,,,,
ABS:ERP_COMP_Q(1.0.0),7,6,Q,2018-Q4,1.3,,,,
ABS:ERP_COMP_Q(1.0.0),7,6,Q,2019-Q1,1.7,,,,
ABS:ERP_COMP_Q(1.0.0),7,6,Q,2019-Q2,1.1,,,,
ABS:ERP_COMP_Q(1.0.0),7,6,Q,2019-Q3,1.5,,,,
ABS:ERP_COMP_Q(1.0.0),7,6,Q,2019-Q4,2.8,,,,
ABS:ERP_COMP_Q(1.0.0),7,6,Q,2020-Q1,2,,,,
ABS:ERP_COMP_Q(1.0.0),7,6,Q,2020-Q2,0.1,,,,
ABS:ERP_COMP_Q(1.0.0),7,6,Q,2020-Q3,0.2,,,,
ABS:ERP_COMP_Q(1.0.0),7,6,Q,2020-Q4,0.4,,,,
ABS:ERP_COMP_Q(1.0.0),7,6,Q,2021-Q1,0.6,,,,
ABS:ERP_COMP_Q(1.0.0),7,6,Q,2021-Q2,0.4,,,,
ABS:ERP_COMP_Q(1.0.0),7,6,Q,2021-Q3,0.5,,,,
ABS:ERP_COMP_Q(1.0.0),7,6,Q,2021-Q4,1.7,,,,
ABS:ERP_COMP_Q(1.0.0),7,6,Q,2022-Q1,1.7,,,,
ABS:ERP_COMP_Q(1.0.0),7,6,Q,2022-Q2,1.4,,,,
ABS:ERP_COMP_Q(1.0.0),7,6,Q,2022-Q3,1.4,,,,
ABS:ERP_COMP_Q(1.0.0),7,6,Q,2022-Q4,2.1,,,,
ABS:ERP_COMP_Q(1.0.0),7,6,Q,2023-Q1,2.1,,,,
ABS:ERP_COMP_Q(1.0.0),7,6,Q,2023-Q2,1.6,,,,
ABS:ERP_COMP_Q(1.0.0),7,6,Q,2023-Q3,1.5,,,,
ABS:ERP_COMP_Q(1.0.0),7,6,Q,2023-Q4,1.9,,,,
ABS:ERP_COMP_Q(1.0.0),7,6,Q,2024-Q1,1.8,,,,
ABS:ERP_COMP_Q(1.0.0),7,6,Q,2024-Q2,1.2,,,,
ABS:ERP_COMP_Q(1.0.0),7,6,Q,2024-Q3,1.4,,,,
ABS:ERP_COMP_Q(1.0.0),7,6,Q,2024-Q4,1.8,,,,
ABS:ERP_COMP_Q(1.0.0),7,6,Q,2025-Q1,1.4,,,,
ABS:ERP_COMP_Q(1.0.0),7,6,Q,2025-Q2,1.1,,,,
ABS:ERP_COMP_Q(1.0.0),7,6,Q,2025-Q3,1.3,,,,
ABS:ERP_COMP_Q(1.0.0),7,6,Q,2025-Q4,1.6,,,,
ABS:ERP_COMP_Q(1.0.0),8,5,Q,1981-Q2,2.2,,,,
ABS:ERP_COMP_Q(1.0.0),8,5,Q,1981-Q3,2.2,,,,
ABS:ERP_COMP_Q(1.0.0),8,5,Q,1981-Q4,2.6,,,,
ABS:ERP_COMP_Q(1.0.0),8,5,Q,1982-Q1,3.1,,,,
ABS:ERP_COMP_Q(1.0.0),8,5,Q,1982-Q2,2.5,,,,
ABS:ERP_COMP_Q(1.0.0),8,5,Q,1982-Q3,2.6,,,,
ABS:ERP_COMP_Q(1.0.0),8,5,Q,1982-Q4,2.8,,,,
ABS:ERP_COMP_Q(1.0.0),8,5,Q,1983-Q1,3.5,,,,
ABS:ERP_COMP_Q(1.0.0),8,5,Q,1983-Q2,2.6,,,,
ABS:ERP_COMP_Q(1.0.0),8,5,Q,1983-Q3,2.8,,,,
ABS:ERP_COMP_Q(1.0.0),8,5,Q,1983-Q4,3,,,,
ABS:ERP_COMP_Q(1.0.0),8,5,Q,1984-Q1,3.2,,,,
ABS:ERP_COMP_Q(1.0.0),8,5,Q,1984-Q2,3,,,,
ABS:ERP_COMP_Q(1.0.0),8,5,Q,1984-Q3,2.7,,,,
ABS:ERP_COMP_Q(1.0.0),8,5,Q,1984-Q4,2.8,,,,
ABS:ERP_COMP_Q(1.0.0),8,5,Q,1985-Q1,2.9,,,,
ABS:ERP_COMP_Q(1.0.0),8,5,Q,1985-Q2,2.6,,,,
ABS:ERP_COMP_Q(1.0.0),8,5,Q,1985-Q3,2.2,,,,
ABS:ERP_COMP_Q(1.0.0),8,5,Q,1985-Q4,2.5,,,,
ABS:ERP_COMP_Q(1.0.0),8,5,Q,1986-Q1,2.6,,,,
ABS:ERP_COMP_Q(1.0.0),8,5,Q,1986-Q2,2.2,,,,
ABS:ERP_COMP_Q(1.0.0),8,5,Q,1986-Q3,2.1,,,,
ABS:ERP_COMP_Q(1.0.0),8,5,Q,1986-Q4,2.5,,,,
ABS:ERP_COMP_Q(1.0.0),8,5,Q,1987-Q1,3.2,,,,
ABS:ERP_COMP_Q(1.0.0),8,5,Q,1987-Q2,2.8,,,,
ABS:ERP_COMP_Q(1.0.0),8,5,Q,1987-Q3,2.5,,,,
ABS:ERP_COMP_Q(1.0.0),8,5,Q,1987-Q4,2.9,,,,
ABS:ERP_COMP_Q(1.0.0),8,5,Q,1988-Q1,3.2,,,,
ABS:ERP_COMP_Q(1.0.0),8,5,Q,1988-Q2,2.8,,,,
ABS:ERP_COMP_Q(1.0.0),8,5,Q,1988-Q3,3,,,,
ABS:ERP_COMP_Q(1.0.0),8,5,Q,1988-Q4,3.4,,,,
ABS:ERP_COMP_Q(1.0.0),8,5,Q,1989-Q1,3.8,,,,
ABS:ERP_COMP_Q(1.0.0),8,5,Q,1989-Q2,3.3,,,,
ABS:ERP_COMP_Q(1.0.0),8,5,Q,1989-Q3,3.3,,,,
ABS:ERP_COMP_Q(1.0.0),8,5,Q,1989-Q4,4.2,,,,
ABS:ERP_COMP_Q(1.0.0),8,5,Q,1990-Q1,4.5,,,,
ABS:ERP_COMP_Q(1.0.0),8,5,Q,1990-Q2,4,,,,
ABS:ERP_COMP_Q(1.0.0),8,5,Q,1990-Q3,3.9,,,,
ABS:ERP_COMP_Q(1.0.0),8,5,Q,1990-Q4,4.5,,,,
ABS:ERP_COMP_Q(1.0.0),8,5,Q,1991-Q1,4.7,,,,
ABS:ERP_COMP_Q(1.0.0),8,5,Q,1991-Q2,3.9,,,,
ABS:ERP_COMP_Q(1.0.0),8,5,Q,1991-Q3,3.5,,,,
ABS:ERP_COMP_Q(1.0.0),8,5,Q,1991-Q4,4.2,,,,
ABS:ERP_COMP_Q(1.0.0),8,5,Q,1992-Q1,4.5,,,,
ABS:ERP_COMP_Q(1.0.0),8,5,Q,1992-Q2,3.3,,,,
ABS:ERP_COMP_Q(1.0.0),8,5,Q,1992-Q3,3.5,,,,
ABS:ERP_COMP_Q(1.0.0),8,5,Q,1992-Q4,3.9,,,,
ABS:ERP_COMP_Q(1.0.0),8,5,Q,1993-Q1,3.8,,,,
ABS:ERP_COMP_Q(1.0.0),8,5,Q,1993-Q2,3.2,,,,
ABS:ERP_COMP_Q(1.0.0),8,5,Q,1993-Q3,3.3,,,,
ABS:ERP_COMP_Q(1.0.0),8,5,Q,1993-Q4,4,,,,
ABS:ERP_COMP_Q(1.0.0),8,5,Q,1994-Q1,4.1,,,,
ABS:ERP_COMP_Q(1.0.0),8,5,Q,1994-Q2,3.5,,,,
ABS:ERP_COMP_Q(1.0.0),8,5,Q,1994-Q3,3.4,,,,
ABS:ERP_COMP_Q(1.0.0),8,5,Q,1994-Q4,4.3,,,,
ABS:ERP_COMP_Q(1.0.0),8,5,Q,1995-Q1,4.5,,,,
ABS:ERP_COMP_Q(1.0.0),8,5,Q,1995-Q2,3.7,,,,
ABS:ERP_COMP_Q(1.0.0),8,5,Q,1995-Q3,3.8,,,,
ABS:ERP_COMP_Q(1.0.0),8,5,Q,1995-Q4,4.6,,,,
ABS:ERP_COMP_Q(1.0.0),8,5,Q,1996-Q1,4.8,,,,
ABS:ERP_COMP_Q(1.0.0),8,5,Q,1996-Q2,3.9,,,,
ABS:ERP_COMP_Q(1.0.0),8,5,Q,1996-Q3,4,,,,
ABS:ERP_COMP_Q(1.0.0),8,5,Q,1996-Q4,4.7,,,,
ABS:ERP_COMP_Q(1.0.0),8,5,Q,1997-Q1,4.9,,,,
ABS:ERP_COMP_Q(1.0.0),8,5,Q,1997-Q2,4.3,,,,
ABS:ERP_COMP_Q(1.0.0),8,5,Q,1997-Q3,4.5,,,,
ABS:ERP_COMP_Q(1.0.0),8,5,Q,1997-Q4,5.3,,,,
ABS:ERP_COMP_Q(1.0.0),8,5,Q,1998-Q1,5.2,,,,
ABS:ERP_COMP_Q(1.0.0),8,5,Q,1998-Q2,5,,,,
ABS:ERP_COMP_Q(1.0.0),8,5,Q,1998-Q3,4,,,,
ABS:ERP_COMP_Q(1.0.0),8,5,Q,1998-Q4,4.8,,,,
ABS:ERP_COMP_Q(1.0.0),8,5,Q,1999-Q1,5,,,,
ABS:ERP_COMP_Q(1.0.0),8,5,Q,1999-Q2,4.5,,,,
ABS:ERP_COMP_Q(1.0.0),8,5,Q,1999-Q3,4.1,,,,
ABS:ERP_COMP_Q(1.0.0),8,5,Q,1999-Q4,6,,,,
ABS:ERP_COMP_Q(1.0.0),8,5,Q,2000-Q1,5.5,,,,
ABS:ERP_COMP_Q(1.0.0),8,5,Q,2000-Q2,4.8,,,,
ABS:ERP_COMP_Q(1.0.0),8,5,Q,2000-Q3,4.5,,,,
ABS:ERP_COMP_Q(1.0.0),8,5,Q,2000-Q4,4.8,,,,
ABS:ERP_COMP_Q(1.0.0),8,5,Q,2001-Q1,5.8,,,,
ABS:ERP_COMP_Q(1.0.0),8,5,Q,2001-Q2,4.7,,,,
ABS:ERP_COMP_Q(1.0.0),8,5,Q,2001-Q3,5,,,,
ABS:ERP_COMP_Q(1.0.0),8,5,Q,2001-Q4,4.9,,,,
ABS:ERP_COMP_Q(1.0.0),8,5,Q,2002-Q1,6.2,,,,
ABS:ERP_COMP_Q(1.0.0),8,5,Q,2002-Q2,5.2,,,,
ABS:ERP_COMP_Q(1.0.0),8,5,Q,2002-Q3,5.1,,,,
ABS:ERP_COMP_Q(1.0.0),8,5,Q,2002-Q4,5.3,,,,
ABS:ERP_COMP_Q(1.0.0),8,5,Q,2003-Q1,6.1,,,,
ABS:ERP_COMP_Q(1.0.0),8,5,Q,2003-Q2,4.9,,,,
ABS:ERP_COMP_Q(1.0.0),8,5,Q,2003-Q3,5.2,,,,
ABS:ERP_COMP_Q(1.0.0),8,5,Q,2003-Q4,5.8,,,,
ABS:ERP_COMP_Q(1.0.0),8,5,Q,2004-Q1,6.7,,,,
ABS:ERP_COMP_Q(1.0.0),8,5,Q,2004-Q2,5.7,,,,
ABS:ERP_COMP_Q(1.0.0),8,5,Q,2004-Q3,5.6,,,,
ABS:ERP_COMP_Q(1.0.0),8,5,Q,2004-Q4,6.1,,,,
ABS:ERP_COMP_Q(1.0.0),8,5,Q,2005-Q1,6.8,,,,
ABS:ERP_COMP_Q(1.0.0),8,5,Q,2005-Q2,6,,,,
ABS:ERP_COMP_Q(1.0.0),8,5,Q,2005-Q3,5.8,,,,
ABS:ERP_COMP_Q(1.0.0),8,5,Q,2005-Q4,6.3,,,,
ABS:ERP_COMP_Q(1.0.0),8,5,Q,2006-Q1,7.2,,,,
ABS:ERP_COMP_Q(1.0.0),8,5,Q,2006-Q2,6.3,,,,
ABS:ERP_COMP_Q(1.0.0),8,5,Q,2006-Q3,5.3,,,,
ABS:ERP_COMP_Q(1.0.0),8,5,Q,2006-Q4,6.2,,,,
ABS:ERP_COMP_Q(1.0.0),8,5,Q,2007-Q1,5.3,,,,
ABS:ERP_COMP_Q(1.0.0),8,5,Q,2007-Q2,5.7,,,,
ABS:ERP_COMP_Q(1.0.0),8,5,Q,2007-Q3,6.2,,,,
ABS:ERP_COMP_Q(1.0.0),8,5,Q,2007-Q4,6.6,,,,
ABS:ERP_COMP_Q(1.0.0),8,5,Q,2008-Q1,6.1,,,,
ABS:ERP_COMP_Q(1.0.0),8,5,Q,2008-Q2,6.1,,,,
ABS:ERP_COMP_Q(1.0.0),8,5,Q,2008-Q3,5.8,,,,
ABS:ERP_COMP_Q(1.0.0),8,5,Q,2008-Q4,6.7,,,,
ABS:ERP_COMP_Q(1.0.0),8,5,Q,2009-Q1,6,,,,
ABS:ERP_COMP_Q(1.0.0),8,5,Q,2009-Q2,6.9,,,,
ABS:ERP_COMP_Q(1.0.0),8,5,Q,2009-Q3,7.1,,,,
ABS:ERP_COMP_Q(1.0.0),8,5,Q,2009-Q4,8.1,,,,
ABS:ERP_COMP_Q(1.0.0),8,5,Q,2010-Q1,6.8,,,,
ABS:ERP_COMP_Q(1.0.0),8,5,Q,2010-Q2,7,,,,
ABS:ERP_COMP_Q(1.0.0),8,5,Q,2010-Q3,7.4,,,,
ABS:ERP_COMP_Q(1.0.0),8,5,Q,2010-Q4,7.9,,,,
ABS:ERP_COMP_Q(1.0.0),8,5,Q,2011-Q1,6.7,,,,
ABS:ERP_COMP_Q(1.0.0),8,5,Q,2011-Q2,6.6,,,,
ABS:ERP_COMP_Q(1.0.0),8,5,Q,2011-Q3,6.7,,,,
ABS:ERP_COMP_Q(1.0.0),8,5,Q,2011-Q4,7.4,,,,
ABS:ERP_COMP_Q(1.0.0),8,5,Q,2012-Q1,6.4,,,,
ABS:ERP_COMP_Q(1.0.0),8,5,Q,2012-Q2,6.7,,,,
ABS:ERP_COMP_Q(1.0.0),8,5,Q,2012-Q3,7.4,,,,
ABS:ERP_COMP_Q(1.0.0),8,5,Q,2012-Q4,8.9,,,,
ABS:ERP_COMP_Q(1.0.0),8,5,Q,2013-Q1,7.8,,,,
ABS:ERP_COMP_Q(1.0.0),8,5,Q,2013-Q2,8.2,,,,
ABS:ERP_COMP_Q(1.0.0),8,5,Q,2013-Q3,10.7,,,,
ABS:ERP_COMP_Q(1.0.0),8,5,Q,2013-Q4,11.8,,,,
ABS:ERP_COMP_Q(1.0.0),8,5,Q,2014-Q1,9,,,,
ABS:ERP_COMP_Q(1.0.0),8,5,Q,2014-Q2,9.9,,,,
ABS:ERP_COMP_Q(1.0.0),8,5,Q,2014-Q3,10.2,,,,
ABS:ERP_COMP_Q(1.0.0),8,5,Q,2014-Q4,10.7,,,,
ABS:ERP_COMP_Q(1.0.0),8,5,Q,2015-Q1,8.9,,,,
ABS:ERP_COMP_Q(1.0.0),8,5,Q,2015-Q2,9.3,,,,
ABS:ERP_COMP_Q(1.0.0),8,5,Q,2015-Q3,10.5,,,,
ABS:ERP_COMP_Q(1.0.0),8,5,Q,2015-Q4,11,,,,
ABS:ERP_COMP_Q(1.0.0),8,5,Q,2016-Q1,9.1,,,,
ABS:ERP_COMP_Q(1.0.0),8,5,Q,2016-Q2,9.3,,,,
ABS:ERP_COMP_Q(1.0.0),8,5,Q,2016-Q3,9.9,,,,
ABS:ERP_COMP_Q(1.0.0),8,5,Q,2016-Q4,10.3,,,,
ABS:ERP_COMP_Q(1.0.0),8,5,Q,2017-Q1,8.4,,,,
ABS:ERP_COMP_Q(1.0.0),8,5,Q,2017-Q2,8,,,,
ABS:ERP_COMP_Q(1.0.0),8,5,Q,2017-Q3,8.5,,,,
ABS:ERP_COMP_Q(1.0.0),8,5,Q,2017-Q4,9.1,,,,
ABS:ERP_COMP_Q(1.0.0),8,5,Q,2018-Q1,7.5,,,,
ABS:ERP_COMP_Q(1.0.0),8,5,Q,2018-Q2,7.1,,,,
ABS:ERP_COMP_Q(1.0.0),8,5,Q,2018-Q3,7.9,,,,
ABS:ERP_COMP_Q(1.0.0),8,5,Q,2018-Q4,7.7,,,,
ABS:ERP_COMP_Q(1.0.0),8,5,Q,2019-Q1,7,,,,
ABS:ERP_COMP_Q(1.0.0),8,5,Q,2019-Q2,8.1,,,,
ABS:ERP_COMP_Q(1.0.0),8,5,Q,2019-Q3,7.5,,,,
ABS:ERP_COMP_Q(1.0.0),8,5,Q,2019-Q4,8.8,,,,
ABS:ERP_COMP_Q(1.0.0),8,5,Q,2020-Q1,7.3,,,,
ABS:ERP_COMP_Q(1.0.0),8,5,Q,2020-Q2,1.6,,,,
ABS:ERP_COMP_Q(1.0.0),8,5,Q,2020-Q3,4.4,,,,
ABS:ERP_COMP_Q(1.0.0),8,5,Q,2020-Q4,5.2,,,,
ABS:ERP_COMP_Q(1.0.0),8,5,Q,2021-Q1,4.2,,,,
ABS:ERP_COMP_Q(1.0.0),8,5,Q,2021-Q2,4.2,,,,
ABS:ERP_COMP_Q(1.0.0),8,5,Q,2021-Q3,4.2,,,,
ABS:ERP_COMP_Q(1.0.0),8,5,Q,2021-Q4,4.7,,,,
ABS:ERP_COMP_Q(1.0.0),8,5,Q,2022-Q1,5.3,,,,
ABS:ERP_COMP_Q(1.0.0),8,5,Q,2022-Q2,6.2,,,,
ABS:ERP_COMP_Q(1.0.0),8,5,Q,2022-Q3,5.3,,,,
ABS:ERP_COMP_Q(1.0.0),8,5,Q,2022-Q4,5.2,,,,
ABS:ERP_COMP_Q(1.0.0),8,5,Q,2023-Q1,5,,,,
ABS:ERP_COMP_Q(1.0.0),8,5,Q,2023-Q2,5,,,,
ABS:ERP_COMP_Q(1.0.0),8,5,Q,2023-Q3,5.1,,,,
ABS:ERP_COMP_Q(1.0.0),8,5,Q,2023-Q4,5.9,,,,
ABS:ERP_COMP_Q(1.0.0),8,5,Q,2024-Q1,6.1,,,,
ABS:ERP_COMP_Q(1.0.0),8,5,Q,2024-Q2,7.1,,,,
ABS:ERP_COMP_Q(1.0.0),8,5,Q,2024-Q3,7.6,,,,
ABS:ERP_COMP_Q(1.0.0),8,5,Q,2024-Q4,7.9,,,,
ABS:ERP_COMP_Q(1.0.0),8,5,Q,2025-Q1,7,,,,
ABS:ERP_COMP_Q(1.0.0),8,5,Q,2025-Q2,6.9,,,,
ABS:ERP_COMP_Q(1.0.0),8,5,Q,2025-Q3,7.2,,,,
ABS:ERP_COMP_Q(1.0.0),8,5,Q,2025-Q4,8,,,,
ABS:ERP_COMP_Q(1.0.0),11,8,Q,1981-Q2,0,,,,
ABS:ERP_COMP_Q(1.0.0),11,8,Q,1981-Q3,0.1,,,,
ABS:ERP_COMP_Q(1.0.0),11,8,Q,1981-Q4,0.4,,,,
ABS:ERP_COMP_Q(1.0.0),11,8,Q,1982-Q1,0.4,,,,
ABS:ERP_COMP_Q(1.0.0),11,8,Q,1982-Q2,0.2,,,,
ABS:ERP_COMP_Q(1.0.0),11,8,Q,1982-Q3,0,,,,
ABS:ERP_COMP_Q(1.0.0),11,8,Q,1982-Q4,0.4,,,,
ABS:ERP_COMP_Q(1.0.0),11,8,Q,1983-Q1,0.2,,,,
ABS:ERP_COMP_Q(1.0.0),11,8,Q,1983-Q2,0,,,,
ABS:ERP_COMP_Q(1.0.0),11,8,Q,1983-Q3,0.1,,,,
ABS:ERP_COMP_Q(1.0.0),11,8,Q,1983-Q4,0.2,,,,
ABS:ERP_COMP_Q(1.0.0),11,8,Q,1984-Q1,0.5,,,,
ABS:ERP_COMP_Q(1.0.0),11,8,Q,1984-Q2,-0.1,,,,
ABS:ERP_COMP_Q(1.0.0),11,8,Q,1984-Q3,0.1,,,,
ABS:ERP_COMP_Q(1.0.0),11,8,Q,1984-Q4,0,,,,
ABS:ERP_COMP_Q(1.0.0),11,8,Q,1985-Q1,0.4,,,,
ABS:ERP_COMP_Q(1.0.0),11,8,Q,1985-Q2,0,,,,
ABS:ERP_COMP_Q(1.0.0),11,8,Q,1985-Q3,0.2,,,,
ABS:ERP_COMP_Q(1.0.0),11,8,Q,1985-Q4,0.3,,,,
ABS:ERP_COMP_Q(1.0.0),11,8,Q,1986-Q1,0.6,,,,
ABS:ERP_COMP_Q(1.0.0),11,8,Q,1986-Q2,0.2,,,,
ABS:ERP_COMP_Q(1.0.0),11,8,Q,1986-Q3,0.2,,,,
ABS:ERP_COMP_Q(1.0.0),11,8,Q,1986-Q4,0.4,,,,
ABS:ERP_COMP_Q(1.0.0),11,8,Q,1987-Q1,0.5,,,,
ABS:ERP_COMP_Q(1.0.0),11,8,Q,1987-Q2,0.1,,,,
ABS:ERP_COMP_Q(1.0.0),11,8,Q,1987-Q3,0.4,,,,
ABS:ERP_COMP_Q(1.0.0),11,8,Q,1987-Q4,0.1,,,,
ABS:ERP_COMP_Q(1.0.0),11,8,Q,1988-Q1,0.6,,,,
ABS:ERP_COMP_Q(1.0.0),11,8,Q,1988-Q2,0.1,,,,
ABS:ERP_COMP_Q(1.0.0),11,8,Q,1988-Q3,0.1,,,,
ABS:ERP_COMP_Q(1.0.0),11,8,Q,1988-Q4,0.2,,,,
ABS:ERP_COMP_Q(1.0.0),11,8,Q,1989-Q1,0.2,,,,
ABS:ERP_COMP_Q(1.0.0),11,8,Q,1989-Q2,0,,,,
ABS:ERP_COMP_Q(1.0.0),11,8,Q,1989-Q3,0.1,,,,
ABS:ERP_COMP_Q(1.0.0),11,8,Q,1989-Q4,0.1,,,,
ABS:ERP_COMP_Q(1.0.0),11,8,Q,1990-Q1,0.4,,,,
ABS:ERP_COMP_Q(1.0.0),11,8,Q,1990-Q2,-0.1,,,,
ABS:ERP_COMP_Q(1.0.0),11,8,Q,1990-Q3,0.3,,,,
ABS:ERP_COMP_Q(1.0.0),11,8,Q,1990-Q4,0,,,,
ABS:ERP_COMP_Q(1.0.0),11,8,Q,1991-Q1,0.4,,,,
ABS:ERP_COMP_Q(1.0.0),11,8,Q,1991-Q2,-0.1,,,,
ABS:ERP_COMP_Q(1.0.0),11,8,Q,1991-Q3,0.1,,,,
ABS:ERP_COMP_Q(1.0.0),11,8,Q,1991-Q4,0.1,,,,
ABS:ERP_COMP_Q(1.0.0),11,8,Q,1992-Q1,0.4,,,,
ABS:ERP_COMP_Q(1.0.0),11,8,Q,1992-Q2,-0.1,,,,
ABS:ERP_COMP_Q(1.0.0),11,8,Q,1992-Q3,0.1,,,,
ABS:ERP_COMP_Q(1.0.0),11,8,Q,1992-Q4,0,,,,
ABS:ERP_COMP_Q(1.0.0),11,8,Q,1993-Q1,0.3,,,,
ABS:ERP_COMP_Q(1.0.0),11,8,Q,1993-Q2,-0.2,,,,
ABS:ERP_COMP_Q(1.0.0),11,8,Q,1993-Q3,0.1,,,,
ABS:ERP_COMP_Q(1.0.0),11,8,Q,1993-Q4,-0.2,,,,
ABS:ERP_COMP_Q(1.0.0),11,8,Q,1994-Q1,0.3,,,,
ABS:ERP_COMP_Q(1.0.0),11,8,Q,1994-Q2,-0.1,,,,
ABS:ERP_COMP_Q(1.0.0),11,8,Q,1994-Q3,0.1,,,,
ABS:ERP_COMP_Q(1.0.0),11,8,Q,1994-Q4,-0.2,,,,
ABS:ERP_COMP_Q(1.0.0),11,8,Q,1995-Q1,0.7,,,,
ABS:ERP_COMP_Q(1.0.0),11,8,Q,1995-Q2,0,,,,
ABS:ERP_COMP_Q(1.0.0),11,8,Q,1995-Q3,0.2,,,,
ABS:ERP_COMP_Q(1.0.0),11,8,Q,1995-Q4,0,,,,
ABS:ERP_COMP_Q(1.0.0),11,8,Q,1996-Q1,0.4,,,,
ABS:ERP_COMP_Q(1.0.0),11,8,Q,1996-Q2,0,,,,
ABS:ERP_COMP_Q(1.0.0),11,8,Q,1996-Q3,0.1,,,,
ABS:ERP_COMP_Q(1.0.0),11,8,Q,1996-Q4,-0.2,,,,
ABS:ERP_COMP_Q(1.0.0),11,8,Q,1997-Q1,0.3,,,,
ABS:ERP_COMP_Q(1.0.0),11,8,Q,1997-Q2,-0.1,,,,
ABS:ERP_COMP_Q(1.0.0),11,8,Q,1997-Q3,-0.1,,,,
ABS:ERP_COMP_Q(1.0.0),11,8,Q,1997-Q4,-0.2,,,,
ABS:ERP_COMP_Q(1.0.0),11,8,Q,1998-Q1,0.4,,,,
ABS:ERP_COMP_Q(1.0.0),11,8,Q,1998-Q2,-0.3,,,,
ABS:ERP_COMP_Q(1.0.0),11,8,Q,1998-Q3,-0.2,,,,
ABS:ERP_COMP_Q(1.0.0),11,8,Q,1998-Q4,0,,,,
ABS:ERP_COMP_Q(1.0.0),11,8,Q,1999-Q1,0.2,,,,
ABS:ERP_COMP_Q(1.0.0),11,8,Q,1999-Q2,-0.3,,,,
ABS:ERP_COMP_Q(1.0.0),11,8,Q,1999-Q3,-0.1,,,,
ABS:ERP_COMP_Q(1.0.0),11,8,Q,1999-Q4,-0.3,,,,
ABS:ERP_COMP_Q(1.0.0),11,8,Q,2000-Q1,0.3,,,,
ABS:ERP_COMP_Q(1.0.0),11,8,Q,2000-Q2,0,,,,
ABS:ERP_COMP_Q(1.0.0),11,8,Q,2000-Q3,0.2,,,,
ABS:ERP_COMP_Q(1.0.0),11,8,Q,2000-Q4,-0.1,,,,
ABS:ERP_COMP_Q(1.0.0),11,8,Q,2001-Q1,0.6,,,,
ABS:ERP_COMP_Q(1.0.0),11,8,Q,2001-Q2,0,,,,
ABS:ERP_COMP_Q(1.0.0),11,8,Q,2001-Q3,0.3,,,,
ABS:ERP_COMP_Q(1.0.0),11,8,Q,2001-Q4,0,,,,
ABS:ERP_COMP_Q(1.0.0),11,8,Q,2002-Q1,0.5,,,,
ABS:ERP_COMP_Q(1.0.0),11,8,Q,2002-Q2,0,,,,
ABS:ERP_COMP_Q(1.0.0),11,8,Q,2002-Q3,0.2,,,,
ABS:ERP_COMP_Q(1.0.0),11,8,Q,2002-Q4,-0.1,,,,
ABS:ERP_COMP_Q(1.0.0),11,8,Q,2003-Q1,0.8,,,,
ABS:ERP_COMP_Q(1.0.0),11,8,Q,2003-Q2,-0.1,,,,
ABS:ERP_COMP_Q(1.0.0),11,8,Q,2003-Q3,0.3,,,,
ABS:ERP_COMP_Q(1.0.0),11,8,Q,2003-Q4,0,,,,
ABS:ERP_COMP_Q(1.0.0),11,8,Q,2004-Q1,0.9,,,,
ABS:ERP_COMP_Q(1.0.0),11,8,Q,2004-Q2,0,,,,
ABS:ERP_COMP_Q(1.0.0),11,8,Q,2004-Q3,0.5,,,,
ABS:ERP_COMP_Q(1.0.0),11,8,Q,2004-Q4,-0.1,,,,
ABS:ERP_COMP_Q(1.0.0),11,8,Q,2005-Q1,0.8,,,,
ABS:ERP_COMP_Q(1.0.0),11,8,Q,2005-Q2,-0.2,,,,
ABS:ERP_COMP_Q(1.0.0),11,8,Q,2005-Q3,0.4,,,,
ABS:ERP_COMP_Q(1.0.0),11,8,Q,2005-Q4,0.1,,,,
ABS:ERP_COMP_Q(1.0.0),11,8,Q,2006-Q1,0.7,,,,
ABS:ERP_COMP_Q(1.0.0),11,8,Q,2006-Q2,-0.1,,,,
ABS:ERP_COMP_Q(1.0.0),11,8,Q,2006-Q3,0.4,,,,
ABS:ERP_COMP_Q(1.0.0),11,8,Q,2006-Q4,0.3,,,,
ABS:ERP_COMP_Q(1.0.0),11,8,Q,2007-Q1,0.9,,,,
ABS:ERP_COMP_Q(1.0.0),11,8,Q,2007-Q2,0.4,,,,
ABS:ERP_COMP_Q(1.0.0),11,8,Q,2007-Q3,0.4,,,,
ABS:ERP_COMP_Q(1.0.0),11,8,Q,2007-Q4,0.2,,,,
ABS:ERP_COMP_Q(1.0.0),11,8,Q,2008-Q1,1.3,,,,
ABS:ERP_COMP_Q(1.0.0),11,8,Q,2008-Q2,0.6,,,,
ABS:ERP_COMP_Q(1.0.0),11,8,Q,2008-Q3,0.9,,,,
ABS:ERP_COMP_Q(1.0.0),11,8,Q,2008-Q4,0.5,,,,
ABS:ERP_COMP_Q(1.0.0),11,8,Q,2009-Q1,1.6,,,,
ABS:ERP_COMP_Q(1.0.0),11,8,Q,2009-Q2,0.6,,,,
ABS:ERP_COMP_Q(1.0.0),11,8,Q,2009-Q3,1,,,,
ABS:ERP_COMP_Q(1.0.0),11,8,Q,2009-Q4,0.5,,,,
ABS:ERP_COMP_Q(1.0.0),11,8,Q,2010-Q1,1.3,,,,
ABS:ERP_COMP_Q(1.0.0),11,8,Q,2010-Q2,0.3,,,,
ABS:ERP_COMP_Q(1.0.0),11,8,Q,2010-Q3,0.3,,,,
ABS:ERP_COMP_Q(1.0.0),11,8,Q,2010-Q4,0.1,,,,
ABS:ERP_COMP_Q(1.0.0),11,8,Q,2011-Q1,1,,,,
ABS:ERP_COMP_Q(1.0.0),11,8,Q,2011-Q2,0.3,,,,
ABS:ERP_COMP_Q(1.0.0),11,8,Q,2011-Q3,1,,,,
ABS:ERP_COMP_Q(1.0.0),11,8,Q,2011-Q4,0.7,,,,
ABS:ERP_COMP_Q(1.0.0),11,8,Q,2012-Q1,1.7,,,,
ABS:ERP_COMP_Q(1.0.0),11,8,Q,2012-Q2,0.6,,,,
ABS:ERP_COMP_Q(1.0.0),11,8,Q,2012-Q3,0.9,,,,
ABS:ERP_COMP_Q(1.0.0),11,8,Q,2012-Q4,0.3,,,,
ABS:ERP_COMP_Q(1.0.0),11,8,Q,2013-Q1,1.3,,,,
ABS:ERP_COMP_Q(1.0.0),11,8,Q,2013-Q2,0.4,,,,
ABS:ERP_COMP_Q(1.0.0),11,8,Q,2013-Q3,0.8,,,,
ABS:ERP_COMP_Q(1.0.0),11,8,Q,2013-Q4,0.2,,,,
ABS:ERP_COMP_Q(1.0.0),11,8,Q,2014-Q1,1.5,,,,
ABS:ERP_COMP_Q(1.0.0),11,8,Q,2014-Q2,0.3,,,,
ABS:ERP_COMP_Q(1.0.0),11,8,Q,2014-Q3,1.1,,,,
ABS:ERP_COMP_Q(1.0.0),11,8,Q,2014-Q4,0.3,,,,
ABS:ERP_COMP_Q(1.0.0),11,8,Q,2015-Q1,1.6,,,,
ABS:ERP_COMP_Q(1.0.0),11,8,Q,2015-Q2,0.5,,,,
ABS:ERP_COMP_Q(1.0.0),11,8,Q,2015-Q3,1,,,,
ABS:ERP_COMP_Q(1.0.0),11,8,Q,2015-Q4,0.3,,,,
ABS:ERP_COMP_Q(1.0.0),11,8,Q,2016-Q1,1.6,,,,
ABS:ERP_COMP_Q(1.0.0),11,8,Q,2016-Q2,0.4,,,,
ABS:ERP_COMP_Q(1.0.0),11,8,Q,2016-Q3,1.3,,,,
ABS:ERP_COMP_Q(1.0.0),11,8,Q,2016-Q4,0.4,,,,
ABS:ERP_COMP_Q(1.0.0),11,8,Q,2017-Q1,1.9,,,,
ABS:ERP_COMP_Q(1.0.0),11,8,Q,2017-Q2,0.5,,,,
ABS:ERP_COMP_Q(1.0.0),11,8,Q,2017-Q3,1.6,,,,
ABS:ERP_COMP_Q(1.0.0),11,8,Q,2017-Q4,0.3,,,,
ABS:ERP_COMP_Q(1.0.0),11,8,Q,2018-Q1,1.9,,,,
ABS:ERP_COMP_Q(1.0.0),11,8,Q,2018-Q2,0.7,,,,
ABS:ERP_COMP_Q(1.0.0),11,8,Q,2018-Q3,1.3,,,,
ABS:ERP_COMP_Q(1.0.0),11,8,Q,2018-Q4,-0.1,,,,
ABS:ERP_COMP_Q(1.0.0),11,8,Q,2019-Q1,1.4,,,,
ABS:ERP_COMP_Q(1.0.0),11,8,Q,2019-Q2,0.2,,,,
ABS:ERP_COMP_Q(1.0.0),11,8,Q,2019-Q3,1,,,,
ABS:ERP_COMP_Q(1.0.0),11,8,Q,2019-Q4,-0.4,,,,
ABS:ERP_COMP_Q(1.0.0),11,8,Q,2020-Q1,1.6,,,,
ABS:ERP_COMP_Q(1.0.0),11,8,Q,2020-Q2,0,,,,
ABS:ERP_COMP_Q(1.0.0),11,8,Q,2020-Q3,-1,,,,
ABS:ERP_COMP_Q(1.0.0),11,8,Q,2020-Q4,-1.1,,,,
ABS:ERP_COMP_Q(1.0.0),11,8,Q,2021-Q1,-0.6,,,,
ABS:ERP_COMP_Q(1.0.0),11,8,Q,2021-Q2,-0.5,,,,
ABS:ERP_COMP_Q(1.0.0),11,8,Q,2021-Q3,-0.7,,,,
ABS:ERP_COMP_Q(1.0.0),11,8,Q,2021-Q4,0.9,,,,
ABS:ERP_COMP_Q(1.0.0),11,8,Q,2022-Q1,2.1,,,,
ABS:ERP_COMP_Q(1.0.0),11,8,Q,2022-Q2,1,,,,
ABS:ERP_COMP_Q(1.0.0),11,8,Q,2022-Q3,2.4,,,,
ABS:ERP_COMP_Q(1.0.0),11,8,Q,2022-Q4,1.4,,,,
ABS:ERP_COMP_Q(1.0.0),11,8,Q,2023-Q1,3,,,,
ABS:ERP_COMP_Q(1.0.0),11,8,Q,2023-Q2,1.5,,,,
ABS:ERP_COMP_Q(1.0.0),11,8,Q,2023-Q3,2.5,,,,
ABS:ERP_COMP_Q(1.0.0),11,8,Q,2023-Q4,0.9,,,,
ABS:ERP_COMP_Q(1.0.0),11,8,Q,2024-Q1,2.2,,,,
ABS:ERP_COMP_Q(1.0.0),11,8,Q,2024-Q2,0.3,,,,
ABS:ERP_COMP_Q(1.0.0),11,8,Q,2024-Q3,1.1,,,,
ABS:ERP_COMP_Q(1.0.0),11,8,Q,2024-Q4,0.6,,,,
ABS:ERP_COMP_Q(1.0.0),11,8,Q,2025-Q1,1.9,,,,
ABS:ERP_COMP_Q(1.0.0),11,8,Q,2025-Q2,0.7,,,,
ABS:ERP_COMP_Q(1.0.0),11,8,Q,2025-Q3,1.5,,,,
ABS:ERP_COMP_Q(1.0.0),11,8,Q,2025-Q4,0.6,,,,
ABS:ERP_COMP_Q(1.0.0),2,1,Q,1981-Q2,9.6,,,,
ABS:ERP_COMP_Q(1.0.0),2,1,Q,1981-Q3,11.8,,,,
ABS:ERP_COMP_Q(1.0.0),2,1,Q,1981-Q4,9.4,,,,
ABS:ERP_COMP_Q(1.0.0),2,1,Q,1982-Q1,9.6,,,,
ABS:ERP_COMP_Q(1.0.0),2,1,Q,1982-Q2,10.4,,,,
ABS:ERP_COMP_Q(1.0.0),2,1,Q,1982-Q3,12.4,,,,
ABS:ERP_COMP_Q(1.0.0),2,1,Q,1982-Q4,10.1,,,,
ABS:ERP_COMP_Q(1.0.0),2,1,Q,1983-Q1,9.3,,,,
ABS:ERP_COMP_Q(1.0.0),2,1,Q,1983-Q2,9.5,,,,
ABS:ERP_COMP_Q(1.0.0),2,1,Q,1983-Q3,12.4,,,,
ABS:ERP_COMP_Q(1.0.0),2,1,Q,1983-Q4,9.3,,,,
ABS:ERP_COMP_Q(1.0.0),2,1,Q,1984-Q1,9.7,,,,
ABS:ERP_COMP_Q(1.0.0),2,1,Q,1984-Q2,9.8,,,,
ABS:ERP_COMP_Q(1.0.0),2,1,Q,1984-Q3,12.1,,,,
ABS:ERP_COMP_Q(1.0.0),2,1,Q,1984-Q4,9.6,,,,
ABS:ERP_COMP_Q(1.0.0),2,1,Q,1985-Q1,9.5,,,,
ABS:ERP_COMP_Q(1.0.0),2,1,Q,1985-Q2,10.7,,,,
ABS:ERP_COMP_Q(1.0.0),2,1,Q,1985-Q3,13.2,,,,
ABS:ERP_COMP_Q(1.0.0),2,1,Q,1985-Q4,8.9,,,,
ABS:ERP_COMP_Q(1.0.0),2,1,Q,1986-Q1,10.2,,,,
ABS:ERP_COMP_Q(1.0.0),2,1,Q,1986-Q2,9.6,,,,
ABS:ERP_COMP_Q(1.0.0),2,1,Q,1986-Q3,11.7,,,,
ABS:ERP_COMP_Q(1.0.0),2,1,Q,1986-Q4,10.7,,,,
ABS:ERP_COMP_Q(1.0.0),2,1,Q,1987-Q1,9.8,,,,
ABS:ERP_COMP_Q(1.0.0),2,1,Q,1987-Q2,10.1,,,,
ABS:ERP_COMP_Q(1.0.0),2,1,Q,1987-Q3,11.6,,,,
ABS:ERP_COMP_Q(1.0.0),2,1,Q,1987-Q4,10.7,,,,
ABS:ERP_COMP_Q(1.0.0),2,1,Q,1988-Q1,11.9,,,,
ABS:ERP_COMP_Q(1.0.0),2,1,Q,1988-Q2,10.2,,,,
ABS:ERP_COMP_Q(1.0.0),2,1,Q,1988-Q3,12.4,,,,
ABS:ERP_COMP_Q(1.0.0),2,1,Q,1988-Q4,10.2,,,,
ABS:ERP_COMP_Q(1.0.0),2,1,Q,1989-Q1,10,,,,
ABS:ERP_COMP_Q(1.0.0),2,1,Q,1989-Q2,10.4,,,,
ABS:ERP_COMP_Q(1.0.0),2,1,Q,1989-Q3,13.8,,,,
ABS:ERP_COMP_Q(1.0.0),2,1,Q,1989-Q4,11,,,,
ABS:ERP_COMP_Q(1.0.0),2,1,Q,1990-Q1,10.7,,,,
ABS:ERP_COMP_Q(1.0.0),2,1,Q,1990-Q2,10.8,,,,
ABS:ERP_COMP_Q(1.0.0),2,1,Q,1990-Q3,12.3,,,,
ABS:ERP_COMP_Q(1.0.0),2,1,Q,1990-Q4,10,,,,
ABS:ERP_COMP_Q(1.0.0),2,1,Q,1991-Q1,10.3,,,,
ABS:ERP_COMP_Q(1.0.0),2,1,Q,1991-Q2,10.2,,,,
ABS:ERP_COMP_Q(1.0.0),2,1,Q,1991-Q3,12.1,,,,
ABS:ERP_COMP_Q(1.0.0),2,1,Q,1991-Q4,10.3,,,,
ABS:ERP_COMP_Q(1.0.0),2,1,Q,1992-Q1,9.6,,,,
ABS:ERP_COMP_Q(1.0.0),2,1,Q,1992-Q2,11.5,,,,
ABS:ERP_COMP_Q(1.0.0),2,1,Q,1992-Q3,12.4,,,,
ABS:ERP_COMP_Q(1.0.0),2,1,Q,1992-Q4,10.4,,,,
ABS:ERP_COMP_Q(1.0.0),2,1,Q,1993-Q1,9.4,,,,
ABS:ERP_COMP_Q(1.0.0),2,1,Q,1993-Q2,10.9,,,,
ABS:ERP_COMP_Q(1.0.0),2,1,Q,1993-Q3,11.9,,,,
ABS:ERP_COMP_Q(1.0.0),2,1,Q,1993-Q4,10.4,,,,
ABS:ERP_COMP_Q(1.0.0),2,1,Q,1994-Q1,10.1,,,,
ABS:ERP_COMP_Q(1.0.0),2,1,Q,1994-Q2,11.3,,,,
ABS:ERP_COMP_Q(1.0.0),2,1,Q,1994-Q3,13.2,,,,
ABS:ERP_COMP_Q(1.0.0),2,1,Q,1994-Q4,10.6,,,,
ABS:ERP_COMP_Q(1.0.0),2,1,Q,1995-Q1,9.8,,,,
ABS:ERP_COMP_Q(1.0.0),2,1,Q,1995-Q2,11.2,,,,
ABS:ERP_COMP_Q(1.0.0),2,1,Q,1995-Q3,12.8,,,,
ABS:ERP_COMP_Q(1.0.0),2,1,Q,1995-Q4,10.7,,,,
ABS:ERP_COMP_Q(1.0.0),2,1,Q,1996-Q1,9.9,,,,
ABS:ERP_COMP_Q(1.0.0),2,1,Q,1996-Q2,11,,,,
ABS:ERP_COMP_Q(1.0.0),2,1,Q,1996-Q3,13.4,,,,
ABS:ERP_COMP_Q(1.0.0),2,1,Q,1996-Q4,10.6,,,,
ABS:ERP_COMP_Q(1.0.0),2,1,Q,1997-Q1,9.8,,,,
ABS:ERP_COMP_Q(1.0.0),2,1,Q,1997-Q2,11,,,,
ABS:ERP_COMP_Q(1.0.0),2,1,Q,1997-Q3,14,,,,
ABS:ERP_COMP_Q(1.0.0),2,1,Q,1997-Q4,10.7,,,,
ABS:ERP_COMP_Q(1.0.0),2,1,Q,1998-Q1,9.9,,,,
ABS:ERP_COMP_Q(1.0.0),2,1,Q,1998-Q2,11.3,,,,
ABS:ERP_COMP_Q(1.0.0),2,1,Q,1998-Q3,13,,,,
ABS:ERP_COMP_Q(1.0.0),2,1,Q,1998-Q4,10.6,,,,
ABS:ERP_COMP_Q(1.0.0),2,1,Q,1999-Q1,10,,,,
ABS:ERP_COMP_Q(1.0.0),2,1,Q,1999-Q2,11.5,,,,
ABS:ERP_COMP_Q(1.0.0),2,1,Q,1999-Q3,12.8,,,,
ABS:ERP_COMP_Q(1.0.0),2,1,Q,1999-Q4,10.9,,,,
ABS:ERP_COMP_Q(1.0.0),2,1,Q,2000-Q1,9.9,,,,
ABS:ERP_COMP_Q(1.0.0),2,1,Q,2000-Q2,11.4,,,,
ABS:ERP_COMP_Q(1.0.0),2,1,Q,2000-Q3,13.5,,,,
ABS:ERP_COMP_Q(1.0.0),2,1,Q,2000-Q4,10.9,,,,
ABS:ERP_COMP_Q(1.0.0),2,1,Q,2001-Q1,10,,,,
ABS:ERP_COMP_Q(1.0.0),2,1,Q,2001-Q2,11.3,,,,
ABS:ERP_COMP_Q(1.0.0),2,1,Q,2001-Q3,12.5,,,,
ABS:ERP_COMP_Q(1.0.0),2,1,Q,2001-Q4,10.9,,,,
ABS:ERP_COMP_Q(1.0.0),2,1,Q,2002-Q1,10,,,,
ABS:ERP_COMP_Q(1.0.0),2,1,Q,2002-Q2,11.8,,,,
ABS:ERP_COMP_Q(1.0.0),2,1,Q,2002-Q3,13.5,,,,
ABS:ERP_COMP_Q(1.0.0),2,1,Q,2002-Q4,10.9,,,,
ABS:ERP_COMP_Q(1.0.0),2,1,Q,2003-Q1,10.1,,,,
ABS:ERP_COMP_Q(1.0.0),2,1,Q,2003-Q2,11.5,,,,
ABS:ERP_COMP_Q(1.0.0),2,1,Q,2003-Q3,13.5,,,,
ABS:ERP_COMP_Q(1.0.0),2,1,Q,2003-Q4,11.1,,,,
ABS:ERP_COMP_Q(1.0.0),2,1,Q,2004-Q1,10.2,,,,
ABS:ERP_COMP_Q(1.0.0),2,1,Q,2004-Q2,11.6,,,,
ABS:ERP_COMP_Q(1.0.0),2,1,Q,2004-Q3,13.3,,,,
ABS:ERP_COMP_Q(1.0.0),2,1,Q,2004-Q4,11,,,,
ABS:ERP_COMP_Q(1.0.0),2,1,Q,2005-Q1,10,,,,
ABS:ERP_COMP_Q(1.0.0),2,1,Q,2005-Q2,11.3,,,,
ABS:ERP_COMP_Q(1.0.0),2,1,Q,2005-Q3,12.8,,,,
ABS:ERP_COMP_Q(1.0.0),2,1,Q,2005-Q4,11.1,,,,
ABS:ERP_COMP_Q(1.0.0),2,1,Q,2006-Q1,10.4,,,,
ABS:ERP_COMP_Q(1.0.0),2,1,Q,2006-Q2,11.8,,,,
ABS:ERP_COMP_Q(1.0.0),2,1,Q,2006-Q3,12.7,,,,
ABS:ERP_COMP_Q(1.0.0),2,1,Q,2006-Q4,11.2,,,,
ABS:ERP_COMP_Q(1.0.0),2,1,Q,2007-Q1,10.5,,,,
ABS:ERP_COMP_Q(1.0.0),2,1,Q,2007-Q2,11.9,,,,
ABS:ERP_COMP_Q(1.0.0),2,1,Q,2007-Q3,13.7,,,,
ABS:ERP_COMP_Q(1.0.0),2,1,Q,2007-Q4,11.3,,,,
ABS:ERP_COMP_Q(1.0.0),2,1,Q,2008-Q1,10.7,,,,
ABS:ERP_COMP_Q(1.0.0),2,1,Q,2008-Q2,12,,,,
ABS:ERP_COMP_Q(1.0.0),2,1,Q,2008-Q3,14.2,,,,
ABS:ERP_COMP_Q(1.0.0),2,1,Q,2008-Q4,11.5,,,,
ABS:ERP_COMP_Q(1.0.0),2,1,Q,2009-Q1,10.9,,,,
ABS:ERP_COMP_Q(1.0.0),2,1,Q,2009-Q2,12.1,,,,
ABS:ERP_COMP_Q(1.0.0),2,1,Q,2009-Q3,13,,,,
ABS:ERP_COMP_Q(1.0.0),2,1,Q,2009-Q4,11.5,,,,
ABS:ERP_COMP_Q(1.0.0),2,1,Q,2010-Q1,10.9,,,,
ABS:ERP_COMP_Q(1.0.0),2,1,Q,2010-Q2,11.9,,,,
ABS:ERP_COMP_Q(1.0.0),2,1,Q,2010-Q3,13.1,,,,
ABS:ERP_COMP_Q(1.0.0),2,1,Q,2010-Q4,12,,,,
ABS:ERP_COMP_Q(1.0.0),2,1,Q,2011-Q1,11.3,,,,
ABS:ERP_COMP_Q(1.0.0),2,1,Q,2011-Q2,13,,,,
ABS:ERP_COMP_Q(1.0.0),2,1,Q,2011-Q3,13.7,,,,
ABS:ERP_COMP_Q(1.0.0),2,1,Q,2011-Q4,12.2,,,,
ABS:ERP_COMP_Q(1.0.0),2,1,Q,2012-Q1,11.5,,,,
ABS:ERP_COMP_Q(1.0.0),2,1,Q,2012-Q2,13.1,,,,
ABS:ERP_COMP_Q(1.0.0),2,1,Q,2012-Q3,14.6,,,,
ABS:ERP_COMP_Q(1.0.0),2,1,Q,2012-Q4,11.7,,,,
ABS:ERP_COMP_Q(1.0.0),2,1,Q,2013-Q1,11.4,,,,
ABS:ERP_COMP_Q(1.0.0),2,1,Q,2013-Q2,12.6,,,,
ABS:ERP_COMP_Q(1.0.0),2,1,Q,2013-Q3,13.8,,,,
ABS:ERP_COMP_Q(1.0.0),2,1,Q,2013-Q4,12.4,,,,
ABS:ERP_COMP_Q(1.0.0),2,1,Q,2014-Q1,11.5,,,,
ABS:ERP_COMP_Q(1.0.0),2,1,Q,2014-Q2,13.2,,,,
ABS:ERP_COMP_Q(1.0.0),2,1,Q,2014-Q3,15.1,,,,
ABS:ERP_COMP_Q(1.0.0),2,1,Q,2014-Q4,12.6,,,,
ABS:ERP_COMP_Q(1.0.0),2,1,Q,2015-Q1,11.8,,,,
ABS:ERP_COMP_Q(1.0.0),2,1,Q,2015-Q2,13.4,,,,
ABS:ERP_COMP_Q(1.0.0),2,1,Q,2015-Q3,15.2,,,,
ABS:ERP_COMP_Q(1.0.0),2,1,Q,2015-Q4,12.7,,,,
ABS:ERP_COMP_Q(1.0.0),2,1,Q,2016-Q1,12.2,,,,
ABS:ERP_COMP_Q(1.0.0),2,1,Q,2016-Q2,13.1,,,,
ABS:ERP_COMP_Q(1.0.0),2,1,Q,2016-Q3,15,,,,
ABS:ERP_COMP_Q(1.0.0),2,1,Q,2016-Q4,13.1,,,,
ABS:ERP_COMP_Q(1.0.0),2,1,Q,2017-Q1,12.2,,,,
ABS:ERP_COMP_Q(1.0.0),2,1,Q,2017-Q2,13.7,,,,
ABS:ERP_COMP_Q(1.0.0),2,1,Q,2017-Q3,16.7,,,,
ABS:ERP_COMP_Q(1.0.0),2,1,Q,2017-Q4,12.8,,,,
ABS:ERP_COMP_Q(1.0.0),2,1,Q,2018-Q1,12,,,,
ABS:ERP_COMP_Q(1.0.0),2,1,Q,2018-Q2,13.2,,,,
ABS:ERP_COMP_Q(1.0.0),2,1,Q,2018-Q3,14.6,,,,
ABS:ERP_COMP_Q(1.0.0),2,1,Q,2018-Q4,13,,,,
ABS:ERP_COMP_Q(1.0.0),2,1,Q,2019-Q1,12.7,,,,
ABS:ERP_COMP_Q(1.0.0),2,1,Q,2019-Q2,14,,,,
ABS:ERP_COMP_Q(1.0.0),2,1,Q,2019-Q3,15,,,,
ABS:ERP_COMP_Q(1.0.0),2,1,Q,2019-Q4,13.1,,,,
ABS:ERP_COMP_Q(1.0.0),2,1,Q,2020-Q1,12.8,,,,
ABS:ERP_COMP_Q(1.0.0),2,1,Q,2020-Q2,13.4,,,,
ABS:ERP_COMP_Q(1.0.0),2,1,Q,2020-Q3,14.1,,,,
ABS:ERP_COMP_Q(1.0.0),2,1,Q,2020-Q4,13,,,,
ABS:ERP_COMP_Q(1.0.0),2,1,Q,2021-Q1,12.7,,,,
ABS:ERP_COMP_Q(1.0.0),2,1,Q,2021-Q2,14.4,,,,
ABS:ERP_COMP_Q(1.0.0),2,1,Q,2021-Q3,15.4,,,,
ABS:ERP_COMP_Q(1.0.0),2,1,Q,2021-Q4,13.8,,,,
ABS:ERP_COMP_Q(1.0.0),2,1,Q,2022-Q1,15.1,,,,
ABS:ERP_COMP_Q(1.0.0),2,1,Q,2022-Q2,16.2,,,,
ABS:ERP_COMP_Q(1.0.0),2,1,Q,2022-Q3,17.2,,,,
ABS:ERP_COMP_Q(1.0.0),2,1,Q,2022-Q4,14.6,,,,
ABS:ERP_COMP_Q(1.0.0),2,1,Q,2023-Q1,13.7,,,,
ABS:ERP_COMP_Q(1.0.0),2,1,Q,2023-Q2,15.6,,,,
ABS:ERP_COMP_Q(1.0.0),2,1,Q,2023-Q3,15.5,,,,
ABS:ERP_COMP_Q(1.0.0),2,1,Q,2023-Q4,14.4,,,,
ABS:ERP_COMP_Q(1.0.0),2,1,Q,2024-Q1,14,,,,
ABS:ERP_COMP_Q(1.0.0),2,1,Q,2024-Q2,15.6,,,,
ABS:ERP_COMP_Q(1.0.0),2,1,Q,2024-Q3,16.4,,,,
ABS:ERP_COMP_Q(1.0.0),2,1,Q,2024-Q4,14.3,,,,
ABS:ERP_COMP_Q(1.0.0),2,1,Q,2025-Q1,13.9,,,,
ABS:ERP_COMP_Q(1.0.0),2,1,Q,2025-Q2,14.5,,,,
ABS:ERP_COMP_Q(1.0.0),2,1,Q,2025-Q3,16.9,,,,
ABS:ERP_COMP_Q(1.0.0),2,1,Q,2025-Q4,14.9,,,,
ABS:ERP_COMP_Q(1.0.0),12,6,Q,1981-Q2,-0.1,,,,
ABS:ERP_COMP_Q(1.0.0),12,6,Q,1981-Q3,0,,,,
ABS:ERP_COMP_Q(1.0.0),12,6,Q,1981-Q4,0,,,,
ABS:ERP_COMP_Q(1.0.0),12,6,Q,1982-Q1,0,,,,
ABS:ERP_COMP_Q(1.0.0),12,6,Q,1982-Q2,0,,,,
ABS:ERP_COMP_Q(1.0.0),12,6,Q,1982-Q3,0,,,,
ABS:ERP_COMP_Q(1.0.0),12,6,Q,1982-Q4,-0.1,,,,
ABS:ERP_COMP_Q(1.0.0),12,6,Q,1983-Q1,0,,,,
ABS:ERP_COMP_Q(1.0.0),12,6,Q,1983-Q2,0,,,,
ABS:ERP_COMP_Q(1.0.0),12,6,Q,1983-Q3,0,,,,
ABS:ERP_COMP_Q(1.0.0),12,6,Q,1983-Q4,0,,,,
ABS:ERP_COMP_Q(1.0.0),12,6,Q,1984-Q1,0,,,,
ABS:ERP_COMP_Q(1.0.0),12,6,Q,1984-Q2,0,,,,
ABS:ERP_COMP_Q(1.0.0),12,6,Q,1984-Q3,0,,,,
ABS:ERP_COMP_Q(1.0.0),12,6,Q,1984-Q4,0,,,,
ABS:ERP_COMP_Q(1.0.0),12,6,Q,1985-Q1,0,,,,
ABS:ERP_COMP_Q(1.0.0),12,6,Q,1985-Q2,0,,,,
ABS:ERP_COMP_Q(1.0.0),12,6,Q,1985-Q3,0,,,,
ABS:ERP_COMP_Q(1.0.0),12,6,Q,1985-Q4,0,,,,
ABS:ERP_COMP_Q(1.0.0),12,6,Q,1986-Q1,0,,,,
ABS:ERP_COMP_Q(1.0.0),12,6,Q,1986-Q2,0,,,,
ABS:ERP_COMP_Q(1.0.0),12,6,Q,1986-Q3,0,,,,
ABS:ERP_COMP_Q(1.0.0),12,6,Q,1986-Q4,0,,,,
ABS:ERP_COMP_Q(1.0.0),12,6,Q,1987-Q1,0.1,,,,
ABS:ERP_COMP_Q(1.0.0),12,6,Q,1987-Q2,0,,,,
ABS:ERP_COMP_Q(1.0.0),12,6,Q,1987-Q3,0.1,,,,
ABS:ERP_COMP_Q(1.0.0),12,6,Q,1987-Q4,0,,,,
ABS:ERP_COMP_Q(1.0.0),12,6,Q,1988-Q1,0.1,,,,
ABS:ERP_COMP_Q(1.0.0),12,6,Q,1988-Q2,0,,,,
ABS:ERP_COMP_Q(1.0.0),12,6,Q,1988-Q3,0.1,,,,
ABS:ERP_COMP_Q(1.0.0),12,6,Q,1988-Q4,0,,,,
ABS:ERP_COMP_Q(1.0.0),12,6,Q,1989-Q1,0.1,,,,
ABS:ERP_COMP_Q(1.0.0),12,6,Q,1989-Q2,-0.1,,,,
ABS:ERP_COMP_Q(1.0.0),12,6,Q,1989-Q3,0,,,,
ABS:ERP_COMP_Q(1.0.0),12,6,Q,1989-Q4,0.1,,,,
ABS:ERP_COMP_Q(1.0.0),12,6,Q,1990-Q1,0.1,,,,
ABS:ERP_COMP_Q(1.0.0),12,6,Q,1990-Q2,0,,,,
ABS:ERP_COMP_Q(1.0.0),12,6,Q,1990-Q3,0,,,,
ABS:ERP_COMP_Q(1.0.0),12,6,Q,1990-Q4,-0.1,,,,
ABS:ERP_COMP_Q(1.0.0),12,6,Q,1991-Q1,0,,,,
ABS:ERP_COMP_Q(1.0.0),12,6,Q,1991-Q2,0,,,,
ABS:ERP_COMP_Q(1.0.0),12,6,Q,1991-Q3,0,,,,
ABS:ERP_COMP_Q(1.0.0),12,6,Q,1991-Q4,-0.1,,,,
ABS:ERP_COMP_Q(1.0.0),12,6,Q,1992-Q1,0,,,,
ABS:ERP_COMP_Q(1.0.0),12,6,Q,1992-Q2,0,,,,
ABS:ERP_COMP_Q(1.0.0),12,6,Q,1992-Q3,0,,,,
ABS:ERP_COMP_Q(1.0.0),12,6,Q,1992-Q4,-0.1,,,,
ABS:ERP_COMP_Q(1.0.0),12,6,Q,1993-Q1,0,,,,
ABS:ERP_COMP_Q(1.0.0),12,6,Q,1993-Q2,-0.1,,,,
ABS:ERP_COMP_Q(1.0.0),12,6,Q,1993-Q3,0,,,,
ABS:ERP_COMP_Q(1.0.0),12,6,Q,1993-Q4,-0.1,,,,
ABS:ERP_COMP_Q(1.0.0),12,6,Q,1994-Q1,-0.1,,,,
ABS:ERP_COMP_Q(1.0.0),12,6,Q,1994-Q2,-0.1,,,,
ABS:ERP_COMP_Q(1.0.0),12,6,Q,1994-Q3,0,,,,
ABS:ERP_COMP_Q(1.0.0),12,6,Q,1994-Q4,-0.1,,,,
ABS:ERP_COMP_Q(1.0.0),12,6,Q,1995-Q1,-0.1,,,,
ABS:ERP_COMP_Q(1.0.0),12,6,Q,1995-Q2,0,,,,
ABS:ERP_COMP_Q(1.0.0),12,6,Q,1995-Q3,0,,,,
ABS:ERP_COMP_Q(1.0.0),12,6,Q,1995-Q4,0,,,,
ABS:ERP_COMP_Q(1.0.0),12,6,Q,1996-Q1,-0.1,,,,
ABS:ERP_COMP_Q(1.0.0),12,6,Q,1996-Q2,0,,,,
ABS:ERP_COMP_Q(1.0.0),12,6,Q,1996-Q3,0,,,,
ABS:ERP_COMP_Q(1.0.0),12,6,Q,1996-Q4,0,,,,
ABS:ERP_COMP_Q(1.0.0),12,6,Q,1997-Q1,-0.1,,,,
ABS:ERP_COMP_Q(1.0.0),12,6,Q,1997-Q2,0,,,,
ABS:ERP_COMP_Q(1.0.0),12,6,Q,1997-Q3,0,,,,
ABS:ERP_COMP_Q(1.0.0),12,6,Q,1997-Q4,0,,,,
ABS:ERP_COMP_Q(1.0.0),12,6,Q,1998-Q1,0,,,,
ABS:ERP_COMP_Q(1.0.0),12,6,Q,1998-Q2,0,,,,
ABS:ERP_COMP_Q(1.0.0),12,6,Q,1998-Q3,0,,,,
ABS:ERP_COMP_Q(1.0.0),12,6,Q,1998-Q4,0,,,,
ABS:ERP_COMP_Q(1.0.0),12,6,Q,1999-Q1,0,,,,
ABS:ERP_COMP_Q(1.0.0),12,6,Q,1999-Q2,0,,,,
ABS:ERP_COMP_Q(1.0.0),12,6,Q,1999-Q3,0,,,,
ABS:ERP_COMP_Q(1.0.0),12,6,Q,1999-Q4,0,,,,
ABS:ERP_COMP_Q(1.0.0),12,6,Q,2000-Q1,0,,,,
ABS:ERP_COMP_Q(1.0.0),12,6,Q,2000-Q2,0,,,,
ABS:ERP_COMP_Q(1.0.0),12,6,Q,2000-Q3,0,,,,
ABS:ERP_COMP_Q(1.0.0),12,6,Q,2000-Q4,0,,,,
ABS:ERP_COMP_Q(1.0.0),12,6,Q,2001-Q1,0,,,,
ABS:ERP_COMP_Q(1.0.0),12,6,Q,2001-Q2,0,,,,
ABS:ERP_COMP_Q(1.0.0),12,6,Q,2001-Q3,-0.1,,,,
ABS:ERP_COMP_Q(1.0.0),12,6,Q,2001-Q4,0.1,,,,
ABS:ERP_COMP_Q(1.0.0),12,6,Q,2002-Q1,-0.1,,,,
ABS:ERP_COMP_Q(1.0.0),12,6,Q,2002-Q2,-0.1,,,,
ABS:ERP_COMP_Q(1.0.0),12,6,Q,2002-Q3,-0.1,,,,
ABS:ERP_COMP_Q(1.0.0),12,6,Q,2002-Q4,0.3,,,,
ABS:ERP_COMP_Q(1.0.0),12,6,Q,2003-Q1,-0.1,,,,
ABS:ERP_COMP_Q(1.0.0),12,6,Q,2003-Q2,0,,,,
ABS:ERP_COMP_Q(1.0.0),12,6,Q,2003-Q3,-0.1,,,,
ABS:ERP_COMP_Q(1.0.0),12,6,Q,2003-Q4,0,,,,
ABS:ERP_COMP_Q(1.0.0),12,6,Q,2004-Q1,-0.2,,,,
ABS:ERP_COMP_Q(1.0.0),12,6,Q,2004-Q2,-0.1,,,,
ABS:ERP_COMP_Q(1.0.0),12,6,Q,2004-Q3,-0.1,,,,
ABS:ERP_COMP_Q(1.0.0),12,6,Q,2004-Q4,0.1,,,,
ABS:ERP_COMP_Q(1.0.0),12,6,Q,2005-Q1,-0.1,,,,
ABS:ERP_COMP_Q(1.0.0),12,6,Q,2005-Q2,-0.1,,,,
ABS:ERP_COMP_Q(1.0.0),12,6,Q,2005-Q3,-0.1,,,,
ABS:ERP_COMP_Q(1.0.0),12,6,Q,2005-Q4,0.1,,,,
ABS:ERP_COMP_Q(1.0.0),12,6,Q,2006-Q1,-0.1,,,,
ABS:ERP_COMP_Q(1.0.0),12,6,Q,2006-Q2,0,,,,
ABS:ERP_COMP_Q(1.0.0),12,6,Q,2006-Q3,0,,,,
ABS:ERP_COMP_Q(1.0.0),12,6,Q,2006-Q4,0,,,,
ABS:ERP_COMP_Q(1.0.0),12,6,Q,2007-Q1,0,,,,
ABS:ERP_COMP_Q(1.0.0),12,6,Q,2007-Q2,0,,,,
ABS:ERP_COMP_Q(1.0.0),12,6,Q,2007-Q3,0,,,,
ABS:ERP_COMP_Q(1.0.0),12,6,Q,2007-Q4,0,,,,
ABS:ERP_COMP_Q(1.0.0),12,6,Q,2008-Q1,0,,,,
ABS:ERP_COMP_Q(1.0.0),12,6,Q,2008-Q2,0,,,,
ABS:ERP_COMP_Q(1.0.0),12,6,Q,2008-Q3,0,,,,
ABS:ERP_COMP_Q(1.0.0),12,6,Q,2008-Q4,0,,,,
ABS:ERP_COMP_Q(1.0.0),12,6,Q,2009-Q1,0,,,,
ABS:ERP_COMP_Q(1.0.0),12,6,Q,2009-Q2,0,,,,
ABS:ERP_COMP_Q(1.0.0),12,6,Q,2009-Q3,0,,,,
ABS:ERP_COMP_Q(1.0.0),12,6,Q,2009-Q4,0,,,,
ABS:ERP_COMP_Q(1.0.0),12,6,Q,2010-Q1,0,,,,
ABS:ERP_COMP_Q(1.0.0),12,6,Q,2010-Q2,0,,,,
ABS:ERP_COMP_Q(1.0.0),12,6,Q,2010-Q3,0,,,,
ABS:ERP_COMP_Q(1.0.0),12,6,Q,2010-Q4,0,,,,
ABS:ERP_COMP_Q(1.0.0),12,6,Q,2011-Q1,0,,,,
ABS:ERP_COMP_Q(1.0.0),12,6,Q,2011-Q2,0,,,,
ABS:ERP_COMP_Q(1.0.0),12,6,Q,2011-Q3,0,,,,
ABS:ERP_COMP_Q(1.0.0),12,6,Q,2011-Q4,0,,,,
ABS:ERP_COMP_Q(1.0.0),12,6,Q,2012-Q1,0,,,,
ABS:ERP_COMP_Q(1.0.0),12,6,Q,2012-Q2,0,,,,
ABS:ERP_COMP_Q(1.0.0),12,6,Q,2012-Q3,0,,,,
ABS:ERP_COMP_Q(1.0.0),12,6,Q,2012-Q4,0,,,,
ABS:ERP_COMP_Q(1.0.0),12,6,Q,2013-Q1,0,,,,
ABS:ERP_COMP_Q(1.0.0),12,6,Q,2013-Q2,0,,,,
ABS:ERP_COMP_Q(1.0.0),12,6,Q,2013-Q3,0,,,,
ABS:ERP_COMP_Q(1.0.0),12,6,Q,2013-Q4,0,,,,
ABS:ERP_COMP_Q(1.0.0),12,6,Q,2014-Q1,0,,,,
ABS:ERP_COMP_Q(1.0.0),12,6,Q,2014-Q2,0,,,,
ABS:ERP_COMP_Q(1.0.0),12,6,Q,2014-Q3,0,,,,
ABS:ERP_COMP_Q(1.0.0),12,6,Q,2014-Q4,0,,,,
ABS:ERP_COMP_Q(1.0.0),12,6,Q,2015-Q1,0,,,,
ABS:ERP_COMP_Q(1.0.0),12,6,Q,2015-Q2,0,,,,
ABS:ERP_COMP_Q(1.0.0),12,6,Q,2015-Q3,0,,,,
ABS:ERP_COMP_Q(1.0.0),12,6,Q,2015-Q4,0,,,,
ABS:ERP_COMP_Q(1.0.0),12,6,Q,2016-Q1,0,,,,
ABS:ERP_COMP_Q(1.0.0),12,6,Q,2016-Q2,0,,,,
ABS:ERP_COMP_Q(1.0.0),12,6,Q,2016-Q3,0,,,,
ABS:ERP_COMP_Q(1.0.0),12,6,Q,2016-Q4,0,,,,
ABS:ERP_COMP_Q(1.0.0),12,6,Q,2017-Q1,0,,,,
ABS:ERP_COMP_Q(1.0.0),12,6,Q,2017-Q2,0,,,,
ABS:ERP_COMP_Q(1.0.0),12,6,Q,2017-Q3,0,,,,
ABS:ERP_COMP_Q(1.0.0),12,6,Q,2017-Q4,0,,,,
ABS:ERP_COMP_Q(1.0.0),12,6,Q,2018-Q1,0,,,,
ABS:ERP_COMP_Q(1.0.0),12,6,Q,2018-Q2,0,,,,
ABS:ERP_COMP_Q(1.0.0),12,6,Q,2018-Q3,0,,,,
ABS:ERP_COMP_Q(1.0.0),12,6,Q,2018-Q4,0,,,,
ABS:ERP_COMP_Q(1.0.0),12,6,Q,2019-Q1,0,,,,
ABS:ERP_COMP_Q(1.0.0),12,6,Q,2019-Q2,0,,,,
ABS:ERP_COMP_Q(1.0.0),12,6,Q,2019-Q3,0,,,,
ABS:ERP_COMP_Q(1.0.0),12,6,Q,2019-Q4,0,,,,
ABS:ERP_COMP_Q(1.0.0),12,6,Q,2020-Q1,0,,,,
ABS:ERP_COMP_Q(1.0.0),12,6,Q,2020-Q2,0,,,,
ABS:ERP_COMP_Q(1.0.0),12,6,Q,2020-Q3,0,,,,
ABS:ERP_COMP_Q(1.0.0),12,6,Q,2020-Q4,0,,,,
ABS:ERP_COMP_Q(1.0.0),12,6,Q,2021-Q1,0,,,,
ABS:ERP_COMP_Q(1.0.0),12,6,Q,2021-Q2,0,,,,
ABS:ERP_COMP_Q(1.0.0),12,6,Q,2021-Q3,0,,,,
ABS:ERP_COMP_Q(1.0.0),12,6,Q,2021-Q4,0,,,,
ABS:ERP_COMP_Q(1.0.0),12,6,Q,2022-Q1,0,,,,
ABS:ERP_COMP_Q(1.0.0),12,6,Q,2022-Q2,0,,,,
ABS:ERP_COMP_Q(1.0.0),12,6,Q,2022-Q3,0,,,,
ABS:ERP_COMP_Q(1.0.0),12,6,Q,2022-Q4,0,,,,
ABS:ERP_COMP_Q(1.0.0),12,6,Q,2023-Q1,0,,,,
ABS:ERP_COMP_Q(1.0.0),12,6,Q,2023-Q2,0,,,,
ABS:ERP_COMP_Q(1.0.0),12,6,Q,2023-Q3,0,,,,
ABS:ERP_COMP_Q(1.0.0),12,6,Q,2023-Q4,0,,,,
ABS:ERP_COMP_Q(1.0.0),12,6,Q,2024-Q1,0,,,,
ABS:ERP_COMP_Q(1.0.0),12,6,Q,2024-Q2,0,,,,
ABS:ERP_COMP_Q(1.0.0),12,6,Q,2024-Q3,0,,,,
ABS:ERP_COMP_Q(1.0.0),12,6,Q,2024-Q4,0,,,,
ABS:ERP_COMP_Q(1.0.0),12,6,Q,2025-Q1,0,,,,
ABS:ERP_COMP_Q(1.0.0),12,6,Q,2025-Q2,0,,,,
ABS:ERP_COMP_Q(1.0.0),12,6,Q,2025-Q3,0,,,,
ABS:ERP_COMP_Q(1.0.0),12,6,Q,2025-Q4,0,,,,
ABS:ERP_COMP_Q(1.0.0),10,5,Q,1981-Q2,1300.1,,,,
ABS:ERP_COMP_Q(1.0.0),10,5,Q,1981-Q3,1311.3,,,,
ABS:ERP_COMP_Q(1.0.0),10,5,Q,1981-Q4,1320.2,,,,
ABS:ERP_COMP_Q(1.0.0),10,5,Q,1982-Q1,1329.7,,,,
ABS:ERP_COMP_Q(1.0.0),10,5,Q,1982-Q2,1338.9,,,,
ABS:ERP_COMP_Q(1.0.0),10,5,Q,1982-Q3,1348.1,,,,
ABS:ERP_COMP_Q(1.0.0),10,5,Q,1982-Q4,1355,,,,
ABS:ERP_COMP_Q(1.0.0),10,5,Q,1983-Q1,1361.9,,,,
ABS:ERP_COMP_Q(1.0.0),10,5,Q,1983-Q2,1369.1,,,,
ABS:ERP_COMP_Q(1.0.0),10,5,Q,1983-Q3,1375.2,,,,
ABS:ERP_COMP_Q(1.0.0),10,5,Q,1983-Q4,1381,,,,
ABS:ERP_COMP_Q(1.0.0),10,5,Q,1984-Q1,1385.9,,,,
ABS:ERP_COMP_Q(1.0.0),10,5,Q,1984-Q2,1391.2,,,,
ABS:ERP_COMP_Q(1.0.0),10,5,Q,1984-Q3,1397.8,,,,
ABS:ERP_COMP_Q(1.0.0),10,5,Q,1984-Q4,1403,,,,
ABS:ERP_COMP_Q(1.0.0),10,5,Q,1985-Q1,1410.4,,,,
ABS:ERP_COMP_Q(1.0.0),10,5,Q,1985-Q2,1418.6,,,,
ABS:ERP_COMP_Q(1.0.0),10,5,Q,1985-Q3,1427.4,,,,
ABS:ERP_COMP_Q(1.0.0),10,5,Q,1985-Q4,1436.9,,,,
ABS:ERP_COMP_Q(1.0.0),10,5,Q,1986-Q1,1447.3,,,,
ABS:ERP_COMP_Q(1.0.0),10,5,Q,1986-Q2,1459,,,,
ABS:ERP_COMP_Q(1.0.0),10,5,Q,1986-Q3,1468.4,,,,
ABS:ERP_COMP_Q(1.0.0),10,5,Q,1986-Q4,1477.4,,,,
ABS:ERP_COMP_Q(1.0.0),10,5,Q,1987-Q1,1486.9,,,,
ABS:ERP_COMP_Q(1.0.0),10,5,Q,1987-Q2,1496.2,,,,
ABS:ERP_COMP_Q(1.0.0),10,5,Q,1987-Q3,1505.3,,,,
ABS:ERP_COMP_Q(1.0.0),10,5,Q,1987-Q4,1513.4,,,,
ABS:ERP_COMP_Q(1.0.0),10,5,Q,1988-Q1,1525.6,,,,
ABS:ERP_COMP_Q(1.0.0),10,5,Q,1988-Q2,1535.2,,,,
ABS:ERP_COMP_Q(1.0.0),10,5,Q,1988-Q3,1548,,,,
ABS:ERP_COMP_Q(1.0.0),10,5,Q,1988-Q4,1558.9,,,,
ABS:ERP_COMP_Q(1.0.0),10,5,Q,1989-Q1,1569.7,,,,
ABS:ERP_COMP_Q(1.0.0),10,5,Q,1989-Q2,1578.4,,,,
ABS:ERP_COMP_Q(1.0.0),10,5,Q,1989-Q3,1588.2,,,,
ABS:ERP_COMP_Q(1.0.0),10,5,Q,1989-Q4,1596.2,,,,
ABS:ERP_COMP_Q(1.0.0),10,5,Q,1990-Q1,1606,,,,
ABS:ERP_COMP_Q(1.0.0),10,5,Q,1990-Q2,1613,,,,
ABS:ERP_COMP_Q(1.0.0),10,5,Q,1990-Q3,1619.8,,,,
ABS:ERP_COMP_Q(1.0.0),10,5,Q,1990-Q4,1624.4,,,,
ABS:ERP_COMP_Q(1.0.0),10,5,Q,1991-Q1,1631.4,,,,
ABS:ERP_COMP_Q(1.0.0),10,5,Q,1991-Q2,1636.1,,,,
ABS:ERP_COMP_Q(1.0.0),10,5,Q,1991-Q3,1642.7,,,,
ABS:ERP_COMP_Q(1.0.0),10,5,Q,1991-Q4,1647.4,,,,
ABS:ERP_COMP_Q(1.0.0),10,5,Q,1992-Q1,1654.2,,,,
ABS:ERP_COMP_Q(1.0.0),10,5,Q,1992-Q2,1658.5,,,,
ABS:ERP_COMP_Q(1.0.0),10,5,Q,1992-Q3,1664.8,,,,
ABS:ERP_COMP_Q(1.0.0),10,5,Q,1992-Q4,1668.5,,,,
ABS:ERP_COMP_Q(1.0.0),10,5,Q,1993-Q1,1674.3,,,,
ABS:ERP_COMP_Q(1.0.0),10,5,Q,1993-Q2,1678.7,,,,
ABS:ERP_COMP_Q(1.0.0),10,5,Q,1993-Q3,1685,,,,
ABS:ERP_COMP_Q(1.0.0),10,5,Q,1993-Q4,1690.3,,,,
ABS:ERP_COMP_Q(1.0.0),10,5,Q,1994-Q1,1698.5,,,,
ABS:ERP_COMP_Q(1.0.0),10,5,Q,1994-Q2,1704.6,,,,
ABS:ERP_COMP_Q(1.0.0),10,5,Q,1994-Q3,1713.5,,,,
ABS:ERP_COMP_Q(1.0.0),10,5,Q,1994-Q4,1718.5,,,,
ABS:ERP_COMP_Q(1.0.0),10,5,Q,1995-Q1,1727.9,,,,
ABS:ERP_COMP_Q(1.0.0),10,5,Q,1995-Q2,1736.1,,,,
ABS:ERP_COMP_Q(1.0.0),10,5,Q,1995-Q3,1744.8,,,,
ABS:ERP_COMP_Q(1.0.0),10,5,Q,1995-Q4,1751.9,,,,
ABS:ERP_COMP_Q(1.0.0),10,5,Q,1996-Q1,1760.4,,,,
ABS:ERP_COMP_Q(1.0.0),10,5,Q,1996-Q2,1768.2,,,,
ABS:ERP_COMP_Q(1.0.0),10,5,Q,1996-Q3,1776.5,,,,
ABS:ERP_COMP_Q(1.0.0),10,5,Q,1996-Q4,1783.6,,,,
ABS:ERP_COMP_Q(1.0.0),10,5,Q,1997-Q1,1793.3,,,,
ABS:ERP_COMP_Q(1.0.0),10,5,Q,1997-Q2,1798.3,,,,
ABS:ERP_COMP_Q(1.0.0),10,5,Q,1997-Q3,1804.8,,,,
ABS:ERP_COMP_Q(1.0.0),10,5,Q,1997-Q4,1810.9,,,,
ABS:ERP_COMP_Q(1.0.0),10,5,Q,1998-Q1,1820.8,,,,
ABS:ERP_COMP_Q(1.0.0),10,5,Q,1998-Q2,1826.4,,,,
ABS:ERP_COMP_Q(1.0.0),10,5,Q,1998-Q3,1834.7,,,,
ABS:ERP_COMP_Q(1.0.0),10,5,Q,1998-Q4,1840.1,,,,
ABS:ERP_COMP_Q(1.0.0),10,5,Q,1999-Q1,1848.3,,,,
ABS:ERP_COMP_Q(1.0.0),10,5,Q,1999-Q2,1853.9,,,,
ABS:ERP_COMP_Q(1.0.0),10,5,Q,1999-Q3,1862,,,,
ABS:ERP_COMP_Q(1.0.0),10,5,Q,1999-Q4,1866.3,,,,
ABS:ERP_COMP_Q(1.0.0),10,5,Q,2000-Q1,1874.4,,,,
ABS:ERP_COMP_Q(1.0.0),10,5,Q,2000-Q2,1879.1,,,,
ABS:ERP_COMP_Q(1.0.0),10,5,Q,2000-Q3,1886.1,,,,
ABS:ERP_COMP_Q(1.0.0),10,5,Q,2000-Q4,1892.5,,,,
ABS:ERP_COMP_Q(1.0.0),10,5,Q,2001-Q1,1901.3,,,,
ABS:ERP_COMP_Q(1.0.0),10,5,Q,2001-Q2,1906.3,,,,
ABS:ERP_COMP_Q(1.0.0),10,5,Q,2001-Q3,1912.2,,,,
ABS:ERP_COMP_Q(1.0.0),10,5,Q,2001-Q4,1917.8,,,,
ABS:ERP_COMP_Q(1.0.0),10,5,Q,2002-Q1,1924.9,,,,
ABS:ERP_COMP_Q(1.0.0),10,5,Q,2002-Q2,1928.5,,,,
ABS:ERP_COMP_Q(1.0.0),10,5,Q,2002-Q3,1933,,,,
ABS:ERP_COMP_Q(1.0.0),10,5,Q,2002-Q4,1938.6,,,,
ABS:ERP_COMP_Q(1.0.0),10,5,Q,2003-Q1,1946.8,,,,
ABS:ERP_COMP_Q(1.0.0),10,5,Q,2003-Q2,1952.7,,,,
ABS:ERP_COMP_Q(1.0.0),10,5,Q,2003-Q3,1959.4,,,,
ABS:ERP_COMP_Q(1.0.0),10,5,Q,2003-Q4,1966.1,,,,
ABS:ERP_COMP_Q(1.0.0),10,5,Q,2004-Q1,1974.1,,,,
ABS:ERP_COMP_Q(1.0.0),10,5,Q,2004-Q2,1979.5,,,,
ABS:ERP_COMP_Q(1.0.0),10,5,Q,2004-Q3,1986.5,,,,
ABS:ERP_COMP_Q(1.0.0),10,5,Q,2004-Q4,1994.2,,,,
ABS:ERP_COMP_Q(1.0.0),10,5,Q,2005-Q1,2004.6,,,,
ABS:ERP_COMP_Q(1.0.0),10,5,Q,2005-Q2,2011.2,,,,
ABS:ERP_COMP_Q(1.0.0),10,5,Q,2005-Q3,2020.4,,,,
ABS:ERP_COMP_Q(1.0.0),10,5,Q,2005-Q4,2029.9,,,,
ABS:ERP_COMP_Q(1.0.0),10,5,Q,2006-Q1,2042.5,,,,
ABS:ERP_COMP_Q(1.0.0),10,5,Q,2006-Q2,2050.6,,,,
ABS:ERP_COMP_Q(1.0.0),10,5,Q,2006-Q3,2064,,,,
ABS:ERP_COMP_Q(1.0.0),10,5,Q,2006-Q4,2076.9,,,,
ABS:ERP_COMP_Q(1.0.0),10,5,Q,2007-Q1,2093.6,,,,
ABS:ERP_COMP_Q(1.0.0),10,5,Q,2007-Q2,2106.1,,,,
ABS:ERP_COMP_Q(1.0.0),10,5,Q,2007-Q3,2120.8,,,,
ABS:ERP_COMP_Q(1.0.0),10,5,Q,2007-Q4,2135,,,,
ABS:ERP_COMP_Q(1.0.0),10,5,Q,2008-Q1,2155.6,,,,
ABS:ERP_COMP_Q(1.0.0),10,5,Q,2008-Q2,2171.7,,,,
ABS:ERP_COMP_Q(1.0.0),10,5,Q,2008-Q3,2191.6,,,,
ABS:ERP_COMP_Q(1.0.0),10,5,Q,2008-Q4,2208.9,,,,
ABS:ERP_COMP_Q(1.0.0),10,5,Q,2009-Q1,2228.3,,,,
ABS:ERP_COMP_Q(1.0.0),10,5,Q,2009-Q2,2240.3,,,,
ABS:ERP_COMP_Q(1.0.0),10,5,Q,2009-Q3,2253.4,,,,
ABS:ERP_COMP_Q(1.0.0),10,5,Q,2009-Q4,2263.7,,,,
ABS:ERP_COMP_Q(1.0.0),10,5,Q,2010-Q1,2278.6,,,,
ABS:ERP_COMP_Q(1.0.0),10,5,Q,2010-Q2,2290.8,,,,
ABS:ERP_COMP_Q(1.0.0),10,5,Q,2010-Q3,2305.4,,,,
ABS:ERP_COMP_Q(1.0.0),10,5,Q,2010-Q4,2319.1,,,,
ABS:ERP_COMP_Q(1.0.0),10,5,Q,2011-Q1,2337.6,,,,
ABS:ERP_COMP_Q(1.0.0),10,5,Q,2011-Q2,2353.4,,,,
ABS:ERP_COMP_Q(1.0.0),10,5,Q,2011-Q3,2369.6,,,,
ABS:ERP_COMP_Q(1.0.0),10,5,Q,2011-Q4,2385.9,,,,
ABS:ERP_COMP_Q(1.0.0),10,5,Q,2012-Q1,2408.1,,,,
ABS:ERP_COMP_Q(1.0.0),10,5,Q,2012-Q2,2425.5,,,,
ABS:ERP_COMP_Q(1.0.0),10,5,Q,2012-Q3,2442.9,,,,
ABS:ERP_COMP_Q(1.0.0),10,5,Q,2012-Q4,2457.5,,,,
ABS:ERP_COMP_Q(1.0.0),10,5,Q,2013-Q1,2475.2,,,,
ABS:ERP_COMP_Q(1.0.0),10,5,Q,2013-Q2,2486.9,,,,
ABS:ERP_COMP_Q(1.0.0),10,5,Q,2013-Q3,2496.3,,,,
ABS:ERP_COMP_Q(1.0.0),10,5,Q,2013-Q4,2502.2,,,,
ABS:ERP_COMP_Q(1.0.0),10,5,Q,2014-Q1,2512.6,,,,
ABS:ERP_COMP_Q(1.0.0),10,5,Q,2014-Q2,2517.6,,,,
ABS:ERP_COMP_Q(1.0.0),10,5,Q,2014-Q3,2524,,,,
ABS:ERP_COMP_Q(1.0.0),10,5,Q,2014-Q4,2528.6,,,,
ABS:ERP_COMP_Q(1.0.0),10,5,Q,2015-Q1,2536.6,,,,
ABS:ERP_COMP_Q(1.0.0),10,5,Q,2015-Q2,2540.7,,,,
ABS:ERP_COMP_Q(1.0.0),10,5,Q,2015-Q3,2545.5,,,,
ABS:ERP_COMP_Q(1.0.0),10,5,Q,2015-Q4,2547.7,,,,
ABS:ERP_COMP_Q(1.0.0),10,5,Q,2016-Q1,2554.5,,,,
ABS:ERP_COMP_Q(1.0.0),10,5,Q,2016-Q2,2556,,,,
ABS:ERP_COMP_Q(1.0.0),10,5,Q,2016-Q3,2564.5,,,,
ABS:ERP_COMP_Q(1.0.0),10,5,Q,2016-Q4,2569.6,,,,
ABS:ERP_COMP_Q(1.0.0),10,5,Q,2017-Q1,2579.3,,,,
ABS:ERP_COMP_Q(1.0.0),10,5,Q,2017-Q2,2585.7,,,,
ABS:ERP_COMP_Q(1.0.0),10,5,Q,2017-Q3,2594.1,,,,
ABS:ERP_COMP_Q(1.0.0),10,5,Q,2017-Q4,2599.9,,,,
ABS:ERP_COMP_Q(1.0.0),10,5,Q,2018-Q1,2610.3,,,,
ABS:ERP_COMP_Q(1.0.0),10,5,Q,2018-Q2,2617.8,,,,
ABS:ERP_COMP_Q(1.0.0),10,5,Q,2018-Q3,2628.1,,,,
ABS:ERP_COMP_Q(1.0.0),10,5,Q,2018-Q4,2636.4,,,,
ABS:ERP_COMP_Q(1.0.0),10,5,Q,2019-Q1,2649.6,,,,
ABS:ERP_COMP_Q(1.0.0),10,5,Q,2019-Q2,2659.6,,,,
ABS:ERP_COMP_Q(1.0.0),10,5,Q,2019-Q3,2674.2,,,,
ABS:ERP_COMP_Q(1.0.0),10,5,Q,2019-Q4,2688.8,,,,
ABS:ERP_COMP_Q(1.0.0),10,5,Q,2020-Q1,2706.4,,,,
ABS:ERP_COMP_Q(1.0.0),10,5,Q,2020-Q2,2712.9,,,,
ABS:ERP_COMP_Q(1.0.0),10,5,Q,2020-Q3,2720,,,,
ABS:ERP_COMP_Q(1.0.0),10,5,Q,2020-Q4,2728.2,,,,
ABS:ERP_COMP_Q(1.0.0),10,5,Q,2021-Q1,2739.1,,,,
ABS:ERP_COMP_Q(1.0.0),10,5,Q,2021-Q2,2749.4,,,,
ABS:ERP_COMP_Q(1.0.0),10,5,Q,2021-Q3,2755.6,,,,
ABS:ERP_COMP_Q(1.0.0),10,5,Q,2021-Q4,2763.2,,,,
ABS:ERP_COMP_Q(1.0.0),10,5,Q,2022-Q1,2778.4,,,,
ABS:ERP_COMP_Q(1.0.0),10,5,Q,2022-Q2,2793.9,,,,
ABS:ERP_COMP_Q(1.0.0),10,5,Q,2022-Q3,2815.9,,,,
ABS:ERP_COMP_Q(1.0.0),10,5,Q,2022-Q4,2839.5,,,,
ABS:ERP_COMP_Q(1.0.0),10,5,Q,2023-Q1,2868.5,,,,
ABS:ERP_COMP_Q(1.0.0),10,5,Q,2023-Q2,2890.9,,,,
ABS:ERP_COMP_Q(1.0.0),10,5,Q,2023-Q3,2916.2,,,,
ABS:ERP_COMP_Q(1.0.0),10,5,Q,2023-Q4,2937.6,,,,
ABS:ERP_COMP_Q(1.0.0),10,5,Q,2024-Q1,2962.7,,,,
ABS:ERP_COMP_Q(1.0.0),10,5,Q,2024-Q2,2978.1,,,,
ABS:ERP_COMP_Q(1.0.0),10,5,Q,2024-Q3,2996.1,,,,
ABS:ERP_COMP_Q(1.0.0),10,5,Q,2024-Q4,3011.1,,,,
ABS:ERP_COMP_Q(1.0.0),10,5,Q,2025-Q1,3032.7,,,,
ABS:ERP_COMP_Q(1.0.0),10,5,Q,2025-Q2,3046.2,,,,
ABS:ERP_COMP_Q(1.0.0),10,5,Q,2025-Q3,3063.8,,,,
ABS:ERP_COMP_Q(1.0.0),10,5,Q,2025-Q4,3076.5,,,,
ABS:ERP_COMP_Q(1.0.0),7,7,Q,1981-Q2,0.8,,,,
ABS:ERP_COMP_Q(1.0.0),7,7,Q,1981-Q3,0.5,,,,
ABS:ERP_COMP_Q(1.0.0),7,7,Q,1981-Q4,0.7,,,,
ABS:ERP_COMP_Q(1.0.0),7,7,Q,1982-Q1,0.5,,,,
ABS:ERP_COMP_Q(1.0.0),7,7,Q,1982-Q2,0.5,,,,
ABS:ERP_COMP_Q(1.0.0),7,7,Q,1982-Q3,0.4,,,,
ABS:ERP_COMP_Q(1.0.0),7,7,Q,1982-Q4,0.4,,,,
ABS:ERP_COMP_Q(1.0.0),7,7,Q,1983-Q1,0.5,,,,
ABS:ERP_COMP_Q(1.0.0),7,7,Q,1983-Q2,0.4,,,,
ABS:ERP_COMP_Q(1.0.0),7,7,Q,1983-Q3,0.7,,,,
ABS:ERP_COMP_Q(1.0.0),7,7,Q,1983-Q4,0.3,,,,
ABS:ERP_COMP_Q(1.0.0),7,7,Q,1984-Q1,0.4,,,,
ABS:ERP_COMP_Q(1.0.0),7,7,Q,1984-Q2,0.5,,,,
ABS:ERP_COMP_Q(1.0.0),7,7,Q,1984-Q3,0.5,,,,
ABS:ERP_COMP_Q(1.0.0),7,7,Q,1984-Q4,0.4,,,,
ABS:ERP_COMP_Q(1.0.0),7,7,Q,1985-Q1,0.5,,,,
ABS:ERP_COMP_Q(1.0.0),7,7,Q,1985-Q2,0.6,,,,
ABS:ERP_COMP_Q(1.0.0),7,7,Q,1985-Q3,0.6,,,,
ABS:ERP_COMP_Q(1.0.0),7,7,Q,1985-Q4,0.5,,,,
ABS:ERP_COMP_Q(1.0.0),7,7,Q,1986-Q1,0.6,,,,
ABS:ERP_COMP_Q(1.0.0),7,7,Q,1986-Q2,0.6,,,,
ABS:ERP_COMP_Q(1.0.0),7,7,Q,1986-Q3,0.5,,,,
ABS:ERP_COMP_Q(1.0.0),7,7,Q,1986-Q4,0.5,,,,
ABS:ERP_COMP_Q(1.0.0),7,7,Q,1987-Q1,0.5,,,,
ABS:ERP_COMP_Q(1.0.0),7,7,Q,1987-Q2,0.5,,,,
ABS:ERP_COMP_Q(1.0.0),7,7,Q,1987-Q3,0.6,,,,
ABS:ERP_COMP_Q(1.0.0),7,7,Q,1987-Q4,0.5,,,,
ABS:ERP_COMP_Q(1.0.0),7,7,Q,1988-Q1,0.6,,,,
ABS:ERP_COMP_Q(1.0.0),7,7,Q,1988-Q2,0.5,,,,
ABS:ERP_COMP_Q(1.0.0),7,7,Q,1988-Q3,0.5,,,,
ABS:ERP_COMP_Q(1.0.0),7,7,Q,1988-Q4,0.5,,,,
ABS:ERP_COMP_Q(1.0.0),7,7,Q,1989-Q1,0.6,,,,
ABS:ERP_COMP_Q(1.0.0),7,7,Q,1989-Q2,0.4,,,,
ABS:ERP_COMP_Q(1.0.0),7,7,Q,1989-Q3,0.5,,,,
ABS:ERP_COMP_Q(1.0.0),7,7,Q,1989-Q4,0.4,,,,
ABS:ERP_COMP_Q(1.0.0),7,7,Q,1990-Q1,0.5,,,,
ABS:ERP_COMP_Q(1.0.0),7,7,Q,1990-Q2,0.5,,,,
ABS:ERP_COMP_Q(1.0.0),7,7,Q,1990-Q3,0.6,,,,
ABS:ERP_COMP_Q(1.0.0),7,7,Q,1990-Q4,0.5,,,,
ABS:ERP_COMP_Q(1.0.0),7,7,Q,1991-Q1,0.4,,,,
ABS:ERP_COMP_Q(1.0.0),7,7,Q,1991-Q2,0.5,,,,
ABS:ERP_COMP_Q(1.0.0),7,7,Q,1991-Q3,0.5,,,,
ABS:ERP_COMP_Q(1.0.0),7,7,Q,1991-Q4,0.3,,,,
ABS:ERP_COMP_Q(1.0.0),7,7,Q,1992-Q1,0.5,,,,
ABS:ERP_COMP_Q(1.0.0),7,7,Q,1992-Q2,0.3,,,,
ABS:ERP_COMP_Q(1.0.0),7,7,Q,1992-Q3,0.4,,,,
ABS:ERP_COMP_Q(1.0.0),7,7,Q,1992-Q4,0.4,,,,
ABS:ERP_COMP_Q(1.0.0),7,7,Q,1993-Q1,0.4,,,,
ABS:ERP_COMP_Q(1.0.0),7,7,Q,1993-Q2,0.3,,,,
ABS:ERP_COMP_Q(1.0.0),7,7,Q,1993-Q3,0.4,,,,
ABS:ERP_COMP_Q(1.0.0),7,7,Q,1993-Q4,0.3,,,,
ABS:ERP_COMP_Q(1.0.0),7,7,Q,1994-Q1,0.4,,,,
ABS:ERP_COMP_Q(1.0.0),7,7,Q,1994-Q2,0.4,,,,
ABS:ERP_COMP_Q(1.0.0),7,7,Q,1994-Q3,0.6,,,,
ABS:ERP_COMP_Q(1.0.0),7,7,Q,1994-Q4,0.4,,,,
ABS:ERP_COMP_Q(1.0.0),7,7,Q,1995-Q1,0.5,,,,
ABS:ERP_COMP_Q(1.0.0),7,7,Q,1995-Q2,0.5,,,,
ABS:ERP_COMP_Q(1.0.0),7,7,Q,1995-Q3,0.6,,,,
ABS:ERP_COMP_Q(1.0.0),7,7,Q,1995-Q4,0.5,,,,
ABS:ERP_COMP_Q(1.0.0),7,7,Q,1996-Q1,0.6,,,,
ABS:ERP_COMP_Q(1.0.0),7,7,Q,1996-Q2,0.4,,,,
ABS:ERP_COMP_Q(1.0.0),7,7,Q,1996-Q3,0.6,,,,
ABS:ERP_COMP_Q(1.0.0),7,7,Q,1996-Q4,0.4,,,,
ABS:ERP_COMP_Q(1.0.0),7,7,Q,1997-Q1,0.5,,,,
ABS:ERP_COMP_Q(1.0.0),7,7,Q,1997-Q2,0.5,,,,
ABS:ERP_COMP_Q(1.0.0),7,7,Q,1997-Q3,0.6,,,,
ABS:ERP_COMP_Q(1.0.0),7,7,Q,1997-Q4,0.4,,,,
ABS:ERP_COMP_Q(1.0.0),7,7,Q,1998-Q1,0.6,,,,
ABS:ERP_COMP_Q(1.0.0),7,7,Q,1998-Q2,0.5,,,,
ABS:ERP_COMP_Q(1.0.0),7,7,Q,1998-Q3,0.6,,,,
ABS:ERP_COMP_Q(1.0.0),7,7,Q,1998-Q4,0.7,,,,
ABS:ERP_COMP_Q(1.0.0),7,7,Q,1999-Q1,0.6,,,,
ABS:ERP_COMP_Q(1.0.0),7,7,Q,1999-Q2,0.5,,,,
ABS:ERP_COMP_Q(1.0.0),7,7,Q,1999-Q3,0.8,,,,
ABS:ERP_COMP_Q(1.0.0),7,7,Q,1999-Q4,0.5,,,,
ABS:ERP_COMP_Q(1.0.0),7,7,Q,2000-Q1,0.6,,,,
ABS:ERP_COMP_Q(1.0.0),7,7,Q,2000-Q2,0.5,,,,
ABS:ERP_COMP_Q(1.0.0),7,7,Q,2000-Q3,0.7,,,,
ABS:ERP_COMP_Q(1.0.0),7,7,Q,2000-Q4,0.5,,,,
ABS:ERP_COMP_Q(1.0.0),7,7,Q,2001-Q1,0.6,,,,
ABS:ERP_COMP_Q(1.0.0),7,7,Q,2001-Q2,0.6,,,,
ABS:ERP_COMP_Q(1.0.0),7,7,Q,2001-Q3,0.8,,,,
ABS:ERP_COMP_Q(1.0.0),7,7,Q,2001-Q4,0.5,,,,
ABS:ERP_COMP_Q(1.0.0),7,7,Q,2002-Q1,0.6,,,,
ABS:ERP_COMP_Q(1.0.0),7,7,Q,2002-Q2,0.6,,,,
ABS:ERP_COMP_Q(1.0.0),7,7,Q,2002-Q3,0.7,,,,
ABS:ERP_COMP_Q(1.0.0),7,7,Q,2002-Q4,0.6,,,,
ABS:ERP_COMP_Q(1.0.0),7,7,Q,2003-Q1,0.7,,,,
ABS:ERP_COMP_Q(1.0.0),7,7,Q,2003-Q2,0.5,,,,
ABS:ERP_COMP_Q(1.0.0),7,7,Q,2003-Q3,0.8,,,,
ABS:ERP_COMP_Q(1.0.0),7,7,Q,2003-Q4,0.6,,,,
ABS:ERP_COMP_Q(1.0.0),7,7,Q,2004-Q1,0.7,,,,
ABS:ERP_COMP_Q(1.0.0),7,7,Q,2004-Q2,0.6,,,,
ABS:ERP_COMP_Q(1.0.0),7,7,Q,2004-Q3,0.8,,,,
ABS:ERP_COMP_Q(1.0.0),7,7,Q,2004-Q4,0.6,,,,
ABS:ERP_COMP_Q(1.0.0),7,7,Q,2005-Q1,0.7,,,,
ABS:ERP_COMP_Q(1.0.0),7,7,Q,2005-Q2,0.6,,,,
ABS:ERP_COMP_Q(1.0.0),7,7,Q,2005-Q3,0.7,,,,
ABS:ERP_COMP_Q(1.0.0),7,7,Q,2005-Q4,0.7,,,,
ABS:ERP_COMP_Q(1.0.0),7,7,Q,2006-Q1,0.9,,,,
ABS:ERP_COMP_Q(1.0.0),7,7,Q,2006-Q2,0.8,,,,
ABS:ERP_COMP_Q(1.0.0),7,7,Q,2006-Q3,1.3,,,,
ABS:ERP_COMP_Q(1.0.0),7,7,Q,2006-Q4,1,,,,
ABS:ERP_COMP_Q(1.0.0),7,7,Q,2007-Q1,1.1,,,,
ABS:ERP_COMP_Q(1.0.0),7,7,Q,2007-Q2,1.1,,,,
ABS:ERP_COMP_Q(1.0.0),7,7,Q,2007-Q3,1.3,,,,
ABS:ERP_COMP_Q(1.0.0),7,7,Q,2007-Q4,1,,,,
ABS:ERP_COMP_Q(1.0.0),7,7,Q,2008-Q1,1.1,,,,
ABS:ERP_COMP_Q(1.0.0),7,7,Q,2008-Q2,1.4,,,,
ABS:ERP_COMP_Q(1.0.0),7,7,Q,2008-Q3,1.5,,,,
ABS:ERP_COMP_Q(1.0.0),7,7,Q,2008-Q4,1.2,,,,
ABS:ERP_COMP_Q(1.0.0),7,7,Q,2009-Q1,1.2,,,,
ABS:ERP_COMP_Q(1.0.0),7,7,Q,2009-Q2,1.6,,,,
ABS:ERP_COMP_Q(1.0.0),7,7,Q,2009-Q3,1.6,,,,
ABS:ERP_COMP_Q(1.0.0),7,7,Q,2009-Q4,0.9,,,,
ABS:ERP_COMP_Q(1.0.0),7,7,Q,2010-Q1,1,,,,
ABS:ERP_COMP_Q(1.0.0),7,7,Q,2010-Q2,1.2,,,,
ABS:ERP_COMP_Q(1.0.0),7,7,Q,2010-Q3,1.4,,,,
ABS:ERP_COMP_Q(1.0.0),7,7,Q,2010-Q4,1,,,,
ABS:ERP_COMP_Q(1.0.0),7,7,Q,2011-Q1,1.2,,,,
ABS:ERP_COMP_Q(1.0.0),7,7,Q,2011-Q2,1.3,,,,
ABS:ERP_COMP_Q(1.0.0),7,7,Q,2011-Q3,1.9,,,,
ABS:ERP_COMP_Q(1.0.0),7,7,Q,2011-Q4,1.4,,,,
ABS:ERP_COMP_Q(1.0.0),7,7,Q,2012-Q1,1.8,,,,
ABS:ERP_COMP_Q(1.0.0),7,7,Q,2012-Q2,1.7,,,,
ABS:ERP_COMP_Q(1.0.0),7,7,Q,2012-Q3,2.2,,,,
ABS:ERP_COMP_Q(1.0.0),7,7,Q,2012-Q4,1.9,,,,
ABS:ERP_COMP_Q(1.0.0),7,7,Q,2013-Q1,1.9,,,,
ABS:ERP_COMP_Q(1.0.0),7,7,Q,2013-Q2,1.9,,,,
ABS:ERP_COMP_Q(1.0.0),7,7,Q,2013-Q3,1.9,,,,
ABS:ERP_COMP_Q(1.0.0),7,7,Q,2013-Q4,1.6,,,,
ABS:ERP_COMP_Q(1.0.0),7,7,Q,2014-Q1,1.5,,,,
ABS:ERP_COMP_Q(1.0.0),7,7,Q,2014-Q2,1.3,,,,
ABS:ERP_COMP_Q(1.0.0),7,7,Q,2014-Q3,1.7,,,,
ABS:ERP_COMP_Q(1.0.0),7,7,Q,2014-Q4,1.3,,,,
ABS:ERP_COMP_Q(1.0.0),7,7,Q,2015-Q1,1.5,,,,
ABS:ERP_COMP_Q(1.0.0),7,7,Q,2015-Q2,2.4,,,,
ABS:ERP_COMP_Q(1.0.0),7,7,Q,2015-Q3,1.6,,,,
ABS:ERP_COMP_Q(1.0.0),7,7,Q,2015-Q4,1.4,,,,
ABS:ERP_COMP_Q(1.0.0),7,7,Q,2016-Q1,1.4,,,,
ABS:ERP_COMP_Q(1.0.0),7,7,Q,2016-Q2,1.9,,,,
ABS:ERP_COMP_Q(1.0.0),7,7,Q,2016-Q3,2,,,,
ABS:ERP_COMP_Q(1.0.0),7,7,Q,2016-Q4,1.4,,,,
ABS:ERP_COMP_Q(1.0.0),7,7,Q,2017-Q1,1.6,,,,
ABS:ERP_COMP_Q(1.0.0),7,7,Q,2017-Q2,1.9,,,,
ABS:ERP_COMP_Q(1.0.0),7,7,Q,2017-Q3,1.3,,,,
ABS:ERP_COMP_Q(1.0.0),7,7,Q,2017-Q4,1.1,,,,
ABS:ERP_COMP_Q(1.0.0),7,7,Q,2018-Q1,1.1,,,,
ABS:ERP_COMP_Q(1.0.0),7,7,Q,2018-Q2,1.5,,,,
ABS:ERP_COMP_Q(1.0.0),7,7,Q,2018-Q3,1.5,,,,
ABS:ERP_COMP_Q(1.0.0),7,7,Q,2018-Q4,1.1,,,,
ABS:ERP_COMP_Q(1.0.0),7,7,Q,2019-Q1,1.4,,,,
ABS:ERP_COMP_Q(1.0.0),7,7,Q,2019-Q2,1.6,,,,
ABS:ERP_COMP_Q(1.0.0),7,7,Q,2019-Q3,1.4,,,,
ABS:ERP_COMP_Q(1.0.0),7,7,Q,2019-Q4,1.2,,,,
ABS:ERP_COMP_Q(1.0.0),7,7,Q,2020-Q1,1.4,,,,
ABS:ERP_COMP_Q(1.0.0),7,7,Q,2020-Q2,0.1,,,,
ABS:ERP_COMP_Q(1.0.0),7,7,Q,2020-Q3,0.3,,,,
ABS:ERP_COMP_Q(1.0.0),7,7,Q,2020-Q4,0.4,,,,
ABS:ERP_COMP_Q(1.0.0),7,7,Q,2021-Q1,0.4,,,,
ABS:ERP_COMP_Q(1.0.0),7,7,Q,2021-Q2,0.4,,,,
ABS:ERP_COMP_Q(1.0.0),7,7,Q,2021-Q3,1,,,,
ABS:ERP_COMP_Q(1.0.0),7,7,Q,2021-Q4,1,,,,
ABS:ERP_COMP_Q(1.0.0),7,7,Q,2022-Q1,1.5,,,,
ABS:ERP_COMP_Q(1.0.0),7,7,Q,2022-Q2,1.3,,,,
ABS:ERP_COMP_Q(1.0.0),7,7,Q,2022-Q3,1.6,,,,
ABS:ERP_COMP_Q(1.0.0),7,7,Q,2022-Q4,1.4,,,,
ABS:ERP_COMP_Q(1.0.0),7,7,Q,2023-Q1,1.8,,,,
ABS:ERP_COMP_Q(1.0.0),7,7,Q,2023-Q2,1.6,,,,
ABS:ERP_COMP_Q(1.0.0),7,7,Q,2023-Q3,1.6,,,,
ABS:ERP_COMP_Q(1.0.0),7,7,Q,2023-Q4,1.4,,,,
ABS:ERP_COMP_Q(1.0.0),7,7,Q,2024-Q1,1.4,,,,
ABS:ERP_COMP_Q(1.0.0),7,7,Q,2024-Q2,1.2,,,,
ABS:ERP_COMP_Q(1.0.0),7,7,Q,2024-Q3,1.4,,,,
ABS:ERP_COMP_Q(1.0.0),7,7,Q,2024-Q4,1.5,,,,
ABS:ERP_COMP_Q(1.0.0),7,7,Q,2025-Q1,1.6,,,,
ABS:ERP_COMP_Q(1.0.0),7,7,Q,2025-Q2,1.3,,,,
ABS:ERP_COMP_Q(1.0.0),7,7,Q,2025-Q3,1.6,,,,
ABS:ERP_COMP_Q(1.0.0),7,7,Q,2025-Q4,1.2,,,,
ABS:ERP_COMP_Q(1.0.0),2,2,Q,1981-Q2,7.1,,,,
ABS:ERP_COMP_Q(1.0.0),2,2,Q,1981-Q3,8.3,,,,
ABS:ERP_COMP_Q(1.0.0),2,2,Q,1981-Q4,7,,,,
ABS:ERP_COMP_Q(1.0.0),2,2,Q,1982-Q1,6.9,,,,
ABS:ERP_COMP_Q(1.0.0),2,2,Q,1982-Q2,7.4,,,,
ABS:ERP_COMP_Q(1.0.0),2,2,Q,1982-Q3,9.2,,,,
ABS:ERP_COMP_Q(1.0.0),2,2,Q,1982-Q4,7.2,,,,
ABS:ERP_COMP_Q(1.0.0),2,2,Q,1983-Q1,6.7,,,,
ABS:ERP_COMP_Q(1.0.0),2,2,Q,1983-Q2,7.2,,,,
ABS:ERP_COMP_Q(1.0.0),2,2,Q,1983-Q3,8.2,,,,
ABS:ERP_COMP_Q(1.0.0),2,2,Q,1983-Q4,7.2,,,,
ABS:ERP_COMP_Q(1.0.0),2,2,Q,1984-Q1,6.7,,,,
ABS:ERP_COMP_Q(1.0.0),2,2,Q,1984-Q2,7.4,,,,
ABS:ERP_COMP_Q(1.0.0),2,2,Q,1984-Q3,8.2,,,,
ABS:ERP_COMP_Q(1.0.0),2,2,Q,1984-Q4,7.2,,,,
ABS:ERP_COMP_Q(1.0.0),2,2,Q,1985-Q1,7.3,,,,
ABS:ERP_COMP_Q(1.0.0),2,2,Q,1985-Q2,7.5,,,,
ABS:ERP_COMP_Q(1.0.0),2,2,Q,1985-Q3,8.9,,,,
ABS:ERP_COMP_Q(1.0.0),2,2,Q,1985-Q4,7.6,,,,
ABS:ERP_COMP_Q(1.0.0),2,2,Q,1986-Q1,6.9,,,,
ABS:ERP_COMP_Q(1.0.0),2,2,Q,1986-Q2,7.4,,,,
ABS:ERP_COMP_Q(1.0.0),2,2,Q,1986-Q3,8.2,,,,
ABS:ERP_COMP_Q(1.0.0),2,2,Q,1986-Q4,7.6,,,,
ABS:ERP_COMP_Q(1.0.0),2,2,Q,1987-Q1,7.1,,,,
ABS:ERP_COMP_Q(1.0.0),2,2,Q,1987-Q2,7.8,,,,
ABS:ERP_COMP_Q(1.0.0),2,2,Q,1987-Q3,8.5,,,,
ABS:ERP_COMP_Q(1.0.0),2,2,Q,1987-Q4,8.2,,,,
ABS:ERP_COMP_Q(1.0.0),2,2,Q,1988-Q1,7.5,,,,
ABS:ERP_COMP_Q(1.0.0),2,2,Q,1988-Q2,7.5,,,,
ABS:ERP_COMP_Q(1.0.0),2,2,Q,1988-Q3,8.4,,,,
ABS:ERP_COMP_Q(1.0.0),2,2,Q,1988-Q4,7.4,,,,
ABS:ERP_COMP_Q(1.0.0),2,2,Q,1989-Q1,7.5,,,,
ABS:ERP_COMP_Q(1.0.0),2,2,Q,1989-Q2,8.1,,,,
ABS:ERP_COMP_Q(1.0.0),2,2,Q,1989-Q3,9.1,,,,
ABS:ERP_COMP_Q(1.0.0),2,2,Q,1989-Q4,7.7,,,,
ABS:ERP_COMP_Q(1.0.0),2,2,Q,1990-Q1,7.6,,,,
ABS:ERP_COMP_Q(1.0.0),2,2,Q,1990-Q2,7.7,,,,
ABS:ERP_COMP_Q(1.0.0),2,2,Q,1990-Q3,8,,,,
ABS:ERP_COMP_Q(1.0.0),2,2,Q,1990-Q4,7.7,,,,
ABS:ERP_COMP_Q(1.0.0),2,2,Q,1991-Q1,7.4,,,,
ABS:ERP_COMP_Q(1.0.0),2,2,Q,1991-Q2,8,,,,
ABS:ERP_COMP_Q(1.0.0),2,2,Q,1991-Q3,8.3,,,,
ABS:ERP_COMP_Q(1.0.0),2,2,Q,1991-Q4,7.5,,,,
ABS:ERP_COMP_Q(1.0.0),2,2,Q,1992-Q1,7.2,,,,
ABS:ERP_COMP_Q(1.0.0),2,2,Q,1992-Q2,8.2,,,,
ABS:ERP_COMP_Q(1.0.0),2,2,Q,1992-Q3,8.5,,,,
ABS:ERP_COMP_Q(1.0.0),2,2,Q,1992-Q4,7.8,,,,
ABS:ERP_COMP_Q(1.0.0),2,2,Q,1993-Q1,7.1,,,,
ABS:ERP_COMP_Q(1.0.0),2,2,Q,1993-Q2,7.9,,,,
ABS:ERP_COMP_Q(1.0.0),2,2,Q,1993-Q3,8.5,,,,
ABS:ERP_COMP_Q(1.0.0),2,2,Q,1993-Q4,7.6,,,,
ABS:ERP_COMP_Q(1.0.0),2,2,Q,1994-Q1,7.3,,,,
ABS:ERP_COMP_Q(1.0.0),2,2,Q,1994-Q2,8.1,,,,
ABS:ERP_COMP_Q(1.0.0),2,2,Q,1994-Q3,9.2,,,,
ABS:ERP_COMP_Q(1.0.0),2,2,Q,1994-Q4,7.7,,,,
ABS:ERP_COMP_Q(1.0.0),2,2,Q,1995-Q1,7.3,,,,
ABS:ERP_COMP_Q(1.0.0),2,2,Q,1995-Q2,8.1,,,,
ABS:ERP_COMP_Q(1.0.0),2,2,Q,1995-Q3,8.9,,,,
ABS:ERP_COMP_Q(1.0.0),2,2,Q,1995-Q4,8.1,,,,
ABS:ERP_COMP_Q(1.0.0),2,2,Q,1996-Q1,7.6,,,,
ABS:ERP_COMP_Q(1.0.0),2,2,Q,1996-Q2,8.2,,,,
ABS:ERP_COMP_Q(1.0.0),2,2,Q,1996-Q3,9,,,,
ABS:ERP_COMP_Q(1.0.0),2,2,Q,1996-Q4,8,,,,
ABS:ERP_COMP_Q(1.0.0),2,2,Q,1997-Q1,7.5,,,,
ABS:ERP_COMP_Q(1.0.0),2,2,Q,1997-Q2,8.1,,,,
ABS:ERP_COMP_Q(1.0.0),2,2,Q,1997-Q3,9.3,,,,
ABS:ERP_COMP_Q(1.0.0),2,2,Q,1997-Q4,7.8,,,,
ABS:ERP_COMP_Q(1.0.0),2,2,Q,1998-Q1,7.2,,,,
ABS:ERP_COMP_Q(1.0.0),2,2,Q,1998-Q2,8.1,,,,
ABS:ERP_COMP_Q(1.0.0),2,2,Q,1998-Q3,9,,,,
ABS:ERP_COMP_Q(1.0.0),2,2,Q,1998-Q4,7.9,,,,
ABS:ERP_COMP_Q(1.0.0),2,2,Q,1999-Q1,7.3,,,,
ABS:ERP_COMP_Q(1.0.0),2,2,Q,1999-Q2,8.2,,,,
ABS:ERP_COMP_Q(1.0.0),2,2,Q,1999-Q3,8.6,,,,
ABS:ERP_COMP_Q(1.0.0),2,2,Q,1999-Q4,7.9,,,,
ABS:ERP_COMP_Q(1.0.0),2,2,Q,2000-Q1,7.4,,,,
ABS:ERP_COMP_Q(1.0.0),2,2,Q,2000-Q2,8.1,,,,
ABS:ERP_COMP_Q(1.0.0),2,2,Q,2000-Q3,8.9,,,,
ABS:ERP_COMP_Q(1.0.0),2,2,Q,2000-Q4,7.9,,,,
ABS:ERP_COMP_Q(1.0.0),2,2,Q,2001-Q1,7.5,,,,
ABS:ERP_COMP_Q(1.0.0),2,2,Q,2001-Q2,8,,,,
ABS:ERP_COMP_Q(1.0.0),2,2,Q,2001-Q3,8.6,,,,
ABS:ERP_COMP_Q(1.0.0),2,2,Q,2001-Q4,8.2,,,,
ABS:ERP_COMP_Q(1.0.0),2,2,Q,2002-Q1,7.5,,,,
ABS:ERP_COMP_Q(1.0.0),2,2,Q,2002-Q2,8.3,,,,
ABS:ERP_COMP_Q(1.0.0),2,2,Q,2002-Q3,9.5,,,,
ABS:ERP_COMP_Q(1.0.0),2,2,Q,2002-Q4,8.1,,,,
ABS:ERP_COMP_Q(1.0.0),2,2,Q,2003-Q1,7.3,,,,
ABS:ERP_COMP_Q(1.0.0),2,2,Q,2003-Q2,8.1,,,,
ABS:ERP_COMP_Q(1.0.0),2,2,Q,2003-Q3,9.2,,,,
ABS:ERP_COMP_Q(1.0.0),2,2,Q,2003-Q4,8,,,,
ABS:ERP_COMP_Q(1.0.0),2,2,Q,2004-Q1,7.7,,,,
ABS:ERP_COMP_Q(1.0.0),2,2,Q,2004-Q2,8.2,,,,
ABS:ERP_COMP_Q(1.0.0),2,2,Q,2004-Q3,8.7,,,,
ABS:ERP_COMP_Q(1.0.0),2,2,Q,2004-Q4,8.1,,,,
ABS:ERP_COMP_Q(1.0.0),2,2,Q,2005-Q1,7.5,,,,
ABS:ERP_COMP_Q(1.0.0),2,2,Q,2005-Q2,8.2,,,,
ABS:ERP_COMP_Q(1.0.0),2,2,Q,2005-Q3,8.9,,,,
ABS:ERP_COMP_Q(1.0.0),2,2,Q,2005-Q4,8.2,,,,
ABS:ERP_COMP_Q(1.0.0),2,2,Q,2006-Q1,7.6,,,,
ABS:ERP_COMP_Q(1.0.0),2,2,Q,2006-Q2,8.5,,,,
ABS:ERP_COMP_Q(1.0.0),2,2,Q,2006-Q3,9.1,,,,
ABS:ERP_COMP_Q(1.0.0),2,2,Q,2006-Q4,8.5,,,,
ABS:ERP_COMP_Q(1.0.0),2,2,Q,2007-Q1,7.9,,,,
ABS:ERP_COMP_Q(1.0.0),2,2,Q,2007-Q2,8.7,,,,
ABS:ERP_COMP_Q(1.0.0),2,2,Q,2007-Q3,9.5,,,,
ABS:ERP_COMP_Q(1.0.0),2,2,Q,2007-Q4,8.7,,,,
ABS:ERP_COMP_Q(1.0.0),2,2,Q,2008-Q1,8.1,,,,
ABS:ERP_COMP_Q(1.0.0),2,2,Q,2008-Q2,8.8,,,,
ABS:ERP_COMP_Q(1.0.0),2,2,Q,2008-Q3,9.8,,,,
ABS:ERP_COMP_Q(1.0.0),2,2,Q,2008-Q4,8.7,,,,
ABS:ERP_COMP_Q(1.0.0),2,2,Q,2009-Q1,8.6,,,,
ABS:ERP_COMP_Q(1.0.0),2,2,Q,2009-Q2,8.9,,,,
ABS:ERP_COMP_Q(1.0.0),2,2,Q,2009-Q3,9.4,,,,
ABS:ERP_COMP_Q(1.0.0),2,2,Q,2009-Q4,8.6,,,,
ABS:ERP_COMP_Q(1.0.0),2,2,Q,2010-Q1,8,,,,
ABS:ERP_COMP_Q(1.0.0),2,2,Q,2010-Q2,9.1,,,,
ABS:ERP_COMP_Q(1.0.0),2,2,Q,2010-Q3,9.7,,,,
ABS:ERP_COMP_Q(1.0.0),2,2,Q,2010-Q4,9,,,,
ABS:ERP_COMP_Q(1.0.0),2,2,Q,2011-Q1,8.5,,,,
ABS:ERP_COMP_Q(1.0.0),2,2,Q,2011-Q2,9.2,,,,
ABS:ERP_COMP_Q(1.0.0),2,2,Q,2011-Q3,9.6,,,,
ABS:ERP_COMP_Q(1.0.0),2,2,Q,2011-Q4,9,,,,
ABS:ERP_COMP_Q(1.0.0),2,2,Q,2012-Q1,8.4,,,,
ABS:ERP_COMP_Q(1.0.0),2,2,Q,2012-Q2,9.1,,,,
ABS:ERP_COMP_Q(1.0.0),2,2,Q,2012-Q3,10.1,,,,
ABS:ERP_COMP_Q(1.0.0),2,2,Q,2012-Q4,8.9,,,,
ABS:ERP_COMP_Q(1.0.0),2,2,Q,2013-Q1,8.5,,,,
ABS:ERP_COMP_Q(1.0.0),2,2,Q,2013-Q2,9.1,,,,
ABS:ERP_COMP_Q(1.0.0),2,2,Q,2013-Q3,9.7,,,,
ABS:ERP_COMP_Q(1.0.0),2,2,Q,2013-Q4,9.3,,,,
ABS:ERP_COMP_Q(1.0.0),2,2,Q,2014-Q1,8.8,,,,
ABS:ERP_COMP_Q(1.0.0),2,2,Q,2014-Q2,9.6,,,,
ABS:ERP_COMP_Q(1.0.0),2,2,Q,2014-Q3,10.4,,,,
ABS:ERP_COMP_Q(1.0.0),2,2,Q,2014-Q4,9.4,,,,
ABS:ERP_COMP_Q(1.0.0),2,2,Q,2015-Q1,8.8,,,,
ABS:ERP_COMP_Q(1.0.0),2,2,Q,2015-Q2,9.9,,,,
ABS:ERP_COMP_Q(1.0.0),2,2,Q,2015-Q3,10.7,,,,
ABS:ERP_COMP_Q(1.0.0),2,2,Q,2015-Q4,9.4,,,,
ABS:ERP_COMP_Q(1.0.0),2,2,Q,2016-Q1,8.9,,,,
ABS:ERP_COMP_Q(1.0.0),2,2,Q,2016-Q2,9.9,,,,
ABS:ERP_COMP_Q(1.0.0),2,2,Q,2016-Q3,10.7,,,,
ABS:ERP_COMP_Q(1.0.0),2,2,Q,2016-Q4,9.9,,,,
ABS:ERP_COMP_Q(1.0.0),2,2,Q,2017-Q1,8.9,,,,
ABS:ERP_COMP_Q(1.0.0),2,2,Q,2017-Q2,9.8,,,,
ABS:ERP_COMP_Q(1.0.0),2,2,Q,2017-Q3,11.6,,,,
ABS:ERP_COMP_Q(1.0.0),2,2,Q,2017-Q4,9.5,,,,
ABS:ERP_COMP_Q(1.0.0),2,2,Q,2018-Q1,8.8,,,,
ABS:ERP_COMP_Q(1.0.0),2,2,Q,2018-Q2,9.3,,,,
ABS:ERP_COMP_Q(1.0.0),2,2,Q,2018-Q3,10.7,,,,
ABS:ERP_COMP_Q(1.0.0),2,2,Q,2018-Q4,10,,,,
ABS:ERP_COMP_Q(1.0.0),2,2,Q,2019-Q1,9.5,,,,
ABS:ERP_COMP_Q(1.0.0),2,2,Q,2019-Q2,10.4,,,,
ABS:ERP_COMP_Q(1.0.0),2,2,Q,2019-Q3,11.1,,,,
ABS:ERP_COMP_Q(1.0.0),2,2,Q,2019-Q4,10.1,,,,
ABS:ERP_COMP_Q(1.0.0),2,2,Q,2020-Q1,9.7,,,,
ABS:ERP_COMP_Q(1.0.0),2,2,Q,2020-Q2,10.3,,,,
ABS:ERP_COMP_Q(1.0.0),2,2,Q,2020-Q3,11.2,,,,
ABS:ERP_COMP_Q(1.0.0),2,2,Q,2020-Q4,9.9,,,,
ABS:ERP_COMP_Q(1.0.0),2,2,Q,2021-Q1,9.7,,,,
ABS:ERP_COMP_Q(1.0.0),2,2,Q,2021-Q2,10.8,,,,
ABS:ERP_COMP_Q(1.0.0),2,2,Q,2021-Q3,11.3,,,,
ABS:ERP_COMP_Q(1.0.0),2,2,Q,2021-Q4,11.3,,,,
ABS:ERP_COMP_Q(1.0.0),2,2,Q,2022-Q1,11.5,,,,
ABS:ERP_COMP_Q(1.0.0),2,2,Q,2022-Q2,12,,,,
ABS:ERP_COMP_Q(1.0.0),2,2,Q,2022-Q3,12.7,,,,
ABS:ERP_COMP_Q(1.0.0),2,2,Q,2022-Q4,11.5,,,,
ABS:ERP_COMP_Q(1.0.0),2,2,Q,2023-Q1,10.7,,,,
ABS:ERP_COMP_Q(1.0.0),2,2,Q,2023-Q2,11.5,,,,
ABS:ERP_COMP_Q(1.0.0),2,2,Q,2023-Q3,11.6,,,,
ABS:ERP_COMP_Q(1.0.0),2,2,Q,2023-Q4,11.2,,,,
ABS:ERP_COMP_Q(1.0.0),2,2,Q,2024-Q1,10.6,,,,
ABS:ERP_COMP_Q(1.0.0),2,2,Q,2024-Q2,11.9,,,,
ABS:ERP_COMP_Q(1.0.0),2,2,Q,2024-Q3,12.5,,,,
ABS:ERP_COMP_Q(1.0.0),2,2,Q,2024-Q4,11,,,,
ABS:ERP_COMP_Q(1.0.0),2,2,Q,2025-Q1,10.7,,,,
ABS:ERP_COMP_Q(1.0.0),2,2,Q,2025-Q2,11.4,,,,
ABS:ERP_COMP_Q(1.0.0),2,2,Q,2025-Q3,12.7,,,,
ABS:ERP_COMP_Q(1.0.0),2,2,Q,2025-Q4,11.7,,,,
ABS:ERP_COMP_Q(1.0.0),12,8,Q,1981-Q2,-0.2,,,,
ABS:ERP_COMP_Q(1.0.0),12,8,Q,1981-Q3,0.1,,,,
ABS:ERP_COMP_Q(1.0.0),12,8,Q,1981-Q4,0,,,,
ABS:ERP_COMP_Q(1.0.0),12,8,Q,1982-Q1,0,,,,
ABS:ERP_COMP_Q(1.0.0),12,8,Q,1982-Q2,0.1,,,,
ABS:ERP_COMP_Q(1.0.0),12,8,Q,1982-Q3,0.1,,,,
ABS:ERP_COMP_Q(1.0.0),12,8,Q,1982-Q4,-0.2,,,,
ABS:ERP_COMP_Q(1.0.0),12,8,Q,1983-Q1,0,,,,
ABS:ERP_COMP_Q(1.0.0),12,8,Q,1983-Q2,0,,,,
ABS:ERP_COMP_Q(1.0.0),12,8,Q,1983-Q3,0.1,,,,
ABS:ERP_COMP_Q(1.0.0),12,8,Q,1983-Q4,-0.1,,,,
ABS:ERP_COMP_Q(1.0.0),12,8,Q,1984-Q1,-0.1,,,,
ABS:ERP_COMP_Q(1.0.0),12,8,Q,1984-Q2,0.1,,,,
ABS:ERP_COMP_Q(1.0.0),12,8,Q,1984-Q3,0.1,,,,
ABS:ERP_COMP_Q(1.0.0),12,8,Q,1984-Q4,-0.1,,,,
ABS:ERP_COMP_Q(1.0.0),12,8,Q,1985-Q1,0.1,,,,
ABS:ERP_COMP_Q(1.0.0),12,8,Q,1985-Q2,0.1,,,,
ABS:ERP_COMP_Q(1.0.0),12,8,Q,1985-Q3,0.1,,,,
ABS:ERP_COMP_Q(1.0.0),12,8,Q,1985-Q4,0.1,,,,
ABS:ERP_COMP_Q(1.0.0),12,8,Q,1986-Q1,-0.1,,,,
ABS:ERP_COMP_Q(1.0.0),12,8,Q,1986-Q2,0.1,,,,
ABS:ERP_COMP_Q(1.0.0),12,8,Q,1986-Q3,0.1,,,,
ABS:ERP_COMP_Q(1.0.0),12,8,Q,1986-Q4,0.1,,,,
ABS:ERP_COMP_Q(1.0.0),12,8,Q,1987-Q1,0.2,,,,
ABS:ERP_COMP_Q(1.0.0),12,8,Q,1987-Q2,0.1,,,,
ABS:ERP_COMP_Q(1.0.0),12,8,Q,1987-Q3,0.2,,,,
ABS:ERP_COMP_Q(1.0.0),12,8,Q,1987-Q4,-0.1,,,,
ABS:ERP_COMP_Q(1.0.0),12,8,Q,1988-Q1,0.2,,,,
ABS:ERP_COMP_Q(1.0.0),12,8,Q,1988-Q2,0,,,,
ABS:ERP_COMP_Q(1.0.0),12,8,Q,1988-Q3,0.4,,,,
ABS:ERP_COMP_Q(1.0.0),12,8,Q,1988-Q4,0.1,,,,
ABS:ERP_COMP_Q(1.0.0),12,8,Q,1989-Q1,0.2,,,,
ABS:ERP_COMP_Q(1.0.0),12,8,Q,1989-Q2,-0.1,,,,
ABS:ERP_COMP_Q(1.0.0),12,8,Q,1989-Q3,0.1,,,,
ABS:ERP_COMP_Q(1.0.0),12,8,Q,1989-Q4,0.1,,,,
ABS:ERP_COMP_Q(1.0.0),12,8,Q,1990-Q1,0.2,,,,
ABS:ERP_COMP_Q(1.0.0),12,8,Q,1990-Q2,0.1,,,,
ABS:ERP_COMP_Q(1.0.0),12,8,Q,1990-Q3,0,,,,
ABS:ERP_COMP_Q(1.0.0),12,8,Q,1990-Q4,-0.2,,,,
ABS:ERP_COMP_Q(1.0.0),12,8,Q,1991-Q1,0.1,,,,
ABS:ERP_COMP_Q(1.0.0),12,8,Q,1991-Q2,-0.1,,,,
ABS:ERP_COMP_Q(1.0.0),12,8,Q,1991-Q3,0,,,,
ABS:ERP_COMP_Q(1.0.0),12,8,Q,1991-Q4,-0.3,,,,
ABS:ERP_COMP_Q(1.0.0),12,8,Q,1992-Q1,0,,,,
ABS:ERP_COMP_Q(1.0.0),12,8,Q,1992-Q2,-0.2,,,,
ABS:ERP_COMP_Q(1.0.0),12,8,Q,1992-Q3,-0.1,,,,
ABS:ERP_COMP_Q(1.0.0),12,8,Q,1992-Q4,-0.4,,,,
ABS:ERP_COMP_Q(1.0.0),12,8,Q,1993-Q1,-0.1,,,,
ABS:ERP_COMP_Q(1.0.0),12,8,Q,1993-Q2,-0.3,,,,
ABS:ERP_COMP_Q(1.0.0),12,8,Q,1993-Q3,0,,,,
ABS:ERP_COMP_Q(1.0.0),12,8,Q,1993-Q4,-0.2,,,,
ABS:ERP_COMP_Q(1.0.0),12,8,Q,1994-Q1,-0.2,,,,
ABS:ERP_COMP_Q(1.0.0),12,8,Q,1994-Q2,-0.2,,,,
ABS:ERP_COMP_Q(1.0.0),12,8,Q,1994-Q3,0.1,,,,
ABS:ERP_COMP_Q(1.0.0),12,8,Q,1994-Q4,-0.4,,,,
ABS:ERP_COMP_Q(1.0.0),12,8,Q,1995-Q1,-0.2,,,,
ABS:ERP_COMP_Q(1.0.0),12,8,Q,1995-Q2,0.1,,,,
ABS:ERP_COMP_Q(1.0.0),12,8,Q,1995-Q3,0,,,,
ABS:ERP_COMP_Q(1.0.0),12,8,Q,1995-Q4,0.1,,,,
ABS:ERP_COMP_Q(1.0.0),12,8,Q,1996-Q1,-0.4,,,,
ABS:ERP_COMP_Q(1.0.0),12,8,Q,1996-Q2,0.1,,,,
ABS:ERP_COMP_Q(1.0.0),12,8,Q,1996-Q3,0.1,,,,
ABS:ERP_COMP_Q(1.0.0),12,8,Q,1996-Q4,0,,,,
ABS:ERP_COMP_Q(1.0.0),12,8,Q,1997-Q1,-0.2,,,,
ABS:ERP_COMP_Q(1.0.0),12,8,Q,1997-Q2,-0.1,,,,
ABS:ERP_COMP_Q(1.0.0),12,8,Q,1997-Q3,0,,,,
ABS:ERP_COMP_Q(1.0.0),12,8,Q,1997-Q4,0,,,,
ABS:ERP_COMP_Q(1.0.0),12,8,Q,1998-Q1,0,,,,
ABS:ERP_COMP_Q(1.0.0),12,8,Q,1998-Q2,0,,,,
ABS:ERP_COMP_Q(1.0.0),12,8,Q,1998-Q3,0,,,,
ABS:ERP_COMP_Q(1.0.0),12,8,Q,1998-Q4,0,,,,
ABS:ERP_COMP_Q(1.0.0),12,8,Q,1999-Q1,0,,,,
ABS:ERP_COMP_Q(1.0.0),12,8,Q,1999-Q2,0,,,,
ABS:ERP_COMP_Q(1.0.0),12,8,Q,1999-Q3,0,,,,
ABS:ERP_COMP_Q(1.0.0),12,8,Q,1999-Q4,0,,,,
ABS:ERP_COMP_Q(1.0.0),12,8,Q,2000-Q1,0,,,,
ABS:ERP_COMP_Q(1.0.0),12,8,Q,2000-Q2,0,,,,
ABS:ERP_COMP_Q(1.0.0),12,8,Q,2000-Q3,0,,,,
ABS:ERP_COMP_Q(1.0.0),12,8,Q,2000-Q4,0,,,,
ABS:ERP_COMP_Q(1.0.0),12,8,Q,2001-Q1,0,,,,
ABS:ERP_COMP_Q(1.0.0),12,8,Q,2001-Q2,0,,,,
ABS:ERP_COMP_Q(1.0.0),12,8,Q,2001-Q3,-0.2,,,,
ABS:ERP_COMP_Q(1.0.0),12,8,Q,2001-Q4,0.1,,,,
ABS:ERP_COMP_Q(1.0.0),12,8,Q,2002-Q1,-0.1,,,,
ABS:ERP_COMP_Q(1.0.0),12,8,Q,2002-Q2,0.1,,,,
ABS:ERP_COMP_Q(1.0.0),12,8,Q,2002-Q3,0,,,,
ABS:ERP_COMP_Q(1.0.0),12,8,Q,2002-Q4,0.1,,,,
ABS:ERP_COMP_Q(1.0.0),12,8,Q,2003-Q1,-0.2,,,,
ABS:ERP_COMP_Q(1.0.0),12,8,Q,2003-Q2,0.1,,,,
ABS:ERP_COMP_Q(1.0.0),12,8,Q,2003-Q3,-0.2,,,,
ABS:ERP_COMP_Q(1.0.0),12,8,Q,2003-Q4,0,,,,
ABS:ERP_COMP_Q(1.0.0),12,8,Q,2004-Q1,-0.5,,,,
ABS:ERP_COMP_Q(1.0.0),12,8,Q,2004-Q2,0,,,,
ABS:ERP_COMP_Q(1.0.0),12,8,Q,2004-Q3,-0.4,,,,
ABS:ERP_COMP_Q(1.0.0),12,8,Q,2004-Q4,-0.1,,,,
ABS:ERP_COMP_Q(1.0.0),12,8,Q,2005-Q1,-0.2,,,,
ABS:ERP_COMP_Q(1.0.0),12,8,Q,2005-Q2,0.1,,,,
ABS:ERP_COMP_Q(1.0.0),12,8,Q,2005-Q3,-0.4,,,,
ABS:ERP_COMP_Q(1.0.0),12,8,Q,2005-Q4,0,,,,
ABS:ERP_COMP_Q(1.0.0),12,8,Q,2006-Q1,-0.3,,,,
ABS:ERP_COMP_Q(1.0.0),12,8,Q,2006-Q2,0,,,,
ABS:ERP_COMP_Q(1.0.0),12,8,Q,2006-Q3,0,,,,
ABS:ERP_COMP_Q(1.0.0),12,8,Q,2006-Q4,0,,,,
ABS:ERP_COMP_Q(1.0.0),12,8,Q,2007-Q1,0,,,,
ABS:ERP_COMP_Q(1.0.0),12,8,Q,2007-Q2,0,,,,
ABS:ERP_COMP_Q(1.0.0),12,8,Q,2007-Q3,0,,,,
ABS:ERP_COMP_Q(1.0.0),12,8,Q,2007-Q4,0,,,,
ABS:ERP_COMP_Q(1.0.0),12,8,Q,2008-Q1,0,,,,
ABS:ERP_COMP_Q(1.0.0),12,8,Q,2008-Q2,0,,,,
ABS:ERP_COMP_Q(1.0.0),12,8,Q,2008-Q3,0,,,,
ABS:ERP_COMP_Q(1.0.0),12,8,Q,2008-Q4,0,,,,
ABS:ERP_COMP_Q(1.0.0),12,8,Q,2009-Q1,0,,,,
ABS:ERP_COMP_Q(1.0.0),12,8,Q,2009-Q2,0,,,,
ABS:ERP_COMP_Q(1.0.0),12,8,Q,2009-Q3,0,,,,
ABS:ERP_COMP_Q(1.0.0),12,8,Q,2009-Q4,0,,,,
ABS:ERP_COMP_Q(1.0.0),12,8,Q,2010-Q1,0,,,,
ABS:ERP_COMP_Q(1.0.0),12,8,Q,2010-Q2,0,,,,
ABS:ERP_COMP_Q(1.0.0),12,8,Q,2010-Q3,0,,,,
ABS:ERP_COMP_Q(1.0.0),12,8,Q,2010-Q4,0,,,,
ABS:ERP_COMP_Q(1.0.0),12,8,Q,2011-Q1,0,,,,
ABS:ERP_COMP_Q(1.0.0),12,8,Q,2011-Q2,0,,,,
ABS:ERP_COMP_Q(1.0.0),12,8,Q,2011-Q3,0,,,,
ABS:ERP_COMP_Q(1.0.0),12,8,Q,2011-Q4,0,,,,
ABS:ERP_COMP_Q(1.0.0),12,8,Q,2012-Q1,0,,,,
ABS:ERP_COMP_Q(1.0.0),12,8,Q,2012-Q2,0,,,,
ABS:ERP_COMP_Q(1.0.0),12,8,Q,2012-Q3,0,,,,
ABS:ERP_COMP_Q(1.0.0),12,8,Q,2012-Q4,0,,,,
ABS:ERP_COMP_Q(1.0.0),12,8,Q,2013-Q1,0,,,,
ABS:ERP_COMP_Q(1.0.0),12,8,Q,2013-Q2,0,,,,
ABS:ERP_COMP_Q(1.0.0),12,8,Q,2013-Q3,0,,,,
ABS:ERP_COMP_Q(1.0.0),12,8,Q,2013-Q4,0,,,,
ABS:ERP_COMP_Q(1.0.0),12,8,Q,2014-Q1,0,,,,
ABS:ERP_COMP_Q(1.0.0),12,8,Q,2014-Q2,0,,,,
ABS:ERP_COMP_Q(1.0.0),12,8,Q,2014-Q3,0,,,,
ABS:ERP_COMP_Q(1.0.0),12,8,Q,2014-Q4,0,,,,
ABS:ERP_COMP_Q(1.0.0),12,8,Q,2015-Q1,0,,,,
ABS:ERP_COMP_Q(1.0.0),12,8,Q,2015-Q2,0,,,,
ABS:ERP_COMP_Q(1.0.0),12,8,Q,2015-Q3,0,,,,
ABS:ERP_COMP_Q(1.0.0),12,8,Q,2015-Q4,0,,,,
ABS:ERP_COMP_Q(1.0.0),12,8,Q,2016-Q1,0,,,,
ABS:ERP_COMP_Q(1.0.0),12,8,Q,2016-Q2,0,,,,
ABS:ERP_COMP_Q(1.0.0),12,8,Q,2016-Q3,0,,,,
ABS:ERP_COMP_Q(1.0.0),12,8,Q,2016-Q4,0,,,,
ABS:ERP_COMP_Q(1.0.0),12,8,Q,2017-Q1,0,,,,
ABS:ERP_COMP_Q(1.0.0),12,8,Q,2017-Q2,0,,,,
ABS:ERP_COMP_Q(1.0.0),12,8,Q,2017-Q3,0,,,,
ABS:ERP_COMP_Q(1.0.0),12,8,Q,2017-Q4,0,,,,
ABS:ERP_COMP_Q(1.0.0),12,8,Q,2018-Q1,0,,,,
ABS:ERP_COMP_Q(1.0.0),12,8,Q,2018-Q2,0,,,,
ABS:ERP_COMP_Q(1.0.0),12,8,Q,2018-Q3,0,,,,
ABS:ERP_COMP_Q(1.0.0),12,8,Q,2018-Q4,0,,,,
ABS:ERP_COMP_Q(1.0.0),12,8,Q,2019-Q1,0,,,,
ABS:ERP_COMP_Q(1.0.0),12,8,Q,2019-Q2,0,,,,
ABS:ERP_COMP_Q(1.0.0),12,8,Q,2019-Q3,0,,,,
ABS:ERP_COMP_Q(1.0.0),12,8,Q,2019-Q4,0,,,,
ABS:ERP_COMP_Q(1.0.0),12,8,Q,2020-Q1,0,,,,
ABS:ERP_COMP_Q(1.0.0),12,8,Q,2020-Q2,0,,,,
ABS:ERP_COMP_Q(1.0.0),12,8,Q,2020-Q3,0,,,,
ABS:ERP_COMP_Q(1.0.0),12,8,Q,2020-Q4,0,,,,
ABS:ERP_COMP_Q(1.0.0),12,8,Q,2021-Q1,0,,,,
ABS:ERP_COMP_Q(1.0.0),12,8,Q,2021-Q2,0,,,,
ABS:ERP_COMP_Q(1.0.0),12,8,Q,2021-Q3,0,,,,
ABS:ERP_COMP_Q(1.0.0),12,8,Q,2021-Q4,0,,,,
ABS:ERP_COMP_Q(1.0.0),12,8,Q,2022-Q1,0,,,,
ABS:ERP_COMP_Q(1.0.0),12,8,Q,2022-Q2,0,,,,
ABS:ERP_COMP_Q(1.0.0),12,8,Q,2022-Q3,0,,,,
ABS:ERP_COMP_Q(1.0.0),12,8,Q,2022-Q4,0,,,,
ABS:ERP_COMP_Q(1.0.0),12,8,Q,2023-Q1,0,,,,
ABS:ERP_COMP_Q(1.0.0),12,8,Q,2023-Q2,0,,,,
ABS:ERP_COMP_Q(1.0.0),12,8,Q,2023-Q3,0,,,,
ABS:ERP_COMP_Q(1.0.0),12,8,Q,2023-Q4,0,,,,
ABS:ERP_COMP_Q(1.0.0),12,8,Q,2024-Q1,0,,,,
ABS:ERP_COMP_Q(1.0.0),12,8,Q,2024-Q2,0,,,,
ABS:ERP_COMP_Q(1.0.0),12,8,Q,2024-Q3,0,,,,
ABS:ERP_COMP_Q(1.0.0),12,8,Q,2024-Q4,0,,,,
ABS:ERP_COMP_Q(1.0.0),12,8,Q,2025-Q1,0,,,,
ABS:ERP_COMP_Q(1.0.0),12,8,Q,2025-Q2,0,,,,
ABS:ERP_COMP_Q(1.0.0),12,8,Q,2025-Q3,0,,,,
ABS:ERP_COMP_Q(1.0.0),12,8,Q,2025-Q4,0,,,,
ABS:ERP_COMP_Q(1.0.0),1,3,Q,1981-Q2,10.3,,,,
ABS:ERP_COMP_Q(1.0.0),1,3,Q,1981-Q3,9.9,,,,
ABS:ERP_COMP_Q(1.0.0),1,3,Q,1981-Q4,8.6,,,,
ABS:ERP_COMP_Q(1.0.0),1,3,Q,1982-Q1,10.6,,,,
ABS:ERP_COMP_Q(1.0.0),1,3,Q,1982-Q2,10.2,,,,
ABS:ERP_COMP_Q(1.0.0),1,3,Q,1982-Q3,10.4,,,,
ABS:ERP_COMP_Q(1.0.0),1,3,Q,1982-Q4,9.4,,,,
ABS:ERP_COMP_Q(1.0.0),1,3,Q,1983-Q1,11.1,,,,
ABS:ERP_COMP_Q(1.0.0),1,3,Q,1983-Q2,11,,,,
ABS:ERP_COMP_Q(1.0.0),1,3,Q,1983-Q3,10.8,,,,
ABS:ERP_COMP_Q(1.0.0),1,3,Q,1983-Q4,9.2,,,,
ABS:ERP_COMP_Q(1.0.0),1,3,Q,1984-Q1,10.5,,,,
ABS:ERP_COMP_Q(1.0.0),1,3,Q,1984-Q2,10.3,,,,
ABS:ERP_COMP_Q(1.0.0),1,3,Q,1984-Q3,10.2,,,,
ABS:ERP_COMP_Q(1.0.0),1,3,Q,1984-Q4,9.5,,,,
ABS:ERP_COMP_Q(1.0.0),1,3,Q,1985-Q1,10,,,,
ABS:ERP_COMP_Q(1.0.0),1,3,Q,1985-Q2,10.7,,,,
ABS:ERP_COMP_Q(1.0.0),1,3,Q,1985-Q3,10.3,,,,
ABS:ERP_COMP_Q(1.0.0),1,3,Q,1985-Q4,9.5,,,,
ABS:ERP_COMP_Q(1.0.0),1,3,Q,1986-Q1,9.6,,,,
ABS:ERP_COMP_Q(1.0.0),1,3,Q,1986-Q2,10.9,,,,
ABS:ERP_COMP_Q(1.0.0),1,3,Q,1986-Q3,10.5,,,,
ABS:ERP_COMP_Q(1.0.0),1,3,Q,1986-Q4,9.3,,,,
ABS:ERP_COMP_Q(1.0.0),1,3,Q,1987-Q1,10,,,,
ABS:ERP_COMP_Q(1.0.0),1,3,Q,1987-Q2,10.3,,,,
ABS:ERP_COMP_Q(1.0.0),1,3,Q,1987-Q3,10,,,,
ABS:ERP_COMP_Q(1.0.0),1,3,Q,1987-Q4,9.1,,,,
ABS:ERP_COMP_Q(1.0.0),1,3,Q,1988-Q1,10.2,,,,
ABS:ERP_COMP_Q(1.0.0),1,3,Q,1988-Q2,10.3,,,,
ABS:ERP_COMP_Q(1.0.0),1,3,Q,1988-Q3,10.3,,,,
ABS:ERP_COMP_Q(1.0.0),1,3,Q,1988-Q4,9.8,,,,
ABS:ERP_COMP_Q(1.0.0),1,3,Q,1989-Q1,10.4,,,,
ABS:ERP_COMP_Q(1.0.0),1,3,Q,1989-Q2,10.6,,,,
ABS:ERP_COMP_Q(1.0.0),1,3,Q,1989-Q3,11.2,,,,
ABS:ERP_COMP_Q(1.0.0),1,3,Q,1989-Q4,9.9,,,,
ABS:ERP_COMP_Q(1.0.0),1,3,Q,1990-Q1,11.6,,,,
ABS:ERP_COMP_Q(1.0.0),1,3,Q,1990-Q2,11.5,,,,
ABS:ERP_COMP_Q(1.0.0),1,3,Q,1990-Q3,11.5,,,,
ABS:ERP_COMP_Q(1.0.0),1,3,Q,1990-Q4,10.2,,,,
ABS:ERP_COMP_Q(1.0.0),1,3,Q,1991-Q1,11.2,,,,
ABS:ERP_COMP_Q(1.0.0),1,3,Q,1991-Q2,11.5,,,,
ABS:ERP_COMP_Q(1.0.0),1,3,Q,1991-Q3,11.4,,,,
ABS:ERP_COMP_Q(1.0.0),1,3,Q,1991-Q4,10.6,,,,
ABS:ERP_COMP_Q(1.0.0),1,3,Q,1992-Q1,11.6,,,,
ABS:ERP_COMP_Q(1.0.0),1,3,Q,1992-Q2,11.9,,,,
ABS:ERP_COMP_Q(1.0.0),1,3,Q,1992-Q3,11.7,,,,
ABS:ERP_COMP_Q(1.0.0),1,3,Q,1992-Q4,11.1,,,,
ABS:ERP_COMP_Q(1.0.0),1,3,Q,1993-Q1,11.6,,,,
ABS:ERP_COMP_Q(1.0.0),1,3,Q,1993-Q2,11.9,,,,
ABS:ERP_COMP_Q(1.0.0),1,3,Q,1993-Q3,12,,,,
ABS:ERP_COMP_Q(1.0.0),1,3,Q,1993-Q4,11.4,,,,
ABS:ERP_COMP_Q(1.0.0),1,3,Q,1994-Q1,11.7,,,,
ABS:ERP_COMP_Q(1.0.0),1,3,Q,1994-Q2,11.7,,,,
ABS:ERP_COMP_Q(1.0.0),1,3,Q,1994-Q3,12,,,,
ABS:ERP_COMP_Q(1.0.0),1,3,Q,1994-Q4,11.6,,,,
ABS:ERP_COMP_Q(1.0.0),1,3,Q,1995-Q1,12,,,,
ABS:ERP_COMP_Q(1.0.0),1,3,Q,1995-Q2,11.9,,,,
ABS:ERP_COMP_Q(1.0.0),1,3,Q,1995-Q3,12.1,,,,
ABS:ERP_COMP_Q(1.0.0),1,3,Q,1995-Q4,11.1,,,,
ABS:ERP_COMP_Q(1.0.0),1,3,Q,1996-Q1,11.7,,,,
ABS:ERP_COMP_Q(1.0.0),1,3,Q,1996-Q2,11.7,,,,
ABS:ERP_COMP_Q(1.0.0),1,3,Q,1996-Q3,12.1,,,,
ABS:ERP_COMP_Q(1.0.0),1,3,Q,1996-Q4,11.3,,,,
ABS:ERP_COMP_Q(1.0.0),1,3,Q,1997-Q1,11.4,,,,
ABS:ERP_COMP_Q(1.0.0),1,3,Q,1997-Q2,12.7,,,,
ABS:ERP_COMP_Q(1.0.0),1,3,Q,1997-Q3,12.1,,,,
ABS:ERP_COMP_Q(1.0.0),1,3,Q,1997-Q4,11.3,,,,
ABS:ERP_COMP_Q(1.0.0),1,3,Q,1998-Q1,11.8,,,,
ABS:ERP_COMP_Q(1.0.0),1,3,Q,1998-Q2,11.9,,,,
ABS:ERP_COMP_Q(1.0.0),1,3,Q,1998-Q3,12.2,,,,
ABS:ERP_COMP_Q(1.0.0),1,3,Q,1998-Q4,11.1,,,,
ABS:ERP_COMP_Q(1.0.0),1,3,Q,1999-Q1,12,,,,
ABS:ERP_COMP_Q(1.0.0),1,3,Q,1999-Q2,11.8,,,,
ABS:ERP_COMP_Q(1.0.0),1,3,Q,1999-Q3,12.3,,,,
ABS:ERP_COMP_Q(1.0.0),1,3,Q,1999-Q4,11.2,,,,
ABS:ERP_COMP_Q(1.0.0),1,3,Q,2000-Q1,12.1,,,,
ABS:ERP_COMP_Q(1.0.0),1,3,Q,2000-Q2,11.7,,,,
ABS:ERP_COMP_Q(1.0.0),1,3,Q,2000-Q3,12.2,,,,
ABS:ERP_COMP_Q(1.0.0),1,3,Q,2000-Q4,11.6,,,,
ABS:ERP_COMP_Q(1.0.0),1,3,Q,2001-Q1,11.9,,,,
ABS:ERP_COMP_Q(1.0.0),1,3,Q,2001-Q2,12.1,,,,
ABS:ERP_COMP_Q(1.0.0),1,3,Q,2001-Q3,12.5,,,,
ABS:ERP_COMP_Q(1.0.0),1,3,Q,2001-Q4,11.7,,,,
ABS:ERP_COMP_Q(1.0.0),1,3,Q,2002-Q1,11.9,,,,
ABS:ERP_COMP_Q(1.0.0),1,3,Q,2002-Q2,12,,,,
ABS:ERP_COMP_Q(1.0.0),1,3,Q,2002-Q3,12.2,,,,
ABS:ERP_COMP_Q(1.0.0),1,3,Q,2002-Q4,11.5,,,,
ABS:ERP_COMP_Q(1.0.0),1,3,Q,2003-Q1,11.9,,,,
ABS:ERP_COMP_Q(1.0.0),1,3,Q,2003-Q2,12.3,,,,
ABS:ERP_COMP_Q(1.0.0),1,3,Q,2003-Q3,12.6,,,,
ABS:ERP_COMP_Q(1.0.0),1,3,Q,2003-Q4,12.1,,,,
ABS:ERP_COMP_Q(1.0.0),1,3,Q,2004-Q1,12.5,,,,
ABS:ERP_COMP_Q(1.0.0),1,3,Q,2004-Q2,12.3,,,,
ABS:ERP_COMP_Q(1.0.0),1,3,Q,2004-Q3,13,,,,
ABS:ERP_COMP_Q(1.0.0),1,3,Q,2004-Q4,12,,,,
ABS:ERP_COMP_Q(1.0.0),1,3,Q,2005-Q1,13.2,,,,
ABS:ERP_COMP_Q(1.0.0),1,3,Q,2005-Q2,14.1,,,,
ABS:ERP_COMP_Q(1.0.0),1,3,Q,2005-Q3,13.8,,,,
ABS:ERP_COMP_Q(1.0.0),1,3,Q,2005-Q4,13,,,,
ABS:ERP_COMP_Q(1.0.0),1,3,Q,2006-Q1,13.7,,,,
ABS:ERP_COMP_Q(1.0.0),1,3,Q,2006-Q2,13.6,,,,
ABS:ERP_COMP_Q(1.0.0),1,3,Q,2006-Q3,14.5,,,,
ABS:ERP_COMP_Q(1.0.0),1,3,Q,2006-Q4,13.8,,,,
ABS:ERP_COMP_Q(1.0.0),1,3,Q,2007-Q1,15,,,,
ABS:ERP_COMP_Q(1.0.0),1,3,Q,2007-Q2,15,,,,
ABS:ERP_COMP_Q(1.0.0),1,3,Q,2007-Q3,15.9,,,,
ABS:ERP_COMP_Q(1.0.0),1,3,Q,2007-Q4,14.7,,,,
ABS:ERP_COMP_Q(1.0.0),1,3,Q,2008-Q1,15.6,,,,
ABS:ERP_COMP_Q(1.0.0),1,3,Q,2008-Q2,15.6,,,,
ABS:ERP_COMP_Q(1.0.0),1,3,Q,2008-Q3,16,,,,
ABS:ERP_COMP_Q(1.0.0),1,3,Q,2008-Q4,15.4,,,,
ABS:ERP_COMP_Q(1.0.0),1,3,Q,2009-Q1,15.8,,,,
ABS:ERP_COMP_Q(1.0.0),1,3,Q,2009-Q2,16.1,,,,
ABS:ERP_COMP_Q(1.0.0),1,3,Q,2009-Q3,15.8,,,,
ABS:ERP_COMP_Q(1.0.0),1,3,Q,2009-Q4,15.3,,,,
ABS:ERP_COMP_Q(1.0.0),1,3,Q,2010-Q1,16.2,,,,
ABS:ERP_COMP_Q(1.0.0),1,3,Q,2010-Q2,16.1,,,,
ABS:ERP_COMP_Q(1.0.0),1,3,Q,2010-Q3,15.9,,,,
ABS:ERP_COMP_Q(1.0.0),1,3,Q,2010-Q4,14.7,,,,
ABS:ERP_COMP_Q(1.0.0),1,3,Q,2011-Q1,16.1,,,,
ABS:ERP_COMP_Q(1.0.0),1,3,Q,2011-Q2,16.2,,,,
ABS:ERP_COMP_Q(1.0.0),1,3,Q,2011-Q3,15.5,,,,
ABS:ERP_COMP_Q(1.0.0),1,3,Q,2011-Q4,15.1,,,,
ABS:ERP_COMP_Q(1.0.0),1,3,Q,2012-Q1,16.6,,,,
ABS:ERP_COMP_Q(1.0.0),1,3,Q,2012-Q2,16.1,,,,
ABS:ERP_COMP_Q(1.0.0),1,3,Q,2012-Q3,16.1,,,,
ABS:ERP_COMP_Q(1.0.0),1,3,Q,2012-Q4,15.7,,,,
ABS:ERP_COMP_Q(1.0.0),1,3,Q,2013-Q1,16.1,,,,
ABS:ERP_COMP_Q(1.0.0),1,3,Q,2013-Q2,16,,,,
ABS:ERP_COMP_Q(1.0.0),1,3,Q,2013-Q3,16.1,,,,
ABS:ERP_COMP_Q(1.0.0),1,3,Q,2013-Q4,15.2,,,,
ABS:ERP_COMP_Q(1.0.0),1,3,Q,2014-Q1,16.3,,,,
ABS:ERP_COMP_Q(1.0.0),1,3,Q,2014-Q2,15.8,,,,
ABS:ERP_COMP_Q(1.0.0),1,3,Q,2014-Q3,16.1,,,,
ABS:ERP_COMP_Q(1.0.0),1,3,Q,2014-Q4,15.4,,,,
ABS:ERP_COMP_Q(1.0.0),1,3,Q,2015-Q1,15.5,,,,
ABS:ERP_COMP_Q(1.0.0),1,3,Q,2015-Q2,15.5,,,,
ABS:ERP_COMP_Q(1.0.0),1,3,Q,2015-Q3,15.7,,,,
ABS:ERP_COMP_Q(1.0.0),1,3,Q,2015-Q4,14.7,,,,
ABS:ERP_COMP_Q(1.0.0),1,3,Q,2016-Q1,16,,,,
ABS:ERP_COMP_Q(1.0.0),1,3,Q,2016-Q2,15.8,,,,
ABS:ERP_COMP_Q(1.0.0),1,3,Q,2016-Q3,15.8,,,,
ABS:ERP_COMP_Q(1.0.0),1,3,Q,2016-Q4,14.7,,,,
ABS:ERP_COMP_Q(1.0.0),1,3,Q,2017-Q1,15.3,,,,
ABS:ERP_COMP_Q(1.0.0),1,3,Q,2017-Q2,15.5,,,,
ABS:ERP_COMP_Q(1.0.0),1,3,Q,2017-Q3,15.5,,,,
ABS:ERP_COMP_Q(1.0.0),1,3,Q,2017-Q4,14.4,,,,
ABS:ERP_COMP_Q(1.0.0),1,3,Q,2018-Q1,15.7,,,,
ABS:ERP_COMP_Q(1.0.0),1,3,Q,2018-Q2,15.5,,,,
ABS:ERP_COMP_Q(1.0.0),1,3,Q,2018-Q3,15.2,,,,
ABS:ERP_COMP_Q(1.0.0),1,3,Q,2018-Q4,14.7,,,,
ABS:ERP_COMP_Q(1.0.0),1,3,Q,2019-Q1,15.4,,,,
ABS:ERP_COMP_Q(1.0.0),1,3,Q,2019-Q2,15.8,,,,
ABS:ERP_COMP_Q(1.0.0),1,3,Q,2019-Q3,15.3,,,,
ABS:ERP_COMP_Q(1.0.0),1,3,Q,2019-Q4,14.6,,,,
ABS:ERP_COMP_Q(1.0.0),1,3,Q,2020-Q1,15.1,,,,
ABS:ERP_COMP_Q(1.0.0),1,3,Q,2020-Q2,15.4,,,,
ABS:ERP_COMP_Q(1.0.0),1,3,Q,2020-Q3,15.2,,,,
ABS:ERP_COMP_Q(1.0.0),1,3,Q,2020-Q4,14.2,,,,
ABS:ERP_COMP_Q(1.0.0),1,3,Q,2021-Q1,16.4,,,,
ABS:ERP_COMP_Q(1.0.0),1,3,Q,2021-Q2,16.4,,,,
ABS:ERP_COMP_Q(1.0.0),1,3,Q,2021-Q3,16,,,,
ABS:ERP_COMP_Q(1.0.0),1,3,Q,2021-Q4,15,,,,
ABS:ERP_COMP_Q(1.0.0),1,3,Q,2022-Q1,15.7,,,,
ABS:ERP_COMP_Q(1.0.0),1,3,Q,2022-Q2,16,,,,
ABS:ERP_COMP_Q(1.0.0),1,3,Q,2022-Q3,15.4,,,,
ABS:ERP_COMP_Q(1.0.0),1,3,Q,2022-Q4,14.4,,,,
ABS:ERP_COMP_Q(1.0.0),1,3,Q,2023-Q1,14.5,,,,
ABS:ERP_COMP_Q(1.0.0),1,3,Q,2023-Q2,15.1,,,,
ABS:ERP_COMP_Q(1.0.0),1,3,Q,2023-Q3,15,,,,
ABS:ERP_COMP_Q(1.0.0),1,3,Q,2023-Q4,14.3,,,,
ABS:ERP_COMP_Q(1.0.0),1,3,Q,2024-Q1,14.6,,,,
ABS:ERP_COMP_Q(1.0.0),1,3,Q,2024-Q2,15,,,,
ABS:ERP_COMP_Q(1.0.0),1,3,Q,2024-Q3,15.4,,,,
ABS:ERP_COMP_Q(1.0.0),1,3,Q,2024-Q4,13.3,,,,
ABS:ERP_COMP_Q(1.0.0),1,3,Q,2025-Q1,15.3,,,,
ABS:ERP_COMP_Q(1.0.0),1,3,Q,2025-Q2,14.8,,,,
ABS:ERP_COMP_Q(1.0.0),1,3,Q,2025-Q3,15.9,,,,
ABS:ERP_COMP_Q(1.0.0),1,3,Q,2025-Q4,13.4,,,,
ABS:ERP_COMP_Q(1.0.0),10,3,Q,1981-Q2,2345.2,,,,
ABS:ERP_COMP_Q(1.0.0),10,3,Q,1981-Q3,2367.5,,,,
ABS:ERP_COMP_Q(1.0.0),10,3,Q,1981-Q4,2387.9,,,,
ABS:ERP_COMP_Q(1.0.0),10,3,Q,1982-Q1,2406.4,,,,
ABS:ERP_COMP_Q(1.0.0),10,3,Q,1982-Q2,2424.6,,,,
ABS:ERP_COMP_Q(1.0.0),10,3,Q,1982-Q3,2442.9,,,,
ABS:ERP_COMP_Q(1.0.0),10,3,Q,1982-Q4,2456.5,,,,
ABS:ERP_COMP_Q(1.0.0),10,3,Q,1983-Q1,2469.7,,,,
ABS:ERP_COMP_Q(1.0.0),10,3,Q,1983-Q2,2482.3,,,,
ABS:ERP_COMP_Q(1.0.0),10,3,Q,1983-Q3,2493.4,,,,
ABS:ERP_COMP_Q(1.0.0),10,3,Q,1983-Q4,2503.3,,,,
ABS:ERP_COMP_Q(1.0.0),10,3,Q,1984-Q1,2513.4,,,,
ABS:ERP_COMP_Q(1.0.0),10,3,Q,1984-Q2,2523.9,,,,
ABS:ERP_COMP_Q(1.0.0),10,3,Q,1984-Q3,2536,,,,
ABS:ERP_COMP_Q(1.0.0),10,3,Q,1984-Q4,2547.1,,,,
ABS:ERP_COMP_Q(1.0.0),10,3,Q,1985-Q1,2559.5,,,,
ABS:ERP_COMP_Q(1.0.0),10,3,Q,1985-Q2,2571.2,,,,
ABS:ERP_COMP_Q(1.0.0),10,3,Q,1985-Q3,2583.4,,,,
ABS:ERP_COMP_Q(1.0.0),10,3,Q,1985-Q4,2597.1,,,,
ABS:ERP_COMP_Q(1.0.0),10,3,Q,1986-Q1,2610.2,,,,
ABS:ERP_COMP_Q(1.0.0),10,3,Q,1986-Q2,2624.6,,,,
ABS:ERP_COMP_Q(1.0.0),10,3,Q,1986-Q3,2636.5,,,,
ABS:ERP_COMP_Q(1.0.0),10,3,Q,1986-Q4,2648.8,,,,
ABS:ERP_COMP_Q(1.0.0),10,3,Q,1987-Q1,2662.7,,,,
ABS:ERP_COMP_Q(1.0.0),10,3,Q,1987-Q2,2675.1,,,,
ABS:ERP_COMP_Q(1.0.0),10,3,Q,1987-Q3,2688.1,,,,
ABS:ERP_COMP_Q(1.0.0),10,3,Q,1987-Q4,2703.5,,,,
ABS:ERP_COMP_Q(1.0.0),10,3,Q,1988-Q1,2724,,,,
ABS:ERP_COMP_Q(1.0.0),10,3,Q,1988-Q2,2739.9,,,,
ABS:ERP_COMP_Q(1.0.0),10,3,Q,1988-Q3,2760.4,,,,
ABS:ERP_COMP_Q(1.0.0),10,3,Q,1988-Q4,2780.9,,,,
ABS:ERP_COMP_Q(1.0.0),10,3,Q,1989-Q1,2806.8,,,,
ABS:ERP_COMP_Q(1.0.0),10,3,Q,1989-Q2,2827.6,,,,
ABS:ERP_COMP_Q(1.0.0),10,3,Q,1989-Q3,2847,,,,
ABS:ERP_COMP_Q(1.0.0),10,3,Q,1989-Q4,2864,,,,
ABS:ERP_COMP_Q(1.0.0),10,3,Q,1990-Q1,2884.2,,,,
ABS:ERP_COMP_Q(1.0.0),10,3,Q,1990-Q2,2899.3,,,,
ABS:ERP_COMP_Q(1.0.0),10,3,Q,1990-Q3,2913.5,,,,
ABS:ERP_COMP_Q(1.0.0),10,3,Q,1990-Q4,2928.7,,,,
ABS:ERP_COMP_Q(1.0.0),10,3,Q,1991-Q1,2947.5,,,,
ABS:ERP_COMP_Q(1.0.0),10,3,Q,1991-Q2,2961,,,,
ABS:ERP_COMP_Q(1.0.0),10,3,Q,1991-Q3,2976,,,,
ABS:ERP_COMP_Q(1.0.0),10,3,Q,1991-Q4,2990.4,,,,
ABS:ERP_COMP_Q(1.0.0),10,3,Q,1992-Q1,3010.3,,,,
ABS:ERP_COMP_Q(1.0.0),10,3,Q,1992-Q2,3023.2,,,,
ABS:ERP_COMP_Q(1.0.0),10,3,Q,1992-Q3,3041.1,,,,
ABS:ERP_COMP_Q(1.0.0),10,3,Q,1992-Q4,3057.1,,,,
ABS:ERP_COMP_Q(1.0.0),10,3,Q,1993-Q1,3081.3,,,,
ABS:ERP_COMP_Q(1.0.0),10,3,Q,1993-Q2,3096.2,,,,
ABS:ERP_COMP_Q(1.0.0),10,3,Q,1993-Q3,3115.8,,,,
ABS:ERP_COMP_Q(1.0.0),10,3,Q,1993-Q4,3131,,,,
ABS:ERP_COMP_Q(1.0.0),10,3,Q,1994-Q1,3151.4,,,,
ABS:ERP_COMP_Q(1.0.0),10,3,Q,1994-Q2,3166.6,,,,
ABS:ERP_COMP_Q(1.0.0),10,3,Q,1994-Q3,3184.1,,,,
ABS:ERP_COMP_Q(1.0.0),10,3,Q,1994-Q4,3198.9,,,,
ABS:ERP_COMP_Q(1.0.0),10,3,Q,1995-Q1,3218.3,,,,
ABS:ERP_COMP_Q(1.0.0),10,3,Q,1995-Q2,3237.4,,,,
ABS:ERP_COMP_Q(1.0.0),10,3,Q,1995-Q3,3255.1,,,,
ABS:ERP_COMP_Q(1.0.0),10,3,Q,1995-Q4,3271.7,,,,
ABS:ERP_COMP_Q(1.0.0),10,3,Q,1996-Q1,3289.5,,,,
ABS:ERP_COMP_Q(1.0.0),10,3,Q,1996-Q2,3303.2,,,,
ABS:ERP_COMP_Q(1.0.0),10,3,Q,1996-Q3,3318.6,,,,
ABS:ERP_COMP_Q(1.0.0),10,3,Q,1996-Q4,3330.6,,,,
ABS:ERP_COMP_Q(1.0.0),10,3,Q,1997-Q1,3343.8,,,,
ABS:ERP_COMP_Q(1.0.0),10,3,Q,1997-Q2,3355.4,,,,
ABS:ERP_COMP_Q(1.0.0),10,3,Q,1997-Q3,3369.2,,,,
ABS:ERP_COMP_Q(1.0.0),10,3,Q,1997-Q4,3380.4,,,,
ABS:ERP_COMP_Q(1.0.0),10,3,Q,1998-Q1,3393.5,,,,
ABS:ERP_COMP_Q(1.0.0),10,3,Q,1998-Q2,3404.5,,,,
ABS:ERP_COMP_Q(1.0.0),10,3,Q,1998-Q3,3416.1,,,,
ABS:ERP_COMP_Q(1.0.0),10,3,Q,1998-Q4,3427.5,,,,
ABS:ERP_COMP_Q(1.0.0),10,3,Q,1999-Q1,3442.2,,,,
ABS:ERP_COMP_Q(1.0.0),10,3,Q,1999-Q2,3453.9,,,,
ABS:ERP_COMP_Q(1.0.0),10,3,Q,1999-Q3,3466.4,,,,
ABS:ERP_COMP_Q(1.0.0),10,3,Q,1999-Q4,3481,,,,
ABS:ERP_COMP_Q(1.0.0),10,3,Q,2000-Q1,3497.1,,,,
ABS:ERP_COMP_Q(1.0.0),10,3,Q,2000-Q2,3509.5,,,,
ABS:ERP_COMP_Q(1.0.0),10,3,Q,2000-Q3,3523.4,,,,
ABS:ERP_COMP_Q(1.0.0),10,3,Q,2000-Q4,3537.7,,,,
ABS:ERP_COMP_Q(1.0.0),10,3,Q,2001-Q1,3556.5,,,,
ABS:ERP_COMP_Q(1.0.0),10,3,Q,2001-Q2,3571.5,,,,
ABS:ERP_COMP_Q(1.0.0),10,3,Q,2001-Q3,3591,,,,
ABS:ERP_COMP_Q(1.0.0),10,3,Q,2001-Q4,3611.2,,,,
ABS:ERP_COMP_Q(1.0.0),10,3,Q,2002-Q1,3631.5,,,,
ABS:ERP_COMP_Q(1.0.0),10,3,Q,2002-Q2,3653.1,,,,
ABS:ERP_COMP_Q(1.0.0),10,3,Q,2002-Q3,3676.9,,,,
ABS:ERP_COMP_Q(1.0.0),10,3,Q,2002-Q4,3700.8,,,,
ABS:ERP_COMP_Q(1.0.0),10,3,Q,2003-Q1,3723.2,,,,
ABS:ERP_COMP_Q(1.0.0),10,3,Q,2003-Q2,3743.1,,,,
ABS:ERP_COMP_Q(1.0.0),10,3,Q,2003-Q3,3765.1,,,,
ABS:ERP_COMP_Q(1.0.0),10,3,Q,2003-Q4,3788.6,,,,
ABS:ERP_COMP_Q(1.0.0),10,3,Q,2004-Q1,3810.9,,,,
ABS:ERP_COMP_Q(1.0.0),10,3,Q,2004-Q2,3830,,,,
ABS:ERP_COMP_Q(1.0.0),10,3,Q,2004-Q3,3849.9,,,,
ABS:ERP_COMP_Q(1.0.0),10,3,Q,2004-Q4,3872.4,,,,
ABS:ERP_COMP_Q(1.0.0),10,3,Q,2005-Q1,3897,,,,
ABS:ERP_COMP_Q(1.0.0),10,3,Q,2005-Q2,3918.5,,,,
ABS:ERP_COMP_Q(1.0.0),10,3,Q,2005-Q3,3940.5,,,,
ABS:ERP_COMP_Q(1.0.0),10,3,Q,2005-Q4,3964.2,,,,
ABS:ERP_COMP_Q(1.0.0),10,3,Q,2006-Q1,3987.7,,,,
ABS:ERP_COMP_Q(1.0.0),10,3,Q,2006-Q2,4008,,,,
ABS:ERP_COMP_Q(1.0.0),10,3,Q,2006-Q3,4031.6,,,,
ABS:ERP_COMP_Q(1.0.0),10,3,Q,2006-Q4,4055.8,,,,
ABS:ERP_COMP_Q(1.0.0),10,3,Q,2007-Q1,4084.5,,,,
ABS:ERP_COMP_Q(1.0.0),10,3,Q,2007-Q2,4111,,,,
ABS:ERP_COMP_Q(1.0.0),10,3,Q,2007-Q3,4135,,,,
ABS:ERP_COMP_Q(1.0.0),10,3,Q,2007-Q4,4160,,,,
ABS:ERP_COMP_Q(1.0.0),10,3,Q,2008-Q1,4191.5,,,,
ABS:ERP_COMP_Q(1.0.0),10,3,Q,2008-Q2,4219.5,,,,
ABS:ERP_COMP_Q(1.0.0),10,3,Q,2008-Q3,4248,,,,
ABS:ERP_COMP_Q(1.0.0),10,3,Q,2008-Q4,4275.6,,,,
ABS:ERP_COMP_Q(1.0.0),10,3,Q,2009-Q1,4305.6,,,,
ABS:ERP_COMP_Q(1.0.0),10,3,Q,2009-Q2,4328.8,,,,
ABS:ERP_COMP_Q(1.0.0),10,3,Q,2009-Q3,4350.1,,,,
ABS:ERP_COMP_Q(1.0.0),10,3,Q,2009-Q4,4367.5,,,,
ABS:ERP_COMP_Q(1.0.0),10,3,Q,2010-Q1,4387.8,,,,
ABS:ERP_COMP_Q(1.0.0),10,3,Q,2010-Q2,4404.7,,,,
ABS:ERP_COMP_Q(1.0.0),10,3,Q,2010-Q3,4421.5,,,,
ABS:ERP_COMP_Q(1.0.0),10,3,Q,2010-Q4,4436.9,,,,
ABS:ERP_COMP_Q(1.0.0),10,3,Q,2011-Q1,4458,,,,
ABS:ERP_COMP_Q(1.0.0),10,3,Q,2011-Q2,4476.8,,,,
ABS:ERP_COMP_Q(1.0.0),10,3,Q,2011-Q3,4498.1,,,,
ABS:ERP_COMP_Q(1.0.0),10,3,Q,2011-Q4,4518.6,,,,
ABS:ERP_COMP_Q(1.0.0),10,3,Q,2012-Q1,4545.6,,,,
ABS:ERP_COMP_Q(1.0.0),10,3,Q,2012-Q2,4568.7,,,,
ABS:ERP_COMP_Q(1.0.0),10,3,Q,2012-Q3,4592.1,,,,
ABS:ERP_COMP_Q(1.0.0),10,3,Q,2012-Q4,4611.3,,,,
ABS:ERP_COMP_Q(1.0.0),10,3,Q,2013-Q1,4634.4,,,,
ABS:ERP_COMP_Q(1.0.0),10,3,Q,2013-Q2,4652.8,,,,
ABS:ERP_COMP_Q(1.0.0),10,3,Q,2013-Q3,4670.8,,,,
ABS:ERP_COMP_Q(1.0.0),10,3,Q,2013-Q4,4685.4,,,,
ABS:ERP_COMP_Q(1.0.0),10,3,Q,2014-Q1,4705.2,,,,
ABS:ERP_COMP_Q(1.0.0),10,3,Q,2014-Q2,4719.7,,,,
ABS:ERP_COMP_Q(1.0.0),10,3,Q,2014-Q3,4734.6,,,,
ABS:ERP_COMP_Q(1.0.0),10,3,Q,2014-Q4,4747.3,,,,
ABS:ERP_COMP_Q(1.0.0),10,3,Q,2015-Q1,4764.4,,,,
ABS:ERP_COMP_Q(1.0.0),10,3,Q,2015-Q2,4777.7,,,,
ABS:ERP_COMP_Q(1.0.0),10,3,Q,2015-Q3,4791.5,,,,
ABS:ERP_COMP_Q(1.0.0),10,3,Q,2015-Q4,4804.9,,,,
ABS:ERP_COMP_Q(1.0.0),10,3,Q,2016-Q1,4826.5,,,,
ABS:ERP_COMP_Q(1.0.0),10,3,Q,2016-Q2,4845.2,,,,
ABS:ERP_COMP_Q(1.0.0),10,3,Q,2016-Q3,4865.3,,,,
ABS:ERP_COMP_Q(1.0.0),10,3,Q,2016-Q4,4882.9,,,,
ABS:ERP_COMP_Q(1.0.0),10,3,Q,2017-Q1,4906.4,,,,
ABS:ERP_COMP_Q(1.0.0),10,3,Q,2017-Q2,4926.4,,,,
ABS:ERP_COMP_Q(1.0.0),10,3,Q,2017-Q3,4945.1,,,,
ABS:ERP_COMP_Q(1.0.0),10,3,Q,2017-Q4,4961,,,,
ABS:ERP_COMP_Q(1.0.0),10,3,Q,2018-Q1,4986,,,,
ABS:ERP_COMP_Q(1.0.0),10,3,Q,2018-Q2,5006.6,,,,
ABS:ERP_COMP_Q(1.0.0),10,3,Q,2018-Q3,5027.5,,,,
ABS:ERP_COMP_Q(1.0.0),10,3,Q,2018-Q4,5046.4,,,,
ABS:ERP_COMP_Q(1.0.0),10,3,Q,2019-Q1,5070.3,,,,
ABS:ERP_COMP_Q(1.0.0),10,3,Q,2019-Q2,5088.8,,,,
ABS:ERP_COMP_Q(1.0.0),10,3,Q,2019-Q3,5110.5,,,,
ABS:ERP_COMP_Q(1.0.0),10,3,Q,2019-Q4,5129.7,,,,
ABS:ERP_COMP_Q(1.0.0),10,3,Q,2020-Q1,5154.3,,,,
ABS:ERP_COMP_Q(1.0.0),10,3,Q,2020-Q2,5165.6,,,,
ABS:ERP_COMP_Q(1.0.0),10,3,Q,2020-Q3,5173.1,,,,
ABS:ERP_COMP_Q(1.0.0),10,3,Q,2020-Q4,5184.3,,,,
ABS:ERP_COMP_Q(1.0.0),10,3,Q,2021-Q1,5199.5,,,,
ABS:ERP_COMP_Q(1.0.0),10,3,Q,2021-Q2,5215.8,,,,
ABS:ERP_COMP_Q(1.0.0),10,3,Q,2021-Q3,5230,,,,
ABS:ERP_COMP_Q(1.0.0),10,3,Q,2021-Q4,5249.7,,,,
ABS:ERP_COMP_Q(1.0.0),10,3,Q,2022-Q1,5283.5,,,,
ABS:ERP_COMP_Q(1.0.0),10,3,Q,2022-Q2,5310.9,,,,
ABS:ERP_COMP_Q(1.0.0),10,3,Q,2022-Q3,5342.3,,,,
ABS:ERP_COMP_Q(1.0.0),10,3,Q,2022-Q4,5376.7,,,,
ABS:ERP_COMP_Q(1.0.0),10,3,Q,2023-Q1,5415.8,,,,
ABS:ERP_COMP_Q(1.0.0),10,3,Q,2023-Q2,5450.2,,,,
ABS:ERP_COMP_Q(1.0.0),10,3,Q,2023-Q3,5486,,,,
ABS:ERP_COMP_Q(1.0.0),10,3,Q,2023-Q4,5516.5,,,,
ABS:ERP_COMP_Q(1.0.0),10,3,Q,2024-Q1,5548.8,,,,
ABS:ERP_COMP_Q(1.0.0),10,3,Q,2024-Q2,5571.9,,,,
ABS:ERP_COMP_Q(1.0.0),10,3,Q,2024-Q3,5595.4,,,,
ABS:ERP_COMP_Q(1.0.0),10,3,Q,2024-Q4,5620,,,,
ABS:ERP_COMP_Q(1.0.0),10,3,Q,2025-Q1,5648.7,,,,
ABS:ERP_COMP_Q(1.0.0),10,3,Q,2025-Q2,5669.9,,,,
ABS:ERP_COMP_Q(1.0.0),10,3,Q,2025-Q3,5692.7,,,,
ABS:ERP_COMP_Q(1.0.0),10,3,Q,2025-Q4,5712.1,,,,
ABS:ERP_COMP_Q(1.0.0),5,5,Q,1981-Q2,5.8,,,,
ABS:ERP_COMP_Q(1.0.0),5,5,Q,1981-Q3,5.4,,,,
ABS:ERP_COMP_Q(1.0.0),5,5,Q,1981-Q4,5.5,,,,
ABS:ERP_COMP_Q(1.0.0),5,5,Q,1982-Q1,6,,,,
ABS:ERP_COMP_Q(1.0.0),5,5,Q,1982-Q2,6.6,,,,
ABS:ERP_COMP_Q(1.0.0),5,5,Q,1982-Q3,5.4,,,,
ABS:ERP_COMP_Q(1.0.0),5,5,Q,1982-Q4,4.7,,,,
ABS:ERP_COMP_Q(1.0.0),5,5,Q,1983-Q1,4.8,,,,
ABS:ERP_COMP_Q(1.0.0),5,5,Q,1983-Q2,5.7,,,,
ABS:ERP_COMP_Q(1.0.0),5,5,Q,1983-Q3,5.1,,,,
ABS:ERP_COMP_Q(1.0.0),5,5,Q,1983-Q4,4.3,,,,
ABS:ERP_COMP_Q(1.0.0),5,5,Q,1984-Q1,5.6,,,,
ABS:ERP_COMP_Q(1.0.0),5,5,Q,1984-Q2,5.5,,,,
ABS:ERP_COMP_Q(1.0.0),5,5,Q,1984-Q3,5.3,,,,
ABS:ERP_COMP_Q(1.0.0),5,5,Q,1984-Q4,4.9,,,,
ABS:ERP_COMP_Q(1.0.0),5,5,Q,1985-Q1,5.7,,,,
ABS:ERP_COMP_Q(1.0.0),5,5,Q,1985-Q2,6,,,,
ABS:ERP_COMP_Q(1.0.0),5,5,Q,1985-Q3,5.4,,,,
ABS:ERP_COMP_Q(1.0.0),5,5,Q,1985-Q4,5.1,,,,
ABS:ERP_COMP_Q(1.0.0),5,5,Q,1986-Q1,5.5,,,,
ABS:ERP_COMP_Q(1.0.0),5,5,Q,1986-Q2,5.6,,,,
ABS:ERP_COMP_Q(1.0.0),5,5,Q,1986-Q3,5,,,,
ABS:ERP_COMP_Q(1.0.0),5,5,Q,1986-Q4,5.1,,,,
ABS:ERP_COMP_Q(1.0.0),5,5,Q,1987-Q1,6.2,,,,
ABS:ERP_COMP_Q(1.0.0),5,5,Q,1987-Q2,5.7,,,,
ABS:ERP_COMP_Q(1.0.0),5,5,Q,1987-Q3,5.9,,,,
ABS:ERP_COMP_Q(1.0.0),5,5,Q,1987-Q4,5.7,,,,
ABS:ERP_COMP_Q(1.0.0),5,5,Q,1988-Q1,8,,,,
ABS:ERP_COMP_Q(1.0.0),5,5,Q,1988-Q2,6.6,,,,
ABS:ERP_COMP_Q(1.0.0),5,5,Q,1988-Q3,6.6,,,,
ABS:ERP_COMP_Q(1.0.0),5,5,Q,1988-Q4,6,,,,
ABS:ERP_COMP_Q(1.0.0),5,5,Q,1989-Q1,8.6,,,,
ABS:ERP_COMP_Q(1.0.0),5,5,Q,1989-Q2,7.2,,,,
ABS:ERP_COMP_Q(1.0.0),5,5,Q,1989-Q3,6.4,,,,
ABS:ERP_COMP_Q(1.0.0),5,5,Q,1989-Q4,5.8,,,,
ABS:ERP_COMP_Q(1.0.0),5,5,Q,1990-Q1,7.8,,,,
ABS:ERP_COMP_Q(1.0.0),5,5,Q,1990-Q2,7,,,,
ABS:ERP_COMP_Q(1.0.0),5,5,Q,1990-Q3,6.1,,,,
ABS:ERP_COMP_Q(1.0.0),5,5,Q,1990-Q4,6,,,,
ABS:ERP_COMP_Q(1.0.0),5,5,Q,1991-Q1,8.2,,,,
ABS:ERP_COMP_Q(1.0.0),5,5,Q,1991-Q2,6.9,,,,
ABS:ERP_COMP_Q(1.0.0),5,5,Q,1991-Q3,6.1,,,,
ABS:ERP_COMP_Q(1.0.0),5,5,Q,1991-Q4,5.8,,,,
ABS:ERP_COMP_Q(1.0.0),5,5,Q,1992-Q1,8.2,,,,
ABS:ERP_COMP_Q(1.0.0),5,5,Q,1992-Q2,6.5,,,,
ABS:ERP_COMP_Q(1.0.0),5,5,Q,1992-Q3,7.5,,,,
ABS:ERP_COMP_Q(1.0.0),5,5,Q,1992-Q4,7,,,,
ABS:ERP_COMP_Q(1.0.0),5,5,Q,1993-Q1,9.1,,,,
ABS:ERP_COMP_Q(1.0.0),5,5,Q,1993-Q2,6.2,,,,
ABS:ERP_COMP_Q(1.0.0),5,5,Q,1993-Q3,6.3,,,,
ABS:ERP_COMP_Q(1.0.0),5,5,Q,1993-Q4,5.3,,,,
ABS:ERP_COMP_Q(1.0.0),5,5,Q,1994-Q1,7.4,,,,
ABS:ERP_COMP_Q(1.0.0),5,5,Q,1994-Q2,5.6,,,,
ABS:ERP_COMP_Q(1.0.0),5,5,Q,1994-Q3,5.9,,,,
ABS:ERP_COMP_Q(1.0.0),5,5,Q,1994-Q4,5.8,,,,
ABS:ERP_COMP_Q(1.0.0),5,5,Q,1995-Q1,7.8,,,,
ABS:ERP_COMP_Q(1.0.0),5,5,Q,1995-Q2,7.2,,,,
ABS:ERP_COMP_Q(1.0.0),5,5,Q,1995-Q3,6.3,,,,
ABS:ERP_COMP_Q(1.0.0),5,5,Q,1995-Q4,6.6,,,,
ABS:ERP_COMP_Q(1.0.0),5,5,Q,1996-Q1,9,,,,
ABS:ERP_COMP_Q(1.0.0),5,5,Q,1996-Q2,6.8,,,,
ABS:ERP_COMP_Q(1.0.0),5,5,Q,1996-Q3,6.9,,,,
ABS:ERP_COMP_Q(1.0.0),5,5,Q,1996-Q4,8.3,,,,
ABS:ERP_COMP_Q(1.0.0),5,5,Q,1997-Q1,7.4,,,,
ABS:ERP_COMP_Q(1.0.0),5,5,Q,1997-Q2,7.4,,,,
ABS:ERP_COMP_Q(1.0.0),5,5,Q,1997-Q3,6.7,,,,
ABS:ERP_COMP_Q(1.0.0),5,5,Q,1997-Q4,8.7,,,,
ABS:ERP_COMP_Q(1.0.0),5,5,Q,1998-Q1,7.3,,,,
ABS:ERP_COMP_Q(1.0.0),5,5,Q,1998-Q2,7.6,,,,
ABS:ERP_COMP_Q(1.0.0),5,5,Q,1998-Q3,6.7,,,,
ABS:ERP_COMP_Q(1.0.0),5,5,Q,1998-Q4,8.9,,,,
ABS:ERP_COMP_Q(1.0.0),5,5,Q,1999-Q1,7.5,,,,
ABS:ERP_COMP_Q(1.0.0),5,5,Q,1999-Q2,8.1,,,,
ABS:ERP_COMP_Q(1.0.0),5,5,Q,1999-Q3,7.5,,,,
ABS:ERP_COMP_Q(1.0.0),5,5,Q,1999-Q4,9.2,,,,
ABS:ERP_COMP_Q(1.0.0),5,5,Q,2000-Q1,8.2,,,,
ABS:ERP_COMP_Q(1.0.0),5,5,Q,2000-Q2,8,,,,
ABS:ERP_COMP_Q(1.0.0),5,5,Q,2000-Q3,7.7,,,,
ABS:ERP_COMP_Q(1.0.0),5,5,Q,2000-Q4,9.6,,,,
ABS:ERP_COMP_Q(1.0.0),5,5,Q,2001-Q1,8.2,,,,
ABS:ERP_COMP_Q(1.0.0),5,5,Q,2001-Q2,8.2,,,,
ABS:ERP_COMP_Q(1.0.0),5,5,Q,2001-Q3,7.4,,,,
ABS:ERP_COMP_Q(1.0.0),5,5,Q,2001-Q4,9,,,,
ABS:ERP_COMP_Q(1.0.0),5,5,Q,2002-Q1,8.3,,,,
ABS:ERP_COMP_Q(1.0.0),5,5,Q,2002-Q2,8.2,,,,
ABS:ERP_COMP_Q(1.0.0),5,5,Q,2002-Q3,7.8,,,,
ABS:ERP_COMP_Q(1.0.0),5,5,Q,2002-Q4,9.3,,,,
ABS:ERP_COMP_Q(1.0.0),5,5,Q,2003-Q1,8.3,,,,
ABS:ERP_COMP_Q(1.0.0),5,5,Q,2003-Q2,7.8,,,,
ABS:ERP_COMP_Q(1.0.0),5,5,Q,2003-Q3,7,,,,
ABS:ERP_COMP_Q(1.0.0),5,5,Q,2003-Q4,8.6,,,,
ABS:ERP_COMP_Q(1.0.0),5,5,Q,2004-Q1,7.5,,,,
ABS:ERP_COMP_Q(1.0.0),5,5,Q,2004-Q2,7.4,,,,
ABS:ERP_COMP_Q(1.0.0),5,5,Q,2004-Q3,6.5,,,,
ABS:ERP_COMP_Q(1.0.0),5,5,Q,2004-Q4,8.2,,,,
ABS:ERP_COMP_Q(1.0.0),5,5,Q,2005-Q1,7.3,,,,
ABS:ERP_COMP_Q(1.0.0),5,5,Q,2005-Q2,7,,,,
ABS:ERP_COMP_Q(1.0.0),5,5,Q,2005-Q3,6.1,,,,
ABS:ERP_COMP_Q(1.0.0),5,5,Q,2005-Q4,7.8,,,,
ABS:ERP_COMP_Q(1.0.0),5,5,Q,2006-Q1,6.7,,,,
ABS:ERP_COMP_Q(1.0.0),5,5,Q,2006-Q2,6.8,,,,
ABS:ERP_COMP_Q(1.0.0),5,5,Q,2006-Q3,6.6,,,,
ABS:ERP_COMP_Q(1.0.0),5,5,Q,2006-Q4,8.6,,,,
ABS:ERP_COMP_Q(1.0.0),5,5,Q,2007-Q1,7.8,,,,
ABS:ERP_COMP_Q(1.0.0),5,5,Q,2007-Q2,8,,,,
ABS:ERP_COMP_Q(1.0.0),5,5,Q,2007-Q3,7.5,,,,
ABS:ERP_COMP_Q(1.0.0),5,5,Q,2007-Q4,9.3,,,,
ABS:ERP_COMP_Q(1.0.0),5,5,Q,2008-Q1,8.4,,,,
ABS:ERP_COMP_Q(1.0.0),5,5,Q,2008-Q2,8.2,,,,
ABS:ERP_COMP_Q(1.0.0),5,5,Q,2008-Q3,7.5,,,,
ABS:ERP_COMP_Q(1.0.0),5,5,Q,2008-Q4,9.5,,,,
ABS:ERP_COMP_Q(1.0.0),5,5,Q,2009-Q1,8.3,,,,
ABS:ERP_COMP_Q(1.0.0),5,5,Q,2009-Q2,8.6,,,,
ABS:ERP_COMP_Q(1.0.0),5,5,Q,2009-Q3,7.2,,,,
ABS:ERP_COMP_Q(1.0.0),5,5,Q,2009-Q4,8.8,,,,
ABS:ERP_COMP_Q(1.0.0),5,5,Q,2010-Q1,7.4,,,,
ABS:ERP_COMP_Q(1.0.0),5,5,Q,2010-Q2,7.8,,,,
ABS:ERP_COMP_Q(1.0.0),5,5,Q,2010-Q3,6.9,,,,
ABS:ERP_COMP_Q(1.0.0),5,5,Q,2010-Q4,8.6,,,,
ABS:ERP_COMP_Q(1.0.0),5,5,Q,2011-Q1,7.3,,,,
ABS:ERP_COMP_Q(1.0.0),5,5,Q,2011-Q2,7.5,,,,
ABS:ERP_COMP_Q(1.0.0),5,5,Q,2011-Q3,7.4,,,,
ABS:ERP_COMP_Q(1.0.0),5,5,Q,2011-Q4,9,,,,
ABS:ERP_COMP_Q(1.0.0),5,5,Q,2012-Q1,7.6,,,,
ABS:ERP_COMP_Q(1.0.0),5,5,Q,2012-Q2,7.5,,,,
ABS:ERP_COMP_Q(1.0.0),5,5,Q,2012-Q3,7,,,,
ABS:ERP_COMP_Q(1.0.0),5,5,Q,2012-Q4,8.1,,,,
ABS:ERP_COMP_Q(1.0.0),5,5,Q,2013-Q1,8.2,,,,
ABS:ERP_COMP_Q(1.0.0),5,5,Q,2013-Q2,8.5,,,,
ABS:ERP_COMP_Q(1.0.0),5,5,Q,2013-Q3,7.9,,,,
ABS:ERP_COMP_Q(1.0.0),5,5,Q,2013-Q4,9.6,,,,
ABS:ERP_COMP_Q(1.0.0),5,5,Q,2014-Q1,9.1,,,,
ABS:ERP_COMP_Q(1.0.0),5,5,Q,2014-Q2,8.7,,,,
ABS:ERP_COMP_Q(1.0.0),5,5,Q,2014-Q3,7.3,,,,
ABS:ERP_COMP_Q(1.0.0),5,5,Q,2014-Q4,9.4,,,,
ABS:ERP_COMP_Q(1.0.0),5,5,Q,2015-Q1,8.7,,,,
ABS:ERP_COMP_Q(1.0.0),5,5,Q,2015-Q2,9.2,,,,
ABS:ERP_COMP_Q(1.0.0),5,5,Q,2015-Q3,8,,,,
ABS:ERP_COMP_Q(1.0.0),5,5,Q,2015-Q4,10.2,,,,
ABS:ERP_COMP_Q(1.0.0),5,5,Q,2016-Q1,9.9,,,,
ABS:ERP_COMP_Q(1.0.0),5,5,Q,2016-Q2,10.9,,,,
ABS:ERP_COMP_Q(1.0.0),5,5,Q,2016-Q3,9.6,,,,
ABS:ERP_COMP_Q(1.0.0),5,5,Q,2016-Q4,12.9,,,,
ABS:ERP_COMP_Q(1.0.0),5,5,Q,2017-Q1,11.1,,,,
ABS:ERP_COMP_Q(1.0.0),5,5,Q,2017-Q2,11.2,,,,
ABS:ERP_COMP_Q(1.0.0),5,5,Q,2017-Q3,9.9,,,,
ABS:ERP_COMP_Q(1.0.0),5,5,Q,2017-Q4,12.4,,,,
ABS:ERP_COMP_Q(1.0.0),5,5,Q,2018-Q1,10.5,,,,
ABS:ERP_COMP_Q(1.0.0),5,5,Q,2018-Q2,10.7,,,,
ABS:ERP_COMP_Q(1.0.0),5,5,Q,2018-Q3,9.1,,,,
ABS:ERP_COMP_Q(1.0.0),5,5,Q,2018-Q4,12.4,,,,
ABS:ERP_COMP_Q(1.0.0),5,5,Q,2019-Q1,10.4,,,,
ABS:ERP_COMP_Q(1.0.0),5,5,Q,2019-Q2,10.7,,,,
ABS:ERP_COMP_Q(1.0.0),5,5,Q,2019-Q3,9,,,,
ABS:ERP_COMP_Q(1.0.0),5,5,Q,2019-Q4,11,,,,
ABS:ERP_COMP_Q(1.0.0),5,5,Q,2020-Q1,7.2,,,,
ABS:ERP_COMP_Q(1.0.0),5,5,Q,2020-Q2,7,,,,
ABS:ERP_COMP_Q(1.0.0),5,5,Q,2020-Q3,4,,,,
ABS:ERP_COMP_Q(1.0.0),5,5,Q,2020-Q4,5.3,,,,
ABS:ERP_COMP_Q(1.0.0),5,5,Q,2021-Q1,5.3,,,,
ABS:ERP_COMP_Q(1.0.0),5,5,Q,2021-Q2,8,,,,
ABS:ERP_COMP_Q(1.0.0),5,5,Q,2021-Q3,6.9,,,,
ABS:ERP_COMP_Q(1.0.0),5,5,Q,2021-Q4,7.6,,,,
ABS:ERP_COMP_Q(1.0.0),5,5,Q,2022-Q1,6.7,,,,
ABS:ERP_COMP_Q(1.0.0),5,5,Q,2022-Q2,6.4,,,,
ABS:ERP_COMP_Q(1.0.0),5,5,Q,2022-Q3,5.1,,,,
ABS:ERP_COMP_Q(1.0.0),5,5,Q,2022-Q4,7.5,,,,
ABS:ERP_COMP_Q(1.0.0),5,5,Q,2023-Q1,6.3,,,,
ABS:ERP_COMP_Q(1.0.0),5,5,Q,2023-Q2,6.3,,,,
ABS:ERP_COMP_Q(1.0.0),5,5,Q,2023-Q3,6.2,,,,
ABS:ERP_COMP_Q(1.0.0),5,5,Q,2023-Q4,7.3,,,,
ABS:ERP_COMP_Q(1.0.0),5,5,Q,2024-Q1,6.8,,,,
ABS:ERP_COMP_Q(1.0.0),5,5,Q,2024-Q2,6.9,,,,
ABS:ERP_COMP_Q(1.0.0),5,5,Q,2024-Q3,6.3,,,,
ABS:ERP_COMP_Q(1.0.0),5,5,Q,2024-Q4,7.8,,,,
ABS:ERP_COMP_Q(1.0.0),5,5,Q,2025-Q1,7,,,,
ABS:ERP_COMP_Q(1.0.0),5,5,Q,2025-Q2,6.8,,,,
ABS:ERP_COMP_Q(1.0.0),5,5,Q,2025-Q3,5.9,,,,
ABS:ERP_COMP_Q(1.0.0),5,5,Q,2025-Q4,7.6,,,,
ABS:ERP_COMP_Q(1.0.0),4,8,Q,1981-Q2,3.6,,,,
ABS:ERP_COMP_Q(1.0.0),4,8,Q,1981-Q3,3.7,,,,
ABS:ERP_COMP_Q(1.0.0),4,8,Q,1981-Q4,2.8,,,,
ABS:ERP_COMP_Q(1.0.0),4,8,Q,1982-Q1,3.9,,,,
ABS:ERP_COMP_Q(1.0.0),4,8,Q,1982-Q2,4.3,,,,
ABS:ERP_COMP_Q(1.0.0),4,8,Q,1982-Q3,2.9,,,,
ABS:ERP_COMP_Q(1.0.0),4,8,Q,1982-Q4,3,,,,
ABS:ERP_COMP_Q(1.0.0),4,8,Q,1983-Q1,3.6,,,,
ABS:ERP_COMP_Q(1.0.0),4,8,Q,1983-Q2,4.3,,,,
ABS:ERP_COMP_Q(1.0.0),4,8,Q,1983-Q3,3.4,,,,
ABS:ERP_COMP_Q(1.0.0),4,8,Q,1983-Q4,3.3,,,,
ABS:ERP_COMP_Q(1.0.0),4,8,Q,1984-Q1,3.9,,,,
ABS:ERP_COMP_Q(1.0.0),4,8,Q,1984-Q2,4.1,,,,
ABS:ERP_COMP_Q(1.0.0),4,8,Q,1984-Q3,3.8,,,,
ABS:ERP_COMP_Q(1.0.0),4,8,Q,1984-Q4,3.4,,,,
ABS:ERP_COMP_Q(1.0.0),4,8,Q,1985-Q1,4.2,,,,
ABS:ERP_COMP_Q(1.0.0),4,8,Q,1985-Q2,6,,,,
ABS:ERP_COMP_Q(1.0.0),4,8,Q,1985-Q3,4.5,,,,
ABS:ERP_COMP_Q(1.0.0),4,8,Q,1985-Q4,4.8,,,,
ABS:ERP_COMP_Q(1.0.0),4,8,Q,1986-Q1,5.3,,,,
ABS:ERP_COMP_Q(1.0.0),4,8,Q,1986-Q2,4.9,,,,
ABS:ERP_COMP_Q(1.0.0),4,8,Q,1986-Q3,4.2,,,,
ABS:ERP_COMP_Q(1.0.0),4,8,Q,1986-Q4,3.9,,,,
ABS:ERP_COMP_Q(1.0.0),4,8,Q,1987-Q1,6.2,,,,
ABS:ERP_COMP_Q(1.0.0),4,8,Q,1987-Q2,4.6,,,,
ABS:ERP_COMP_Q(1.0.0),4,8,Q,1987-Q3,4.2,,,,
ABS:ERP_COMP_Q(1.0.0),4,8,Q,1987-Q4,4.2,,,,
ABS:ERP_COMP_Q(1.0.0),4,8,Q,1988-Q1,6.6,,,,
ABS:ERP_COMP_Q(1.0.0),4,8,Q,1988-Q2,4.8,,,,
ABS:ERP_COMP_Q(1.0.0),4,8,Q,1988-Q3,4.3,,,,
ABS:ERP_COMP_Q(1.0.0),4,8,Q,1988-Q4,3.7,,,,
ABS:ERP_COMP_Q(1.0.0),4,8,Q,1989-Q1,6.5,,,,
ABS:ERP_COMP_Q(1.0.0),4,8,Q,1989-Q2,5,,,,
ABS:ERP_COMP_Q(1.0.0),4,8,Q,1989-Q3,4.2,,,,
ABS:ERP_COMP_Q(1.0.0),4,8,Q,1989-Q4,4.3,,,,
ABS:ERP_COMP_Q(1.0.0),4,8,Q,1990-Q1,5.9,,,,
ABS:ERP_COMP_Q(1.0.0),4,8,Q,1990-Q2,5.1,,,,
ABS:ERP_COMP_Q(1.0.0),4,8,Q,1990-Q3,4.1,,,,
ABS:ERP_COMP_Q(1.0.0),4,8,Q,1990-Q4,4.2,,,,
ABS:ERP_COMP_Q(1.0.0),4,8,Q,1991-Q1,6.3,,,,
ABS:ERP_COMP_Q(1.0.0),4,8,Q,1991-Q2,4.9,,,,
ABS:ERP_COMP_Q(1.0.0),4,8,Q,1991-Q3,3.8,,,,
ABS:ERP_COMP_Q(1.0.0),4,8,Q,1991-Q4,4,,,,
ABS:ERP_COMP_Q(1.0.0),4,8,Q,1992-Q1,6.6,,,,
ABS:ERP_COMP_Q(1.0.0),4,8,Q,1992-Q2,4.7,,,,
ABS:ERP_COMP_Q(1.0.0),4,8,Q,1992-Q3,4.7,,,,
ABS:ERP_COMP_Q(1.0.0),4,8,Q,1992-Q4,3.9,,,,
ABS:ERP_COMP_Q(1.0.0),4,8,Q,1993-Q1,7.2,,,,
ABS:ERP_COMP_Q(1.0.0),4,8,Q,1993-Q2,3.9,,,,
ABS:ERP_COMP_Q(1.0.0),4,8,Q,1993-Q3,3.9,,,,
ABS:ERP_COMP_Q(1.0.0),4,8,Q,1993-Q4,3.5,,,,
ABS:ERP_COMP_Q(1.0.0),4,8,Q,1994-Q1,5.5,,,,
ABS:ERP_COMP_Q(1.0.0),4,8,Q,1994-Q2,4,,,,
ABS:ERP_COMP_Q(1.0.0),4,8,Q,1994-Q3,4,,,,
ABS:ERP_COMP_Q(1.0.0),4,8,Q,1994-Q4,3.8,,,,
ABS:ERP_COMP_Q(1.0.0),4,8,Q,1995-Q1,6.5,,,,
ABS:ERP_COMP_Q(1.0.0),4,8,Q,1995-Q2,4.7,,,,
ABS:ERP_COMP_Q(1.0.0),4,8,Q,1995-Q3,3.7,,,,
ABS:ERP_COMP_Q(1.0.0),4,8,Q,1995-Q4,3.8,,,,
ABS:ERP_COMP_Q(1.0.0),4,8,Q,1996-Q1,6.3,,,,
ABS:ERP_COMP_Q(1.0.0),4,8,Q,1996-Q2,4.4,,,,
ABS:ERP_COMP_Q(1.0.0),4,8,Q,1996-Q3,4.1,,,,
ABS:ERP_COMP_Q(1.0.0),4,8,Q,1996-Q4,5.6,,,,
ABS:ERP_COMP_Q(1.0.0),4,8,Q,1997-Q1,4.6,,,,
ABS:ERP_COMP_Q(1.0.0),4,8,Q,1997-Q2,4.1,,,,
ABS:ERP_COMP_Q(1.0.0),4,8,Q,1997-Q3,3.7,,,,
ABS:ERP_COMP_Q(1.0.0),4,8,Q,1997-Q4,5.4,,,,
ABS:ERP_COMP_Q(1.0.0),4,8,Q,1998-Q1,4.2,,,,
ABS:ERP_COMP_Q(1.0.0),4,8,Q,1998-Q2,4.5,,,,
ABS:ERP_COMP_Q(1.0.0),4,8,Q,1998-Q3,3.9,,,,
ABS:ERP_COMP_Q(1.0.0),4,8,Q,1998-Q4,5.3,,,,
ABS:ERP_COMP_Q(1.0.0),4,8,Q,1999-Q1,4.5,,,,
ABS:ERP_COMP_Q(1.0.0),4,8,Q,1999-Q2,4.8,,,,
ABS:ERP_COMP_Q(1.0.0),4,8,Q,1999-Q3,4.3,,,,
ABS:ERP_COMP_Q(1.0.0),4,8,Q,1999-Q4,5.8,,,,
ABS:ERP_COMP_Q(1.0.0),4,8,Q,2000-Q1,4.9,,,,
ABS:ERP_COMP_Q(1.0.0),4,8,Q,2000-Q2,4.7,,,,
ABS:ERP_COMP_Q(1.0.0),4,8,Q,2000-Q3,4.2,,,,
ABS:ERP_COMP_Q(1.0.0),4,8,Q,2000-Q4,6.1,,,,
ABS:ERP_COMP_Q(1.0.0),4,8,Q,2001-Q1,4.9,,,,
ABS:ERP_COMP_Q(1.0.0),4,8,Q,2001-Q2,4.9,,,,
ABS:ERP_COMP_Q(1.0.0),4,8,Q,2001-Q3,4.2,,,,
ABS:ERP_COMP_Q(1.0.0),4,8,Q,2001-Q4,5.9,,,,
ABS:ERP_COMP_Q(1.0.0),4,8,Q,2002-Q1,5.1,,,,
ABS:ERP_COMP_Q(1.0.0),4,8,Q,2002-Q2,4.9,,,,
ABS:ERP_COMP_Q(1.0.0),4,8,Q,2002-Q3,4.3,,,,
ABS:ERP_COMP_Q(1.0.0),4,8,Q,2002-Q4,5.8,,,,
ABS:ERP_COMP_Q(1.0.0),4,8,Q,2003-Q1,4.8,,,,
ABS:ERP_COMP_Q(1.0.0),4,8,Q,2003-Q2,4.7,,,,
ABS:ERP_COMP_Q(1.0.0),4,8,Q,2003-Q3,4.1,,,,
ABS:ERP_COMP_Q(1.0.0),4,8,Q,2003-Q4,5.3,,,,
ABS:ERP_COMP_Q(1.0.0),4,8,Q,2004-Q1,4.5,,,,
ABS:ERP_COMP_Q(1.0.0),4,8,Q,2004-Q2,4.5,,,,
ABS:ERP_COMP_Q(1.0.0),4,8,Q,2004-Q3,3.7,,,,
ABS:ERP_COMP_Q(1.0.0),4,8,Q,2004-Q4,5.2,,,,
ABS:ERP_COMP_Q(1.0.0),4,8,Q,2005-Q1,4.6,,,,
ABS:ERP_COMP_Q(1.0.0),4,8,Q,2005-Q2,4.6,,,,
ABS:ERP_COMP_Q(1.0.0),4,8,Q,2005-Q3,4,,,,
ABS:ERP_COMP_Q(1.0.0),4,8,Q,2005-Q4,5.6,,,,
ABS:ERP_COMP_Q(1.0.0),4,8,Q,2006-Q1,4.5,,,,
ABS:ERP_COMP_Q(1.0.0),4,8,Q,2006-Q2,4.4,,,,
ABS:ERP_COMP_Q(1.0.0),4,8,Q,2006-Q3,3.9,,,,
ABS:ERP_COMP_Q(1.0.0),4,8,Q,2006-Q4,5.8,,,,
ABS:ERP_COMP_Q(1.0.0),4,8,Q,2007-Q1,5.2,,,,
ABS:ERP_COMP_Q(1.0.0),4,8,Q,2007-Q2,5.8,,,,
ABS:ERP_COMP_Q(1.0.0),4,8,Q,2007-Q3,3.8,,,,
ABS:ERP_COMP_Q(1.0.0),4,8,Q,2007-Q4,5.1,,,,
ABS:ERP_COMP_Q(1.0.0),4,8,Q,2008-Q1,5.1,,,,
ABS:ERP_COMP_Q(1.0.0),4,8,Q,2008-Q2,5.1,,,,
ABS:ERP_COMP_Q(1.0.0),4,8,Q,2008-Q3,3.8,,,,
ABS:ERP_COMP_Q(1.0.0),4,8,Q,2008-Q4,5.6,,,,
ABS:ERP_COMP_Q(1.0.0),4,8,Q,2009-Q1,4.5,,,,
ABS:ERP_COMP_Q(1.0.0),4,8,Q,2009-Q2,4.4,,,,
ABS:ERP_COMP_Q(1.0.0),4,8,Q,2009-Q3,3.8,,,,
ABS:ERP_COMP_Q(1.0.0),4,8,Q,2009-Q4,5.2,,,,
ABS:ERP_COMP_Q(1.0.0),4,8,Q,2010-Q1,4.6,,,,
ABS:ERP_COMP_Q(1.0.0),4,8,Q,2010-Q2,4.5,,,,
ABS:ERP_COMP_Q(1.0.0),4,8,Q,2010-Q3,3.8,,,,
ABS:ERP_COMP_Q(1.0.0),4,8,Q,2010-Q4,6.5,,,,
ABS:ERP_COMP_Q(1.0.0),4,8,Q,2011-Q1,4.7,,,,
ABS:ERP_COMP_Q(1.0.0),4,8,Q,2011-Q2,4.4,,,,
ABS:ERP_COMP_Q(1.0.0),4,8,Q,2011-Q3,4.3,,,,
ABS:ERP_COMP_Q(1.0.0),4,8,Q,2011-Q4,5.8,,,,
ABS:ERP_COMP_Q(1.0.0),4,8,Q,2012-Q1,5,,,,
ABS:ERP_COMP_Q(1.0.0),4,8,Q,2012-Q2,4.7,,,,
ABS:ERP_COMP_Q(1.0.0),4,8,Q,2012-Q3,4.1,,,,
ABS:ERP_COMP_Q(1.0.0),4,8,Q,2012-Q4,4.6,,,,
ABS:ERP_COMP_Q(1.0.0),4,8,Q,2013-Q1,4.9,,,,
ABS:ERP_COMP_Q(1.0.0),4,8,Q,2013-Q2,4.6,,,,
ABS:ERP_COMP_Q(1.0.0),4,8,Q,2013-Q3,3.8,,,,
ABS:ERP_COMP_Q(1.0.0),4,8,Q,2013-Q4,6,,,,
ABS:ERP_COMP_Q(1.0.0),4,8,Q,2014-Q1,4.7,,,,
ABS:ERP_COMP_Q(1.0.0),4,8,Q,2014-Q2,4,,,,
ABS:ERP_COMP_Q(1.0.0),4,8,Q,2014-Q3,3.6,,,,
ABS:ERP_COMP_Q(1.0.0),4,8,Q,2014-Q4,5.2,,,,
ABS:ERP_COMP_Q(1.0.0),4,8,Q,2015-Q1,4.8,,,,
ABS:ERP_COMP_Q(1.0.0),4,8,Q,2015-Q2,5,,,,
ABS:ERP_COMP_Q(1.0.0),4,8,Q,2015-Q3,4.2,,,,
ABS:ERP_COMP_Q(1.0.0),4,8,Q,2015-Q4,5.6,,,,
ABS:ERP_COMP_Q(1.0.0),4,8,Q,2016-Q1,5.4,,,,
ABS:ERP_COMP_Q(1.0.0),4,8,Q,2016-Q2,5.4,,,,
ABS:ERP_COMP_Q(1.0.0),4,8,Q,2016-Q3,4.9,,,,
ABS:ERP_COMP_Q(1.0.0),4,8,Q,2016-Q4,7.3,,,,
ABS:ERP_COMP_Q(1.0.0),4,8,Q,2017-Q1,6.4,,,,
ABS:ERP_COMP_Q(1.0.0),4,8,Q,2017-Q2,6.1,,,,
ABS:ERP_COMP_Q(1.0.0),4,8,Q,2017-Q3,5.2,,,,
ABS:ERP_COMP_Q(1.0.0),4,8,Q,2017-Q4,7.5,,,,
ABS:ERP_COMP_Q(1.0.0),4,8,Q,2018-Q1,6.5,,,,
ABS:ERP_COMP_Q(1.0.0),4,8,Q,2018-Q2,6.3,,,,
ABS:ERP_COMP_Q(1.0.0),4,8,Q,2018-Q3,5.4,,,,
ABS:ERP_COMP_Q(1.0.0),4,8,Q,2018-Q4,8,,,,
ABS:ERP_COMP_Q(1.0.0),4,8,Q,2019-Q1,6.7,,,,
ABS:ERP_COMP_Q(1.0.0),4,8,Q,2019-Q2,6.7,,,,
ABS:ERP_COMP_Q(1.0.0),4,8,Q,2019-Q3,6.1,,,,
ABS:ERP_COMP_Q(1.0.0),4,8,Q,2019-Q4,7.5,,,,
ABS:ERP_COMP_Q(1.0.0),4,8,Q,2020-Q1,5.3,,,,
ABS:ERP_COMP_Q(1.0.0),4,8,Q,2020-Q2,5.4,,,,
ABS:ERP_COMP_Q(1.0.0),4,8,Q,2020-Q3,4.2,,,,
ABS:ERP_COMP_Q(1.0.0),4,8,Q,2020-Q4,6.4,,,,
ABS:ERP_COMP_Q(1.0.0),4,8,Q,2021-Q1,5.8,,,,
ABS:ERP_COMP_Q(1.0.0),4,8,Q,2021-Q2,9.4,,,,
ABS:ERP_COMP_Q(1.0.0),4,8,Q,2021-Q3,5.8,,,,
ABS:ERP_COMP_Q(1.0.0),4,8,Q,2021-Q4,7.4,,,,
ABS:ERP_COMP_Q(1.0.0),4,8,Q,2022-Q1,6.4,,,,
ABS:ERP_COMP_Q(1.0.0),4,8,Q,2022-Q2,5.5,,,,
ABS:ERP_COMP_Q(1.0.0),4,8,Q,2022-Q3,4.1,,,,
ABS:ERP_COMP_Q(1.0.0),4,8,Q,2022-Q4,6.5,,,,
ABS:ERP_COMP_Q(1.0.0),4,8,Q,2023-Q1,5.7,,,,
ABS:ERP_COMP_Q(1.0.0),4,8,Q,2023-Q2,5.2,,,,
ABS:ERP_COMP_Q(1.0.0),4,8,Q,2023-Q3,4.3,,,,
ABS:ERP_COMP_Q(1.0.0),4,8,Q,2023-Q4,5.8,,,,
ABS:ERP_COMP_Q(1.0.0),4,8,Q,2024-Q1,5.5,,,,
ABS:ERP_COMP_Q(1.0.0),4,8,Q,2024-Q2,5.2,,,,
ABS:ERP_COMP_Q(1.0.0),4,8,Q,2024-Q3,4.3,,,,
ABS:ERP_COMP_Q(1.0.0),4,8,Q,2024-Q4,6.1,,,,
ABS:ERP_COMP_Q(1.0.0),4,8,Q,2025-Q1,4.9,,,,
ABS:ERP_COMP_Q(1.0.0),4,8,Q,2025-Q2,4.6,,,,
ABS:ERP_COMP_Q(1.0.0),4,8,Q,2025-Q3,3.9,,,,
ABS:ERP_COMP_Q(1.0.0),4,8,Q,2025-Q4,5.7,,,,
ABS:ERP_COMP_Q(1.0.0),4,6,Q,1981-Q2,2.6,,,,
ABS:ERP_COMP_Q(1.0.0),4,6,Q,1981-Q3,2.4,,,,
ABS:ERP_COMP_Q(1.0.0),4,6,Q,1981-Q4,1.7,,,,
ABS:ERP_COMP_Q(1.0.0),4,6,Q,1982-Q1,2.4,,,,
ABS:ERP_COMP_Q(1.0.0),4,6,Q,1982-Q2,2.4,,,,
ABS:ERP_COMP_Q(1.0.0),4,6,Q,1982-Q3,2.1,,,,
ABS:ERP_COMP_Q(1.0.0),4,6,Q,1982-Q4,1.8,,,,
ABS:ERP_COMP_Q(1.0.0),4,6,Q,1983-Q1,1.5,,,,
ABS:ERP_COMP_Q(1.0.0),4,6,Q,1983-Q2,2.3,,,,
ABS:ERP_COMP_Q(1.0.0),4,6,Q,1983-Q3,2,,,,
ABS:ERP_COMP_Q(1.0.0),4,6,Q,1983-Q4,1.8,,,,
ABS:ERP_COMP_Q(1.0.0),4,6,Q,1984-Q1,2,,,,
ABS:ERP_COMP_Q(1.0.0),4,6,Q,1984-Q2,2.4,,,,
ABS:ERP_COMP_Q(1.0.0),4,6,Q,1984-Q3,2,,,,
ABS:ERP_COMP_Q(1.0.0),4,6,Q,1984-Q4,1.9,,,,
ABS:ERP_COMP_Q(1.0.0),4,6,Q,1985-Q1,2.3,,,,
ABS:ERP_COMP_Q(1.0.0),4,6,Q,1985-Q2,2.9,,,,
ABS:ERP_COMP_Q(1.0.0),4,6,Q,1985-Q3,2.2,,,,
ABS:ERP_COMP_Q(1.0.0),4,6,Q,1985-Q4,2.4,,,,
ABS:ERP_COMP_Q(1.0.0),4,6,Q,1986-Q1,2.5,,,,
ABS:ERP_COMP_Q(1.0.0),4,6,Q,1986-Q2,2.6,,,,
ABS:ERP_COMP_Q(1.0.0),4,6,Q,1986-Q3,2.1,,,,
ABS:ERP_COMP_Q(1.0.0),4,6,Q,1986-Q4,1.9,,,,
ABS:ERP_COMP_Q(1.0.0),4,6,Q,1987-Q1,2.5,,,,
ABS:ERP_COMP_Q(1.0.0),4,6,Q,1987-Q2,2.2,,,,
ABS:ERP_COMP_Q(1.0.0),4,6,Q,1987-Q3,2.2,,,,
ABS:ERP_COMP_Q(1.0.0),4,6,Q,1987-Q4,2.2,,,,
ABS:ERP_COMP_Q(1.0.0),4,6,Q,1988-Q1,2.9,,,,
ABS:ERP_COMP_Q(1.0.0),4,6,Q,1988-Q2,2.4,,,,
ABS:ERP_COMP_Q(1.0.0),4,6,Q,1988-Q3,2.6,,,,
ABS:ERP_COMP_Q(1.0.0),4,6,Q,1988-Q4,2.3,,,,
ABS:ERP_COMP_Q(1.0.0),4,6,Q,1989-Q1,3.4,,,,
ABS:ERP_COMP_Q(1.0.0),4,6,Q,1989-Q2,3.5,,,,
ABS:ERP_COMP_Q(1.0.0),4,6,Q,1989-Q3,3.4,,,,
ABS:ERP_COMP_Q(1.0.0),4,6,Q,1989-Q4,2.5,,,,
ABS:ERP_COMP_Q(1.0.0),4,6,Q,1990-Q1,3.7,,,,
ABS:ERP_COMP_Q(1.0.0),4,6,Q,1990-Q2,3.6,,,,
ABS:ERP_COMP_Q(1.0.0),4,6,Q,1990-Q3,2.9,,,,
ABS:ERP_COMP_Q(1.0.0),4,6,Q,1990-Q4,2.7,,,,
ABS:ERP_COMP_Q(1.0.0),4,6,Q,1991-Q1,3.2,,,,
ABS:ERP_COMP_Q(1.0.0),4,6,Q,1991-Q2,2.9,,,,
ABS:ERP_COMP_Q(1.0.0),4,6,Q,1991-Q3,2.6,,,,
ABS:ERP_COMP_Q(1.0.0),4,6,Q,1991-Q4,2.4,,,,
ABS:ERP_COMP_Q(1.0.0),4,6,Q,1992-Q1,3.1,,,,
ABS:ERP_COMP_Q(1.0.0),4,6,Q,1992-Q2,2.5,,,,
ABS:ERP_COMP_Q(1.0.0),4,6,Q,1992-Q3,2.7,,,,
ABS:ERP_COMP_Q(1.0.0),4,6,Q,1992-Q4,2.7,,,,
ABS:ERP_COMP_Q(1.0.0),4,6,Q,1993-Q1,3.2,,,,
ABS:ERP_COMP_Q(1.0.0),4,6,Q,1993-Q2,2.6,,,,
ABS:ERP_COMP_Q(1.0.0),4,6,Q,1993-Q3,2.2,,,,
ABS:ERP_COMP_Q(1.0.0),4,6,Q,1993-Q4,2,,,,
ABS:ERP_COMP_Q(1.0.0),4,6,Q,1994-Q1,2.9,,,,
ABS:ERP_COMP_Q(1.0.0),4,6,Q,1994-Q2,2.4,,,,
ABS:ERP_COMP_Q(1.0.0),4,6,Q,1994-Q3,2.5,,,,
ABS:ERP_COMP_Q(1.0.0),4,6,Q,1994-Q4,2,,,,
ABS:ERP_COMP_Q(1.0.0),4,6,Q,1995-Q1,2.9,,,,
ABS:ERP_COMP_Q(1.0.0),4,6,Q,1995-Q2,2.7,,,,
ABS:ERP_COMP_Q(1.0.0),4,6,Q,1995-Q3,2.4,,,,
ABS:ERP_COMP_Q(1.0.0),4,6,Q,1995-Q4,2.5,,,,
ABS:ERP_COMP_Q(1.0.0),4,6,Q,1996-Q1,3,,,,
ABS:ERP_COMP_Q(1.0.0),4,6,Q,1996-Q2,2.6,,,,
ABS:ERP_COMP_Q(1.0.0),4,6,Q,1996-Q3,2.6,,,,
ABS:ERP_COMP_Q(1.0.0),4,6,Q,1996-Q4,3.3,,,,
ABS:ERP_COMP_Q(1.0.0),4,6,Q,1997-Q1,2.8,,,,
ABS:ERP_COMP_Q(1.0.0),4,6,Q,1997-Q2,2.7,,,,
ABS:ERP_COMP_Q(1.0.0),4,6,Q,1997-Q3,2.3,,,,
ABS:ERP_COMP_Q(1.0.0),4,6,Q,1997-Q4,3.2,,,,
ABS:ERP_COMP_Q(1.0.0),4,6,Q,1998-Q1,2.7,,,,
ABS:ERP_COMP_Q(1.0.0),4,6,Q,1998-Q2,2.8,,,,
ABS:ERP_COMP_Q(1.0.0),4,6,Q,1998-Q3,2.7,,,,
ABS:ERP_COMP_Q(1.0.0),4,6,Q,1998-Q4,3.3,,,,
ABS:ERP_COMP_Q(1.0.0),4,6,Q,1999-Q1,3,,,,
ABS:ERP_COMP_Q(1.0.0),4,6,Q,1999-Q2,3,,,,
ABS:ERP_COMP_Q(1.0.0),4,6,Q,1999-Q3,2.6,,,,
ABS:ERP_COMP_Q(1.0.0),4,6,Q,1999-Q4,3.4,,,,
ABS:ERP_COMP_Q(1.0.0),4,6,Q,2000-Q1,3.1,,,,
ABS:ERP_COMP_Q(1.0.0),4,6,Q,2000-Q2,2.9,,,,
ABS:ERP_COMP_Q(1.0.0),4,6,Q,2000-Q3,2.7,,,,
ABS:ERP_COMP_Q(1.0.0),4,6,Q,2000-Q4,3.7,,,,
ABS:ERP_COMP_Q(1.0.0),4,6,Q,2001-Q1,3.2,,,,
ABS:ERP_COMP_Q(1.0.0),4,6,Q,2001-Q2,3.1,,,,
ABS:ERP_COMP_Q(1.0.0),4,6,Q,2001-Q3,2.8,,,,
ABS:ERP_COMP_Q(1.0.0),4,6,Q,2001-Q4,3.4,,,,
ABS:ERP_COMP_Q(1.0.0),4,6,Q,2002-Q1,3.5,,,,
ABS:ERP_COMP_Q(1.0.0),4,6,Q,2002-Q2,3.3,,,,
ABS:ERP_COMP_Q(1.0.0),4,6,Q,2002-Q3,3.3,,,,
ABS:ERP_COMP_Q(1.0.0),4,6,Q,2002-Q4,4.5,,,,
ABS:ERP_COMP_Q(1.0.0),4,6,Q,2003-Q1,4.2,,,,
ABS:ERP_COMP_Q(1.0.0),4,6,Q,2003-Q2,4.1,,,,
ABS:ERP_COMP_Q(1.0.0),4,6,Q,2003-Q3,4,,,,
ABS:ERP_COMP_Q(1.0.0),4,6,Q,2003-Q4,4.6,,,,
ABS:ERP_COMP_Q(1.0.0),4,6,Q,2004-Q1,4.3,,,,
ABS:ERP_COMP_Q(1.0.0),4,6,Q,2004-Q2,3.4,,,,
ABS:ERP_COMP_Q(1.0.0),4,6,Q,2004-Q3,3,,,,
ABS:ERP_COMP_Q(1.0.0),4,6,Q,2004-Q4,3.5,,,,
ABS:ERP_COMP_Q(1.0.0),4,6,Q,2005-Q1,3.4,,,,
ABS:ERP_COMP_Q(1.0.0),4,6,Q,2005-Q2,3.1,,,,
ABS:ERP_COMP_Q(1.0.0),4,6,Q,2005-Q3,2.8,,,,
ABS:ERP_COMP_Q(1.0.0),4,6,Q,2005-Q4,3.4,,,,
ABS:ERP_COMP_Q(1.0.0),4,6,Q,2006-Q1,3.1,,,,
ABS:ERP_COMP_Q(1.0.0),4,6,Q,2006-Q2,2.8,,,,
ABS:ERP_COMP_Q(1.0.0),4,6,Q,2006-Q3,2.8,,,,
ABS:ERP_COMP_Q(1.0.0),4,6,Q,2006-Q4,3.5,,,,
ABS:ERP_COMP_Q(1.0.0),4,6,Q,2007-Q1,3.2,,,,
ABS:ERP_COMP_Q(1.0.0),4,6,Q,2007-Q2,3.1,,,,
ABS:ERP_COMP_Q(1.0.0),4,6,Q,2007-Q3,3,,,,
ABS:ERP_COMP_Q(1.0.0),4,6,Q,2007-Q4,3.6,,,,
ABS:ERP_COMP_Q(1.0.0),4,6,Q,2008-Q1,3.3,,,,
ABS:ERP_COMP_Q(1.0.0),4,6,Q,2008-Q2,3.2,,,,
ABS:ERP_COMP_Q(1.0.0),4,6,Q,2008-Q3,3,,,,
ABS:ERP_COMP_Q(1.0.0),4,6,Q,2008-Q4,4,,,,
ABS:ERP_COMP_Q(1.0.0),4,6,Q,2009-Q1,3.3,,,,
ABS:ERP_COMP_Q(1.0.0),4,6,Q,2009-Q2,3.1,,,,
ABS:ERP_COMP_Q(1.0.0),4,6,Q,2009-Q3,2.6,,,,
ABS:ERP_COMP_Q(1.0.0),4,6,Q,2009-Q4,3.1,,,,
ABS:ERP_COMP_Q(1.0.0),4,6,Q,2010-Q1,3,,,,
ABS:ERP_COMP_Q(1.0.0),4,6,Q,2010-Q2,2.9,,,,
ABS:ERP_COMP_Q(1.0.0),4,6,Q,2010-Q3,2.6,,,,
ABS:ERP_COMP_Q(1.0.0),4,6,Q,2010-Q4,3.3,,,,
ABS:ERP_COMP_Q(1.0.0),4,6,Q,2011-Q1,2.9,,,,
ABS:ERP_COMP_Q(1.0.0),4,6,Q,2011-Q2,2.8,,,,
ABS:ERP_COMP_Q(1.0.0),4,6,Q,2011-Q3,2.7,,,,
ABS:ERP_COMP_Q(1.0.0),4,6,Q,2011-Q4,3.2,,,,
ABS:ERP_COMP_Q(1.0.0),4,6,Q,2012-Q1,2.7,,,,
ABS:ERP_COMP_Q(1.0.0),4,6,Q,2012-Q2,2.7,,,,
ABS:ERP_COMP_Q(1.0.0),4,6,Q,2012-Q3,2.4,,,,
ABS:ERP_COMP_Q(1.0.0),4,6,Q,2012-Q4,2.9,,,,
ABS:ERP_COMP_Q(1.0.0),4,6,Q,2013-Q1,2.9,,,,
ABS:ERP_COMP_Q(1.0.0),4,6,Q,2013-Q2,2.9,,,,
ABS:ERP_COMP_Q(1.0.0),4,6,Q,2013-Q3,2.5,,,,
ABS:ERP_COMP_Q(1.0.0),4,6,Q,2013-Q4,3.4,,,,
ABS:ERP_COMP_Q(1.0.0),4,6,Q,2014-Q1,2.9,,,,
ABS:ERP_COMP_Q(1.0.0),4,6,Q,2014-Q2,2.7,,,,
ABS:ERP_COMP_Q(1.0.0),4,6,Q,2014-Q3,2.3,,,,
ABS:ERP_COMP_Q(1.0.0),4,6,Q,2014-Q4,2.9,,,,
ABS:ERP_COMP_Q(1.0.0),4,6,Q,2015-Q1,2.9,,,,
ABS:ERP_COMP_Q(1.0.0),4,6,Q,2015-Q2,3.2,,,,
ABS:ERP_COMP_Q(1.0.0),4,6,Q,2015-Q3,2.8,,,,
ABS:ERP_COMP_Q(1.0.0),4,6,Q,2015-Q4,3,,,,
ABS:ERP_COMP_Q(1.0.0),4,6,Q,2016-Q1,3,,,,
ABS:ERP_COMP_Q(1.0.0),4,6,Q,2016-Q2,3.5,,,,
ABS:ERP_COMP_Q(1.0.0),4,6,Q,2016-Q3,3.2,,,,
ABS:ERP_COMP_Q(1.0.0),4,6,Q,2016-Q4,4.4,,,,
ABS:ERP_COMP_Q(1.0.0),4,6,Q,2017-Q1,3.8,,,,
ABS:ERP_COMP_Q(1.0.0),4,6,Q,2017-Q2,4.2,,,,
ABS:ERP_COMP_Q(1.0.0),4,6,Q,2017-Q3,3.7,,,,
ABS:ERP_COMP_Q(1.0.0),4,6,Q,2017-Q4,4.5,,,,
ABS:ERP_COMP_Q(1.0.0),4,6,Q,2018-Q1,4.5,,,,
ABS:ERP_COMP_Q(1.0.0),4,6,Q,2018-Q2,4.4,,,,
ABS:ERP_COMP_Q(1.0.0),4,6,Q,2018-Q3,3.8,,,,
ABS:ERP_COMP_Q(1.0.0),4,6,Q,2018-Q4,4.8,,,,
ABS:ERP_COMP_Q(1.0.0),4,6,Q,2019-Q1,4.3,,,,
ABS:ERP_COMP_Q(1.0.0),4,6,Q,2019-Q2,4.5,,,,
ABS:ERP_COMP_Q(1.0.0),4,6,Q,2019-Q3,3.6,,,,
ABS:ERP_COMP_Q(1.0.0),4,6,Q,2019-Q4,4.6,,,,
ABS:ERP_COMP_Q(1.0.0),4,6,Q,2020-Q1,3.2,,,,
ABS:ERP_COMP_Q(1.0.0),4,6,Q,2020-Q2,3.3,,,,
ABS:ERP_COMP_Q(1.0.0),4,6,Q,2020-Q3,3,,,,
ABS:ERP_COMP_Q(1.0.0),4,6,Q,2020-Q4,4.4,,,,
ABS:ERP_COMP_Q(1.0.0),4,6,Q,2021-Q1,4.4,,,,
ABS:ERP_COMP_Q(1.0.0),4,6,Q,2021-Q2,5.5,,,,
ABS:ERP_COMP_Q(1.0.0),4,6,Q,2021-Q3,3.7,,,,
ABS:ERP_COMP_Q(1.0.0),4,6,Q,2021-Q4,4.2,,,,
ABS:ERP_COMP_Q(1.0.0),4,6,Q,2022-Q1,4,,,,
ABS:ERP_COMP_Q(1.0.0),4,6,Q,2022-Q2,3.7,,,,
ABS:ERP_COMP_Q(1.0.0),4,6,Q,2022-Q3,2.6,,,,
ABS:ERP_COMP_Q(1.0.0),4,6,Q,2022-Q4,3.7,,,,
ABS:ERP_COMP_Q(1.0.0),4,6,Q,2023-Q1,3.2,,,,
ABS:ERP_COMP_Q(1.0.0),4,6,Q,2023-Q2,3.2,,,,
ABS:ERP_COMP_Q(1.0.0),4,6,Q,2023-Q3,2.8,,,,
ABS:ERP_COMP_Q(1.0.0),4,6,Q,2023-Q4,3.5,,,,
ABS:ERP_COMP_Q(1.0.0),4,6,Q,2024-Q1,3.3,,,,
ABS:ERP_COMP_Q(1.0.0),4,6,Q,2024-Q2,3.3,,,,
ABS:ERP_COMP_Q(1.0.0),4,6,Q,2024-Q3,3.1,,,,
ABS:ERP_COMP_Q(1.0.0),4,6,Q,2024-Q4,3.9,,,,
ABS:ERP_COMP_Q(1.0.0),4,6,Q,2025-Q1,3.6,,,,
ABS:ERP_COMP_Q(1.0.0),4,6,Q,2025-Q2,3.5,,,,
ABS:ERP_COMP_Q(1.0.0),4,6,Q,2025-Q3,3,,,,
ABS:ERP_COMP_Q(1.0.0),4,6,Q,2025-Q4,3.8,,,,
ABS:ERP_COMP_Q(1.0.0),4,5,Q,1981-Q2,6.5,,,,
ABS:ERP_COMP_Q(1.0.0),4,5,Q,1981-Q3,7.4,,,,
ABS:ERP_COMP_Q(1.0.0),4,5,Q,1981-Q4,6,,,,
ABS:ERP_COMP_Q(1.0.0),4,5,Q,1982-Q1,6.5,,,,
ABS:ERP_COMP_Q(1.0.0),4,5,Q,1982-Q2,7.2,,,,
ABS:ERP_COMP_Q(1.0.0),4,5,Q,1982-Q3,5.9,,,,
ABS:ERP_COMP_Q(1.0.0),4,5,Q,1982-Q4,5.1,,,,
ABS:ERP_COMP_Q(1.0.0),4,5,Q,1983-Q1,4.9,,,,
ABS:ERP_COMP_Q(1.0.0),4,5,Q,1983-Q2,6.3,,,,
ABS:ERP_COMP_Q(1.0.0),4,5,Q,1983-Q3,5.5,,,,
ABS:ERP_COMP_Q(1.0.0),4,5,Q,1983-Q4,4.6,,,,
ABS:ERP_COMP_Q(1.0.0),4,5,Q,1984-Q1,5.3,,,,
ABS:ERP_COMP_Q(1.0.0),4,5,Q,1984-Q2,5.9,,,,
ABS:ERP_COMP_Q(1.0.0),4,5,Q,1984-Q3,5.8,,,,
ABS:ERP_COMP_Q(1.0.0),4,5,Q,1984-Q4,4.9,,,,
ABS:ERP_COMP_Q(1.0.0),4,5,Q,1985-Q1,6.1,,,,
ABS:ERP_COMP_Q(1.0.0),4,5,Q,1985-Q2,7.3,,,,
ABS:ERP_COMP_Q(1.0.0),4,5,Q,1985-Q3,7.6,,,,
ABS:ERP_COMP_Q(1.0.0),4,5,Q,1985-Q4,7.2,,,,
ABS:ERP_COMP_Q(1.0.0),4,5,Q,1986-Q1,8,,,,
ABS:ERP_COMP_Q(1.0.0),4,5,Q,1986-Q2,8.4,,,,
ABS:ERP_COMP_Q(1.0.0),4,5,Q,1986-Q3,7.1,,,,
ABS:ERP_COMP_Q(1.0.0),4,5,Q,1986-Q4,6.3,,,,
ABS:ERP_COMP_Q(1.0.0),4,5,Q,1987-Q1,7.8,,,,
ABS:ERP_COMP_Q(1.0.0),4,5,Q,1987-Q2,7.3,,,,
ABS:ERP_COMP_Q(1.0.0),4,5,Q,1987-Q3,6.8,,,,
ABS:ERP_COMP_Q(1.0.0),4,5,Q,1987-Q4,6.8,,,,
ABS:ERP_COMP_Q(1.0.0),4,5,Q,1988-Q1,9.1,,,,
ABS:ERP_COMP_Q(1.0.0),4,5,Q,1988-Q2,7.7,,,,
ABS:ERP_COMP_Q(1.0.0),4,5,Q,1988-Q3,8.2,,,,
ABS:ERP_COMP_Q(1.0.0),4,5,Q,1988-Q4,7.4,,,,
ABS:ERP_COMP_Q(1.0.0),4,5,Q,1989-Q1,9,,,,
ABS:ERP_COMP_Q(1.0.0),4,5,Q,1989-Q2,8.8,,,,
ABS:ERP_COMP_Q(1.0.0),4,5,Q,1989-Q3,7.8,,,,
ABS:ERP_COMP_Q(1.0.0),4,5,Q,1989-Q4,6.6,,,,
ABS:ERP_COMP_Q(1.0.0),4,5,Q,1990-Q1,8.5,,,,
ABS:ERP_COMP_Q(1.0.0),4,5,Q,1990-Q2,7,,,,
ABS:ERP_COMP_Q(1.0.0),4,5,Q,1990-Q3,6.4,,,,
ABS:ERP_COMP_Q(1.0.0),4,5,Q,1990-Q4,5.5,,,,
ABS:ERP_COMP_Q(1.0.0),4,5,Q,1991-Q1,7.1,,,,
ABS:ERP_COMP_Q(1.0.0),4,5,Q,1991-Q2,6.4,,,,
ABS:ERP_COMP_Q(1.0.0),4,5,Q,1991-Q3,5.9,,,,
ABS:ERP_COMP_Q(1.0.0),4,5,Q,1991-Q4,5.7,,,,
ABS:ERP_COMP_Q(1.0.0),4,5,Q,1992-Q1,7.9,,,,
ABS:ERP_COMP_Q(1.0.0),4,5,Q,1992-Q2,5.7,,,,
ABS:ERP_COMP_Q(1.0.0),4,5,Q,1992-Q3,8.1,,,,
ABS:ERP_COMP_Q(1.0.0),4,5,Q,1992-Q4,6.7,,,,
ABS:ERP_COMP_Q(1.0.0),4,5,Q,1993-Q1,7.9,,,,
ABS:ERP_COMP_Q(1.0.0),4,5,Q,1993-Q2,6.9,,,,
ABS:ERP_COMP_Q(1.0.0),4,5,Q,1993-Q3,6.7,,,,
ABS:ERP_COMP_Q(1.0.0),4,5,Q,1993-Q4,6.1,,,,
ABS:ERP_COMP_Q(1.0.0),4,5,Q,1994-Q1,8.5,,,,
ABS:ERP_COMP_Q(1.0.0),4,5,Q,1994-Q2,7.1,,,,
ABS:ERP_COMP_Q(1.0.0),4,5,Q,1994-Q3,7.4,,,,
ABS:ERP_COMP_Q(1.0.0),4,5,Q,1994-Q4,6.4,,,,
ABS:ERP_COMP_Q(1.0.0),4,5,Q,1995-Q1,9.5,,,,
ABS:ERP_COMP_Q(1.0.0),4,5,Q,1995-Q2,8.6,,,,
ABS:ERP_COMP_Q(1.0.0),4,5,Q,1995-Q3,7.4,,,,
ABS:ERP_COMP_Q(1.0.0),4,5,Q,1995-Q4,6.9,,,,
ABS:ERP_COMP_Q(1.0.0),4,5,Q,1996-Q1,10.2,,,,
ABS:ERP_COMP_Q(1.0.0),4,5,Q,1996-Q2,8.2,,,,
ABS:ERP_COMP_Q(1.0.0),4,5,Q,1996-Q3,8.2,,,,
ABS:ERP_COMP_Q(1.0.0),4,5,Q,1996-Q4,9.3,,,,
ABS:ERP_COMP_Q(1.0.0),4,5,Q,1997-Q1,9.2,,,,
ABS:ERP_COMP_Q(1.0.0),4,5,Q,1997-Q2,8,,,,
ABS:ERP_COMP_Q(1.0.0),4,5,Q,1997-Q3,7.4,,,,
ABS:ERP_COMP_Q(1.0.0),4,5,Q,1997-Q4,9.4,,,,
ABS:ERP_COMP_Q(1.0.0),4,5,Q,1998-Q1,8.6,,,,
ABS:ERP_COMP_Q(1.0.0),4,5,Q,1998-Q2,8.1,,,,
ABS:ERP_COMP_Q(1.0.0),4,5,Q,1998-Q3,7.6,,,,
ABS:ERP_COMP_Q(1.0.0),4,5,Q,1998-Q4,8.6,,,,
ABS:ERP_COMP_Q(1.0.0),4,5,Q,1999-Q1,7.5,,,,
ABS:ERP_COMP_Q(1.0.0),4,5,Q,1999-Q2,7.7,,,,
ABS:ERP_COMP_Q(1.0.0),4,5,Q,1999-Q3,7,,,,
ABS:ERP_COMP_Q(1.0.0),4,5,Q,1999-Q4,8.4,,,,
ABS:ERP_COMP_Q(1.0.0),4,5,Q,2000-Q1,7.6,,,,
ABS:ERP_COMP_Q(1.0.0),4,5,Q,2000-Q2,7.7,,,,
ABS:ERP_COMP_Q(1.0.0),4,5,Q,2000-Q3,7,,,,
ABS:ERP_COMP_Q(1.0.0),4,5,Q,2000-Q4,8.7,,,,
ABS:ERP_COMP_Q(1.0.0),4,5,Q,2001-Q1,7.5,,,,
ABS:ERP_COMP_Q(1.0.0),4,5,Q,2001-Q2,7.3,,,,
ABS:ERP_COMP_Q(1.0.0),4,5,Q,2001-Q3,6.7,,,,
ABS:ERP_COMP_Q(1.0.0),4,5,Q,2001-Q4,7.8,,,,
ABS:ERP_COMP_Q(1.0.0),4,5,Q,2002-Q1,7.5,,,,
ABS:ERP_COMP_Q(1.0.0),4,5,Q,2002-Q2,7.3,,,,
ABS:ERP_COMP_Q(1.0.0),4,5,Q,2002-Q3,7,,,,
ABS:ERP_COMP_Q(1.0.0),4,5,Q,2002-Q4,8.4,,,,
ABS:ERP_COMP_Q(1.0.0),4,5,Q,2003-Q1,8,,,,
ABS:ERP_COMP_Q(1.0.0),4,5,Q,2003-Q2,7.8,,,,
ABS:ERP_COMP_Q(1.0.0),4,5,Q,2003-Q3,7.5,,,,
ABS:ERP_COMP_Q(1.0.0),4,5,Q,2003-Q4,8.9,,,,
ABS:ERP_COMP_Q(1.0.0),4,5,Q,2004-Q1,8.2,,,,
ABS:ERP_COMP_Q(1.0.0),4,5,Q,2004-Q2,8.1,,,,
ABS:ERP_COMP_Q(1.0.0),4,5,Q,2004-Q3,6.9,,,,
ABS:ERP_COMP_Q(1.0.0),4,5,Q,2004-Q4,8.7,,,,
ABS:ERP_COMP_Q(1.0.0),4,5,Q,2005-Q1,8.1,,,,
ABS:ERP_COMP_Q(1.0.0),4,5,Q,2005-Q2,7.6,,,,
ABS:ERP_COMP_Q(1.0.0),4,5,Q,2005-Q3,7,,,,
ABS:ERP_COMP_Q(1.0.0),4,5,Q,2005-Q4,8.4,,,,
ABS:ERP_COMP_Q(1.0.0),4,5,Q,2006-Q1,8.1,,,,
ABS:ERP_COMP_Q(1.0.0),4,5,Q,2006-Q2,7.8,,,,
ABS:ERP_COMP_Q(1.0.0),4,5,Q,2006-Q3,7.7,,,,
ABS:ERP_COMP_Q(1.0.0),4,5,Q,2006-Q4,9.8,,,,
ABS:ERP_COMP_Q(1.0.0),4,5,Q,2007-Q1,9.3,,,,
ABS:ERP_COMP_Q(1.0.0),4,5,Q,2007-Q2,9.7,,,,
ABS:ERP_COMP_Q(1.0.0),4,5,Q,2007-Q3,8.5,,,,
ABS:ERP_COMP_Q(1.0.0),4,5,Q,2007-Q4,10.1,,,,
ABS:ERP_COMP_Q(1.0.0),4,5,Q,2008-Q1,10.2,,,,
ABS:ERP_COMP_Q(1.0.0),4,5,Q,2008-Q2,9.8,,,,
ABS:ERP_COMP_Q(1.0.0),4,5,Q,2008-Q3,9.2,,,,
ABS:ERP_COMP_Q(1.0.0),4,5,Q,2008-Q4,11,,,,
ABS:ERP_COMP_Q(1.0.0),4,5,Q,2009-Q1,9.7,,,,
ABS:ERP_COMP_Q(1.0.0),4,5,Q,2009-Q2,9.1,,,,
ABS:ERP_COMP_Q(1.0.0),4,5,Q,2009-Q3,7.5,,,,
ABS:ERP_COMP_Q(1.0.0),4,5,Q,2009-Q4,9.2,,,,
ABS:ERP_COMP_Q(1.0.0),4,5,Q,2010-Q1,8.2,,,,
ABS:ERP_COMP_Q(1.0.0),4,5,Q,2010-Q2,8.4,,,,
ABS:ERP_COMP_Q(1.0.0),4,5,Q,2010-Q3,8.3,,,,
ABS:ERP_COMP_Q(1.0.0),4,5,Q,2010-Q4,10.1,,,,
ABS:ERP_COMP_Q(1.0.0),4,5,Q,2011-Q1,9.4,,,,
ABS:ERP_COMP_Q(1.0.0),4,5,Q,2011-Q2,9.5,,,,
ABS:ERP_COMP_Q(1.0.0),4,5,Q,2011-Q3,8.8,,,,
ABS:ERP_COMP_Q(1.0.0),4,5,Q,2011-Q4,11.2,,,,
ABS:ERP_COMP_Q(1.0.0),4,5,Q,2012-Q1,10.3,,,,
ABS:ERP_COMP_Q(1.0.0),4,5,Q,2012-Q2,9.9,,,,
ABS:ERP_COMP_Q(1.0.0),4,5,Q,2012-Q3,8.5,,,,
ABS:ERP_COMP_Q(1.0.0),4,5,Q,2012-Q4,9.7,,,,
ABS:ERP_COMP_Q(1.0.0),4,5,Q,2013-Q1,9.8,,,,
ABS:ERP_COMP_Q(1.0.0),4,5,Q,2013-Q2,9.5,,,,
ABS:ERP_COMP_Q(1.0.0),4,5,Q,2013-Q3,7.9,,,,
ABS:ERP_COMP_Q(1.0.0),4,5,Q,2013-Q4,9.2,,,,
ABS:ERP_COMP_Q(1.0.0),4,5,Q,2014-Q1,8.5,,,,
ABS:ERP_COMP_Q(1.0.0),4,5,Q,2014-Q2,8.1,,,,
ABS:ERP_COMP_Q(1.0.0),4,5,Q,2014-Q3,6.6,,,,
ABS:ERP_COMP_Q(1.0.0),4,5,Q,2014-Q4,8.3,,,,
ABS:ERP_COMP_Q(1.0.0),4,5,Q,2015-Q1,7.5,,,,
ABS:ERP_COMP_Q(1.0.0),4,5,Q,2015-Q2,7.9,,,,
ABS:ERP_COMP_Q(1.0.0),4,5,Q,2015-Q3,6.6,,,,
ABS:ERP_COMP_Q(1.0.0),4,5,Q,2015-Q4,7.5,,,,
ABS:ERP_COMP_Q(1.0.0),4,5,Q,2016-Q1,7.4,,,,
ABS:ERP_COMP_Q(1.0.0),4,5,Q,2016-Q2,7.5,,,,
ABS:ERP_COMP_Q(1.0.0),4,5,Q,2016-Q3,7.2,,,,
ABS:ERP_COMP_Q(1.0.0),4,5,Q,2016-Q4,9.2,,,,
ABS:ERP_COMP_Q(1.0.0),4,5,Q,2017-Q1,8,,,,
ABS:ERP_COMP_Q(1.0.0),4,5,Q,2017-Q2,8.4,,,,
ABS:ERP_COMP_Q(1.0.0),4,5,Q,2017-Q3,7.6,,,,
ABS:ERP_COMP_Q(1.0.0),4,5,Q,2017-Q4,9.6,,,,
ABS:ERP_COMP_Q(1.0.0),4,5,Q,2018-Q1,8.7,,,,
ABS:ERP_COMP_Q(1.0.0),4,5,Q,2018-Q2,8.9,,,,
ABS:ERP_COMP_Q(1.0.0),4,5,Q,2018-Q3,8.3,,,,
ABS:ERP_COMP_Q(1.0.0),4,5,Q,2018-Q4,10.5,,,,
ABS:ERP_COMP_Q(1.0.0),4,5,Q,2019-Q1,9.9,,,,
ABS:ERP_COMP_Q(1.0.0),4,5,Q,2019-Q2,10.5,,,,
ABS:ERP_COMP_Q(1.0.0),4,5,Q,2019-Q3,8.8,,,,
ABS:ERP_COMP_Q(1.0.0),4,5,Q,2019-Q4,10.7,,,,
ABS:ERP_COMP_Q(1.0.0),4,5,Q,2020-Q1,7.7,,,,
ABS:ERP_COMP_Q(1.0.0),4,5,Q,2020-Q2,7.3,,,,
ABS:ERP_COMP_Q(1.0.0),4,5,Q,2020-Q3,6.8,,,,
ABS:ERP_COMP_Q(1.0.0),4,5,Q,2020-Q4,9.2,,,,
ABS:ERP_COMP_Q(1.0.0),4,5,Q,2021-Q1,9.3,,,,
ABS:ERP_COMP_Q(1.0.0),4,5,Q,2021-Q2,11.1,,,,
ABS:ERP_COMP_Q(1.0.0),4,5,Q,2021-Q3,9.5,,,,
ABS:ERP_COMP_Q(1.0.0),4,5,Q,2021-Q4,10.5,,,,
ABS:ERP_COMP_Q(1.0.0),4,5,Q,2022-Q1,10.2,,,,
ABS:ERP_COMP_Q(1.0.0),4,5,Q,2022-Q2,9.5,,,,
ABS:ERP_COMP_Q(1.0.0),4,5,Q,2022-Q3,8.7,,,,
ABS:ERP_COMP_Q(1.0.0),4,5,Q,2022-Q4,12,,,,
ABS:ERP_COMP_Q(1.0.0),4,5,Q,2023-Q1,10.7,,,,
ABS:ERP_COMP_Q(1.0.0),4,5,Q,2023-Q2,10.3,,,,
ABS:ERP_COMP_Q(1.0.0),4,5,Q,2023-Q3,9.5,,,,
ABS:ERP_COMP_Q(1.0.0),4,5,Q,2023-Q4,11.1,,,,
ABS:ERP_COMP_Q(1.0.0),4,5,Q,2024-Q1,10.4,,,,
ABS:ERP_COMP_Q(1.0.0),4,5,Q,2024-Q2,10.5,,,,
ABS:ERP_COMP_Q(1.0.0),4,5,Q,2024-Q3,9,,,,
ABS:ERP_COMP_Q(1.0.0),4,5,Q,2024-Q4,11,,,,
ABS:ERP_COMP_Q(1.0.0),4,5,Q,2025-Q1,10,,,,
ABS:ERP_COMP_Q(1.0.0),4,5,Q,2025-Q2,9.3,,,,
ABS:ERP_COMP_Q(1.0.0),4,5,Q,2025-Q3,8.4,,,,
ABS:ERP_COMP_Q(1.0.0),4,5,Q,2025-Q4,10,,,,
ABS:ERP_COMP_Q(1.0.0),4,7,Q,1981-Q2,3.6,,,,
ABS:ERP_COMP_Q(1.0.0),4,7,Q,1981-Q3,3.6,,,,
ABS:ERP_COMP_Q(1.0.0),4,7,Q,1981-Q4,3.6,,,,
ABS:ERP_COMP_Q(1.0.0),4,7,Q,1982-Q1,3.4,,,,
ABS:ERP_COMP_Q(1.0.0),4,7,Q,1982-Q2,3.3,,,,
ABS:ERP_COMP_Q(1.0.0),4,7,Q,1982-Q3,2.7,,,,
ABS:ERP_COMP_Q(1.0.0),4,7,Q,1982-Q4,2.6,,,,
ABS:ERP_COMP_Q(1.0.0),4,7,Q,1983-Q1,2.6,,,,
ABS:ERP_COMP_Q(1.0.0),4,7,Q,1983-Q2,2.9,,,,
ABS:ERP_COMP_Q(1.0.0),4,7,Q,1983-Q3,2.8,,,,
ABS:ERP_COMP_Q(1.0.0),4,7,Q,1983-Q4,2.9,,,,
ABS:ERP_COMP_Q(1.0.0),4,7,Q,1984-Q1,2.6,,,,
ABS:ERP_COMP_Q(1.0.0),4,7,Q,1984-Q2,2.5,,,,
ABS:ERP_COMP_Q(1.0.0),4,7,Q,1984-Q3,2.9,,,,
ABS:ERP_COMP_Q(1.0.0),4,7,Q,1984-Q4,2.5,,,,
ABS:ERP_COMP_Q(1.0.0),4,7,Q,1985-Q1,2.8,,,,
ABS:ERP_COMP_Q(1.0.0),4,7,Q,1985-Q2,3.2,,,,
ABS:ERP_COMP_Q(1.0.0),4,7,Q,1985-Q3,3.6,,,,
ABS:ERP_COMP_Q(1.0.0),4,7,Q,1985-Q4,3.9,,,,
ABS:ERP_COMP_Q(1.0.0),4,7,Q,1986-Q1,3.6,,,,
ABS:ERP_COMP_Q(1.0.0),4,7,Q,1986-Q2,3.4,,,,
ABS:ERP_COMP_Q(1.0.0),4,7,Q,1986-Q3,3.8,,,,
ABS:ERP_COMP_Q(1.0.0),4,7,Q,1986-Q4,3.4,,,,
ABS:ERP_COMP_Q(1.0.0),4,7,Q,1987-Q1,4.4,,,,
ABS:ERP_COMP_Q(1.0.0),4,7,Q,1987-Q2,3.1,,,,
ABS:ERP_COMP_Q(1.0.0),4,7,Q,1987-Q3,3.4,,,,
ABS:ERP_COMP_Q(1.0.0),4,7,Q,1987-Q4,3,,,,
ABS:ERP_COMP_Q(1.0.0),4,7,Q,1988-Q1,4.2,,,,
ABS:ERP_COMP_Q(1.0.0),4,7,Q,1988-Q2,3.5,,,,
ABS:ERP_COMP_Q(1.0.0),4,7,Q,1988-Q3,3.9,,,,
ABS:ERP_COMP_Q(1.0.0),4,7,Q,1988-Q4,4,,,,
ABS:ERP_COMP_Q(1.0.0),4,7,Q,1989-Q1,4.9,,,,
ABS:ERP_COMP_Q(1.0.0),4,7,Q,1989-Q2,3.9,,,,
ABS:ERP_COMP_Q(1.0.0),4,7,Q,1989-Q3,3.7,,,,
ABS:ERP_COMP_Q(1.0.0),4,7,Q,1989-Q4,3.2,,,,
ABS:ERP_COMP_Q(1.0.0),4,7,Q,1990-Q1,4.8,,,,
ABS:ERP_COMP_Q(1.0.0),4,7,Q,1990-Q2,4,,,,
ABS:ERP_COMP_Q(1.0.0),4,7,Q,1990-Q3,3.8,,,,
ABS:ERP_COMP_Q(1.0.0),4,7,Q,1990-Q4,3.5,,,,
ABS:ERP_COMP_Q(1.0.0),4,7,Q,1991-Q1,4.9,,,,
ABS:ERP_COMP_Q(1.0.0),4,7,Q,1991-Q2,3.4,,,,
ABS:ERP_COMP_Q(1.0.0),4,7,Q,1991-Q3,3.8,,,,
ABS:ERP_COMP_Q(1.0.0),4,7,Q,1991-Q4,3.4,,,,
ABS:ERP_COMP_Q(1.0.0),4,7,Q,1992-Q1,4.8,,,,
ABS:ERP_COMP_Q(1.0.0),4,7,Q,1992-Q2,3.4,,,,
ABS:ERP_COMP_Q(1.0.0),4,7,Q,1992-Q3,4.2,,,,
ABS:ERP_COMP_Q(1.0.0),4,7,Q,1992-Q4,4.7,,,,
ABS:ERP_COMP_Q(1.0.0),4,7,Q,1993-Q1,5.1,,,,
ABS:ERP_COMP_Q(1.0.0),4,7,Q,1993-Q2,3.4,,,,
ABS:ERP_COMP_Q(1.0.0),4,7,Q,1993-Q3,4,,,,
ABS:ERP_COMP_Q(1.0.0),4,7,Q,1993-Q4,3.4,,,,
ABS:ERP_COMP_Q(1.0.0),4,7,Q,1994-Q1,4.8,,,,
ABS:ERP_COMP_Q(1.0.0),4,7,Q,1994-Q2,3.5,,,,
ABS:ERP_COMP_Q(1.0.0),4,7,Q,1994-Q3,3.5,,,,
ABS:ERP_COMP_Q(1.0.0),4,7,Q,1994-Q4,3.9,,,,
ABS:ERP_COMP_Q(1.0.0),4,7,Q,1995-Q1,6.4,,,,
ABS:ERP_COMP_Q(1.0.0),4,7,Q,1995-Q2,4.6,,,,
ABS:ERP_COMP_Q(1.0.0),4,7,Q,1995-Q3,3.4,,,,
ABS:ERP_COMP_Q(1.0.0),4,7,Q,1995-Q4,4.4,,,,
ABS:ERP_COMP_Q(1.0.0),4,7,Q,1996-Q1,5.4,,,,
ABS:ERP_COMP_Q(1.0.0),4,7,Q,1996-Q2,3.7,,,,
ABS:ERP_COMP_Q(1.0.0),4,7,Q,1996-Q3,4.7,,,,
ABS:ERP_COMP_Q(1.0.0),4,7,Q,1996-Q4,5.3,,,,
ABS:ERP_COMP_Q(1.0.0),4,7,Q,1997-Q1,4.2,,,,
ABS:ERP_COMP_Q(1.0.0),4,7,Q,1997-Q2,4.8,,,,
ABS:ERP_COMP_Q(1.0.0),4,7,Q,1997-Q3,4.1,,,,
ABS:ERP_COMP_Q(1.0.0),4,7,Q,1997-Q4,5,,,,
ABS:ERP_COMP_Q(1.0.0),4,7,Q,1998-Q1,4,,,,
ABS:ERP_COMP_Q(1.0.0),4,7,Q,1998-Q2,4.2,,,,
ABS:ERP_COMP_Q(1.0.0),4,7,Q,1998-Q3,3.8,,,,
ABS:ERP_COMP_Q(1.0.0),4,7,Q,1998-Q4,4.9,,,,
ABS:ERP_COMP_Q(1.0.0),4,7,Q,1999-Q1,3.8,,,,
ABS:ERP_COMP_Q(1.0.0),4,7,Q,1999-Q2,3.7,,,,
ABS:ERP_COMP_Q(1.0.0),4,7,Q,1999-Q3,3.7,,,,
ABS:ERP_COMP_Q(1.0.0),4,7,Q,1999-Q4,4.7,,,,
ABS:ERP_COMP_Q(1.0.0),4,7,Q,2000-Q1,3.9,,,,
ABS:ERP_COMP_Q(1.0.0),4,7,Q,2000-Q2,3.9,,,,
ABS:ERP_COMP_Q(1.0.0),4,7,Q,2000-Q3,3.7,,,,
ABS:ERP_COMP_Q(1.0.0),4,7,Q,2000-Q4,4.9,,,,
ABS:ERP_COMP_Q(1.0.0),4,7,Q,2001-Q1,3.7,,,,
ABS:ERP_COMP_Q(1.0.0),4,7,Q,2001-Q2,3.8,,,,
ABS:ERP_COMP_Q(1.0.0),4,7,Q,2001-Q3,3.3,,,,
ABS:ERP_COMP_Q(1.0.0),4,7,Q,2001-Q4,4,,,,
ABS:ERP_COMP_Q(1.0.0),4,7,Q,2002-Q1,3.6,,,,
ABS:ERP_COMP_Q(1.0.0),4,7,Q,2002-Q2,3.9,,,,
ABS:ERP_COMP_Q(1.0.0),4,7,Q,2002-Q3,3.4,,,,
ABS:ERP_COMP_Q(1.0.0),4,7,Q,2002-Q4,4.4,,,,
ABS:ERP_COMP_Q(1.0.0),4,7,Q,2003-Q1,3.5,,,,
ABS:ERP_COMP_Q(1.0.0),4,7,Q,2003-Q2,3.7,,,,
ABS:ERP_COMP_Q(1.0.0),4,7,Q,2003-Q3,3.3,,,,
ABS:ERP_COMP_Q(1.0.0),4,7,Q,2003-Q4,4.6,,,,
ABS:ERP_COMP_Q(1.0.0),4,7,Q,2004-Q1,3.9,,,,
ABS:ERP_COMP_Q(1.0.0),4,7,Q,2004-Q2,3.9,,,,
ABS:ERP_COMP_Q(1.0.0),4,7,Q,2004-Q3,3.6,,,,
ABS:ERP_COMP_Q(1.0.0),4,7,Q,2004-Q4,4.7,,,,
ABS:ERP_COMP_Q(1.0.0),4,7,Q,2005-Q1,4.2,,,,
ABS:ERP_COMP_Q(1.0.0),4,7,Q,2005-Q2,3.9,,,,
ABS:ERP_COMP_Q(1.0.0),4,7,Q,2005-Q3,3.5,,,,
ABS:ERP_COMP_Q(1.0.0),4,7,Q,2005-Q4,4.8,,,,
ABS:ERP_COMP_Q(1.0.0),4,7,Q,2006-Q1,4,,,,
ABS:ERP_COMP_Q(1.0.0),4,7,Q,2006-Q2,3.6,,,,
ABS:ERP_COMP_Q(1.0.0),4,7,Q,2006-Q3,3.8,,,,
ABS:ERP_COMP_Q(1.0.0),4,7,Q,2006-Q4,4.8,,,,
ABS:ERP_COMP_Q(1.0.0),4,7,Q,2007-Q1,4.2,,,,
ABS:ERP_COMP_Q(1.0.0),4,7,Q,2007-Q2,4.1,,,,
ABS:ERP_COMP_Q(1.0.0),4,7,Q,2007-Q3,3.9,,,,
ABS:ERP_COMP_Q(1.0.0),4,7,Q,2007-Q4,5,,,,
ABS:ERP_COMP_Q(1.0.0),4,7,Q,2008-Q1,4.3,,,,
ABS:ERP_COMP_Q(1.0.0),4,7,Q,2008-Q2,4.1,,,,
ABS:ERP_COMP_Q(1.0.0),4,7,Q,2008-Q3,3.9,,,,
ABS:ERP_COMP_Q(1.0.0),4,7,Q,2008-Q4,4.8,,,,
ABS:ERP_COMP_Q(1.0.0),4,7,Q,2009-Q1,4,,,,
ABS:ERP_COMP_Q(1.0.0),4,7,Q,2009-Q2,4.1,,,,
ABS:ERP_COMP_Q(1.0.0),4,7,Q,2009-Q3,3.6,,,,
ABS:ERP_COMP_Q(1.0.0),4,7,Q,2009-Q4,4.2,,,,
ABS:ERP_COMP_Q(1.0.0),4,7,Q,2010-Q1,4,,,,
ABS:ERP_COMP_Q(1.0.0),4,7,Q,2010-Q2,4,,,,
ABS:ERP_COMP_Q(1.0.0),4,7,Q,2010-Q3,3.5,,,,
ABS:ERP_COMP_Q(1.0.0),4,7,Q,2010-Q4,4.3,,,,
ABS:ERP_COMP_Q(1.0.0),4,7,Q,2011-Q1,3.7,,,,
ABS:ERP_COMP_Q(1.0.0),4,7,Q,2011-Q2,3.7,,,,
ABS:ERP_COMP_Q(1.0.0),4,7,Q,2011-Q3,3.8,,,,
ABS:ERP_COMP_Q(1.0.0),4,7,Q,2011-Q4,4.6,,,,
ABS:ERP_COMP_Q(1.0.0),4,7,Q,2012-Q1,4.1,,,,
ABS:ERP_COMP_Q(1.0.0),4,7,Q,2012-Q2,3.9,,,,
ABS:ERP_COMP_Q(1.0.0),4,7,Q,2012-Q3,3.5,,,,
ABS:ERP_COMP_Q(1.0.0),4,7,Q,2012-Q4,3.9,,,,
ABS:ERP_COMP_Q(1.0.0),4,7,Q,2013-Q1,4.1,,,,
ABS:ERP_COMP_Q(1.0.0),4,7,Q,2013-Q2,4.2,,,,
ABS:ERP_COMP_Q(1.0.0),4,7,Q,2013-Q3,3.4,,,,
ABS:ERP_COMP_Q(1.0.0),4,7,Q,2013-Q4,4.1,,,,
ABS:ERP_COMP_Q(1.0.0),4,7,Q,2014-Q1,4.2,,,,
ABS:ERP_COMP_Q(1.0.0),4,7,Q,2014-Q2,3.5,,,,
ABS:ERP_COMP_Q(1.0.0),4,7,Q,2014-Q3,3.1,,,,
ABS:ERP_COMP_Q(1.0.0),4,7,Q,2014-Q4,4,,,,
ABS:ERP_COMP_Q(1.0.0),4,7,Q,2015-Q1,3.6,,,,
ABS:ERP_COMP_Q(1.0.0),4,7,Q,2015-Q2,3.8,,,,
ABS:ERP_COMP_Q(1.0.0),4,7,Q,2015-Q3,3.3,,,,
ABS:ERP_COMP_Q(1.0.0),4,7,Q,2015-Q4,4.1,,,,
ABS:ERP_COMP_Q(1.0.0),4,7,Q,2016-Q1,3.9,,,,
ABS:ERP_COMP_Q(1.0.0),4,7,Q,2016-Q2,4,,,,
ABS:ERP_COMP_Q(1.0.0),4,7,Q,2016-Q3,3.7,,,,
ABS:ERP_COMP_Q(1.0.0),4,7,Q,2016-Q4,4.8,,,,
ABS:ERP_COMP_Q(1.0.0),4,7,Q,2017-Q1,4.2,,,,
ABS:ERP_COMP_Q(1.0.0),4,7,Q,2017-Q2,4.2,,,,
ABS:ERP_COMP_Q(1.0.0),4,7,Q,2017-Q3,3.8,,,,
ABS:ERP_COMP_Q(1.0.0),4,7,Q,2017-Q4,4.9,,,,
ABS:ERP_COMP_Q(1.0.0),4,7,Q,2018-Q1,4.2,,,,
ABS:ERP_COMP_Q(1.0.0),4,7,Q,2018-Q2,4.2,,,,
ABS:ERP_COMP_Q(1.0.0),4,7,Q,2018-Q3,3.9,,,,
ABS:ERP_COMP_Q(1.0.0),4,7,Q,2018-Q4,5.3,,,,
ABS:ERP_COMP_Q(1.0.0),4,7,Q,2019-Q1,4.6,,,,
ABS:ERP_COMP_Q(1.0.0),4,7,Q,2019-Q2,4.6,,,,
ABS:ERP_COMP_Q(1.0.0),4,7,Q,2019-Q3,4.2,,,,
ABS:ERP_COMP_Q(1.0.0),4,7,Q,2019-Q4,5.3,,,,
ABS:ERP_COMP_Q(1.0.0),4,7,Q,2020-Q1,3.9,,,,
ABS:ERP_COMP_Q(1.0.0),4,7,Q,2020-Q2,3.7,,,,
ABS:ERP_COMP_Q(1.0.0),4,7,Q,2020-Q3,3.1,,,,
ABS:ERP_COMP_Q(1.0.0),4,7,Q,2020-Q4,3.9,,,,
ABS:ERP_COMP_Q(1.0.0),4,7,Q,2021-Q1,3.6,,,,
ABS:ERP_COMP_Q(1.0.0),4,7,Q,2021-Q2,4.9,,,,
ABS:ERP_COMP_Q(1.0.0),4,7,Q,2021-Q3,4.7,,,,
ABS:ERP_COMP_Q(1.0.0),4,7,Q,2021-Q4,4.9,,,,
ABS:ERP_COMP_Q(1.0.0),4,7,Q,2022-Q1,4.2,,,,
ABS:ERP_COMP_Q(1.0.0),4,7,Q,2022-Q2,3.8,,,,
ABS:ERP_COMP_Q(1.0.0),4,7,Q,2022-Q3,3.1,,,,
ABS:ERP_COMP_Q(1.0.0),4,7,Q,2022-Q4,4.7,,,,
ABS:ERP_COMP_Q(1.0.0),4,7,Q,2023-Q1,4,,,,
ABS:ERP_COMP_Q(1.0.0),4,7,Q,2023-Q2,3.6,,,,
ABS:ERP_COMP_Q(1.0.0),4,7,Q,2023-Q3,3.4,,,,
ABS:ERP_COMP_Q(1.0.0),4,7,Q,2023-Q4,4.1,,,,
ABS:ERP_COMP_Q(1.0.0),4,7,Q,2024-Q1,3.8,,,,
ABS:ERP_COMP_Q(1.0.0),4,7,Q,2024-Q2,3.6,,,,
ABS:ERP_COMP_Q(1.0.0),4,7,Q,2024-Q3,3.3,,,,
ABS:ERP_COMP_Q(1.0.0),4,7,Q,2024-Q4,4.5,,,,
ABS:ERP_COMP_Q(1.0.0),4,7,Q,2025-Q1,3.9,,,,
ABS:ERP_COMP_Q(1.0.0),4,7,Q,2025-Q2,3.3,,,,
ABS:ERP_COMP_Q(1.0.0),4,7,Q,2025-Q3,3.1,,,,
ABS:ERP_COMP_Q(1.0.0),4,7,Q,2025-Q4,3.9,,,,
ABS:ERP_COMP_Q(1.0.0),1,2,Q,1981-Q2,14.4,,,,
ABS:ERP_COMP_Q(1.0.0),1,2,Q,1981-Q3,15.6,,,,
ABS:ERP_COMP_Q(1.0.0),1,2,Q,1981-Q4,14.2,,,,
ABS:ERP_COMP_Q(1.0.0),1,2,Q,1982-Q1,15.4,,,,
ABS:ERP_COMP_Q(1.0.0),1,2,Q,1982-Q2,14.7,,,,
ABS:ERP_COMP_Q(1.0.0),1,2,Q,1982-Q3,15,,,,
ABS:ERP_COMP_Q(1.0.0),1,2,Q,1982-Q4,14.8,,,,
ABS:ERP_COMP_Q(1.0.0),1,2,Q,1983-Q1,14.8,,,,
ABS:ERP_COMP_Q(1.0.0),1,2,Q,1983-Q2,15.1,,,,
ABS:ERP_COMP_Q(1.0.0),1,2,Q,1983-Q3,15.5,,,,
ABS:ERP_COMP_Q(1.0.0),1,2,Q,1983-Q4,14.4,,,,
ABS:ERP_COMP_Q(1.0.0),1,2,Q,1984-Q1,15.2,,,,
ABS:ERP_COMP_Q(1.0.0),1,2,Q,1984-Q2,14.9,,,,
ABS:ERP_COMP_Q(1.0.0),1,2,Q,1984-Q3,14.8,,,,
ABS:ERP_COMP_Q(1.0.0),1,2,Q,1984-Q4,14.6,,,,
ABS:ERP_COMP_Q(1.0.0),1,2,Q,1985-Q1,15.8,,,,
ABS:ERP_COMP_Q(1.0.0),1,2,Q,1985-Q2,15.4,,,,
ABS:ERP_COMP_Q(1.0.0),1,2,Q,1985-Q3,15.2,,,,
ABS:ERP_COMP_Q(1.0.0),1,2,Q,1985-Q4,15.2,,,,
ABS:ERP_COMP_Q(1.0.0),1,2,Q,1986-Q1,14.3,,,,
ABS:ERP_COMP_Q(1.0.0),1,2,Q,1986-Q2,15.2,,,,
ABS:ERP_COMP_Q(1.0.0),1,2,Q,1986-Q3,15.5,,,,
ABS:ERP_COMP_Q(1.0.0),1,2,Q,1986-Q4,15.1,,,,
ABS:ERP_COMP_Q(1.0.0),1,2,Q,1987-Q1,15.1,,,,
ABS:ERP_COMP_Q(1.0.0),1,2,Q,1987-Q2,15.5,,,,
ABS:ERP_COMP_Q(1.0.0),1,2,Q,1987-Q3,15.7,,,,
ABS:ERP_COMP_Q(1.0.0),1,2,Q,1987-Q4,15.2,,,,
ABS:ERP_COMP_Q(1.0.0),1,2,Q,1988-Q1,15.8,,,,
ABS:ERP_COMP_Q(1.0.0),1,2,Q,1988-Q2,15.6,,,,
ABS:ERP_COMP_Q(1.0.0),1,2,Q,1988-Q3,15.7,,,,
ABS:ERP_COMP_Q(1.0.0),1,2,Q,1988-Q4,15.1,,,,
ABS:ERP_COMP_Q(1.0.0),1,2,Q,1989-Q1,16.3,,,,
ABS:ERP_COMP_Q(1.0.0),1,2,Q,1989-Q2,15.9,,,,
ABS:ERP_COMP_Q(1.0.0),1,2,Q,1989-Q3,16.2,,,,
ABS:ERP_COMP_Q(1.0.0),1,2,Q,1989-Q4,15.6,,,,
ABS:ERP_COMP_Q(1.0.0),1,2,Q,1990-Q1,17.2,,,,
ABS:ERP_COMP_Q(1.0.0),1,2,Q,1990-Q2,16.9,,,,
ABS:ERP_COMP_Q(1.0.0),1,2,Q,1990-Q3,16.5,,,,
ABS:ERP_COMP_Q(1.0.0),1,2,Q,1990-Q4,16.5,,,,
ABS:ERP_COMP_Q(1.0.0),1,2,Q,1991-Q1,16.5,,,,
ABS:ERP_COMP_Q(1.0.0),1,2,Q,1991-Q2,16.6,,,,
ABS:ERP_COMP_Q(1.0.0),1,2,Q,1991-Q3,16.3,,,,
ABS:ERP_COMP_Q(1.0.0),1,2,Q,1991-Q4,16,,,,
ABS:ERP_COMP_Q(1.0.0),1,2,Q,1992-Q1,16.4,,,,
ABS:ERP_COMP_Q(1.0.0),1,2,Q,1992-Q2,16.1,,,,
ABS:ERP_COMP_Q(1.0.0),1,2,Q,1992-Q3,16.8,,,,
ABS:ERP_COMP_Q(1.0.0),1,2,Q,1992-Q4,16.3,,,,
ABS:ERP_COMP_Q(1.0.0),1,2,Q,1993-Q1,15.9,,,,
ABS:ERP_COMP_Q(1.0.0),1,2,Q,1993-Q2,16,,,,
ABS:ERP_COMP_Q(1.0.0),1,2,Q,1993-Q3,16.3,,,,
ABS:ERP_COMP_Q(1.0.0),1,2,Q,1993-Q4,16,,,,
ABS:ERP_COMP_Q(1.0.0),1,2,Q,1994-Q1,16.2,,,,
ABS:ERP_COMP_Q(1.0.0),1,2,Q,1994-Q2,15.8,,,,
ABS:ERP_COMP_Q(1.0.0),1,2,Q,1994-Q3,16.2,,,,
ABS:ERP_COMP_Q(1.0.0),1,2,Q,1994-Q4,16,,,,
ABS:ERP_COMP_Q(1.0.0),1,2,Q,1995-Q1,15.8,,,,
ABS:ERP_COMP_Q(1.0.0),1,2,Q,1995-Q2,15.7,,,,
ABS:ERP_COMP_Q(1.0.0),1,2,Q,1995-Q3,15.8,,,,
ABS:ERP_COMP_Q(1.0.0),1,2,Q,1995-Q4,15.3,,,,
ABS:ERP_COMP_Q(1.0.0),1,2,Q,1996-Q1,15.3,,,,
ABS:ERP_COMP_Q(1.0.0),1,2,Q,1996-Q2,14.9,,,,
ABS:ERP_COMP_Q(1.0.0),1,2,Q,1996-Q3,15.6,,,,
ABS:ERP_COMP_Q(1.0.0),1,2,Q,1996-Q4,15.7,,,,
ABS:ERP_COMP_Q(1.0.0),1,2,Q,1997-Q1,14.9,,,,
ABS:ERP_COMP_Q(1.0.0),1,2,Q,1997-Q2,15,,,,
ABS:ERP_COMP_Q(1.0.0),1,2,Q,1997-Q3,15.4,,,,
ABS:ERP_COMP_Q(1.0.0),1,2,Q,1997-Q4,15.3,,,,
ABS:ERP_COMP_Q(1.0.0),1,2,Q,1998-Q1,14.6,,,,
ABS:ERP_COMP_Q(1.0.0),1,2,Q,1998-Q2,14.9,,,,
ABS:ERP_COMP_Q(1.0.0),1,2,Q,1998-Q3,15.2,,,,
ABS:ERP_COMP_Q(1.0.0),1,2,Q,1998-Q4,14.6,,,,
ABS:ERP_COMP_Q(1.0.0),1,2,Q,1999-Q1,14.9,,,,
ABS:ERP_COMP_Q(1.0.0),1,2,Q,1999-Q2,14.6,,,,
ABS:ERP_COMP_Q(1.0.0),1,2,Q,1999-Q3,15.7,,,,
ABS:ERP_COMP_Q(1.0.0),1,2,Q,1999-Q4,14.9,,,,
ABS:ERP_COMP_Q(1.0.0),1,2,Q,2000-Q1,14.6,,,,
ABS:ERP_COMP_Q(1.0.0),1,2,Q,2000-Q2,14.5,,,,
ABS:ERP_COMP_Q(1.0.0),1,2,Q,2000-Q3,15.1,,,,
ABS:ERP_COMP_Q(1.0.0),1,2,Q,2000-Q4,14.7,,,,
ABS:ERP_COMP_Q(1.0.0),1,2,Q,2001-Q1,14.3,,,,
ABS:ERP_COMP_Q(1.0.0),1,2,Q,2001-Q2,14.6,,,,
ABS:ERP_COMP_Q(1.0.0),1,2,Q,2001-Q3,15.6,,,,
ABS:ERP_COMP_Q(1.0.0),1,2,Q,2001-Q4,14.9,,,,
ABS:ERP_COMP_Q(1.0.0),1,2,Q,2002-Q1,14.9,,,,
ABS:ERP_COMP_Q(1.0.0),1,2,Q,2002-Q2,15,,,,
ABS:ERP_COMP_Q(1.0.0),1,2,Q,2002-Q3,15.7,,,,
ABS:ERP_COMP_Q(1.0.0),1,2,Q,2002-Q4,15.2,,,,
ABS:ERP_COMP_Q(1.0.0),1,2,Q,2003-Q1,14.6,,,,
ABS:ERP_COMP_Q(1.0.0),1,2,Q,2003-Q2,14.7,,,,
ABS:ERP_COMP_Q(1.0.0),1,2,Q,2003-Q3,15.8,,,,
ABS:ERP_COMP_Q(1.0.0),1,2,Q,2003-Q4,15.4,,,,
ABS:ERP_COMP_Q(1.0.0),1,2,Q,2004-Q1,15.4,,,,
ABS:ERP_COMP_Q(1.0.0),1,2,Q,2004-Q2,14.8,,,,
ABS:ERP_COMP_Q(1.0.0),1,2,Q,2004-Q3,15.9,,,,
ABS:ERP_COMP_Q(1.0.0),1,2,Q,2004-Q4,15.3,,,,
ABS:ERP_COMP_Q(1.0.0),1,2,Q,2005-Q1,15.3,,,,
ABS:ERP_COMP_Q(1.0.0),1,2,Q,2005-Q2,15.8,,,,
ABS:ERP_COMP_Q(1.0.0),1,2,Q,2005-Q3,16,,,,
ABS:ERP_COMP_Q(1.0.0),1,2,Q,2005-Q4,16,,,,
ABS:ERP_COMP_Q(1.0.0),1,2,Q,2006-Q1,15.9,,,,
ABS:ERP_COMP_Q(1.0.0),1,2,Q,2006-Q2,15.8,,,,
ABS:ERP_COMP_Q(1.0.0),1,2,Q,2006-Q3,17.6,,,,
ABS:ERP_COMP_Q(1.0.0),1,2,Q,2006-Q4,17.1,,,,
ABS:ERP_COMP_Q(1.0.0),1,2,Q,2007-Q1,17.3,,,,
ABS:ERP_COMP_Q(1.0.0),1,2,Q,2007-Q2,17,,,,
ABS:ERP_COMP_Q(1.0.0),1,2,Q,2007-Q3,18.2,,,,
ABS:ERP_COMP_Q(1.0.0),1,2,Q,2007-Q4,17.7,,,,
ABS:ERP_COMP_Q(1.0.0),1,2,Q,2008-Q1,17.6,,,,
ABS:ERP_COMP_Q(1.0.0),1,2,Q,2008-Q2,17,,,,
ABS:ERP_COMP_Q(1.0.0),1,2,Q,2008-Q3,18.3,,,,
ABS:ERP_COMP_Q(1.0.0),1,2,Q,2008-Q4,17.8,,,,
ABS:ERP_COMP_Q(1.0.0),1,2,Q,2009-Q1,17.4,,,,
ABS:ERP_COMP_Q(1.0.0),1,2,Q,2009-Q2,17.7,,,,
ABS:ERP_COMP_Q(1.0.0),1,2,Q,2009-Q3,18.3,,,,
ABS:ERP_COMP_Q(1.0.0),1,2,Q,2009-Q4,18.5,,,,
ABS:ERP_COMP_Q(1.0.0),1,2,Q,2010-Q1,18,,,,
ABS:ERP_COMP_Q(1.0.0),1,2,Q,2010-Q2,17.9,,,,
ABS:ERP_COMP_Q(1.0.0),1,2,Q,2010-Q3,18.4,,,,
ABS:ERP_COMP_Q(1.0.0),1,2,Q,2010-Q4,17.7,,,,
ABS:ERP_COMP_Q(1.0.0),1,2,Q,2011-Q1,17.8,,,,
ABS:ERP_COMP_Q(1.0.0),1,2,Q,2011-Q2,17.7,,,,
ABS:ERP_COMP_Q(1.0.0),1,2,Q,2011-Q3,18.7,,,,
ABS:ERP_COMP_Q(1.0.0),1,2,Q,2011-Q4,18.6,,,,
ABS:ERP_COMP_Q(1.0.0),1,2,Q,2012-Q1,18.9,,,,
ABS:ERP_COMP_Q(1.0.0),1,2,Q,2012-Q2,18.8,,,,
ABS:ERP_COMP_Q(1.0.0),1,2,Q,2012-Q3,19.2,,,,
ABS:ERP_COMP_Q(1.0.0),1,2,Q,2012-Q4,19.5,,,,
ABS:ERP_COMP_Q(1.0.0),1,2,Q,2013-Q1,19,,,,
ABS:ERP_COMP_Q(1.0.0),1,2,Q,2013-Q2,18.9,,,,
ABS:ERP_COMP_Q(1.0.0),1,2,Q,2013-Q3,19.2,,,,
ABS:ERP_COMP_Q(1.0.0),1,2,Q,2013-Q4,19.1,,,,
ABS:ERP_COMP_Q(1.0.0),1,2,Q,2014-Q1,19.3,,,,
ABS:ERP_COMP_Q(1.0.0),1,2,Q,2014-Q2,18.9,,,,
ABS:ERP_COMP_Q(1.0.0),1,2,Q,2014-Q3,19.8,,,,
ABS:ERP_COMP_Q(1.0.0),1,2,Q,2014-Q4,19.5,,,,
ABS:ERP_COMP_Q(1.0.0),1,2,Q,2015-Q1,18.9,,,,
ABS:ERP_COMP_Q(1.0.0),1,2,Q,2015-Q2,18.5,,,,
ABS:ERP_COMP_Q(1.0.0),1,2,Q,2015-Q3,19.9,,,,
ABS:ERP_COMP_Q(1.0.0),1,2,Q,2015-Q4,19.7,,,,
ABS:ERP_COMP_Q(1.0.0),1,2,Q,2016-Q1,19.8,,,,
ABS:ERP_COMP_Q(1.0.0),1,2,Q,2016-Q2,19.5,,,,
ABS:ERP_COMP_Q(1.0.0),1,2,Q,2016-Q3,20,,,,
ABS:ERP_COMP_Q(1.0.0),1,2,Q,2016-Q4,19.5,,,,
ABS:ERP_COMP_Q(1.0.0),1,2,Q,2017-Q1,19.6,,,,
ABS:ERP_COMP_Q(1.0.0),1,2,Q,2017-Q2,19.2,,,,
ABS:ERP_COMP_Q(1.0.0),1,2,Q,2017-Q3,19.9,,,,
ABS:ERP_COMP_Q(1.0.0),1,2,Q,2017-Q4,19.8,,,,
ABS:ERP_COMP_Q(1.0.0),1,2,Q,2018-Q1,19.4,,,,
ABS:ERP_COMP_Q(1.0.0),1,2,Q,2018-Q2,19.1,,,,
ABS:ERP_COMP_Q(1.0.0),1,2,Q,2018-Q3,19.4,,,,
ABS:ERP_COMP_Q(1.0.0),1,2,Q,2018-Q4,19.6,,,,
ABS:ERP_COMP_Q(1.0.0),1,2,Q,2019-Q1,19.7,,,,
ABS:ERP_COMP_Q(1.0.0),1,2,Q,2019-Q2,19.2,,,,
ABS:ERP_COMP_Q(1.0.0),1,2,Q,2019-Q3,19.3,,,,
ABS:ERP_COMP_Q(1.0.0),1,2,Q,2019-Q4,18.9,,,,
ABS:ERP_COMP_Q(1.0.0),1,2,Q,2020-Q1,18.9,,,,
ABS:ERP_COMP_Q(1.0.0),1,2,Q,2020-Q2,18.3,,,,
ABS:ERP_COMP_Q(1.0.0),1,2,Q,2020-Q3,18.8,,,,
ABS:ERP_COMP_Q(1.0.0),1,2,Q,2020-Q4,18.3,,,,
ABS:ERP_COMP_Q(1.0.0),1,2,Q,2021-Q1,20.1,,,,
ABS:ERP_COMP_Q(1.0.0),1,2,Q,2021-Q2,19.7,,,,
ABS:ERP_COMP_Q(1.0.0),1,2,Q,2021-Q3,19.7,,,,
ABS:ERP_COMP_Q(1.0.0),1,2,Q,2021-Q4,19.6,,,,
ABS:ERP_COMP_Q(1.0.0),1,2,Q,2022-Q1,19.2,,,,
ABS:ERP_COMP_Q(1.0.0),1,2,Q,2022-Q2,19.2,,,,
ABS:ERP_COMP_Q(1.0.0),1,2,Q,2022-Q3,18.7,,,,
ABS:ERP_COMP_Q(1.0.0),1,2,Q,2022-Q4,18.7,,,,
ABS:ERP_COMP_Q(1.0.0),1,2,Q,2023-Q1,18.5,,,,
ABS:ERP_COMP_Q(1.0.0),1,2,Q,2023-Q2,18.4,,,,
ABS:ERP_COMP_Q(1.0.0),1,2,Q,2023-Q3,19,,,,
ABS:ERP_COMP_Q(1.0.0),1,2,Q,2023-Q4,18.8,,,,
ABS:ERP_COMP_Q(1.0.0),1,2,Q,2024-Q1,18.6,,,,
ABS:ERP_COMP_Q(1.0.0),1,2,Q,2024-Q2,19.1,,,,
ABS:ERP_COMP_Q(1.0.0),1,2,Q,2024-Q3,22.2,,,,
ABS:ERP_COMP_Q(1.0.0),1,2,Q,2024-Q4,17.5,,,,
ABS:ERP_COMP_Q(1.0.0),1,2,Q,2025-Q1,21.1,,,,
ABS:ERP_COMP_Q(1.0.0),1,2,Q,2025-Q2,21.4,,,,
ABS:ERP_COMP_Q(1.0.0),1,2,Q,2025-Q3,18.7,,,,
ABS:ERP_COMP_Q(1.0.0),1,2,Q,2025-Q4,18.4,,,,
ABS:ERP_COMP_Q(1.0.0),5,2,Q,1981-Q2,17.4,,,,
ABS:ERP_COMP_Q(1.0.0),5,2,Q,1981-Q3,17.3,,,,
ABS:ERP_COMP_Q(1.0.0),5,2,Q,1981-Q4,14.6,,,,
ABS:ERP_COMP_Q(1.0.0),5,2,Q,1982-Q1,15.5,,,,
ABS:ERP_COMP_Q(1.0.0),5,2,Q,1982-Q2,17.5,,,,
ABS:ERP_COMP_Q(1.0.0),5,2,Q,1982-Q3,13.8,,,,
ABS:ERP_COMP_Q(1.0.0),5,2,Q,1982-Q4,11.7,,,,
ABS:ERP_COMP_Q(1.0.0),5,2,Q,1983-Q1,11.9,,,,
ABS:ERP_COMP_Q(1.0.0),5,2,Q,1983-Q2,14.2,,,,
ABS:ERP_COMP_Q(1.0.0),5,2,Q,1983-Q3,12.7,,,,
ABS:ERP_COMP_Q(1.0.0),5,2,Q,1983-Q4,10.4,,,,
ABS:ERP_COMP_Q(1.0.0),5,2,Q,1984-Q1,12.4,,,,
ABS:ERP_COMP_Q(1.0.0),5,2,Q,1984-Q2,13,,,,
ABS:ERP_COMP_Q(1.0.0),5,2,Q,1984-Q3,12.8,,,,
ABS:ERP_COMP_Q(1.0.0),5,2,Q,1984-Q4,11.5,,,,
ABS:ERP_COMP_Q(1.0.0),5,2,Q,1985-Q1,14.1,,,,
ABS:ERP_COMP_Q(1.0.0),5,2,Q,1985-Q2,15,,,,
ABS:ERP_COMP_Q(1.0.0),5,2,Q,1985-Q3,15.6,,,,
ABS:ERP_COMP_Q(1.0.0),5,2,Q,1985-Q4,14.6,,,,
ABS:ERP_COMP_Q(1.0.0),5,2,Q,1986-Q1,16.7,,,,
ABS:ERP_COMP_Q(1.0.0),5,2,Q,1986-Q2,16.6,,,,
ABS:ERP_COMP_Q(1.0.0),5,2,Q,1986-Q3,15.2,,,,
ABS:ERP_COMP_Q(1.0.0),5,2,Q,1986-Q4,14.9,,,,
ABS:ERP_COMP_Q(1.0.0),5,2,Q,1987-Q1,19.8,,,,
ABS:ERP_COMP_Q(1.0.0),5,2,Q,1987-Q2,15.9,,,,
ABS:ERP_COMP_Q(1.0.0),5,2,Q,1987-Q3,17.1,,,,
ABS:ERP_COMP_Q(1.0.0),5,2,Q,1987-Q4,16.3,,,,
ABS:ERP_COMP_Q(1.0.0),5,2,Q,1988-Q1,22.8,,,,
ABS:ERP_COMP_Q(1.0.0),5,2,Q,1988-Q2,17.2,,,,
ABS:ERP_COMP_Q(1.0.0),5,2,Q,1988-Q3,17.2,,,,
ABS:ERP_COMP_Q(1.0.0),5,2,Q,1988-Q4,15.5,,,,
ABS:ERP_COMP_Q(1.0.0),5,2,Q,1989-Q1,23,,,,
ABS:ERP_COMP_Q(1.0.0),5,2,Q,1989-Q2,18.4,,,,
ABS:ERP_COMP_Q(1.0.0),5,2,Q,1989-Q3,16.8,,,,
ABS:ERP_COMP_Q(1.0.0),5,2,Q,1989-Q4,13.6,,,,
ABS:ERP_COMP_Q(1.0.0),5,2,Q,1990-Q1,20.8,,,,
ABS:ERP_COMP_Q(1.0.0),5,2,Q,1990-Q2,15.8,,,,
ABS:ERP_COMP_Q(1.0.0),5,2,Q,1990-Q3,15.1,,,,
ABS:ERP_COMP_Q(1.0.0),5,2,Q,1990-Q4,14.5,,,,
ABS:ERP_COMP_Q(1.0.0),5,2,Q,1991-Q1,20.9,,,,
ABS:ERP_COMP_Q(1.0.0),5,2,Q,1991-Q2,16.2,,,,
ABS:ERP_COMP_Q(1.0.0),5,2,Q,1991-Q3,15.8,,,,
ABS:ERP_COMP_Q(1.0.0),5,2,Q,1991-Q4,15.4,,,,
ABS:ERP_COMP_Q(1.0.0),5,2,Q,1992-Q1,22.8,,,,
ABS:ERP_COMP_Q(1.0.0),5,2,Q,1992-Q2,16.8,,,,
ABS:ERP_COMP_Q(1.0.0),5,2,Q,1992-Q3,20.2,,,,
ABS:ERP_COMP_Q(1.0.0),5,2,Q,1992-Q4,18.3,,,,
ABS:ERP_COMP_Q(1.0.0),5,2,Q,1993-Q1,25.4,,,,
ABS:ERP_COMP_Q(1.0.0),5,2,Q,1993-Q2,18.4,,,,
ABS:ERP_COMP_Q(1.0.0),5,2,Q,1993-Q3,18.9,,,,
ABS:ERP_COMP_Q(1.0.0),5,2,Q,1993-Q4,16.4,,,,
ABS:ERP_COMP_Q(1.0.0),5,2,Q,1994-Q1,23.3,,,,
ABS:ERP_COMP_Q(1.0.0),5,2,Q,1994-Q2,17.6,,,,
ABS:ERP_COMP_Q(1.0.0),5,2,Q,1994-Q3,18.2,,,,
ABS:ERP_COMP_Q(1.0.0),5,2,Q,1994-Q4,15.8,,,,
ABS:ERP_COMP_Q(1.0.0),5,2,Q,1995-Q1,22.8,,,,
ABS:ERP_COMP_Q(1.0.0),5,2,Q,1995-Q2,20.1,,,,
ABS:ERP_COMP_Q(1.0.0),5,2,Q,1995-Q3,16.4,,,,
ABS:ERP_COMP_Q(1.0.0),5,2,Q,1995-Q4,15.9,,,,
ABS:ERP_COMP_Q(1.0.0),5,2,Q,1996-Q1,20.1,,,,
ABS:ERP_COMP_Q(1.0.0),5,2,Q,1996-Q2,16.6,,,,
ABS:ERP_COMP_Q(1.0.0),5,2,Q,1996-Q3,17.2,,,,
ABS:ERP_COMP_Q(1.0.0),5,2,Q,1996-Q4,19.8,,,,
ABS:ERP_COMP_Q(1.0.0),5,2,Q,1997-Q1,17.6,,,,
ABS:ERP_COMP_Q(1.0.0),5,2,Q,1997-Q2,17.4,,,,
ABS:ERP_COMP_Q(1.0.0),5,2,Q,1997-Q3,15.5,,,,
ABS:ERP_COMP_Q(1.0.0),5,2,Q,1997-Q4,19.3,,,,
ABS:ERP_COMP_Q(1.0.0),5,2,Q,1998-Q1,16.5,,,,
ABS:ERP_COMP_Q(1.0.0),5,2,Q,1998-Q2,16.8,,,,
ABS:ERP_COMP_Q(1.0.0),5,2,Q,1998-Q3,14.8,,,,
ABS:ERP_COMP_Q(1.0.0),5,2,Q,1998-Q4,18,,,,
ABS:ERP_COMP_Q(1.0.0),5,2,Q,1999-Q1,16.1,,,,
ABS:ERP_COMP_Q(1.0.0),5,2,Q,1999-Q2,16,,,,
ABS:ERP_COMP_Q(1.0.0),5,2,Q,1999-Q3,14.7,,,,
ABS:ERP_COMP_Q(1.0.0),5,2,Q,1999-Q4,18.2,,,,
ABS:ERP_COMP_Q(1.0.0),5,2,Q,2000-Q1,16.3,,,,
ABS:ERP_COMP_Q(1.0.0),5,2,Q,2000-Q2,16.4,,,,
ABS:ERP_COMP_Q(1.0.0),5,2,Q,2000-Q3,15,,,,
ABS:ERP_COMP_Q(1.0.0),5,2,Q,2000-Q4,19.9,,,,
ABS:ERP_COMP_Q(1.0.0),5,2,Q,2001-Q1,16.4,,,,
ABS:ERP_COMP_Q(1.0.0),5,2,Q,2001-Q2,17.1,,,,
ABS:ERP_COMP_Q(1.0.0),5,2,Q,2001-Q3,15.6,,,,
ABS:ERP_COMP_Q(1.0.0),5,2,Q,2001-Q4,18.8,,,,
ABS:ERP_COMP_Q(1.0.0),5,2,Q,2002-Q1,17.3,,,,
ABS:ERP_COMP_Q(1.0.0),5,2,Q,2002-Q2,18.8,,,,
ABS:ERP_COMP_Q(1.0.0),5,2,Q,2002-Q3,17.2,,,,
ABS:ERP_COMP_Q(1.0.0),5,2,Q,2002-Q4,20.9,,,,
ABS:ERP_COMP_Q(1.0.0),5,2,Q,2003-Q1,17.6,,,,
ABS:ERP_COMP_Q(1.0.0),5,2,Q,2003-Q2,18.9,,,,
ABS:ERP_COMP_Q(1.0.0),5,2,Q,2003-Q3,17,,,,
ABS:ERP_COMP_Q(1.0.0),5,2,Q,2003-Q4,21.4,,,,
ABS:ERP_COMP_Q(1.0.0),5,2,Q,2004-Q1,18.3,,,,
ABS:ERP_COMP_Q(1.0.0),5,2,Q,2004-Q2,17.7,,,,
ABS:ERP_COMP_Q(1.0.0),5,2,Q,2004-Q3,15.2,,,,
ABS:ERP_COMP_Q(1.0.0),5,2,Q,2004-Q4,19.1,,,,
ABS:ERP_COMP_Q(1.0.0),5,2,Q,2005-Q1,17.3,,,,
ABS:ERP_COMP_Q(1.0.0),5,2,Q,2005-Q2,16.9,,,,
ABS:ERP_COMP_Q(1.0.0),5,2,Q,2005-Q3,14.8,,,,
ABS:ERP_COMP_Q(1.0.0),5,2,Q,2005-Q4,18.2,,,,
ABS:ERP_COMP_Q(1.0.0),5,2,Q,2006-Q1,15.7,,,,
ABS:ERP_COMP_Q(1.0.0),5,2,Q,2006-Q2,15.6,,,,
ABS:ERP_COMP_Q(1.0.0),5,2,Q,2006-Q3,14.5,,,,
ABS:ERP_COMP_Q(1.0.0),5,2,Q,2006-Q4,18.5,,,,
ABS:ERP_COMP_Q(1.0.0),5,2,Q,2007-Q1,17,,,,
ABS:ERP_COMP_Q(1.0.0),5,2,Q,2007-Q2,17.1,,,,
ABS:ERP_COMP_Q(1.0.0),5,2,Q,2007-Q3,15.4,,,,
ABS:ERP_COMP_Q(1.0.0),5,2,Q,2007-Q4,19.1,,,,
ABS:ERP_COMP_Q(1.0.0),5,2,Q,2008-Q1,16.8,,,,
ABS:ERP_COMP_Q(1.0.0),5,2,Q,2008-Q2,16.6,,,,
ABS:ERP_COMP_Q(1.0.0),5,2,Q,2008-Q3,14.9,,,,
ABS:ERP_COMP_Q(1.0.0),5,2,Q,2008-Q4,19.1,,,,
ABS:ERP_COMP_Q(1.0.0),5,2,Q,2009-Q1,16.1,,,,
ABS:ERP_COMP_Q(1.0.0),5,2,Q,2009-Q2,16.3,,,,
ABS:ERP_COMP_Q(1.0.0),5,2,Q,2009-Q3,13.9,,,,
ABS:ERP_COMP_Q(1.0.0),5,2,Q,2009-Q4,16.7,,,,
ABS:ERP_COMP_Q(1.0.0),5,2,Q,2010-Q1,14.6,,,,
ABS:ERP_COMP_Q(1.0.0),5,2,Q,2010-Q2,15.1,,,,
ABS:ERP_COMP_Q(1.0.0),5,2,Q,2010-Q3,14,,,,
ABS:ERP_COMP_Q(1.0.0),5,2,Q,2010-Q4,17.3,,,,
ABS:ERP_COMP_Q(1.0.0),5,2,Q,2011-Q1,15,,,,
ABS:ERP_COMP_Q(1.0.0),5,2,Q,2011-Q2,15.1,,,,
ABS:ERP_COMP_Q(1.0.0),5,2,Q,2011-Q3,15.1,,,,
ABS:ERP_COMP_Q(1.0.0),5,2,Q,2011-Q4,19.4,,,,
ABS:ERP_COMP_Q(1.0.0),5,2,Q,2012-Q1,16.4,,,,
ABS:ERP_COMP_Q(1.0.0),5,2,Q,2012-Q2,16.4,,,,
ABS:ERP_COMP_Q(1.0.0),5,2,Q,2012-Q3,14.6,,,,
ABS:ERP_COMP_Q(1.0.0),5,2,Q,2012-Q4,16.7,,,,
ABS:ERP_COMP_Q(1.0.0),5,2,Q,2013-Q1,16.9,,,,
ABS:ERP_COMP_Q(1.0.0),5,2,Q,2013-Q2,16.5,,,,
ABS:ERP_COMP_Q(1.0.0),5,2,Q,2013-Q3,14.4,,,,
ABS:ERP_COMP_Q(1.0.0),5,2,Q,2013-Q4,18.4,,,,
ABS:ERP_COMP_Q(1.0.0),5,2,Q,2014-Q1,17.3,,,,
ABS:ERP_COMP_Q(1.0.0),5,2,Q,2014-Q2,15.7,,,,
ABS:ERP_COMP_Q(1.0.0),5,2,Q,2014-Q3,13.7,,,,
ABS:ERP_COMP_Q(1.0.0),5,2,Q,2014-Q4,17,,,,
ABS:ERP_COMP_Q(1.0.0),5,2,Q,2015-Q1,15.6,,,,
ABS:ERP_COMP_Q(1.0.0),5,2,Q,2015-Q2,16.9,,,,
ABS:ERP_COMP_Q(1.0.0),5,2,Q,2015-Q3,14.2,,,,
ABS:ERP_COMP_Q(1.0.0),5,2,Q,2015-Q4,17.5,,,,
ABS:ERP_COMP_Q(1.0.0),5,2,Q,2016-Q1,16.9,,,,
ABS:ERP_COMP_Q(1.0.0),5,2,Q,2016-Q2,17.9,,,,
ABS:ERP_COMP_Q(1.0.0),5,2,Q,2016-Q3,17.2,,,,
ABS:ERP_COMP_Q(1.0.0),5,2,Q,2016-Q4,22.9,,,,
ABS:ERP_COMP_Q(1.0.0),5,2,Q,2017-Q1,19.8,,,,
ABS:ERP_COMP_Q(1.0.0),5,2,Q,2017-Q2,21.2,,,,
ABS:ERP_COMP_Q(1.0.0),5,2,Q,2017-Q3,19.2,,,,
ABS:ERP_COMP_Q(1.0.0),5,2,Q,2017-Q4,24.4,,,,
ABS:ERP_COMP_Q(1.0.0),5,2,Q,2018-Q1,21.7,,,,
ABS:ERP_COMP_Q(1.0.0),5,2,Q,2018-Q2,22.8,,,,
ABS:ERP_COMP_Q(1.0.0),5,2,Q,2018-Q3,20.1,,,,
ABS:ERP_COMP_Q(1.0.0),5,2,Q,2018-Q4,26.1,,,,
ABS:ERP_COMP_Q(1.0.0),5,2,Q,2019-Q1,23.1,,,,
ABS:ERP_COMP_Q(1.0.0),5,2,Q,2019-Q2,24.4,,,,
ABS:ERP_COMP_Q(1.0.0),5,2,Q,2019-Q3,21.4,,,,
ABS:ERP_COMP_Q(1.0.0),5,2,Q,2019-Q4,26,,,,
ABS:ERP_COMP_Q(1.0.0),5,2,Q,2020-Q1,18.9,,,,
ABS:ERP_COMP_Q(1.0.0),5,2,Q,2020-Q2,20.1,,,,
ABS:ERP_COMP_Q(1.0.0),5,2,Q,2020-Q3,16.4,,,,
ABS:ERP_COMP_Q(1.0.0),5,2,Q,2020-Q4,23.6,,,,
ABS:ERP_COMP_Q(1.0.0),5,2,Q,2021-Q1,22.5,,,,
ABS:ERP_COMP_Q(1.0.0),5,2,Q,2021-Q2,30.5,,,,
ABS:ERP_COMP_Q(1.0.0),5,2,Q,2021-Q3,24.1,,,,
ABS:ERP_COMP_Q(1.0.0),5,2,Q,2021-Q4,28.1,,,,
ABS:ERP_COMP_Q(1.0.0),5,2,Q,2022-Q1,24.4,,,,
ABS:ERP_COMP_Q(1.0.0),5,2,Q,2022-Q2,23.7,,,,
ABS:ERP_COMP_Q(1.0.0),5,2,Q,2022-Q3,16.8,,,,
ABS:ERP_COMP_Q(1.0.0),5,2,Q,2022-Q4,23.5,,,,
ABS:ERP_COMP_Q(1.0.0),5,2,Q,2023-Q1,20,,,,
ABS:ERP_COMP_Q(1.0.0),5,2,Q,2023-Q2,19.7,,,,
ABS:ERP_COMP_Q(1.0.0),5,2,Q,2023-Q3,18.1,,,,
ABS:ERP_COMP_Q(1.0.0),5,2,Q,2023-Q4,21.7,,,,
ABS:ERP_COMP_Q(1.0.0),5,2,Q,2024-Q1,19.6,,,,
ABS:ERP_COMP_Q(1.0.0),5,2,Q,2024-Q2,19.6,,,,
ABS:ERP_COMP_Q(1.0.0),5,2,Q,2024-Q3,18,,,,
ABS:ERP_COMP_Q(1.0.0),5,2,Q,2024-Q4,22.2,,,,
ABS:ERP_COMP_Q(1.0.0),5,2,Q,2025-Q1,19.1,,,,
ABS:ERP_COMP_Q(1.0.0),5,2,Q,2025-Q2,18.6,,,,
ABS:ERP_COMP_Q(1.0.0),5,2,Q,2025-Q3,16.2,,,,
ABS:ERP_COMP_Q(1.0.0),5,2,Q,2025-Q4,20.5,,,,
ABS:ERP_COMP_Q(1.0.0),5,3,Q,1981-Q2,13.3,,,,
ABS:ERP_COMP_Q(1.0.0),5,3,Q,1981-Q3,10.9,,,,
ABS:ERP_COMP_Q(1.0.0),5,3,Q,1981-Q4,10.4,,,,
ABS:ERP_COMP_Q(1.0.0),5,3,Q,1982-Q1,12.4,,,,
ABS:ERP_COMP_Q(1.0.0),5,3,Q,1982-Q2,15.1,,,,
ABS:ERP_COMP_Q(1.0.0),5,3,Q,1982-Q3,11.6,,,,
ABS:ERP_COMP_Q(1.0.0),5,3,Q,1982-Q4,10.8,,,,
ABS:ERP_COMP_Q(1.0.0),5,3,Q,1983-Q1,11.2,,,,
ABS:ERP_COMP_Q(1.0.0),5,3,Q,1983-Q2,14.3,,,,
ABS:ERP_COMP_Q(1.0.0),5,3,Q,1983-Q3,12.6,,,,
ABS:ERP_COMP_Q(1.0.0),5,3,Q,1983-Q4,10,,,,
ABS:ERP_COMP_Q(1.0.0),5,3,Q,1984-Q1,12.5,,,,
ABS:ERP_COMP_Q(1.0.0),5,3,Q,1984-Q2,13.7,,,,
ABS:ERP_COMP_Q(1.0.0),5,3,Q,1984-Q3,12.3,,,,
ABS:ERP_COMP_Q(1.0.0),5,3,Q,1984-Q4,11.5,,,,
ABS:ERP_COMP_Q(1.0.0),5,3,Q,1985-Q1,13.3,,,,
ABS:ERP_COMP_Q(1.0.0),5,3,Q,1985-Q2,15.4,,,,
ABS:ERP_COMP_Q(1.0.0),5,3,Q,1985-Q3,13.8,,,,
ABS:ERP_COMP_Q(1.0.0),5,3,Q,1985-Q4,12.2,,,,
ABS:ERP_COMP_Q(1.0.0),5,3,Q,1986-Q1,14.4,,,,
ABS:ERP_COMP_Q(1.0.0),5,3,Q,1986-Q2,15.1,,,,
ABS:ERP_COMP_Q(1.0.0),5,3,Q,1986-Q3,14.1,,,,
ABS:ERP_COMP_Q(1.0.0),5,3,Q,1986-Q4,12.1,,,,
ABS:ERP_COMP_Q(1.0.0),5,3,Q,1987-Q1,17.9,,,,
ABS:ERP_COMP_Q(1.0.0),5,3,Q,1987-Q2,14.6,,,,
ABS:ERP_COMP_Q(1.0.0),5,3,Q,1987-Q3,15.2,,,,
ABS:ERP_COMP_Q(1.0.0),5,3,Q,1987-Q4,13.8,,,,
ABS:ERP_COMP_Q(1.0.0),5,3,Q,1988-Q1,18.7,,,,
ABS:ERP_COMP_Q(1.0.0),5,3,Q,1988-Q2,16.4,,,,
ABS:ERP_COMP_Q(1.0.0),5,3,Q,1988-Q3,15.3,,,,
ABS:ERP_COMP_Q(1.0.0),5,3,Q,1988-Q4,14.1,,,,
ABS:ERP_COMP_Q(1.0.0),5,3,Q,1989-Q1,19.3,,,,
ABS:ERP_COMP_Q(1.0.0),5,3,Q,1989-Q2,16.9,,,,
ABS:ERP_COMP_Q(1.0.0),5,3,Q,1989-Q3,15.7,,,,
ABS:ERP_COMP_Q(1.0.0),5,3,Q,1989-Q4,13.3,,,,
ABS:ERP_COMP_Q(1.0.0),5,3,Q,1990-Q1,20.5,,,,
ABS:ERP_COMP_Q(1.0.0),5,3,Q,1990-Q2,17.2,,,,
ABS:ERP_COMP_Q(1.0.0),5,3,Q,1990-Q3,16.3,,,,
ABS:ERP_COMP_Q(1.0.0),5,3,Q,1990-Q4,13.6,,,,
ABS:ERP_COMP_Q(1.0.0),5,3,Q,1991-Q1,20,,,,
ABS:ERP_COMP_Q(1.0.0),5,3,Q,1991-Q2,16.7,,,,
ABS:ERP_COMP_Q(1.0.0),5,3,Q,1991-Q3,14.3,,,,
ABS:ERP_COMP_Q(1.0.0),5,3,Q,1991-Q4,13.7,,,,
ABS:ERP_COMP_Q(1.0.0),5,3,Q,1992-Q1,20.5,,,,
ABS:ERP_COMP_Q(1.0.0),5,3,Q,1992-Q2,15.8,,,,
ABS:ERP_COMP_Q(1.0.0),5,3,Q,1992-Q3,18.1,,,,
ABS:ERP_COMP_Q(1.0.0),5,3,Q,1992-Q4,16.9,,,,
ABS:ERP_COMP_Q(1.0.0),5,3,Q,1993-Q1,20.4,,,,
ABS:ERP_COMP_Q(1.0.0),5,3,Q,1993-Q2,14.5,,,,
ABS:ERP_COMP_Q(1.0.0),5,3,Q,1993-Q3,14,,,,
ABS:ERP_COMP_Q(1.0.0),5,3,Q,1993-Q4,12.9,,,,
ABS:ERP_COMP_Q(1.0.0),5,3,Q,1994-Q1,19.2,,,,
ABS:ERP_COMP_Q(1.0.0),5,3,Q,1994-Q2,16,,,,
ABS:ERP_COMP_Q(1.0.0),5,3,Q,1994-Q3,16.3,,,,
ABS:ERP_COMP_Q(1.0.0),5,3,Q,1994-Q4,14.2,,,,
ABS:ERP_COMP_Q(1.0.0),5,3,Q,1995-Q1,21.9,,,,
ABS:ERP_COMP_Q(1.0.0),5,3,Q,1995-Q2,19.6,,,,
ABS:ERP_COMP_Q(1.0.0),5,3,Q,1995-Q3,15.4,,,,
ABS:ERP_COMP_Q(1.0.0),5,3,Q,1995-Q4,16.3,,,,
ABS:ERP_COMP_Q(1.0.0),5,3,Q,1996-Q1,22.7,,,,
ABS:ERP_COMP_Q(1.0.0),5,3,Q,1996-Q2,18.8,,,,
ABS:ERP_COMP_Q(1.0.0),5,3,Q,1996-Q3,18.8,,,,
ABS:ERP_COMP_Q(1.0.0),5,3,Q,1996-Q4,22.2,,,,
ABS:ERP_COMP_Q(1.0.0),5,3,Q,1997-Q1,20.3,,,,
ABS:ERP_COMP_Q(1.0.0),5,3,Q,1997-Q2,19.3,,,,
ABS:ERP_COMP_Q(1.0.0),5,3,Q,1997-Q3,17.4,,,,
ABS:ERP_COMP_Q(1.0.0),5,3,Q,1997-Q4,22.1,,,,
ABS:ERP_COMP_Q(1.0.0),5,3,Q,1998-Q1,19.5,,,,
ABS:ERP_COMP_Q(1.0.0),5,3,Q,1998-Q2,19.1,,,,
ABS:ERP_COMP_Q(1.0.0),5,3,Q,1998-Q3,17.3,,,,
ABS:ERP_COMP_Q(1.0.0),5,3,Q,1998-Q4,22.1,,,,
ABS:ERP_COMP_Q(1.0.0),5,3,Q,1999-Q1,18.8,,,,
ABS:ERP_COMP_Q(1.0.0),5,3,Q,1999-Q2,18.8,,,,
ABS:ERP_COMP_Q(1.0.0),5,3,Q,1999-Q3,17.3,,,,
ABS:ERP_COMP_Q(1.0.0),5,3,Q,1999-Q4,22.2,,,,
ABS:ERP_COMP_Q(1.0.0),5,3,Q,2000-Q1,19.1,,,,
ABS:ERP_COMP_Q(1.0.0),5,3,Q,2000-Q2,19.4,,,,
ABS:ERP_COMP_Q(1.0.0),5,3,Q,2000-Q3,18,,,,
ABS:ERP_COMP_Q(1.0.0),5,3,Q,2000-Q4,23.5,,,,
ABS:ERP_COMP_Q(1.0.0),5,3,Q,2001-Q1,19.9,,,,
ABS:ERP_COMP_Q(1.0.0),5,3,Q,2001-Q2,19.9,,,,
ABS:ERP_COMP_Q(1.0.0),5,3,Q,2001-Q3,18.3,,,,
ABS:ERP_COMP_Q(1.0.0),5,3,Q,2001-Q4,21.3,,,,
ABS:ERP_COMP_Q(1.0.0),5,3,Q,2002-Q1,20.7,,,,
ABS:ERP_COMP_Q(1.0.0),5,3,Q,2002-Q2,19.3,,,,
ABS:ERP_COMP_Q(1.0.0),5,3,Q,2002-Q3,18.5,,,,
ABS:ERP_COMP_Q(1.0.0),5,3,Q,2002-Q4,22.9,,,,
ABS:ERP_COMP_Q(1.0.0),5,3,Q,2003-Q1,20.2,,,,
ABS:ERP_COMP_Q(1.0.0),5,3,Q,2003-Q2,19.9,,,,
ABS:ERP_COMP_Q(1.0.0),5,3,Q,2003-Q3,18.5,,,,
ABS:ERP_COMP_Q(1.0.0),5,3,Q,2003-Q4,21.8,,,,
ABS:ERP_COMP_Q(1.0.0),5,3,Q,2004-Q1,20.5,,,,
ABS:ERP_COMP_Q(1.0.0),5,3,Q,2004-Q2,18.6,,,,
ABS:ERP_COMP_Q(1.0.0),5,3,Q,2004-Q3,17.2,,,,
ABS:ERP_COMP_Q(1.0.0),5,3,Q,2004-Q4,20.9,,,,
ABS:ERP_COMP_Q(1.0.0),5,3,Q,2005-Q1,18.5,,,,
ABS:ERP_COMP_Q(1.0.0),5,3,Q,2005-Q2,18,,,,
ABS:ERP_COMP_Q(1.0.0),5,3,Q,2005-Q3,16.2,,,,
ABS:ERP_COMP_Q(1.0.0),5,3,Q,2005-Q4,20.4,,,,
ABS:ERP_COMP_Q(1.0.0),5,3,Q,2006-Q1,18.3,,,,
ABS:ERP_COMP_Q(1.0.0),5,3,Q,2006-Q2,17.2,,,,
ABS:ERP_COMP_Q(1.0.0),5,3,Q,2006-Q3,16.9,,,,
ABS:ERP_COMP_Q(1.0.0),5,3,Q,2006-Q4,20.9,,,,
ABS:ERP_COMP_Q(1.0.0),5,3,Q,2007-Q1,19.4,,,,
ABS:ERP_COMP_Q(1.0.0),5,3,Q,2007-Q2,19.8,,,,
ABS:ERP_COMP_Q(1.0.0),5,3,Q,2007-Q3,18,,,,
ABS:ERP_COMP_Q(1.0.0),5,3,Q,2007-Q4,21.5,,,,
ABS:ERP_COMP_Q(1.0.0),5,3,Q,2008-Q1,20.5,,,,
ABS:ERP_COMP_Q(1.0.0),5,3,Q,2008-Q2,19.2,,,,
ABS:ERP_COMP_Q(1.0.0),5,3,Q,2008-Q3,17.7,,,,
ABS:ERP_COMP_Q(1.0.0),5,3,Q,2008-Q4,23.4,,,,
ABS:ERP_COMP_Q(1.0.0),5,3,Q,2009-Q1,20.3,,,,
ABS:ERP_COMP_Q(1.0.0),5,3,Q,2009-Q2,20.2,,,,
ABS:ERP_COMP_Q(1.0.0),5,3,Q,2009-Q3,17.9,,,,
ABS:ERP_COMP_Q(1.0.0),5,3,Q,2009-Q4,21.6,,,,
ABS:ERP_COMP_Q(1.0.0),5,3,Q,2010-Q1,19.8,,,,
ABS:ERP_COMP_Q(1.0.0),5,3,Q,2010-Q2,19.3,,,,
ABS:ERP_COMP_Q(1.0.0),5,3,Q,2010-Q3,17.7,,,,
ABS:ERP_COMP_Q(1.0.0),5,3,Q,2010-Q4,22.1,,,,
ABS:ERP_COMP_Q(1.0.0),5,3,Q,2011-Q1,19.7,,,,
ABS:ERP_COMP_Q(1.0.0),5,3,Q,2011-Q2,19.1,,,,
ABS:ERP_COMP_Q(1.0.0),5,3,Q,2011-Q3,18.1,,,,
ABS:ERP_COMP_Q(1.0.0),5,3,Q,2011-Q4,23.1,,,,
ABS:ERP_COMP_Q(1.0.0),5,3,Q,2012-Q1,19.9,,,,
ABS:ERP_COMP_Q(1.0.0),5,3,Q,2012-Q2,19.1,,,,
ABS:ERP_COMP_Q(1.0.0),5,3,Q,2012-Q3,17,,,,
ABS:ERP_COMP_Q(1.0.0),5,3,Q,2012-Q4,20.1,,,,
ABS:ERP_COMP_Q(1.0.0),5,3,Q,2013-Q1,20.8,,,,
ABS:ERP_COMP_Q(1.0.0),5,3,Q,2013-Q2,20.8,,,,
ABS:ERP_COMP_Q(1.0.0),5,3,Q,2013-Q3,18.4,,,,
ABS:ERP_COMP_Q(1.0.0),5,3,Q,2013-Q4,23.3,,,,
ABS:ERP_COMP_Q(1.0.0),5,3,Q,2014-Q1,22,,,,
ABS:ERP_COMP_Q(1.0.0),5,3,Q,2014-Q2,19.4,,,,
ABS:ERP_COMP_Q(1.0.0),5,3,Q,2014-Q3,16.3,,,,
ABS:ERP_COMP_Q(1.0.0),5,3,Q,2014-Q4,21.5,,,,
ABS:ERP_COMP_Q(1.0.0),5,3,Q,2015-Q1,20.2,,,,
ABS:ERP_COMP_Q(1.0.0),5,3,Q,2015-Q2,20.6,,,,
ABS:ERP_COMP_Q(1.0.0),5,3,Q,2015-Q3,17.5,,,,
ABS:ERP_COMP_Q(1.0.0),5,3,Q,2015-Q4,21.9,,,,
ABS:ERP_COMP_Q(1.0.0),5,3,Q,2016-Q1,20.7,,,,
ABS:ERP_COMP_Q(1.0.0),5,3,Q,2016-Q2,22,,,,
ABS:ERP_COMP_Q(1.0.0),5,3,Q,2016-Q3,20.5,,,,
ABS:ERP_COMP_Q(1.0.0),5,3,Q,2016-Q4,27.5,,,,
ABS:ERP_COMP_Q(1.0.0),5,3,Q,2017-Q1,24.1,,,,
ABS:ERP_COMP_Q(1.0.0),5,3,Q,2017-Q2,24,,,,
ABS:ERP_COMP_Q(1.0.0),5,3,Q,2017-Q3,21.5,,,,
ABS:ERP_COMP_Q(1.0.0),5,3,Q,2017-Q4,27.4,,,,
ABS:ERP_COMP_Q(1.0.0),5,3,Q,2018-Q1,24.5,,,,
ABS:ERP_COMP_Q(1.0.0),5,3,Q,2018-Q2,24.7,,,,
ABS:ERP_COMP_Q(1.0.0),5,3,Q,2018-Q3,22,,,,
ABS:ERP_COMP_Q(1.0.0),5,3,Q,2018-Q4,29.5,,,,
ABS:ERP_COMP_Q(1.0.0),5,3,Q,2019-Q1,26.4,,,,
ABS:ERP_COMP_Q(1.0.0),5,3,Q,2019-Q2,26.4,,,,
ABS:ERP_COMP_Q(1.0.0),5,3,Q,2019-Q3,22.8,,,,
ABS:ERP_COMP_Q(1.0.0),5,3,Q,2019-Q4,29.2,,,,
ABS:ERP_COMP_Q(1.0.0),5,3,Q,2020-Q1,19.8,,,,
ABS:ERP_COMP_Q(1.0.0),5,3,Q,2020-Q2,19,,,,
ABS:ERP_COMP_Q(1.0.0),5,3,Q,2020-Q3,11.3,,,,
ABS:ERP_COMP_Q(1.0.0),5,3,Q,2020-Q4,15.7,,,,
ABS:ERP_COMP_Q(1.0.0),5,3,Q,2021-Q1,15.6,,,,
ABS:ERP_COMP_Q(1.0.0),5,3,Q,2021-Q2,23.8,,,,
ABS:ERP_COMP_Q(1.0.0),5,3,Q,2021-Q3,20.9,,,,
ABS:ERP_COMP_Q(1.0.0),5,3,Q,2021-Q4,22.4,,,,
ABS:ERP_COMP_Q(1.0.0),5,3,Q,2022-Q1,20.2,,,,
ABS:ERP_COMP_Q(1.0.0),5,3,Q,2022-Q2,20.4,,,,
ABS:ERP_COMP_Q(1.0.0),5,3,Q,2022-Q3,15.9,,,,
ABS:ERP_COMP_Q(1.0.0),5,3,Q,2022-Q4,23.1,,,,
ABS:ERP_COMP_Q(1.0.0),5,3,Q,2023-Q1,20.3,,,,
ABS:ERP_COMP_Q(1.0.0),5,3,Q,2023-Q2,19.6,,,,
ABS:ERP_COMP_Q(1.0.0),5,3,Q,2023-Q3,18.1,,,,
ABS:ERP_COMP_Q(1.0.0),5,3,Q,2023-Q4,21.9,,,,
ABS:ERP_COMP_Q(1.0.0),5,3,Q,2024-Q1,21,,,,
ABS:ERP_COMP_Q(1.0.0),5,3,Q,2024-Q2,20.3,,,,
ABS:ERP_COMP_Q(1.0.0),5,3,Q,2024-Q3,18.1,,,,
ABS:ERP_COMP_Q(1.0.0),5,3,Q,2024-Q4,22.4,,,,
ABS:ERP_COMP_Q(1.0.0),5,3,Q,2025-Q1,20.6,,,,
ABS:ERP_COMP_Q(1.0.0),5,3,Q,2025-Q2,19.9,,,,
ABS:ERP_COMP_Q(1.0.0),5,3,Q,2025-Q3,17.9,,,,
ABS:ERP_COMP_Q(1.0.0),5,3,Q,2025-Q4,22.4,,,,
ABS:ERP_COMP_Q(1.0.0),8,7,Q,1981-Q2,0.3,,,,
ABS:ERP_COMP_Q(1.0.0),8,7,Q,1981-Q3,0.3,,,,
ABS:ERP_COMP_Q(1.0.0),8,7,Q,1981-Q4,0.3,,,,
ABS:ERP_COMP_Q(1.0.0),8,7,Q,1982-Q1,0.2,,,,
ABS:ERP_COMP_Q(1.0.0),8,7,Q,1982-Q2,0.2,,,,
ABS:ERP_COMP_Q(1.0.0),8,7,Q,1982-Q3,0.3,,,,
ABS:ERP_COMP_Q(1.0.0),8,7,Q,1982-Q4,0.3,,,,
ABS:ERP_COMP_Q(1.0.0),8,7,Q,1983-Q1,0.2,,,,
ABS:ERP_COMP_Q(1.0.0),8,7,Q,1983-Q2,0.3,,,,
ABS:ERP_COMP_Q(1.0.0),8,7,Q,1983-Q3,0.3,,,,
ABS:ERP_COMP_Q(1.0.0),8,7,Q,1983-Q4,0.3,,,,
ABS:ERP_COMP_Q(1.0.0),8,7,Q,1984-Q1,0.3,,,,
ABS:ERP_COMP_Q(1.0.0),8,7,Q,1984-Q2,0.2,,,,
ABS:ERP_COMP_Q(1.0.0),8,7,Q,1984-Q3,0.3,,,,
ABS:ERP_COMP_Q(1.0.0),8,7,Q,1984-Q4,0.3,,,,
ABS:ERP_COMP_Q(1.0.0),8,7,Q,1985-Q1,0.2,,,,
ABS:ERP_COMP_Q(1.0.0),8,7,Q,1985-Q2,0.3,,,,
ABS:ERP_COMP_Q(1.0.0),8,7,Q,1985-Q3,0.3,,,,
ABS:ERP_COMP_Q(1.0.0),8,7,Q,1985-Q4,0.3,,,,
ABS:ERP_COMP_Q(1.0.0),8,7,Q,1986-Q1,0.3,,,,
ABS:ERP_COMP_Q(1.0.0),8,7,Q,1986-Q2,0.2,,,,
ABS:ERP_COMP_Q(1.0.0),8,7,Q,1986-Q3,0.3,,,,
ABS:ERP_COMP_Q(1.0.0),8,7,Q,1986-Q4,0.3,,,,
ABS:ERP_COMP_Q(1.0.0),8,7,Q,1987-Q1,0.3,,,,
ABS:ERP_COMP_Q(1.0.0),8,7,Q,1987-Q2,0.3,,,,
ABS:ERP_COMP_Q(1.0.0),8,7,Q,1987-Q3,0.3,,,,
ABS:ERP_COMP_Q(1.0.0),8,7,Q,1987-Q4,0.3,,,,
ABS:ERP_COMP_Q(1.0.0),8,7,Q,1988-Q1,0.3,,,,
ABS:ERP_COMP_Q(1.0.0),8,7,Q,1988-Q2,0.3,,,,
ABS:ERP_COMP_Q(1.0.0),8,7,Q,1988-Q3,0.3,,,,
ABS:ERP_COMP_Q(1.0.0),8,7,Q,1988-Q4,0.3,,,,
ABS:ERP_COMP_Q(1.0.0),8,7,Q,1989-Q1,0.3,,,,
ABS:ERP_COMP_Q(1.0.0),8,7,Q,1989-Q2,0.3,,,,
ABS:ERP_COMP_Q(1.0.0),8,7,Q,1989-Q3,0.3,,,,
ABS:ERP_COMP_Q(1.0.0),8,7,Q,1989-Q4,0.3,,,,
ABS:ERP_COMP_Q(1.0.0),8,7,Q,1990-Q1,0.3,,,,
ABS:ERP_COMP_Q(1.0.0),8,7,Q,1990-Q2,0.3,,,,
ABS:ERP_COMP_Q(1.0.0),8,7,Q,1990-Q3,0.3,,,,
ABS:ERP_COMP_Q(1.0.0),8,7,Q,1990-Q4,0.4,,,,
ABS:ERP_COMP_Q(1.0.0),8,7,Q,1991-Q1,0.3,,,,
ABS:ERP_COMP_Q(1.0.0),8,7,Q,1991-Q2,0.3,,,,
ABS:ERP_COMP_Q(1.0.0),8,7,Q,1991-Q3,0.3,,,,
ABS:ERP_COMP_Q(1.0.0),8,7,Q,1991-Q4,0.4,,,,
ABS:ERP_COMP_Q(1.0.0),8,7,Q,1992-Q1,0.3,,,,
ABS:ERP_COMP_Q(1.0.0),8,7,Q,1992-Q2,0.3,,,,
ABS:ERP_COMP_Q(1.0.0),8,7,Q,1992-Q3,0.3,,,,
ABS:ERP_COMP_Q(1.0.0),8,7,Q,1992-Q4,0.4,,,,
ABS:ERP_COMP_Q(1.0.0),8,7,Q,1993-Q1,0.3,,,,
ABS:ERP_COMP_Q(1.0.0),8,7,Q,1993-Q2,0.2,,,,
ABS:ERP_COMP_Q(1.0.0),8,7,Q,1993-Q3,0.3,,,,
ABS:ERP_COMP_Q(1.0.0),8,7,Q,1993-Q4,0.3,,,,
ABS:ERP_COMP_Q(1.0.0),8,7,Q,1994-Q1,0.3,,,,
ABS:ERP_COMP_Q(1.0.0),8,7,Q,1994-Q2,0.3,,,,
ABS:ERP_COMP_Q(1.0.0),8,7,Q,1994-Q3,0.3,,,,
ABS:ERP_COMP_Q(1.0.0),8,7,Q,1994-Q4,0.4,,,,
ABS:ERP_COMP_Q(1.0.0),8,7,Q,1995-Q1,0.3,,,,
ABS:ERP_COMP_Q(1.0.0),8,7,Q,1995-Q2,0.4,,,,
ABS:ERP_COMP_Q(1.0.0),8,7,Q,1995-Q3,0.4,,,,
ABS:ERP_COMP_Q(1.0.0),8,7,Q,1995-Q4,0.4,,,,
ABS:ERP_COMP_Q(1.0.0),8,7,Q,1996-Q1,0.4,,,,
ABS:ERP_COMP_Q(1.0.0),8,7,Q,1996-Q2,0.3,,,,
ABS:ERP_COMP_Q(1.0.0),8,7,Q,1996-Q3,0.3,,,,
ABS:ERP_COMP_Q(1.0.0),8,7,Q,1996-Q4,0.4,,,,
ABS:ERP_COMP_Q(1.0.0),8,7,Q,1997-Q1,0.4,,,,
ABS:ERP_COMP_Q(1.0.0),8,7,Q,1997-Q2,0.4,,,,
ABS:ERP_COMP_Q(1.0.0),8,7,Q,1997-Q3,0.4,,,,
ABS:ERP_COMP_Q(1.0.0),8,7,Q,1997-Q4,0.4,,,,
ABS:ERP_COMP_Q(1.0.0),8,7,Q,1998-Q1,0.4,,,,
ABS:ERP_COMP_Q(1.0.0),8,7,Q,1998-Q2,0.4,,,,
ABS:ERP_COMP_Q(1.0.0),8,7,Q,1998-Q3,0.4,,,,
ABS:ERP_COMP_Q(1.0.0),8,7,Q,1998-Q4,0.3,,,,
ABS:ERP_COMP_Q(1.0.0),8,7,Q,1999-Q1,0.4,,,,
ABS:ERP_COMP_Q(1.0.0),8,7,Q,1999-Q2,0.3,,,,
ABS:ERP_COMP_Q(1.0.0),8,7,Q,1999-Q3,0.4,,,,
ABS:ERP_COMP_Q(1.0.0),8,7,Q,1999-Q4,0.4,,,,
ABS:ERP_COMP_Q(1.0.0),8,7,Q,2000-Q1,0.4,,,,
ABS:ERP_COMP_Q(1.0.0),8,7,Q,2000-Q2,0.4,,,,
ABS:ERP_COMP_Q(1.0.0),8,7,Q,2000-Q3,0.4,,,,
ABS:ERP_COMP_Q(1.0.0),8,7,Q,2000-Q4,0.4,,,,
ABS:ERP_COMP_Q(1.0.0),8,7,Q,2001-Q1,0.3,,,,
ABS:ERP_COMP_Q(1.0.0),8,7,Q,2001-Q2,0.3,,,,
ABS:ERP_COMP_Q(1.0.0),8,7,Q,2001-Q3,0.7,,,,
ABS:ERP_COMP_Q(1.0.0),8,7,Q,2001-Q4,0.7,,,,
ABS:ERP_COMP_Q(1.0.0),8,7,Q,2002-Q1,0.6,,,,
ABS:ERP_COMP_Q(1.0.0),8,7,Q,2002-Q2,0.5,,,,
ABS:ERP_COMP_Q(1.0.0),8,7,Q,2002-Q3,0.7,,,,
ABS:ERP_COMP_Q(1.0.0),8,7,Q,2002-Q4,0.6,,,,
ABS:ERP_COMP_Q(1.0.0),8,7,Q,2003-Q1,0.5,,,,
ABS:ERP_COMP_Q(1.0.0),8,7,Q,2003-Q2,0.4,,,,
ABS:ERP_COMP_Q(1.0.0),8,7,Q,2003-Q3,0.4,,,,
ABS:ERP_COMP_Q(1.0.0),8,7,Q,2003-Q4,0.6,,,,
ABS:ERP_COMP_Q(1.0.0),8,7,Q,2004-Q1,0.4,,,,
ABS:ERP_COMP_Q(1.0.0),8,7,Q,2004-Q2,0.4,,,,
ABS:ERP_COMP_Q(1.0.0),8,7,Q,2004-Q3,0.5,,,,
ABS:ERP_COMP_Q(1.0.0),8,7,Q,2004-Q4,0.5,,,,
ABS:ERP_COMP_Q(1.0.0),8,7,Q,2005-Q1,0.4,,,,
ABS:ERP_COMP_Q(1.0.0),8,7,Q,2005-Q2,0.4,,,,
ABS:ERP_COMP_Q(1.0.0),8,7,Q,2005-Q3,0.5,,,,
ABS:ERP_COMP_Q(1.0.0),8,7,Q,2005-Q4,0.5,,,,
ABS:ERP_COMP_Q(1.0.0),8,7,Q,2006-Q1,0.4,,,,
ABS:ERP_COMP_Q(1.0.0),8,7,Q,2006-Q2,0.4,,,,
ABS:ERP_COMP_Q(1.0.0),8,7,Q,2006-Q3,1.1,,,,
ABS:ERP_COMP_Q(1.0.0),8,7,Q,2006-Q4,1,,,,
ABS:ERP_COMP_Q(1.0.0),8,7,Q,2007-Q1,0.6,,,,
ABS:ERP_COMP_Q(1.0.0),8,7,Q,2007-Q2,0.7,,,,
ABS:ERP_COMP_Q(1.0.0),8,7,Q,2007-Q3,1,,,,
ABS:ERP_COMP_Q(1.0.0),8,7,Q,2007-Q4,0.8,,,,
ABS:ERP_COMP_Q(1.0.0),8,7,Q,2008-Q1,0.6,,,,
ABS:ERP_COMP_Q(1.0.0),8,7,Q,2008-Q2,0.7,,,,
ABS:ERP_COMP_Q(1.0.0),8,7,Q,2008-Q3,1,,,,
ABS:ERP_COMP_Q(1.0.0),8,7,Q,2008-Q4,0.9,,,,
ABS:ERP_COMP_Q(1.0.0),8,7,Q,2009-Q1,0.7,,,,
ABS:ERP_COMP_Q(1.0.0),8,7,Q,2009-Q2,0.8,,,,
ABS:ERP_COMP_Q(1.0.0),8,7,Q,2009-Q3,1.2,,,,
ABS:ERP_COMP_Q(1.0.0),8,7,Q,2009-Q4,0.9,,,,
ABS:ERP_COMP_Q(1.0.0),8,7,Q,2010-Q1,0.7,,,,
ABS:ERP_COMP_Q(1.0.0),8,7,Q,2010-Q2,0.7,,,,
ABS:ERP_COMP_Q(1.0.0),8,7,Q,2010-Q3,1.1,,,,
ABS:ERP_COMP_Q(1.0.0),8,7,Q,2010-Q4,1,,,,
ABS:ERP_COMP_Q(1.0.0),8,7,Q,2011-Q1,0.9,,,,
ABS:ERP_COMP_Q(1.0.0),8,7,Q,2011-Q2,0.7,,,,
ABS:ERP_COMP_Q(1.0.0),8,7,Q,2011-Q3,1.1,,,,
ABS:ERP_COMP_Q(1.0.0),8,7,Q,2011-Q4,0.9,,,,
ABS:ERP_COMP_Q(1.0.0),8,7,Q,2012-Q1,0.7,,,,
ABS:ERP_COMP_Q(1.0.0),8,7,Q,2012-Q2,0.7,,,,
ABS:ERP_COMP_Q(1.0.0),8,7,Q,2012-Q3,1.1,,,,
ABS:ERP_COMP_Q(1.0.0),8,7,Q,2012-Q4,0.9,,,,
ABS:ERP_COMP_Q(1.0.0),8,7,Q,2013-Q1,0.8,,,,
ABS:ERP_COMP_Q(1.0.0),8,7,Q,2013-Q2,0.7,,,,
ABS:ERP_COMP_Q(1.0.0),8,7,Q,2013-Q3,1.5,,,,
ABS:ERP_COMP_Q(1.0.0),8,7,Q,2013-Q4,1.1,,,,
ABS:ERP_COMP_Q(1.0.0),8,7,Q,2014-Q1,0.9,,,,
ABS:ERP_COMP_Q(1.0.0),8,7,Q,2014-Q2,1.1,,,,
ABS:ERP_COMP_Q(1.0.0),8,7,Q,2014-Q3,1.5,,,,
ABS:ERP_COMP_Q(1.0.0),8,7,Q,2014-Q4,1.3,,,,
ABS:ERP_COMP_Q(1.0.0),8,7,Q,2015-Q1,0.8,,,,
ABS:ERP_COMP_Q(1.0.0),8,7,Q,2015-Q2,1,,,,
ABS:ERP_COMP_Q(1.0.0),8,7,Q,2015-Q3,1.9,,,,
ABS:ERP_COMP_Q(1.0.0),8,7,Q,2015-Q4,1.6,,,,
ABS:ERP_COMP_Q(1.0.0),8,7,Q,2016-Q1,0.8,,,,
ABS:ERP_COMP_Q(1.0.0),8,7,Q,2016-Q2,1,,,,
ABS:ERP_COMP_Q(1.0.0),8,7,Q,2016-Q3,1.4,,,,
ABS:ERP_COMP_Q(1.0.0),8,7,Q,2016-Q4,1.5,,,,
ABS:ERP_COMP_Q(1.0.0),8,7,Q,2017-Q1,1.1,,,,
ABS:ERP_COMP_Q(1.0.0),8,7,Q,2017-Q2,1,,,,
ABS:ERP_COMP_Q(1.0.0),8,7,Q,2017-Q3,1.2,,,,
ABS:ERP_COMP_Q(1.0.0),8,7,Q,2017-Q4,1.3,,,,
ABS:ERP_COMP_Q(1.0.0),8,7,Q,2018-Q1,0.8,,,,
ABS:ERP_COMP_Q(1.0.0),8,7,Q,2018-Q2,0.9,,,,
ABS:ERP_COMP_Q(1.0.0),8,7,Q,2018-Q3,1.4,,,,
ABS:ERP_COMP_Q(1.0.0),8,7,Q,2018-Q4,1.4,,,,
ABS:ERP_COMP_Q(1.0.0),8,7,Q,2019-Q1,0.8,,,,
ABS:ERP_COMP_Q(1.0.0),8,7,Q,2019-Q2,0.9,,,,
ABS:ERP_COMP_Q(1.0.0),8,7,Q,2019-Q3,1.4,,,,
ABS:ERP_COMP_Q(1.0.0),8,7,Q,2019-Q4,1.4,,,,
ABS:ERP_COMP_Q(1.0.0),8,7,Q,2020-Q1,0.8,,,,
ABS:ERP_COMP_Q(1.0.0),8,7,Q,2020-Q2,0.2,,,,
ABS:ERP_COMP_Q(1.0.0),8,7,Q,2020-Q3,0.5,,,,
ABS:ERP_COMP_Q(1.0.0),8,7,Q,2020-Q4,0.7,,,,
ABS:ERP_COMP_Q(1.0.0),8,7,Q,2021-Q1,0.4,,,,
ABS:ERP_COMP_Q(1.0.0),8,7,Q,2021-Q2,0.3,,,,
ABS:ERP_COMP_Q(1.0.0),8,7,Q,2021-Q3,0.4,,,,
ABS:ERP_COMP_Q(1.0.0),8,7,Q,2021-Q4,0.4,,,,
ABS:ERP_COMP_Q(1.0.0),8,7,Q,2022-Q1,0.5,,,,
ABS:ERP_COMP_Q(1.0.0),8,7,Q,2022-Q2,0.7,,,,
ABS:ERP_COMP_Q(1.0.0),8,7,Q,2022-Q3,0.5,,,,
ABS:ERP_COMP_Q(1.0.0),8,7,Q,2022-Q4,0.5,,,,
ABS:ERP_COMP_Q(1.0.0),8,7,Q,2023-Q1,0.5,,,,
ABS:ERP_COMP_Q(1.0.0),8,7,Q,2023-Q2,0.4,,,,
ABS:ERP_COMP_Q(1.0.0),8,7,Q,2023-Q3,0.5,,,,
ABS:ERP_COMP_Q(1.0.0),8,7,Q,2023-Q4,0.5,,,,
ABS:ERP_COMP_Q(1.0.0),8,7,Q,2024-Q1,0.5,,,,
ABS:ERP_COMP_Q(1.0.0),8,7,Q,2024-Q2,0.5,,,,
ABS:ERP_COMP_Q(1.0.0),8,7,Q,2024-Q3,0.6,,,,
ABS:ERP_COMP_Q(1.0.0),8,7,Q,2024-Q4,0.6,,,,
ABS:ERP_COMP_Q(1.0.0),8,7,Q,2025-Q1,0.4,,,,
ABS:ERP_COMP_Q(1.0.0),8,7,Q,2025-Q2,0.4,,,,
ABS:ERP_COMP_Q(1.0.0),8,7,Q,2025-Q3,0.5,,,,
ABS:ERP_COMP_Q(1.0.0),8,7,Q,2025-Q4,0.6,,,,
ABS:ERP_COMP_Q(1.0.0),8,8,Q,1981-Q2,1.1,,,,
ABS:ERP_COMP_Q(1.0.0),8,8,Q,1981-Q3,1.2,,,,
ABS:ERP_COMP_Q(1.0.0),8,8,Q,1981-Q4,1,,,,
ABS:ERP_COMP_Q(1.0.0),8,8,Q,1982-Q1,1.3,,,,
ABS:ERP_COMP_Q(1.0.0),8,8,Q,1982-Q2,0.9,,,,
ABS:ERP_COMP_Q(1.0.0),8,8,Q,1982-Q3,1.2,,,,
ABS:ERP_COMP_Q(1.0.0),8,8,Q,1982-Q4,1.1,,,,
ABS:ERP_COMP_Q(1.0.0),8,8,Q,1983-Q1,1.4,,,,
ABS:ERP_COMP_Q(1.0.0),8,8,Q,1983-Q2,1,,,,
ABS:ERP_COMP_Q(1.0.0),8,8,Q,1983-Q3,1.2,,,,
ABS:ERP_COMP_Q(1.0.0),8,8,Q,1983-Q4,1.2,,,,
ABS:ERP_COMP_Q(1.0.0),8,8,Q,1984-Q1,1.3,,,,
ABS:ERP_COMP_Q(1.0.0),8,8,Q,1984-Q2,1.1,,,,
ABS:ERP_COMP_Q(1.0.0),8,8,Q,1984-Q3,1.4,,,,
ABS:ERP_COMP_Q(1.0.0),8,8,Q,1984-Q4,1.3,,,,
ABS:ERP_COMP_Q(1.0.0),8,8,Q,1985-Q1,1.3,,,,
ABS:ERP_COMP_Q(1.0.0),8,8,Q,1985-Q2,1.2,,,,
ABS:ERP_COMP_Q(1.0.0),8,8,Q,1985-Q3,1.3,,,,
ABS:ERP_COMP_Q(1.0.0),8,8,Q,1985-Q4,1.3,,,,
ABS:ERP_COMP_Q(1.0.0),8,8,Q,1986-Q1,1.2,,,,
ABS:ERP_COMP_Q(1.0.0),8,8,Q,1986-Q2,1,,,,
ABS:ERP_COMP_Q(1.0.0),8,8,Q,1986-Q3,1.3,,,,
ABS:ERP_COMP_Q(1.0.0),8,8,Q,1986-Q4,1.2,,,,
ABS:ERP_COMP_Q(1.0.0),8,8,Q,1987-Q1,1.3,,,,
ABS:ERP_COMP_Q(1.0.0),8,8,Q,1987-Q2,1,,,,
ABS:ERP_COMP_Q(1.0.0),8,8,Q,1987-Q3,1.2,,,,
ABS:ERP_COMP_Q(1.0.0),8,8,Q,1987-Q4,1.4,,,,
ABS:ERP_COMP_Q(1.0.0),8,8,Q,1988-Q1,1.3,,,,
ABS:ERP_COMP_Q(1.0.0),8,8,Q,1988-Q2,1,,,,
ABS:ERP_COMP_Q(1.0.0),8,8,Q,1988-Q3,1.4,,,,
ABS:ERP_COMP_Q(1.0.0),8,8,Q,1988-Q4,1.4,,,,
ABS:ERP_COMP_Q(1.0.0),8,8,Q,1989-Q1,1.4,,,,
ABS:ERP_COMP_Q(1.0.0),8,8,Q,1989-Q2,1.1,,,,
ABS:ERP_COMP_Q(1.0.0),8,8,Q,1989-Q3,1.4,,,,
ABS:ERP_COMP_Q(1.0.0),8,8,Q,1989-Q4,1.4,,,,
ABS:ERP_COMP_Q(1.0.0),8,8,Q,1990-Q1,1.4,,,,
ABS:ERP_COMP_Q(1.0.0),8,8,Q,1990-Q2,1.1,,,,
ABS:ERP_COMP_Q(1.0.0),8,8,Q,1990-Q3,1.4,,,,
ABS:ERP_COMP_Q(1.0.0),8,8,Q,1990-Q4,1.4,,,,
ABS:ERP_COMP_Q(1.0.0),8,8,Q,1991-Q1,1.4,,,,
ABS:ERP_COMP_Q(1.0.0),8,8,Q,1991-Q2,1.1,,,,
ABS:ERP_COMP_Q(1.0.0),8,8,Q,1991-Q3,1.4,,,,
ABS:ERP_COMP_Q(1.0.0),8,8,Q,1991-Q4,1.4,,,,
ABS:ERP_COMP_Q(1.0.0),8,8,Q,1992-Q1,1.5,,,,
ABS:ERP_COMP_Q(1.0.0),8,8,Q,1992-Q2,1.1,,,,
ABS:ERP_COMP_Q(1.0.0),8,8,Q,1992-Q3,1.3,,,,
ABS:ERP_COMP_Q(1.0.0),8,8,Q,1992-Q4,1.4,,,,
ABS:ERP_COMP_Q(1.0.0),8,8,Q,1993-Q1,1.5,,,,
ABS:ERP_COMP_Q(1.0.0),8,8,Q,1993-Q2,1.1,,,,
ABS:ERP_COMP_Q(1.0.0),8,8,Q,1993-Q3,1.3,,,,
ABS:ERP_COMP_Q(1.0.0),8,8,Q,1993-Q4,1.5,,,,
ABS:ERP_COMP_Q(1.0.0),8,8,Q,1994-Q1,1.3,,,,
ABS:ERP_COMP_Q(1.0.0),8,8,Q,1994-Q2,1,,,,
ABS:ERP_COMP_Q(1.0.0),8,8,Q,1994-Q3,1.4,,,,
ABS:ERP_COMP_Q(1.0.0),8,8,Q,1994-Q4,1.7,,,,
ABS:ERP_COMP_Q(1.0.0),8,8,Q,1995-Q1,1.5,,,,
ABS:ERP_COMP_Q(1.0.0),8,8,Q,1995-Q2,1.2,,,,
ABS:ERP_COMP_Q(1.0.0),8,8,Q,1995-Q3,1.4,,,,
ABS:ERP_COMP_Q(1.0.0),8,8,Q,1995-Q4,1.6,,,,
ABS:ERP_COMP_Q(1.0.0),8,8,Q,1996-Q1,1.7,,,,
ABS:ERP_COMP_Q(1.0.0),8,8,Q,1996-Q2,1.1,,,,
ABS:ERP_COMP_Q(1.0.0),8,8,Q,1996-Q3,1.4,,,,
ABS:ERP_COMP_Q(1.0.0),8,8,Q,1996-Q4,1.6,,,,
ABS:ERP_COMP_Q(1.0.0),8,8,Q,1997-Q1,1.6,,,,
ABS:ERP_COMP_Q(1.0.0),8,8,Q,1997-Q2,1.3,,,,
ABS:ERP_COMP_Q(1.0.0),8,8,Q,1997-Q3,1.5,,,,
ABS:ERP_COMP_Q(1.0.0),8,8,Q,1997-Q4,1.6,,,,
ABS:ERP_COMP_Q(1.0.0),8,8,Q,1998-Q1,1.7,,,,
ABS:ERP_COMP_Q(1.0.0),8,8,Q,1998-Q2,1.4,,,,
ABS:ERP_COMP_Q(1.0.0),8,8,Q,1998-Q3,1.4,,,,
ABS:ERP_COMP_Q(1.0.0),8,8,Q,1998-Q4,1.5,,,,
ABS:ERP_COMP_Q(1.0.0),8,8,Q,1999-Q1,1.6,,,,
ABS:ERP_COMP_Q(1.0.0),8,8,Q,1999-Q2,1.5,,,,
ABS:ERP_COMP_Q(1.0.0),8,8,Q,1999-Q3,1.8,,,,
ABS:ERP_COMP_Q(1.0.0),8,8,Q,1999-Q4,1.7,,,,
ABS:ERP_COMP_Q(1.0.0),8,8,Q,2000-Q1,1.5,,,,
ABS:ERP_COMP_Q(1.0.0),8,8,Q,2000-Q2,0.9,,,,
ABS:ERP_COMP_Q(1.0.0),8,8,Q,2000-Q3,1.2,,,,
ABS:ERP_COMP_Q(1.0.0),8,8,Q,2000-Q4,1.1,,,,
ABS:ERP_COMP_Q(1.0.0),8,8,Q,2001-Q1,1.5,,,,
ABS:ERP_COMP_Q(1.0.0),8,8,Q,2001-Q2,1,,,,
ABS:ERP_COMP_Q(1.0.0),8,8,Q,2001-Q3,1.7,,,,
ABS:ERP_COMP_Q(1.0.0),8,8,Q,2001-Q4,1.6,,,,
ABS:ERP_COMP_Q(1.0.0),8,8,Q,2002-Q1,1.9,,,,
ABS:ERP_COMP_Q(1.0.0),8,8,Q,2002-Q2,1.3,,,,
ABS:ERP_COMP_Q(1.0.0),8,8,Q,2002-Q3,1.6,,,,
ABS:ERP_COMP_Q(1.0.0),8,8,Q,2002-Q4,1.6,,,,
ABS:ERP_COMP_Q(1.0.0),8,8,Q,2003-Q1,1.8,,,,
ABS:ERP_COMP_Q(1.0.0),8,8,Q,2003-Q2,1.4,,,,
ABS:ERP_COMP_Q(1.0.0),8,8,Q,2003-Q3,1.7,,,,
ABS:ERP_COMP_Q(1.0.0),8,8,Q,2003-Q4,1.7,,,,
ABS:ERP_COMP_Q(1.0.0),8,8,Q,2004-Q1,1.8,,,,
ABS:ERP_COMP_Q(1.0.0),8,8,Q,2004-Q2,1.4,,,,
ABS:ERP_COMP_Q(1.0.0),8,8,Q,2004-Q3,1.7,,,,
ABS:ERP_COMP_Q(1.0.0),8,8,Q,2004-Q4,1.9,,,,
ABS:ERP_COMP_Q(1.0.0),8,8,Q,2005-Q1,2,,,,
ABS:ERP_COMP_Q(1.0.0),8,8,Q,2005-Q2,1.7,,,,
ABS:ERP_COMP_Q(1.0.0),8,8,Q,2005-Q3,1.8,,,,
ABS:ERP_COMP_Q(1.0.0),8,8,Q,2005-Q4,1.9,,,,
ABS:ERP_COMP_Q(1.0.0),8,8,Q,2006-Q1,2.2,,,,
ABS:ERP_COMP_Q(1.0.0),8,8,Q,2006-Q2,1.6,,,,
ABS:ERP_COMP_Q(1.0.0),8,8,Q,2006-Q3,1.2,,,,
ABS:ERP_COMP_Q(1.0.0),8,8,Q,2006-Q4,1.3,,,,
ABS:ERP_COMP_Q(1.0.0),8,8,Q,2007-Q1,1,,,,
ABS:ERP_COMP_Q(1.0.0),8,8,Q,2007-Q2,0.9,,,,
ABS:ERP_COMP_Q(1.0.0),8,8,Q,2007-Q3,1.3,,,,
ABS:ERP_COMP_Q(1.0.0),8,8,Q,2007-Q4,1.4,,,,
ABS:ERP_COMP_Q(1.0.0),8,8,Q,2008-Q1,1.1,,,,
ABS:ERP_COMP_Q(1.0.0),8,8,Q,2008-Q2,1,,,,
ABS:ERP_COMP_Q(1.0.0),8,8,Q,2008-Q3,1.3,,,,
ABS:ERP_COMP_Q(1.0.0),8,8,Q,2008-Q4,1.3,,,,
ABS:ERP_COMP_Q(1.0.0),8,8,Q,2009-Q1,1.1,,,,
ABS:ERP_COMP_Q(1.0.0),8,8,Q,2009-Q2,0.9,,,,
ABS:ERP_COMP_Q(1.0.0),8,8,Q,2009-Q3,1.4,,,,
ABS:ERP_COMP_Q(1.0.0),8,8,Q,2009-Q4,1.5,,,,
ABS:ERP_COMP_Q(1.0.0),8,8,Q,2010-Q1,1.3,,,,
ABS:ERP_COMP_Q(1.0.0),8,8,Q,2010-Q2,1,,,,
ABS:ERP_COMP_Q(1.0.0),8,8,Q,2010-Q3,1.6,,,,
ABS:ERP_COMP_Q(1.0.0),8,8,Q,2010-Q4,1.6,,,,
ABS:ERP_COMP_Q(1.0.0),8,8,Q,2011-Q1,1.2,,,,
ABS:ERP_COMP_Q(1.0.0),8,8,Q,2011-Q2,1,,,,
ABS:ERP_COMP_Q(1.0.0),8,8,Q,2011-Q3,1.5,,,,
ABS:ERP_COMP_Q(1.0.0),8,8,Q,2011-Q4,1.6,,,,
ABS:ERP_COMP_Q(1.0.0),8,8,Q,2012-Q1,1.3,,,,
ABS:ERP_COMP_Q(1.0.0),8,8,Q,2012-Q2,1.1,,,,
ABS:ERP_COMP_Q(1.0.0),8,8,Q,2012-Q3,1.6,,,,
ABS:ERP_COMP_Q(1.0.0),8,8,Q,2012-Q4,1.7,,,,
ABS:ERP_COMP_Q(1.0.0),8,8,Q,2013-Q1,1.4,,,,
ABS:ERP_COMP_Q(1.0.0),8,8,Q,2013-Q2,1.2,,,,
ABS:ERP_COMP_Q(1.0.0),8,8,Q,2013-Q3,1.7,,,,
ABS:ERP_COMP_Q(1.0.0),8,8,Q,2013-Q4,1.8,,,,
ABS:ERP_COMP_Q(1.0.0),8,8,Q,2014-Q1,1.4,,,,
ABS:ERP_COMP_Q(1.0.0),8,8,Q,2014-Q2,1.3,,,,
ABS:ERP_COMP_Q(1.0.0),8,8,Q,2014-Q3,1.6,,,,
ABS:ERP_COMP_Q(1.0.0),8,8,Q,2014-Q4,1.7,,,,
ABS:ERP_COMP_Q(1.0.0),8,8,Q,2015-Q1,1.4,,,,
ABS:ERP_COMP_Q(1.0.0),8,8,Q,2015-Q2,1.2,,,,
ABS:ERP_COMP_Q(1.0.0),8,8,Q,2015-Q3,1.7,,,,
ABS:ERP_COMP_Q(1.0.0),8,8,Q,2015-Q4,1.8,,,,
ABS:ERP_COMP_Q(1.0.0),8,8,Q,2016-Q1,1.4,,,,
ABS:ERP_COMP_Q(1.0.0),8,8,Q,2016-Q2,1.2,,,,
ABS:ERP_COMP_Q(1.0.0),8,8,Q,2016-Q3,1.7,,,,
ABS:ERP_COMP_Q(1.0.0),8,8,Q,2016-Q4,1.9,,,,
ABS:ERP_COMP_Q(1.0.0),8,8,Q,2017-Q1,1.3,,,,
ABS:ERP_COMP_Q(1.0.0),8,8,Q,2017-Q2,1.3,,,,
ABS:ERP_COMP_Q(1.0.0),8,8,Q,2017-Q3,1.6,,,,
ABS:ERP_COMP_Q(1.0.0),8,8,Q,2017-Q4,1.9,,,,
ABS:ERP_COMP_Q(1.0.0),8,8,Q,2018-Q1,1.4,,,,
ABS:ERP_COMP_Q(1.0.0),8,8,Q,2018-Q2,1.4,,,,
ABS:ERP_COMP_Q(1.0.0),8,8,Q,2018-Q3,1.9,,,,
ABS:ERP_COMP_Q(1.0.0),8,8,Q,2018-Q4,2,,,,
ABS:ERP_COMP_Q(1.0.0),8,8,Q,2019-Q1,1.5,,,,
ABS:ERP_COMP_Q(1.0.0),8,8,Q,2019-Q2,1.7,,,,
ABS:ERP_COMP_Q(1.0.0),8,8,Q,2019-Q3,2.1,,,,
ABS:ERP_COMP_Q(1.0.0),8,8,Q,2019-Q4,3.2,,,,
ABS:ERP_COMP_Q(1.0.0),8,8,Q,2020-Q1,1.6,,,,
ABS:ERP_COMP_Q(1.0.0),8,8,Q,2020-Q2,0.3,,,,
ABS:ERP_COMP_Q(1.0.0),8,8,Q,2020-Q3,1.5,,,,
ABS:ERP_COMP_Q(1.0.0),8,8,Q,2020-Q4,1.9,,,,
ABS:ERP_COMP_Q(1.0.0),8,8,Q,2021-Q1,1.5,,,,
ABS:ERP_COMP_Q(1.0.0),8,8,Q,2021-Q2,1.1,,,,
ABS:ERP_COMP_Q(1.0.0),8,8,Q,2021-Q3,1.3,,,,
ABS:ERP_COMP_Q(1.0.0),8,8,Q,2021-Q4,1.6,,,,
ABS:ERP_COMP_Q(1.0.0),8,8,Q,2022-Q1,1.4,,,,
ABS:ERP_COMP_Q(1.0.0),8,8,Q,2022-Q2,1.2,,,,
ABS:ERP_COMP_Q(1.0.0),8,8,Q,2022-Q3,1.3,,,,
ABS:ERP_COMP_Q(1.0.0),8,8,Q,2022-Q4,1.2,,,,
ABS:ERP_COMP_Q(1.0.0),8,8,Q,2023-Q1,1.2,,,,
ABS:ERP_COMP_Q(1.0.0),8,8,Q,2023-Q2,1.1,,,,
ABS:ERP_COMP_Q(1.0.0),8,8,Q,2023-Q3,1.4,,,,
ABS:ERP_COMP_Q(1.0.0),8,8,Q,2023-Q4,1.6,,,,
ABS:ERP_COMP_Q(1.0.0),8,8,Q,2024-Q1,1.2,,,,
ABS:ERP_COMP_Q(1.0.0),8,8,Q,2024-Q2,1.4,,,,
ABS:ERP_COMP_Q(1.0.0),8,8,Q,2024-Q3,1.8,,,,
ABS:ERP_COMP_Q(1.0.0),8,8,Q,2024-Q4,1.9,,,,
ABS:ERP_COMP_Q(1.0.0),8,8,Q,2025-Q1,1.3,,,,
ABS:ERP_COMP_Q(1.0.0),8,8,Q,2025-Q2,1.3,,,,
ABS:ERP_COMP_Q(1.0.0),8,8,Q,2025-Q3,1.4,,,,
ABS:ERP_COMP_Q(1.0.0),8,8,Q,2025-Q4,1.5,,,,
ABS:ERP_COMP_Q(1.0.0),1,1,Q,1981-Q2,21.1,,,,
ABS:ERP_COMP_Q(1.0.0),1,1,Q,1981-Q3,21.4,,,,
ABS:ERP_COMP_Q(1.0.0),1,1,Q,1981-Q4,18.6,,,,
ABS:ERP_COMP_Q(1.0.0),1,1,Q,1982-Q1,20.7,,,,
ABS:ERP_COMP_Q(1.0.0),1,1,Q,1982-Q2,21.5,,,,
ABS:ERP_COMP_Q(1.0.0),1,1,Q,1982-Q3,20.7,,,,
ABS:ERP_COMP_Q(1.0.0),1,1,Q,1982-Q4,21,,,,
ABS:ERP_COMP_Q(1.0.0),1,1,Q,1983-Q1,22,,,,
ABS:ERP_COMP_Q(1.0.0),1,1,Q,1983-Q2,20.5,,,,
ABS:ERP_COMP_Q(1.0.0),1,1,Q,1983-Q3,21.5,,,,
ABS:ERP_COMP_Q(1.0.0),1,1,Q,1983-Q4,19.4,,,,
ABS:ERP_COMP_Q(1.0.0),1,1,Q,1984-Q1,21.3,,,,
ABS:ERP_COMP_Q(1.0.0),1,1,Q,1984-Q2,20.4,,,,
ABS:ERP_COMP_Q(1.0.0),1,1,Q,1984-Q3,21.1,,,,
ABS:ERP_COMP_Q(1.0.0),1,1,Q,1984-Q4,19.6,,,,
ABS:ERP_COMP_Q(1.0.0),1,1,Q,1985-Q1,22,,,,
ABS:ERP_COMP_Q(1.0.0),1,1,Q,1985-Q2,21.1,,,,
ABS:ERP_COMP_Q(1.0.0),1,1,Q,1985-Q3,21.1,,,,
ABS:ERP_COMP_Q(1.0.0),1,1,Q,1985-Q4,19.1,,,,
ABS:ERP_COMP_Q(1.0.0),1,1,Q,1986-Q1,21.9,,,,
ABS:ERP_COMP_Q(1.0.0),1,1,Q,1986-Q2,19.2,,,,
ABS:ERP_COMP_Q(1.0.0),1,1,Q,1986-Q3,20.1,,,,
ABS:ERP_COMP_Q(1.0.0),1,1,Q,1986-Q4,23.4,,,,
ABS:ERP_COMP_Q(1.0.0),1,1,Q,1987-Q1,19.7,,,,
ABS:ERP_COMP_Q(1.0.0),1,1,Q,1987-Q2,20.5,,,,
ABS:ERP_COMP_Q(1.0.0),1,1,Q,1987-Q3,21.1,,,,
ABS:ERP_COMP_Q(1.0.0),1,1,Q,1987-Q4,24.9,,,,
ABS:ERP_COMP_Q(1.0.0),1,1,Q,1988-Q1,20.4,,,,
ABS:ERP_COMP_Q(1.0.0),1,1,Q,1988-Q2,20,,,,
ABS:ERP_COMP_Q(1.0.0),1,1,Q,1988-Q3,21.5,,,,
ABS:ERP_COMP_Q(1.0.0),1,1,Q,1988-Q4,22.7,,,,
ABS:ERP_COMP_Q(1.0.0),1,1,Q,1989-Q1,22.2,,,,
ABS:ERP_COMP_Q(1.0.0),1,1,Q,1989-Q2,21,,,,
ABS:ERP_COMP_Q(1.0.0),1,1,Q,1989-Q3,19.5,,,,
ABS:ERP_COMP_Q(1.0.0),1,1,Q,1989-Q4,23.1,,,,
ABS:ERP_COMP_Q(1.0.0),1,1,Q,1990-Q1,20.9,,,,
ABS:ERP_COMP_Q(1.0.0),1,1,Q,1990-Q2,24.4,,,,
ABS:ERP_COMP_Q(1.0.0),1,1,Q,1990-Q3,22.7,,,,
ABS:ERP_COMP_Q(1.0.0),1,1,Q,1990-Q4,22.6,,,,
ABS:ERP_COMP_Q(1.0.0),1,1,Q,1991-Q1,21.9,,,,
ABS:ERP_COMP_Q(1.0.0),1,1,Q,1991-Q2,22.7,,,,
ABS:ERP_COMP_Q(1.0.0),1,1,Q,1991-Q3,22.7,,,,
ABS:ERP_COMP_Q(1.0.0),1,1,Q,1991-Q4,21.6,,,,
ABS:ERP_COMP_Q(1.0.0),1,1,Q,1992-Q1,22.7,,,,
ABS:ERP_COMP_Q(1.0.0),1,1,Q,1992-Q2,22.6,,,,
ABS:ERP_COMP_Q(1.0.0),1,1,Q,1992-Q3,23.5,,,,
ABS:ERP_COMP_Q(1.0.0),1,1,Q,1992-Q4,22,,,,
ABS:ERP_COMP_Q(1.0.0),1,1,Q,1993-Q1,22.1,,,,
ABS:ERP_COMP_Q(1.0.0),1,1,Q,1993-Q2,22.2,,,,
ABS:ERP_COMP_Q(1.0.0),1,1,Q,1993-Q3,22.5,,,,
ABS:ERP_COMP_Q(1.0.0),1,1,Q,1993-Q4,21.8,,,,
ABS:ERP_COMP_Q(1.0.0),1,1,Q,1994-Q1,22.4,,,,
ABS:ERP_COMP_Q(1.0.0),1,1,Q,1994-Q2,21.6,,,,
ABS:ERP_COMP_Q(1.0.0),1,1,Q,1994-Q3,22.7,,,,
ABS:ERP_COMP_Q(1.0.0),1,1,Q,1994-Q4,21.7,,,,
ABS:ERP_COMP_Q(1.0.0),1,1,Q,1995-Q1,21.7,,,,
ABS:ERP_COMP_Q(1.0.0),1,1,Q,1995-Q2,21.8,,,,
ABS:ERP_COMP_Q(1.0.0),1,1,Q,1995-Q3,22.4,,,,
ABS:ERP_COMP_Q(1.0.0),1,1,Q,1995-Q4,20.9,,,,
ABS:ERP_COMP_Q(1.0.0),1,1,Q,1996-Q1,20.9,,,,
ABS:ERP_COMP_Q(1.0.0),1,1,Q,1996-Q2,21,,,,
ABS:ERP_COMP_Q(1.0.0),1,1,Q,1996-Q3,22.6,,,,
ABS:ERP_COMP_Q(1.0.0),1,1,Q,1996-Q4,22.6,,,,
ABS:ERP_COMP_Q(1.0.0),1,1,Q,1997-Q1,21,,,,
ABS:ERP_COMP_Q(1.0.0),1,1,Q,1997-Q2,21.8,,,,
ABS:ERP_COMP_Q(1.0.0),1,1,Q,1997-Q3,22.5,,,,
ABS:ERP_COMP_Q(1.0.0),1,1,Q,1997-Q4,21.7,,,,
ABS:ERP_COMP_Q(1.0.0),1,1,Q,1998-Q1,20.3,,,,
ABS:ERP_COMP_Q(1.0.0),1,1,Q,1998-Q2,21.3,,,,
ABS:ERP_COMP_Q(1.0.0),1,1,Q,1998-Q3,22.2,,,,
ABS:ERP_COMP_Q(1.0.0),1,1,Q,1998-Q4,21.5,,,,
ABS:ERP_COMP_Q(1.0.0),1,1,Q,1999-Q1,20.9,,,,
ABS:ERP_COMP_Q(1.0.0),1,1,Q,1999-Q2,21.7,,,,
ABS:ERP_COMP_Q(1.0.0),1,1,Q,1999-Q3,22.5,,,,
ABS:ERP_COMP_Q(1.0.0),1,1,Q,1999-Q4,21.3,,,,
ABS:ERP_COMP_Q(1.0.0),1,1,Q,2000-Q1,21.3,,,,
ABS:ERP_COMP_Q(1.0.0),1,1,Q,2000-Q2,21.9,,,,
ABS:ERP_COMP_Q(1.0.0),1,1,Q,2000-Q3,22.6,,,,
ABS:ERP_COMP_Q(1.0.0),1,1,Q,2000-Q4,22.2,,,,
ABS:ERP_COMP_Q(1.0.0),1,1,Q,2001-Q1,20.9,,,,
ABS:ERP_COMP_Q(1.0.0),1,1,Q,2001-Q2,21.3,,,,
ABS:ERP_COMP_Q(1.0.0),1,1,Q,2001-Q3,22,,,,
ABS:ERP_COMP_Q(1.0.0),1,1,Q,2001-Q4,20.6,,,,
ABS:ERP_COMP_Q(1.0.0),1,1,Q,2002-Q1,21.4,,,,
ABS:ERP_COMP_Q(1.0.0),1,1,Q,2002-Q2,21.2,,,,
ABS:ERP_COMP_Q(1.0.0),1,1,Q,2002-Q3,22,,,,
ABS:ERP_COMP_Q(1.0.0),1,1,Q,2002-Q4,21.5,,,,
ABS:ERP_COMP_Q(1.0.0),1,1,Q,2003-Q1,20.9,,,,
ABS:ERP_COMP_Q(1.0.0),1,1,Q,2003-Q2,21.7,,,,
ABS:ERP_COMP_Q(1.0.0),1,1,Q,2003-Q3,22.3,,,,
ABS:ERP_COMP_Q(1.0.0),1,1,Q,2003-Q4,21.2,,,,
ABS:ERP_COMP_Q(1.0.0),1,1,Q,2004-Q1,21.6,,,,
ABS:ERP_COMP_Q(1.0.0),1,1,Q,2004-Q2,20.7,,,,
ABS:ERP_COMP_Q(1.0.0),1,1,Q,2004-Q3,21.9,,,,
ABS:ERP_COMP_Q(1.0.0),1,1,Q,2004-Q4,20.9,,,,
ABS:ERP_COMP_Q(1.0.0),1,1,Q,2005-Q1,21.7,,,,
ABS:ERP_COMP_Q(1.0.0),1,1,Q,2005-Q2,22.5,,,,
ABS:ERP_COMP_Q(1.0.0),1,1,Q,2005-Q3,23.2,,,,
ABS:ERP_COMP_Q(1.0.0),1,1,Q,2005-Q4,22.4,,,,
ABS:ERP_COMP_Q(1.0.0),1,1,Q,2006-Q1,20.4,,,,
ABS:ERP_COMP_Q(1.0.0),1,1,Q,2006-Q2,22.6,,,,
ABS:ERP_COMP_Q(1.0.0),1,1,Q,2006-Q3,24.3,,,,
ABS:ERP_COMP_Q(1.0.0),1,1,Q,2006-Q4,23.5,,,,
ABS:ERP_COMP_Q(1.0.0),1,1,Q,2007-Q1,24.2,,,,
ABS:ERP_COMP_Q(1.0.0),1,1,Q,2007-Q2,24.4,,,,
ABS:ERP_COMP_Q(1.0.0),1,1,Q,2007-Q3,25,,,,
ABS:ERP_COMP_Q(1.0.0),1,1,Q,2007-Q4,23.9,,,,
ABS:ERP_COMP_Q(1.0.0),1,1,Q,2008-Q1,24.4,,,,
ABS:ERP_COMP_Q(1.0.0),1,1,Q,2008-Q2,24,,,,
ABS:ERP_COMP_Q(1.0.0),1,1,Q,2008-Q3,25.5,,,,
ABS:ERP_COMP_Q(1.0.0),1,1,Q,2008-Q4,25.1,,,,
ABS:ERP_COMP_Q(1.0.0),1,1,Q,2009-Q1,24.2,,,,
ABS:ERP_COMP_Q(1.0.0),1,1,Q,2009-Q2,24.4,,,,
ABS:ERP_COMP_Q(1.0.0),1,1,Q,2009-Q3,25.5,,,,
ABS:ERP_COMP_Q(1.0.0),1,1,Q,2009-Q4,25,,,,
ABS:ERP_COMP_Q(1.0.0),1,1,Q,2010-Q1,24.8,,,,
ABS:ERP_COMP_Q(1.0.0),1,1,Q,2010-Q2,25.2,,,,
ABS:ERP_COMP_Q(1.0.0),1,1,Q,2010-Q3,25.3,,,,
ABS:ERP_COMP_Q(1.0.0),1,1,Q,2010-Q4,23.9,,,,
ABS:ERP_COMP_Q(1.0.0),1,1,Q,2011-Q1,25,,,,
ABS:ERP_COMP_Q(1.0.0),1,1,Q,2011-Q2,25.2,,,,
ABS:ERP_COMP_Q(1.0.0),1,1,Q,2011-Q3,24.8,,,,
ABS:ERP_COMP_Q(1.0.0),1,1,Q,2011-Q4,23.9,,,,
ABS:ERP_COMP_Q(1.0.0),1,1,Q,2012-Q1,25.2,,,,
ABS:ERP_COMP_Q(1.0.0),1,1,Q,2012-Q2,25.1,,,,
ABS:ERP_COMP_Q(1.0.0),1,1,Q,2012-Q3,25.7,,,,
ABS:ERP_COMP_Q(1.0.0),1,1,Q,2012-Q4,25.1,,,,
ABS:ERP_COMP_Q(1.0.0),1,1,Q,2013-Q1,24.6,,,,
ABS:ERP_COMP_Q(1.0.0),1,1,Q,2013-Q2,24.5,,,,
ABS:ERP_COMP_Q(1.0.0),1,1,Q,2013-Q3,24,,,,
ABS:ERP_COMP_Q(1.0.0),1,1,Q,2013-Q4,24,,,,
ABS:ERP_COMP_Q(1.0.0),1,1,Q,2014-Q1,23.8,,,,
ABS:ERP_COMP_Q(1.0.0),1,1,Q,2014-Q2,24.2,,,,
ABS:ERP_COMP_Q(1.0.0),1,1,Q,2014-Q3,25.1,,,,
ABS:ERP_COMP_Q(1.0.0),1,1,Q,2014-Q4,24.6,,,,
ABS:ERP_COMP_Q(1.0.0),1,1,Q,2015-Q1,24.2,,,,
ABS:ERP_COMP_Q(1.0.0),1,1,Q,2015-Q2,23.9,,,,
ABS:ERP_COMP_Q(1.0.0),1,1,Q,2015-Q3,25.3,,,,
ABS:ERP_COMP_Q(1.0.0),1,1,Q,2015-Q4,24.1,,,,
ABS:ERP_COMP_Q(1.0.0),1,1,Q,2016-Q1,24.8,,,,
ABS:ERP_COMP_Q(1.0.0),1,1,Q,2016-Q2,24.9,,,,
ABS:ERP_COMP_Q(1.0.0),1,1,Q,2016-Q3,25.3,,,,
ABS:ERP_COMP_Q(1.0.0),1,1,Q,2016-Q4,24.4,,,,
ABS:ERP_COMP_Q(1.0.0),1,1,Q,2017-Q1,24.5,,,,
ABS:ERP_COMP_Q(1.0.0),1,1,Q,2017-Q2,24.4,,,,
ABS:ERP_COMP_Q(1.0.0),1,1,Q,2017-Q3,25.2,,,,
ABS:ERP_COMP_Q(1.0.0),1,1,Q,2017-Q4,23.7,,,,
ABS:ERP_COMP_Q(1.0.0),1,1,Q,2018-Q1,24.4,,,,
ABS:ERP_COMP_Q(1.0.0),1,1,Q,2018-Q2,24.6,,,,
ABS:ERP_COMP_Q(1.0.0),1,1,Q,2018-Q3,25.2,,,,
ABS:ERP_COMP_Q(1.0.0),1,1,Q,2018-Q4,24.4,,,,
ABS:ERP_COMP_Q(1.0.0),1,1,Q,2019-Q1,24.7,,,,
ABS:ERP_COMP_Q(1.0.0),1,1,Q,2019-Q2,24.8,,,,
ABS:ERP_COMP_Q(1.0.0),1,1,Q,2019-Q3,25.1,,,,
ABS:ERP_COMP_Q(1.0.0),1,1,Q,2019-Q4,24.1,,,,
ABS:ERP_COMP_Q(1.0.0),1,1,Q,2020-Q1,24.1,,,,
ABS:ERP_COMP_Q(1.0.0),1,1,Q,2020-Q2,23.7,,,,
ABS:ERP_COMP_Q(1.0.0),1,1,Q,2020-Q3,23.9,,,,
ABS:ERP_COMP_Q(1.0.0),1,1,Q,2020-Q4,22.9,,,,
ABS:ERP_COMP_Q(1.0.0),1,1,Q,2021-Q1,25.7,,,,
ABS:ERP_COMP_Q(1.0.0),1,1,Q,2021-Q2,25.8,,,,
ABS:ERP_COMP_Q(1.0.0),1,1,Q,2021-Q3,25.6,,,,
ABS:ERP_COMP_Q(1.0.0),1,1,Q,2021-Q4,25.2,,,,
ABS:ERP_COMP_Q(1.0.0),1,1,Q,2022-Q1,24.9,,,,
ABS:ERP_COMP_Q(1.0.0),1,1,Q,2022-Q2,24.6,,,,
ABS:ERP_COMP_Q(1.0.0),1,1,Q,2022-Q3,23.7,,,,
ABS:ERP_COMP_Q(1.0.0),1,1,Q,2022-Q4,22.9,,,,
ABS:ERP_COMP_Q(1.0.0),1,1,Q,2023-Q1,22.7,,,,
ABS:ERP_COMP_Q(1.0.0),1,1,Q,2023-Q2,23.4,,,,
ABS:ERP_COMP_Q(1.0.0),1,1,Q,2023-Q3,23.5,,,,
ABS:ERP_COMP_Q(1.0.0),1,1,Q,2023-Q4,22.3,,,,
ABS:ERP_COMP_Q(1.0.0),1,1,Q,2024-Q1,22.9,,,,
ABS:ERP_COMP_Q(1.0.0),1,1,Q,2024-Q2,23.1,,,,
ABS:ERP_COMP_Q(1.0.0),1,1,Q,2024-Q3,22.6,,,,
ABS:ERP_COMP_Q(1.0.0),1,1,Q,2024-Q4,21.8,,,,
ABS:ERP_COMP_Q(1.0.0),1,1,Q,2025-Q1,24.4,,,,
ABS:ERP_COMP_Q(1.0.0),1,1,Q,2025-Q2,24.9,,,,
ABS:ERP_COMP_Q(1.0.0),1,1,Q,2025-Q3,24.6,,,,
ABS:ERP_COMP_Q(1.0.0),1,1,Q,2025-Q4,21.4,,,,
ABS:ERP_COMP_Q(1.0.0),10,1,Q,1981-Q2,5234.9,,,,
ABS:ERP_COMP_Q(1.0.0),10,1,Q,1981-Q3,5249.5,,,,
ABS:ERP_COMP_Q(1.0.0),10,1,Q,1981-Q4,5266.9,,,,
ABS:ERP_COMP_Q(1.0.0),10,1,Q,1982-Q1,5286.1,,,,
ABS:ERP_COMP_Q(1.0.0),10,1,Q,1982-Q2,5303.6,,,,
ABS:ERP_COMP_Q(1.0.0),10,1,Q,1982-Q3,5315.8,,,,
ABS:ERP_COMP_Q(1.0.0),10,1,Q,1982-Q4,5328.2,,,,
ABS:ERP_COMP_Q(1.0.0),10,1,Q,1983-Q1,5344,,,,
ABS:ERP_COMP_Q(1.0.0),10,1,Q,1983-Q2,5353,,,,
ABS:ERP_COMP_Q(1.0.0),10,1,Q,1983-Q3,5363.7,,,,
ABS:ERP_COMP_Q(1.0.0),10,1,Q,1983-Q4,5374.9,,,,
ABS:ERP_COMP_Q(1.0.0),10,1,Q,1984-Q1,5389.2,,,,
ABS:ERP_COMP_Q(1.0.0),10,1,Q,1984-Q2,5402.7,,,,
ABS:ERP_COMP_Q(1.0.0),10,1,Q,1984-Q3,5416.5,,,,
ABS:ERP_COMP_Q(1.0.0),10,1,Q,1984-Q4,5431.8,,,,
ABS:ERP_COMP_Q(1.0.0),10,1,Q,1985-Q1,5451.5,,,,
ABS:ERP_COMP_Q(1.0.0),10,1,Q,1985-Q2,5464.5,,,,
ABS:ERP_COMP_Q(1.0.0),10,1,Q,1985-Q3,5478.3,,,,
ABS:ERP_COMP_Q(1.0.0),10,1,Q,1985-Q4,5496.5,,,,
ABS:ERP_COMP_Q(1.0.0),10,1,Q,1986-Q1,5516.4,,,,
ABS:ERP_COMP_Q(1.0.0),10,1,Q,1986-Q2,5531.5,,,,
ABS:ERP_COMP_Q(1.0.0),10,1,Q,1986-Q3,5549.9,,,,
ABS:ERP_COMP_Q(1.0.0),10,1,Q,1986-Q4,5574.3,,,,
ABS:ERP_COMP_Q(1.0.0),10,1,Q,1987-Q1,5596.2,,,,
ABS:ERP_COMP_Q(1.0.0),10,1,Q,1987-Q2,5616.7,,,,
ABS:ERP_COMP_Q(1.0.0),10,1,Q,1987-Q3,5639.9,,,,
ABS:ERP_COMP_Q(1.0.0),10,1,Q,1987-Q4,5666.2,,,,
ABS:ERP_COMP_Q(1.0.0),10,1,Q,1988-Q1,5689.4,,,,
ABS:ERP_COMP_Q(1.0.0),10,1,Q,1988-Q2,5707.3,,,,
ABS:ERP_COMP_Q(1.0.0),10,1,Q,1988-Q3,5730.3,,,,
ABS:ERP_COMP_Q(1.0.0),10,1,Q,1988-Q4,5752.3,,,,
ABS:ERP_COMP_Q(1.0.0),10,1,Q,1989-Q1,5769.7,,,,
ABS:ERP_COMP_Q(1.0.0),10,1,Q,1989-Q2,5776.3,,,,
ABS:ERP_COMP_Q(1.0.0),10,1,Q,1989-Q3,5785.6,,,,
ABS:ERP_COMP_Q(1.0.0),10,1,Q,1989-Q4,5803.1,,,,
ABS:ERP_COMP_Q(1.0.0),10,1,Q,1990-Q1,5818.2,,,,
ABS:ERP_COMP_Q(1.0.0),10,1,Q,1990-Q2,5834,,,,
ABS:ERP_COMP_Q(1.0.0),10,1,Q,1990-Q3,5849.5,,,,
ABS:ERP_COMP_Q(1.0.0),10,1,Q,1990-Q4,5862.5,,,,
ABS:ERP_COMP_Q(1.0.0),10,1,Q,1991-Q1,5883.2,,,,
ABS:ERP_COMP_Q(1.0.0),10,1,Q,1991-Q2,5898.7,,,,
ABS:ERP_COMP_Q(1.0.0),10,1,Q,1991-Q3,5916.7,,,,
ABS:ERP_COMP_Q(1.0.0),10,1,Q,1991-Q4,5928.1,,,,
ABS:ERP_COMP_Q(1.0.0),10,1,Q,1992-Q1,5946.4,,,,
ABS:ERP_COMP_Q(1.0.0),10,1,Q,1992-Q2,5957.8,,,,
ABS:ERP_COMP_Q(1.0.0),10,1,Q,1992-Q3,5970.8,,,,
ABS:ERP_COMP_Q(1.0.0),10,1,Q,1992-Q4,5977.8,,,,
ABS:ERP_COMP_Q(1.0.0),10,1,Q,1993-Q1,5990.4,,,,
ABS:ERP_COMP_Q(1.0.0),10,1,Q,1993-Q2,5995.1,,,,
ABS:ERP_COMP_Q(1.0.0),10,1,Q,1993-Q3,6009.7,,,,
ABS:ERP_COMP_Q(1.0.0),10,1,Q,1993-Q4,6020.2,,,,
ABS:ERP_COMP_Q(1.0.0),10,1,Q,1994-Q1,6037.1,,,,
ABS:ERP_COMP_Q(1.0.0),10,1,Q,1994-Q2,6044.8,,,,
ABS:ERP_COMP_Q(1.0.0),10,1,Q,1994-Q3,6063.1,,,,
ABS:ERP_COMP_Q(1.0.0),10,1,Q,1994-Q4,6071.9,,,,
ABS:ERP_COMP_Q(1.0.0),10,1,Q,1995-Q1,6087.9,,,,
ABS:ERP_COMP_Q(1.0.0),10,1,Q,1995-Q2,6105.6,,,,
ABS:ERP_COMP_Q(1.0.0),10,1,Q,1995-Q3,6124.6,,,,
ABS:ERP_COMP_Q(1.0.0),10,1,Q,1995-Q4,6144,,,,
ABS:ERP_COMP_Q(1.0.0),10,1,Q,1996-Q1,6159.8,,,,
ABS:ERP_COMP_Q(1.0.0),10,1,Q,1996-Q2,6176.5,,,,
ABS:ERP_COMP_Q(1.0.0),10,1,Q,1996-Q3,6196.3,,,,
ABS:ERP_COMP_Q(1.0.0),10,1,Q,1996-Q4,6214.5,,,,
ABS:ERP_COMP_Q(1.0.0),10,1,Q,1997-Q1,6234.3,,,,
ABS:ERP_COMP_Q(1.0.0),10,1,Q,1997-Q2,6246.3,,,,
ABS:ERP_COMP_Q(1.0.0),10,1,Q,1997-Q3,6260.9,,,,
ABS:ERP_COMP_Q(1.0.0),10,1,Q,1997-Q4,6275,,,,
ABS:ERP_COMP_Q(1.0.0),10,1,Q,1998-Q1,6295.3,,,,
ABS:ERP_COMP_Q(1.0.0),10,1,Q,1998-Q2,6305.8,,,,
ABS:ERP_COMP_Q(1.0.0),10,1,Q,1998-Q3,6324.1,,,,
ABS:ERP_COMP_Q(1.0.0),10,1,Q,1998-Q4,6338.8,,,,
ABS:ERP_COMP_Q(1.0.0),10,1,Q,1999-Q1,6360.6,,,,
ABS:ERP_COMP_Q(1.0.0),10,1,Q,1999-Q2,6375.1,,,,
ABS:ERP_COMP_Q(1.0.0),10,1,Q,1999-Q3,6393.1,,,,
ABS:ERP_COMP_Q(1.0.0),10,1,Q,1999-Q4,6410,,,,
ABS:ERP_COMP_Q(1.0.0),10,1,Q,2000-Q1,6431.8,,,,
ABS:ERP_COMP_Q(1.0.0),10,1,Q,2000-Q2,6446.6,,,,
ABS:ERP_COMP_Q(1.0.0),10,1,Q,2000-Q3,6465.6,,,,
ABS:ERP_COMP_Q(1.0.0),10,1,Q,2000-Q4,6485.1,,,,
ABS:ERP_COMP_Q(1.0.0),10,1,Q,2001-Q1,6513.8,,,,
ABS:ERP_COMP_Q(1.0.0),10,1,Q,2001-Q2,6530.3,,,,
ABS:ERP_COMP_Q(1.0.0),10,1,Q,2001-Q3,6544.9,,,,
ABS:ERP_COMP_Q(1.0.0),10,1,Q,2001-Q4,6558.5,,,,
ABS:ERP_COMP_Q(1.0.0),10,1,Q,2002-Q1,6575.3,,,,
ABS:ERP_COMP_Q(1.0.0),10,1,Q,2002-Q2,6580.8,,,,
ABS:ERP_COMP_Q(1.0.0),10,1,Q,2002-Q3,6590.7,,,,
ABS:ERP_COMP_Q(1.0.0),10,1,Q,2002-Q4,6599.4,,,,
ABS:ERP_COMP_Q(1.0.0),10,1,Q,2003-Q1,6615.7,,,,
ABS:ERP_COMP_Q(1.0.0),10,1,Q,2003-Q2,6620.7,,,,
ABS:ERP_COMP_Q(1.0.0),10,1,Q,2003-Q3,6627.5,,,,
ABS:ERP_COMP_Q(1.0.0),10,1,Q,2003-Q4,6634.5,,,,
ABS:ERP_COMP_Q(1.0.0),10,1,Q,2004-Q1,6648.3,,,,
ABS:ERP_COMP_Q(1.0.0),10,1,Q,2004-Q2,6650.7,,,,
ABS:ERP_COMP_Q(1.0.0),10,1,Q,2004-Q3,6660.4,,,,
ABS:ERP_COMP_Q(1.0.0),10,1,Q,2004-Q4,6669.2,,,,
ABS:ERP_COMP_Q(1.0.0),10,1,Q,2005-Q1,6685.9,,,,
ABS:ERP_COMP_Q(1.0.0),10,1,Q,2005-Q2,6693.2,,,,
ABS:ERP_COMP_Q(1.0.0),10,1,Q,2005-Q3,6707.4,,,,
ABS:ERP_COMP_Q(1.0.0),10,1,Q,2005-Q4,6718,,,,
ABS:ERP_COMP_Q(1.0.0),10,1,Q,2006-Q1,6735.5,,,,
ABS:ERP_COMP_Q(1.0.0),10,1,Q,2006-Q2,6742.7,,,,
ABS:ERP_COMP_Q(1.0.0),10,1,Q,2006-Q3,6766.1,,,,
ABS:ERP_COMP_Q(1.0.0),10,1,Q,2006-Q4,6786.2,,,,
ABS:ERP_COMP_Q(1.0.0),10,1,Q,2007-Q1,6815.4,,,,
ABS:ERP_COMP_Q(1.0.0),10,1,Q,2007-Q2,6834.2,,,,
ABS:ERP_COMP_Q(1.0.0),10,1,Q,2007-Q3,6859.7,,,,
ABS:ERP_COMP_Q(1.0.0),10,1,Q,2007-Q4,6883.9,,,,
ABS:ERP_COMP_Q(1.0.0),10,1,Q,2008-Q1,6919.9,,,,
ABS:ERP_COMP_Q(1.0.0),10,1,Q,2008-Q2,6943.5,,,,
ABS:ERP_COMP_Q(1.0.0),10,1,Q,2008-Q3,6972.4,,,,
ABS:ERP_COMP_Q(1.0.0),10,1,Q,2008-Q4,7001.8,,,,
ABS:ERP_COMP_Q(1.0.0),10,1,Q,2009-Q1,7032.4,,,,
ABS:ERP_COMP_Q(1.0.0),10,1,Q,2009-Q2,7053.8,,,,
ABS:ERP_COMP_Q(1.0.0),10,1,Q,2009-Q3,7079.2,,,,
ABS:ERP_COMP_Q(1.0.0),10,1,Q,2009-Q4,7101.5,,,,
ABS:ERP_COMP_Q(1.0.0),10,1,Q,2010-Q1,7128.4,,,,
ABS:ERP_COMP_Q(1.0.0),10,1,Q,2010-Q2,7144.3,,,,
ABS:ERP_COMP_Q(1.0.0),10,1,Q,2010-Q3,7162.7,,,,
ABS:ERP_COMP_Q(1.0.0),10,1,Q,2010-Q4,7179.9,,,,
ABS:ERP_COMP_Q(1.0.0),10,1,Q,2011-Q1,7204.7,,,,
ABS:ERP_COMP_Q(1.0.0),10,1,Q,2011-Q2,7218.5,,,,
ABS:ERP_COMP_Q(1.0.0),10,1,Q,2011-Q3,7239.5,,,,
ABS:ERP_COMP_Q(1.0.0),10,1,Q,2011-Q4,7258.7,,,,
ABS:ERP_COMP_Q(1.0.0),10,1,Q,2012-Q1,7285,,,,
ABS:ERP_COMP_Q(1.0.0),10,1,Q,2012-Q2,7304.2,,,,
ABS:ERP_COMP_Q(1.0.0),10,1,Q,2012-Q3,7327.6,,,,
ABS:ERP_COMP_Q(1.0.0),10,1,Q,2012-Q4,7353.2,,,,
ABS:ERP_COMP_Q(1.0.0),10,1,Q,2013-Q1,7383,,,,
ABS:ERP_COMP_Q(1.0.0),10,1,Q,2013-Q2,7404,,,,
ABS:ERP_COMP_Q(1.0.0),10,1,Q,2013-Q3,7430.9,,,,
ABS:ERP_COMP_Q(1.0.0),10,1,Q,2013-Q4,7454.9,,,,
ABS:ERP_COMP_Q(1.0.0),10,1,Q,2014-Q1,7487.8,,,,
ABS:ERP_COMP_Q(1.0.0),10,1,Q,2014-Q2,7508.4,,,,
ABS:ERP_COMP_Q(1.0.0),10,1,Q,2014-Q3,7536.3,,,,
ABS:ERP_COMP_Q(1.0.0),10,1,Q,2014-Q4,7562.2,,,,
ABS:ERP_COMP_Q(1.0.0),10,1,Q,2015-Q1,7595.7,,,,
ABS:ERP_COMP_Q(1.0.0),10,1,Q,2015-Q2,7616.2,,,,
ABS:ERP_COMP_Q(1.0.0),10,1,Q,2015-Q3,7645.3,,,,
ABS:ERP_COMP_Q(1.0.0),10,1,Q,2015-Q4,7671.4,,,,
ABS:ERP_COMP_Q(1.0.0),10,1,Q,2016-Q1,7707.4,,,,
ABS:ERP_COMP_Q(1.0.0),10,1,Q,2016-Q2,7732.9,,,,
ABS:ERP_COMP_Q(1.0.0),10,1,Q,2016-Q3,7767.9,,,,
ABS:ERP_COMP_Q(1.0.0),10,1,Q,2016-Q4,7795.6,,,,
ABS:ERP_COMP_Q(1.0.0),10,1,Q,2017-Q1,7833.5,,,,
ABS:ERP_COMP_Q(1.0.0),10,1,Q,2017-Q2,7855.3,,,,
ABS:ERP_COMP_Q(1.0.0),10,1,Q,2017-Q3,7884.8,,,,
ABS:ERP_COMP_Q(1.0.0),10,1,Q,2017-Q4,7900.9,,,,
ABS:ERP_COMP_Q(1.0.0),10,1,Q,2018-Q1,7934.7,,,,
ABS:ERP_COMP_Q(1.0.0),10,1,Q,2018-Q2,7954.5,,,,
ABS:ERP_COMP_Q(1.0.0),10,1,Q,2018-Q3,7984.5,,,,
ABS:ERP_COMP_Q(1.0.0),10,1,Q,2018-Q4,8003.6,,,,
ABS:ERP_COMP_Q(1.0.0),10,1,Q,2019-Q1,8033,,,,
ABS:ERP_COMP_Q(1.0.0),10,1,Q,2019-Q2,8046.7,,,,
ABS:ERP_COMP_Q(1.0.0),10,1,Q,2019-Q3,8071.4,,,,
ABS:ERP_COMP_Q(1.0.0),10,1,Q,2019-Q4,8088.4,,,,
ABS:ERP_COMP_Q(1.0.0),10,1,Q,2020-Q1,8112,,,,
ABS:ERP_COMP_Q(1.0.0),10,1,Q,2020-Q2,8110.6,,,,
ABS:ERP_COMP_Q(1.0.0),10,1,Q,2020-Q3,8098.9,,,,
ABS:ERP_COMP_Q(1.0.0),10,1,Q,2020-Q4,8094.3,,,,
ABS:ERP_COMP_Q(1.0.0),10,1,Q,2021-Q1,8093,,,,
ABS:ERP_COMP_Q(1.0.0),10,1,Q,2021-Q2,8097.1,,,,
ABS:ERP_COMP_Q(1.0.0),10,1,Q,2021-Q3,8096.7,,,,
ABS:ERP_COMP_Q(1.0.0),10,1,Q,2021-Q4,8117.1,,,,
ABS:ERP_COMP_Q(1.0.0),10,1,Q,2022-Q1,8153.2,,,,
ABS:ERP_COMP_Q(1.0.0),10,1,Q,2022-Q2,8182.1,,,,
ABS:ERP_COMP_Q(1.0.0),10,1,Q,2022-Q3,8223.9,,,,
ABS:ERP_COMP_Q(1.0.0),10,1,Q,2022-Q4,8264,,,,
ABS:ERP_COMP_Q(1.0.0),10,1,Q,2023-Q1,8317.3,,,,
ABS:ERP_COMP_Q(1.0.0),10,1,Q,2023-Q2,8356.4,,,,
ABS:ERP_COMP_Q(1.0.0),10,1,Q,2023-Q3,8406.3,,,,
ABS:ERP_COMP_Q(1.0.0),10,1,Q,2023-Q4,8437.3,,,,
ABS:ERP_COMP_Q(1.0.0),10,1,Q,2024-Q1,8477.4,,,,
ABS:ERP_COMP_Q(1.0.0),10,1,Q,2024-Q2,8492.1,,,,
ABS:ERP_COMP_Q(1.0.0),10,1,Q,2024-Q3,8518.9,,,,
ABS:ERP_COMP_Q(1.0.0),10,1,Q,2024-Q4,8536.5,,,,
ABS:ERP_COMP_Q(1.0.0),10,1,Q,2025-Q1,8572.6,,,,
ABS:ERP_COMP_Q(1.0.0),10,1,Q,2025-Q2,8590.1,,,,
ABS:ERP_COMP_Q(1.0.0),10,1,Q,2025-Q3,8622.5,,,,
ABS:ERP_COMP_Q(1.0.0),10,1,Q,2025-Q4,8641.1,,,,
