DATAFLOW,MEASURE,INDEX,HOUSHOLD_TYPE,REGION,FREQ,TIME_PERIOD,OBS_VALUE,UNIT_MEASURE,BASE_PERIOD,OBS_STATUS,OBS_COMMENT
ABS:LCI(1.0.0),1,10001,P1,50,Q,1998-Q2,46.51,,,,
ABS:LCI(1.0.0),1,10001,P1,50,Q,1998-Q3,46.65,,,,
ABS:LCI(1.0.0),1,10001,P1,50,Q,1998-Q4,46.78,,,,
ABS:LCI(1.0.0),1,10001,P1,50,Q,1999-Q1,46.65,,,,
ABS:LCI(1.0.0),1,10001,P1,50,Q,1999-Q2,46.83,,,,
ABS:LCI(1.0.0),1,10001,P1,50,Q,1999-Q3,47.2,,,,
ABS:LCI(1.0.0),1,10001,P1,50,Q,1999-Q4,47.39,,,,
ABS:LCI(1.0.0),1,10001,P1,50,Q,2000-Q1,47.9,,,,
ABS:LCI(1.0.0),1,10001,P1,50,Q,2000-Q2,48.41,,,,
ABS:LCI(1.0.0),1,10001,P1,50,Q,2000-Q3,50.18,,,,
ABS:LCI(1.0.0),1,10001,P1,50,Q,2000-Q4,50.46,,,,
ABS:LCI(1.0.0),1,10001,P1,50,Q,2001-Q1,51.03,,,,
ABS:LCI(1.0.0),1,10001,P1,50,Q,2001-Q2,51.16,,,,
ABS:LCI(1.0.0),1,10001,P1,50,Q,2001-Q3,51.25,,,,
ABS:LCI(1.0.0),1,10001,P1,50,Q,2001-Q4,51.53,,,,
ABS:LCI(1.0.0),1,10001,P1,50,Q,2002-Q1,51.99,,,,
ABS:LCI(1.0.0),1,10001,P1,50,Q,2002-Q2,52.29,,,,
ABS:LCI(1.0.0),1,10001,P1,50,Q,2002-Q3,52.85,,,,
ABS:LCI(1.0.0),1,10001,P1,50,Q,2002-Q4,53.2,,,,
ABS:LCI(1.0.0),1,10001,P1,50,Q,2003-Q1,53.9,,,,
ABS:LCI(1.0.0),1,10001,P1,50,Q,2003-Q2,53.87,,,,
ABS:LCI(1.0.0),1,10001,P1,50,Q,2003-Q3,54.23,,,,
ABS:LCI(1.0.0),1,10001,P1,50,Q,2003-Q4,54.56,,,,
ABS:LCI(1.0.0),1,10001,P1,50,Q,2004-Q1,55.23,,,,
ABS:LCI(1.0.0),1,10001,P1,50,Q,2004-Q2,55.61,,,,
ABS:LCI(1.0.0),1,10001,P1,50,Q,2004-Q3,55.94,,,,
ABS:LCI(1.0.0),1,10001,P1,50,Q,2004-Q4,56.38,,,,
ABS:LCI(1.0.0),1,10001,P1,50,Q,2005-Q1,56.73,,,,
ABS:LCI(1.0.0),1,10001,P1,50,Q,2005-Q2,57.27,,,,
ABS:LCI(1.0.0),1,10001,P1,50,Q,2005-Q3,57.9,,,,
ABS:LCI(1.0.0),1,10001,P1,50,Q,2005-Q4,58.15,,,,
ABS:LCI(1.0.0),1,10001,P1,50,Q,2006-Q1,58.78,,,,
ABS:LCI(1.0.0),1,10001,P1,50,Q,2006-Q2,59.82,,,,
ABS:LCI(1.0.0),1,10001,P1,50,Q,2006-Q3,60.55,,,,
ABS:LCI(1.0.0),1,10001,P1,50,Q,2006-Q4,60.64,,,,
ABS:LCI(1.0.0),1,10001,P1,50,Q,2007-Q1,60.87,,,,
ABS:LCI(1.0.0),1,10001,P1,50,Q,2007-Q2,61.67,,,,
ABS:LCI(1.0.0),1,10001,P1,50,Q,2007-Q3,62.21,,,,
ABS:LCI(1.0.0),1,10001,P1,50,Q,2007-Q4,62.82,,,,
ABS:LCI(1.0.0),1,10001,P1,50,Q,2008-Q1,63.94,,,,
ABS:LCI(1.0.0),1,10001,P1,50,Q,2008-Q2,65.22,,,,
ABS:LCI(1.0.0),1,10001,P1,50,Q,2008-Q3,66.05,,,,
ABS:LCI(1.0.0),1,10001,P1,50,Q,2008-Q4,65.61,,,,
ABS:LCI(1.0.0),1,10001,P1,50,Q,2009-Q1,65.46,,,,
ABS:LCI(1.0.0),1,10001,P1,50,Q,2009-Q2,64.73,,,,
ABS:LCI(1.0.0),1,10001,P1,50,Q,2009-Q3,65.37,,,,
ABS:LCI(1.0.0),1,10001,P1,50,Q,2009-Q4,65.85,,,,
ABS:LCI(1.0.0),1,10001,P1,50,Q,2010-Q1,66.75,,,,
ABS:LCI(1.0.0),1,10001,P1,50,Q,2010-Q2,67.6,,,,
ABS:LCI(1.0.0),1,10001,P1,50,Q,2010-Q3,68.42,,,,
ABS:LCI(1.0.0),1,10001,P1,50,Q,2010-Q4,68.85,,,,
ABS:LCI(1.0.0),1,10001,P1,50,Q,2011-Q1,69.99,,,,
ABS:LCI(1.0.0),1,10001,P1,50,Q,2011-Q2,70.65,,,,
ABS:LCI(1.0.0),1,10001,P1,50,Q,2011-Q3,71.08,,,,
ABS:LCI(1.0.0),1,10001,P1,50,Q,2011-Q4,71.09,,,,
ABS:LCI(1.0.0),1,10001,P1,50,Q,2012-Q1,70.82,,,,
ABS:LCI(1.0.0),1,10001,P1,50,Q,2012-Q2,71.14,,,,
ABS:LCI(1.0.0),1,10001,P1,50,Q,2012-Q3,71.58,,,,
ABS:LCI(1.0.0),1,10001,P1,50,Q,2012-Q4,71.63,,,,
ABS:LCI(1.0.0),1,10001,P1,50,Q,2013-Q1,71.52,,,,
ABS:LCI(1.0.0),1,10001,P1,50,Q,2013-Q2,71.64,,,,
ABS:LCI(1.0.0),1,10001,P1,50,Q,2013-Q3,72.25,,,,
ABS:LCI(1.0.0),1,10001,P1,50,Q,2013-Q4,72.52,,,,
ABS:LCI(1.0.0),1,10001,P1,50,Q,2014-Q1,73,,,,
ABS:LCI(1.0.0),1,10001,P1,50,Q,2014-Q2,73.28,,,,
ABS:LCI(1.0.0),1,10001,P1,50,Q,2014-Q3,73.59,,,,
ABS:LCI(1.0.0),1,10001,P1,50,Q,2014-Q4,73.66,,,,
ABS:LCI(1.0.0),1,10001,P1,50,Q,2015-Q1,73.7,,,,
ABS:LCI(1.0.0),1,10001,P1,50,Q,2015-Q2,73.95,,,,
ABS:LCI(1.0.0),1,10001,P1,50,Q,2015-Q3,74.1,,,,
ABS:LCI(1.0.0),1,10001,P1,50,Q,2015-Q4,74.44,,,,
ABS:LCI(1.0.0),1,10001,P1,50,Q,2016-Q1,74.41,,,,
ABS:LCI(1.0.0),1,10001,P1,50,Q,2016-Q2,74.67,,,,
ABS:LCI(1.0.0),1,10001,P1,50,Q,2016-Q3,74.99,,,,
ABS:LCI(1.0.0),1,10001,P1,50,Q,2016-Q4,75.2,,,,
ABS:LCI(1.0.0),1,10001,P1,50,Q,2017-Q1,75.55,,,,
ABS:LCI(1.0.0),1,10001,P1,50,Q,2017-Q2,75.64,,,,
ABS:LCI(1.0.0),1,10001,P1,50,Q,2017-Q3,76.16,,,,
ABS:LCI(1.0.0),1,10001,P1,50,Q,2017-Q4,76.74,,,,
ABS:LCI(1.0.0),1,10001,P1,50,Q,2018-Q1,77.05,,,,
ABS:LCI(1.0.0),1,10001,P1,50,Q,2018-Q2,77.32,,,,
ABS:LCI(1.0.0),1,10001,P1,50,Q,2018-Q3,77.63,,,,
ABS:LCI(1.0.0),1,10001,P1,50,Q,2018-Q4,78.11,,,,
ABS:LCI(1.0.0),1,10001,P1,50,Q,2019-Q1,78.11,,,,
ABS:LCI(1.0.0),1,10001,P1,50,Q,2019-Q2,78.59,,,,
ABS:LCI(1.0.0),1,10001,P1,50,Q,2019-Q3,78.64,,,,
ABS:LCI(1.0.0),1,10001,P1,50,Q,2019-Q4,78.88,,,,
ABS:LCI(1.0.0),1,10001,P1,50,Q,2020-Q1,79,,,,
ABS:LCI(1.0.0),1,10001,P1,50,Q,2020-Q2,76.92,,,,
ABS:LCI(1.0.0),1,10001,P1,50,Q,2020-Q3,77.91,,,,
ABS:LCI(1.0.0),1,10001,P1,50,Q,2020-Q4,78.59,,,,
ABS:LCI(1.0.0),1,10001,P1,50,Q,2021-Q1,78.97,,,,
ABS:LCI(1.0.0),1,10001,P1,50,Q,2021-Q2,79.51,,,,
ABS:LCI(1.0.0),1,10001,P1,50,Q,2021-Q3,79.95,,,,
ABS:LCI(1.0.0),1,10001,P1,50,Q,2021-Q4,80.62,,,,
ABS:LCI(1.0.0),1,10001,P1,50,Q,2022-Q1,81.98,,,,
ABS:LCI(1.0.0),1,10001,P1,50,Q,2022-Q2,83.16,,,,
ABS:LCI(1.0.0),1,10001,P1,50,Q,2022-Q3,85.37,,,,
ABS:LCI(1.0.0),1,10001,P1,50,Q,2022-Q4,88.12,,,,
ABS:LCI(1.0.0),1,10001,P1,50,Q,2023-Q1,89.83,,,,
ABS:LCI(1.0.0),1,10001,P1,50,Q,2023-Q2,91.23,,,,
ABS:LCI(1.0.0),1,10001,P1,50,Q,2023-Q3,93.03,,,,
ABS:LCI(1.0.0),1,10001,P1,50,Q,2023-Q4,94.1,,,,
ABS:LCI(1.0.0),1,10001,P1,50,Q,2024-Q1,95.66,,,,
ABS:LCI(1.0.0),1,10001,P1,50,Q,2024-Q2,96.92,,,,
ABS:LCI(1.0.0),1,10001,P1,50,Q,2024-Q3,97.43,,,,
ABS:LCI(1.0.0),1,10001,P1,50,Q,2024-Q4,97.87,,,,
ABS:LCI(1.0.0),1,10001,P1,50,Q,2025-Q1,98.93,,,,
ABS:LCI(1.0.0),1,10001,P1,50,Q,2025-Q2,99.38,,,,
ABS:LCI(1.0.0),1,10001,P1,50,Q,2025-Q3,100,,,,
ABS:LCI(1.0.0),1,10001,P1,50,Q,2025-Q4,100.15,,,,
ABS:LCI(1.0.0),1,10001,P1,50,Q,2026-Q1,101.54,,,,
ABS:LCI(1.0.0),1,10001,P1,50,Q,2026-Q2,103.05,,,,
ABS:LCI(1.0.0),1,20006,P1,50,Q,2007-Q2,36.78,,,,
ABS:LCI(1.0.0),1,20006,P1,50,Q,2007-Q3,36.98,,,,
ABS:LCI(1.0.0),1,20006,P1,50,Q,2007-Q4,37.45,,,,
ABS:LCI(1.0.0),1,20006,P1,50,Q,2008-Q1,37.84,,,,
ABS:LCI(1.0.0),1,20006,P1,50,Q,2008-Q2,38.57,,,,
ABS:LCI(1.0.0),1,20006,P1,50,Q,2008-Q3,39.16,,,,
ABS:LCI(1.0.0),1,20006,P1,50,Q,2008-Q4,39.69,,,,
ABS:LCI(1.0.0),1,20006,P1,50,Q,2009-Q1,40.08,,,,
ABS:LCI(1.0.0),1,20006,P1,50,Q,2009-Q2,40.47,,,,
ABS:LCI(1.0.0),1,20006,P1,50,Q,2009-Q3,40.79,,,,
ABS:LCI(1.0.0),1,20006,P1,50,Q,2009-Q4,41.05,,,,
ABS:LCI(1.0.0),1,20006,P1,50,Q,2010-Q1,41.54,,,,
ABS:LCI(1.0.0),1,20006,P1,50,Q,2010-Q2,43.92,,,,
ABS:LCI(1.0.0),1,20006,P1,50,Q,2010-Q3,45.22,,,,
ABS:LCI(1.0.0),1,20006,P1,50,Q,2010-Q4,45.58,,,,
ABS:LCI(1.0.0),1,20006,P1,50,Q,2011-Q1,46.06,,,,
ABS:LCI(1.0.0),1,20006,P1,50,Q,2011-Q2,46.36,,,,
ABS:LCI(1.0.0),1,20006,P1,50,Q,2011-Q3,46.58,,,,
ABS:LCI(1.0.0),1,20006,P1,50,Q,2011-Q4,46.99,,,,
ABS:LCI(1.0.0),1,20006,P1,50,Q,2012-Q1,47.65,,,,
ABS:LCI(1.0.0),1,20006,P1,50,Q,2012-Q2,48.12,,,,
ABS:LCI(1.0.0),1,20006,P1,50,Q,2012-Q3,48.55,,,,
ABS:LCI(1.0.0),1,20006,P1,50,Q,2012-Q4,48.63,,,,
ABS:LCI(1.0.0),1,20006,P1,50,Q,2013-Q1,49.36,,,,
ABS:LCI(1.0.0),1,20006,P1,50,Q,2013-Q2,50.01,,,,
ABS:LCI(1.0.0),1,20006,P1,50,Q,2013-Q3,50.4,,,,
ABS:LCI(1.0.0),1,20006,P1,50,Q,2013-Q4,51.2,,,,
ABS:LCI(1.0.0),1,20006,P1,50,Q,2014-Q1,52.61,,,,
ABS:LCI(1.0.0),1,20006,P1,50,Q,2014-Q2,53.41,,,,
ABS:LCI(1.0.0),1,20006,P1,50,Q,2014-Q3,53.96,,,,
ABS:LCI(1.0.0),1,20006,P1,50,Q,2014-Q4,54.81,,,,
ABS:LCI(1.0.0),1,20006,P1,50,Q,2015-Q1,55.24,,,,
ABS:LCI(1.0.0),1,20006,P1,50,Q,2015-Q2,55.88,,,,
ABS:LCI(1.0.0),1,20006,P1,50,Q,2015-Q3,56.54,,,,
ABS:LCI(1.0.0),1,20006,P1,50,Q,2015-Q4,58,,,,
ABS:LCI(1.0.0),1,20006,P1,50,Q,2016-Q1,58.5,,,,
ABS:LCI(1.0.0),1,20006,P1,50,Q,2016-Q2,59.05,,,,
ABS:LCI(1.0.0),1,20006,P1,50,Q,2016-Q3,59.7,,,,
ABS:LCI(1.0.0),1,20006,P1,50,Q,2016-Q4,61.28,,,,
ABS:LCI(1.0.0),1,20006,P1,50,Q,2017-Q1,61.96,,,,
ABS:LCI(1.0.0),1,20006,P1,50,Q,2017-Q2,62.42,,,,
ABS:LCI(1.0.0),1,20006,P1,50,Q,2017-Q3,63.71,,,,
ABS:LCI(1.0.0),1,20006,P1,50,Q,2017-Q4,65.67,,,,
ABS:LCI(1.0.0),1,20006,P1,50,Q,2018-Q1,66.19,,,,
ABS:LCI(1.0.0),1,20006,P1,50,Q,2018-Q2,67.16,,,,
ABS:LCI(1.0.0),1,20006,P1,50,Q,2018-Q3,68.01,,,,
ABS:LCI(1.0.0),1,20006,P1,50,Q,2018-Q4,70.03,,,,
ABS:LCI(1.0.0),1,20006,P1,50,Q,2019-Q1,70.29,,,,
ABS:LCI(1.0.0),1,20006,P1,50,Q,2019-Q2,70.99,,,,
ABS:LCI(1.0.0),1,20006,P1,50,Q,2019-Q3,72.37,,,,
ABS:LCI(1.0.0),1,20006,P1,50,Q,2019-Q4,74.44,,,,
ABS:LCI(1.0.0),1,20006,P1,50,Q,2020-Q1,75.62,,,,
ABS:LCI(1.0.0),1,20006,P1,50,Q,2020-Q2,76.77,,,,
ABS:LCI(1.0.0),1,20006,P1,50,Q,2020-Q3,77.97,,,,
ABS:LCI(1.0.0),1,20006,P1,50,Q,2020-Q4,81.09,,,,
ABS:LCI(1.0.0),1,20006,P1,50,Q,2021-Q1,81.38,,,,
ABS:LCI(1.0.0),1,20006,P1,50,Q,2021-Q2,81.72,,,,
ABS:LCI(1.0.0),1,20006,P1,50,Q,2021-Q3,81.28,,,,
ABS:LCI(1.0.0),1,20006,P1,50,Q,2021-Q4,81.98,,,,
ABS:LCI(1.0.0),1,20006,P1,50,Q,2022-Q1,82.86,,,,
ABS:LCI(1.0.0),1,20006,P1,50,Q,2022-Q2,83.5,,,,
ABS:LCI(1.0.0),1,20006,P1,50,Q,2022-Q3,84.55,,,,
ABS:LCI(1.0.0),1,20006,P1,50,Q,2022-Q4,85.57,,,,
ABS:LCI(1.0.0),1,20006,P1,50,Q,2023-Q1,86.62,,,,
ABS:LCI(1.0.0),1,20006,P1,50,Q,2023-Q2,87.52,,,,
ABS:LCI(1.0.0),1,20006,P1,50,Q,2023-Q3,88.79,,,,
ABS:LCI(1.0.0),1,20006,P1,50,Q,2023-Q4,91.19,,,,
ABS:LCI(1.0.0),1,20006,P1,50,Q,2024-Q1,91.99,,,,
ABS:LCI(1.0.0),1,20006,P1,50,Q,2024-Q2,93.27,,,,
ABS:LCI(1.0.0),1,20006,P1,50,Q,2024-Q3,94.55,,,,
ABS:LCI(1.0.0),1,20006,P1,50,Q,2024-Q4,96.67,,,,
ABS:LCI(1.0.0),1,20006,P1,50,Q,2025-Q1,97.87,,,,
ABS:LCI(1.0.0),1,20006,P1,50,Q,2025-Q2,98.43,,,,
ABS:LCI(1.0.0),1,20006,P1,50,Q,2025-Q3,100,,,,
ABS:LCI(1.0.0),1,20006,P1,50,Q,2025-Q4,100.84,,,,
ABS:LCI(1.0.0),1,20006,P1,50,Q,2026-Q1,102.14,,,,
ABS:LCI(1.0.0),1,20006,P1,50,Q,2026-Q2,102.68,,,,
ABS:LCI(1.0.0),1,20004,P1,50,Q,2007-Q2,78.56,,,,
ABS:LCI(1.0.0),1,20004,P1,50,Q,2007-Q3,76.41,,,,
ABS:LCI(1.0.0),1,20004,P1,50,Q,2007-Q4,77.06,,,,
ABS:LCI(1.0.0),1,20004,P1,50,Q,2008-Q1,76.52,,,,
ABS:LCI(1.0.0),1,20004,P1,50,Q,2008-Q2,77.81,,,,
ABS:LCI(1.0.0),1,20004,P1,50,Q,2008-Q3,76.96,,,,
ABS:LCI(1.0.0),1,20004,P1,50,Q,2008-Q4,77.22,,,,
ABS:LCI(1.0.0),1,20004,P1,50,Q,2009-Q1,77.83,,,,
ABS:LCI(1.0.0),1,20004,P1,50,Q,2009-Q2,79.59,,,,
ABS:LCI(1.0.0),1,20004,P1,50,Q,2009-Q3,80.05,,,,
ABS:LCI(1.0.0),1,20004,P1,50,Q,2009-Q4,80.08,,,,
ABS:LCI(1.0.0),1,20004,P1,50,Q,2010-Q1,78.96,,,,
ABS:LCI(1.0.0),1,20004,P1,50,Q,2010-Q2,79.67,,,,
ABS:LCI(1.0.0),1,20004,P1,50,Q,2010-Q3,80.36,,,,
ABS:LCI(1.0.0),1,20004,P1,50,Q,2010-Q4,79.87,,,,
ABS:LCI(1.0.0),1,20004,P1,50,Q,2011-Q1,78.65,,,,
ABS:LCI(1.0.0),1,20004,P1,50,Q,2011-Q2,79.75,,,,
ABS:LCI(1.0.0),1,20004,P1,50,Q,2011-Q3,80.01,,,,
ABS:LCI(1.0.0),1,20004,P1,50,Q,2011-Q4,80.03,,,,
ABS:LCI(1.0.0),1,20004,P1,50,Q,2012-Q1,79.27,,,,
ABS:LCI(1.0.0),1,20004,P1,50,Q,2012-Q2,80.46,,,,
ABS:LCI(1.0.0),1,20004,P1,50,Q,2012-Q3,81.25,,,,
ABS:LCI(1.0.0),1,20004,P1,50,Q,2012-Q4,80.77,,,,
ABS:LCI(1.0.0),1,20004,P1,50,Q,2013-Q1,79.78,,,,
ABS:LCI(1.0.0),1,20004,P1,50,Q,2013-Q2,80.5,,,,
ABS:LCI(1.0.0),1,20004,P1,50,Q,2013-Q3,81.41,,,,
ABS:LCI(1.0.0),1,20004,P1,50,Q,2013-Q4,81.62,,,,
ABS:LCI(1.0.0),1,20004,P1,50,Q,2014-Q1,80.57,,,,
ABS:LCI(1.0.0),1,20004,P1,50,Q,2014-Q2,81.52,,,,
ABS:LCI(1.0.0),1,20004,P1,50,Q,2014-Q3,81.89,,,,
ABS:LCI(1.0.0),1,20004,P1,50,Q,2014-Q4,82.27,,,,
ABS:LCI(1.0.0),1,20004,P1,50,Q,2015-Q1,81.87,,,,
ABS:LCI(1.0.0),1,20004,P1,50,Q,2015-Q2,82.69,,,,
ABS:LCI(1.0.0),1,20004,P1,50,Q,2015-Q3,83.44,,,,
ABS:LCI(1.0.0),1,20004,P1,50,Q,2015-Q4,83.86,,,,
ABS:LCI(1.0.0),1,20004,P1,50,Q,2016-Q1,83.63,,,,
ABS:LCI(1.0.0),1,20004,P1,50,Q,2016-Q2,84.19,,,,
ABS:LCI(1.0.0),1,20004,P1,50,Q,2016-Q3,85.2,,,,
ABS:LCI(1.0.0),1,20004,P1,50,Q,2016-Q4,84.45,,,,
ABS:LCI(1.0.0),1,20004,P1,50,Q,2017-Q1,83.63,,,,
ABS:LCI(1.0.0),1,20004,P1,50,Q,2017-Q2,84.23,,,,
ABS:LCI(1.0.0),1,20004,P1,50,Q,2017-Q3,84.55,,,,
ABS:LCI(1.0.0),1,20004,P1,50,Q,2017-Q4,83.96,,,,
ABS:LCI(1.0.0),1,20004,P1,50,Q,2018-Q1,83.73,,,,
ABS:LCI(1.0.0),1,20004,P1,50,Q,2018-Q2,83.99,,,,
ABS:LCI(1.0.0),1,20004,P1,50,Q,2018-Q3,82.54,,,,
ABS:LCI(1.0.0),1,20004,P1,50,Q,2018-Q4,82.99,,,,
ABS:LCI(1.0.0),1,20004,P1,50,Q,2019-Q1,82.76,,,,
ABS:LCI(1.0.0),1,20004,P1,50,Q,2019-Q2,83.37,,,,
ABS:LCI(1.0.0),1,20004,P1,50,Q,2019-Q3,84.24,,,,
ABS:LCI(1.0.0),1,20004,P1,50,Q,2019-Q4,84.07,,,,
ABS:LCI(1.0.0),1,20004,P1,50,Q,2020-Q1,84.75,,,,
ABS:LCI(1.0.0),1,20004,P1,50,Q,2020-Q2,72.93,,,,
ABS:LCI(1.0.0),1,20004,P1,50,Q,2020-Q3,83.2,,,,
ABS:LCI(1.0.0),1,20004,P1,50,Q,2020-Q4,87.12,,,,
ABS:LCI(1.0.0),1,20004,P1,50,Q,2021-Q1,87.01,,,,
ABS:LCI(1.0.0),1,20004,P1,50,Q,2021-Q2,87.91,,,,
ABS:LCI(1.0.0),1,20004,P1,50,Q,2021-Q3,89.34,,,,
ABS:LCI(1.0.0),1,20004,P1,50,Q,2021-Q4,90.26,,,,
ABS:LCI(1.0.0),1,20004,P1,50,Q,2022-Q1,91.26,,,,
ABS:LCI(1.0.0),1,20004,P1,50,Q,2022-Q2,93.27,,,,
ABS:LCI(1.0.0),1,20004,P1,50,Q,2022-Q3,95.93,,,,
ABS:LCI(1.0.0),1,20004,P1,50,Q,2022-Q4,97.6,,,,
ABS:LCI(1.0.0),1,20004,P1,50,Q,2023-Q1,97.26,,,,
ABS:LCI(1.0.0),1,20004,P1,50,Q,2023-Q2,99.24,,,,
ABS:LCI(1.0.0),1,20004,P1,50,Q,2023-Q3,98.02,,,,
ABS:LCI(1.0.0),1,20004,P1,50,Q,2023-Q4,97.2,,,,
ABS:LCI(1.0.0),1,20004,P1,50,Q,2024-Q1,97.22,,,,
ABS:LCI(1.0.0),1,20004,P1,50,Q,2024-Q2,98.07,,,,
ABS:LCI(1.0.0),1,20004,P1,50,Q,2024-Q3,99,,,,
ABS:LCI(1.0.0),1,20004,P1,50,Q,2024-Q4,98.69,,,,
ABS:LCI(1.0.0),1,20004,P1,50,Q,2025-Q1,97.96,,,,
ABS:LCI(1.0.0),1,20004,P1,50,Q,2025-Q2,99,,,,
ABS:LCI(1.0.0),1,20004,P1,50,Q,2025-Q3,100,,,,
ABS:LCI(1.0.0),1,20004,P1,50,Q,2025-Q4,100.16,,,,
ABS:LCI(1.0.0),1,20004,P1,50,Q,2026-Q1,99.91,,,,
ABS:LCI(1.0.0),1,20004,P1,50,Q,2026-Q2,100.07,,,,
ABS:LCI(1.0.0),1,115489,P3,50,Q,2007-Q2,80.04,,,,
ABS:LCI(1.0.0),1,115489,P3,50,Q,2007-Q3,80.9,,,,
ABS:LCI(1.0.0),1,115489,P3,50,Q,2007-Q4,81.38,,,,
ABS:LCI(1.0.0),1,115489,P3,50,Q,2008-Q1,81.13,,,,
ABS:LCI(1.0.0),1,115489,P3,50,Q,2008-Q2,80.99,,,,
ABS:LCI(1.0.0),1,115489,P3,50,Q,2008-Q3,81.71,,,,
ABS:LCI(1.0.0),1,115489,P3,50,Q,2008-Q4,81.97,,,,
ABS:LCI(1.0.0),1,115489,P3,50,Q,2009-Q1,81.66,,,,
ABS:LCI(1.0.0),1,115489,P3,50,Q,2009-Q2,81.95,,,,
ABS:LCI(1.0.0),1,115489,P3,50,Q,2009-Q3,82.71,,,,
ABS:LCI(1.0.0),1,115489,P3,50,Q,2009-Q4,83.64,,,,
ABS:LCI(1.0.0),1,115489,P3,50,Q,2010-Q1,82.83,,,,
ABS:LCI(1.0.0),1,115489,P3,50,Q,2010-Q2,81.84,,,,
ABS:LCI(1.0.0),1,115489,P3,50,Q,2010-Q3,82.17,,,,
ABS:LCI(1.0.0),1,115489,P3,50,Q,2010-Q4,82.07,,,,
ABS:LCI(1.0.0),1,115489,P3,50,Q,2011-Q1,81.54,,,,
ABS:LCI(1.0.0),1,115489,P3,50,Q,2011-Q2,81.36,,,,
ABS:LCI(1.0.0),1,115489,P3,50,Q,2011-Q3,81.67,,,,
ABS:LCI(1.0.0),1,115489,P3,50,Q,2011-Q4,82.1,,,,
ABS:LCI(1.0.0),1,115489,P3,50,Q,2012-Q1,80.95,,,,
ABS:LCI(1.0.0),1,115489,P3,50,Q,2012-Q2,80.07,,,,
ABS:LCI(1.0.0),1,115489,P3,50,Q,2012-Q3,80.36,,,,
ABS:LCI(1.0.0),1,115489,P3,50,Q,2012-Q4,80.77,,,,
ABS:LCI(1.0.0),1,115489,P3,50,Q,2013-Q1,80.46,,,,
ABS:LCI(1.0.0),1,115489,P3,50,Q,2013-Q2,80.02,,,,
ABS:LCI(1.0.0),1,115489,P3,50,Q,2013-Q3,81,,,,
ABS:LCI(1.0.0),1,115489,P3,50,Q,2013-Q4,82.16,,,,
ABS:LCI(1.0.0),1,115489,P3,50,Q,2014-Q1,82.24,,,,
ABS:LCI(1.0.0),1,115489,P3,50,Q,2014-Q2,81.91,,,,
ABS:LCI(1.0.0),1,115489,P3,50,Q,2014-Q3,82.22,,,,
ABS:LCI(1.0.0),1,115489,P3,50,Q,2014-Q4,82.54,,,,
ABS:LCI(1.0.0),1,115489,P3,50,Q,2015-Q1,83.27,,,,
ABS:LCI(1.0.0),1,115489,P3,50,Q,2015-Q2,82.49,,,,
ABS:LCI(1.0.0),1,115489,P3,50,Q,2015-Q3,82.83,,,,
ABS:LCI(1.0.0),1,115489,P3,50,Q,2015-Q4,83.7,,,,
ABS:LCI(1.0.0),1,115489,P3,50,Q,2016-Q1,83.07,,,,
ABS:LCI(1.0.0),1,115489,P3,50,Q,2016-Q2,82.88,,,,
ABS:LCI(1.0.0),1,115489,P3,50,Q,2016-Q3,83.23,,,,
ABS:LCI(1.0.0),1,115489,P3,50,Q,2016-Q4,83.69,,,,
ABS:LCI(1.0.0),1,115489,P3,50,Q,2017-Q1,83.46,,,,
ABS:LCI(1.0.0),1,115489,P3,50,Q,2017-Q2,83.14,,,,
ABS:LCI(1.0.0),1,115489,P3,50,Q,2017-Q3,83.84,,,,
ABS:LCI(1.0.0),1,115489,P3,50,Q,2017-Q4,84.24,,,,
ABS:LCI(1.0.0),1,115489,P3,50,Q,2018-Q1,83.58,,,,
ABS:LCI(1.0.0),1,115489,P3,50,Q,2018-Q2,83.42,,,,
ABS:LCI(1.0.0),1,115489,P3,50,Q,2018-Q3,84.21,,,,
ABS:LCI(1.0.0),1,115489,P3,50,Q,2018-Q4,84.97,,,,
ABS:LCI(1.0.0),1,115489,P3,50,Q,2019-Q1,84.15,,,,
ABS:LCI(1.0.0),1,115489,P3,50,Q,2019-Q2,84.44,,,,
ABS:LCI(1.0.0),1,115489,P3,50,Q,2019-Q3,85.23,,,,
ABS:LCI(1.0.0),1,115489,P3,50,Q,2019-Q4,85.98,,,,
ABS:LCI(1.0.0),1,115489,P3,50,Q,2020-Q1,84.96,,,,
ABS:LCI(1.0.0),1,115489,P3,50,Q,2020-Q2,84.36,,,,
ABS:LCI(1.0.0),1,115489,P3,50,Q,2020-Q3,85.1,,,,
ABS:LCI(1.0.0),1,115489,P3,50,Q,2020-Q4,86.02,,,,
ABS:LCI(1.0.0),1,115489,P3,50,Q,2021-Q1,86.04,,,,
ABS:LCI(1.0.0),1,115489,P3,50,Q,2021-Q2,86.03,,,,
ABS:LCI(1.0.0),1,115489,P3,50,Q,2021-Q3,86.83,,,,
ABS:LCI(1.0.0),1,115489,P3,50,Q,2021-Q4,87.62,,,,
ABS:LCI(1.0.0),1,115489,P3,50,Q,2022-Q1,88.56,,,,
ABS:LCI(1.0.0),1,115489,P3,50,Q,2022-Q2,89.8,,,,
ABS:LCI(1.0.0),1,115489,P3,50,Q,2022-Q3,90.54,,,,
ABS:LCI(1.0.0),1,115489,P3,50,Q,2022-Q4,94.45,,,,
ABS:LCI(1.0.0),1,115489,P3,50,Q,2023-Q1,95.1,,,,
ABS:LCI(1.0.0),1,115489,P3,50,Q,2023-Q2,95.08,,,,
ABS:LCI(1.0.0),1,115489,P3,50,Q,2023-Q3,95.45,,,,
ABS:LCI(1.0.0),1,115489,P3,50,Q,2023-Q4,95.71,,,,
ABS:LCI(1.0.0),1,115489,P3,50,Q,2024-Q1,96.39,,,,
ABS:LCI(1.0.0),1,115489,P3,50,Q,2024-Q2,96.45,,,,
ABS:LCI(1.0.0),1,115489,P3,50,Q,2024-Q3,97.78,,,,
ABS:LCI(1.0.0),1,115489,P3,50,Q,2024-Q4,98.9,,,,
ABS:LCI(1.0.0),1,115489,P3,50,Q,2025-Q1,98.19,,,,
ABS:LCI(1.0.0),1,115489,P3,50,Q,2025-Q2,98.53,,,,
ABS:LCI(1.0.0),1,115489,P3,50,Q,2025-Q3,100,,,,
ABS:LCI(1.0.0),1,115489,P3,50,Q,2025-Q4,102.22,,,,
ABS:LCI(1.0.0),1,115489,P3,50,Q,2026-Q1,101.94,,,,
ABS:LCI(1.0.0),1,115489,P3,50,Q,2026-Q2,101.5,,,,
ABS:LCI(1.0.0),1,115493,PBLCI,50,Q,2007-Q2,46.4,,,,
ABS:LCI(1.0.0),1,115493,PBLCI,50,Q,2007-Q3,45.89,,,,
ABS:LCI(1.0.0),1,115493,PBLCI,50,Q,2007-Q4,45.93,,,,
ABS:LCI(1.0.0),1,115493,PBLCI,50,Q,2008-Q1,48.3,,,,
ABS:LCI(1.0.0),1,115493,PBLCI,50,Q,2008-Q2,48.3,,,,
ABS:LCI(1.0.0),1,115493,PBLCI,50,Q,2008-Q3,48.07,,,,
ABS:LCI(1.0.0),1,115493,PBLCI,50,Q,2008-Q4,48.07,,,,
ABS:LCI(1.0.0),1,115493,PBLCI,50,Q,2009-Q1,50.71,,,,
ABS:LCI(1.0.0),1,115493,PBLCI,50,Q,2009-Q2,50.73,,,,
ABS:LCI(1.0.0),1,115493,PBLCI,50,Q,2009-Q3,50.74,,,,
ABS:LCI(1.0.0),1,115493,PBLCI,50,Q,2009-Q4,50.77,,,,
ABS:LCI(1.0.0),1,115493,PBLCI,50,Q,2010-Q1,53.46,,,,
ABS:LCI(1.0.0),1,115493,PBLCI,50,Q,2010-Q2,53.47,,,,
ABS:LCI(1.0.0),1,115493,PBLCI,50,Q,2010-Q3,53.52,,,,
ABS:LCI(1.0.0),1,115493,PBLCI,50,Q,2010-Q4,53.51,,,,
ABS:LCI(1.0.0),1,115493,PBLCI,50,Q,2011-Q1,56.42,,,,
ABS:LCI(1.0.0),1,115493,PBLCI,50,Q,2011-Q2,56.43,,,,
ABS:LCI(1.0.0),1,115493,PBLCI,50,Q,2011-Q3,56.46,,,,
ABS:LCI(1.0.0),1,115493,PBLCI,50,Q,2011-Q4,56.49,,,,
ABS:LCI(1.0.0),1,115493,PBLCI,50,Q,2012-Q1,60.07,,,,
ABS:LCI(1.0.0),1,115493,PBLCI,50,Q,2012-Q2,60.1,,,,
ABS:LCI(1.0.0),1,115493,PBLCI,50,Q,2012-Q3,60.16,,,,
ABS:LCI(1.0.0),1,115493,PBLCI,50,Q,2012-Q4,60.17,,,,
ABS:LCI(1.0.0),1,115493,PBLCI,50,Q,2013-Q1,63.41,,,,
ABS:LCI(1.0.0),1,115493,PBLCI,50,Q,2013-Q2,63.27,,,,
ABS:LCI(1.0.0),1,115493,PBLCI,50,Q,2013-Q3,63.31,,,,
ABS:LCI(1.0.0),1,115493,PBLCI,50,Q,2013-Q4,63.32,,,,
ABS:LCI(1.0.0),1,115493,PBLCI,50,Q,2014-Q1,66.74,,,,
ABS:LCI(1.0.0),1,115493,PBLCI,50,Q,2014-Q2,66.76,,,,
ABS:LCI(1.0.0),1,115493,PBLCI,50,Q,2014-Q3,66.83,,,,
ABS:LCI(1.0.0),1,115493,PBLCI,50,Q,2014-Q4,66.87,,,,
ABS:LCI(1.0.0),1,115493,PBLCI,50,Q,2015-Q1,70.36,,,,
ABS:LCI(1.0.0),1,115493,PBLCI,50,Q,2015-Q2,70.38,,,,
ABS:LCI(1.0.0),1,115493,PBLCI,50,Q,2015-Q3,70.5,,,,
ABS:LCI(1.0.0),1,115493,PBLCI,50,Q,2015-Q4,70.5,,,,
ABS:LCI(1.0.0),1,115493,PBLCI,50,Q,2016-Q1,73.2,,,,
ABS:LCI(1.0.0),1,115493,PBLCI,50,Q,2016-Q2,73.21,,,,
ABS:LCI(1.0.0),1,115493,PBLCI,50,Q,2016-Q3,73.32,,,,
ABS:LCI(1.0.0),1,115493,PBLCI,50,Q,2016-Q4,73.33,,,,
ABS:LCI(1.0.0),1,115493,PBLCI,50,Q,2017-Q1,75.72,,,,
ABS:LCI(1.0.0),1,115493,PBLCI,50,Q,2017-Q2,75.72,,,,
ABS:LCI(1.0.0),1,115493,PBLCI,50,Q,2017-Q3,75.75,,,,
ABS:LCI(1.0.0),1,115493,PBLCI,50,Q,2017-Q4,75.79,,,,
ABS:LCI(1.0.0),1,115493,PBLCI,50,Q,2018-Q1,78.02,,,,
ABS:LCI(1.0.0),1,115493,PBLCI,50,Q,2018-Q2,78.06,,,,
ABS:LCI(1.0.0),1,115493,PBLCI,50,Q,2018-Q3,77.82,,,,
ABS:LCI(1.0.0),1,115493,PBLCI,50,Q,2018-Q4,77.85,,,,
ABS:LCI(1.0.0),1,115493,PBLCI,50,Q,2019-Q1,80.12,,,,
ABS:LCI(1.0.0),1,115493,PBLCI,50,Q,2019-Q2,80.16,,,,
ABS:LCI(1.0.0),1,115493,PBLCI,50,Q,2019-Q3,80.23,,,,
ABS:LCI(1.0.0),1,115493,PBLCI,50,Q,2019-Q4,80.27,,,,
ABS:LCI(1.0.0),1,115493,PBLCI,50,Q,2020-Q1,82.55,,,,
ABS:LCI(1.0.0),1,115493,PBLCI,50,Q,2020-Q2,78.76,,,,
ABS:LCI(1.0.0),1,115493,PBLCI,50,Q,2020-Q3,80.62,,,,
ABS:LCI(1.0.0),1,115493,PBLCI,50,Q,2020-Q4,81.86,,,,
ABS:LCI(1.0.0),1,115493,PBLCI,50,Q,2021-Q1,82.7,,,,
ABS:LCI(1.0.0),1,115493,PBLCI,50,Q,2021-Q2,82.72,,,,
ABS:LCI(1.0.0),1,115493,PBLCI,50,Q,2021-Q3,82.79,,,,
ABS:LCI(1.0.0),1,115493,PBLCI,50,Q,2021-Q4,82.8,,,,
ABS:LCI(1.0.0),1,115493,PBLCI,50,Q,2022-Q1,86.25,,,,
ABS:LCI(1.0.0),1,115493,PBLCI,50,Q,2022-Q2,86.24,,,,
ABS:LCI(1.0.0),1,115493,PBLCI,50,Q,2022-Q3,86.28,,,,
ABS:LCI(1.0.0),1,115493,PBLCI,50,Q,2022-Q4,86.36,,,,
ABS:LCI(1.0.0),1,115493,PBLCI,50,Q,2023-Q1,90.03,,,,
ABS:LCI(1.0.0),1,115493,PBLCI,50,Q,2023-Q2,89.78,,,,
ABS:LCI(1.0.0),1,115493,PBLCI,50,Q,2023-Q3,89.26,,,,
ABS:LCI(1.0.0),1,115493,PBLCI,50,Q,2023-Q4,89.2,,,,
ABS:LCI(1.0.0),1,115493,PBLCI,50,Q,2024-Q1,94.13,,,,
ABS:LCI(1.0.0),1,115493,PBLCI,50,Q,2024-Q2,94.33,,,,
ABS:LCI(1.0.0),1,115493,PBLCI,50,Q,2024-Q3,94.68,,,,
ABS:LCI(1.0.0),1,115493,PBLCI,50,Q,2024-Q4,94.64,,,,
ABS:LCI(1.0.0),1,115493,PBLCI,50,Q,2025-Q1,99.9,,,,
ABS:LCI(1.0.0),1,115493,PBLCI,50,Q,2025-Q2,99.87,,,,
ABS:LCI(1.0.0),1,115493,PBLCI,50,Q,2025-Q3,100,,,,
ABS:LCI(1.0.0),1,115493,PBLCI,50,Q,2025-Q4,100.1,,,,
ABS:LCI(1.0.0),1,115493,PBLCI,50,Q,2026-Q1,103.56,,,,
ABS:LCI(1.0.0),1,115493,PBLCI,50,Q,2026-Q2,105.34,,,,
ABS:LCI(1.0.0),1,131279,P1,50,Q,1998-Q2,56.4,,,,
ABS:LCI(1.0.0),1,131279,P1,50,Q,1998-Q3,55.89,,,,
ABS:LCI(1.0.0),1,131279,P1,50,Q,1998-Q4,55.5,,,,
ABS:LCI(1.0.0),1,131279,P1,50,Q,1999-Q1,54.59,,,,
ABS:LCI(1.0.0),1,131279,P1,50,Q,1999-Q2,53.75,,,,
ABS:LCI(1.0.0),1,131279,P1,50,Q,1999-Q3,53.02,,,,
ABS:LCI(1.0.0),1,131279,P1,50,Q,1999-Q4,53.3,,,,
ABS:LCI(1.0.0),1,131279,P1,50,Q,2000-Q1,52.96,,,,
ABS:LCI(1.0.0),1,131279,P1,50,Q,2000-Q2,51.7,,,,
ABS:LCI(1.0.0),1,131279,P1,50,Q,2000-Q3,53.8,,,,
ABS:LCI(1.0.0),1,131279,P1,50,Q,2000-Q4,55.15,,,,
ABS:LCI(1.0.0),1,131279,P1,50,Q,2001-Q1,54.92,,,,
ABS:LCI(1.0.0),1,131279,P1,50,Q,2001-Q2,54.64,,,,
ABS:LCI(1.0.0),1,131279,P1,50,Q,2001-Q3,54.37,,,,
ABS:LCI(1.0.0),1,131279,P1,50,Q,2001-Q4,54.1,,,,
ABS:LCI(1.0.0),1,131279,P1,50,Q,2002-Q1,55.13,,,,
ABS:LCI(1.0.0),1,131279,P1,50,Q,2002-Q2,54.32,,,,
ABS:LCI(1.0.0),1,131279,P1,50,Q,2002-Q3,54.79,,,,
ABS:LCI(1.0.0),1,131279,P1,50,Q,2002-Q4,55,,,,
ABS:LCI(1.0.0),1,131279,P1,50,Q,2003-Q1,55.35,,,,
ABS:LCI(1.0.0),1,131279,P1,50,Q,2003-Q2,56.02,,,,
ABS:LCI(1.0.0),1,131279,P1,50,Q,2003-Q3,56.44,,,,
ABS:LCI(1.0.0),1,131279,P1,50,Q,2003-Q4,56.69,,,,
ABS:LCI(1.0.0),1,131279,P1,50,Q,2004-Q1,56.9,,,,
ABS:LCI(1.0.0),1,131279,P1,50,Q,2004-Q2,57.65,,,,
ABS:LCI(1.0.0),1,131279,P1,50,Q,2004-Q3,59.37,,,,
ABS:LCI(1.0.0),1,131279,P1,50,Q,2004-Q4,59.68,,,,
ABS:LCI(1.0.0),1,131279,P1,50,Q,2005-Q1,60.15,,,,
ABS:LCI(1.0.0),1,131279,P1,50,Q,2005-Q2,60.51,,,,
ABS:LCI(1.0.0),1,131279,P1,50,Q,2005-Q3,60.95,,,,
ABS:LCI(1.0.0),1,131279,P1,50,Q,2005-Q4,60.39,,,,
ABS:LCI(1.0.0),1,131279,P1,50,Q,2006-Q1,60.66,,,,
ABS:LCI(1.0.0),1,131279,P1,50,Q,2006-Q2,61.4,,,,
ABS:LCI(1.0.0),1,131279,P1,50,Q,2006-Q3,62.52,,,,
ABS:LCI(1.0.0),1,131279,P1,50,Q,2006-Q4,63.67,,,,
ABS:LCI(1.0.0),1,131279,P1,50,Q,2007-Q1,64.57,,,,
ABS:LCI(1.0.0),1,131279,P1,50,Q,2007-Q2,64.57,,,,
ABS:LCI(1.0.0),1,131279,P1,50,Q,2007-Q3,66.67,,,,
ABS:LCI(1.0.0),1,131279,P1,50,Q,2007-Q4,68.12,,,,
ABS:LCI(1.0.0),1,131279,P1,50,Q,2008-Q1,70.35,,,,
ABS:LCI(1.0.0),1,131279,P1,50,Q,2008-Q2,71.8,,,,
ABS:LCI(1.0.0),1,131279,P1,50,Q,2008-Q3,74.23,,,,
ABS:LCI(1.0.0),1,131279,P1,50,Q,2008-Q4,78.09,,,,
ABS:LCI(1.0.0),1,131279,P1,50,Q,2009-Q1,74.73,,,,
ABS:LCI(1.0.0),1,131279,P1,50,Q,2009-Q2,72.68,,,,
ABS:LCI(1.0.0),1,131279,P1,50,Q,2009-Q3,72.84,,,,
ABS:LCI(1.0.0),1,131279,P1,50,Q,2009-Q4,74.55,,,,
ABS:LCI(1.0.0),1,131279,P1,50,Q,2010-Q1,77.16,,,,
ABS:LCI(1.0.0),1,131279,P1,50,Q,2010-Q2,79.01,,,,
ABS:LCI(1.0.0),1,131279,P1,50,Q,2010-Q3,80.75,,,,
ABS:LCI(1.0.0),1,131279,P1,50,Q,2010-Q4,82.77,,,,
ABS:LCI(1.0.0),1,131279,P1,50,Q,2011-Q1,84.21,,,,
ABS:LCI(1.0.0),1,131279,P1,50,Q,2011-Q2,84.8,,,,
ABS:LCI(1.0.0),1,131279,P1,50,Q,2011-Q3,86.89,,,,
ABS:LCI(1.0.0),1,131279,P1,50,Q,2011-Q4,87.24,,,,
ABS:LCI(1.0.0),1,131279,P1,50,Q,2012-Q1,86.45,,,,
ABS:LCI(1.0.0),1,131279,P1,50,Q,2012-Q2,86.49,,,,
ABS:LCI(1.0.0),1,131279,P1,50,Q,2012-Q3,85.79,,,,
ABS:LCI(1.0.0),1,131279,P1,50,Q,2012-Q4,85.62,,,,
ABS:LCI(1.0.0),1,131279,P1,50,Q,2013-Q1,85.5,,,,
ABS:LCI(1.0.0),1,131279,P1,50,Q,2013-Q2,84.18,,,,
ABS:LCI(1.0.0),1,131279,P1,50,Q,2013-Q3,84.89,,,,
ABS:LCI(1.0.0),1,131279,P1,50,Q,2013-Q4,84.56,,,,
ABS:LCI(1.0.0),1,131279,P1,50,Q,2014-Q1,85.32,,,,
ABS:LCI(1.0.0),1,131279,P1,50,Q,2014-Q2,84.23,,,,
ABS:LCI(1.0.0),1,131279,P1,50,Q,2014-Q3,85,,,,
ABS:LCI(1.0.0),1,131279,P1,50,Q,2014-Q4,84.37,,,,
ABS:LCI(1.0.0),1,131279,P1,50,Q,2015-Q1,84.79,,,,
ABS:LCI(1.0.0),1,131279,P1,50,Q,2015-Q2,83.75,,,,
ABS:LCI(1.0.0),1,131279,P1,50,Q,2015-Q3,84.26,,,,
ABS:LCI(1.0.0),1,131279,P1,50,Q,2015-Q4,84.01,,,,
ABS:LCI(1.0.0),1,131279,P1,50,Q,2016-Q1,84.61,,,,
ABS:LCI(1.0.0),1,131279,P1,50,Q,2016-Q2,84.78,,,,
ABS:LCI(1.0.0),1,131279,P1,50,Q,2016-Q3,85.3,,,,
ABS:LCI(1.0.0),1,131279,P1,50,Q,2016-Q4,84.81,,,,
ABS:LCI(1.0.0),1,131279,P1,50,Q,2017-Q1,84.56,,,,
ABS:LCI(1.0.0),1,131279,P1,50,Q,2017-Q2,84.9,,,,
ABS:LCI(1.0.0),1,131279,P1,50,Q,2017-Q3,85.9,,,,
ABS:LCI(1.0.0),1,131279,P1,50,Q,2017-Q4,85.98,,,,
ABS:LCI(1.0.0),1,131279,P1,50,Q,2018-Q1,87.03,,,,
ABS:LCI(1.0.0),1,131279,P1,50,Q,2018-Q2,86.73,,,,
ABS:LCI(1.0.0),1,131279,P1,50,Q,2018-Q3,87.38,,,,
ABS:LCI(1.0.0),1,131279,P1,50,Q,2018-Q4,87.32,,,,
ABS:LCI(1.0.0),1,131279,P1,50,Q,2019-Q1,86.7,,,,
ABS:LCI(1.0.0),1,131279,P1,50,Q,2019-Q2,86.69,,,,
ABS:LCI(1.0.0),1,131279,P1,50,Q,2019-Q3,87.61,,,,
ABS:LCI(1.0.0),1,131279,P1,50,Q,2019-Q4,87.17,,,,
ABS:LCI(1.0.0),1,131279,P1,50,Q,2020-Q1,87.02,,,,
ABS:LCI(1.0.0),1,131279,P1,50,Q,2020-Q2,88.56,,,,
ABS:LCI(1.0.0),1,131279,P1,50,Q,2020-Q3,85.18,,,,
ABS:LCI(1.0.0),1,131279,P1,50,Q,2020-Q4,82.75,,,,
ABS:LCI(1.0.0),1,131279,P1,50,Q,2021-Q1,82.04,,,,
ABS:LCI(1.0.0),1,131279,P1,50,Q,2021-Q2,80.72,,,,
ABS:LCI(1.0.0),1,131279,P1,50,Q,2021-Q3,81.6,,,,
ABS:LCI(1.0.0),1,131279,P1,50,Q,2021-Q4,79.5,,,,
ABS:LCI(1.0.0),1,131279,P1,50,Q,2022-Q1,78.39,,,,
ABS:LCI(1.0.0),1,131279,P1,50,Q,2022-Q2,77.69,,,,
ABS:LCI(1.0.0),1,131279,P1,50,Q,2022-Q3,78.47,,,,
ABS:LCI(1.0.0),1,131279,P1,50,Q,2022-Q4,79.95,,,,
ABS:LCI(1.0.0),1,131279,P1,50,Q,2023-Q1,82.31,,,,
ABS:LCI(1.0.0),1,131279,P1,50,Q,2023-Q2,83.54,,,,
ABS:LCI(1.0.0),1,131279,P1,50,Q,2023-Q3,86.4,,,,
ABS:LCI(1.0.0),1,131279,P1,50,Q,2023-Q4,88.89,,,,
ABS:LCI(1.0.0),1,131279,P1,50,Q,2024-Q1,90.98,,,,
ABS:LCI(1.0.0),1,131279,P1,50,Q,2024-Q2,92.91,,,,
ABS:LCI(1.0.0),1,131279,P1,50,Q,2024-Q3,95.83,,,,
ABS:LCI(1.0.0),1,131279,P1,50,Q,2024-Q4,96.06,,,,
ABS:LCI(1.0.0),1,131279,P1,50,Q,2025-Q1,98.49,,,,
ABS:LCI(1.0.0),1,131279,P1,50,Q,2025-Q2,99.66,,,,
ABS:LCI(1.0.0),1,131279,P1,50,Q,2025-Q3,100,,,,
ABS:LCI(1.0.0),1,131279,P1,50,Q,2025-Q4,99.48,,,,
ABS:LCI(1.0.0),1,131279,P1,50,Q,2026-Q1,100.87,,,,
ABS:LCI(1.0.0),1,131279,P1,50,Q,2026-Q2,102.03,,,,
ABS:LCI(1.0.0),1,131278,P2,50,Q,1998-Q2,26.25,,,,
ABS:LCI(1.0.0),1,131278,P2,50,Q,1998-Q3,26.46,,,,
ABS:LCI(1.0.0),1,131278,P2,50,Q,1998-Q4,26.67,,,,
ABS:LCI(1.0.0),1,131278,P2,50,Q,1999-Q1,26.28,,,,
ABS:LCI(1.0.0),1,131278,P2,50,Q,1999-Q2,26.22,,,,
ABS:LCI(1.0.0),1,131278,P2,50,Q,1999-Q3,26.51,,,,
ABS:LCI(1.0.0),1,131278,P2,50,Q,1999-Q4,26.96,,,,
ABS:LCI(1.0.0),1,131278,P2,50,Q,2000-Q1,28.56,,,,
ABS:LCI(1.0.0),1,131278,P2,50,Q,2000-Q2,28.94,,,,
ABS:LCI(1.0.0),1,131278,P2,50,Q,2000-Q3,33.51,,,,
ABS:LCI(1.0.0),1,131278,P2,50,Q,2000-Q4,34.77,,,,
ABS:LCI(1.0.0),1,131278,P2,50,Q,2001-Q1,35.2,,,,
ABS:LCI(1.0.0),1,131278,P2,50,Q,2001-Q2,31.21,,,,
ABS:LCI(1.0.0),1,131278,P2,50,Q,2001-Q3,30.57,,,,
ABS:LCI(1.0.0),1,131278,P2,50,Q,2001-Q4,29.43,,,,
ABS:LCI(1.0.0),1,131278,P2,50,Q,2002-Q1,29.97,,,,
ABS:LCI(1.0.0),1,131278,P2,50,Q,2002-Q2,28.95,,,,
ABS:LCI(1.0.0),1,131278,P2,50,Q,2002-Q3,31.63,,,,
ABS:LCI(1.0.0),1,131278,P2,50,Q,2002-Q4,32.48,,,,
ABS:LCI(1.0.0),1,131278,P2,50,Q,2003-Q1,33.24,,,,
ABS:LCI(1.0.0),1,131278,P2,50,Q,2003-Q2,34.07,,,,
ABS:LCI(1.0.0),1,131278,P2,50,Q,2003-Q3,34.98,,,,
ABS:LCI(1.0.0),1,131278,P2,50,Q,2003-Q4,36.14,,,,
ABS:LCI(1.0.0),1,131278,P2,50,Q,2004-Q1,39.37,,,,
ABS:LCI(1.0.0),1,131278,P2,50,Q,2004-Q2,40.91,,,,
ABS:LCI(1.0.0),1,131278,P2,50,Q,2004-Q3,41.95,,,,
ABS:LCI(1.0.0),1,131278,P2,50,Q,2004-Q4,42.96,,,,
ABS:LCI(1.0.0),1,131278,P2,50,Q,2005-Q1,43.9,,,,
ABS:LCI(1.0.0),1,131278,P2,50,Q,2005-Q2,46.21,,,,
ABS:LCI(1.0.0),1,131278,P2,50,Q,2005-Q3,47.16,,,,
ABS:LCI(1.0.0),1,131278,P2,50,Q,2005-Q4,47.15,,,,
ABS:LCI(1.0.0),1,131278,P2,50,Q,2006-Q1,48.73,,,,
ABS:LCI(1.0.0),1,131278,P2,50,Q,2006-Q2,49.97,,,,
ABS:LCI(1.0.0),1,131278,P2,50,Q,2006-Q3,52.35,,,,
ABS:LCI(1.0.0),1,131278,P2,50,Q,2006-Q4,54.89,,,,
ABS:LCI(1.0.0),1,131278,P2,50,Q,2007-Q1,56.87,,,,
ABS:LCI(1.0.0),1,131278,P2,50,Q,2007-Q2,58.26,,,,
ABS:LCI(1.0.0),1,131278,P2,50,Q,2007-Q3,60.93,,,,
ABS:LCI(1.0.0),1,131278,P2,50,Q,2007-Q4,62.47,,,,
ABS:LCI(1.0.0),1,131278,P2,50,Q,2008-Q1,67.08,,,,
ABS:LCI(1.0.0),1,131278,P2,50,Q,2008-Q2,73.01,,,,
ABS:LCI(1.0.0),1,131278,P2,50,Q,2008-Q3,74.75,,,,
ABS:LCI(1.0.0),1,131278,P2,50,Q,2008-Q4,72.13,,,,
ABS:LCI(1.0.0),1,131278,P2,50,Q,2009-Q1,64.35,,,,
ABS:LCI(1.0.0),1,131278,P2,50,Q,2009-Q2,49.73,,,,
ABS:LCI(1.0.0),1,131278,P2,50,Q,2009-Q3,49.75,,,,
ABS:LCI(1.0.0),1,131278,P2,50,Q,2009-Q4,51.94,,,,
ABS:LCI(1.0.0),1,131278,P2,50,Q,2010-Q1,57.1,,,,
ABS:LCI(1.0.0),1,131278,P2,50,Q,2010-Q2,62.66,,,,
ABS:LCI(1.0.0),1,131278,P2,50,Q,2010-Q3,66.04,,,,
ABS:LCI(1.0.0),1,131278,P2,50,Q,2010-Q4,68.02,,,,
ABS:LCI(1.0.0),1,131278,P2,50,Q,2011-Q1,71.14,,,,
ABS:LCI(1.0.0),1,131278,P2,50,Q,2011-Q2,72.12,,,,
ABS:LCI(1.0.0),1,131278,P2,50,Q,2011-Q3,72.55,,,,
ABS:LCI(1.0.0),1,131278,P2,50,Q,2011-Q4,72.85,,,,
ABS:LCI(1.0.0),1,131278,P2,50,Q,2012-Q1,69.91,,,,
ABS:LCI(1.0.0),1,131278,P2,50,Q,2012-Q2,69.59,,,,
ABS:LCI(1.0.0),1,131278,P2,50,Q,2012-Q3,65.23,,,,
ABS:LCI(1.0.0),1,131278,P2,50,Q,2012-Q4,64.02,,,,
ABS:LCI(1.0.0),1,131278,P2,50,Q,2013-Q1,61.46,,,,
ABS:LCI(1.0.0),1,131278,P2,50,Q,2013-Q2,60.85,,,,
ABS:LCI(1.0.0),1,131278,P2,50,Q,2013-Q3,58.59,,,,
ABS:LCI(1.0.0),1,131278,P2,50,Q,2013-Q4,56.8,,,,
ABS:LCI(1.0.0),1,131278,P2,50,Q,2014-Q1,57.46,,,,
ABS:LCI(1.0.0),1,131278,P2,50,Q,2014-Q2,57.87,,,,
ABS:LCI(1.0.0),1,131278,P2,50,Q,2014-Q3,58.14,,,,
ABS:LCI(1.0.0),1,131278,P2,50,Q,2014-Q4,58.69,,,,
ABS:LCI(1.0.0),1,131278,P2,50,Q,2015-Q1,58.65,,,,
ABS:LCI(1.0.0),1,131278,P2,50,Q,2015-Q2,56.84,,,,
ABS:LCI(1.0.0),1,131278,P2,50,Q,2015-Q3,55.62,,,,
ABS:LCI(1.0.0),1,131278,P2,50,Q,2015-Q4,56.26,,,,
ABS:LCI(1.0.0),1,131278,P2,50,Q,2016-Q1,57.85,,,,
ABS:LCI(1.0.0),1,131278,P2,50,Q,2016-Q2,57.68,,,,
ABS:LCI(1.0.0),1,131278,P2,50,Q,2016-Q3,55.39,,,,
ABS:LCI(1.0.0),1,131278,P2,50,Q,2016-Q4,53.88,,,,
ABS:LCI(1.0.0),1,131278,P2,50,Q,2017-Q1,54.74,,,,
ABS:LCI(1.0.0),1,131278,P2,50,Q,2017-Q2,54.85,,,,
ABS:LCI(1.0.0),1,131278,P2,50,Q,2017-Q3,55.98,,,,
ABS:LCI(1.0.0),1,131278,P2,50,Q,2017-Q4,56.28,,,,
ABS:LCI(1.0.0),1,131278,P2,50,Q,2018-Q1,56.48,,,,
ABS:LCI(1.0.0),1,131278,P2,50,Q,2018-Q2,56.67,,,,
ABS:LCI(1.0.0),1,131278,P2,50,Q,2018-Q3,56.83,,,,
ABS:LCI(1.0.0),1,131278,P2,50,Q,2018-Q4,57.58,,,,
ABS:LCI(1.0.0),1,131278,P2,50,Q,2019-Q1,57.74,,,,
ABS:LCI(1.0.0),1,131278,P2,50,Q,2019-Q2,57.76,,,,
ABS:LCI(1.0.0),1,131278,P2,50,Q,2019-Q3,53.46,,,,
ABS:LCI(1.0.0),1,131278,P2,50,Q,2019-Q4,50.83,,,,
ABS:LCI(1.0.0),1,131278,P2,50,Q,2020-Q1,49.56,,,,
ABS:LCI(1.0.0),1,131278,P2,50,Q,2020-Q2,47.08,,,,
ABS:LCI(1.0.0),1,131278,P2,50,Q,2020-Q3,44.01,,,,
ABS:LCI(1.0.0),1,131278,P2,50,Q,2020-Q4,43.07,,,,
ABS:LCI(1.0.0),1,131278,P2,50,Q,2021-Q1,42.08,,,,
ABS:LCI(1.0.0),1,131278,P2,50,Q,2021-Q2,41.09,,,,
ABS:LCI(1.0.0),1,131278,P2,50,Q,2021-Q3,40.4,,,,
ABS:LCI(1.0.0),1,131278,P2,50,Q,2021-Q4,39.75,,,,
ABS:LCI(1.0.0),1,131278,P2,50,Q,2022-Q1,39.77,,,,
ABS:LCI(1.0.0),1,131278,P2,50,Q,2022-Q2,40.77,,,,
ABS:LCI(1.0.0),1,131278,P2,50,Q,2022-Q3,50.64,,,,
ABS:LCI(1.0.0),1,131278,P2,50,Q,2022-Q4,64.22,,,,
ABS:LCI(1.0.0),1,131278,P2,50,Q,2023-Q1,71.31,,,,
ABS:LCI(1.0.0),1,131278,P2,50,Q,2023-Q2,78.3,,,,
ABS:LCI(1.0.0),1,131278,P2,50,Q,2023-Q3,85.56,,,,
ABS:LCI(1.0.0),1,131278,P2,50,Q,2023-Q4,90.2,,,,
ABS:LCI(1.0.0),1,131278,P2,50,Q,2024-Q1,96.62,,,,
ABS:LCI(1.0.0),1,131278,P2,50,Q,2024-Q2,99.16,,,,
ABS:LCI(1.0.0),1,131278,P2,50,Q,2024-Q3,101.91,,,,
ABS:LCI(1.0.0),1,131278,P2,50,Q,2024-Q4,103.69,,,,
ABS:LCI(1.0.0),1,131278,P2,50,Q,2025-Q1,105.29,,,,
ABS:LCI(1.0.0),1,131278,P2,50,Q,2025-Q2,103.87,,,,
ABS:LCI(1.0.0),1,131278,P2,50,Q,2025-Q3,100,,,,
ABS:LCI(1.0.0),1,131278,P2,50,Q,2025-Q4,97.3,,,,
ABS:LCI(1.0.0),1,131278,P2,50,Q,2026-Q1,98.85,,,,
ABS:LCI(1.0.0),1,131278,P2,50,Q,2026-Q2,107.03,,,,
ABS:LCI(1.0.0),2,20001,P1,50,Q,2007-Q3,1.8,,,,
ABS:LCI(1.0.0),2,20001,P1,50,Q,2007-Q4,0,,,,
ABS:LCI(1.0.0),2,20001,P1,50,Q,2008-Q1,2.1,,,,
ABS:LCI(1.0.0),2,20001,P1,50,Q,2008-Q2,0.1,,,,
ABS:LCI(1.0.0),2,20001,P1,50,Q,2008-Q3,1.3,,,,
ABS:LCI(1.0.0),2,20001,P1,50,Q,2008-Q4,2,,,,
ABS:LCI(1.0.0),2,20001,P1,50,Q,2009-Q1,2.2,,,,
ABS:LCI(1.0.0),2,20001,P1,50,Q,2009-Q2,-0.9,,,,
ABS:LCI(1.0.0),2,20001,P1,50,Q,2009-Q3,-0.7,,,,
ABS:LCI(1.0.0),2,20001,P1,50,Q,2009-Q4,1.4,,,,
ABS:LCI(1.0.0),2,20001,P1,50,Q,2010-Q1,1.1,,,,
ABS:LCI(1.0.0),2,20001,P1,50,Q,2010-Q2,-0.3,,,,
ABS:LCI(1.0.0),2,20001,P1,50,Q,2010-Q3,-0.4,,,,
ABS:LCI(1.0.0),2,20001,P1,50,Q,2010-Q4,2.1,,,,
ABS:LCI(1.0.0),2,20001,P1,50,Q,2011-Q1,2.8,,,,
ABS:LCI(1.0.0),2,20001,P1,50,Q,2011-Q2,1.3,,,,
ABS:LCI(1.0.0),2,20001,P1,50,Q,2011-Q3,-0.2,,,,
ABS:LCI(1.0.0),2,20001,P1,50,Q,2011-Q4,-1.4,,,,
ABS:LCI(1.0.0),2,20001,P1,50,Q,2012-Q1,-2,,,,
ABS:LCI(1.0.0),2,20001,P1,50,Q,2012-Q2,0.6,,,,
ABS:LCI(1.0.0),2,20001,P1,50,Q,2012-Q3,1.9,,,,
ABS:LCI(1.0.0),2,20001,P1,50,Q,2012-Q4,-0.1,,,,
ABS:LCI(1.0.0),2,20001,P1,50,Q,2013-Q1,-0.7,,,,
ABS:LCI(1.0.0),2,20001,P1,50,Q,2013-Q2,0.1,,,,
ABS:LCI(1.0.0),2,20001,P1,50,Q,2013-Q3,0.2,,,,
ABS:LCI(1.0.0),2,20001,P1,50,Q,2013-Q4,1.5,,,,
ABS:LCI(1.0.0),2,20001,P1,50,Q,2014-Q1,0.3,,,,
ABS:LCI(1.0.0),2,20001,P1,50,Q,2014-Q2,0.4,,,,
ABS:LCI(1.0.0),2,20001,P1,50,Q,2014-Q3,1.1,,,,
ABS:LCI(1.0.0),2,20001,P1,50,Q,2014-Q4,0.1,,,,
ABS:LCI(1.0.0),2,20001,P1,50,Q,2015-Q1,0.3,,,,
ABS:LCI(1.0.0),2,20001,P1,50,Q,2015-Q2,-0.2,,,,
ABS:LCI(1.0.0),2,20001,P1,50,Q,2015-Q3,0.1,,,,
ABS:LCI(1.0.0),2,20001,P1,50,Q,2015-Q4,0.3,,,,
ABS:LCI(1.0.0),2,20001,P1,50,Q,2016-Q1,-0.1,,,,
ABS:LCI(1.0.0),2,20001,P1,50,Q,2016-Q2,-0.3,,,,
ABS:LCI(1.0.0),2,20001,P1,50,Q,2016-Q3,1.6,,,,
ABS:LCI(1.0.0),2,20001,P1,50,Q,2016-Q4,0.6,,,,
ABS:LCI(1.0.0),2,20001,P1,50,Q,2017-Q1,-0.2,,,,
ABS:LCI(1.0.0),2,20001,P1,50,Q,2017-Q2,-0.1,,,,
ABS:LCI(1.0.0),2,20001,P1,50,Q,2017-Q3,-0.9,,,,
ABS:LCI(1.0.0),2,20001,P1,50,Q,2017-Q4,1.1,,,,
ABS:LCI(1.0.0),2,20001,P1,50,Q,2018-Q1,0.5,,,,
ABS:LCI(1.0.0),2,20001,P1,50,Q,2018-Q2,-0.4,,,,
ABS:LCI(1.0.0),2,20001,P1,50,Q,2018-Q3,0.5,,,,
ABS:LCI(1.0.0),2,20001,P1,50,Q,2018-Q4,0.9,,,,
ABS:LCI(1.0.0),2,20001,P1,50,Q,2019-Q1,1.4,,,,
ABS:LCI(1.0.0),2,20001,P1,50,Q,2019-Q2,-0.4,,,,
ABS:LCI(1.0.0),2,20001,P1,50,Q,2019-Q3,0.4,,,,
ABS:LCI(1.0.0),2,20001,P1,50,Q,2019-Q4,1.2,,,,
ABS:LCI(1.0.0),2,20001,P1,50,Q,2020-Q1,1.9,,,,
ABS:LCI(1.0.0),2,20001,P1,50,Q,2020-Q2,0.5,,,,
ABS:LCI(1.0.0),2,20001,P1,50,Q,2020-Q3,-0.4,,,,
ABS:LCI(1.0.0),2,20001,P1,50,Q,2020-Q4,0.2,,,,
ABS:LCI(1.0.0),2,20001,P1,50,Q,2021-Q1,0.4,,,,
ABS:LCI(1.0.0),2,20001,P1,50,Q,2021-Q2,0.5,,,,
ABS:LCI(1.0.0),2,20001,P1,50,Q,2021-Q3,0.3,,,,
ABS:LCI(1.0.0),2,20001,P1,50,Q,2021-Q4,0.6,,,,
ABS:LCI(1.0.0),2,20001,P1,50,Q,2022-Q1,2.7,,,,
ABS:LCI(1.0.0),2,20001,P1,50,Q,2022-Q2,2,,,,
ABS:LCI(1.0.0),2,20001,P1,50,Q,2022-Q3,3.2,,,,
ABS:LCI(1.0.0),2,20001,P1,50,Q,2022-Q4,0.9,,,,
ABS:LCI(1.0.0),2,20001,P1,50,Q,2023-Q1,1.6,,,,
ABS:LCI(1.0.0),2,20001,P1,50,Q,2023-Q2,1.6,,,,
ABS:LCI(1.0.0),2,20001,P1,50,Q,2023-Q3,0.7,,,,
ABS:LCI(1.0.0),2,20001,P1,50,Q,2023-Q4,0.6,,,,
ABS:LCI(1.0.0),2,20001,P1,50,Q,2024-Q1,0.9,,,,
ABS:LCI(1.0.0),2,20001,P1,50,Q,2024-Q2,1.2,,,,
ABS:LCI(1.0.0),2,20001,P1,50,Q,2024-Q3,0.7,,,,
ABS:LCI(1.0.0),2,20001,P1,50,Q,2024-Q4,0.2,,,,
ABS:LCI(1.0.0),2,20001,P1,50,Q,2025-Q1,1.2,,,,
ABS:LCI(1.0.0),2,20001,P1,50,Q,2025-Q2,0.9,,,,
ABS:LCI(1.0.0),2,20001,P1,50,Q,2025-Q3,0.7,,,,
ABS:LCI(1.0.0),2,20001,P1,50,Q,2025-Q4,0.4,,,,
ABS:LCI(1.0.0),2,20001,P1,50,Q,2026-Q1,1,,,,
ABS:LCI(1.0.0),2,20001,P1,50,Q,2026-Q2,1,,,,
ABS:LCI(1.0.0),2,20002,PBLCI,50,Q,2007-Q3,0.6,,,,
ABS:LCI(1.0.0),2,20002,PBLCI,50,Q,2007-Q4,0.2,,,,
ABS:LCI(1.0.0),2,20002,PBLCI,50,Q,2008-Q1,-2.2,,,,
ABS:LCI(1.0.0),2,20002,PBLCI,50,Q,2008-Q2,2.6,,,,
ABS:LCI(1.0.0),2,20002,PBLCI,50,Q,2008-Q3,-0.7,,,,
ABS:LCI(1.0.0),2,20002,PBLCI,50,Q,2008-Q4,0.2,,,,
ABS:LCI(1.0.0),2,20002,PBLCI,50,Q,2009-Q1,-0.5,,,,
ABS:LCI(1.0.0),2,20002,PBLCI,50,Q,2009-Q2,2,,,,
ABS:LCI(1.0.0),2,20002,PBLCI,50,Q,2009-Q3,0.5,,,,
ABS:LCI(1.0.0),2,20002,PBLCI,50,Q,2009-Q4,0.1,,,,
ABS:LCI(1.0.0),2,20002,PBLCI,50,Q,2010-Q1,-4.2,,,,
ABS:LCI(1.0.0),2,20002,PBLCI,50,Q,2010-Q2,-0.3,,,,
ABS:LCI(1.0.0),2,20002,PBLCI,50,Q,2010-Q3,1.4,,,,
ABS:LCI(1.0.0),2,20002,PBLCI,50,Q,2010-Q4,-1.6,,,,
ABS:LCI(1.0.0),2,20002,PBLCI,50,Q,2011-Q1,-1.2,,,,
ABS:LCI(1.0.0),2,20002,PBLCI,50,Q,2011-Q2,2.1,,,,
ABS:LCI(1.0.0),2,20002,PBLCI,50,Q,2011-Q3,1.3,,,,
ABS:LCI(1.0.0),2,20002,PBLCI,50,Q,2011-Q4,-0.2,,,,
ABS:LCI(1.0.0),2,20002,PBLCI,50,Q,2012-Q1,-2.3,,,,
ABS:LCI(1.0.0),2,20002,PBLCI,50,Q,2012-Q2,1.5,,,,
ABS:LCI(1.0.0),2,20002,PBLCI,50,Q,2012-Q3,0.4,,,,
ABS:LCI(1.0.0),2,20002,PBLCI,50,Q,2012-Q4,0.3,,,,
ABS:LCI(1.0.0),2,20002,PBLCI,50,Q,2013-Q1,-3.6,,,,
ABS:LCI(1.0.0),2,20002,PBLCI,50,Q,2013-Q2,2.8,,,,
ABS:LCI(1.0.0),2,20002,PBLCI,50,Q,2013-Q3,1,,,,
ABS:LCI(1.0.0),2,20002,PBLCI,50,Q,2013-Q4,-1,,,,
ABS:LCI(1.0.0),2,20002,PBLCI,50,Q,2014-Q1,-2.4,,,,
ABS:LCI(1.0.0),2,20002,PBLCI,50,Q,2014-Q2,1.9,,,,
ABS:LCI(1.0.0),2,20002,PBLCI,50,Q,2014-Q3,-1.3,,,,
ABS:LCI(1.0.0),2,20002,PBLCI,50,Q,2014-Q4,0.3,,,,
ABS:LCI(1.0.0),2,20002,PBLCI,50,Q,2015-Q1,-1.9,,,,
ABS:LCI(1.0.0),2,20002,PBLCI,50,Q,2015-Q2,1.5,,,,
ABS:LCI(1.0.0),2,20002,PBLCI,50,Q,2015-Q3,-1,,,,
ABS:LCI(1.0.0),2,20002,PBLCI,50,Q,2015-Q4,1.3,,,,
ABS:LCI(1.0.0),2,20002,PBLCI,50,Q,2016-Q1,-2.5,,,,
ABS:LCI(1.0.0),2,20002,PBLCI,50,Q,2016-Q2,2.1,,,,
ABS:LCI(1.0.0),2,20002,PBLCI,50,Q,2016-Q3,-0.4,,,,
ABS:LCI(1.0.0),2,20002,PBLCI,50,Q,2016-Q4,0,,,,
ABS:LCI(1.0.0),2,20002,PBLCI,50,Q,2017-Q1,-2,,,,
ABS:LCI(1.0.0),2,20002,PBLCI,50,Q,2017-Q2,-0.5,,,,
ABS:LCI(1.0.0),2,20002,PBLCI,50,Q,2017-Q3,-1.1,,,,
ABS:LCI(1.0.0),2,20002,PBLCI,50,Q,2017-Q4,-0.4,,,,
ABS:LCI(1.0.0),2,20002,PBLCI,50,Q,2018-Q1,-2.3,,,,
ABS:LCI(1.0.0),2,20002,PBLCI,50,Q,2018-Q2,1.4,,,,
ABS:LCI(1.0.0),2,20002,PBLCI,50,Q,2018-Q3,0,,,,
ABS:LCI(1.0.0),2,20002,PBLCI,50,Q,2018-Q4,-0.2,,,,
ABS:LCI(1.0.0),2,20002,PBLCI,50,Q,2019-Q1,-1.4,,,,
ABS:LCI(1.0.0),2,20002,PBLCI,50,Q,2019-Q2,2,,,,
ABS:LCI(1.0.0),2,20002,PBLCI,50,Q,2019-Q3,1.4,,,,
ABS:LCI(1.0.0),2,20002,PBLCI,50,Q,2019-Q4,-0.9,,,,
ABS:LCI(1.0.0),2,20002,PBLCI,50,Q,2020-Q1,-0.8,,,,
ABS:LCI(1.0.0),2,20002,PBLCI,50,Q,2020-Q2,0.4,,,,
ABS:LCI(1.0.0),2,20002,PBLCI,50,Q,2020-Q3,0.6,,,,
ABS:LCI(1.0.0),2,20002,PBLCI,50,Q,2020-Q4,-1.5,,,,
ABS:LCI(1.0.0),2,20002,PBLCI,50,Q,2021-Q1,-0.3,,,,
ABS:LCI(1.0.0),2,20002,PBLCI,50,Q,2021-Q2,0.8,,,,
ABS:LCI(1.0.0),2,20002,PBLCI,50,Q,2021-Q3,-4.4,,,,
ABS:LCI(1.0.0),2,20002,PBLCI,50,Q,2021-Q4,2.7,,,,
ABS:LCI(1.0.0),2,20002,PBLCI,50,Q,2022-Q1,-1.1,,,,
ABS:LCI(1.0.0),2,20002,PBLCI,50,Q,2022-Q2,4,,,,
ABS:LCI(1.0.0),2,20002,PBLCI,50,Q,2022-Q3,-0.3,,,,
ABS:LCI(1.0.0),2,20002,PBLCI,50,Q,2022-Q4,2.6,,,,
ABS:LCI(1.0.0),2,20002,PBLCI,50,Q,2023-Q1,-3.2,,,,
ABS:LCI(1.0.0),2,20002,PBLCI,50,Q,2023-Q2,0.8,,,,
ABS:LCI(1.0.0),2,20002,PBLCI,50,Q,2023-Q3,0.1,,,,
ABS:LCI(1.0.0),2,20002,PBLCI,50,Q,2023-Q4,1,,,,
ABS:LCI(1.0.0),2,20002,PBLCI,50,Q,2024-Q1,-0.9,,,,
ABS:LCI(1.0.0),2,20002,PBLCI,50,Q,2024-Q2,2.9,,,,
ABS:LCI(1.0.0),2,20002,PBLCI,50,Q,2024-Q3,-0.9,,,,
ABS:LCI(1.0.0),2,20002,PBLCI,50,Q,2024-Q4,0.2,,,,
ABS:LCI(1.0.0),2,20002,PBLCI,50,Q,2025-Q1,-1.1,,,,
ABS:LCI(1.0.0),2,20002,PBLCI,50,Q,2025-Q2,3.3,,,,
ABS:LCI(1.0.0),2,20002,PBLCI,50,Q,2025-Q3,-0.2,,,,
ABS:LCI(1.0.0),2,20002,PBLCI,50,Q,2025-Q4,-0.4,,,,
ABS:LCI(1.0.0),2,20002,PBLCI,50,Q,2026-Q1,2.1,,,,
ABS:LCI(1.0.0),2,20002,PBLCI,50,Q,2026-Q2,1,,,,
ABS:LCI(1.0.0),2,115488,PBLCI,50,Q,2007-Q3,-0.2,,,,
ABS:LCI(1.0.0),2,115488,PBLCI,50,Q,2007-Q4,-0.3,,,,
ABS:LCI(1.0.0),2,115488,PBLCI,50,Q,2008-Q1,0,,,,
ABS:LCI(1.0.0),2,115488,PBLCI,50,Q,2008-Q2,0,,,,
ABS:LCI(1.0.0),2,115488,PBLCI,50,Q,2008-Q3,-0.1,,,,
ABS:LCI(1.0.0),2,115488,PBLCI,50,Q,2008-Q4,0.4,,,,
ABS:LCI(1.0.0),2,115488,PBLCI,50,Q,2009-Q1,0.4,,,,
ABS:LCI(1.0.0),2,115488,PBLCI,50,Q,2009-Q2,0.2,,,,
ABS:LCI(1.0.0),2,115488,PBLCI,50,Q,2009-Q3,0.1,,,,
ABS:LCI(1.0.0),2,115488,PBLCI,50,Q,2009-Q4,-0.1,,,,
ABS:LCI(1.0.0),2,115488,PBLCI,50,Q,2010-Q1,-0.1,,,,
ABS:LCI(1.0.0),2,115488,PBLCI,50,Q,2010-Q2,0,,,,
ABS:LCI(1.0.0),2,115488,PBLCI,50,Q,2010-Q3,-0.1,,,,
ABS:LCI(1.0.0),2,115488,PBLCI,50,Q,2010-Q4,0,,,,
ABS:LCI(1.0.0),2,115488,PBLCI,50,Q,2011-Q1,0.2,,,,
ABS:LCI(1.0.0),2,115488,PBLCI,50,Q,2011-Q2,0.5,,,,
ABS:LCI(1.0.0),2,115488,PBLCI,50,Q,2011-Q3,0,,,,
ABS:LCI(1.0.0),2,115488,PBLCI,50,Q,2011-Q4,1,,,,
ABS:LCI(1.0.0),2,115488,PBLCI,50,Q,2012-Q1,0.1,,,,
ABS:LCI(1.0.0),2,115488,PBLCI,50,Q,2012-Q2,-0.2,,,,
ABS:LCI(1.0.0),2,115488,PBLCI,50,Q,2012-Q3,0.5,,,,
ABS:LCI(1.0.0),2,115488,PBLCI,50,Q,2012-Q4,1.3,,,,
ABS:LCI(1.0.0),2,115488,PBLCI,50,Q,2013-Q1,0,,,,
ABS:LCI(1.0.0),2,115488,PBLCI,50,Q,2013-Q2,0.5,,,,
ABS:LCI(1.0.0),2,115488,PBLCI,50,Q,2013-Q3,0.1,,,,
ABS:LCI(1.0.0),2,115488,PBLCI,50,Q,2013-Q4,1.1,,,,
ABS:LCI(1.0.0),2,115488,PBLCI,50,Q,2014-Q1,0.3,,,,
ABS:LCI(1.0.0),2,115488,PBLCI,50,Q,2014-Q2,-1.7,,,,
ABS:LCI(1.0.0),2,115488,PBLCI,50,Q,2014-Q3,-1.4,,,,
ABS:LCI(1.0.0),2,115488,PBLCI,50,Q,2014-Q4,-0.1,,,,
ABS:LCI(1.0.0),2,115488,PBLCI,50,Q,2015-Q1,-1.3,,,,
ABS:LCI(1.0.0),2,115488,PBLCI,50,Q,2015-Q2,-0.6,,,,
ABS:LCI(1.0.0),2,115488,PBLCI,50,Q,2015-Q3,-1.9,,,,
ABS:LCI(1.0.0),2,115488,PBLCI,50,Q,2015-Q4,-2.4,,,,
ABS:LCI(1.0.0),2,115488,PBLCI,50,Q,2016-Q1,-1.5,,,,
ABS:LCI(1.0.0),2,115488,PBLCI,50,Q,2016-Q2,-1.4,,,,
ABS:LCI(1.0.0),2,115488,PBLCI,50,Q,2016-Q3,-2.3,,,,
ABS:LCI(1.0.0),2,115488,PBLCI,50,Q,2016-Q4,-0.7,,,,
ABS:LCI(1.0.0),2,115488,PBLCI,50,Q,2017-Q1,-0.3,,,,
ABS:LCI(1.0.0),2,115488,PBLCI,50,Q,2017-Q2,-0.4,,,,
ABS:LCI(1.0.0),2,115488,PBLCI,50,Q,2017-Q3,-1.4,,,,
ABS:LCI(1.0.0),2,115488,PBLCI,50,Q,2017-Q4,-1.3,,,,
ABS:LCI(1.0.0),2,115488,PBLCI,50,Q,2018-Q1,-0.3,,,,
ABS:LCI(1.0.0),2,115488,PBLCI,50,Q,2018-Q2,-1.3,,,,
ABS:LCI(1.0.0),2,115488,PBLCI,50,Q,2018-Q3,-1.4,,,,
ABS:LCI(1.0.0),2,115488,PBLCI,50,Q,2018-Q4,-1.4,,,,
ABS:LCI(1.0.0),2,115488,PBLCI,50,Q,2019-Q1,-0.5,,,,
ABS:LCI(1.0.0),2,115488,PBLCI,50,Q,2019-Q2,-1.2,,,,
ABS:LCI(1.0.0),2,115488,PBLCI,50,Q,2019-Q3,-1.1,,,,
ABS:LCI(1.0.0),2,115488,PBLCI,50,Q,2019-Q4,-1,,,,
ABS:LCI(1.0.0),2,115488,PBLCI,50,Q,2020-Q1,-0.2,,,,
ABS:LCI(1.0.0),2,115488,PBLCI,50,Q,2020-Q2,-1.3,,,,
ABS:LCI(1.0.0),2,115488,PBLCI,50,Q,2020-Q3,-0.8,,,,
ABS:LCI(1.0.0),2,115488,PBLCI,50,Q,2020-Q4,-0.3,,,,
ABS:LCI(1.0.0),2,115488,PBLCI,50,Q,2021-Q1,0.4,,,,
ABS:LCI(1.0.0),2,115488,PBLCI,50,Q,2021-Q2,-0.5,,,,
ABS:LCI(1.0.0),2,115488,PBLCI,50,Q,2021-Q3,-0.6,,,,
ABS:LCI(1.0.0),2,115488,PBLCI,50,Q,2021-Q4,0.2,,,,
ABS:LCI(1.0.0),2,115488,PBLCI,50,Q,2022-Q1,0.3,,,,
ABS:LCI(1.0.0),2,115488,PBLCI,50,Q,2022-Q2,0.1,,,,
ABS:LCI(1.0.0),2,115488,PBLCI,50,Q,2022-Q3,1.4,,,,
ABS:LCI(1.0.0),2,115488,PBLCI,50,Q,2022-Q4,-0.4,,,,
ABS:LCI(1.0.0),2,115488,PBLCI,50,Q,2023-Q1,0.2,,,,
ABS:LCI(1.0.0),2,115488,PBLCI,50,Q,2023-Q2,-0.4,,,,
ABS:LCI(1.0.0),2,115488,PBLCI,50,Q,2023-Q3,2.2,,,,
ABS:LCI(1.0.0),2,115488,PBLCI,50,Q,2023-Q4,0.3,,,,
ABS:LCI(1.0.0),2,115488,PBLCI,50,Q,2024-Q1,-0.3,,,,
ABS:LCI(1.0.0),2,115488,PBLCI,50,Q,2024-Q2,-0.7,,,,
ABS:LCI(1.0.0),2,115488,PBLCI,50,Q,2024-Q3,0.6,,,,
ABS:LCI(1.0.0),2,115488,PBLCI,50,Q,2024-Q4,0.5,,,,
ABS:LCI(1.0.0),2,115488,PBLCI,50,Q,2025-Q1,-0.3,,,,
ABS:LCI(1.0.0),2,115488,PBLCI,50,Q,2025-Q2,0.2,,,,
ABS:LCI(1.0.0),2,115488,PBLCI,50,Q,2025-Q3,1.4,,,,
ABS:LCI(1.0.0),2,115488,PBLCI,50,Q,2025-Q4,0.1,,,,
ABS:LCI(1.0.0),2,115488,PBLCI,50,Q,2026-Q1,0,,,,
ABS:LCI(1.0.0),2,115488,PBLCI,50,Q,2026-Q2,0.7,,,,
ABS:LCI(1.0.0),2,126670,P3,50,Q,2007-Q3,2.9,,,,
ABS:LCI(1.0.0),2,126670,P3,50,Q,2007-Q4,1.9,,,,
ABS:LCI(1.0.0),2,126670,P3,50,Q,2008-Q1,4.5,,,,
ABS:LCI(1.0.0),2,126670,P3,50,Q,2008-Q2,5.1,,,,
ABS:LCI(1.0.0),2,126670,P3,50,Q,2008-Q3,3,,,,
ABS:LCI(1.0.0),2,126670,P3,50,Q,2008-Q4,-0.1,,,,
ABS:LCI(1.0.0),2,126670,P3,50,Q,2009-Q1,-4,,,,
ABS:LCI(1.0.0),2,126670,P3,50,Q,2009-Q2,-9.2,,,,
ABS:LCI(1.0.0),2,126670,P3,50,Q,2009-Q3,1.5,,,,
ABS:LCI(1.0.0),2,126670,P3,50,Q,2009-Q4,2.2,,,,
ABS:LCI(1.0.0),2,126670,P3,50,Q,2010-Q1,5.1,,,,
ABS:LCI(1.0.0),2,126670,P3,50,Q,2010-Q2,3.9,,,,
ABS:LCI(1.0.0),2,126670,P3,50,Q,2010-Q3,3.5,,,,
ABS:LCI(1.0.0),2,126670,P3,50,Q,2010-Q4,1.5,,,,
ABS:LCI(1.0.0),2,126670,P3,50,Q,2011-Q1,2.5,,,,
ABS:LCI(1.0.0),2,126670,P3,50,Q,2011-Q2,1.2,,,,
ABS:LCI(1.0.0),2,126670,P3,50,Q,2011-Q3,0.6,,,,
ABS:LCI(1.0.0),2,126670,P3,50,Q,2011-Q4,0.6,,,,
ABS:LCI(1.0.0),2,126670,P3,50,Q,2012-Q1,-2.2,,,,
ABS:LCI(1.0.0),2,126670,P3,50,Q,2012-Q2,-0.1,,,,
ABS:LCI(1.0.0),2,126670,P3,50,Q,2012-Q3,-2.9,,,,
ABS:LCI(1.0.0),2,126670,P3,50,Q,2012-Q4,-0.5,,,,
ABS:LCI(1.0.0),2,126670,P3,50,Q,2013-Q1,-1.2,,,,
ABS:LCI(1.0.0),2,126670,P3,50,Q,2013-Q2,-0.8,,,,
ABS:LCI(1.0.0),2,126670,P3,50,Q,2013-Q3,-2,,,,
ABS:LCI(1.0.0),2,126670,P3,50,Q,2013-Q4,-1.6,,,,
ABS:LCI(1.0.0),2,126670,P3,50,Q,2014-Q1,0.7,,,,
ABS:LCI(1.0.0),2,126670,P3,50,Q,2014-Q2,-0.2,,,,
ABS:LCI(1.0.0),2,126670,P3,50,Q,2014-Q3,0.7,,,,
ABS:LCI(1.0.0),2,126670,P3,50,Q,2014-Q4,0.7,,,,
ABS:LCI(1.0.0),2,126670,P3,50,Q,2015-Q1,0.1,,,,
ABS:LCI(1.0.0),2,126670,P3,50,Q,2015-Q2,-1.6,,,,
ABS:LCI(1.0.0),2,126670,P3,50,Q,2015-Q3,-0.5,,,,
ABS:LCI(1.0.0),2,126670,P3,50,Q,2015-Q4,1.1,,,,
ABS:LCI(1.0.0),2,126670,P3,50,Q,2016-Q1,2,,,,
ABS:LCI(1.0.0),2,126670,P3,50,Q,2016-Q2,0.3,,,,
ABS:LCI(1.0.0),2,126670,P3,50,Q,2016-Q3,-0.5,,,,
ABS:LCI(1.0.0),2,126670,P3,50,Q,2016-Q4,-0.9,,,,
ABS:LCI(1.0.0),2,126670,P3,50,Q,2017-Q1,1.2,,,,
ABS:LCI(1.0.0),2,126670,P3,50,Q,2017-Q2,-0.1,,,,
ABS:LCI(1.0.0),2,126670,P3,50,Q,2017-Q3,1.5,,,,
ABS:LCI(1.0.0),2,126670,P3,50,Q,2017-Q4,0.9,,,,
ABS:LCI(1.0.0),2,126670,P3,50,Q,2018-Q1,0.5,,,,
ABS:LCI(1.0.0),2,126670,P3,50,Q,2018-Q2,0.5,,,,
ABS:LCI(1.0.0),2,126670,P3,50,Q,2018-Q3,0.7,,,,
ABS:LCI(1.0.0),2,126670,P3,50,Q,2018-Q4,0.9,,,,
ABS:LCI(1.0.0),2,126670,P3,50,Q,2019-Q1,0,,,,
ABS:LCI(1.0.0),2,126670,P3,50,Q,2019-Q2,0,,,,
ABS:LCI(1.0.0),2,126670,P3,50,Q,2019-Q3,-2.9,,,,
ABS:LCI(1.0.0),2,126670,P3,50,Q,2019-Q4,-1.7,,,,
ABS:LCI(1.0.0),2,126670,P3,50,Q,2020-Q1,-0.5,,,,
ABS:LCI(1.0.0),2,126670,P3,50,Q,2020-Q2,-1.3,,,,
ABS:LCI(1.0.0),2,126670,P3,50,Q,2020-Q3,-2.4,,,,
ABS:LCI(1.0.0),2,126670,P3,50,Q,2020-Q4,-0.7,,,,
ABS:LCI(1.0.0),2,126670,P3,50,Q,2021-Q1,-0.8,,,,
ABS:LCI(1.0.0),2,126670,P3,50,Q,2021-Q2,0,,,,
ABS:LCI(1.0.0),2,126670,P3,50,Q,2021-Q3,0.4,,,,
ABS:LCI(1.0.0),2,126670,P3,50,Q,2021-Q4,0,,,,
ABS:LCI(1.0.0),2,126670,P3,50,Q,2022-Q1,0.8,,,,
ABS:LCI(1.0.0),2,126670,P3,50,Q,2022-Q2,1,,,,
ABS:LCI(1.0.0),2,126670,P3,50,Q,2022-Q3,8.3,,,,
ABS:LCI(1.0.0),2,126670,P3,50,Q,2022-Q4,10.3,,,,
ABS:LCI(1.0.0),2,126670,P3,50,Q,2023-Q1,6.5,,,,
ABS:LCI(1.0.0),2,126670,P3,50,Q,2023-Q2,6.6,,,,
ABS:LCI(1.0.0),2,126670,P3,50,Q,2023-Q3,5.5,,,,
ABS:LCI(1.0.0),2,126670,P3,50,Q,2023-Q4,4.9,,,,
ABS:LCI(1.0.0),2,126670,P3,50,Q,2024-Q1,5.5,,,,
ABS:LCI(1.0.0),2,126670,P3,50,Q,2024-Q2,2.8,,,,
ABS:LCI(1.0.0),2,126670,P3,50,Q,2024-Q3,2.7,,,,
ABS:LCI(1.0.0),2,126670,P3,50,Q,2024-Q4,1.2,,,,
ABS:LCI(1.0.0),2,126670,P3,50,Q,2025-Q1,1.1,,,,
ABS:LCI(1.0.0),2,126670,P3,50,Q,2025-Q2,-0.8,,,,
ABS:LCI(1.0.0),2,126670,P3,50,Q,2025-Q3,-1.3,,,,
ABS:LCI(1.0.0),2,126670,P3,50,Q,2025-Q4,-1.1,,,,
ABS:LCI(1.0.0),2,126670,P3,50,Q,2026-Q1,2,,,,
ABS:LCI(1.0.0),2,126670,P3,50,Q,2026-Q2,4.7,,,,
ABS:LCI(1.0.0),2,131279,P1,50,Q,1998-Q3,-0.9,,,,
ABS:LCI(1.0.0),2,131279,P1,50,Q,1998-Q4,-0.7,,,,
ABS:LCI(1.0.0),2,131279,P1,50,Q,1999-Q1,-1.6,,,,
ABS:LCI(1.0.0),2,131279,P1,50,Q,1999-Q2,-1.5,,,,
ABS:LCI(1.0.0),2,131279,P1,50,Q,1999-Q3,-1.4,,,,
ABS:LCI(1.0.0),2,131279,P1,50,Q,1999-Q4,0.5,,,,
ABS:LCI(1.0.0),2,131279,P1,50,Q,2000-Q1,-0.6,,,,
ABS:LCI(1.0.0),2,131279,P1,50,Q,2000-Q2,-2.4,,,,
ABS:LCI(1.0.0),2,131279,P1,50,Q,2000-Q3,4.1,,,,
ABS:LCI(1.0.0),2,131279,P1,50,Q,2000-Q4,2.5,,,,
ABS:LCI(1.0.0),2,131279,P1,50,Q,2001-Q1,-0.4,,,,
ABS:LCI(1.0.0),2,131279,P1,50,Q,2001-Q2,-0.5,,,,
ABS:LCI(1.0.0),2,131279,P1,50,Q,2001-Q3,-0.5,,,,
ABS:LCI(1.0.0),2,131279,P1,50,Q,2001-Q4,-0.5,,,,
ABS:LCI(1.0.0),2,131279,P1,50,Q,2002-Q1,1.9,,,,
ABS:LCI(1.0.0),2,131279,P1,50,Q,2002-Q2,-1.5,,,,
ABS:LCI(1.0.0),2,131279,P1,50,Q,2002-Q3,0.9,,,,
ABS:LCI(1.0.0),2,131279,P1,50,Q,2002-Q4,0.4,,,,
ABS:LCI(1.0.0),2,131279,P1,50,Q,2003-Q1,0.6,,,,
ABS:LCI(1.0.0),2,131279,P1,50,Q,2003-Q2,1.2,,,,
ABS:LCI(1.0.0),2,131279,P1,50,Q,2003-Q3,0.7,,,,
ABS:LCI(1.0.0),2,131279,P1,50,Q,2003-Q4,0.4,,,,
ABS:LCI(1.0.0),2,131279,P1,50,Q,2004-Q1,0.4,,,,
ABS:LCI(1.0.0),2,131279,P1,50,Q,2004-Q2,1.3,,,,
ABS:LCI(1.0.0),2,131279,P1,50,Q,2004-Q3,3,,,,
ABS:LCI(1.0.0),2,131279,P1,50,Q,2004-Q4,0.5,,,,
ABS:LCI(1.0.0),2,131279,P1,50,Q,2005-Q1,0.8,,,,
ABS:LCI(1.0.0),2,131279,P1,50,Q,2005-Q2,0.6,,,,
ABS:LCI(1.0.0),2,131279,P1,50,Q,2005-Q3,0.7,,,,
ABS:LCI(1.0.0),2,131279,P1,50,Q,2005-Q4,-0.9,,,,
ABS:LCI(1.0.0),2,131279,P1,50,Q,2006-Q1,0.4,,,,
ABS:LCI(1.0.0),2,131279,P1,50,Q,2006-Q2,1.2,,,,
ABS:LCI(1.0.0),2,131279,P1,50,Q,2006-Q3,1.8,,,,
ABS:LCI(1.0.0),2,131279,P1,50,Q,2006-Q4,1.8,,,,
ABS:LCI(1.0.0),2,131279,P1,50,Q,2007-Q1,1.4,,,,
ABS:LCI(1.0.0),2,131279,P1,50,Q,2007-Q2,0,,,,
ABS:LCI(1.0.0),2,131279,P1,50,Q,2007-Q3,3.3,,,,
ABS:LCI(1.0.0),2,131279,P1,50,Q,2007-Q4,2.2,,,,
ABS:LCI(1.0.0),2,131279,P1,50,Q,2008-Q1,3.3,,,,
ABS:LCI(1.0.0),2,131279,P1,50,Q,2008-Q2,2.1,,,,
ABS:LCI(1.0.0),2,131279,P1,50,Q,2008-Q3,3.4,,,,
ABS:LCI(1.0.0),2,131279,P1,50,Q,2008-Q4,5.2,,,,
ABS:LCI(1.0.0),2,131279,P1,50,Q,2009-Q1,-4.3,,,,
ABS:LCI(1.0.0),2,131279,P1,50,Q,2009-Q2,-2.7,,,,
ABS:LCI(1.0.0),2,131279,P1,50,Q,2009-Q3,0.2,,,,
ABS:LCI(1.0.0),2,131279,P1,50,Q,2009-Q4,2.3,,,,
ABS:LCI(1.0.0),2,131279,P1,50,Q,2010-Q1,3.5,,,,
ABS:LCI(1.0.0),2,131279,P1,50,Q,2010-Q2,2.4,,,,
ABS:LCI(1.0.0),2,131279,P1,50,Q,2010-Q3,2.2,,,,
ABS:LCI(1.0.0),2,131279,P1,50,Q,2010-Q4,2.5,,,,
ABS:LCI(1.0.0),2,131279,P1,50,Q,2011-Q1,1.7,,,,
ABS:LCI(1.0.0),2,131279,P1,50,Q,2011-Q2,0.7,,,,
ABS:LCI(1.0.0),2,131279,P1,50,Q,2011-Q3,2.5,,,,
ABS:LCI(1.0.0),2,131279,P1,50,Q,2011-Q4,0.4,,,,
ABS:LCI(1.0.0),2,131279,P1,50,Q,2012-Q1,-0.9,,,,
ABS:LCI(1.0.0),2,131279,P1,50,Q,2012-Q2,0,,,,
ABS:LCI(1.0.0),2,131279,P1,50,Q,2012-Q3,-0.8,,,,
ABS:LCI(1.0.0),2,131279,P1,50,Q,2012-Q4,-0.2,,,,
ABS:LCI(1.0.0),2,131279,P1,50,Q,2013-Q1,-0.1,,,,
ABS:LCI(1.0.0),2,131279,P1,50,Q,2013-Q2,-1.5,,,,
ABS:LCI(1.0.0),2,131279,P1,50,Q,2013-Q3,0.8,,,,
ABS:LCI(1.0.0),2,131279,P1,50,Q,2013-Q4,-0.4,,,,
ABS:LCI(1.0.0),2,131279,P1,50,Q,2014-Q1,0.9,,,,
ABS:LCI(1.0.0),2,131279,P1,50,Q,2014-Q2,-1.3,,,,
ABS:LCI(1.0.0),2,131279,P1,50,Q,2014-Q3,0.9,,,,
ABS:LCI(1.0.0),2,131279,P1,50,Q,2014-Q4,-0.7,,,,
ABS:LCI(1.0.0),2,131279,P1,50,Q,2015-Q1,0.5,,,,
ABS:LCI(1.0.0),2,131279,P1,50,Q,2015-Q2,-1.2,,,,
ABS:LCI(1.0.0),2,131279,P1,50,Q,2015-Q3,0.6,,,,
ABS:LCI(1.0.0),2,131279,P1,50,Q,2015-Q4,-0.3,,,,
ABS:LCI(1.0.0),2,131279,P1,50,Q,2016-Q1,0.7,,,,
ABS:LCI(1.0.0),2,131279,P1,50,Q,2016-Q2,0.2,,,,
ABS:LCI(1.0.0),2,131279,P1,50,Q,2016-Q3,0.6,,,,
ABS:LCI(1.0.0),2,131279,P1,50,Q,2016-Q4,-0.6,,,,
ABS:LCI(1.0.0),2,131279,P1,50,Q,2017-Q1,-0.3,,,,
ABS:LCI(1.0.0),2,131279,P1,50,Q,2017-Q2,0.4,,,,
ABS:LCI(1.0.0),2,131279,P1,50,Q,2017-Q3,1.2,,,,
ABS:LCI(1.0.0),2,131279,P1,50,Q,2017-Q4,0.1,,,,
ABS:LCI(1.0.0),2,131279,P1,50,Q,2018-Q1,1.2,,,,
ABS:LCI(1.0.0),2,131279,P1,50,Q,2018-Q2,-0.3,,,,
ABS:LCI(1.0.0),2,131279,P1,50,Q,2018-Q3,0.7,,,,
ABS:LCI(1.0.0),2,131279,P1,50,Q,2018-Q4,-0.1,,,,
ABS:LCI(1.0.0),2,131279,P1,50,Q,2019-Q1,-0.7,,,,
ABS:LCI(1.0.0),2,131279,P1,50,Q,2019-Q2,0,,,,
ABS:LCI(1.0.0),2,131279,P1,50,Q,2019-Q3,1.1,,,,
ABS:LCI(1.0.0),2,131279,P1,50,Q,2019-Q4,-0.5,,,,
ABS:LCI(1.0.0),2,131279,P1,50,Q,2020-Q1,-0.2,,,,
ABS:LCI(1.0.0),2,131279,P1,50,Q,2020-Q2,1.8,,,,
ABS:LCI(1.0.0),2,131279,P1,50,Q,2020-Q3,-3.8,,,,
ABS:LCI(1.0.0),2,131279,P1,50,Q,2020-Q4,-2.9,,,,
ABS:LCI(1.0.0),2,131279,P1,50,Q,2021-Q1,-0.9,,,,
ABS:LCI(1.0.0),2,131279,P1,50,Q,2021-Q2,-1.6,,,,
ABS:LCI(1.0.0),2,131279,P1,50,Q,2021-Q3,1.1,,,,
ABS:LCI(1.0.0),2,131279,P1,50,Q,2021-Q4,-2.6,,,,
ABS:LCI(1.0.0),2,131279,P1,50,Q,2022-Q1,-1.4,,,,
ABS:LCI(1.0.0),2,131279,P1,50,Q,2022-Q2,-0.9,,,,
ABS:LCI(1.0.0),2,131279,P1,50,Q,2022-Q3,1,,,,
ABS:LCI(1.0.0),2,131279,P1,50,Q,2022-Q4,1.9,,,,
ABS:LCI(1.0.0),2,131279,P1,50,Q,2023-Q1,3,,,,
ABS:LCI(1.0.0),2,131279,P1,50,Q,2023-Q2,1.5,,,,
ABS:LCI(1.0.0),2,131279,P1,50,Q,2023-Q3,3.4,,,,
ABS:LCI(1.0.0),2,131279,P1,50,Q,2023-Q4,2.9,,,,
ABS:LCI(1.0.0),2,131279,P1,50,Q,2024-Q1,2.4,,,,
ABS:LCI(1.0.0),2,131279,P1,50,Q,2024-Q2,2.1,,,,
ABS:LCI(1.0.0),2,131279,P1,50,Q,2024-Q3,3.1,,,,
ABS:LCI(1.0.0),2,131279,P1,50,Q,2024-Q4,0.2,,,,
ABS:LCI(1.0.0),2,131279,P1,50,Q,2025-Q1,2.5,,,,
ABS:LCI(1.0.0),2,131279,P1,50,Q,2025-Q2,1.2,,,,
ABS:LCI(1.0.0),2,131279,P1,50,Q,2025-Q3,0.3,,,,
ABS:LCI(1.0.0),2,131279,P1,50,Q,2025-Q4,-0.5,,,,
ABS:LCI(1.0.0),2,131279,P1,50,Q,2026-Q1,1.4,,,,
ABS:LCI(1.0.0),2,131279,P1,50,Q,2026-Q2,1.1,,,,
ABS:LCI(1.0.0),3,20001,P1,50,Q,2008-Q2,4.1,,,,
ABS:LCI(1.0.0),3,20001,P1,50,Q,2008-Q3,3.6,,,,
ABS:LCI(1.0.0),3,20001,P1,50,Q,2008-Q4,5.7,,,,
ABS:LCI(1.0.0),3,20001,P1,50,Q,2009-Q1,5.8,,,,
ABS:LCI(1.0.0),3,20001,P1,50,Q,2009-Q2,4.7,,,,
ABS:LCI(1.0.0),3,20001,P1,50,Q,2009-Q3,2.6,,,,
ABS:LCI(1.0.0),3,20001,P1,50,Q,2009-Q4,1.9,,,,
ABS:LCI(1.0.0),3,20001,P1,50,Q,2010-Q1,0.9,,,,
ABS:LCI(1.0.0),3,20001,P1,50,Q,2010-Q2,1.4,,,,
ABS:LCI(1.0.0),3,20001,P1,50,Q,2010-Q3,1.7,,,,
ABS:LCI(1.0.0),3,20001,P1,50,Q,2010-Q4,2.5,,,,
ABS:LCI(1.0.0),3,20001,P1,50,Q,2011-Q1,4.2,,,,
ABS:LCI(1.0.0),3,20001,P1,50,Q,2011-Q2,5.8,,,,
ABS:LCI(1.0.0),3,20001,P1,50,Q,2011-Q3,6.1,,,,
ABS:LCI(1.0.0),3,20001,P1,50,Q,2011-Q4,2.5,,,,
ABS:LCI(1.0.0),3,20001,P1,50,Q,2012-Q1,-2.3,,,,
ABS:LCI(1.0.0),3,20001,P1,50,Q,2012-Q2,-2.9,,,,
ABS:LCI(1.0.0),3,20001,P1,50,Q,2012-Q3,-0.9,,,,
ABS:LCI(1.0.0),3,20001,P1,50,Q,2012-Q4,0.4,,,,
ABS:LCI(1.0.0),3,20001,P1,50,Q,2013-Q1,1.7,,,,
ABS:LCI(1.0.0),3,20001,P1,50,Q,2013-Q2,1.1,,,,
ABS:LCI(1.0.0),3,20001,P1,50,Q,2013-Q3,-0.5,,,,
ABS:LCI(1.0.0),3,20001,P1,50,Q,2013-Q4,1.1,,,,
ABS:LCI(1.0.0),3,20001,P1,50,Q,2014-Q1,2.1,,,,
ABS:LCI(1.0.0),3,20001,P1,50,Q,2014-Q2,2.5,,,,
ABS:LCI(1.0.0),3,20001,P1,50,Q,2014-Q3,3.4,,,,
ABS:LCI(1.0.0),3,20001,P1,50,Q,2014-Q4,2,,,,
ABS:LCI(1.0.0),3,20001,P1,50,Q,2015-Q1,1.9,,,,
ABS:LCI(1.0.0),3,20001,P1,50,Q,2015-Q2,1.3,,,,
ABS:LCI(1.0.0),3,20001,P1,50,Q,2015-Q3,0.2,,,,
ABS:LCI(1.0.0),3,20001,P1,50,Q,2015-Q4,0.4,,,,
ABS:LCI(1.0.0),3,20001,P1,50,Q,2016-Q1,0,,,,
ABS:LCI(1.0.0),3,20001,P1,50,Q,2016-Q2,0,,,,
ABS:LCI(1.0.0),3,20001,P1,50,Q,2016-Q3,1.5,,,,
ABS:LCI(1.0.0),3,20001,P1,50,Q,2016-Q4,1.8,,,,
ABS:LCI(1.0.0),3,20001,P1,50,Q,2017-Q1,1.8,,,,
ABS:LCI(1.0.0),3,20001,P1,50,Q,2017-Q2,1.9,,,,
ABS:LCI(1.0.0),3,20001,P1,50,Q,2017-Q3,-0.6,,,,
ABS:LCI(1.0.0),3,20001,P1,50,Q,2017-Q4,-0.1,,,,
ABS:LCI(1.0.0),3,20001,P1,50,Q,2018-Q1,0.5,,,,
ABS:LCI(1.0.0),3,20001,P1,50,Q,2018-Q2,0.3,,,,
ABS:LCI(1.0.0),3,20001,P1,50,Q,2018-Q3,1.7,,,,
ABS:LCI(1.0.0),3,20001,P1,50,Q,2018-Q4,1.5,,,,
ABS:LCI(1.0.0),3,20001,P1,50,Q,2019-Q1,2.4,,,,
ABS:LCI(1.0.0),3,20001,P1,50,Q,2019-Q2,2.3,,,,
ABS:LCI(1.0.0),3,20001,P1,50,Q,2019-Q3,2.2,,,,
ABS:LCI(1.0.0),3,20001,P1,50,Q,2019-Q4,2.6,,,,
ABS:LCI(1.0.0),3,20001,P1,50,Q,2020-Q1,3.1,,,,
ABS:LCI(1.0.0),3,20001,P1,50,Q,2020-Q2,4.1,,,,
ABS:LCI(1.0.0),3,20001,P1,50,Q,2020-Q3,3.3,,,,
ABS:LCI(1.0.0),3,20001,P1,50,Q,2020-Q4,2.3,,,,
ABS:LCI(1.0.0),3,20001,P1,50,Q,2021-Q1,0.7,,,,
ABS:LCI(1.0.0),3,20001,P1,50,Q,2021-Q2,0.7,,,,
ABS:LCI(1.0.0),3,20001,P1,50,Q,2021-Q3,1.5,,,,
ABS:LCI(1.0.0),3,20001,P1,50,Q,2021-Q4,1.9,,,,
ABS:LCI(1.0.0),3,20001,P1,50,Q,2022-Q1,4.2,,,,
ABS:LCI(1.0.0),3,20001,P1,50,Q,2022-Q2,5.8,,,,
ABS:LCI(1.0.0),3,20001,P1,50,Q,2022-Q3,8.9,,,,
ABS:LCI(1.0.0),3,20001,P1,50,Q,2022-Q4,9.1,,,,
ABS:LCI(1.0.0),3,20001,P1,50,Q,2023-Q1,7.9,,,,
ABS:LCI(1.0.0),3,20001,P1,50,Q,2023-Q2,7.5,,,,
ABS:LCI(1.0.0),3,20001,P1,50,Q,2023-Q3,4.8,,,,
ABS:LCI(1.0.0),3,20001,P1,50,Q,2023-Q4,4.5,,,,
ABS:LCI(1.0.0),3,20001,P1,50,Q,2024-Q1,3.8,,,,
ABS:LCI(1.0.0),3,20001,P1,50,Q,2024-Q2,3.3,,,,
ABS:LCI(1.0.0),3,20001,P1,50,Q,2024-Q3,3.3,,,,
ABS:LCI(1.0.0),3,20001,P1,50,Q,2024-Q4,2.9,,,,
ABS:LCI(1.0.0),3,20001,P1,50,Q,2025-Q1,3.3,,,,
ABS:LCI(1.0.0),3,20001,P1,50,Q,2025-Q2,3.1,,,,
ABS:LCI(1.0.0),3,20001,P1,50,Q,2025-Q3,3.1,,,,
ABS:LCI(1.0.0),3,20001,P1,50,Q,2025-Q4,3.3,,,,
ABS:LCI(1.0.0),3,20001,P1,50,Q,2026-Q1,3.1,,,,
ABS:LCI(1.0.0),3,20001,P1,50,Q,2026-Q2,3.2,,,,
ABS:LCI(1.0.0),3,20006,PBLCI,50,Q,2008-Q2,4.6,,,,
ABS:LCI(1.0.0),3,20006,PBLCI,50,Q,2008-Q3,5.7,,,,
ABS:LCI(1.0.0),3,20006,PBLCI,50,Q,2008-Q4,5.9,,,,
ABS:LCI(1.0.0),3,20006,PBLCI,50,Q,2009-Q1,6.1,,,,
ABS:LCI(1.0.0),3,20006,PBLCI,50,Q,2009-Q2,5.3,,,,
ABS:LCI(1.0.0),3,20006,PBLCI,50,Q,2009-Q3,4.3,,,,
ABS:LCI(1.0.0),3,20006,PBLCI,50,Q,2009-Q4,3.2,,,,
ABS:LCI(1.0.0),3,20006,PBLCI,50,Q,2010-Q1,3.4,,,,
ABS:LCI(1.0.0),3,20006,PBLCI,50,Q,2010-Q2,10.7,,,,
ABS:LCI(1.0.0),3,20006,PBLCI,50,Q,2010-Q3,14.6,,,,
ABS:LCI(1.0.0),3,20006,PBLCI,50,Q,2010-Q4,15.2,,,,
ABS:LCI(1.0.0),3,20006,PBLCI,50,Q,2011-Q1,15,,,,
ABS:LCI(1.0.0),3,20006,PBLCI,50,Q,2011-Q2,7.3,,,,
ABS:LCI(1.0.0),3,20006,PBLCI,50,Q,2011-Q3,4,,,,
ABS:LCI(1.0.0),3,20006,PBLCI,50,Q,2011-Q4,4,,,,
ABS:LCI(1.0.0),3,20006,PBLCI,50,Q,2012-Q1,4.3,,,,
ABS:LCI(1.0.0),3,20006,PBLCI,50,Q,2012-Q2,4.6,,,,
ABS:LCI(1.0.0),3,20006,PBLCI,50,Q,2012-Q3,4.6,,,,
ABS:LCI(1.0.0),3,20006,PBLCI,50,Q,2012-Q4,4.1,,,,
ABS:LCI(1.0.0),3,20006,PBLCI,50,Q,2013-Q1,4.7,,,,
ABS:LCI(1.0.0),3,20006,PBLCI,50,Q,2013-Q2,5.4,,,,
ABS:LCI(1.0.0),3,20006,PBLCI,50,Q,2013-Q3,5.4,,,,
ABS:LCI(1.0.0),3,20006,PBLCI,50,Q,2013-Q4,6.9,,,,
ABS:LCI(1.0.0),3,20006,PBLCI,50,Q,2014-Q1,8.8,,,,
ABS:LCI(1.0.0),3,20006,PBLCI,50,Q,2014-Q2,8.9,,,,
ABS:LCI(1.0.0),3,20006,PBLCI,50,Q,2014-Q3,9.4,,,,
ABS:LCI(1.0.0),3,20006,PBLCI,50,Q,2014-Q4,10.3,,,,
ABS:LCI(1.0.0),3,20006,PBLCI,50,Q,2015-Q1,7,,,,
ABS:LCI(1.0.0),3,20006,PBLCI,50,Q,2015-Q2,6.5,,,,
ABS:LCI(1.0.0),3,20006,PBLCI,50,Q,2015-Q3,6.6,,,,
ABS:LCI(1.0.0),3,20006,PBLCI,50,Q,2015-Q4,8.2,,,,
ABS:LCI(1.0.0),3,20006,PBLCI,50,Q,2016-Q1,8.3,,,,
ABS:LCI(1.0.0),3,20006,PBLCI,50,Q,2016-Q2,8,,,,
ABS:LCI(1.0.0),3,20006,PBLCI,50,Q,2016-Q3,8.1,,,,
ABS:LCI(1.0.0),3,20006,PBLCI,50,Q,2016-Q4,8.2,,,,
ABS:LCI(1.0.0),3,20006,PBLCI,50,Q,2017-Q1,8.4,,,,
ABS:LCI(1.0.0),3,20006,PBLCI,50,Q,2017-Q2,7.9,,,,
ABS:LCI(1.0.0),3,20006,PBLCI,50,Q,2017-Q3,9.2,,,,
ABS:LCI(1.0.0),3,20006,PBLCI,50,Q,2017-Q4,9.8,,,,
ABS:LCI(1.0.0),3,20006,PBLCI,50,Q,2018-Q1,9.4,,,,
ABS:LCI(1.0.0),3,20006,PBLCI,50,Q,2018-Q2,10.6,,,,
ABS:LCI(1.0.0),3,20006,PBLCI,50,Q,2018-Q3,9.1,,,,
ABS:LCI(1.0.0),3,20006,PBLCI,50,Q,2018-Q4,9.4,,,,
ABS:LCI(1.0.0),3,20006,PBLCI,50,Q,2019-Q1,8.7,,,,
ABS:LCI(1.0.0),3,20006,PBLCI,50,Q,2019-Q2,8.3,,,,
ABS:LCI(1.0.0),3,20006,PBLCI,50,Q,2019-Q3,9.3,,,,
ABS:LCI(1.0.0),3,20006,PBLCI,50,Q,2019-Q4,9,,,,
ABS:LCI(1.0.0),3,20006,PBLCI,50,Q,2020-Q1,10.9,,,,
ABS:LCI(1.0.0),3,20006,PBLCI,50,Q,2020-Q2,11.3,,,,
ABS:LCI(1.0.0),3,20006,PBLCI,50,Q,2020-Q3,11,,,,
ABS:LCI(1.0.0),3,20006,PBLCI,50,Q,2020-Q4,12.7,,,,
ABS:LCI(1.0.0),3,20006,PBLCI,50,Q,2021-Q1,10.8,,,,
ABS:LCI(1.0.0),3,20006,PBLCI,50,Q,2021-Q2,9.2,,,,
ABS:LCI(1.0.0),3,20006,PBLCI,50,Q,2021-Q3,6.2,,,,
ABS:LCI(1.0.0),3,20006,PBLCI,50,Q,2021-Q4,1.1,,,,
ABS:LCI(1.0.0),3,20006,PBLCI,50,Q,2022-Q1,2.2,,,,
ABS:LCI(1.0.0),3,20006,PBLCI,50,Q,2022-Q2,2.6,,,,
ABS:LCI(1.0.0),3,20006,PBLCI,50,Q,2022-Q3,4.5,,,,
ABS:LCI(1.0.0),3,20006,PBLCI,50,Q,2022-Q4,4.5,,,,
ABS:LCI(1.0.0),3,20006,PBLCI,50,Q,2023-Q1,4.5,,,,
ABS:LCI(1.0.0),3,20006,PBLCI,50,Q,2023-Q2,4.7,,,,
ABS:LCI(1.0.0),3,20006,PBLCI,50,Q,2023-Q3,5.1,,,,
ABS:LCI(1.0.0),3,20006,PBLCI,50,Q,2023-Q4,7.9,,,,
ABS:LCI(1.0.0),3,20006,PBLCI,50,Q,2024-Q1,7.8,,,,
ABS:LCI(1.0.0),3,20006,PBLCI,50,Q,2024-Q2,8.7,,,,
ABS:LCI(1.0.0),3,20006,PBLCI,50,Q,2024-Q3,8.6,,,,
ABS:LCI(1.0.0),3,20006,PBLCI,50,Q,2024-Q4,7.9,,,,
ABS:LCI(1.0.0),3,20006,PBLCI,50,Q,2025-Q1,8.3,,,,
ABS:LCI(1.0.0),3,20006,PBLCI,50,Q,2025-Q2,7.4,,,,
ABS:LCI(1.0.0),3,20006,PBLCI,50,Q,2025-Q3,8,,,,
ABS:LCI(1.0.0),3,20006,PBLCI,50,Q,2025-Q4,6.6,,,,
ABS:LCI(1.0.0),3,20006,PBLCI,50,Q,2026-Q1,6.4,,,,
ABS:LCI(1.0.0),3,20006,PBLCI,50,Q,2026-Q2,6.2,,,,
ABS:LCI(1.0.0),3,20003,P4,50,Q,2008-Q2,5.7,,,,
ABS:LCI(1.0.0),3,20003,P4,50,Q,2008-Q3,7,,,,
ABS:LCI(1.0.0),3,20003,P4,50,Q,2008-Q4,7,,,,
ABS:LCI(1.0.0),3,20003,P4,50,Q,2009-Q1,7,,,,
ABS:LCI(1.0.0),3,20003,P4,50,Q,2009-Q2,7,,,,
ABS:LCI(1.0.0),3,20003,P4,50,Q,2009-Q3,8.6,,,,
ABS:LCI(1.0.0),3,20003,P4,50,Q,2009-Q4,8.4,,,,
ABS:LCI(1.0.0),3,20003,P4,50,Q,2010-Q1,8.3,,,,
ABS:LCI(1.0.0),3,20003,P4,50,Q,2010-Q2,8.1,,,,
ABS:LCI(1.0.0),3,20003,P4,50,Q,2010-Q3,6.9,,,,
ABS:LCI(1.0.0),3,20003,P4,50,Q,2010-Q4,6.9,,,,
ABS:LCI(1.0.0),3,20003,P4,50,Q,2011-Q1,6.7,,,,
ABS:LCI(1.0.0),3,20003,P4,50,Q,2011-Q2,6.5,,,,
ABS:LCI(1.0.0),3,20003,P4,50,Q,2011-Q3,5.8,,,,
ABS:LCI(1.0.0),3,20003,P4,50,Q,2011-Q4,5.7,,,,
ABS:LCI(1.0.0),3,20003,P4,50,Q,2012-Q1,5.2,,,,
ABS:LCI(1.0.0),3,20003,P4,50,Q,2012-Q2,5.3,,,,
ABS:LCI(1.0.0),3,20003,P4,50,Q,2012-Q3,7.4,,,,
ABS:LCI(1.0.0),3,20003,P4,50,Q,2012-Q4,7.3,,,,
ABS:LCI(1.0.0),3,20003,P4,50,Q,2013-Q1,7.4,,,,
ABS:LCI(1.0.0),3,20003,P4,50,Q,2013-Q2,7.2,,,,
ABS:LCI(1.0.0),3,20003,P4,50,Q,2013-Q3,5.3,,,,
ABS:LCI(1.0.0),3,20003,P4,50,Q,2013-Q4,5.4,,,,
ABS:LCI(1.0.0),3,20003,P4,50,Q,2014-Q1,5.3,,,,
ABS:LCI(1.0.0),3,20003,P4,50,Q,2014-Q2,5.2,,,,
ABS:LCI(1.0.0),3,20003,P4,50,Q,2014-Q3,1.9,,,,
ABS:LCI(1.0.0),3,20003,P4,50,Q,2014-Q4,1.8,,,,
ABS:LCI(1.0.0),3,20003,P4,50,Q,2015-Q1,1.7,,,,
ABS:LCI(1.0.0),3,20003,P4,50,Q,2015-Q2,1.8,,,,
ABS:LCI(1.0.0),3,20003,P4,50,Q,2015-Q3,2.1,,,,
ABS:LCI(1.0.0),3,20003,P4,50,Q,2015-Q4,2,,,,
ABS:LCI(1.0.0),3,20003,P4,50,Q,2016-Q1,1.7,,,,
ABS:LCI(1.0.0),3,20003,P4,50,Q,2016-Q2,1.7,,,,
ABS:LCI(1.0.0),3,20003,P4,50,Q,2016-Q3,2.5,,,,
ABS:LCI(1.0.0),3,20003,P4,50,Q,2016-Q4,2.7,,,,
ABS:LCI(1.0.0),3,20003,P4,50,Q,2017-Q1,3.1,,,,
ABS:LCI(1.0.0),3,20003,P4,50,Q,2017-Q2,3.1,,,,
ABS:LCI(1.0.0),3,20003,P4,50,Q,2017-Q3,4.5,,,,
ABS:LCI(1.0.0),3,20003,P4,50,Q,2017-Q4,4.6,,,,
ABS:LCI(1.0.0),3,20003,P4,50,Q,2018-Q1,4.7,,,,
ABS:LCI(1.0.0),3,20003,P4,50,Q,2018-Q2,4.5,,,,
ABS:LCI(1.0.0),3,20003,P4,50,Q,2018-Q3,2,,,,
ABS:LCI(1.0.0),3,20003,P4,50,Q,2018-Q4,1.9,,,,
ABS:LCI(1.0.0),3,20003,P4,50,Q,2019-Q1,1.2,,,,
ABS:LCI(1.0.0),3,20003,P4,50,Q,2019-Q2,1.3,,,,
ABS:LCI(1.0.0),3,20003,P4,50,Q,2019-Q3,1.3,,,,
ABS:LCI(1.0.0),3,20003,P4,50,Q,2019-Q4,1,,,,
ABS:LCI(1.0.0),3,20003,P4,50,Q,2020-Q1,1.3,,,,
ABS:LCI(1.0.0),3,20003,P4,50,Q,2020-Q2,1,,,,
ABS:LCI(1.0.0),3,20003,P4,50,Q,2020-Q3,-0.5,,,,
ABS:LCI(1.0.0),3,20003,P4,50,Q,2020-Q4,-1.6,,,,
ABS:LCI(1.0.0),3,20003,P4,50,Q,2021-Q1,-1.9,,,,
ABS:LCI(1.0.0),3,20003,P4,50,Q,2021-Q2,-0.9,,,,
ABS:LCI(1.0.0),3,20003,P4,50,Q,2021-Q3,0.9,,,,
ABS:LCI(1.0.0),3,20003,P4,50,Q,2021-Q4,2.9,,,,
ABS:LCI(1.0.0),3,20003,P4,50,Q,2022-Q1,3.2,,,,
ABS:LCI(1.0.0),3,20003,P4,50,Q,2022-Q2,3,,,,
ABS:LCI(1.0.0),3,20003,P4,50,Q,2022-Q3,6,,,,
ABS:LCI(1.0.0),3,20003,P4,50,Q,2022-Q4,7,,,,
ABS:LCI(1.0.0),3,20003,P4,50,Q,2023-Q1,8.4,,,,
ABS:LCI(1.0.0),3,20003,P4,50,Q,2023-Q2,8,,,,
ABS:LCI(1.0.0),3,20003,P4,50,Q,2023-Q3,8.8,,,,
ABS:LCI(1.0.0),3,20003,P4,50,Q,2023-Q4,6.9,,,,
ABS:LCI(1.0.0),3,20003,P4,50,Q,2024-Q1,4.9,,,,
ABS:LCI(1.0.0),3,20003,P4,50,Q,2024-Q2,5.2,,,,
ABS:LCI(1.0.0),3,20003,P4,50,Q,2024-Q3,-0.8,,,,
ABS:LCI(1.0.0),3,20003,P4,50,Q,2024-Q4,-2.8,,,,
ABS:LCI(1.0.0),3,20003,P4,50,Q,2025-Q1,0.1,,,,
ABS:LCI(1.0.0),3,20003,P4,50,Q,2025-Q2,0.9,,,,
ABS:LCI(1.0.0),3,20003,P4,50,Q,2025-Q3,6.5,,,,
ABS:LCI(1.0.0),3,20003,P4,50,Q,2025-Q4,8.9,,,,
ABS:LCI(1.0.0),3,20003,P4,50,Q,2026-Q1,10.5,,,,
ABS:LCI(1.0.0),3,20003,P4,50,Q,2026-Q2,9.6,,,,
ABS:LCI(1.0.0),3,20004,PBLCI,50,Q,2008-Q2,1,,,,
ABS:LCI(1.0.0),3,20004,PBLCI,50,Q,2008-Q3,1.8,,,,
ABS:LCI(1.0.0),3,20004,PBLCI,50,Q,2008-Q4,1.4,,,,
ABS:LCI(1.0.0),3,20004,PBLCI,50,Q,2009-Q1,2.8,,,,
ABS:LCI(1.0.0),3,20004,PBLCI,50,Q,2009-Q2,3.4,,,,
ABS:LCI(1.0.0),3,20004,PBLCI,50,Q,2009-Q3,4.1,,,,
ABS:LCI(1.0.0),3,20004,PBLCI,50,Q,2009-Q4,3.5,,,,
ABS:LCI(1.0.0),3,20004,PBLCI,50,Q,2010-Q1,1.5,,,,
ABS:LCI(1.0.0),3,20004,PBLCI,50,Q,2010-Q2,0.2,,,,
ABS:LCI(1.0.0),3,20004,PBLCI,50,Q,2010-Q3,0.3,,,,
ABS:LCI(1.0.0),3,20004,PBLCI,50,Q,2010-Q4,-0.3,,,,
ABS:LCI(1.0.0),3,20004,PBLCI,50,Q,2011-Q1,-0.5,,,,
ABS:LCI(1.0.0),3,20004,PBLCI,50,Q,2011-Q2,-0.2,,,,
ABS:LCI(1.0.0),3,20004,PBLCI,50,Q,2011-Q3,-0.6,,,,
ABS:LCI(1.0.0),3,20004,PBLCI,50,Q,2011-Q4,-0.1,,,,
ABS:LCI(1.0.0),3,20004,PBLCI,50,Q,2012-Q1,0.3,,,,
ABS:LCI(1.0.0),3,20004,PBLCI,50,Q,2012-Q2,0.5,,,,
ABS:LCI(1.0.0),3,20004,PBLCI,50,Q,2012-Q3,1.1,,,,
ABS:LCI(1.0.0),3,20004,PBLCI,50,Q,2012-Q4,0.7,,,,
ABS:LCI(1.0.0),3,20004,PBLCI,50,Q,2013-Q1,0.6,,,,
ABS:LCI(1.0.0),3,20004,PBLCI,50,Q,2013-Q2,-0.1,,,,
ABS:LCI(1.0.0),3,20004,PBLCI,50,Q,2013-Q3,0,,,,
ABS:LCI(1.0.0),3,20004,PBLCI,50,Q,2013-Q4,0.8,,,,
ABS:LCI(1.0.0),3,20004,PBLCI,50,Q,2014-Q1,0.4,,,,
ABS:LCI(1.0.0),3,20004,PBLCI,50,Q,2014-Q2,0.7,,,,
ABS:LCI(1.0.0),3,20004,PBLCI,50,Q,2014-Q3,0,,,,
ABS:LCI(1.0.0),3,20004,PBLCI,50,Q,2014-Q4,0.2,,,,
ABS:LCI(1.0.0),3,20004,PBLCI,50,Q,2015-Q1,1.2,,,,
ABS:LCI(1.0.0),3,20004,PBLCI,50,Q,2015-Q2,1.1,,,,
ABS:LCI(1.0.0),3,20004,PBLCI,50,Q,2015-Q3,1.4,,,,
ABS:LCI(1.0.0),3,20004,PBLCI,50,Q,2015-Q4,1.4,,,,
ABS:LCI(1.0.0),3,20004,PBLCI,50,Q,2016-Q1,1.4,,,,
ABS:LCI(1.0.0),3,20004,PBLCI,50,Q,2016-Q2,1.1,,,,
ABS:LCI(1.0.0),3,20004,PBLCI,50,Q,2016-Q3,1.4,,,,
ABS:LCI(1.0.0),3,20004,PBLCI,50,Q,2016-Q4,0.1,,,,
ABS:LCI(1.0.0),3,20004,PBLCI,50,Q,2017-Q1,-0.4,,,,
ABS:LCI(1.0.0),3,20004,PBLCI,50,Q,2017-Q2,-0.3,,,,
ABS:LCI(1.0.0),3,20004,PBLCI,50,Q,2017-Q3,-1,,,,
ABS:LCI(1.0.0),3,20004,PBLCI,50,Q,2017-Q4,-1.1,,,,
ABS:LCI(1.0.0),3,20004,PBLCI,50,Q,2018-Q1,-0.6,,,,
ABS:LCI(1.0.0),3,20004,PBLCI,50,Q,2018-Q2,-1.1,,,,
ABS:LCI(1.0.0),3,20004,PBLCI,50,Q,2018-Q3,-1.6,,,,
ABS:LCI(1.0.0),3,20004,PBLCI,50,Q,2018-Q4,-0.3,,,,
ABS:LCI(1.0.0),3,20004,PBLCI,50,Q,2019-Q1,-0.3,,,,
ABS:LCI(1.0.0),3,20004,PBLCI,50,Q,2019-Q2,0.1,,,,
ABS:LCI(1.0.0),3,20004,PBLCI,50,Q,2019-Q3,1.3,,,,
ABS:LCI(1.0.0),3,20004,PBLCI,50,Q,2019-Q4,0.6,,,,
ABS:LCI(1.0.0),3,20004,PBLCI,50,Q,2020-Q1,2.1,,,,
ABS:LCI(1.0.0),3,20004,PBLCI,50,Q,2020-Q2,-2.1,,,,
ABS:LCI(1.0.0),3,20004,PBLCI,50,Q,2020-Q3,1.8,,,,
ABS:LCI(1.0.0),3,20004,PBLCI,50,Q,2020-Q4,3.6,,,,
ABS:LCI(1.0.0),3,20004,PBLCI,50,Q,2021-Q1,2.2,,,,
ABS:LCI(1.0.0),3,20004,PBLCI,50,Q,2021-Q2,6.8,,,,
ABS:LCI(1.0.0),3,20004,PBLCI,50,Q,2021-Q3,3.3,,,,
ABS:LCI(1.0.0),3,20004,PBLCI,50,Q,2021-Q4,3,,,,
ABS:LCI(1.0.0),3,20004,PBLCI,50,Q,2022-Q1,5.1,,,,
ABS:LCI(1.0.0),3,20004,PBLCI,50,Q,2022-Q2,7.2,,,,
ABS:LCI(1.0.0),3,20004,PBLCI,50,Q,2022-Q3,8.6,,,,
ABS:LCI(1.0.0),3,20004,PBLCI,50,Q,2022-Q4,9.2,,,,
ABS:LCI(1.0.0),3,20004,PBLCI,50,Q,2023-Q1,7,,,,
ABS:LCI(1.0.0),3,20004,PBLCI,50,Q,2023-Q2,6.1,,,,
ABS:LCI(1.0.0),3,20004,PBLCI,50,Q,2023-Q3,2.9,,,,
ABS:LCI(1.0.0),3,20004,PBLCI,50,Q,2023-Q4,0.2,,,,
ABS:LCI(1.0.0),3,20004,PBLCI,50,Q,2024-Q1,0.4,,,,
ABS:LCI(1.0.0),3,20004,PBLCI,50,Q,2024-Q2,-0.8,,,,
ABS:LCI(1.0.0),3,20004,PBLCI,50,Q,2024-Q3,0.2,,,,
ABS:LCI(1.0.0),3,20004,PBLCI,50,Q,2024-Q4,1.1,,,,
ABS:LCI(1.0.0),3,20004,PBLCI,50,Q,2025-Q1,0.4,,,,
ABS:LCI(1.0.0),3,20004,PBLCI,50,Q,2025-Q2,0.7,,,,
ABS:LCI(1.0.0),3,20004,PBLCI,50,Q,2025-Q3,0.8,,,,
ABS:LCI(1.0.0),3,20004,PBLCI,50,Q,2025-Q4,0.7,,,,
ABS:LCI(1.0.0),3,20004,PBLCI,50,Q,2026-Q1,1.3,,,,
ABS:LCI(1.0.0),3,20004,PBLCI,50,Q,2026-Q2,0.5,,,,
ABS:LCI(1.0.0),3,115486,P4,50,Q,2008-Q2,4.9,,,,
ABS:LCI(1.0.0),3,115486,P4,50,Q,2008-Q3,5.3,,,,
ABS:LCI(1.0.0),3,115486,P4,50,Q,2008-Q4,5.1,,,,
ABS:LCI(1.0.0),3,115486,P4,50,Q,2009-Q1,5.5,,,,
ABS:LCI(1.0.0),3,115486,P4,50,Q,2009-Q2,5.3,,,,
ABS:LCI(1.0.0),3,115486,P4,50,Q,2009-Q3,4.5,,,,
ABS:LCI(1.0.0),3,115486,P4,50,Q,2009-Q4,4.7,,,,
ABS:LCI(1.0.0),3,115486,P4,50,Q,2010-Q1,5.1,,,,
ABS:LCI(1.0.0),3,115486,P4,50,Q,2010-Q2,5,,,,
ABS:LCI(1.0.0),3,115486,P4,50,Q,2010-Q3,5.2,,,,
ABS:LCI(1.0.0),3,115486,P4,50,Q,2010-Q4,5,,,,
ABS:LCI(1.0.0),3,115486,P4,50,Q,2011-Q1,4.3,,,,
ABS:LCI(1.0.0),3,115486,P4,50,Q,2011-Q2,4.2,,,,
ABS:LCI(1.0.0),3,115486,P4,50,Q,2011-Q3,4,,,,
ABS:LCI(1.0.0),3,115486,P4,50,Q,2011-Q4,3.9,,,,
ABS:LCI(1.0.0),3,115486,P4,50,Q,2012-Q1,4.5,,,,
ABS:LCI(1.0.0),3,115486,P4,50,Q,2012-Q2,3.7,,,,
ABS:LCI(1.0.0),3,115486,P4,50,Q,2012-Q3,7.5,,,,
ABS:LCI(1.0.0),3,115486,P4,50,Q,2012-Q4,7.8,,,,
ABS:LCI(1.0.0),3,115486,P4,50,Q,2013-Q1,6.5,,,,
ABS:LCI(1.0.0),3,115486,P4,50,Q,2013-Q2,6.9,,,,
ABS:LCI(1.0.0),3,115486,P4,50,Q,2013-Q3,3.9,,,,
ABS:LCI(1.0.0),3,115486,P4,50,Q,2013-Q4,4.3,,,,
ABS:LCI(1.0.0),3,115486,P4,50,Q,2014-Q1,3.9,,,,
ABS:LCI(1.0.0),3,115486,P4,50,Q,2014-Q2,5,,,,
ABS:LCI(1.0.0),3,115486,P4,50,Q,2014-Q3,4.8,,,,
ABS:LCI(1.0.0),3,115486,P4,50,Q,2014-Q4,4.4,,,,
ABS:LCI(1.0.0),3,115486,P4,50,Q,2015-Q1,4.5,,,,
ABS:LCI(1.0.0),3,115486,P4,50,Q,2015-Q2,4.5,,,,
ABS:LCI(1.0.0),3,115486,P4,50,Q,2015-Q3,4.7,,,,
ABS:LCI(1.0.0),3,115486,P4,50,Q,2015-Q4,5.2,,,,
ABS:LCI(1.0.0),3,115486,P4,50,Q,2016-Q1,4.6,,,,
ABS:LCI(1.0.0),3,115486,P4,50,Q,2016-Q2,4.5,,,,
ABS:LCI(1.0.0),3,115486,P4,50,Q,2016-Q3,4.2,,,,
ABS:LCI(1.0.0),3,115486,P4,50,Q,2016-Q4,4,,,,
ABS:LCI(1.0.0),3,115486,P4,50,Q,2017-Q1,4,,,,
ABS:LCI(1.0.0),3,115486,P4,50,Q,2017-Q2,4,,,,
ABS:LCI(1.0.0),3,115486,P4,50,Q,2017-Q3,4.1,,,,
ABS:LCI(1.0.0),3,115486,P4,50,Q,2017-Q4,4.2,,,,
ABS:LCI(1.0.0),3,115486,P4,50,Q,2018-Q1,4.5,,,,
ABS:LCI(1.0.0),3,115486,P4,50,Q,2018-Q2,3.5,,,,
ABS:LCI(1.0.0),3,115486,P4,50,Q,2018-Q3,3.2,,,,
ABS:LCI(1.0.0),3,115486,P4,50,Q,2018-Q4,3.4,,,,
ABS:LCI(1.0.0),3,115486,P4,50,Q,2019-Q1,3.1,,,,
ABS:LCI(1.0.0),3,115486,P4,50,Q,2019-Q2,3,,,,
ABS:LCI(1.0.0),3,115486,P4,50,Q,2019-Q3,3.2,,,,
ABS:LCI(1.0.0),3,115486,P4,50,Q,2019-Q4,3.2,,,,
ABS:LCI(1.0.0),3,115486,P4,50,Q,2020-Q1,3,,,,
ABS:LCI(1.0.0),3,115486,P4,50,Q,2020-Q2,0.8,,,,
ABS:LCI(1.0.0),3,115486,P4,50,Q,2020-Q3,0.7,,,,
ABS:LCI(1.0.0),3,115486,P4,50,Q,2020-Q4,2.4,,,,
ABS:LCI(1.0.0),3,115486,P4,50,Q,2021-Q1,2.8,,,,
ABS:LCI(1.0.0),3,115486,P4,50,Q,2021-Q2,4.8,,,,
ABS:LCI(1.0.0),3,115486,P4,50,Q,2021-Q3,5.1,,,,
ABS:LCI(1.0.0),3,115486,P4,50,Q,2021-Q4,3.4,,,,
ABS:LCI(1.0.0),3,115486,P4,50,Q,2022-Q1,3.6,,,,
ABS:LCI(1.0.0),3,115486,P4,50,Q,2022-Q2,2.3,,,,
ABS:LCI(1.0.0),3,115486,P4,50,Q,2022-Q3,2.4,,,,
ABS:LCI(1.0.0),3,115486,P4,50,Q,2022-Q4,3.7,,,,
ABS:LCI(1.0.0),3,115486,P4,50,Q,2023-Q1,5.4,,,,
ABS:LCI(1.0.0),3,115486,P4,50,Q,2023-Q2,4.8,,,,
ABS:LCI(1.0.0),3,115486,P4,50,Q,2023-Q3,4.9,,,,
ABS:LCI(1.0.0),3,115486,P4,50,Q,2023-Q4,4.6,,,,
ABS:LCI(1.0.0),3,115486,P4,50,Q,2024-Q1,3.4,,,,
ABS:LCI(1.0.0),3,115486,P4,50,Q,2024-Q2,5.4,,,,
ABS:LCI(1.0.0),3,115486,P4,50,Q,2024-Q3,5.1,,,,
ABS:LCI(1.0.0),3,115486,P4,50,Q,2024-Q4,4.2,,,,
ABS:LCI(1.0.0),3,115486,P4,50,Q,2025-Q1,4.3,,,,
ABS:LCI(1.0.0),3,115486,P4,50,Q,2025-Q2,3.5,,,,
ABS:LCI(1.0.0),3,115486,P4,50,Q,2025-Q3,3.6,,,,
ABS:LCI(1.0.0),3,115486,P4,50,Q,2025-Q4,3.3,,,,
ABS:LCI(1.0.0),3,115486,P4,50,Q,2026-Q1,2.8,,,,
ABS:LCI(1.0.0),3,115486,P4,50,Q,2026-Q2,4,,,,
ABS:LCI(1.0.0),3,115489,P2,50,Q,2008-Q2,2,,,,
ABS:LCI(1.0.0),3,115489,P2,50,Q,2008-Q3,1.9,,,,
ABS:LCI(1.0.0),3,115489,P2,50,Q,2008-Q4,1.6,,,,
ABS:LCI(1.0.0),3,115489,P2,50,Q,2009-Q1,0.7,,,,
ABS:LCI(1.0.0),3,115489,P2,50,Q,2009-Q2,1.1,,,,
ABS:LCI(1.0.0),3,115489,P2,50,Q,2009-Q3,0.6,,,,
ABS:LCI(1.0.0),3,115489,P2,50,Q,2009-Q4,1.7,,,,
ABS:LCI(1.0.0),3,115489,P2,50,Q,2010-Q1,1.9,,,,
ABS:LCI(1.0.0),3,115489,P2,50,Q,2010-Q2,-0.1,,,,
ABS:LCI(1.0.0),3,115489,P2,50,Q,2010-Q3,-0.1,,,,
ABS:LCI(1.0.0),3,115489,P2,50,Q,2010-Q4,-1.5,,,,
ABS:LCI(1.0.0),3,115489,P2,50,Q,2011-Q1,-1,,,,
ABS:LCI(1.0.0),3,115489,P2,50,Q,2011-Q2,0.2,,,,
ABS:LCI(1.0.0),3,115489,P2,50,Q,2011-Q3,0.4,,,,
ABS:LCI(1.0.0),3,115489,P2,50,Q,2011-Q4,0.6,,,,
ABS:LCI(1.0.0),3,115489,P2,50,Q,2012-Q1,-0.6,,,,
ABS:LCI(1.0.0),3,115489,P2,50,Q,2012-Q2,-1.3,,,,
ABS:LCI(1.0.0),3,115489,P2,50,Q,2012-Q3,-1.2,,,,
ABS:LCI(1.0.0),3,115489,P2,50,Q,2012-Q4,-1.2,,,,
ABS:LCI(1.0.0),3,115489,P2,50,Q,2013-Q1,-0.1,,,,
ABS:LCI(1.0.0),3,115489,P2,50,Q,2013-Q2,0.3,,,,
ABS:LCI(1.0.0),3,115489,P2,50,Q,2013-Q3,1.2,,,,
ABS:LCI(1.0.0),3,115489,P2,50,Q,2013-Q4,2.3,,,,
ABS:LCI(1.0.0),3,115489,P2,50,Q,2014-Q1,2.7,,,,
ABS:LCI(1.0.0),3,115489,P2,50,Q,2014-Q2,3.2,,,,
ABS:LCI(1.0.0),3,115489,P2,50,Q,2014-Q3,1.8,,,,
ABS:LCI(1.0.0),3,115489,P2,50,Q,2014-Q4,1,,,,
ABS:LCI(1.0.0),3,115489,P2,50,Q,2015-Q1,2,,,,
ABS:LCI(1.0.0),3,115489,P2,50,Q,2015-Q2,0.9,,,,
ABS:LCI(1.0.0),3,115489,P2,50,Q,2015-Q3,1.1,,,,
ABS:LCI(1.0.0),3,115489,P2,50,Q,2015-Q4,1.6,,,,
ABS:LCI(1.0.0),3,115489,P2,50,Q,2016-Q1,0.1,,,,
ABS:LCI(1.0.0),3,115489,P2,50,Q,2016-Q2,0.9,,,,
ABS:LCI(1.0.0),3,115489,P2,50,Q,2016-Q3,0.7,,,,
ABS:LCI(1.0.0),3,115489,P2,50,Q,2016-Q4,-0.2,,,,
ABS:LCI(1.0.0),3,115489,P2,50,Q,2017-Q1,0.2,,,,
ABS:LCI(1.0.0),3,115489,P2,50,Q,2017-Q2,0.1,,,,
ABS:LCI(1.0.0),3,115489,P2,50,Q,2017-Q3,0.7,,,,
ABS:LCI(1.0.0),3,115489,P2,50,Q,2017-Q4,1.1,,,,
ABS:LCI(1.0.0),3,115489,P2,50,Q,2018-Q1,1,,,,
ABS:LCI(1.0.0),3,115489,P2,50,Q,2018-Q2,1.2,,,,
ABS:LCI(1.0.0),3,115489,P2,50,Q,2018-Q3,1.6,,,,
ABS:LCI(1.0.0),3,115489,P2,50,Q,2018-Q4,1.9,,,,
ABS:LCI(1.0.0),3,115489,P2,50,Q,2019-Q1,1.1,,,,
ABS:LCI(1.0.0),3,115489,P2,50,Q,2019-Q2,2.1,,,,
ABS:LCI(1.0.0),3,115489,P2,50,Q,2019-Q3,2.3,,,,
ABS:LCI(1.0.0),3,115489,P2,50,Q,2019-Q4,2,,,,
ABS:LCI(1.0.0),3,115489,P2,50,Q,2020-Q1,1.9,,,,
ABS:LCI(1.0.0),3,115489,P2,50,Q,2020-Q2,0.9,,,,
ABS:LCI(1.0.0),3,115489,P2,50,Q,2020-Q3,-0.3,,,,
ABS:LCI(1.0.0),3,115489,P2,50,Q,2020-Q4,0.3,,,,
ABS:LCI(1.0.0),3,115489,P2,50,Q,2021-Q1,1.7,,,,
ABS:LCI(1.0.0),3,115489,P2,50,Q,2021-Q2,2.1,,,,
ABS:LCI(1.0.0),3,115489,P2,50,Q,2021-Q3,2.6,,,,
ABS:LCI(1.0.0),3,115489,P2,50,Q,2021-Q4,2.4,,,,
ABS:LCI(1.0.0),3,115489,P2,50,Q,2022-Q1,3.6,,,,
ABS:LCI(1.0.0),3,115489,P2,50,Q,2022-Q2,5.4,,,,
ABS:LCI(1.0.0),3,115489,P2,50,Q,2022-Q3,6.4,,,,
ABS:LCI(1.0.0),3,115489,P2,50,Q,2022-Q4,10.6,,,,
ABS:LCI(1.0.0),3,115489,P2,50,Q,2023-Q1,9.7,,,,
ABS:LCI(1.0.0),3,115489,P2,50,Q,2023-Q2,7.7,,,,
ABS:LCI(1.0.0),3,115489,P2,50,Q,2023-Q3,6.1,,,,
ABS:LCI(1.0.0),3,115489,P2,50,Q,2023-Q4,1.1,,,,
ABS:LCI(1.0.0),3,115489,P2,50,Q,2024-Q1,0.9,,,,
ABS:LCI(1.0.0),3,115489,P2,50,Q,2024-Q2,1.4,,,,
ABS:LCI(1.0.0),3,115489,P2,50,Q,2024-Q3,2.6,,,,
ABS:LCI(1.0.0),3,115489,P2,50,Q,2024-Q4,3.5,,,,
ABS:LCI(1.0.0),3,115489,P2,50,Q,2025-Q1,2.1,,,,
ABS:LCI(1.0.0),3,115489,P2,50,Q,2025-Q2,2.1,,,,
ABS:LCI(1.0.0),3,115489,P2,50,Q,2025-Q3,2.7,,,,
ABS:LCI(1.0.0),3,115489,P2,50,Q,2025-Q4,4,,,,
ABS:LCI(1.0.0),3,115489,P2,50,Q,2026-Q1,3.9,,,,
ABS:LCI(1.0.0),3,115489,P2,50,Q,2026-Q2,3.1,,,,
ABS:LCI(1.0.0),4,10001,PBLCI,50,Q,2025-Q4,100.13,,,,
ABS:LCI(1.0.0),4,10001,PBLCI,50,Q,2026-Q1,102.65,,,,
ABS:LCI(1.0.0),4,10001,PBLCI,50,Q,2026-Q2,103.31,,,,
ABS:LCI(1.0.0),4,20006,PBLCI,50,Q,2025-Q4,6.89,,,,
ABS:LCI(1.0.0),4,20006,PBLCI,50,Q,2026-Q1,6.97,,,,
ABS:LCI(1.0.0),4,20006,PBLCI,50,Q,2026-Q2,7.03,,,,
ABS:LCI(1.0.0),4,20005,P4,50,Q,2025-Q4,11.58,,,,
ABS:LCI(1.0.0),4,20005,P4,50,Q,2026-Q1,11.81,,,,
ABS:LCI(1.0.0),4,20005,P4,50,Q,2026-Q2,11.76,,,,
ABS:LCI(1.0.0),4,131279,PBLCI,50,Q,2025-Q4,0.64,,,,
ABS:LCI(1.0.0),4,131279,PBLCI,50,Q,2026-Q1,0.65,,,,
ABS:LCI(1.0.0),4,131279,PBLCI,50,Q,2026-Q2,0.66,,,,
ABS:LCI(1.0.0),5,20001,PBLCI,50,Q,2025-Q4,0.06,,,,
ABS:LCI(1.0.0),5,20001,PBLCI,50,Q,2026-Q1,0.2,,,,
ABS:LCI(1.0.0),5,20001,PBLCI,50,Q,2026-Q2,0.2,,,,
ABS:LCI(1.0.0),5,20003,P3,50,Q,2025-Q4,-0.18,,,,
ABS:LCI(1.0.0),5,20003,P3,50,Q,2026-Q1,1.27,,,,
ABS:LCI(1.0.0),5,20003,P3,50,Q,2026-Q2,0.15,,,,
ABS:LCI(1.0.0),5,115486,P3,50,Q,2025-Q4,-0.08,,,,
ABS:LCI(1.0.0),5,115486,P3,50,Q,2026-Q1,0.38,,,,
ABS:LCI(1.0.0),5,115486,P3,50,Q,2026-Q2,-0.04,,,,
ABS:LCI(1.0.0),5,115493,P4,50,Q,2025-Q4,0,,,,
ABS:LCI(1.0.0),5,115493,P4,50,Q,2026-Q1,0.05,,,,
ABS:LCI(1.0.0),5,115493,P4,50,Q,2026-Q2,0.02,,,,
ABS:LCI(1.0.0),5,126670,P2,50,Q,2025-Q4,0.03,,,,
ABS:LCI(1.0.0),5,126670,P2,50,Q,2026-Q1,0.15,,,,
ABS:LCI(1.0.0),5,126670,P2,50,Q,2026-Q2,0.19,,,,
ABS:LCI(1.0.0),1,20001,P2,50,Q,2007-Q2,63.98,,,,
ABS:LCI(1.0.0),1,20001,P2,50,Q,2007-Q3,65.49,,,,
ABS:LCI(1.0.0),1,20001,P2,50,Q,2007-Q4,64.94,,,,
ABS:LCI(1.0.0),1,20001,P2,50,Q,2008-Q1,66.33,,,,
ABS:LCI(1.0.0),1,20001,P2,50,Q,2008-Q2,65.97,,,,
ABS:LCI(1.0.0),1,20001,P2,50,Q,2008-Q3,66.99,,,,
ABS:LCI(1.0.0),1,20001,P2,50,Q,2008-Q4,68.59,,,,
ABS:LCI(1.0.0),1,20001,P2,50,Q,2009-Q1,70.25,,,,
ABS:LCI(1.0.0),1,20001,P2,50,Q,2009-Q2,69.18,,,,
ABS:LCI(1.0.0),1,20001,P2,50,Q,2009-Q3,68.35,,,,
ABS:LCI(1.0.0),1,20001,P2,50,Q,2009-Q4,69.65,,,,
ABS:LCI(1.0.0),1,20001,P2,50,Q,2010-Q1,70.37,,,,
ABS:LCI(1.0.0),1,20001,P2,50,Q,2010-Q2,69.86,,,,
ABS:LCI(1.0.0),1,20001,P2,50,Q,2010-Q3,69.44,,,,
ABS:LCI(1.0.0),1,20001,P2,50,Q,2010-Q4,71.38,,,,
ABS:LCI(1.0.0),1,20001,P2,50,Q,2011-Q1,73.95,,,,
ABS:LCI(1.0.0),1,20001,P2,50,Q,2011-Q2,75.21,,,,
ABS:LCI(1.0.0),1,20001,P2,50,Q,2011-Q3,74.86,,,,
ABS:LCI(1.0.0),1,20001,P2,50,Q,2011-Q4,73.3,,,,
ABS:LCI(1.0.0),1,20001,P2,50,Q,2012-Q1,70.97,,,,
ABS:LCI(1.0.0),1,20001,P2,50,Q,2012-Q2,71.42,,,,
ABS:LCI(1.0.0),1,20001,P2,50,Q,2012-Q3,73.07,,,,
ABS:LCI(1.0.0),1,20001,P2,50,Q,2012-Q4,72.86,,,,
ABS:LCI(1.0.0),1,20001,P2,50,Q,2013-Q1,71.92,,,,
ABS:LCI(1.0.0),1,20001,P2,50,Q,2013-Q2,71.95,,,,
ABS:LCI(1.0.0),1,20001,P2,50,Q,2013-Q3,72.04,,,,
ABS:LCI(1.0.0),1,20001,P2,50,Q,2013-Q4,73.38,,,,
ABS:LCI(1.0.0),1,20001,P2,50,Q,2014-Q1,73.57,,,,
ABS:LCI(1.0.0),1,20001,P2,50,Q,2014-Q2,73.93,,,,
ABS:LCI(1.0.0),1,20001,P2,50,Q,2014-Q3,75,,,,
ABS:LCI(1.0.0),1,20001,P2,50,Q,2014-Q4,74.92,,,,
ABS:LCI(1.0.0),1,20001,P2,50,Q,2015-Q1,75.03,,,,
ABS:LCI(1.0.0),1,20001,P2,50,Q,2015-Q2,74.79,,,,
ABS:LCI(1.0.0),1,20001,P2,50,Q,2015-Q3,74.8,,,,
ABS:LCI(1.0.0),1,20001,P2,50,Q,2015-Q4,74.98,,,,
ABS:LCI(1.0.0),1,20001,P2,50,Q,2016-Q1,74.62,,,,
ABS:LCI(1.0.0),1,20001,P2,50,Q,2016-Q2,74.43,,,,
ABS:LCI(1.0.0),1,20001,P2,50,Q,2016-Q3,76.18,,,,
ABS:LCI(1.0.0),1,20001,P2,50,Q,2016-Q4,76.68,,,,
ABS:LCI(1.0.0),1,20001,P2,50,Q,2017-Q1,76.32,,,,
ABS:LCI(1.0.0),1,20001,P2,50,Q,2017-Q2,75.98,,,,
ABS:LCI(1.0.0),1,20001,P2,50,Q,2017-Q3,74.96,,,,
ABS:LCI(1.0.0),1,20001,P2,50,Q,2017-Q4,75.98,,,,
ABS:LCI(1.0.0),1,20001,P2,50,Q,2018-Q1,76.23,,,,
ABS:LCI(1.0.0),1,20001,P2,50,Q,2018-Q2,75.74,,,,
ABS:LCI(1.0.0),1,20001,P2,50,Q,2018-Q3,76.17,,,,
ABS:LCI(1.0.0),1,20001,P2,50,Q,2018-Q4,77,,,,
ABS:LCI(1.0.0),1,20001,P2,50,Q,2019-Q1,78.16,,,,
ABS:LCI(1.0.0),1,20001,P2,50,Q,2019-Q2,77.73,,,,
ABS:LCI(1.0.0),1,20001,P2,50,Q,2019-Q3,78.02,,,,
ABS:LCI(1.0.0),1,20001,P2,50,Q,2019-Q4,79.17,,,,
ABS:LCI(1.0.0),1,20001,P2,50,Q,2020-Q1,80.95,,,,
ABS:LCI(1.0.0),1,20001,P2,50,Q,2020-Q2,81.43,,,,
ABS:LCI(1.0.0),1,20001,P2,50,Q,2020-Q3,81.05,,,,
ABS:LCI(1.0.0),1,20001,P2,50,Q,2020-Q4,81.14,,,,
ABS:LCI(1.0.0),1,20001,P2,50,Q,2021-Q1,81.41,,,,
ABS:LCI(1.0.0),1,20001,P2,50,Q,2021-Q2,82.06,,,,
ABS:LCI(1.0.0),1,20001,P2,50,Q,2021-Q3,82.03,,,,
ABS:LCI(1.0.0),1,20001,P2,50,Q,2021-Q4,82.52,,,,
ABS:LCI(1.0.0),1,20001,P2,50,Q,2022-Q1,85.22,,,,
ABS:LCI(1.0.0),1,20001,P2,50,Q,2022-Q2,87.08,,,,
ABS:LCI(1.0.0),1,20001,P2,50,Q,2022-Q3,90.04,,,,
ABS:LCI(1.0.0),1,20001,P2,50,Q,2022-Q4,90.6,,,,
ABS:LCI(1.0.0),1,20001,P2,50,Q,2023-Q1,92.19,,,,
ABS:LCI(1.0.0),1,20001,P2,50,Q,2023-Q2,93.54,,,,
ABS:LCI(1.0.0),1,20001,P2,50,Q,2023-Q3,93.86,,,,
ABS:LCI(1.0.0),1,20001,P2,50,Q,2023-Q4,94.28,,,,
ABS:LCI(1.0.0),1,20001,P2,50,Q,2024-Q1,95.07,,,,
ABS:LCI(1.0.0),1,20001,P2,50,Q,2024-Q2,96.34,,,,
ABS:LCI(1.0.0),1,20001,P2,50,Q,2024-Q3,96.99,,,,
ABS:LCI(1.0.0),1,20001,P2,50,Q,2024-Q4,97.12,,,,
ABS:LCI(1.0.0),1,20001,P2,50,Q,2025-Q1,98.42,,,,
ABS:LCI(1.0.0),1,20001,P2,50,Q,2025-Q2,99.4,,,,
ABS:LCI(1.0.0),1,20001,P2,50,Q,2025-Q3,100,,,,
ABS:LCI(1.0.0),1,20001,P2,50,Q,2025-Q4,100.37,,,,
ABS:LCI(1.0.0),1,20001,P2,50,Q,2026-Q1,101.37,,,,
ABS:LCI(1.0.0),1,20001,P2,50,Q,2026-Q2,102.41,,,,
ABS:LCI(1.0.0),1,20002,PBLCI,50,Q,2007-Q2,103.74,,,,
ABS:LCI(1.0.0),1,20002,PBLCI,50,Q,2007-Q3,104.36,,,,
ABS:LCI(1.0.0),1,20002,PBLCI,50,Q,2007-Q4,104.57,,,,
ABS:LCI(1.0.0),1,20002,PBLCI,50,Q,2008-Q1,102.29,,,,
ABS:LCI(1.0.0),1,20002,PBLCI,50,Q,2008-Q2,104.99,,,,
ABS:LCI(1.0.0),1,20002,PBLCI,50,Q,2008-Q3,104.26,,,,
ABS:LCI(1.0.0),1,20002,PBLCI,50,Q,2008-Q4,104.47,,,,
ABS:LCI(1.0.0),1,20002,PBLCI,50,Q,2009-Q1,103.95,,,,
ABS:LCI(1.0.0),1,20002,PBLCI,50,Q,2009-Q2,105.98,,,,
ABS:LCI(1.0.0),1,20002,PBLCI,50,Q,2009-Q3,106.52,,,,
ABS:LCI(1.0.0),1,20002,PBLCI,50,Q,2009-Q4,106.66,,,,
ABS:LCI(1.0.0),1,20002,PBLCI,50,Q,2010-Q1,102.14,,,,
ABS:LCI(1.0.0),1,20002,PBLCI,50,Q,2010-Q2,101.84,,,,
ABS:LCI(1.0.0),1,20002,PBLCI,50,Q,2010-Q3,103.29,,,,
ABS:LCI(1.0.0),1,20002,PBLCI,50,Q,2010-Q4,101.61,,,,
ABS:LCI(1.0.0),1,20002,PBLCI,50,Q,2011-Q1,100.37,,,,
ABS:LCI(1.0.0),1,20002,PBLCI,50,Q,2011-Q2,102.45,,,,
ABS:LCI(1.0.0),1,20002,PBLCI,50,Q,2011-Q3,103.83,,,,
ABS:LCI(1.0.0),1,20002,PBLCI,50,Q,2011-Q4,103.61,,,,
ABS:LCI(1.0.0),1,20002,PBLCI,50,Q,2012-Q1,101.2,,,,
ABS:LCI(1.0.0),1,20002,PBLCI,50,Q,2012-Q2,102.71,,,,
ABS:LCI(1.0.0),1,20002,PBLCI,50,Q,2012-Q3,103.13,,,,
ABS:LCI(1.0.0),1,20002,PBLCI,50,Q,2012-Q4,103.39,,,,
ABS:LCI(1.0.0),1,20002,PBLCI,50,Q,2013-Q1,99.65,,,,
ABS:LCI(1.0.0),1,20002,PBLCI,50,Q,2013-Q2,102.44,,,,
ABS:LCI(1.0.0),1,20002,PBLCI,50,Q,2013-Q3,103.46,,,,
ABS:LCI(1.0.0),1,20002,PBLCI,50,Q,2013-Q4,102.38,,,,
ABS:LCI(1.0.0),1,20002,PBLCI,50,Q,2014-Q1,99.96,,,,
ABS:LCI(1.0.0),1,20002,PBLCI,50,Q,2014-Q2,101.84,,,,
ABS:LCI(1.0.0),1,20002,PBLCI,50,Q,2014-Q3,100.56,,,,
ABS:LCI(1.0.0),1,20002,PBLCI,50,Q,2014-Q4,100.82,,,,
ABS:LCI(1.0.0),1,20002,PBLCI,50,Q,2015-Q1,98.93,,,,
ABS:LCI(1.0.0),1,20002,PBLCI,50,Q,2015-Q2,100.37,,,,
ABS:LCI(1.0.0),1,20002,PBLCI,50,Q,2015-Q3,99.35,,,,
ABS:LCI(1.0.0),1,20002,PBLCI,50,Q,2015-Q4,100.68,,,,
ABS:LCI(1.0.0),1,20002,PBLCI,50,Q,2016-Q1,98.21,,,,
ABS:LCI(1.0.0),1,20002,PBLCI,50,Q,2016-Q2,100.24,,,,
ABS:LCI(1.0.0),1,20002,PBLCI,50,Q,2016-Q3,99.85,,,,
ABS:LCI(1.0.0),1,20002,PBLCI,50,Q,2016-Q4,99.85,,,,
ABS:LCI(1.0.0),1,20002,PBLCI,50,Q,2017-Q1,97.82,,,,
ABS:LCI(1.0.0),1,20002,PBLCI,50,Q,2017-Q2,97.36,,,,
ABS:LCI(1.0.0),1,20002,PBLCI,50,Q,2017-Q3,96.3,,,,
ABS:LCI(1.0.0),1,20002,PBLCI,50,Q,2017-Q4,95.93,,,,
ABS:LCI(1.0.0),1,20002,PBLCI,50,Q,2018-Q1,93.68,,,,
ABS:LCI(1.0.0),1,20002,PBLCI,50,Q,2018-Q2,95.01,,,,
ABS:LCI(1.0.0),1,20002,PBLCI,50,Q,2018-Q3,95.05,,,,
ABS:LCI(1.0.0),1,20002,PBLCI,50,Q,2018-Q4,94.83,,,,
ABS:LCI(1.0.0),1,20002,PBLCI,50,Q,2019-Q1,93.49,,,,
ABS:LCI(1.0.0),1,20002,PBLCI,50,Q,2019-Q2,95.36,,,,
ABS:LCI(1.0.0),1,20002,PBLCI,50,Q,2019-Q3,96.65,,,,
ABS:LCI(1.0.0),1,20002,PBLCI,50,Q,2019-Q4,95.79,,,,
ABS:LCI(1.0.0),1,20002,PBLCI,50,Q,2020-Q1,94.98,,,,
ABS:LCI(1.0.0),1,20002,PBLCI,50,Q,2020-Q2,95.38,,,,
ABS:LCI(1.0.0),1,20002,PBLCI,50,Q,2020-Q3,95.96,,,,
ABS:LCI(1.0.0),1,20002,PBLCI,50,Q,2020-Q4,94.52,,,,
ABS:LCI(1.0.0),1,20002,PBLCI,50,Q,2021-Q1,94.23,,,,
ABS:LCI(1.0.0),1,20002,PBLCI,50,Q,2021-Q2,94.97,,,,
ABS:LCI(1.0.0),1,20002,PBLCI,50,Q,2021-Q3,90.82,,,,
ABS:LCI(1.0.0),1,20002,PBLCI,50,Q,2021-Q4,93.31,,,,
ABS:LCI(1.0.0),1,20002,PBLCI,50,Q,2022-Q1,92.33,,,,
ABS:LCI(1.0.0),1,20002,PBLCI,50,Q,2022-Q2,96.04,,,,
ABS:LCI(1.0.0),1,20002,PBLCI,50,Q,2022-Q3,95.77,,,,
ABS:LCI(1.0.0),1,20002,PBLCI,50,Q,2022-Q4,98.25,,,,
ABS:LCI(1.0.0),1,20002,PBLCI,50,Q,2023-Q1,95.11,,,,
ABS:LCI(1.0.0),1,20002,PBLCI,50,Q,2023-Q2,95.9,,,,
ABS:LCI(1.0.0),1,20002,PBLCI,50,Q,2023-Q3,95.95,,,,
ABS:LCI(1.0.0),1,20002,PBLCI,50,Q,2023-Q4,96.89,,,,
ABS:LCI(1.0.0),1,20002,PBLCI,50,Q,2024-Q1,96.03,,,,
ABS:LCI(1.0.0),1,20002,PBLCI,50,Q,2024-Q2,98.81,,,,
ABS:LCI(1.0.0),1,20002,PBLCI,50,Q,2024-Q3,97.92,,,,
ABS:LCI(1.0.0),1,20002,PBLCI,50,Q,2024-Q4,98.11,,,,
ABS:LCI(1.0.0),1,20002,PBLCI,50,Q,2025-Q1,97.06,,,,
ABS:LCI(1.0.0),1,20002,PBLCI,50,Q,2025-Q2,100.22,,,,
ABS:LCI(1.0.0),1,20002,PBLCI,50,Q,2025-Q3,100,,,,
ABS:LCI(1.0.0),1,20002,PBLCI,50,Q,2025-Q4,99.64,,,,
ABS:LCI(1.0.0),1,20002,PBLCI,50,Q,2026-Q1,101.74,,,,
ABS:LCI(1.0.0),1,20002,PBLCI,50,Q,2026-Q2,102.8,,,,
ABS:LCI(1.0.0),1,20002,P1,50,Q,2007-Q2,98.31,,,,
ABS:LCI(1.0.0),1,20002,P1,50,Q,2007-Q3,98.8,,,,
ABS:LCI(1.0.0),1,20002,P1,50,Q,2007-Q4,99.04,,,,
ABS:LCI(1.0.0),1,20002,P1,50,Q,2008-Q1,96.73,,,,
ABS:LCI(1.0.0),1,20002,P1,50,Q,2008-Q2,99.57,,,,
ABS:LCI(1.0.0),1,20002,P1,50,Q,2008-Q3,98.95,,,,
ABS:LCI(1.0.0),1,20002,P1,50,Q,2008-Q4,99.24,,,,
ABS:LCI(1.0.0),1,20002,P1,50,Q,2009-Q1,98.78,,,,
ABS:LCI(1.0.0),1,20002,P1,50,Q,2009-Q2,100.9,,,,
ABS:LCI(1.0.0),1,20002,P1,50,Q,2009-Q3,101.35,,,,
ABS:LCI(1.0.0),1,20002,P1,50,Q,2009-Q4,101.54,,,,
ABS:LCI(1.0.0),1,20002,P1,50,Q,2010-Q1,97.16,,,,
ABS:LCI(1.0.0),1,20002,P1,50,Q,2010-Q2,97.1,,,,
ABS:LCI(1.0.0),1,20002,P1,50,Q,2010-Q3,98.46,,,,
ABS:LCI(1.0.0),1,20002,P1,50,Q,2010-Q4,96.69,,,,
ABS:LCI(1.0.0),1,20002,P1,50,Q,2011-Q1,95.86,,,,
ABS:LCI(1.0.0),1,20002,P1,50,Q,2011-Q2,98.19,,,,
ABS:LCI(1.0.0),1,20002,P1,50,Q,2011-Q3,99.7,,,,
ABS:LCI(1.0.0),1,20002,P1,50,Q,2011-Q4,99.06,,,,
ABS:LCI(1.0.0),1,20002,P1,50,Q,2012-Q1,97.36,,,,
ABS:LCI(1.0.0),1,20002,P1,50,Q,2012-Q2,98.84,,,,
ABS:LCI(1.0.0),1,20002,P1,50,Q,2012-Q3,98.95,,,,
ABS:LCI(1.0.0),1,20002,P1,50,Q,2012-Q4,99.78,,,,
ABS:LCI(1.0.0),1,20002,P1,50,Q,2013-Q1,96,,,,
ABS:LCI(1.0.0),1,20002,P1,50,Q,2013-Q2,98.45,,,,
ABS:LCI(1.0.0),1,20002,P1,50,Q,2013-Q3,99.5,,,,
ABS:LCI(1.0.0),1,20002,P1,50,Q,2013-Q4,98.4,,,,
ABS:LCI(1.0.0),1,20002,P1,50,Q,2014-Q1,96.22,,,,
ABS:LCI(1.0.0),1,20002,P1,50,Q,2014-Q2,97.78,,,,
ABS:LCI(1.0.0),1,20002,P1,50,Q,2014-Q3,96.85,,,,
ABS:LCI(1.0.0),1,20002,P1,50,Q,2014-Q4,96.88,,,,
ABS:LCI(1.0.0),1,20002,P1,50,Q,2015-Q1,95.53,,,,
ABS:LCI(1.0.0),1,20002,P1,50,Q,2015-Q2,96.88,,,,
ABS:LCI(1.0.0),1,20002,P1,50,Q,2015-Q3,95.76,,,,
ABS:LCI(1.0.0),1,20002,P1,50,Q,2015-Q4,97.29,,,,
ABS:LCI(1.0.0),1,20002,P1,50,Q,2016-Q1,94.79,,,,
ABS:LCI(1.0.0),1,20002,P1,50,Q,2016-Q2,96.66,,,,
ABS:LCI(1.0.0),1,20002,P1,50,Q,2016-Q3,96.91,,,,
ABS:LCI(1.0.0),1,20002,P1,50,Q,2016-Q4,96.46,,,,
ABS:LCI(1.0.0),1,20002,P1,50,Q,2017-Q1,95.04,,,,
ABS:LCI(1.0.0),1,20002,P1,50,Q,2017-Q2,94.75,,,,
ABS:LCI(1.0.0),1,20002,P1,50,Q,2017-Q3,93.84,,,,
ABS:LCI(1.0.0),1,20002,P1,50,Q,2017-Q4,93.58,,,,
ABS:LCI(1.0.0),1,20002,P1,50,Q,2018-Q1,91.71,,,,
ABS:LCI(1.0.0),1,20002,P1,50,Q,2018-Q2,92.93,,,,
ABS:LCI(1.0.0),1,20002,P1,50,Q,2018-Q3,93.05,,,,
ABS:LCI(1.0.0),1,20002,P1,50,Q,2018-Q4,92.89,,,,
ABS:LCI(1.0.0),1,20002,P1,50,Q,2019-Q1,91.59,,,,
ABS:LCI(1.0.0),1,20002,P1,50,Q,2019-Q2,93.11,,,,
ABS:LCI(1.0.0),1,20002,P1,50,Q,2019-Q3,94.41,,,,
ABS:LCI(1.0.0),1,20002,P1,50,Q,2019-Q4,94.07,,,,
ABS:LCI(1.0.0),1,20002,P1,50,Q,2020-Q1,93.37,,,,
ABS:LCI(1.0.0),1,20002,P1,50,Q,2020-Q2,93.45,,,,
ABS:LCI(1.0.0),1,20002,P1,50,Q,2020-Q3,93.94,,,,
ABS:LCI(1.0.0),1,20002,P1,50,Q,2020-Q4,92.97,,,,
ABS:LCI(1.0.0),1,20002,P1,50,Q,2021-Q1,93.36,,,,
ABS:LCI(1.0.0),1,20002,P1,50,Q,2021-Q2,93.78,,,,
ABS:LCI(1.0.0),1,20002,P1,50,Q,2021-Q3,90.24,,,,
ABS:LCI(1.0.0),1,20002,P1,50,Q,2021-Q4,92.63,,,,
ABS:LCI(1.0.0),1,20002,P1,50,Q,2022-Q1,91.97,,,,
ABS:LCI(1.0.0),1,20002,P1,50,Q,2022-Q2,95.22,,,,
ABS:LCI(1.0.0),1,20002,P1,50,Q,2022-Q3,95.06,,,,
ABS:LCI(1.0.0),1,20002,P1,50,Q,2022-Q4,97.47,,,,
ABS:LCI(1.0.0),1,20002,P1,50,Q,2023-Q1,94.89,,,,
ABS:LCI(1.0.0),1,20002,P1,50,Q,2023-Q2,95.48,,,,
ABS:LCI(1.0.0),1,20002,P1,50,Q,2023-Q3,95.93,,,,
ABS:LCI(1.0.0),1,20002,P1,50,Q,2023-Q4,96.47,,,,
ABS:LCI(1.0.0),1,20002,P1,50,Q,2024-Q1,95.34,,,,
ABS:LCI(1.0.0),1,20002,P1,50,Q,2024-Q2,98.32,,,,
ABS:LCI(1.0.0),1,20002,P1,50,Q,2024-Q3,97.59,,,,
ABS:LCI(1.0.0),1,20002,P1,50,Q,2024-Q4,97.77,,,,
ABS:LCI(1.0.0),1,20002,P1,50,Q,2025-Q1,96.89,,,,
ABS:LCI(1.0.0),1,20002,P1,50,Q,2025-Q2,99.53,,,,
ABS:LCI(1.0.0),1,20002,P1,50,Q,2025-Q3,100,,,,
ABS:LCI(1.0.0),1,20002,P1,50,Q,2025-Q4,99.9,,,,
ABS:LCI(1.0.0),1,20002,P1,50,Q,2026-Q1,102.19,,,,
ABS:LCI(1.0.0),1,20002,P1,50,Q,2026-Q2,103.22,,,,
ABS:LCI(1.0.0),1,115488,PBLCI,50,Q,2007-Q2,121.82,,,,
ABS:LCI(1.0.0),1,115488,PBLCI,50,Q,2007-Q3,121.58,,,,
ABS:LCI(1.0.0),1,115488,PBLCI,50,Q,2007-Q4,121.21,,,,
ABS:LCI(1.0.0),1,115488,PBLCI,50,Q,2008-Q1,121.21,,,,
ABS:LCI(1.0.0),1,115488,PBLCI,50,Q,2008-Q2,121.21,,,,
ABS:LCI(1.0.0),1,115488,PBLCI,50,Q,2008-Q3,121.09,,,,
ABS:LCI(1.0.0),1,115488,PBLCI,50,Q,2008-Q4,121.58,,,,
ABS:LCI(1.0.0),1,115488,PBLCI,50,Q,2009-Q1,122.06,,,,
ABS:LCI(1.0.0),1,115488,PBLCI,50,Q,2009-Q2,122.28,,,,
ABS:LCI(1.0.0),1,115488,PBLCI,50,Q,2009-Q3,122.39,,,,
ABS:LCI(1.0.0),1,115488,PBLCI,50,Q,2009-Q4,122.31,,,,
ABS:LCI(1.0.0),1,115488,PBLCI,50,Q,2010-Q1,122.2,,,,
ABS:LCI(1.0.0),1,115488,PBLCI,50,Q,2010-Q2,122.15,,,,
ABS:LCI(1.0.0),1,115488,PBLCI,50,Q,2010-Q3,122.02,,,,
ABS:LCI(1.0.0),1,115488,PBLCI,50,Q,2010-Q4,122.03,,,,
ABS:LCI(1.0.0),1,115488,PBLCI,50,Q,2011-Q1,122.23,,,,
ABS:LCI(1.0.0),1,115488,PBLCI,50,Q,2011-Q2,122.8,,,,
ABS:LCI(1.0.0),1,115488,PBLCI,50,Q,2011-Q3,122.83,,,,
ABS:LCI(1.0.0),1,115488,PBLCI,50,Q,2011-Q4,124.08,,,,
ABS:LCI(1.0.0),1,115488,PBLCI,50,Q,2012-Q1,124.19,,,,
ABS:LCI(1.0.0),1,115488,PBLCI,50,Q,2012-Q2,123.9,,,,
ABS:LCI(1.0.0),1,115488,PBLCI,50,Q,2012-Q3,124.5,,,,
ABS:LCI(1.0.0),1,115488,PBLCI,50,Q,2012-Q4,126.06,,,,
ABS:LCI(1.0.0),1,115488,PBLCI,50,Q,2013-Q1,126.06,,,,
ABS:LCI(1.0.0),1,115488,PBLCI,50,Q,2013-Q2,126.64,,,,
ABS:LCI(1.0.0),1,115488,PBLCI,50,Q,2013-Q3,126.77,,,,
ABS:LCI(1.0.0),1,115488,PBLCI,50,Q,2013-Q4,128.2,,,,
ABS:LCI(1.0.0),1,115488,PBLCI,50,Q,2014-Q1,128.64,,,,
ABS:LCI(1.0.0),1,115488,PBLCI,50,Q,2014-Q2,126.41,,,,
ABS:LCI(1.0.0),1,115488,PBLCI,50,Q,2014-Q3,124.65,,,,
ABS:LCI(1.0.0),1,115488,PBLCI,50,Q,2014-Q4,124.56,,,,
ABS:LCI(1.0.0),1,115488,PBLCI,50,Q,2015-Q1,122.9,,,,
ABS:LCI(1.0.0),1,115488,PBLCI,50,Q,2015-Q2,122.15,,,,
ABS:LCI(1.0.0),1,115488,PBLCI,50,Q,2015-Q3,119.8,,,,
ABS:LCI(1.0.0),1,115488,PBLCI,50,Q,2015-Q4,116.93,,,,
ABS:LCI(1.0.0),1,115488,PBLCI,50,Q,2016-Q1,115.18,,,,
ABS:LCI(1.0.0),1,115488,PBLCI,50,Q,2016-Q2,113.56,,,,
ABS:LCI(1.0.0),1,115488,PBLCI,50,Q,2016-Q3,110.97,,,,
ABS:LCI(1.0.0),1,115488,PBLCI,50,Q,2016-Q4,110.24,,,,
ABS:LCI(1.0.0),1,115488,PBLCI,50,Q,2017-Q1,109.88,,,,
ABS:LCI(1.0.0),1,115488,PBLCI,50,Q,2017-Q2,109.4,,,,
ABS:LCI(1.0.0),1,115488,PBLCI,50,Q,2017-Q3,107.88,,,,
ABS:LCI(1.0.0),1,115488,PBLCI,50,Q,2017-Q4,106.52,,,,
ABS:LCI(1.0.0),1,115488,PBLCI,50,Q,2018-Q1,106.17,,,,
ABS:LCI(1.0.0),1,115488,PBLCI,50,Q,2018-Q2,104.84,,,,
ABS:LCI(1.0.0),1,115488,PBLCI,50,Q,2018-Q3,103.42,,,,
ABS:LCI(1.0.0),1,115488,PBLCI,50,Q,2018-Q4,102.02,,,,
ABS:LCI(1.0.0),1,115488,PBLCI,50,Q,2019-Q1,101.47,,,,
ABS:LCI(1.0.0),1,115488,PBLCI,50,Q,2019-Q2,100.29,,,,
ABS:LCI(1.0.0),1,115488,PBLCI,50,Q,2019-Q3,99.18,,,,
ABS:LCI(1.0.0),1,115488,PBLCI,50,Q,2019-Q4,98.21,,,,
ABS:LCI(1.0.0),1,115488,PBLCI,50,Q,2020-Q1,97.99,,,,
ABS:LCI(1.0.0),1,115488,PBLCI,50,Q,2020-Q2,96.72,,,,
ABS:LCI(1.0.0),1,115488,PBLCI,50,Q,2020-Q3,95.98,,,,
ABS:LCI(1.0.0),1,115488,PBLCI,50,Q,2020-Q4,95.65,,,,
ABS:LCI(1.0.0),1,115488,PBLCI,50,Q,2021-Q1,96.08,,,,
ABS:LCI(1.0.0),1,115488,PBLCI,50,Q,2021-Q2,95.56,,,,
ABS:LCI(1.0.0),1,115488,PBLCI,50,Q,2021-Q3,95.01,,,,
ABS:LCI(1.0.0),1,115488,PBLCI,50,Q,2021-Q4,95.17,,,,
ABS:LCI(1.0.0),1,115488,PBLCI,50,Q,2022-Q1,95.46,,,,
ABS:LCI(1.0.0),1,115488,PBLCI,50,Q,2022-Q2,95.52,,,,
ABS:LCI(1.0.0),1,115488,PBLCI,50,Q,2022-Q3,96.88,,,,
ABS:LCI(1.0.0),1,115488,PBLCI,50,Q,2022-Q4,96.46,,,,
ABS:LCI(1.0.0),1,115488,PBLCI,50,Q,2023-Q1,96.63,,,,
ABS:LCI(1.0.0),1,115488,PBLCI,50,Q,2023-Q2,96.2,,,,
ABS:LCI(1.0.0),1,115488,PBLCI,50,Q,2023-Q3,98.3,,,,
ABS:LCI(1.0.0),1,115488,PBLCI,50,Q,2023-Q4,98.64,,,,
ABS:LCI(1.0.0),1,115488,PBLCI,50,Q,2024-Q1,98.38,,,,
ABS:LCI(1.0.0),1,115488,PBLCI,50,Q,2024-Q2,97.65,,,,
ABS:LCI(1.0.0),1,115488,PBLCI,50,Q,2024-Q3,98.19,,,,
ABS:LCI(1.0.0),1,115488,PBLCI,50,Q,2024-Q4,98.68,,,,
ABS:LCI(1.0.0),1,115488,PBLCI,50,Q,2025-Q1,98.4,,,,
ABS:LCI(1.0.0),1,115488,PBLCI,50,Q,2025-Q2,98.63,,,,
ABS:LCI(1.0.0),1,115488,PBLCI,50,Q,2025-Q3,100,,,,
ABS:LCI(1.0.0),1,115488,PBLCI,50,Q,2025-Q4,100.06,,,,
ABS:LCI(1.0.0),1,115488,PBLCI,50,Q,2026-Q1,100.11,,,,
ABS:LCI(1.0.0),1,115488,PBLCI,50,Q,2026-Q2,100.8,,,,
ABS:LCI(1.0.0),2,20003,P4,50,Q,2007-Q3,3.3,,,,
ABS:LCI(1.0.0),2,20003,P4,50,Q,2007-Q4,0.5,,,,
ABS:LCI(1.0.0),2,20003,P4,50,Q,2008-Q1,1.3,,,,
ABS:LCI(1.0.0),2,20003,P4,50,Q,2008-Q2,0.6,,,,
ABS:LCI(1.0.0),2,20003,P4,50,Q,2008-Q3,4.5,,,,
ABS:LCI(1.0.0),2,20003,P4,50,Q,2008-Q4,0.5,,,,
ABS:LCI(1.0.0),2,20003,P4,50,Q,2009-Q1,1.3,,,,
ABS:LCI(1.0.0),2,20003,P4,50,Q,2009-Q2,0.6,,,,
ABS:LCI(1.0.0),2,20003,P4,50,Q,2009-Q3,6,,,,
ABS:LCI(1.0.0),2,20003,P4,50,Q,2009-Q4,0.3,,,,
ABS:LCI(1.0.0),2,20003,P4,50,Q,2010-Q1,1.3,,,,
ABS:LCI(1.0.0),2,20003,P4,50,Q,2010-Q2,0.4,,,,
ABS:LCI(1.0.0),2,20003,P4,50,Q,2010-Q3,4.8,,,,
ABS:LCI(1.0.0),2,20003,P4,50,Q,2010-Q4,0.3,,,,
ABS:LCI(1.0.0),2,20003,P4,50,Q,2011-Q1,1.2,,,,
ABS:LCI(1.0.0),2,20003,P4,50,Q,2011-Q2,0.2,,,,
ABS:LCI(1.0.0),2,20003,P4,50,Q,2011-Q3,4.1,,,,
ABS:LCI(1.0.0),2,20003,P4,50,Q,2011-Q4,0.2,,,,
ABS:LCI(1.0.0),2,20003,P4,50,Q,2012-Q1,0.7,,,,
ABS:LCI(1.0.0),2,20003,P4,50,Q,2012-Q2,0.3,,,,
ABS:LCI(1.0.0),2,20003,P4,50,Q,2012-Q3,6.2,,,,
ABS:LCI(1.0.0),2,20003,P4,50,Q,2012-Q4,0.1,,,,
ABS:LCI(1.0.0),2,20003,P4,50,Q,2013-Q1,0.7,,,,
ABS:LCI(1.0.0),2,20003,P4,50,Q,2013-Q2,0.2,,,,
ABS:LCI(1.0.0),2,20003,P4,50,Q,2013-Q3,4.3,,,,
ABS:LCI(1.0.0),2,20003,P4,50,Q,2013-Q4,0.1,,,,
ABS:LCI(1.0.0),2,20003,P4,50,Q,2014-Q1,0.6,,,,
ABS:LCI(1.0.0),2,20003,P4,50,Q,2014-Q2,0.1,,,,
ABS:LCI(1.0.0),2,20003,P4,50,Q,2014-Q3,0.9,,,,
ABS:LCI(1.0.0),2,20003,P4,50,Q,2014-Q4,0.1,,,,
ABS:LCI(1.0.0),2,20003,P4,50,Q,2015-Q1,0.5,,,,
ABS:LCI(1.0.0),2,20003,P4,50,Q,2015-Q2,0.2,,,,
ABS:LCI(1.0.0),2,20003,P4,50,Q,2015-Q3,1.3,,,,
ABS:LCI(1.0.0),2,20003,P4,50,Q,2015-Q4,0,,,,
ABS:LCI(1.0.0),2,20003,P4,50,Q,2016-Q1,0.3,,,,
ABS:LCI(1.0.0),2,20003,P4,50,Q,2016-Q2,0.1,,,,
ABS:LCI(1.0.0),2,20003,P4,50,Q,2016-Q3,2.1,,,,
ABS:LCI(1.0.0),2,20003,P4,50,Q,2016-Q4,0.2,,,,
ABS:LCI(1.0.0),2,20003,P4,50,Q,2017-Q1,0.7,,,,
ABS:LCI(1.0.0),2,20003,P4,50,Q,2017-Q2,0.1,,,,
ABS:LCI(1.0.0),2,20003,P4,50,Q,2017-Q3,3.5,,,,
ABS:LCI(1.0.0),2,20003,P4,50,Q,2017-Q4,0.3,,,,
ABS:LCI(1.0.0),2,20003,P4,50,Q,2018-Q1,0.9,,,,
ABS:LCI(1.0.0),2,20003,P4,50,Q,2018-Q2,-0.2,,,,
ABS:LCI(1.0.0),2,20003,P4,50,Q,2018-Q3,1.1,,,,
ABS:LCI(1.0.0),2,20003,P4,50,Q,2018-Q4,0.2,,,,
ABS:LCI(1.0.0),2,20003,P4,50,Q,2019-Q1,0.1,,,,
ABS:LCI(1.0.0),2,20003,P4,50,Q,2019-Q2,-0.1,,,,
ABS:LCI(1.0.0),2,20003,P4,50,Q,2019-Q3,1.1,,,,
ABS:LCI(1.0.0),2,20003,P4,50,Q,2019-Q4,-0.1,,,,
ABS:LCI(1.0.0),2,20003,P4,50,Q,2020-Q1,0.4,,,,
ABS:LCI(1.0.0),2,20003,P4,50,Q,2020-Q2,-0.3,,,,
ABS:LCI(1.0.0),2,20003,P4,50,Q,2020-Q3,-0.5,,,,
ABS:LCI(1.0.0),2,20003,P4,50,Q,2020-Q4,-1.2,,,,
ABS:LCI(1.0.0),2,20003,P4,50,Q,2021-Q1,0.2,,,,
ABS:LCI(1.0.0),2,20003,P4,50,Q,2021-Q2,0.6,,,,
ABS:LCI(1.0.0),2,20003,P4,50,Q,2021-Q3,1.3,,,,
ABS:LCI(1.0.0),2,20003,P4,50,Q,2021-Q4,0.7,,,,
ABS:LCI(1.0.0),2,20003,P4,50,Q,2022-Q1,0.5,,,,
ABS:LCI(1.0.0),2,20003,P4,50,Q,2022-Q2,0.4,,,,
ABS:LCI(1.0.0),2,20003,P4,50,Q,2022-Q3,4.3,,,,
ABS:LCI(1.0.0),2,20003,P4,50,Q,2022-Q4,1.7,,,,
ABS:LCI(1.0.0),2,20003,P4,50,Q,2023-Q1,1.8,,,,
ABS:LCI(1.0.0),2,20003,P4,50,Q,2023-Q2,0.1,,,,
ABS:LCI(1.0.0),2,20003,P4,50,Q,2023-Q3,5,,,,
ABS:LCI(1.0.0),2,20003,P4,50,Q,2023-Q4,0,,,,
ABS:LCI(1.0.0),2,20003,P4,50,Q,2024-Q1,-0.1,,,,
ABS:LCI(1.0.0),2,20003,P4,50,Q,2024-Q2,0.4,,,,
ABS:LCI(1.0.0),2,20003,P4,50,Q,2024-Q3,-1.1,,,,
ABS:LCI(1.0.0),2,20003,P4,50,Q,2024-Q4,-2,,,,
ABS:LCI(1.0.0),2,20003,P4,50,Q,2025-Q1,2.8,,,,
ABS:LCI(1.0.0),2,20003,P4,50,Q,2025-Q2,1.2,,,,
ABS:LCI(1.0.0),2,20003,P4,50,Q,2025-Q3,4.5,,,,
ABS:LCI(1.0.0),2,20003,P4,50,Q,2025-Q4,0.1,,,,
ABS:LCI(1.0.0),2,20003,P4,50,Q,2026-Q1,4.4,,,,
ABS:LCI(1.0.0),2,20003,P4,50,Q,2026-Q2,0.3,,,,
ABS:LCI(1.0.0),2,20004,P1,50,Q,2007-Q3,-2.7,,,,
ABS:LCI(1.0.0),2,20004,P1,50,Q,2007-Q4,0.9,,,,
ABS:LCI(1.0.0),2,20004,P1,50,Q,2008-Q1,-0.7,,,,
ABS:LCI(1.0.0),2,20004,P1,50,Q,2008-Q2,1.7,,,,
ABS:LCI(1.0.0),2,20004,P1,50,Q,2008-Q3,-1.1,,,,
ABS:LCI(1.0.0),2,20004,P1,50,Q,2008-Q4,0.3,,,,
ABS:LCI(1.0.0),2,20004,P1,50,Q,2009-Q1,0.8,,,,
ABS:LCI(1.0.0),2,20004,P1,50,Q,2009-Q2,2.3,,,,
ABS:LCI(1.0.0),2,20004,P1,50,Q,2009-Q3,0.6,,,,
ABS:LCI(1.0.0),2,20004,P1,50,Q,2009-Q4,0,,,,
ABS:LCI(1.0.0),2,20004,P1,50,Q,2010-Q1,-1.4,,,,
ABS:LCI(1.0.0),2,20004,P1,50,Q,2010-Q2,0.9,,,,
ABS:LCI(1.0.0),2,20004,P1,50,Q,2010-Q3,0.9,,,,
ABS:LCI(1.0.0),2,20004,P1,50,Q,2010-Q4,-0.6,,,,
ABS:LCI(1.0.0),2,20004,P1,50,Q,2011-Q1,-1.5,,,,
ABS:LCI(1.0.0),2,20004,P1,50,Q,2011-Q2,1.4,,,,
ABS:LCI(1.0.0),2,20004,P1,50,Q,2011-Q3,0.3,,,,
ABS:LCI(1.0.0),2,20004,P1,50,Q,2011-Q4,0,,,,
ABS:LCI(1.0.0),2,20004,P1,50,Q,2012-Q1,-0.9,,,,
ABS:LCI(1.0.0),2,20004,P1,50,Q,2012-Q2,1.5,,,,
ABS:LCI(1.0.0),2,20004,P1,50,Q,2012-Q3,1,,,,
ABS:LCI(1.0.0),2,20004,P1,50,Q,2012-Q4,-0.6,,,,
ABS:LCI(1.0.0),2,20004,P1,50,Q,2013-Q1,-1.2,,,,
ABS:LCI(1.0.0),2,20004,P1,50,Q,2013-Q2,0.9,,,,
ABS:LCI(1.0.0),2,20004,P1,50,Q,2013-Q3,1.1,,,,
ABS:LCI(1.0.0),2,20004,P1,50,Q,2013-Q4,0.3,,,,
ABS:LCI(1.0.0),2,20004,P1,50,Q,2014-Q1,-1.3,,,,
ABS:LCI(1.0.0),2,20004,P1,50,Q,2014-Q2,1.2,,,,
ABS:LCI(1.0.0),2,20004,P1,50,Q,2014-Q3,0.5,,,,
ABS:LCI(1.0.0),2,20004,P1,50,Q,2014-Q4,0.5,,,,
ABS:LCI(1.0.0),2,20004,P1,50,Q,2015-Q1,-0.5,,,,
ABS:LCI(1.0.0),2,20004,P1,50,Q,2015-Q2,1,,,,
ABS:LCI(1.0.0),2,20004,P1,50,Q,2015-Q3,0.9,,,,
ABS:LCI(1.0.0),2,20004,P1,50,Q,2015-Q4,0.5,,,,
ABS:LCI(1.0.0),2,20004,P1,50,Q,2016-Q1,-0.3,,,,
ABS:LCI(1.0.0),2,20004,P1,50,Q,2016-Q2,0.7,,,,
ABS:LCI(1.0.0),2,20004,P1,50,Q,2016-Q3,1.2,,,,
ABS:LCI(1.0.0),2,20004,P1,50,Q,2016-Q4,-0.9,,,,
ABS:LCI(1.0.0),2,20004,P1,50,Q,2017-Q1,-1,,,,
ABS:LCI(1.0.0),2,20004,P1,50,Q,2017-Q2,0.7,,,,
ABS:LCI(1.0.0),2,20004,P1,50,Q,2017-Q3,0.4,,,,
ABS:LCI(1.0.0),2,20004,P1,50,Q,2017-Q4,-0.7,,,,
ABS:LCI(1.0.0),2,20004,P1,50,Q,2018-Q1,-0.3,,,,
ABS:LCI(1.0.0),2,20004,P1,50,Q,2018-Q2,0.3,,,,
ABS:LCI(1.0.0),2,20004,P1,50,Q,2018-Q3,-1.7,,,,
ABS:LCI(1.0.0),2,20004,P1,50,Q,2018-Q4,0.5,,,,
ABS:LCI(1.0.0),2,20004,P1,50,Q,2019-Q1,-0.3,,,,
ABS:LCI(1.0.0),2,20004,P1,50,Q,2019-Q2,0.7,,,,
ABS:LCI(1.0.0),2,20004,P1,50,Q,2019-Q3,1,,,,
ABS:LCI(1.0.0),2,20004,P1,50,Q,2019-Q4,-0.2,,,,
ABS:LCI(1.0.0),2,20004,P1,50,Q,2020-Q1,0.8,,,,
ABS:LCI(1.0.0),2,20004,P1,50,Q,2020-Q2,-13.9,,,,
ABS:LCI(1.0.0),2,20004,P1,50,Q,2020-Q3,14.1,,,,
ABS:LCI(1.0.0),2,20004,P1,50,Q,2020-Q4,4.7,,,,
ABS:LCI(1.0.0),2,20004,P1,50,Q,2021-Q1,-0.1,,,,
ABS:LCI(1.0.0),2,20004,P1,50,Q,2021-Q2,1,,,,
ABS:LCI(1.0.0),2,20004,P1,50,Q,2021-Q3,1.6,,,,
ABS:LCI(1.0.0),2,20004,P1,50,Q,2021-Q4,1,,,,
ABS:LCI(1.0.0),2,20004,P1,50,Q,2022-Q1,1.1,,,,
ABS:LCI(1.0.0),2,20004,P1,50,Q,2022-Q2,2.2,,,,
ABS:LCI(1.0.0),2,20004,P1,50,Q,2022-Q3,2.9,,,,
ABS:LCI(1.0.0),2,20004,P1,50,Q,2022-Q4,1.7,,,,
ABS:LCI(1.0.0),2,20004,P1,50,Q,2023-Q1,-0.3,,,,
ABS:LCI(1.0.0),2,20004,P1,50,Q,2023-Q2,2,,,,
ABS:LCI(1.0.0),2,20004,P1,50,Q,2023-Q3,-1.2,,,,
ABS:LCI(1.0.0),2,20004,P1,50,Q,2023-Q4,-0.8,,,,
ABS:LCI(1.0.0),2,20004,P1,50,Q,2024-Q1,0,,,,
ABS:LCI(1.0.0),2,20004,P1,50,Q,2024-Q2,0.9,,,,
ABS:LCI(1.0.0),2,20004,P1,50,Q,2024-Q3,0.9,,,,
ABS:LCI(1.0.0),2,20004,P1,50,Q,2024-Q4,-0.3,,,,
ABS:LCI(1.0.0),2,20004,P1,50,Q,2025-Q1,-0.7,,,,
ABS:LCI(1.0.0),2,20004,P1,50,Q,2025-Q2,1.1,,,,
ABS:LCI(1.0.0),2,20004,P1,50,Q,2025-Q3,1,,,,
ABS:LCI(1.0.0),2,20004,P1,50,Q,2025-Q4,0.2,,,,
ABS:LCI(1.0.0),2,20004,P1,50,Q,2026-Q1,-0.2,,,,
ABS:LCI(1.0.0),2,20004,P1,50,Q,2026-Q2,0.2,,,,
ABS:LCI(1.0.0),2,115489,P2,50,Q,2007-Q3,1.4,,,,
ABS:LCI(1.0.0),2,115489,P2,50,Q,2007-Q4,1.1,,,,
ABS:LCI(1.0.0),2,115489,P2,50,Q,2008-Q1,-0.3,,,,
ABS:LCI(1.0.0),2,115489,P2,50,Q,2008-Q2,-0.2,,,,
ABS:LCI(1.0.0),2,115489,P2,50,Q,2008-Q3,1.3,,,,
ABS:LCI(1.0.0),2,115489,P2,50,Q,2008-Q4,0.7,,,,
ABS:LCI(1.0.0),2,115489,P2,50,Q,2009-Q1,-1.1,,,,
ABS:LCI(1.0.0),2,115489,P2,50,Q,2009-Q2,0.2,,,,
ABS:LCI(1.0.0),2,115489,P2,50,Q,2009-Q3,0.8,,,,
ABS:LCI(1.0.0),2,115489,P2,50,Q,2009-Q4,1.8,,,,
ABS:LCI(1.0.0),2,115489,P2,50,Q,2010-Q1,-1,,,,
ABS:LCI(1.0.0),2,115489,P2,50,Q,2010-Q2,-1.7,,,,
ABS:LCI(1.0.0),2,115489,P2,50,Q,2010-Q3,0.7,,,,
ABS:LCI(1.0.0),2,115489,P2,50,Q,2010-Q4,0.4,,,,
ABS:LCI(1.0.0),2,115489,P2,50,Q,2011-Q1,-0.5,,,,
ABS:LCI(1.0.0),2,115489,P2,50,Q,2011-Q2,-0.4,,,,
ABS:LCI(1.0.0),2,115489,P2,50,Q,2011-Q3,0.9,,,,
ABS:LCI(1.0.0),2,115489,P2,50,Q,2011-Q4,0.6,,,,
ABS:LCI(1.0.0),2,115489,P2,50,Q,2012-Q1,-1.7,,,,
ABS:LCI(1.0.0),2,115489,P2,50,Q,2012-Q2,-1.1,,,,
ABS:LCI(1.0.0),2,115489,P2,50,Q,2012-Q3,0.9,,,,
ABS:LCI(1.0.0),2,115489,P2,50,Q,2012-Q4,0.7,,,,
ABS:LCI(1.0.0),2,115489,P2,50,Q,2013-Q1,-0.7,,,,
ABS:LCI(1.0.0),2,115489,P2,50,Q,2013-Q2,-0.6,,,,
ABS:LCI(1.0.0),2,115489,P2,50,Q,2013-Q3,1.8,,,,
ABS:LCI(1.0.0),2,115489,P2,50,Q,2013-Q4,1.8,,,,
ABS:LCI(1.0.0),2,115489,P2,50,Q,2014-Q1,-0.2,,,,
ABS:LCI(1.0.0),2,115489,P2,50,Q,2014-Q2,-0.1,,,,
ABS:LCI(1.0.0),2,115489,P2,50,Q,2014-Q3,0.5,,,,
ABS:LCI(1.0.0),2,115489,P2,50,Q,2014-Q4,0.9,,,,
ABS:LCI(1.0.0),2,115489,P2,50,Q,2015-Q1,0.7,,,,
ABS:LCI(1.0.0),2,115489,P2,50,Q,2015-Q2,-1.2,,,,
ABS:LCI(1.0.0),2,115489,P2,50,Q,2015-Q3,0.7,,,,
ABS:LCI(1.0.0),2,115489,P2,50,Q,2015-Q4,1.4,,,,
ABS:LCI(1.0.0),2,115489,P2,50,Q,2016-Q1,-0.8,,,,
ABS:LCI(1.0.0),2,115489,P2,50,Q,2016-Q2,-0.4,,,,
ABS:LCI(1.0.0),2,115489,P2,50,Q,2016-Q3,0.5,,,,
ABS:LCI(1.0.0),2,115489,P2,50,Q,2016-Q4,0.5,,,,
ABS:LCI(1.0.0),2,115489,P2,50,Q,2017-Q1,-0.4,,,,
ABS:LCI(1.0.0),2,115489,P2,50,Q,2017-Q2,-0.5,,,,
ABS:LCI(1.0.0),2,115489,P2,50,Q,2017-Q3,1,,,,
ABS:LCI(1.0.0),2,115489,P2,50,Q,2017-Q4,1,,,,
ABS:LCI(1.0.0),2,115489,P2,50,Q,2018-Q1,-0.6,,,,
ABS:LCI(1.0.0),2,115489,P2,50,Q,2018-Q2,-0.3,,,,
ABS:LCI(1.0.0),2,115489,P2,50,Q,2018-Q3,1.5,,,,
ABS:LCI(1.0.0),2,115489,P2,50,Q,2018-Q4,1.3,,,,
ABS:LCI(1.0.0),2,115489,P2,50,Q,2019-Q1,-1.4,,,,
ABS:LCI(1.0.0),2,115489,P2,50,Q,2019-Q2,0.7,,,,
ABS:LCI(1.0.0),2,115489,P2,50,Q,2019-Q3,1.7,,,,
ABS:LCI(1.0.0),2,115489,P2,50,Q,2019-Q4,0.9,,,,
ABS:LCI(1.0.0),2,115489,P2,50,Q,2020-Q1,-1.4,,,,
ABS:LCI(1.0.0),2,115489,P2,50,Q,2020-Q2,-0.2,,,,
ABS:LCI(1.0.0),2,115489,P2,50,Q,2020-Q3,0.4,,,,
ABS:LCI(1.0.0),2,115489,P2,50,Q,2020-Q4,1.5,,,,
ABS:LCI(1.0.0),2,115489,P2,50,Q,2021-Q1,0,,,,
ABS:LCI(1.0.0),2,115489,P2,50,Q,2021-Q2,0.2,,,,
ABS:LCI(1.0.0),2,115489,P2,50,Q,2021-Q3,0.9,,,,
ABS:LCI(1.0.0),2,115489,P2,50,Q,2021-Q4,1.3,,,,
ABS:LCI(1.0.0),2,115489,P2,50,Q,2022-Q1,1.2,,,,
ABS:LCI(1.0.0),2,115489,P2,50,Q,2022-Q2,1.9,,,,
ABS:LCI(1.0.0),2,115489,P2,50,Q,2022-Q3,1.8,,,,
ABS:LCI(1.0.0),2,115489,P2,50,Q,2022-Q4,5.4,,,,
ABS:LCI(1.0.0),2,115489,P2,50,Q,2023-Q1,0.3,,,,
ABS:LCI(1.0.0),2,115489,P2,50,Q,2023-Q2,0,,,,
ABS:LCI(1.0.0),2,115489,P2,50,Q,2023-Q3,0.3,,,,
ABS:LCI(1.0.0),2,115489,P2,50,Q,2023-Q4,0.5,,,,
ABS:LCI(1.0.0),2,115489,P2,50,Q,2024-Q1,0.1,,,,
ABS:LCI(1.0.0),2,115489,P2,50,Q,2024-Q2,0.6,,,,
ABS:LCI(1.0.0),2,115489,P2,50,Q,2024-Q3,1.4,,,,
ABS:LCI(1.0.0),2,115489,P2,50,Q,2024-Q4,1.4,,,,
ABS:LCI(1.0.0),2,115489,P2,50,Q,2025-Q1,-1.2,,,,
ABS:LCI(1.0.0),2,115489,P2,50,Q,2025-Q2,0.5,,,,
ABS:LCI(1.0.0),2,115489,P2,50,Q,2025-Q3,2.1,,,,
ABS:LCI(1.0.0),2,115489,P2,50,Q,2025-Q4,2.6,,,,
ABS:LCI(1.0.0),2,115489,P2,50,Q,2026-Q1,-1.3,,,,
ABS:LCI(1.0.0),2,115489,P2,50,Q,2026-Q2,-0.3,,,,
ABS:LCI(1.0.0),3,126670,P2,50,Q,2008-Q2,9.4,,,,
ABS:LCI(1.0.0),3,126670,P2,50,Q,2008-Q3,11.1,,,,
ABS:LCI(1.0.0),3,126670,P2,50,Q,2008-Q4,10.3,,,,
ABS:LCI(1.0.0),3,126670,P2,50,Q,2009-Q1,8.8,,,,
ABS:LCI(1.0.0),3,126670,P2,50,Q,2009-Q2,4.4,,,,
ABS:LCI(1.0.0),3,126670,P2,50,Q,2009-Q3,3.7,,,,
ABS:LCI(1.0.0),3,126670,P2,50,Q,2009-Q4,3.8,,,,
ABS:LCI(1.0.0),3,126670,P2,50,Q,2010-Q1,5.3,,,,
ABS:LCI(1.0.0),3,126670,P2,50,Q,2010-Q2,8,,,,
ABS:LCI(1.0.0),3,126670,P2,50,Q,2010-Q3,8,,,,
ABS:LCI(1.0.0),3,126670,P2,50,Q,2010-Q4,7.6,,,,
ABS:LCI(1.0.0),3,126670,P2,50,Q,2011-Q1,7,,,,
ABS:LCI(1.0.0),3,126670,P2,50,Q,2011-Q2,7.1,,,,
ABS:LCI(1.0.0),3,126670,P2,50,Q,2011-Q3,5,,,,
ABS:LCI(1.0.0),3,126670,P2,50,Q,2011-Q4,4.8,,,,
ABS:LCI(1.0.0),3,126670,P2,50,Q,2012-Q1,2.6,,,,
ABS:LCI(1.0.0),3,126670,P2,50,Q,2012-Q2,1.8,,,,
ABS:LCI(1.0.0),3,126670,P2,50,Q,2012-Q3,2.3,,,,
ABS:LCI(1.0.0),3,126670,P2,50,Q,2012-Q4,2.9,,,,
ABS:LCI(1.0.0),3,126670,P2,50,Q,2013-Q1,4.6,,,,
ABS:LCI(1.0.0),3,126670,P2,50,Q,2013-Q2,3.7,,,,
ABS:LCI(1.0.0),3,126670,P2,50,Q,2013-Q3,1.8,,,,
ABS:LCI(1.0.0),3,126670,P2,50,Q,2013-Q4,0.3,,,,
ABS:LCI(1.0.0),3,126670,P2,50,Q,2014-Q1,-0.8,,,,
ABS:LCI(1.0.0),3,126670,P2,50,Q,2014-Q2,-0.8,,,,
ABS:LCI(1.0.0),3,126670,P2,50,Q,2014-Q3,0.4,,,,
ABS:LCI(1.0.0),3,126670,P2,50,Q,2014-Q4,1.6,,,,
ABS:LCI(1.0.0),3,126670,P2,50,Q,2015-Q1,1.3,,,,
ABS:LCI(1.0.0),3,126670,P2,50,Q,2015-Q2,0.9,,,,
ABS:LCI(1.0.0),3,126670,P2,50,Q,2015-Q3,1.4,,,,
ABS:LCI(1.0.0),3,126670,P2,50,Q,2015-Q4,1.6,,,,
ABS:LCI(1.0.0),3,126670,P2,50,Q,2016-Q1,3.1,,,,
ABS:LCI(1.0.0),3,126670,P2,50,Q,2016-Q2,4.7,,,,
ABS:LCI(1.0.0),3,126670,P2,50,Q,2016-Q3,6.1,,,,
ABS:LCI(1.0.0),3,126670,P2,50,Q,2016-Q4,5.5,,,,
ABS:LCI(1.0.0),3,126670,P2,50,Q,2017-Q1,5.3,,,,
ABS:LCI(1.0.0),3,126670,P2,50,Q,2017-Q2,3.8,,,,
ABS:LCI(1.0.0),3,126670,P2,50,Q,2017-Q3,2.9,,,,
ABS:LCI(1.0.0),3,126670,P2,50,Q,2017-Q4,3.5,,,,
ABS:LCI(1.0.0),3,126670,P2,50,Q,2018-Q1,2.9,,,,
ABS:LCI(1.0.0),3,126670,P2,50,Q,2018-Q2,4,,,,
ABS:LCI(1.0.0),3,126670,P2,50,Q,2018-Q3,3.4,,,,
ABS:LCI(1.0.0),3,126670,P2,50,Q,2018-Q4,2.6,,,,
ABS:LCI(1.0.0),3,126670,P2,50,Q,2019-Q1,1.7,,,,
ABS:LCI(1.0.0),3,126670,P2,50,Q,2019-Q2,1.1,,,,
ABS:LCI(1.0.0),3,126670,P2,50,Q,2019-Q3,0.3,,,,
ABS:LCI(1.0.0),3,126670,P2,50,Q,2019-Q4,-0.3,,,,
ABS:LCI(1.0.0),3,126670,P2,50,Q,2020-Q1,0.4,,,,
ABS:LCI(1.0.0),3,126670,P2,50,Q,2020-Q2,0.7,,,,
ABS:LCI(1.0.0),3,126670,P2,50,Q,2020-Q3,0.4,,,,
ABS:LCI(1.0.0),3,126670,P2,50,Q,2020-Q4,0.6,,,,
ABS:LCI(1.0.0),3,126670,P2,50,Q,2021-Q1,-0.2,,,,
ABS:LCI(1.0.0),3,126670,P2,50,Q,2021-Q2,0.5,,,,
ABS:LCI(1.0.0),3,126670,P2,50,Q,2021-Q3,2,,,,
ABS:LCI(1.0.0),3,126670,P2,50,Q,2021-Q4,2.3,,,,
ABS:LCI(1.0.0),3,126670,P2,50,Q,2022-Q1,3.5,,,,
ABS:LCI(1.0.0),3,126670,P2,50,Q,2022-Q2,2.8,,,,
ABS:LCI(1.0.0),3,126670,P2,50,Q,2022-Q3,5,,,,
ABS:LCI(1.0.0),3,126670,P2,50,Q,2022-Q4,8,,,,
ABS:LCI(1.0.0),3,126670,P2,50,Q,2023-Q1,11.9,,,,
ABS:LCI(1.0.0),3,126670,P2,50,Q,2023-Q2,17.4,,,,
ABS:LCI(1.0.0),3,126670,P2,50,Q,2023-Q3,17.7,,,,
ABS:LCI(1.0.0),3,126670,P2,50,Q,2023-Q4,18.5,,,,
ABS:LCI(1.0.0),3,126670,P2,50,Q,2024-Q1,18,,,,
ABS:LCI(1.0.0),3,126670,P2,50,Q,2024-Q2,15.5,,,,
ABS:LCI(1.0.0),3,126670,P2,50,Q,2024-Q3,14.8,,,,
ABS:LCI(1.0.0),3,126670,P2,50,Q,2024-Q4,11.3,,,,
ABS:LCI(1.0.0),3,126670,P2,50,Q,2025-Q1,7.7,,,,
ABS:LCI(1.0.0),3,126670,P2,50,Q,2025-Q2,3.9,,,,
ABS:LCI(1.0.0),3,126670,P2,50,Q,2025-Q3,1.7,,,,
ABS:LCI(1.0.0),3,126670,P2,50,Q,2025-Q4,1.1,,,,
ABS:LCI(1.0.0),3,126670,P2,50,Q,2026-Q1,2.3,,,,
ABS:LCI(1.0.0),3,126670,P2,50,Q,2026-Q2,5.2,,,,
ABS:LCI(1.0.0),3,126670,P3,50,Q,2008-Q2,15.1,,,,
ABS:LCI(1.0.0),3,126670,P3,50,Q,2008-Q3,15.2,,,,
ABS:LCI(1.0.0),3,126670,P3,50,Q,2008-Q4,12.9,,,,
ABS:LCI(1.0.0),3,126670,P3,50,Q,2009-Q1,3.8,,,,
ABS:LCI(1.0.0),3,126670,P3,50,Q,2009-Q2,-10.4,,,,
ABS:LCI(1.0.0),3,126670,P3,50,Q,2009-Q3,-11.7,,,,
ABS:LCI(1.0.0),3,126670,P3,50,Q,2009-Q4,-9.6,,,,
ABS:LCI(1.0.0),3,126670,P3,50,Q,2010-Q1,-1,,,,
ABS:LCI(1.0.0),3,126670,P3,50,Q,2010-Q2,13.2,,,,
ABS:LCI(1.0.0),3,126670,P3,50,Q,2010-Q3,15.5,,,,
ABS:LCI(1.0.0),3,126670,P3,50,Q,2010-Q4,14.8,,,,
ABS:LCI(1.0.0),3,126670,P3,50,Q,2011-Q1,11.9,,,,
ABS:LCI(1.0.0),3,126670,P3,50,Q,2011-Q2,9.1,,,,
ABS:LCI(1.0.0),3,126670,P3,50,Q,2011-Q3,6,,,,
ABS:LCI(1.0.0),3,126670,P3,50,Q,2011-Q4,5,,,,
ABS:LCI(1.0.0),3,126670,P3,50,Q,2012-Q1,0.2,,,,
ABS:LCI(1.0.0),3,126670,P3,50,Q,2012-Q2,-1.1,,,,
ABS:LCI(1.0.0),3,126670,P3,50,Q,2012-Q3,-4.6,,,,
ABS:LCI(1.0.0),3,126670,P3,50,Q,2012-Q4,-5.6,,,,
ABS:LCI(1.0.0),3,126670,P3,50,Q,2013-Q1,-4.6,,,,
ABS:LCI(1.0.0),3,126670,P3,50,Q,2013-Q2,-5.3,,,,
ABS:LCI(1.0.0),3,126670,P3,50,Q,2013-Q3,-4.4,,,,
ABS:LCI(1.0.0),3,126670,P3,50,Q,2013-Q4,-5.5,,,,
ABS:LCI(1.0.0),3,126670,P3,50,Q,2014-Q1,-3.7,,,,
ABS:LCI(1.0.0),3,126670,P3,50,Q,2014-Q2,-3.1,,,,
ABS:LCI(1.0.0),3,126670,P3,50,Q,2014-Q3,-0.4,,,,
ABS:LCI(1.0.0),3,126670,P3,50,Q,2014-Q4,1.9,,,,
ABS:LCI(1.0.0),3,126670,P3,50,Q,2015-Q1,1.3,,,,
ABS:LCI(1.0.0),3,126670,P3,50,Q,2015-Q2,-0.1,,,,
ABS:LCI(1.0.0),3,126670,P3,50,Q,2015-Q3,-1.3,,,,
ABS:LCI(1.0.0),3,126670,P3,50,Q,2015-Q4,-1,,,,
ABS:LCI(1.0.0),3,126670,P3,50,Q,2016-Q1,0.9,,,,
ABS:LCI(1.0.0),3,126670,P3,50,Q,2016-Q2,2.8,,,,
ABS:LCI(1.0.0),3,126670,P3,50,Q,2016-Q3,2.8,,,,
ABS:LCI(1.0.0),3,126670,P3,50,Q,2016-Q4,0.8,,,,
ABS:LCI(1.0.0),3,126670,P3,50,Q,2017-Q1,0.1,,,,
ABS:LCI(1.0.0),3,126670,P3,50,Q,2017-Q2,-0.3,,,,
ABS:LCI(1.0.0),3,126670,P3,50,Q,2017-Q3,1.7,,,,
ABS:LCI(1.0.0),3,126670,P3,50,Q,2017-Q4,3.6,,,,
ABS:LCI(1.0.0),3,126670,P3,50,Q,2018-Q1,2.9,,,,
ABS:LCI(1.0.0),3,126670,P3,50,Q,2018-Q2,3.5,,,,
ABS:LCI(1.0.0),3,126670,P3,50,Q,2018-Q3,2.7,,,,
ABS:LCI(1.0.0),3,126670,P3,50,Q,2018-Q4,2.7,,,,
ABS:LCI(1.0.0),3,126670,P3,50,Q,2019-Q1,2.1,,,,
ABS:LCI(1.0.0),3,126670,P3,50,Q,2019-Q2,1.6,,,,
ABS:LCI(1.0.0),3,126670,P3,50,Q,2019-Q3,-2,,,,
ABS:LCI(1.0.0),3,126670,P3,50,Q,2019-Q4,-4.5,,,,
ABS:LCI(1.0.0),3,126670,P3,50,Q,2020-Q1,-5,,,,
ABS:LCI(1.0.0),3,126670,P3,50,Q,2020-Q2,-6.3,,,,
ABS:LCI(1.0.0),3,126670,P3,50,Q,2020-Q3,-5.8,,,,
ABS:LCI(1.0.0),3,126670,P3,50,Q,2020-Q4,-4.8,,,,
ABS:LCI(1.0.0),3,126670,P3,50,Q,2021-Q1,-5.1,,,,
ABS:LCI(1.0.0),3,126670,P3,50,Q,2021-Q2,-3.9,,,,
ABS:LCI(1.0.0),3,126670,P3,50,Q,2021-Q3,-1,,,,
ABS:LCI(1.0.0),3,126670,P3,50,Q,2021-Q4,-0.4,,,,
ABS:LCI(1.0.0),3,126670,P3,50,Q,2022-Q1,1.2,,,,
ABS:LCI(1.0.0),3,126670,P3,50,Q,2022-Q2,2.2,,,,
ABS:LCI(1.0.0),3,126670,P3,50,Q,2022-Q3,10.2,,,,
ABS:LCI(1.0.0),3,126670,P3,50,Q,2022-Q4,21.5,,,,
ABS:LCI(1.0.0),3,126670,P3,50,Q,2023-Q1,28.4,,,,
ABS:LCI(1.0.0),3,126670,P3,50,Q,2023-Q2,35.6,,,,
ABS:LCI(1.0.0),3,126670,P3,50,Q,2023-Q3,32.1,,,,
ABS:LCI(1.0.0),3,126670,P3,50,Q,2023-Q4,25.6,,,,
ABS:LCI(1.0.0),3,126670,P3,50,Q,2024-Q1,24.5,,,,
ABS:LCI(1.0.0),3,126670,P3,50,Q,2024-Q2,20.1,,,,
ABS:LCI(1.0.0),3,126670,P3,50,Q,2024-Q3,16.8,,,,
ABS:LCI(1.0.0),3,126670,P3,50,Q,2024-Q4,12.7,,,,
ABS:LCI(1.0.0),3,126670,P3,50,Q,2025-Q1,8,,,,
ABS:LCI(1.0.0),3,126670,P3,50,Q,2025-Q2,4.2,,,,
ABS:LCI(1.0.0),3,126670,P3,50,Q,2025-Q3,0.1,,,,
ABS:LCI(1.0.0),3,126670,P3,50,Q,2025-Q4,-2.1,,,,
ABS:LCI(1.0.0),3,126670,P3,50,Q,2026-Q1,-1.3,,,,
ABS:LCI(1.0.0),3,126670,P3,50,Q,2026-Q2,4.3,,,,
ABS:LCI(1.0.0),3,115528,P3,50,Q,2004-Q1,3.6,,,,
ABS:LCI(1.0.0),3,115528,P3,50,Q,2004-Q2,2.8,,,,
ABS:LCI(1.0.0),3,115528,P3,50,Q,2004-Q3,1.5,,,,
ABS:LCI(1.0.0),3,115528,P3,50,Q,2004-Q4,1.4,,,,
ABS:LCI(1.0.0),3,115528,P3,50,Q,2005-Q1,0.5,,,,
ABS:LCI(1.0.0),3,115528,P3,50,Q,2005-Q2,1.2,,,,
ABS:LCI(1.0.0),3,115528,P3,50,Q,2005-Q3,1.6,,,,
ABS:LCI(1.0.0),3,115528,P3,50,Q,2005-Q4,2.6,,,,
ABS:LCI(1.0.0),3,115528,P3,50,Q,2006-Q1,3,,,,
ABS:LCI(1.0.0),3,115528,P3,50,Q,2006-Q2,2.9,,,,
ABS:LCI(1.0.0),3,115528,P3,50,Q,2006-Q3,2.9,,,,
ABS:LCI(1.0.0),3,115528,P3,50,Q,2006-Q4,2,,,,
ABS:LCI(1.0.0),3,115528,P3,50,Q,2007-Q1,1.7,,,,
ABS:LCI(1.0.0),3,115528,P3,50,Q,2007-Q2,1.7,,,,
ABS:LCI(1.0.0),3,115528,P3,50,Q,2007-Q3,1.6,,,,
ABS:LCI(1.0.0),3,115528,P3,50,Q,2007-Q4,2.4,,,,
ABS:LCI(1.0.0),3,115528,P3,50,Q,2008-Q1,4,,,,
ABS:LCI(1.0.0),3,115528,P3,50,Q,2008-Q2,5.9,,,,
ABS:LCI(1.0.0),3,115528,P3,50,Q,2008-Q3,8.6,,,,
ABS:LCI(1.0.0),3,115528,P3,50,Q,2008-Q4,9.8,,,,
ABS:LCI(1.0.0),3,115528,P3,50,Q,2009-Q1,11.7,,,,
ABS:LCI(1.0.0),3,115528,P3,50,Q,2009-Q2,11.1,,,,
ABS:LCI(1.0.0),3,115528,P3,50,Q,2009-Q3,10.4,,,,
ABS:LCI(1.0.0),3,115528,P3,50,Q,2009-Q4,8.6,,,,
ABS:LCI(1.0.0),3,115528,P3,50,Q,2010-Q1,7.3,,,,
ABS:LCI(1.0.0),3,115528,P3,50,Q,2010-Q2,5.7,,,,
ABS:LCI(1.0.0),3,115528,P3,50,Q,2010-Q3,5.3,,,,
ABS:LCI(1.0.0),3,115528,P3,50,Q,2010-Q4,4.8,,,,
ABS:LCI(1.0.0),3,115528,P3,50,Q,2011-Q1,3.7,,,,
ABS:LCI(1.0.0),3,115528,P3,50,Q,2011-Q2,5.1,,,,
ABS:LCI(1.0.0),3,115528,P3,50,Q,2011-Q3,2.2,,,,
ABS:LCI(1.0.0),3,115528,P3,50,Q,2011-Q4,3.1,,,,
ABS:LCI(1.0.0),3,115528,P3,50,Q,2012-Q1,2.5,,,,
ABS:LCI(1.0.0),3,115528,P3,50,Q,2012-Q2,1.8,,,,
ABS:LCI(1.0.0),3,115528,P3,50,Q,2012-Q3,4.2,,,,
ABS:LCI(1.0.0),3,115528,P3,50,Q,2012-Q4,5.1,,,,
ABS:LCI(1.0.0),3,115528,P3,50,Q,2013-Q1,7.3,,,,
ABS:LCI(1.0.0),3,115528,P3,50,Q,2013-Q2,6.4,,,,
ABS:LCI(1.0.0),3,115528,P3,50,Q,2013-Q3,3.3,,,,
ABS:LCI(1.0.0),3,115528,P3,50,Q,2013-Q4,1.3,,,,
ABS:LCI(1.0.0),3,115528,P3,50,Q,2014-Q1,-1.4,,,,
ABS:LCI(1.0.0),3,115528,P3,50,Q,2014-Q2,-2.1,,,,
ABS:LCI(1.0.0),3,115528,P3,50,Q,2014-Q3,-0.2,,,,
ABS:LCI(1.0.0),3,115528,P3,50,Q,2014-Q4,1.1,,,,
ABS:LCI(1.0.0),3,115528,P3,50,Q,2015-Q1,1.4,,,,
ABS:LCI(1.0.0),3,115528,P3,50,Q,2015-Q2,2.6,,,,
ABS:LCI(1.0.0),3,115528,P3,50,Q,2015-Q3,2.9,,,,
ABS:LCI(1.0.0),3,115528,P3,50,Q,2015-Q4,3.5,,,,
ABS:LCI(1.0.0),3,115528,P3,50,Q,2016-Q1,4.8,,,,
ABS:LCI(1.0.0),3,115528,P3,50,Q,2016-Q2,5.7,,,,
ABS:LCI(1.0.0),3,115528,P3,50,Q,2016-Q3,8.3,,,,
ABS:LCI(1.0.0),3,115528,P3,50,Q,2016-Q4,7.8,,,,
ABS:LCI(1.0.0),3,115528,P3,50,Q,2017-Q1,7.9,,,,
ABS:LCI(1.0.0),3,115528,P3,50,Q,2017-Q2,6,,,,
ABS:LCI(1.0.0),3,115528,P3,50,Q,2017-Q3,3.4,,,,
ABS:LCI(1.0.0),3,115528,P3,50,Q,2017-Q4,3.5,,,,
ABS:LCI(1.0.0),3,115528,P3,50,Q,2018-Q1,2.4,,,,
ABS:LCI(1.0.0),3,115528,P3,50,Q,2018-Q2,3.9,,,,
ABS:LCI(1.0.0),3,115528,P3,50,Q,2018-Q3,3.9,,,,
ABS:LCI(1.0.0),3,115528,P3,50,Q,2018-Q4,3.3,,,,
ABS:LCI(1.0.0),3,115528,P3,50,Q,2019-Q1,2.5,,,,
ABS:LCI(1.0.0),3,115528,P3,50,Q,2019-Q2,1.7,,,,
ABS:LCI(1.0.0),3,115528,P3,50,Q,2019-Q3,0.5,,,,
ABS:LCI(1.0.0),3,115528,P3,50,Q,2019-Q4,0.1,,,,
ABS:LCI(1.0.0),3,115528,P3,50,Q,2020-Q1,0.9,,,,
ABS:LCI(1.0.0),3,115528,P3,50,Q,2020-Q2,1.4,,,,
ABS:LCI(1.0.0),3,115528,P3,50,Q,2020-Q3,1.6,,,,
ABS:LCI(1.0.0),3,115528,P3,50,Q,2020-Q4,1.8,,,,
ABS:LCI(1.0.0),3,115528,P3,50,Q,2021-Q1,1.2,,,,
ABS:LCI(1.0.0),3,115528,P3,50,Q,2021-Q2,2.3,,,,
ABS:LCI(1.0.0),3,115528,P3,50,Q,2021-Q3,3.5,,,,
ABS:LCI(1.0.0),3,115528,P3,50,Q,2021-Q4,4.2,,,,
ABS:LCI(1.0.0),3,115528,P3,50,Q,2022-Q1,5.6,,,,
ABS:LCI(1.0.0),3,115528,P3,50,Q,2022-Q2,4.7,,,,
ABS:LCI(1.0.0),3,115528,P3,50,Q,2022-Q3,5.4,,,,
ABS:LCI(1.0.0),3,115528,P3,50,Q,2022-Q4,6.6,,,,
ABS:LCI(1.0.0),3,115528,P3,50,Q,2023-Q1,9,,,,
ABS:LCI(1.0.0),3,115528,P3,50,Q,2023-Q2,13.7,,,,
ABS:LCI(1.0.0),3,115528,P3,50,Q,2023-Q3,14.5,,,,
ABS:LCI(1.0.0),3,115528,P3,50,Q,2023-Q4,17.3,,,,
ABS:LCI(1.0.0),3,115528,P3,50,Q,2024-Q1,17.7,,,,
ABS:LCI(1.0.0),3,115528,P3,50,Q,2024-Q2,15.7,,,,
ABS:LCI(1.0.0),3,115528,P3,50,Q,2024-Q3,15.2,,,,
ABS:LCI(1.0.0),3,115528,P3,50,Q,2024-Q4,10.8,,,,
ABS:LCI(1.0.0),3,115528,P3,50,Q,2025-Q1,6.7,,,,
ABS:LCI(1.0.0),3,115528,P3,50,Q,2025-Q2,2.9,,,,
ABS:LCI(1.0.0),3,115528,P3,50,Q,2025-Q3,2.2,,,,
ABS:LCI(1.0.0),3,115528,P3,50,Q,2025-Q4,2.5,,,,
ABS:LCI(1.0.0),3,115528,P3,50,Q,2026-Q1,4.9,,,,
ABS:LCI(1.0.0),3,115528,P3,50,Q,2026-Q2,6.4,,,,
ABS:LCI(1.0.0),3,131279,PBLCI,50,Q,2008-Q2,11.2,,,,
ABS:LCI(1.0.0),3,131279,PBLCI,50,Q,2008-Q3,11.3,,,,
ABS:LCI(1.0.0),3,131279,PBLCI,50,Q,2008-Q4,14.6,,,,
ABS:LCI(1.0.0),3,131279,PBLCI,50,Q,2009-Q1,6.2,,,,
ABS:LCI(1.0.0),3,131279,PBLCI,50,Q,2009-Q2,1.3,,,,
ABS:LCI(1.0.0),3,131279,PBLCI,50,Q,2009-Q3,-1.9,,,,
ABS:LCI(1.0.0),3,131279,PBLCI,50,Q,2009-Q4,-4.5,,,,
ABS:LCI(1.0.0),3,131279,PBLCI,50,Q,2010-Q1,3.3,,,,
ABS:LCI(1.0.0),3,131279,PBLCI,50,Q,2010-Q2,8.7,,,,
ABS:LCI(1.0.0),3,131279,PBLCI,50,Q,2010-Q3,11,,,,
ABS:LCI(1.0.0),3,131279,PBLCI,50,Q,2010-Q4,11.1,,,,
ABS:LCI(1.0.0),3,131279,PBLCI,50,Q,2011-Q1,9.2,,,,
ABS:LCI(1.0.0),3,131279,PBLCI,50,Q,2011-Q2,7.2,,,,
ABS:LCI(1.0.0),3,131279,PBLCI,50,Q,2011-Q3,7.5,,,,
ABS:LCI(1.0.0),3,131279,PBLCI,50,Q,2011-Q4,5.3,,,,
ABS:LCI(1.0.0),3,131279,PBLCI,50,Q,2012-Q1,2.6,,,,
ABS:LCI(1.0.0),3,131279,PBLCI,50,Q,2012-Q2,2,,,,
ABS:LCI(1.0.0),3,131279,PBLCI,50,Q,2012-Q3,-1.3,,,,
ABS:LCI(1.0.0),3,131279,PBLCI,50,Q,2012-Q4,-1.9,,,,
ABS:LCI(1.0.0),3,131279,PBLCI,50,Q,2013-Q1,-1.1,,,,
ABS:LCI(1.0.0),3,131279,PBLCI,50,Q,2013-Q2,-2.7,,,,
ABS:LCI(1.0.0),3,131279,PBLCI,50,Q,2013-Q3,-1,,,,
ABS:LCI(1.0.0),3,131279,PBLCI,50,Q,2013-Q4,-1.2,,,,
ABS:LCI(1.0.0),3,131279,PBLCI,50,Q,2014-Q1,-0.2,,,,
ABS:LCI(1.0.0),3,131279,PBLCI,50,Q,2014-Q2,0.1,,,,
ABS:LCI(1.0.0),3,131279,PBLCI,50,Q,2014-Q3,0.1,,,,
ABS:LCI(1.0.0),3,131279,PBLCI,50,Q,2014-Q4,-0.2,,,,
ABS:LCI(1.0.0),3,131279,PBLCI,50,Q,2015-Q1,-0.6,,,,
ABS:LCI(1.0.0),3,131279,PBLCI,50,Q,2015-Q2,-0.6,,,,
ABS:LCI(1.0.0),3,131279,PBLCI,50,Q,2015-Q3,-0.9,,,,
ABS:LCI(1.0.0),3,131279,PBLCI,50,Q,2015-Q4,-0.4,,,,
ABS:LCI(1.0.0),3,131279,PBLCI,50,Q,2016-Q1,-0.2,,,,
ABS:LCI(1.0.0),3,131279,PBLCI,50,Q,2016-Q2,1.2,,,,
ABS:LCI(1.0.0),3,131279,PBLCI,50,Q,2016-Q3,1.2,,,,
ABS:LCI(1.0.0),3,131279,PBLCI,50,Q,2016-Q4,1,,,,
ABS:LCI(1.0.0),3,131279,PBLCI,50,Q,2017-Q1,-0.1,,,,
ABS:LCI(1.0.0),3,131279,PBLCI,50,Q,2017-Q2,0.1,,,,
ABS:LCI(1.0.0),3,131279,PBLCI,50,Q,2017-Q3,0.7,,,,
ABS:LCI(1.0.0),3,131279,PBLCI,50,Q,2017-Q4,1.4,,,,
ABS:LCI(1.0.0),3,131279,PBLCI,50,Q,2018-Q1,2.9,,,,
ABS:LCI(1.0.0),3,131279,PBLCI,50,Q,2018-Q2,2.2,,,,
ABS:LCI(1.0.0),3,131279,PBLCI,50,Q,2018-Q3,1.7,,,,
ABS:LCI(1.0.0),3,131279,PBLCI,50,Q,2018-Q4,1.6,,,,
ABS:LCI(1.0.0),3,131279,PBLCI,50,Q,2019-Q1,-0.4,,,,
ABS:LCI(1.0.0),3,131279,PBLCI,50,Q,2019-Q2,0,,,,
ABS:LCI(1.0.0),3,131279,PBLCI,50,Q,2019-Q3,0.3,,,,
ABS:LCI(1.0.0),3,131279,PBLCI,50,Q,2019-Q4,-0.2,,,,
ABS:LCI(1.0.0),3,131279,PBLCI,50,Q,2020-Q1,0.4,,,,
ABS:LCI(1.0.0),3,131279,PBLCI,50,Q,2020-Q2,2.2,,,,
ABS:LCI(1.0.0),3,131279,PBLCI,50,Q,2020-Q3,-2.8,,,,
ABS:LCI(1.0.0),3,131279,PBLCI,50,Q,2020-Q4,-5.1,,,,
ABS:LCI(1.0.0),3,131279,PBLCI,50,Q,2021-Q1,-5.7,,,,
ABS:LCI(1.0.0),3,131279,PBLCI,50,Q,2021-Q2,-8.9,,,,
ABS:LCI(1.0.0),3,131279,PBLCI,50,Q,2021-Q3,-4.2,,,,
ABS:LCI(1.0.0),3,131279,PBLCI,50,Q,2021-Q4,-3.9,,,,
ABS:LCI(1.0.0),3,131279,PBLCI,50,Q,2022-Q1,-4.4,,,,
ABS:LCI(1.0.0),3,131279,PBLCI,50,Q,2022-Q2,-3.8,,,,
ABS:LCI(1.0.0),3,131279,PBLCI,50,Q,2022-Q3,-3.8,,,,
ABS:LCI(1.0.0),3,131279,PBLCI,50,Q,2022-Q4,0.6,,,,
ABS:LCI(1.0.0),3,131279,PBLCI,50,Q,2023-Q1,5,,,,
ABS:LCI(1.0.0),3,131279,PBLCI,50,Q,2023-Q2,7.5,,,,
ABS:LCI(1.0.0),3,131279,PBLCI,50,Q,2023-Q3,10.1,,,,
ABS:LCI(1.0.0),3,131279,PBLCI,50,Q,2023-Q4,11.2,,,,
ABS:LCI(1.0.0),3,131279,PBLCI,50,Q,2024-Q1,10.5,,,,
ABS:LCI(1.0.0),3,131279,PBLCI,50,Q,2024-Q2,11.2,,,,
ABS:LCI(1.0.0),3,131279,PBLCI,50,Q,2024-Q3,10.9,,,,
ABS:LCI(1.0.0),3,131279,PBLCI,50,Q,2024-Q4,8.1,,,,
ABS:LCI(1.0.0),3,131279,PBLCI,50,Q,2025-Q1,8.3,,,,
ABS:LCI(1.0.0),3,131279,PBLCI,50,Q,2025-Q2,7.3,,,,
ABS:LCI(1.0.0),3,131279,PBLCI,50,Q,2025-Q3,4.4,,,,
ABS:LCI(1.0.0),3,131279,PBLCI,50,Q,2025-Q4,3.6,,,,
ABS:LCI(1.0.0),3,131279,PBLCI,50,Q,2026-Q1,2.4,,,,
ABS:LCI(1.0.0),3,131279,PBLCI,50,Q,2026-Q2,2.4,,,,
ABS:LCI(1.0.0),3,131278,P1,50,Q,1999-Q2,-0.1,,,,
ABS:LCI(1.0.0),3,131278,P1,50,Q,1999-Q3,0.2,,,,
ABS:LCI(1.0.0),3,131278,P1,50,Q,1999-Q4,1.1,,,,
ABS:LCI(1.0.0),3,131278,P1,50,Q,2000-Q1,8.8,,,,
ABS:LCI(1.0.0),3,131278,P1,50,Q,2000-Q2,10.4,,,,
ABS:LCI(1.0.0),3,131278,P1,50,Q,2000-Q3,26.5,,,,
ABS:LCI(1.0.0),3,131278,P1,50,Q,2000-Q4,29.1,,,,
ABS:LCI(1.0.0),3,131278,P1,50,Q,2001-Q1,23.3,,,,
ABS:LCI(1.0.0),3,131278,P1,50,Q,2001-Q2,8,,,,
ABS:LCI(1.0.0),3,131278,P1,50,Q,2001-Q3,-8.7,,,,
ABS:LCI(1.0.0),3,131278,P1,50,Q,2001-Q4,-15.2,,,,
ABS:LCI(1.0.0),3,131278,P1,50,Q,2002-Q1,-14.8,,,,
ABS:LCI(1.0.0),3,131278,P1,50,Q,2002-Q2,-7.2,,,,
ABS:LCI(1.0.0),3,131278,P1,50,Q,2002-Q3,3.6,,,,
ABS:LCI(1.0.0),3,131278,P1,50,Q,2002-Q4,10.4,,,,
ABS:LCI(1.0.0),3,131278,P1,50,Q,2003-Q1,11.1,,,,
ABS:LCI(1.0.0),3,131278,P1,50,Q,2003-Q2,17.8,,,,
ABS:LCI(1.0.0),3,131278,P1,50,Q,2003-Q3,10.7,,,,
ABS:LCI(1.0.0),3,131278,P1,50,Q,2003-Q4,11.4,,,,
ABS:LCI(1.0.0),3,131278,P1,50,Q,2004-Q1,18.5,,,,
ABS:LCI(1.0.0),3,131278,P1,50,Q,2004-Q2,20.1,,,,
ABS:LCI(1.0.0),3,131278,P1,50,Q,2004-Q3,20,,,,
ABS:LCI(1.0.0),3,131278,P1,50,Q,2004-Q4,18.9,,,,
ABS:LCI(1.0.0),3,131278,P1,50,Q,2005-Q1,11.5,,,,
ABS:LCI(1.0.0),3,131278,P1,50,Q,2005-Q2,12.9,,,,
ABS:LCI(1.0.0),3,131278,P1,50,Q,2005-Q3,12.5,,,,
ABS:LCI(1.0.0),3,131278,P1,50,Q,2005-Q4,9.8,,,,
ABS:LCI(1.0.0),3,131278,P1,50,Q,2006-Q1,11.3,,,,
ABS:LCI(1.0.0),3,131278,P1,50,Q,2006-Q2,8.5,,,,
ABS:LCI(1.0.0),3,131278,P1,50,Q,2006-Q3,11.4,,,,
ABS:LCI(1.0.0),3,131278,P1,50,Q,2006-Q4,17,,,,
ABS:LCI(1.0.0),3,131278,P1,50,Q,2007-Q1,17.3,,,,
ABS:LCI(1.0.0),3,131278,P1,50,Q,2007-Q2,17.3,,,,
ABS:LCI(1.0.0),3,131278,P1,50,Q,2007-Q3,17.1,,,,
ABS:LCI(1.0.0),3,131278,P1,50,Q,2007-Q4,14.3,,,,
ABS:LCI(1.0.0),3,131278,P1,50,Q,2008-Q1,18.3,,,,
ABS:LCI(1.0.0),3,131278,P1,50,Q,2008-Q2,25.4,,,,
ABS:LCI(1.0.0),3,131278,P1,50,Q,2008-Q3,22.6,,,,
ABS:LCI(1.0.0),3,131278,P1,50,Q,2008-Q4,15.2,,,,
ABS:LCI(1.0.0),3,131278,P1,50,Q,2009-Q1,-4.2,,,,
ABS:LCI(1.0.0),3,131278,P1,50,Q,2009-Q2,-32,,,,
ABS:LCI(1.0.0),3,131278,P1,50,Q,2009-Q3,-33.5,,,,
ABS:LCI(1.0.0),3,131278,P1,50,Q,2009-Q4,-28,,,,
ABS:LCI(1.0.0),3,131278,P1,50,Q,2010-Q1,-11.4,,,,
ABS:LCI(1.0.0),3,131278,P1,50,Q,2010-Q2,25.6,,,,
ABS:LCI(1.0.0),3,131278,P1,50,Q,2010-Q3,32.1,,,,
ABS:LCI(1.0.0),3,131278,P1,50,Q,2010-Q4,30.1,,,,
ABS:LCI(1.0.0),3,131278,P1,50,Q,2011-Q1,23.7,,,,
ABS:LCI(1.0.0),3,131278,P1,50,Q,2011-Q2,14.4,,,,
ABS:LCI(1.0.0),3,131278,P1,50,Q,2011-Q3,9.3,,,,
ABS:LCI(1.0.0),3,131278,P1,50,Q,2011-Q4,6.7,,,,
ABS:LCI(1.0.0),3,131278,P1,50,Q,2012-Q1,-2,,,,
ABS:LCI(1.0.0),3,131278,P1,50,Q,2012-Q2,-3.7,,,,
ABS:LCI(1.0.0),3,131278,P1,50,Q,2012-Q3,-10.3,,,,
ABS:LCI(1.0.0),3,131278,P1,50,Q,2012-Q4,-12.3,,,,
ABS:LCI(1.0.0),3,131278,P1,50,Q,2013-Q1,-12.2,,,,
ABS:LCI(1.0.0),3,131278,P1,50,Q,2013-Q2,-12.7,,,,
ABS:LCI(1.0.0),3,131278,P1,50,Q,2013-Q3,-10.3,,,,
ABS:LCI(1.0.0),3,131278,P1,50,Q,2013-Q4,-11.3,,,,
ABS:LCI(1.0.0),3,131278,P1,50,Q,2014-Q1,-6.5,,,,
ABS:LCI(1.0.0),3,131278,P1,50,Q,2014-Q2,-4.9,,,,
ABS:LCI(1.0.0),3,131278,P1,50,Q,2014-Q3,-0.8,,,,
ABS:LCI(1.0.0),3,131278,P1,50,Q,2014-Q4,3.3,,,,
ABS:LCI(1.0.0),3,131278,P1,50,Q,2015-Q1,2.1,,,,
ABS:LCI(1.0.0),3,131278,P1,50,Q,2015-Q2,-1.7,,,,
ABS:LCI(1.0.0),3,131278,P1,50,Q,2015-Q3,-4.2,,,,
ABS:LCI(1.0.0),3,131278,P1,50,Q,2015-Q4,-4,,,,
ABS:LCI(1.0.0),3,131278,P1,50,Q,2016-Q1,-1.2,,,,
ABS:LCI(1.0.0),3,131278,P1,50,Q,2016-Q2,1.6,,,,
ABS:LCI(1.0.0),3,131278,P1,50,Q,2016-Q3,-0.3,,,,
ABS:LCI(1.0.0),3,131278,P1,50,Q,2016-Q4,-4.1,,,,
ABS:LCI(1.0.0),3,131278,P1,50,Q,2017-Q1,-5.3,,,,
ABS:LCI(1.0.0),3,131278,P1,50,Q,2017-Q2,-4.9,,,,
ABS:LCI(1.0.0),3,131278,P1,50,Q,2017-Q3,1.1,,,,
ABS:LCI(1.0.0),3,131278,P1,50,Q,2017-Q4,4.5,,,,
ABS:LCI(1.0.0),3,131278,P1,50,Q,2018-Q1,3.3,,,,
ABS:LCI(1.0.0),3,131278,P1,50,Q,2018-Q2,3.4,,,,
ABS:LCI(1.0.0),3,131278,P1,50,Q,2018-Q3,1.6,,,,
ABS:LCI(1.0.0),3,131278,P1,50,Q,2018-Q4,2.4,,,,
ABS:LCI(1.0.0),3,131278,P1,50,Q,2019-Q1,2.3,,,,
ABS:LCI(1.0.0),3,131278,P1,50,Q,2019-Q2,1.9,,,,
ABS:LCI(1.0.0),3,131278,P1,50,Q,2019-Q3,-5.9,,,,
ABS:LCI(1.0.0),3,131278,P1,50,Q,2019-Q4,-11.7,,,,
ABS:LCI(1.0.0),3,131278,P1,50,Q,2020-Q1,-14.2,,,,
ABS:LCI(1.0.0),3,131278,P1,50,Q,2020-Q2,-18.4,,,,
ABS:LCI(1.0.0),3,131278,P1,50,Q,2020-Q3,-17.6,,,,
ABS:LCI(1.0.0),3,131278,P1,50,Q,2020-Q4,-15.2,,,,
ABS:LCI(1.0.0),3,131278,P1,50,Q,2021-Q1,-15,,,,
ABS:LCI(1.0.0),3,131278,P1,50,Q,2021-Q2,-12.7,,,,
ABS:LCI(1.0.0),3,131278,P1,50,Q,2021-Q3,-8.1,,,,
ABS:LCI(1.0.0),3,131278,P1,50,Q,2021-Q4,-7.6,,,,
ABS:LCI(1.0.0),3,131278,P1,50,Q,2022-Q1,-5.4,,,,
ABS:LCI(1.0.0),3,131278,P1,50,Q,2022-Q2,-0.7,,,,
ABS:LCI(1.0.0),3,131278,P1,50,Q,2022-Q3,25.3,,,,
ABS:LCI(1.0.0),3,131278,P1,50,Q,2022-Q4,61.4,,,,
ABS:LCI(1.0.0),3,131278,P1,50,Q,2023-Q1,79,,,,
ABS:LCI(1.0.0),3,131278,P1,50,Q,2023-Q2,91.7,,,,
ABS:LCI(1.0.0),3,131278,P1,50,Q,2023-Q3,68.7,,,,
ABS:LCI(1.0.0),3,131278,P1,50,Q,2023-Q4,40.3,,,,
ABS:LCI(1.0.0),3,131278,P1,50,Q,2024-Q1,35.3,,,,
ABS:LCI(1.0.0),3,131278,P1,50,Q,2024-Q2,26.4,,,,
ABS:LCI(1.0.0),3,131278,P1,50,Q,2024-Q3,18.9,,,,
ABS:LCI(1.0.0),3,131278,P1,50,Q,2024-Q4,14.7,,,,
ABS:LCI(1.0.0),3,131278,P1,50,Q,2025-Q1,8.7,,,,
ABS:LCI(1.0.0),3,131278,P1,50,Q,2025-Q2,4.5,,,,
ABS:LCI(1.0.0),3,131278,P1,50,Q,2025-Q3,-2.1,,,,
ABS:LCI(1.0.0),3,131278,P1,50,Q,2025-Q4,-6.4,,,,
ABS:LCI(1.0.0),3,131278,P1,50,Q,2026-Q1,-6.3,,,,
ABS:LCI(1.0.0),3,131278,P1,50,Q,2026-Q2,2.8,,,,
ABS:LCI(1.0.0),4,115486,P4,50,Q,2025-Q4,12.36,,,,
ABS:LCI(1.0.0),4,115486,P4,50,Q,2026-Q1,12.69,,,,
ABS:LCI(1.0.0),4,115486,P4,50,Q,2026-Q2,12.95,,,,
ABS:LCI(1.0.0),4,126670,P2,50,Q,2025-Q4,8.19,,,,
ABS:LCI(1.0.0),4,126670,P2,50,Q,2026-Q1,8.34,,,,
ABS:LCI(1.0.0),4,126670,P2,50,Q,2026-Q2,8.53,,,,
ABS:LCI(1.0.0),4,115528,P3,50,Q,2025-Q4,3.61,,,,
ABS:LCI(1.0.0),4,115528,P3,50,Q,2026-Q1,3.71,,,,
ABS:LCI(1.0.0),4,115528,P3,50,Q,2026-Q2,3.74,,,,
ABS:LCI(1.0.0),4,131278,P1,50,Q,2025-Q4,12.65,,,,
ABS:LCI(1.0.0),4,131278,P1,50,Q,2026-Q1,12.84,,,,
ABS:LCI(1.0.0),4,131278,P1,50,Q,2026-Q2,13.89,,,,
ABS:LCI(1.0.0),5,20006,PBLCI,50,Q,2025-Q4,0.14,,,,
ABS:LCI(1.0.0),5,20006,PBLCI,50,Q,2026-Q1,0.08,,,,
ABS:LCI(1.0.0),5,20006,PBLCI,50,Q,2026-Q2,0.06,,,,
ABS:LCI(1.0.0),5,20005,P3,50,Q,2025-Q4,0.06,,,,
ABS:LCI(1.0.0),5,20005,P3,50,Q,2026-Q1,0.22,,,,
ABS:LCI(1.0.0),5,20005,P3,50,Q,2026-Q2,-0.08,,,,
ABS:LCI(1.0.0),5,115528,P3,50,Q,2025-Q4,0.03,,,,
ABS:LCI(1.0.0),5,115528,P3,50,Q,2026-Q1,0.1,,,,
ABS:LCI(1.0.0),5,115528,P3,50,Q,2026-Q2,0.03,,,,
ABS:LCI(1.0.0),1,10001,PBLCI,50,Q,2007-Q2,58.95,,,,
ABS:LCI(1.0.0),1,10001,PBLCI,50,Q,2007-Q3,59.48,,,,
ABS:LCI(1.0.0),1,10001,PBLCI,50,Q,2007-Q4,59.96,,,,
ABS:LCI(1.0.0),1,10001,PBLCI,50,Q,2008-Q1,60.96,,,,
ABS:LCI(1.0.0),1,10001,PBLCI,50,Q,2008-Q2,61.72,,,,
ABS:LCI(1.0.0),1,10001,PBLCI,50,Q,2008-Q3,62.55,,,,
ABS:LCI(1.0.0),1,10001,PBLCI,50,Q,2008-Q4,62.49,,,,
ABS:LCI(1.0.0),1,10001,PBLCI,50,Q,2009-Q1,63.08,,,,
ABS:LCI(1.0.0),1,10001,PBLCI,50,Q,2009-Q2,63.12,,,,
ABS:LCI(1.0.0),1,10001,PBLCI,50,Q,2009-Q3,63.77,,,,
ABS:LCI(1.0.0),1,10001,PBLCI,50,Q,2009-Q4,64.15,,,,
ABS:LCI(1.0.0),1,10001,PBLCI,50,Q,2010-Q1,64.89,,,,
ABS:LCI(1.0.0),1,10001,PBLCI,50,Q,2010-Q2,65.53,,,,
ABS:LCI(1.0.0),1,10001,PBLCI,50,Q,2010-Q3,66.19,,,,
ABS:LCI(1.0.0),1,10001,PBLCI,50,Q,2010-Q4,66.67,,,,
ABS:LCI(1.0.0),1,10001,PBLCI,50,Q,2011-Q1,67.9,,,,
ABS:LCI(1.0.0),1,10001,PBLCI,50,Q,2011-Q2,68.51,,,,
ABS:LCI(1.0.0),1,10001,PBLCI,50,Q,2011-Q3,68.94,,,,
ABS:LCI(1.0.0),1,10001,PBLCI,50,Q,2011-Q4,68.82,,,,
ABS:LCI(1.0.0),1,10001,PBLCI,50,Q,2012-Q1,68.87,,,,
ABS:LCI(1.0.0),1,10001,PBLCI,50,Q,2012-Q2,69.23,,,,
ABS:LCI(1.0.0),1,10001,PBLCI,50,Q,2012-Q3,70.27,,,,
ABS:LCI(1.0.0),1,10001,PBLCI,50,Q,2012-Q4,70.32,,,,
ABS:LCI(1.0.0),1,10001,PBLCI,50,Q,2013-Q1,70.61,,,,
ABS:LCI(1.0.0),1,10001,PBLCI,50,Q,2013-Q2,70.85,,,,
ABS:LCI(1.0.0),1,10001,PBLCI,50,Q,2013-Q3,71.64,,,,
ABS:LCI(1.0.0),1,10001,PBLCI,50,Q,2013-Q4,72.03,,,,
ABS:LCI(1.0.0),1,10001,PBLCI,50,Q,2014-Q1,72.76,,,,
ABS:LCI(1.0.0),1,10001,PBLCI,50,Q,2014-Q2,73.04,,,,
ABS:LCI(1.0.0),1,10001,PBLCI,50,Q,2014-Q3,73.18,,,,
ABS:LCI(1.0.0),1,10001,PBLCI,50,Q,2014-Q4,73.21,,,,
ABS:LCI(1.0.0),1,10001,PBLCI,50,Q,2015-Q1,73.41,,,,
ABS:LCI(1.0.0),1,10001,PBLCI,50,Q,2015-Q2,73.8,,,,
ABS:LCI(1.0.0),1,10001,PBLCI,50,Q,2015-Q3,73.9,,,,
ABS:LCI(1.0.0),1,10001,PBLCI,50,Q,2015-Q4,74.2,,,,
ABS:LCI(1.0.0),1,10001,PBLCI,50,Q,2016-Q1,74.18,,,,
ABS:LCI(1.0.0),1,10001,PBLCI,50,Q,2016-Q2,74.49,,,,
ABS:LCI(1.0.0),1,10001,PBLCI,50,Q,2016-Q3,75.03,,,,
ABS:LCI(1.0.0),1,10001,PBLCI,50,Q,2016-Q4,75.47,,,,
ABS:LCI(1.0.0),1,10001,PBLCI,50,Q,2017-Q1,75.97,,,,
ABS:LCI(1.0.0),1,10001,PBLCI,50,Q,2017-Q2,76.03,,,,
ABS:LCI(1.0.0),1,10001,PBLCI,50,Q,2017-Q3,76.52,,,,
ABS:LCI(1.0.0),1,10001,PBLCI,50,Q,2017-Q4,77.17,,,,
ABS:LCI(1.0.0),1,10001,PBLCI,50,Q,2018-Q1,77.7,,,,
ABS:LCI(1.0.0),1,10001,PBLCI,50,Q,2018-Q2,77.92,,,,
ABS:LCI(1.0.0),1,10001,PBLCI,50,Q,2018-Q3,78.24,,,,
ABS:LCI(1.0.0),1,10001,PBLCI,50,Q,2018-Q4,78.73,,,,
ABS:LCI(1.0.0),1,10001,PBLCI,50,Q,2019-Q1,78.93,,,,
ABS:LCI(1.0.0),1,10001,PBLCI,50,Q,2019-Q2,79.37,,,,
ABS:LCI(1.0.0),1,10001,PBLCI,50,Q,2019-Q3,79.68,,,,
ABS:LCI(1.0.0),1,10001,PBLCI,50,Q,2019-Q4,80.24,,,,
ABS:LCI(1.0.0),1,10001,PBLCI,50,Q,2020-Q1,80.84,,,,
ABS:LCI(1.0.0),1,10001,PBLCI,50,Q,2020-Q2,79.73,,,,
ABS:LCI(1.0.0),1,10001,PBLCI,50,Q,2020-Q3,80.35,,,,
ABS:LCI(1.0.0),1,10001,PBLCI,50,Q,2020-Q4,80.75,,,,
ABS:LCI(1.0.0),1,10001,PBLCI,50,Q,2021-Q1,81.3,,,,
ABS:LCI(1.0.0),1,10001,PBLCI,50,Q,2021-Q2,82.04,,,,
ABS:LCI(1.0.0),1,10001,PBLCI,50,Q,2021-Q3,82.46,,,,
ABS:LCI(1.0.0),1,10001,PBLCI,50,Q,2021-Q4,83.14,,,,
ABS:LCI(1.0.0),1,10001,PBLCI,50,Q,2022-Q1,85.03,,,,
ABS:LCI(1.0.0),1,10001,PBLCI,50,Q,2022-Q2,86.13,,,,
ABS:LCI(1.0.0),1,10001,PBLCI,50,Q,2022-Q3,87.7,,,,
ABS:LCI(1.0.0),1,10001,PBLCI,50,Q,2022-Q4,89.34,,,,
ABS:LCI(1.0.0),1,10001,PBLCI,50,Q,2023-Q1,91.21,,,,
ABS:LCI(1.0.0),1,10001,PBLCI,50,Q,2023-Q2,92.19,,,,
ABS:LCI(1.0.0),1,10001,PBLCI,50,Q,2023-Q3,92.67,,,,
ABS:LCI(1.0.0),1,10001,PBLCI,50,Q,2023-Q4,93.56,,,,
ABS:LCI(1.0.0),1,10001,PBLCI,50,Q,2024-Q1,94.74,,,,
ABS:LCI(1.0.0),1,10001,PBLCI,50,Q,2024-Q2,96.01,,,,
ABS:LCI(1.0.0),1,10001,PBLCI,50,Q,2024-Q3,96.31,,,,
ABS:LCI(1.0.0),1,10001,PBLCI,50,Q,2024-Q4,96.21,,,,
ABS:LCI(1.0.0),1,10001,PBLCI,50,Q,2025-Q1,97.76,,,,
ABS:LCI(1.0.0),1,10001,PBLCI,50,Q,2025-Q2,98.72,,,,
ABS:LCI(1.0.0),1,10001,PBLCI,50,Q,2025-Q3,100,,,,
ABS:LCI(1.0.0),1,10001,PBLCI,50,Q,2025-Q4,100.13,,,,
ABS:LCI(1.0.0),1,10001,PBLCI,50,Q,2026-Q1,102.65,,,,
ABS:LCI(1.0.0),1,10001,PBLCI,50,Q,2026-Q2,103.31,,,,
ABS:LCI(1.0.0),1,20006,P2,50,Q,2007-Q2,36.65,,,,
ABS:LCI(1.0.0),1,20006,P2,50,Q,2007-Q3,36.83,,,,
ABS:LCI(1.0.0),1,20006,P2,50,Q,2007-Q4,37.3,,,,
ABS:LCI(1.0.0),1,20006,P2,50,Q,2008-Q1,37.68,,,,
ABS:LCI(1.0.0),1,20006,P2,50,Q,2008-Q2,38.37,,,,
ABS:LCI(1.0.0),1,20006,P2,50,Q,2008-Q3,38.92,,,,
ABS:LCI(1.0.0),1,20006,P2,50,Q,2008-Q4,39.44,,,,
ABS:LCI(1.0.0),1,20006,P2,50,Q,2009-Q1,39.8,,,,
ABS:LCI(1.0.0),1,20006,P2,50,Q,2009-Q2,40.18,,,,
ABS:LCI(1.0.0),1,20006,P2,50,Q,2009-Q3,40.5,,,,
ABS:LCI(1.0.0),1,20006,P2,50,Q,2009-Q4,40.73,,,,
ABS:LCI(1.0.0),1,20006,P2,50,Q,2010-Q1,41.22,,,,
ABS:LCI(1.0.0),1,20006,P2,50,Q,2010-Q2,43.58,,,,
ABS:LCI(1.0.0),1,20006,P2,50,Q,2010-Q3,44.88,,,,
ABS:LCI(1.0.0),1,20006,P2,50,Q,2010-Q4,45.23,,,,
ABS:LCI(1.0.0),1,20006,P2,50,Q,2011-Q1,45.69,,,,
ABS:LCI(1.0.0),1,20006,P2,50,Q,2011-Q2,45.99,,,,
ABS:LCI(1.0.0),1,20006,P2,50,Q,2011-Q3,46.19,,,,
ABS:LCI(1.0.0),1,20006,P2,50,Q,2011-Q4,46.57,,,,
ABS:LCI(1.0.0),1,20006,P2,50,Q,2012-Q1,47.21,,,,
ABS:LCI(1.0.0),1,20006,P2,50,Q,2012-Q2,47.65,,,,
ABS:LCI(1.0.0),1,20006,P2,50,Q,2012-Q3,48.05,,,,
ABS:LCI(1.0.0),1,20006,P2,50,Q,2012-Q4,48.13,,,,
ABS:LCI(1.0.0),1,20006,P2,50,Q,2013-Q1,48.86,,,,
ABS:LCI(1.0.0),1,20006,P2,50,Q,2013-Q2,49.49,,,,
ABS:LCI(1.0.0),1,20006,P2,50,Q,2013-Q3,49.9,,,,
ABS:LCI(1.0.0),1,20006,P2,50,Q,2013-Q4,50.66,,,,
ABS:LCI(1.0.0),1,20006,P2,50,Q,2014-Q1,52.02,,,,
ABS:LCI(1.0.0),1,20006,P2,50,Q,2014-Q2,52.8,,,,
ABS:LCI(1.0.0),1,20006,P2,50,Q,2014-Q3,53.29,,,,
ABS:LCI(1.0.0),1,20006,P2,50,Q,2014-Q4,54.06,,,,
ABS:LCI(1.0.0),1,20006,P2,50,Q,2015-Q1,54.44,,,,
ABS:LCI(1.0.0),1,20006,P2,50,Q,2015-Q2,55.07,,,,
ABS:LCI(1.0.0),1,20006,P2,50,Q,2015-Q3,55.66,,,,
ABS:LCI(1.0.0),1,20006,P2,50,Q,2015-Q4,56.95,,,,
ABS:LCI(1.0.0),1,20006,P2,50,Q,2016-Q1,57.44,,,,
ABS:LCI(1.0.0),1,20006,P2,50,Q,2016-Q2,57.92,,,,
ABS:LCI(1.0.0),1,20006,P2,50,Q,2016-Q3,58.55,,,,
ABS:LCI(1.0.0),1,20006,P2,50,Q,2016-Q4,59.98,,,,
ABS:LCI(1.0.0),1,20006,P2,50,Q,2017-Q1,60.68,,,,
ABS:LCI(1.0.0),1,20006,P2,50,Q,2017-Q2,61.1,,,,
ABS:LCI(1.0.0),1,20006,P2,50,Q,2017-Q3,62.36,,,,
ABS:LCI(1.0.0),1,20006,P2,50,Q,2017-Q4,64.45,,,,
ABS:LCI(1.0.0),1,20006,P2,50,Q,2018-Q1,64.92,,,,
ABS:LCI(1.0.0),1,20006,P2,50,Q,2018-Q2,65.9,,,,
ABS:LCI(1.0.0),1,20006,P2,50,Q,2018-Q3,66.76,,,,
ABS:LCI(1.0.0),1,20006,P2,50,Q,2018-Q4,68.95,,,,
ABS:LCI(1.0.0),1,20006,P2,50,Q,2019-Q1,69.16,,,,
ABS:LCI(1.0.0),1,20006,P2,50,Q,2019-Q2,69.91,,,,
ABS:LCI(1.0.0),1,20006,P2,50,Q,2019-Q3,71.33,,,,
ABS:LCI(1.0.0),1,20006,P2,50,Q,2019-Q4,73.59,,,,
ABS:LCI(1.0.0),1,20006,P2,50,Q,2020-Q1,74.76,,,,
ABS:LCI(1.0.0),1,20006,P2,50,Q,2020-Q2,75.97,,,,
ABS:LCI(1.0.0),1,20006,P2,50,Q,2020-Q3,77.26,,,,
ABS:LCI(1.0.0),1,20006,P2,50,Q,2020-Q4,80.66,,,,
ABS:LCI(1.0.0),1,20006,P2,50,Q,2021-Q1,80.9,,,,
ABS:LCI(1.0.0),1,20006,P2,50,Q,2021-Q2,81.22,,,,
ABS:LCI(1.0.0),1,20006,P2,50,Q,2021-Q3,80.77,,,,
ABS:LCI(1.0.0),1,20006,P2,50,Q,2021-Q4,81.49,,,,
ABS:LCI(1.0.0),1,20006,P2,50,Q,2022-Q1,82.37,,,,
ABS:LCI(1.0.0),1,20006,P2,50,Q,2022-Q2,83.02,,,,
ABS:LCI(1.0.0),1,20006,P2,50,Q,2022-Q3,84,,,,
ABS:LCI(1.0.0),1,20006,P2,50,Q,2022-Q4,84.98,,,,
ABS:LCI(1.0.0),1,20006,P2,50,Q,2023-Q1,85.94,,,,
ABS:LCI(1.0.0),1,20006,P2,50,Q,2023-Q2,86.8,,,,
ABS:LCI(1.0.0),1,20006,P2,50,Q,2023-Q3,88.07,,,,
ABS:LCI(1.0.0),1,20006,P2,50,Q,2023-Q4,90.67,,,,
ABS:LCI(1.0.0),1,20006,P2,50,Q,2024-Q1,91.46,,,,
ABS:LCI(1.0.0),1,20006,P2,50,Q,2024-Q2,92.85,,,,
ABS:LCI(1.0.0),1,20006,P2,50,Q,2024-Q3,94.15,,,,
ABS:LCI(1.0.0),1,20006,P2,50,Q,2024-Q4,96.5,,,,
ABS:LCI(1.0.0),1,20006,P2,50,Q,2025-Q1,97.66,,,,
ABS:LCI(1.0.0),1,20006,P2,50,Q,2025-Q2,98.33,,,,
ABS:LCI(1.0.0),1,20006,P2,50,Q,2025-Q3,100,,,,
ABS:LCI(1.0.0),1,20006,P2,50,Q,2025-Q4,101.01,,,,
ABS:LCI(1.0.0),1,20006,P2,50,Q,2026-Q1,102.26,,,,
ABS:LCI(1.0.0),1,20006,P2,50,Q,2026-Q2,102.85,,,,
ABS:LCI(1.0.0),1,20004,P2,50,Q,2007-Q2,78,,,,
ABS:LCI(1.0.0),1,20004,P2,50,Q,2007-Q3,77.75,,,,
ABS:LCI(1.0.0),1,20004,P2,50,Q,2007-Q4,78.38,,,,
ABS:LCI(1.0.0),1,20004,P2,50,Q,2008-Q1,77.98,,,,
ABS:LCI(1.0.0),1,20004,P2,50,Q,2008-Q2,79.21,,,,
ABS:LCI(1.0.0),1,20004,P2,50,Q,2008-Q3,79.4,,,,
ABS:LCI(1.0.0),1,20004,P2,50,Q,2008-Q4,79.69,,,,
ABS:LCI(1.0.0),1,20004,P2,50,Q,2009-Q1,80.3,,,,
ABS:LCI(1.0.0),1,20004,P2,50,Q,2009-Q2,81.93,,,,
ABS:LCI(1.0.0),1,20004,P2,50,Q,2009-Q3,82.5,,,,
ABS:LCI(1.0.0),1,20004,P2,50,Q,2009-Q4,82.35,,,,
ABS:LCI(1.0.0),1,20004,P2,50,Q,2010-Q1,81.49,,,,
ABS:LCI(1.0.0),1,20004,P2,50,Q,2010-Q2,82.19,,,,
ABS:LCI(1.0.0),1,20004,P2,50,Q,2010-Q3,82.82,,,,
ABS:LCI(1.0.0),1,20004,P2,50,Q,2010-Q4,82.17,,,,
ABS:LCI(1.0.0),1,20004,P2,50,Q,2011-Q1,81.23,,,,
ABS:LCI(1.0.0),1,20004,P2,50,Q,2011-Q2,81.99,,,,
ABS:LCI(1.0.0),1,20004,P2,50,Q,2011-Q3,82.27,,,,
ABS:LCI(1.0.0),1,20004,P2,50,Q,2011-Q4,82.14,,,,
ABS:LCI(1.0.0),1,20004,P2,50,Q,2012-Q1,81.3,,,,
ABS:LCI(1.0.0),1,20004,P2,50,Q,2012-Q2,82.35,,,,
ABS:LCI(1.0.0),1,20004,P2,50,Q,2012-Q3,83.09,,,,
ABS:LCI(1.0.0),1,20004,P2,50,Q,2012-Q4,82.68,,,,
ABS:LCI(1.0.0),1,20004,P2,50,Q,2013-Q1,81.82,,,,
ABS:LCI(1.0.0),1,20004,P2,50,Q,2013-Q2,82.34,,,,
ABS:LCI(1.0.0),1,20004,P2,50,Q,2013-Q3,83.1,,,,
ABS:LCI(1.0.0),1,20004,P2,50,Q,2013-Q4,83.26,,,,
ABS:LCI(1.0.0),1,20004,P2,50,Q,2014-Q1,82,,,,
ABS:LCI(1.0.0),1,20004,P2,50,Q,2014-Q2,82.74,,,,
ABS:LCI(1.0.0),1,20004,P2,50,Q,2014-Q3,82.88,,,,
ABS:LCI(1.0.0),1,20004,P2,50,Q,2014-Q4,83.24,,,,
ABS:LCI(1.0.0),1,20004,P2,50,Q,2015-Q1,82.8,,,,
ABS:LCI(1.0.0),1,20004,P2,50,Q,2015-Q2,83.54,,,,
ABS:LCI(1.0.0),1,20004,P2,50,Q,2015-Q3,83.91,,,,
ABS:LCI(1.0.0),1,20004,P2,50,Q,2015-Q4,84.29,,,,
ABS:LCI(1.0.0),1,20004,P2,50,Q,2016-Q1,83.78,,,,
ABS:LCI(1.0.0),1,20004,P2,50,Q,2016-Q2,84.28,,,,
ABS:LCI(1.0.0),1,20004,P2,50,Q,2016-Q3,84.96,,,,
ABS:LCI(1.0.0),1,20004,P2,50,Q,2016-Q4,84.25,,,,
ABS:LCI(1.0.0),1,20004,P2,50,Q,2017-Q1,83.4,,,,
ABS:LCI(1.0.0),1,20004,P2,50,Q,2017-Q2,83.97,,,,
ABS:LCI(1.0.0),1,20004,P2,50,Q,2017-Q3,84.1,,,,
ABS:LCI(1.0.0),1,20004,P2,50,Q,2017-Q4,83.11,,,,
ABS:LCI(1.0.0),1,20004,P2,50,Q,2018-Q1,82.65,,,,
ABS:LCI(1.0.0),1,20004,P2,50,Q,2018-Q2,82.77,,,,
ABS:LCI(1.0.0),1,20004,P2,50,Q,2018-Q3,83.22,,,,
ABS:LCI(1.0.0),1,20004,P2,50,Q,2018-Q4,83.42,,,,
ABS:LCI(1.0.0),1,20004,P2,50,Q,2019-Q1,82.89,,,,
ABS:LCI(1.0.0),1,20004,P2,50,Q,2019-Q2,83.37,,,,
ABS:LCI(1.0.0),1,20004,P2,50,Q,2019-Q3,83.9,,,,
ABS:LCI(1.0.0),1,20004,P2,50,Q,2019-Q4,83.5,,,,
ABS:LCI(1.0.0),1,20004,P2,50,Q,2020-Q1,84.52,,,,
ABS:LCI(1.0.0),1,20004,P2,50,Q,2020-Q2,86.52,,,,
ABS:LCI(1.0.0),1,20004,P2,50,Q,2020-Q3,87.1,,,,
ABS:LCI(1.0.0),1,20004,P2,50,Q,2020-Q4,86.55,,,,
ABS:LCI(1.0.0),1,20004,P2,50,Q,2021-Q1,86.22,,,,
ABS:LCI(1.0.0),1,20004,P2,50,Q,2021-Q2,86.92,,,,
ABS:LCI(1.0.0),1,20004,P2,50,Q,2021-Q3,88.06,,,,
ABS:LCI(1.0.0),1,20004,P2,50,Q,2021-Q4,89,,,,
ABS:LCI(1.0.0),1,20004,P2,50,Q,2022-Q1,90.65,,,,
ABS:LCI(1.0.0),1,20004,P2,50,Q,2022-Q2,93.55,,,,
ABS:LCI(1.0.0),1,20004,P2,50,Q,2022-Q3,96.03,,,,
ABS:LCI(1.0.0),1,20004,P2,50,Q,2022-Q4,97.53,,,,
ABS:LCI(1.0.0),1,20004,P2,50,Q,2023-Q1,97.11,,,,
ABS:LCI(1.0.0),1,20004,P2,50,Q,2023-Q2,99.06,,,,
ABS:LCI(1.0.0),1,20004,P2,50,Q,2023-Q3,99.27,,,,
ABS:LCI(1.0.0),1,20004,P2,50,Q,2023-Q4,98.08,,,,
ABS:LCI(1.0.0),1,20004,P2,50,Q,2024-Q1,97.95,,,,
ABS:LCI(1.0.0),1,20004,P2,50,Q,2024-Q2,98.55,,,,
ABS:LCI(1.0.0),1,20004,P2,50,Q,2024-Q3,99.13,,,,
ABS:LCI(1.0.0),1,20004,P2,50,Q,2024-Q4,99.17,,,,
ABS:LCI(1.0.0),1,20004,P2,50,Q,2025-Q1,98.28,,,,
ABS:LCI(1.0.0),1,20004,P2,50,Q,2025-Q2,99.2,,,,
ABS:LCI(1.0.0),1,20004,P2,50,Q,2025-Q3,100,,,,
ABS:LCI(1.0.0),1,20004,P2,50,Q,2025-Q4,99.57,,,,
ABS:LCI(1.0.0),1,20004,P2,50,Q,2026-Q1,99.37,,,,
ABS:LCI(1.0.0),1,20004,P2,50,Q,2026-Q2,99.45,,,,
ABS:LCI(1.0.0),1,115488,P1,50,Q,2007-Q2,122.92,,,,
ABS:LCI(1.0.0),1,115488,P1,50,Q,2007-Q3,123.04,,,,
ABS:LCI(1.0.0),1,115488,P1,50,Q,2007-Q4,123.04,,,,
ABS:LCI(1.0.0),1,115488,P1,50,Q,2008-Q1,122.92,,,,
ABS:LCI(1.0.0),1,115488,P1,50,Q,2008-Q2,123.04,,,,
ABS:LCI(1.0.0),1,115488,P1,50,Q,2008-Q3,123.38,,,,
ABS:LCI(1.0.0),1,115488,P1,50,Q,2008-Q4,123.73,,,,
ABS:LCI(1.0.0),1,115488,P1,50,Q,2009-Q1,124.19,,,,
ABS:LCI(1.0.0),1,115488,P1,50,Q,2009-Q2,124.47,,,,
ABS:LCI(1.0.0),1,115488,P1,50,Q,2009-Q3,124.52,,,,
ABS:LCI(1.0.0),1,115488,P1,50,Q,2009-Q4,124.44,,,,
ABS:LCI(1.0.0),1,115488,P1,50,Q,2010-Q1,124.33,,,,
ABS:LCI(1.0.0),1,115488,P1,50,Q,2010-Q2,124.27,,,,
ABS:LCI(1.0.0),1,115488,P1,50,Q,2010-Q3,123.92,,,,
ABS:LCI(1.0.0),1,115488,P1,50,Q,2010-Q4,123.93,,,,
ABS:LCI(1.0.0),1,115488,P1,50,Q,2011-Q1,124.14,,,,
ABS:LCI(1.0.0),1,115488,P1,50,Q,2011-Q2,124.65,,,,
ABS:LCI(1.0.0),1,115488,P1,50,Q,2011-Q3,124.61,,,,
ABS:LCI(1.0.0),1,115488,P1,50,Q,2011-Q4,125.92,,,,
ABS:LCI(1.0.0),1,115488,P1,50,Q,2012-Q1,126.03,,,,
ABS:LCI(1.0.0),1,115488,P1,50,Q,2012-Q2,125.68,,,,
ABS:LCI(1.0.0),1,115488,P1,50,Q,2012-Q3,126.3,,,,
ABS:LCI(1.0.0),1,115488,P1,50,Q,2012-Q4,127.9,,,,
ABS:LCI(1.0.0),1,115488,P1,50,Q,2013-Q1,127.89,,,,
ABS:LCI(1.0.0),1,115488,P1,50,Q,2013-Q2,128.43,,,,
ABS:LCI(1.0.0),1,115488,P1,50,Q,2013-Q3,128.56,,,,
ABS:LCI(1.0.0),1,115488,P1,50,Q,2013-Q4,130.04,,,,
ABS:LCI(1.0.0),1,115488,P1,50,Q,2014-Q1,130.28,,,,
ABS:LCI(1.0.0),1,115488,P1,50,Q,2014-Q2,128.03,,,,
ABS:LCI(1.0.0),1,115488,P1,50,Q,2014-Q3,126.2,,,,
ABS:LCI(1.0.0),1,115488,P1,50,Q,2014-Q4,126.07,,,,
ABS:LCI(1.0.0),1,115488,P1,50,Q,2015-Q1,124.38,,,,
ABS:LCI(1.0.0),1,115488,P1,50,Q,2015-Q2,123.56,,,,
ABS:LCI(1.0.0),1,115488,P1,50,Q,2015-Q3,121.12,,,,
ABS:LCI(1.0.0),1,115488,P1,50,Q,2015-Q4,118.21,,,,
ABS:LCI(1.0.0),1,115488,P1,50,Q,2016-Q1,116.37,,,,
ABS:LCI(1.0.0),1,115488,P1,50,Q,2016-Q2,114.67,,,,
ABS:LCI(1.0.0),1,115488,P1,50,Q,2016-Q3,111.96,,,,
ABS:LCI(1.0.0),1,115488,P1,50,Q,2016-Q4,111.15,,,,
ABS:LCI(1.0.0),1,115488,P1,50,Q,2017-Q1,110.74,,,,
ABS:LCI(1.0.0),1,115488,P1,50,Q,2017-Q2,110.24,,,,
ABS:LCI(1.0.0),1,115488,P1,50,Q,2017-Q3,108.65,,,,
ABS:LCI(1.0.0),1,115488,P1,50,Q,2017-Q4,107.24,,,,
ABS:LCI(1.0.0),1,115488,P1,50,Q,2018-Q1,106.88,,,,
ABS:LCI(1.0.0),1,115488,P1,50,Q,2018-Q2,105.46,,,,
ABS:LCI(1.0.0),1,115488,P1,50,Q,2018-Q3,103.98,,,,
ABS:LCI(1.0.0),1,115488,P1,50,Q,2018-Q4,102.54,,,,
ABS:LCI(1.0.0),1,115488,P1,50,Q,2019-Q1,101.97,,,,
ABS:LCI(1.0.0),1,115488,P1,50,Q,2019-Q2,100.77,,,,
ABS:LCI(1.0.0),1,115488,P1,50,Q,2019-Q3,99.65,,,,
ABS:LCI(1.0.0),1,115488,P1,50,Q,2019-Q4,98.68,,,,
ABS:LCI(1.0.0),1,115488,P1,50,Q,2020-Q1,98.44,,,,
ABS:LCI(1.0.0),1,115488,P1,50,Q,2020-Q2,97.16,,,,
ABS:LCI(1.0.0),1,115488,P1,50,Q,2020-Q3,96.42,,,,
ABS:LCI(1.0.0),1,115488,P1,50,Q,2020-Q4,96.08,,,,
ABS:LCI(1.0.0),1,115488,P1,50,Q,2021-Q1,96.5,,,,
ABS:LCI(1.0.0),1,115488,P1,50,Q,2021-Q2,95.94,,,,
ABS:LCI(1.0.0),1,115488,P1,50,Q,2021-Q3,95.37,,,,
ABS:LCI(1.0.0),1,115488,P1,50,Q,2021-Q4,95.52,,,,
ABS:LCI(1.0.0),1,115488,P1,50,Q,2022-Q1,95.76,,,,
ABS:LCI(1.0.0),1,115488,P1,50,Q,2022-Q2,95.82,,,,
ABS:LCI(1.0.0),1,115488,P1,50,Q,2022-Q3,97.15,,,,
ABS:LCI(1.0.0),1,115488,P1,50,Q,2022-Q4,96.73,,,,
ABS:LCI(1.0.0),1,115488,P1,50,Q,2023-Q1,96.87,,,,
ABS:LCI(1.0.0),1,115488,P1,50,Q,2023-Q2,96.39,,,,
ABS:LCI(1.0.0),1,115488,P1,50,Q,2023-Q3,98.39,,,,
ABS:LCI(1.0.0),1,115488,P1,50,Q,2023-Q4,98.71,,,,
ABS:LCI(1.0.0),1,115488,P1,50,Q,2024-Q1,98.41,,,,
ABS:LCI(1.0.0),1,115488,P1,50,Q,2024-Q2,97.69,,,,
ABS:LCI(1.0.0),1,115488,P1,50,Q,2024-Q3,98.21,,,,
ABS:LCI(1.0.0),1,115488,P1,50,Q,2024-Q4,98.73,,,,
ABS:LCI(1.0.0),1,115488,P1,50,Q,2025-Q1,98.44,,,,
ABS:LCI(1.0.0),1,115488,P1,50,Q,2025-Q2,98.63,,,,
ABS:LCI(1.0.0),1,115488,P1,50,Q,2025-Q3,100,,,,
ABS:LCI(1.0.0),1,115488,P1,50,Q,2025-Q4,100.04,,,,
ABS:LCI(1.0.0),1,115488,P1,50,Q,2026-Q1,100.07,,,,
ABS:LCI(1.0.0),1,115488,P1,50,Q,2026-Q2,100.65,,,,
ABS:LCI(1.0.0),1,115489,P2,50,Q,2007-Q2,72.8,,,,
ABS:LCI(1.0.0),1,115489,P2,50,Q,2007-Q3,73.8,,,,
ABS:LCI(1.0.0),1,115489,P2,50,Q,2007-Q4,74.58,,,,
ABS:LCI(1.0.0),1,115489,P2,50,Q,2008-Q1,74.37,,,,
ABS:LCI(1.0.0),1,115489,P2,50,Q,2008-Q2,74.22,,,,
ABS:LCI(1.0.0),1,115489,P2,50,Q,2008-Q3,75.22,,,,
ABS:LCI(1.0.0),1,115489,P2,50,Q,2008-Q4,75.74,,,,
ABS:LCI(1.0.0),1,115489,P2,50,Q,2009-Q1,74.89,,,,
ABS:LCI(1.0.0),1,115489,P2,50,Q,2009-Q2,75.07,,,,
ABS:LCI(1.0.0),1,115489,P2,50,Q,2009-Q3,75.66,,,,
ABS:LCI(1.0.0),1,115489,P2,50,Q,2009-Q4,77.05,,,,
ABS:LCI(1.0.0),1,115489,P2,50,Q,2010-Q1,76.3,,,,
ABS:LCI(1.0.0),1,115489,P2,50,Q,2010-Q2,75.03,,,,
ABS:LCI(1.0.0),1,115489,P2,50,Q,2010-Q3,75.56,,,,
ABS:LCI(1.0.0),1,115489,P2,50,Q,2010-Q4,75.88,,,,
ABS:LCI(1.0.0),1,115489,P2,50,Q,2011-Q1,75.5,,,,
ABS:LCI(1.0.0),1,115489,P2,50,Q,2011-Q2,75.21,,,,
ABS:LCI(1.0.0),1,115489,P2,50,Q,2011-Q3,75.87,,,,
ABS:LCI(1.0.0),1,115489,P2,50,Q,2011-Q4,76.36,,,,
ABS:LCI(1.0.0),1,115489,P2,50,Q,2012-Q1,75.03,,,,
ABS:LCI(1.0.0),1,115489,P2,50,Q,2012-Q2,74.23,,,,
ABS:LCI(1.0.0),1,115489,P2,50,Q,2012-Q3,74.93,,,,
ABS:LCI(1.0.0),1,115489,P2,50,Q,2012-Q4,75.43,,,,
ABS:LCI(1.0.0),1,115489,P2,50,Q,2013-Q1,74.93,,,,
ABS:LCI(1.0.0),1,115489,P2,50,Q,2013-Q2,74.48,,,,
ABS:LCI(1.0.0),1,115489,P2,50,Q,2013-Q3,75.82,,,,
ABS:LCI(1.0.0),1,115489,P2,50,Q,2013-Q4,77.15,,,,
ABS:LCI(1.0.0),1,115489,P2,50,Q,2014-Q1,76.96,,,,
ABS:LCI(1.0.0),1,115489,P2,50,Q,2014-Q2,76.86,,,,
ABS:LCI(1.0.0),1,115489,P2,50,Q,2014-Q3,77.21,,,,
ABS:LCI(1.0.0),1,115489,P2,50,Q,2014-Q4,77.9,,,,
ABS:LCI(1.0.0),1,115489,P2,50,Q,2015-Q1,78.47,,,,
ABS:LCI(1.0.0),1,115489,P2,50,Q,2015-Q2,77.56,,,,
ABS:LCI(1.0.0),1,115489,P2,50,Q,2015-Q3,78.08,,,,
ABS:LCI(1.0.0),1,115489,P2,50,Q,2015-Q4,79.14,,,,
ABS:LCI(1.0.0),1,115489,P2,50,Q,2016-Q1,78.52,,,,
ABS:LCI(1.0.0),1,115489,P2,50,Q,2016-Q2,78.22,,,,
ABS:LCI(1.0.0),1,115489,P2,50,Q,2016-Q3,78.61,,,,
ABS:LCI(1.0.0),1,115489,P2,50,Q,2016-Q4,79.02,,,,
ABS:LCI(1.0.0),1,115489,P2,50,Q,2017-Q1,78.68,,,,
ABS:LCI(1.0.0),1,115489,P2,50,Q,2017-Q2,78.31,,,,
ABS:LCI(1.0.0),1,115489,P2,50,Q,2017-Q3,79.13,,,,
ABS:LCI(1.0.0),1,115489,P2,50,Q,2017-Q4,79.92,,,,
ABS:LCI(1.0.0),1,115489,P2,50,Q,2018-Q1,79.45,,,,
ABS:LCI(1.0.0),1,115489,P2,50,Q,2018-Q2,79.25,,,,
ABS:LCI(1.0.0),1,115489,P2,50,Q,2018-Q3,80.41,,,,
ABS:LCI(1.0.0),1,115489,P2,50,Q,2018-Q4,81.45,,,,
ABS:LCI(1.0.0),1,115489,P2,50,Q,2019-Q1,80.34,,,,
ABS:LCI(1.0.0),1,115489,P2,50,Q,2019-Q2,80.93,,,,
ABS:LCI(1.0.0),1,115489,P2,50,Q,2019-Q3,82.28,,,,
ABS:LCI(1.0.0),1,115489,P2,50,Q,2019-Q4,83.05,,,,
ABS:LCI(1.0.0),1,115489,P2,50,Q,2020-Q1,81.87,,,,
ABS:LCI(1.0.0),1,115489,P2,50,Q,2020-Q2,81.67,,,,
ABS:LCI(1.0.0),1,115489,P2,50,Q,2020-Q3,82.02,,,,
ABS:LCI(1.0.0),1,115489,P2,50,Q,2020-Q4,83.28,,,,
ABS:LCI(1.0.0),1,115489,P2,50,Q,2021-Q1,83.28,,,,
ABS:LCI(1.0.0),1,115489,P2,50,Q,2021-Q2,83.42,,,,
ABS:LCI(1.0.0),1,115489,P2,50,Q,2021-Q3,84.14,,,,
ABS:LCI(1.0.0),1,115489,P2,50,Q,2021-Q4,85.25,,,,
ABS:LCI(1.0.0),1,115489,P2,50,Q,2022-Q1,86.29,,,,
ABS:LCI(1.0.0),1,115489,P2,50,Q,2022-Q2,87.9,,,,
ABS:LCI(1.0.0),1,115489,P2,50,Q,2022-Q3,89.49,,,,
ABS:LCI(1.0.0),1,115489,P2,50,Q,2022-Q4,94.32,,,,
ABS:LCI(1.0.0),1,115489,P2,50,Q,2023-Q1,94.63,,,,
ABS:LCI(1.0.0),1,115489,P2,50,Q,2023-Q2,94.65,,,,
ABS:LCI(1.0.0),1,115489,P2,50,Q,2023-Q3,94.91,,,,
ABS:LCI(1.0.0),1,115489,P2,50,Q,2023-Q4,95.35,,,,
ABS:LCI(1.0.0),1,115489,P2,50,Q,2024-Q1,95.45,,,,
ABS:LCI(1.0.0),1,115489,P2,50,Q,2024-Q2,96.01,,,,
ABS:LCI(1.0.0),1,115489,P2,50,Q,2024-Q3,97.39,,,,
ABS:LCI(1.0.0),1,115489,P2,50,Q,2024-Q4,98.71,,,,
ABS:LCI(1.0.0),1,115489,P2,50,Q,2025-Q1,97.49,,,,
ABS:LCI(1.0.0),1,115489,P2,50,Q,2025-Q2,97.99,,,,
ABS:LCI(1.0.0),1,115489,P2,50,Q,2025-Q3,100,,,,
ABS:LCI(1.0.0),1,115489,P2,50,Q,2025-Q4,102.62,,,,
ABS:LCI(1.0.0),1,115489,P2,50,Q,2026-Q1,101.33,,,,
ABS:LCI(1.0.0),1,115489,P2,50,Q,2026-Q2,101.06,,,,
ABS:LCI(1.0.0),2,10001,P1,50,Q,1998-Q3,0.3,,,,
ABS:LCI(1.0.0),2,10001,P1,50,Q,1998-Q4,0.3,,,,
ABS:LCI(1.0.0),2,10001,P1,50,Q,1999-Q1,-0.3,,,,
ABS:LCI(1.0.0),2,10001,P1,50,Q,1999-Q2,0.4,,,,
ABS:LCI(1.0.0),2,10001,P1,50,Q,1999-Q3,0.8,,,,
ABS:LCI(1.0.0),2,10001,P1,50,Q,1999-Q4,0.4,,,,
ABS:LCI(1.0.0),2,10001,P1,50,Q,2000-Q1,1.1,,,,
ABS:LCI(1.0.0),2,10001,P1,50,Q,2000-Q2,1.1,,,,
ABS:LCI(1.0.0),2,10001,P1,50,Q,2000-Q3,3.7,,,,
ABS:LCI(1.0.0),2,10001,P1,50,Q,2000-Q4,0.6,,,,
ABS:LCI(1.0.0),2,10001,P1,50,Q,2001-Q1,1.1,,,,
ABS:LCI(1.0.0),2,10001,P1,50,Q,2001-Q2,0.3,,,,
ABS:LCI(1.0.0),2,10001,P1,50,Q,2001-Q3,0.2,,,,
ABS:LCI(1.0.0),2,10001,P1,50,Q,2001-Q4,0.5,,,,
ABS:LCI(1.0.0),2,10001,P1,50,Q,2002-Q1,0.9,,,,
ABS:LCI(1.0.0),2,10001,P1,50,Q,2002-Q2,0.6,,,,
ABS:LCI(1.0.0),2,10001,P1,50,Q,2002-Q3,1.1,,,,
ABS:LCI(1.0.0),2,10001,P1,50,Q,2002-Q4,0.7,,,,
ABS:LCI(1.0.0),2,10001,P1,50,Q,2003-Q1,1.3,,,,
ABS:LCI(1.0.0),2,10001,P1,50,Q,2003-Q2,-0.1,,,,
ABS:LCI(1.0.0),2,10001,P1,50,Q,2003-Q3,0.7,,,,
ABS:LCI(1.0.0),2,10001,P1,50,Q,2003-Q4,0.6,,,,
ABS:LCI(1.0.0),2,10001,P1,50,Q,2004-Q1,1.2,,,,
ABS:LCI(1.0.0),2,10001,P1,50,Q,2004-Q2,0.7,,,,
ABS:LCI(1.0.0),2,10001,P1,50,Q,2004-Q3,0.6,,,,
ABS:LCI(1.0.0),2,10001,P1,50,Q,2004-Q4,0.8,,,,
ABS:LCI(1.0.0),2,10001,P1,50,Q,2005-Q1,0.6,,,,
ABS:LCI(1.0.0),2,10001,P1,50,Q,2005-Q2,1,,,,
ABS:LCI(1.0.0),2,10001,P1,50,Q,2005-Q3,1.1,,,,
ABS:LCI(1.0.0),2,10001,P1,50,Q,2005-Q4,0.4,,,,
ABS:LCI(1.0.0),2,10001,P1,50,Q,2006-Q1,1.1,,,,
ABS:LCI(1.0.0),2,10001,P1,50,Q,2006-Q2,1.8,,,,
ABS:LCI(1.0.0),2,10001,P1,50,Q,2006-Q3,1.2,,,,
ABS:LCI(1.0.0),2,10001,P1,50,Q,2006-Q4,0.1,,,,
ABS:LCI(1.0.0),2,10001,P1,50,Q,2007-Q1,0.4,,,,
ABS:LCI(1.0.0),2,10001,P1,50,Q,2007-Q2,1.3,,,,
ABS:LCI(1.0.0),2,10001,P1,50,Q,2007-Q3,0.9,,,,
ABS:LCI(1.0.0),2,10001,P1,50,Q,2007-Q4,1,,,,
ABS:LCI(1.0.0),2,10001,P1,50,Q,2008-Q1,1.8,,,,
ABS:LCI(1.0.0),2,10001,P1,50,Q,2008-Q2,2,,,,
ABS:LCI(1.0.0),2,10001,P1,50,Q,2008-Q3,1.3,,,,
ABS:LCI(1.0.0),2,10001,P1,50,Q,2008-Q4,-0.7,,,,
ABS:LCI(1.0.0),2,10001,P1,50,Q,2009-Q1,-0.2,,,,
ABS:LCI(1.0.0),2,10001,P1,50,Q,2009-Q2,-1.1,,,,
ABS:LCI(1.0.0),2,10001,P1,50,Q,2009-Q3,1,,,,
ABS:LCI(1.0.0),2,10001,P1,50,Q,2009-Q4,0.7,,,,
ABS:LCI(1.0.0),2,10001,P1,50,Q,2010-Q1,1.4,,,,
ABS:LCI(1.0.0),2,10001,P1,50,Q,2010-Q2,1.3,,,,
ABS:LCI(1.0.0),2,10001,P1,50,Q,2010-Q3,1.2,,,,
ABS:LCI(1.0.0),2,10001,P1,50,Q,2010-Q4,0.6,,,,
ABS:LCI(1.0.0),2,10001,P1,50,Q,2011-Q1,1.7,,,,
ABS:LCI(1.0.0),2,10001,P1,50,Q,2011-Q2,0.9,,,,
ABS:LCI(1.0.0),2,10001,P1,50,Q,2011-Q3,0.6,,,,
ABS:LCI(1.0.0),2,10001,P1,50,Q,2011-Q4,0,,,,
ABS:LCI(1.0.0),2,10001,P1,50,Q,2012-Q1,-0.4,,,,
ABS:LCI(1.0.0),2,10001,P1,50,Q,2012-Q2,0.5,,,,
ABS:LCI(1.0.0),2,10001,P1,50,Q,2012-Q3,0.6,,,,
ABS:LCI(1.0.0),2,10001,P1,50,Q,2012-Q4,0.1,,,,
ABS:LCI(1.0.0),2,10001,P1,50,Q,2013-Q1,-0.2,,,,
ABS:LCI(1.0.0),2,10001,P1,50,Q,2013-Q2,0.2,,,,
ABS:LCI(1.0.0),2,10001,P1,50,Q,2013-Q3,0.9,,,,
ABS:LCI(1.0.0),2,10001,P1,50,Q,2013-Q4,0.4,,,,
ABS:LCI(1.0.0),2,10001,P1,50,Q,2014-Q1,0.7,,,,
ABS:LCI(1.0.0),2,10001,P1,50,Q,2014-Q2,0.4,,,,
ABS:LCI(1.0.0),2,10001,P1,50,Q,2014-Q3,0.4,,,,
ABS:LCI(1.0.0),2,10001,P1,50,Q,2014-Q4,0.1,,,,
ABS:LCI(1.0.0),2,10001,P1,50,Q,2015-Q1,0.1,,,,
ABS:LCI(1.0.0),2,10001,P1,50,Q,2015-Q2,0.3,,,,
ABS:LCI(1.0.0),2,10001,P1,50,Q,2015-Q3,0.2,,,,
ABS:LCI(1.0.0),2,10001,P1,50,Q,2015-Q4,0.5,,,,
ABS:LCI(1.0.0),2,10001,P1,50,Q,2016-Q1,0,,,,
ABS:LCI(1.0.0),2,10001,P1,50,Q,2016-Q2,0.3,,,,
ABS:LCI(1.0.0),2,10001,P1,50,Q,2016-Q3,0.4,,,,
ABS:LCI(1.0.0),2,10001,P1,50,Q,2016-Q4,0.3,,,,
ABS:LCI(1.0.0),2,10001,P1,50,Q,2017-Q1,0.5,,,,
ABS:LCI(1.0.0),2,10001,P1,50,Q,2017-Q2,0.1,,,,
ABS:LCI(1.0.0),2,10001,P1,50,Q,2017-Q3,0.7,,,,
ABS:LCI(1.0.0),2,10001,P1,50,Q,2017-Q4,0.8,,,,
ABS:LCI(1.0.0),2,10001,P1,50,Q,2018-Q1,0.4,,,,
ABS:LCI(1.0.0),2,10001,P1,50,Q,2018-Q2,0.4,,,,
ABS:LCI(1.0.0),2,10001,P1,50,Q,2018-Q3,0.4,,,,
ABS:LCI(1.0.0),2,10001,P1,50,Q,2018-Q4,0.6,,,,
ABS:LCI(1.0.0),2,10001,P1,50,Q,2019-Q1,0,,,,
ABS:LCI(1.0.0),2,10001,P1,50,Q,2019-Q2,0.6,,,,
ABS:LCI(1.0.0),2,10001,P1,50,Q,2019-Q3,0.1,,,,
ABS:LCI(1.0.0),2,10001,P1,50,Q,2019-Q4,0.3,,,,
ABS:LCI(1.0.0),2,10001,P1,50,Q,2020-Q1,0.2,,,,
ABS:LCI(1.0.0),2,10001,P1,50,Q,2020-Q2,-2.6,,,,
ABS:LCI(1.0.0),2,10001,P1,50,Q,2020-Q3,1.3,,,,
ABS:LCI(1.0.0),2,10001,P1,50,Q,2020-Q4,0.9,,,,
ABS:LCI(1.0.0),2,10001,P1,50,Q,2021-Q1,0.5,,,,
ABS:LCI(1.0.0),2,10001,P1,50,Q,2021-Q2,0.7,,,,
ABS:LCI(1.0.0),2,10001,P1,50,Q,2021-Q3,0.6,,,,
ABS:LCI(1.0.0),2,10001,P1,50,Q,2021-Q4,0.8,,,,
ABS:LCI(1.0.0),2,10001,P1,50,Q,2022-Q1,1.7,,,,
ABS:LCI(1.0.0),2,10001,P1,50,Q,2022-Q2,1.4,,,,
ABS:LCI(1.0.0),2,10001,P1,50,Q,2022-Q3,2.7,,,,
ABS:LCI(1.0.0),2,10001,P1,50,Q,2022-Q4,3.2,,,,
ABS:LCI(1.0.0),2,10001,P1,50,Q,2023-Q1,1.9,,,,
ABS:LCI(1.0.0),2,10001,P1,50,Q,2023-Q2,1.6,,,,
ABS:LCI(1.0.0),2,10001,P1,50,Q,2023-Q3,2,,,,
ABS:LCI(1.0.0),2,10001,P1,50,Q,2023-Q4,1.2,,,,
ABS:LCI(1.0.0),2,10001,P1,50,Q,2024-Q1,1.7,,,,
ABS:LCI(1.0.0),2,10001,P1,50,Q,2024-Q2,1.3,,,,
ABS:LCI(1.0.0),2,10001,P1,50,Q,2024-Q3,0.5,,,,
ABS:LCI(1.0.0),2,10001,P1,50,Q,2024-Q4,0.5,,,,
ABS:LCI(1.0.0),2,10001,P1,50,Q,2025-Q1,1.1,,,,
ABS:LCI(1.0.0),2,10001,P1,50,Q,2025-Q2,0.5,,,,
ABS:LCI(1.0.0),2,10001,P1,50,Q,2025-Q3,0.6,,,,
ABS:LCI(1.0.0),2,10001,P1,50,Q,2025-Q4,0.2,,,,
ABS:LCI(1.0.0),2,10001,P1,50,Q,2026-Q1,1.4,,,,
ABS:LCI(1.0.0),2,10001,P1,50,Q,2026-Q2,1.5,,,,
ABS:LCI(1.0.0),2,20004,PBLCI,50,Q,2007-Q3,-0.8,,,,
ABS:LCI(1.0.0),2,20004,PBLCI,50,Q,2007-Q4,0.8,,,,
ABS:LCI(1.0.0),2,20004,PBLCI,50,Q,2008-Q1,-0.6,,,,
ABS:LCI(1.0.0),2,20004,PBLCI,50,Q,2008-Q2,1.6,,,,
ABS:LCI(1.0.0),2,20004,PBLCI,50,Q,2008-Q3,0,,,,
ABS:LCI(1.0.0),2,20004,PBLCI,50,Q,2008-Q4,0.4,,,,
ABS:LCI(1.0.0),2,20004,PBLCI,50,Q,2009-Q1,0.8,,,,
ABS:LCI(1.0.0),2,20004,PBLCI,50,Q,2009-Q2,2.2,,,,
ABS:LCI(1.0.0),2,20004,PBLCI,50,Q,2009-Q3,0.7,,,,
ABS:LCI(1.0.0),2,20004,PBLCI,50,Q,2009-Q4,-0.1,,,,
ABS:LCI(1.0.0),2,20004,PBLCI,50,Q,2010-Q1,-1.2,,,,
ABS:LCI(1.0.0),2,20004,PBLCI,50,Q,2010-Q2,0.9,,,,
ABS:LCI(1.0.0),2,20004,PBLCI,50,Q,2010-Q3,0.8,,,,
ABS:LCI(1.0.0),2,20004,PBLCI,50,Q,2010-Q4,-0.7,,,,
ABS:LCI(1.0.0),2,20004,PBLCI,50,Q,2011-Q1,-1.4,,,,
ABS:LCI(1.0.0),2,20004,PBLCI,50,Q,2011-Q2,1.1,,,,
ABS:LCI(1.0.0),2,20004,PBLCI,50,Q,2011-Q3,0.3,,,,
ABS:LCI(1.0.0),2,20004,PBLCI,50,Q,2011-Q4,-0.2,,,,
ABS:LCI(1.0.0),2,20004,PBLCI,50,Q,2012-Q1,-0.9,,,,
ABS:LCI(1.0.0),2,20004,PBLCI,50,Q,2012-Q2,1.3,,,,
ABS:LCI(1.0.0),2,20004,PBLCI,50,Q,2012-Q3,0.9,,,,
ABS:LCI(1.0.0),2,20004,PBLCI,50,Q,2012-Q4,-0.6,,,,
ABS:LCI(1.0.0),2,20004,PBLCI,50,Q,2013-Q1,-1,,,,
ABS:LCI(1.0.0),2,20004,PBLCI,50,Q,2013-Q2,0.6,,,,
ABS:LCI(1.0.0),2,20004,PBLCI,50,Q,2013-Q3,1,,,,
ABS:LCI(1.0.0),2,20004,PBLCI,50,Q,2013-Q4,0.2,,,,
ABS:LCI(1.0.0),2,20004,PBLCI,50,Q,2014-Q1,-1.4,,,,
ABS:LCI(1.0.0),2,20004,PBLCI,50,Q,2014-Q2,1,,,,
ABS:LCI(1.0.0),2,20004,PBLCI,50,Q,2014-Q3,0.3,,,,
ABS:LCI(1.0.0),2,20004,PBLCI,50,Q,2014-Q4,0.5,,,,
ABS:LCI(1.0.0),2,20004,PBLCI,50,Q,2015-Q1,-0.5,,,,
ABS:LCI(1.0.0),2,20004,PBLCI,50,Q,2015-Q2,0.9,,,,
ABS:LCI(1.0.0),2,20004,PBLCI,50,Q,2015-Q3,0.5,,,,
ABS:LCI(1.0.0),2,20004,PBLCI,50,Q,2015-Q4,0.5,,,,
ABS:LCI(1.0.0),2,20004,PBLCI,50,Q,2016-Q1,-0.5,,,,
ABS:LCI(1.0.0),2,20004,PBLCI,50,Q,2016-Q2,0.6,,,,
ABS:LCI(1.0.0),2,20004,PBLCI,50,Q,2016-Q3,0.9,,,,
ABS:LCI(1.0.0),2,20004,PBLCI,50,Q,2016-Q4,-0.9,,,,
ABS:LCI(1.0.0),2,20004,PBLCI,50,Q,2017-Q1,-1,,,,
ABS:LCI(1.0.0),2,20004,PBLCI,50,Q,2017-Q2,0.7,,,,
ABS:LCI(1.0.0),2,20004,PBLCI,50,Q,2017-Q3,0.2,,,,
ABS:LCI(1.0.0),2,20004,PBLCI,50,Q,2017-Q4,-1,,,,
ABS:LCI(1.0.0),2,20004,PBLCI,50,Q,2018-Q1,-0.4,,,,
ABS:LCI(1.0.0),2,20004,PBLCI,50,Q,2018-Q2,0.2,,,,
ABS:LCI(1.0.0),2,20004,PBLCI,50,Q,2018-Q3,-0.4,,,,
ABS:LCI(1.0.0),2,20004,PBLCI,50,Q,2018-Q4,0.3,,,,
ABS:LCI(1.0.0),2,20004,PBLCI,50,Q,2019-Q1,-0.5,,,,
ABS:LCI(1.0.0),2,20004,PBLCI,50,Q,2019-Q2,0.6,,,,
ABS:LCI(1.0.0),2,20004,PBLCI,50,Q,2019-Q3,0.8,,,,
ABS:LCI(1.0.0),2,20004,PBLCI,50,Q,2019-Q4,-0.4,,,,
ABS:LCI(1.0.0),2,20004,PBLCI,50,Q,2020-Q1,1.1,,,,
ABS:LCI(1.0.0),2,20004,PBLCI,50,Q,2020-Q2,-3.5,,,,
ABS:LCI(1.0.0),2,20004,PBLCI,50,Q,2020-Q3,4.8,,,,
ABS:LCI(1.0.0),2,20004,PBLCI,50,Q,2020-Q4,1.4,,,,
ABS:LCI(1.0.0),2,20004,PBLCI,50,Q,2021-Q1,-0.3,,,,
ABS:LCI(1.0.0),2,20004,PBLCI,50,Q,2021-Q2,0.9,,,,
ABS:LCI(1.0.0),2,20004,PBLCI,50,Q,2021-Q3,1.4,,,,
ABS:LCI(1.0.0),2,20004,PBLCI,50,Q,2021-Q4,1.1,,,,
ABS:LCI(1.0.0),2,20004,PBLCI,50,Q,2022-Q1,1.7,,,,
ABS:LCI(1.0.0),2,20004,PBLCI,50,Q,2022-Q2,2.8,,,,
ABS:LCI(1.0.0),2,20004,PBLCI,50,Q,2022-Q3,2.7,,,,
ABS:LCI(1.0.0),2,20004,PBLCI,50,Q,2022-Q4,1.7,,,,
ABS:LCI(1.0.0),2,20004,PBLCI,50,Q,2023-Q1,-0.3,,,,
ABS:LCI(1.0.0),2,20004,PBLCI,50,Q,2023-Q2,1.9,,,,
ABS:LCI(1.0.0),2,20004,PBLCI,50,Q,2023-Q3,-0.3,,,,
ABS:LCI(1.0.0),2,20004,PBLCI,50,Q,2023-Q4,-1,,,,
ABS:LCI(1.0.0),2,20004,PBLCI,50,Q,2024-Q1,-0.1,,,,
ABS:LCI(1.0.0),2,20004,PBLCI,50,Q,2024-Q2,0.7,,,,
ABS:LCI(1.0.0),2,20004,PBLCI,50,Q,2024-Q3,0.7,,,,
ABS:LCI(1.0.0),2,20004,PBLCI,50,Q,2024-Q4,-0.1,,,,
ABS:LCI(1.0.0),2,20004,PBLCI,50,Q,2025-Q1,-0.8,,,,
ABS:LCI(1.0.0),2,20004,PBLCI,50,Q,2025-Q2,0.9,,,,
ABS:LCI(1.0.0),2,20004,PBLCI,50,Q,2025-Q3,0.8,,,,
ABS:LCI(1.0.0),2,20004,PBLCI,50,Q,2025-Q4,-0.3,,,,
ABS:LCI(1.0.0),2,20004,PBLCI,50,Q,2026-Q1,-0.2,,,,
ABS:LCI(1.0.0),2,20004,PBLCI,50,Q,2026-Q2,0.1,,,,
ABS:LCI(1.0.0),2,20005,P4,50,Q,2007-Q3,-0.9,,,,
ABS:LCI(1.0.0),2,20005,P4,50,Q,2007-Q4,2.6,,,,
ABS:LCI(1.0.0),2,20005,P4,50,Q,2008-Q1,2.1,,,,
ABS:LCI(1.0.0),2,20005,P4,50,Q,2008-Q2,3.4,,,,
ABS:LCI(1.0.0),2,20005,P4,50,Q,2008-Q3,1.1,,,,
ABS:LCI(1.0.0),2,20005,P4,50,Q,2008-Q4,-7.8,,,,
ABS:LCI(1.0.0),2,20005,P4,50,Q,2009-Q1,-1.9,,,,
ABS:LCI(1.0.0),2,20005,P4,50,Q,2009-Q2,1.7,,,,
ABS:LCI(1.0.0),2,20005,P4,50,Q,2009-Q3,2.1,,,,
ABS:LCI(1.0.0),2,20005,P4,50,Q,2009-Q4,-0.9,,,,
ABS:LCI(1.0.0),2,20005,P4,50,Q,2010-Q1,1.4,,,,
ABS:LCI(1.0.0),2,20005,P4,50,Q,2010-Q2,0.8,,,,
ABS:LCI(1.0.0),2,20005,P4,50,Q,2010-Q3,-0.8,,,,
ABS:LCI(1.0.0),2,20005,P4,50,Q,2010-Q4,0.3,,,,
ABS:LCI(1.0.0),2,20005,P4,50,Q,2011-Q1,2.9,,,,
ABS:LCI(1.0.0),2,20005,P4,50,Q,2011-Q2,1.3,,,,
ABS:LCI(1.0.0),2,20005,P4,50,Q,2011-Q3,0,,,,
ABS:LCI(1.0.0),2,20005,P4,50,Q,2011-Q4,-0.1,,,,
ABS:LCI(1.0.0),2,20005,P4,50,Q,2012-Q1,0.9,,,,
ABS:LCI(1.0.0),2,20005,P4,50,Q,2012-Q2,1,,,,
ABS:LCI(1.0.0),2,20005,P4,50,Q,2012-Q3,-0.9,,,,
ABS:LCI(1.0.0),2,20005,P4,50,Q,2012-Q4,0.6,,,,
ABS:LCI(1.0.0),2,20005,P4,50,Q,2013-Q1,0.3,,,,
ABS:LCI(1.0.0),2,20005,P4,50,Q,2013-Q2,-0.8,,,,
ABS:LCI(1.0.0),2,20005,P4,50,Q,2013-Q3,2.3,,,,
ABS:LCI(1.0.0),2,20005,P4,50,Q,2013-Q4,-0.2,,,,
ABS:LCI(1.0.0),2,20005,P4,50,Q,2014-Q1,1.1,,,,
ABS:LCI(1.0.0),2,20005,P4,50,Q,2014-Q2,-0.7,,,,
ABS:LCI(1.0.0),2,20005,P4,50,Q,2014-Q3,-0.1,,,,
ABS:LCI(1.0.0),2,20005,P4,50,Q,2014-Q4,-2.2,,,,
ABS:LCI(1.0.0),2,20005,P4,50,Q,2015-Q1,-3.3,,,,
ABS:LCI(1.0.0),2,20005,P4,50,Q,2015-Q2,3.3,,,,
ABS:LCI(1.0.0),2,20005,P4,50,Q,2015-Q3,0.2,,,,
ABS:LCI(1.0.0),2,20005,P4,50,Q,2015-Q4,-1.4,,,,
ABS:LCI(1.0.0),2,20005,P4,50,Q,2016-Q1,-2.6,,,,
ABS:LCI(1.0.0),2,20005,P4,50,Q,2016-Q2,0.9,,,,
ABS:LCI(1.0.0),2,20005,P4,50,Q,2016-Q3,-0.5,,,,
ABS:LCI(1.0.0),2,20005,P4,50,Q,2016-Q4,1.6,,,,
ABS:LCI(1.0.0),2,20005,P4,50,Q,2017-Q1,1.6,,,,
ABS:LCI(1.0.0),2,20005,P4,50,Q,2017-Q2,-0.6,,,,
ABS:LCI(1.0.0),2,20005,P4,50,Q,2017-Q3,-0.1,,,,
ABS:LCI(1.0.0),2,20005,P4,50,Q,2017-Q4,2.3,,,,
ABS:LCI(1.0.0),2,20005,P4,50,Q,2018-Q1,1.1,,,,
ABS:LCI(1.0.0),2,20005,P4,50,Q,2018-Q2,1.4,,,,
ABS:LCI(1.0.0),2,20005,P4,50,Q,2018-Q3,0.7,,,,
ABS:LCI(1.0.0),2,20005,P4,50,Q,2018-Q4,-0.6,,,,
ABS:LCI(1.0.0),2,20005,P4,50,Q,2019-Q1,-1.7,,,,
ABS:LCI(1.0.0),2,20005,P4,50,Q,2019-Q2,3.4,,,,
ABS:LCI(1.0.0),2,20005,P4,50,Q,2019-Q3,-0.2,,,,
ABS:LCI(1.0.0),2,20005,P4,50,Q,2019-Q4,1.4,,,,
ABS:LCI(1.0.0),2,20005,P4,50,Q,2020-Q1,-1.9,,,,
ABS:LCI(1.0.0),2,20005,P4,50,Q,2020-Q2,-6.4,,,,
ABS:LCI(1.0.0),2,20005,P4,50,Q,2020-Q3,3.4,,,,
ABS:LCI(1.0.0),2,20005,P4,50,Q,2020-Q4,0.8,,,,
ABS:LCI(1.0.0),2,20005,P4,50,Q,2021-Q1,3.1,,,,
ABS:LCI(1.0.0),2,20005,P4,50,Q,2021-Q2,2.9,,,,
ABS:LCI(1.0.0),2,20005,P4,50,Q,2021-Q3,3.1,,,,
ABS:LCI(1.0.0),2,20005,P4,50,Q,2021-Q4,2.8,,,,
ABS:LCI(1.0.0),2,20005,P4,50,Q,2022-Q1,4,,,,
ABS:LCI(1.0.0),2,20005,P4,50,Q,2022-Q2,2.4,,,,
ABS:LCI(1.0.0),2,20005,P4,50,Q,2022-Q3,-0.4,,,,
ABS:LCI(1.0.0),2,20005,P4,50,Q,2022-Q4,1.7,,,,
ABS:LCI(1.0.0),2,20005,P4,50,Q,2023-Q1,0.7,,,,
ABS:LCI(1.0.0),2,20005,P4,50,Q,2023-Q2,-0.2,,,,
ABS:LCI(1.0.0),2,20005,P4,50,Q,2023-Q3,3.1,,,,
ABS:LCI(1.0.0),2,20005,P4,50,Q,2023-Q4,-0.1,,,,
ABS:LCI(1.0.0),2,20005,P4,50,Q,2024-Q1,0.6,,,,
ABS:LCI(1.0.0),2,20005,P4,50,Q,2024-Q2,0.9,,,,
ABS:LCI(1.0.0),2,20005,P4,50,Q,2024-Q3,-2.2,,,,
ABS:LCI(1.0.0),2,20005,P4,50,Q,2024-Q4,-0.5,,,,
ABS:LCI(1.0.0),2,20005,P4,50,Q,2025-Q1,0.9,,,,
ABS:LCI(1.0.0),2,20005,P4,50,Q,2025-Q2,-0.6,,,,
ABS:LCI(1.0.0),2,20005,P4,50,Q,2025-Q3,1.2,,,,
ABS:LCI(1.0.0),2,20005,P4,50,Q,2025-Q4,0.7,,,,
ABS:LCI(1.0.0),2,20005,P4,50,Q,2026-Q1,2,,,,
ABS:LCI(1.0.0),2,20005,P4,50,Q,2026-Q2,-0.5,,,,
ABS:LCI(1.0.0),2,115489,P3,50,Q,2007-Q3,1.1,,,,
ABS:LCI(1.0.0),2,115489,P3,50,Q,2007-Q4,0.6,,,,
ABS:LCI(1.0.0),2,115489,P3,50,Q,2008-Q1,-0.3,,,,
ABS:LCI(1.0.0),2,115489,P3,50,Q,2008-Q2,-0.2,,,,
ABS:LCI(1.0.0),2,115489,P3,50,Q,2008-Q3,0.9,,,,
ABS:LCI(1.0.0),2,115489,P3,50,Q,2008-Q4,0.3,,,,
ABS:LCI(1.0.0),2,115489,P3,50,Q,2009-Q1,-0.4,,,,
ABS:LCI(1.0.0),2,115489,P3,50,Q,2009-Q2,0.4,,,,
ABS:LCI(1.0.0),2,115489,P3,50,Q,2009-Q3,0.9,,,,
ABS:LCI(1.0.0),2,115489,P3,50,Q,2009-Q4,1.1,,,,
ABS:LCI(1.0.0),2,115489,P3,50,Q,2010-Q1,-1,,,,
ABS:LCI(1.0.0),2,115489,P3,50,Q,2010-Q2,-1.2,,,,
ABS:LCI(1.0.0),2,115489,P3,50,Q,2010-Q3,0.4,,,,
ABS:LCI(1.0.0),2,115489,P3,50,Q,2010-Q4,-0.1,,,,
ABS:LCI(1.0.0),2,115489,P3,50,Q,2011-Q1,-0.6,,,,
ABS:LCI(1.0.0),2,115489,P3,50,Q,2011-Q2,-0.2,,,,
ABS:LCI(1.0.0),2,115489,P3,50,Q,2011-Q3,0.4,,,,
ABS:LCI(1.0.0),2,115489,P3,50,Q,2011-Q4,0.5,,,,
ABS:LCI(1.0.0),2,115489,P3,50,Q,2012-Q1,-1.4,,,,
ABS:LCI(1.0.0),2,115489,P3,50,Q,2012-Q2,-1.1,,,,
ABS:LCI(1.0.0),2,115489,P3,50,Q,2012-Q3,0.4,,,,
ABS:LCI(1.0.0),2,115489,P3,50,Q,2012-Q4,0.5,,,,
ABS:LCI(1.0.0),2,115489,P3,50,Q,2013-Q1,-0.4,,,,
ABS:LCI(1.0.0),2,115489,P3,50,Q,2013-Q2,-0.5,,,,
ABS:LCI(1.0.0),2,115489,P3,50,Q,2013-Q3,1.2,,,,
ABS:LCI(1.0.0),2,115489,P3,50,Q,2013-Q4,1.4,,,,
ABS:LCI(1.0.0),2,115489,P3,50,Q,2014-Q1,0.1,,,,
ABS:LCI(1.0.0),2,115489,P3,50,Q,2014-Q2,-0.4,,,,
ABS:LCI(1.0.0),2,115489,P3,50,Q,2014-Q3,0.4,,,,
ABS:LCI(1.0.0),2,115489,P3,50,Q,2014-Q4,0.4,,,,
ABS:LCI(1.0.0),2,115489,P3,50,Q,2015-Q1,0.9,,,,
ABS:LCI(1.0.0),2,115489,P3,50,Q,2015-Q2,-0.9,,,,
ABS:LCI(1.0.0),2,115489,P3,50,Q,2015-Q3,0.4,,,,
ABS:LCI(1.0.0),2,115489,P3,50,Q,2015-Q4,1.1,,,,
ABS:LCI(1.0.0),2,115489,P3,50,Q,2016-Q1,-0.8,,,,
ABS:LCI(1.0.0),2,115489,P3,50,Q,2016-Q2,-0.2,,,,
ABS:LCI(1.0.0),2,115489,P3,50,Q,2016-Q3,0.4,,,,
ABS:LCI(1.0.0),2,115489,P3,50,Q,2016-Q4,0.6,,,,
ABS:LCI(1.0.0),2,115489,P3,50,Q,2017-Q1,-0.3,,,,
ABS:LCI(1.0.0),2,115489,P3,50,Q,2017-Q2,-0.4,,,,
ABS:LCI(1.0.0),2,115489,P3,50,Q,2017-Q3,0.8,,,,
ABS:LCI(1.0.0),2,115489,P3,50,Q,2017-Q4,0.5,,,,
ABS:LCI(1.0.0),2,115489,P3,50,Q,2018-Q1,-0.8,,,,
ABS:LCI(1.0.0),2,115489,P3,50,Q,2018-Q2,-0.2,,,,
ABS:LCI(1.0.0),2,115489,P3,50,Q,2018-Q3,0.9,,,,
ABS:LCI(1.0.0),2,115489,P3,50,Q,2018-Q4,0.9,,,,
ABS:LCI(1.0.0),2,115489,P3,50,Q,2019-Q1,-1,,,,
ABS:LCI(1.0.0),2,115489,P3,50,Q,2019-Q2,0.3,,,,
ABS:LCI(1.0.0),2,115489,P3,50,Q,2019-Q3,0.9,,,,
ABS:LCI(1.0.0),2,115489,P3,50,Q,2019-Q4,0.9,,,,
ABS:LCI(1.0.0),2,115489,P3,50,Q,2020-Q1,-1.2,,,,
ABS:LCI(1.0.0),2,115489,P3,50,Q,2020-Q2,-0.7,,,,
ABS:LCI(1.0.0),2,115489,P3,50,Q,2020-Q3,0.9,,,,
ABS:LCI(1.0.0),2,115489,P3,50,Q,2020-Q4,1.1,,,,
ABS:LCI(1.0.0),2,115489,P3,50,Q,2021-Q1,0,,,,
ABS:LCI(1.0.0),2,115489,P3,50,Q,2021-Q2,0,,,,
ABS:LCI(1.0.0),2,115489,P3,50,Q,2021-Q3,0.9,,,,
ABS:LCI(1.0.0),2,115489,P3,50,Q,2021-Q4,0.9,,,,
ABS:LCI(1.0.0),2,115489,P3,50,Q,2022-Q1,1.1,,,,
ABS:LCI(1.0.0),2,115489,P3,50,Q,2022-Q2,1.4,,,,
ABS:LCI(1.0.0),2,115489,P3,50,Q,2022-Q3,0.8,,,,
ABS:LCI(1.0.0),2,115489,P3,50,Q,2022-Q4,4.3,,,,
ABS:LCI(1.0.0),2,115489,P3,50,Q,2023-Q1,0.7,,,,
ABS:LCI(1.0.0),2,115489,P3,50,Q,2023-Q2,0,,,,
ABS:LCI(1.0.0),2,115489,P3,50,Q,2023-Q3,0.4,,,,
ABS:LCI(1.0.0),2,115489,P3,50,Q,2023-Q4,0.3,,,,
ABS:LCI(1.0.0),2,115489,P3,50,Q,2024-Q1,0.7,,,,
ABS:LCI(1.0.0),2,115489,P3,50,Q,2024-Q2,0.1,,,,
ABS:LCI(1.0.0),2,115489,P3,50,Q,2024-Q3,1.4,,,,
ABS:LCI(1.0.0),2,115489,P3,50,Q,2024-Q4,1.1,,,,
ABS:LCI(1.0.0),2,115489,P3,50,Q,2025-Q1,-0.7,,,,
ABS:LCI(1.0.0),2,115489,P3,50,Q,2025-Q2,0.3,,,,
ABS:LCI(1.0.0),2,115489,P3,50,Q,2025-Q3,1.5,,,,
ABS:LCI(1.0.0),2,115489,P3,50,Q,2025-Q4,2.2,,,,
ABS:LCI(1.0.0),2,115489,P3,50,Q,2026-Q1,-0.3,,,,
ABS:LCI(1.0.0),2,115489,P3,50,Q,2026-Q2,-0.4,,,,
ABS:LCI(1.0.0),2,131279,PBLCI,50,Q,2007-Q3,3.2,,,,
ABS:LCI(1.0.0),2,131279,PBLCI,50,Q,2007-Q4,2.2,,,,
ABS:LCI(1.0.0),2,131279,PBLCI,50,Q,2008-Q1,3.3,,,,
ABS:LCI(1.0.0),2,131279,PBLCI,50,Q,2008-Q2,2,,,,
ABS:LCI(1.0.0),2,131279,PBLCI,50,Q,2008-Q3,3.4,,,,
ABS:LCI(1.0.0),2,131279,PBLCI,50,Q,2008-Q4,5.3,,,,
ABS:LCI(1.0.0),2,131279,PBLCI,50,Q,2009-Q1,-4.3,,,,
ABS:LCI(1.0.0),2,131279,PBLCI,50,Q,2009-Q2,-2.7,,,,
ABS:LCI(1.0.0),2,131279,PBLCI,50,Q,2009-Q3,0.1,,,,
ABS:LCI(1.0.0),2,131279,PBLCI,50,Q,2009-Q4,2.4,,,,
ABS:LCI(1.0.0),2,131279,PBLCI,50,Q,2010-Q1,3.5,,,,
ABS:LCI(1.0.0),2,131279,PBLCI,50,Q,2010-Q2,2.5,,,,
ABS:LCI(1.0.0),2,131279,PBLCI,50,Q,2010-Q3,2.2,,,,
ABS:LCI(1.0.0),2,131279,PBLCI,50,Q,2010-Q4,2.5,,,,
ABS:LCI(1.0.0),2,131279,PBLCI,50,Q,2011-Q1,1.8,,,,
ABS:LCI(1.0.0),2,131279,PBLCI,50,Q,2011-Q2,0.6,,,,
ABS:LCI(1.0.0),2,131279,PBLCI,50,Q,2011-Q3,2.5,,,,
ABS:LCI(1.0.0),2,131279,PBLCI,50,Q,2011-Q4,0.4,,,,
ABS:LCI(1.0.0),2,131279,PBLCI,50,Q,2012-Q1,-0.9,,,,
ABS:LCI(1.0.0),2,131279,PBLCI,50,Q,2012-Q2,0,,,,
ABS:LCI(1.0.0),2,131279,PBLCI,50,Q,2012-Q3,-0.8,,,,
ABS:LCI(1.0.0),2,131279,PBLCI,50,Q,2012-Q4,-0.2,,,,
ABS:LCI(1.0.0),2,131279,PBLCI,50,Q,2013-Q1,-0.1,,,,
ABS:LCI(1.0.0),2,131279,PBLCI,50,Q,2013-Q2,-1.5,,,,
ABS:LCI(1.0.0),2,131279,PBLCI,50,Q,2013-Q3,0.8,,,,
ABS:LCI(1.0.0),2,131279,PBLCI,50,Q,2013-Q4,-0.4,,,,
ABS:LCI(1.0.0),2,131279,PBLCI,50,Q,2014-Q1,0.9,,,,
ABS:LCI(1.0.0),2,131279,PBLCI,50,Q,2014-Q2,-1.3,,,,
ABS:LCI(1.0.0),2,131279,PBLCI,50,Q,2014-Q3,0.9,,,,
ABS:LCI(1.0.0),2,131279,PBLCI,50,Q,2014-Q4,-0.7,,,,
ABS:LCI(1.0.0),2,131279,PBLCI,50,Q,2015-Q1,0.5,,,,
ABS:LCI(1.0.0),2,131279,PBLCI,50,Q,2015-Q2,-1.2,,,,
ABS:LCI(1.0.0),2,131279,PBLCI,50,Q,2015-Q3,0.6,,,,
ABS:LCI(1.0.0),2,131279,PBLCI,50,Q,2015-Q4,-0.3,,,,
ABS:LCI(1.0.0),2,131279,PBLCI,50,Q,2016-Q1,0.7,,,,
ABS:LCI(1.0.0),2,131279,PBLCI,50,Q,2016-Q2,0.2,,,,
ABS:LCI(1.0.0),2,131279,PBLCI,50,Q,2016-Q3,0.6,,,,
ABS:LCI(1.0.0),2,131279,PBLCI,50,Q,2016-Q4,-0.6,,,,
ABS:LCI(1.0.0),2,131279,PBLCI,50,Q,2017-Q1,-0.3,,,,
ABS:LCI(1.0.0),2,131279,PBLCI,50,Q,2017-Q2,0.4,,,,
ABS:LCI(1.0.0),2,131279,PBLCI,50,Q,2017-Q3,1.2,,,,
ABS:LCI(1.0.0),2,131279,PBLCI,50,Q,2017-Q4,0.1,,,,
ABS:LCI(1.0.0),2,131279,PBLCI,50,Q,2018-Q1,1.2,,,,
ABS:LCI(1.0.0),2,131279,PBLCI,50,Q,2018-Q2,-0.3,,,,
ABS:LCI(1.0.0),2,131279,PBLCI,50,Q,2018-Q3,0.7,,,,
ABS:LCI(1.0.0),2,131279,PBLCI,50,Q,2018-Q4,-0.1,,,,
ABS:LCI(1.0.0),2,131279,PBLCI,50,Q,2019-Q1,-0.7,,,,
ABS:LCI(1.0.0),2,131279,PBLCI,50,Q,2019-Q2,0,,,,
ABS:LCI(1.0.0),2,131279,PBLCI,50,Q,2019-Q3,1.1,,,,
ABS:LCI(1.0.0),2,131279,PBLCI,50,Q,2019-Q4,-0.5,,,,
ABS:LCI(1.0.0),2,131279,PBLCI,50,Q,2020-Q1,-0.2,,,,
ABS:LCI(1.0.0),2,131279,PBLCI,50,Q,2020-Q2,1.8,,,,
ABS:LCI(1.0.0),2,131279,PBLCI,50,Q,2020-Q3,-3.8,,,,
ABS:LCI(1.0.0),2,131279,PBLCI,50,Q,2020-Q4,-2.9,,,,
ABS:LCI(1.0.0),2,131279,PBLCI,50,Q,2021-Q1,-0.9,,,,
ABS:LCI(1.0.0),2,131279,PBLCI,50,Q,2021-Q2,-1.6,,,,
ABS:LCI(1.0.0),2,131279,PBLCI,50,Q,2021-Q3,1.1,,,,
ABS:LCI(1.0.0),2,131279,PBLCI,50,Q,2021-Q4,-2.6,,,,
ABS:LCI(1.0.0),2,131279,PBLCI,50,Q,2022-Q1,-1.4,,,,
ABS:LCI(1.0.0),2,131279,PBLCI,50,Q,2022-Q2,-0.9,,,,
ABS:LCI(1.0.0),2,131279,PBLCI,50,Q,2022-Q3,1,,,,
ABS:LCI(1.0.0),2,131279,PBLCI,50,Q,2022-Q4,1.9,,,,
ABS:LCI(1.0.0),2,131279,PBLCI,50,Q,2023-Q1,3,,,,
ABS:LCI(1.0.0),2,131279,PBLCI,50,Q,2023-Q2,1.5,,,,
ABS:LCI(1.0.0),2,131279,PBLCI,50,Q,2023-Q3,3.4,,,,
ABS:LCI(1.0.0),2,131279,PBLCI,50,Q,2023-Q4,2.9,,,,
ABS:LCI(1.0.0),2,131279,PBLCI,50,Q,2024-Q1,2.4,,,,
ABS:LCI(1.0.0),2,131279,PBLCI,50,Q,2024-Q2,2.1,,,,
ABS:LCI(1.0.0),2,131279,PBLCI,50,Q,2024-Q3,3.1,,,,
ABS:LCI(1.0.0),2,131279,PBLCI,50,Q,2024-Q4,0.2,,,,
ABS:LCI(1.0.0),2,131279,PBLCI,50,Q,2025-Q1,2.5,,,,
ABS:LCI(1.0.0),2,131279,PBLCI,50,Q,2025-Q2,1.2,,,,
ABS:LCI(1.0.0),2,131279,PBLCI,50,Q,2025-Q3,0.3,,,,
ABS:LCI(1.0.0),2,131279,PBLCI,50,Q,2025-Q4,-0.5,,,,
ABS:LCI(1.0.0),2,131279,PBLCI,50,Q,2026-Q1,1.4,,,,
ABS:LCI(1.0.0),2,131279,PBLCI,50,Q,2026-Q2,1.1,,,,
ABS:LCI(1.0.0),3,20004,P1,50,Q,2008-Q2,-1,,,,
ABS:LCI(1.0.0),3,20004,P1,50,Q,2008-Q3,0.7,,,,
ABS:LCI(1.0.0),3,20004,P1,50,Q,2008-Q4,0.2,,,,
ABS:LCI(1.0.0),3,20004,P1,50,Q,2009-Q1,1.7,,,,
ABS:LCI(1.0.0),3,20004,P1,50,Q,2009-Q2,2.3,,,,
ABS:LCI(1.0.0),3,20004,P1,50,Q,2009-Q3,4,,,,
ABS:LCI(1.0.0),3,20004,P1,50,Q,2009-Q4,3.7,,,,
ABS:LCI(1.0.0),3,20004,P1,50,Q,2010-Q1,1.5,,,,
ABS:LCI(1.0.0),3,20004,P1,50,Q,2010-Q2,0.1,,,,
ABS:LCI(1.0.0),3,20004,P1,50,Q,2010-Q3,0.4,,,,
ABS:LCI(1.0.0),3,20004,P1,50,Q,2010-Q4,-0.3,,,,
ABS:LCI(1.0.0),3,20004,P1,50,Q,2011-Q1,-0.4,,,,
ABS:LCI(1.0.0),3,20004,P1,50,Q,2011-Q2,0.1,,,,
ABS:LCI(1.0.0),3,20004,P1,50,Q,2011-Q3,-0.4,,,,
ABS:LCI(1.0.0),3,20004,P1,50,Q,2011-Q4,0.2,,,,
ABS:LCI(1.0.0),3,20004,P1,50,Q,2012-Q1,0.8,,,,
ABS:LCI(1.0.0),3,20004,P1,50,Q,2012-Q2,0.9,,,,
ABS:LCI(1.0.0),3,20004,P1,50,Q,2012-Q3,1.5,,,,
ABS:LCI(1.0.0),3,20004,P1,50,Q,2012-Q4,0.9,,,,
ABS:LCI(1.0.0),3,20004,P1,50,Q,2013-Q1,0.6,,,,
ABS:LCI(1.0.0),3,20004,P1,50,Q,2013-Q2,0,,,,
ABS:LCI(1.0.0),3,20004,P1,50,Q,2013-Q3,0.2,,,,
ABS:LCI(1.0.0),3,20004,P1,50,Q,2013-Q4,1.1,,,,
ABS:LCI(1.0.0),3,20004,P1,50,Q,2014-Q1,1,,,,
ABS:LCI(1.0.0),3,20004,P1,50,Q,2014-Q2,1.3,,,,
ABS:LCI(1.0.0),3,20004,P1,50,Q,2014-Q3,0.6,,,,
ABS:LCI(1.0.0),3,20004,P1,50,Q,2014-Q4,0.8,,,,
ABS:LCI(1.0.0),3,20004,P1,50,Q,2015-Q1,1.6,,,,
ABS:LCI(1.0.0),3,20004,P1,50,Q,2015-Q2,1.4,,,,
ABS:LCI(1.0.0),3,20004,P1,50,Q,2015-Q3,1.9,,,,
ABS:LCI(1.0.0),3,20004,P1,50,Q,2015-Q4,1.9,,,,
ABS:LCI(1.0.0),3,20004,P1,50,Q,2016-Q1,2.1,,,,
ABS:LCI(1.0.0),3,20004,P1,50,Q,2016-Q2,1.8,,,,
ABS:LCI(1.0.0),3,20004,P1,50,Q,2016-Q3,2.1,,,,
ABS:LCI(1.0.0),3,20004,P1,50,Q,2016-Q4,0.7,,,,
ABS:LCI(1.0.0),3,20004,P1,50,Q,2017-Q1,0,,,,
ABS:LCI(1.0.0),3,20004,P1,50,Q,2017-Q2,0,,,,
ABS:LCI(1.0.0),3,20004,P1,50,Q,2017-Q3,-0.8,,,,
ABS:LCI(1.0.0),3,20004,P1,50,Q,2017-Q4,-0.6,,,,
ABS:LCI(1.0.0),3,20004,P1,50,Q,2018-Q1,0.1,,,,
ABS:LCI(1.0.0),3,20004,P1,50,Q,2018-Q2,-0.3,,,,
ABS:LCI(1.0.0),3,20004,P1,50,Q,2018-Q3,-2.4,,,,
ABS:LCI(1.0.0),3,20004,P1,50,Q,2018-Q4,-1.2,,,,
ABS:LCI(1.0.0),3,20004,P1,50,Q,2019-Q1,-1.2,,,,
ABS:LCI(1.0.0),3,20004,P1,50,Q,2019-Q2,-0.7,,,,
ABS:LCI(1.0.0),3,20004,P1,50,Q,2019-Q3,2.1,,,,
ABS:LCI(1.0.0),3,20004,P1,50,Q,2019-Q4,1.3,,,,
ABS:LCI(1.0.0),3,20004,P1,50,Q,2020-Q1,2.4,,,,
ABS:LCI(1.0.0),3,20004,P1,50,Q,2020-Q2,-12.5,,,,
ABS:LCI(1.0.0),3,20004,P1,50,Q,2020-Q3,-1.2,,,,
ABS:LCI(1.0.0),3,20004,P1,50,Q,2020-Q4,3.6,,,,
ABS:LCI(1.0.0),3,20004,P1,50,Q,2021-Q1,2.7,,,,
ABS:LCI(1.0.0),3,20004,P1,50,Q,2021-Q2,20.5,,,,
ABS:LCI(1.0.0),3,20004,P1,50,Q,2021-Q3,7.4,,,,
ABS:LCI(1.0.0),3,20004,P1,50,Q,2021-Q4,3.6,,,,
ABS:LCI(1.0.0),3,20004,P1,50,Q,2022-Q1,4.9,,,,
ABS:LCI(1.0.0),3,20004,P1,50,Q,2022-Q2,6.1,,,,
ABS:LCI(1.0.0),3,20004,P1,50,Q,2022-Q3,7.4,,,,
ABS:LCI(1.0.0),3,20004,P1,50,Q,2022-Q4,8.1,,,,
ABS:LCI(1.0.0),3,20004,P1,50,Q,2023-Q1,6.6,,,,
ABS:LCI(1.0.0),3,20004,P1,50,Q,2023-Q2,6.4,,,,
ABS:LCI(1.0.0),3,20004,P1,50,Q,2023-Q3,2.2,,,,
ABS:LCI(1.0.0),3,20004,P1,50,Q,2023-Q4,-0.4,,,,
ABS:LCI(1.0.0),3,20004,P1,50,Q,2024-Q1,0,,,,
ABS:LCI(1.0.0),3,20004,P1,50,Q,2024-Q2,-1.2,,,,
ABS:LCI(1.0.0),3,20004,P1,50,Q,2024-Q3,1,,,,
ABS:LCI(1.0.0),3,20004,P1,50,Q,2024-Q4,1.5,,,,
ABS:LCI(1.0.0),3,20004,P1,50,Q,2025-Q1,0.8,,,,
ABS:LCI(1.0.0),3,20004,P1,50,Q,2025-Q2,0.9,,,,
ABS:LCI(1.0.0),3,20004,P1,50,Q,2025-Q3,1,,,,
ABS:LCI(1.0.0),3,20004,P1,50,Q,2025-Q4,1.5,,,,
ABS:LCI(1.0.0),3,20004,P1,50,Q,2026-Q1,2,,,,
ABS:LCI(1.0.0),3,20004,P1,50,Q,2026-Q2,1.1,,,,
ABS:LCI(1.0.0),3,115493,PBLCI,50,Q,2008-Q2,4.1,,,,
ABS:LCI(1.0.0),3,115493,PBLCI,50,Q,2008-Q3,4.8,,,,
ABS:LCI(1.0.0),3,115493,PBLCI,50,Q,2008-Q4,4.7,,,,
ABS:LCI(1.0.0),3,115493,PBLCI,50,Q,2009-Q1,5,,,,
ABS:LCI(1.0.0),3,115493,PBLCI,50,Q,2009-Q2,5,,,,
ABS:LCI(1.0.0),3,115493,PBLCI,50,Q,2009-Q3,5.6,,,,
ABS:LCI(1.0.0),3,115493,PBLCI,50,Q,2009-Q4,5.6,,,,
ABS:LCI(1.0.0),3,115493,PBLCI,50,Q,2010-Q1,5.4,,,,
ABS:LCI(1.0.0),3,115493,PBLCI,50,Q,2010-Q2,5.4,,,,
ABS:LCI(1.0.0),3,115493,PBLCI,50,Q,2010-Q3,5.5,,,,
ABS:LCI(1.0.0),3,115493,PBLCI,50,Q,2010-Q4,5.4,,,,
ABS:LCI(1.0.0),3,115493,PBLCI,50,Q,2011-Q1,5.5,,,,
ABS:LCI(1.0.0),3,115493,PBLCI,50,Q,2011-Q2,5.5,,,,
ABS:LCI(1.0.0),3,115493,PBLCI,50,Q,2011-Q3,5.5,,,,
ABS:LCI(1.0.0),3,115493,PBLCI,50,Q,2011-Q4,5.6,,,,
ABS:LCI(1.0.0),3,115493,PBLCI,50,Q,2012-Q1,6.5,,,,
ABS:LCI(1.0.0),3,115493,PBLCI,50,Q,2012-Q2,6.5,,,,
ABS:LCI(1.0.0),3,115493,PBLCI,50,Q,2012-Q3,6.6,,,,
ABS:LCI(1.0.0),3,115493,PBLCI,50,Q,2012-Q4,6.5,,,,
ABS:LCI(1.0.0),3,115493,PBLCI,50,Q,2013-Q1,5.6,,,,
ABS:LCI(1.0.0),3,115493,PBLCI,50,Q,2013-Q2,5.3,,,,
ABS:LCI(1.0.0),3,115493,PBLCI,50,Q,2013-Q3,5.2,,,,
ABS:LCI(1.0.0),3,115493,PBLCI,50,Q,2013-Q4,5.2,,,,
ABS:LCI(1.0.0),3,115493,PBLCI,50,Q,2014-Q1,5.3,,,,
ABS:LCI(1.0.0),3,115493,PBLCI,50,Q,2014-Q2,5.5,,,,
ABS:LCI(1.0.0),3,115493,PBLCI,50,Q,2014-Q3,5.6,,,,
ABS:LCI(1.0.0),3,115493,PBLCI,50,Q,2014-Q4,5.6,,,,
ABS:LCI(1.0.0),3,115493,PBLCI,50,Q,2015-Q1,5.4,,,,
ABS:LCI(1.0.0),3,115493,PBLCI,50,Q,2015-Q2,5.4,,,,
ABS:LCI(1.0.0),3,115493,PBLCI,50,Q,2015-Q3,5.5,,,,
ABS:LCI(1.0.0),3,115493,PBLCI,50,Q,2015-Q4,5.4,,,,
ABS:LCI(1.0.0),3,115493,PBLCI,50,Q,2016-Q1,4,,,,
ABS:LCI(1.0.0),3,115493,PBLCI,50,Q,2016-Q2,4,,,,
ABS:LCI(1.0.0),3,115493,PBLCI,50,Q,2016-Q3,4,,,,
ABS:LCI(1.0.0),3,115493,PBLCI,50,Q,2016-Q4,4,,,,
ABS:LCI(1.0.0),3,115493,PBLCI,50,Q,2017-Q1,3.4,,,,
ABS:LCI(1.0.0),3,115493,PBLCI,50,Q,2017-Q2,3.4,,,,
ABS:LCI(1.0.0),3,115493,PBLCI,50,Q,2017-Q3,3.3,,,,
ABS:LCI(1.0.0),3,115493,PBLCI,50,Q,2017-Q4,3.4,,,,
ABS:LCI(1.0.0),3,115493,PBLCI,50,Q,2018-Q1,3,,,,
ABS:LCI(1.0.0),3,115493,PBLCI,50,Q,2018-Q2,3.1,,,,
ABS:LCI(1.0.0),3,115493,PBLCI,50,Q,2018-Q3,2.7,,,,
ABS:LCI(1.0.0),3,115493,PBLCI,50,Q,2018-Q4,2.7,,,,
ABS:LCI(1.0.0),3,115493,PBLCI,50,Q,2019-Q1,2.7,,,,
ABS:LCI(1.0.0),3,115493,PBLCI,50,Q,2019-Q2,2.7,,,,
ABS:LCI(1.0.0),3,115493,PBLCI,50,Q,2019-Q3,3.1,,,,
ABS:LCI(1.0.0),3,115493,PBLCI,50,Q,2019-Q4,3.1,,,,
ABS:LCI(1.0.0),3,115493,PBLCI,50,Q,2020-Q1,3,,,,
ABS:LCI(1.0.0),3,115493,PBLCI,50,Q,2020-Q2,-1.7,,,,
ABS:LCI(1.0.0),3,115493,PBLCI,50,Q,2020-Q3,0.5,,,,
ABS:LCI(1.0.0),3,115493,PBLCI,50,Q,2020-Q4,2,,,,
ABS:LCI(1.0.0),3,115493,PBLCI,50,Q,2021-Q1,0.2,,,,
ABS:LCI(1.0.0),3,115493,PBLCI,50,Q,2021-Q2,5,,,,
ABS:LCI(1.0.0),3,115493,PBLCI,50,Q,2021-Q3,2.7,,,,
ABS:LCI(1.0.0),3,115493,PBLCI,50,Q,2021-Q4,1.1,,,,
ABS:LCI(1.0.0),3,115493,PBLCI,50,Q,2022-Q1,4.3,,,,
ABS:LCI(1.0.0),3,115493,PBLCI,50,Q,2022-Q2,4.3,,,,
ABS:LCI(1.0.0),3,115493,PBLCI,50,Q,2022-Q3,4.2,,,,
ABS:LCI(1.0.0),3,115493,PBLCI,50,Q,2022-Q4,4.3,,,,
ABS:LCI(1.0.0),3,115493,PBLCI,50,Q,2023-Q1,4.4,,,,
ABS:LCI(1.0.0),3,115493,PBLCI,50,Q,2023-Q2,4.1,,,,
ABS:LCI(1.0.0),3,115493,PBLCI,50,Q,2023-Q3,3.5,,,,
ABS:LCI(1.0.0),3,115493,PBLCI,50,Q,2023-Q4,3.3,,,,
ABS:LCI(1.0.0),3,115493,PBLCI,50,Q,2024-Q1,4.6,,,,
ABS:LCI(1.0.0),3,115493,PBLCI,50,Q,2024-Q2,5.1,,,,
ABS:LCI(1.0.0),3,115493,PBLCI,50,Q,2024-Q3,6.1,,,,
ABS:LCI(1.0.0),3,115493,PBLCI,50,Q,2024-Q4,6.1,,,,
ABS:LCI(1.0.0),3,115493,PBLCI,50,Q,2025-Q1,6.1,,,,
ABS:LCI(1.0.0),3,115493,PBLCI,50,Q,2025-Q2,5.9,,,,
ABS:LCI(1.0.0),3,115493,PBLCI,50,Q,2025-Q3,5.6,,,,
ABS:LCI(1.0.0),3,115493,PBLCI,50,Q,2025-Q4,5.8,,,,
ABS:LCI(1.0.0),3,115493,PBLCI,50,Q,2026-Q1,3.7,,,,
ABS:LCI(1.0.0),3,115493,PBLCI,50,Q,2026-Q2,5.5,,,,
ABS:LCI(1.0.0),3,131279,P1,50,Q,1999-Q2,-4.7,,,,
ABS:LCI(1.0.0),3,131279,P1,50,Q,1999-Q3,-5.1,,,,
ABS:LCI(1.0.0),3,131279,P1,50,Q,1999-Q4,-4,,,,
ABS:LCI(1.0.0),3,131279,P1,50,Q,2000-Q1,-3,,,,
ABS:LCI(1.0.0),3,131279,P1,50,Q,2000-Q2,-3.8,,,,
ABS:LCI(1.0.0),3,131279,P1,50,Q,2000-Q3,1.5,,,,
ABS:LCI(1.0.0),3,131279,P1,50,Q,2000-Q4,3.5,,,,
ABS:LCI(1.0.0),3,131279,P1,50,Q,2001-Q1,3.7,,,,
ABS:LCI(1.0.0),3,131279,P1,50,Q,2001-Q2,5.7,,,,
ABS:LCI(1.0.0),3,131279,P1,50,Q,2001-Q3,1.1,,,,
ABS:LCI(1.0.0),3,131279,P1,50,Q,2001-Q4,-1.9,,,,
ABS:LCI(1.0.0),3,131279,P1,50,Q,2002-Q1,0.4,,,,
ABS:LCI(1.0.0),3,131279,P1,50,Q,2002-Q2,-0.6,,,,
ABS:LCI(1.0.0),3,131279,P1,50,Q,2002-Q3,0.8,,,,
ABS:LCI(1.0.0),3,131279,P1,50,Q,2002-Q4,1.7,,,,
ABS:LCI(1.0.0),3,131279,P1,50,Q,2003-Q1,0.4,,,,
ABS:LCI(1.0.0),3,131279,P1,50,Q,2003-Q2,3.1,,,,
ABS:LCI(1.0.0),3,131279,P1,50,Q,2003-Q3,3,,,,
ABS:LCI(1.0.0),3,131279,P1,50,Q,2003-Q4,3.1,,,,
ABS:LCI(1.0.0),3,131279,P1,50,Q,2004-Q1,2.8,,,,
ABS:LCI(1.0.0),3,131279,P1,50,Q,2004-Q2,2.9,,,,
ABS:LCI(1.0.0),3,131279,P1,50,Q,2004-Q3,5.2,,,,
ABS:LCI(1.0.0),3,131279,P1,50,Q,2004-Q4,5.3,,,,
ABS:LCI(1.0.0),3,131279,P1,50,Q,2005-Q1,5.7,,,,
ABS:LCI(1.0.0),3,131279,P1,50,Q,2005-Q2,5,,,,
ABS:LCI(1.0.0),3,131279,P1,50,Q,2005-Q3,2.7,,,,
ABS:LCI(1.0.0),3,131279,P1,50,Q,2005-Q4,1.2,,,,
ABS:LCI(1.0.0),3,131279,P1,50,Q,2006-Q1,0.8,,,,
ABS:LCI(1.0.0),3,131279,P1,50,Q,2006-Q2,1.5,,,,
ABS:LCI(1.0.0),3,131279,P1,50,Q,2006-Q3,2.6,,,,
ABS:LCI(1.0.0),3,131279,P1,50,Q,2006-Q4,5.4,,,,
ABS:LCI(1.0.0),3,131279,P1,50,Q,2007-Q1,6.4,,,,
ABS:LCI(1.0.0),3,131279,P1,50,Q,2007-Q2,5.2,,,,
ABS:LCI(1.0.0),3,131279,P1,50,Q,2007-Q3,6.6,,,,
ABS:LCI(1.0.0),3,131279,P1,50,Q,2007-Q4,7,,,,
ABS:LCI(1.0.0),3,131279,P1,50,Q,2008-Q1,9,,,,
ABS:LCI(1.0.0),3,131279,P1,50,Q,2008-Q2,11.2,,,,
ABS:LCI(1.0.0),3,131279,P1,50,Q,2008-Q3,11.3,,,,
ABS:LCI(1.0.0),3,131279,P1,50,Q,2008-Q4,14.6,,,,
ABS:LCI(1.0.0),3,131279,P1,50,Q,2009-Q1,6.2,,,,
ABS:LCI(1.0.0),3,131279,P1,50,Q,2009-Q2,1.2,,,,
ABS:LCI(1.0.0),3,131279,P1,50,Q,2009-Q3,-1.9,,,,
ABS:LCI(1.0.0),3,131279,P1,50,Q,2009-Q4,-4.5,,,,
ABS:LCI(1.0.0),3,131279,P1,50,Q,2010-Q1,3.3,,,,
ABS:LCI(1.0.0),3,131279,P1,50,Q,2010-Q2,8.7,,,,
ABS:LCI(1.0.0),3,131279,P1,50,Q,2010-Q3,10.9,,,,
ABS:LCI(1.0.0),3,131279,P1,50,Q,2010-Q4,11,,,,
ABS:LCI(1.0.0),3,131279,P1,50,Q,2011-Q1,9.1,,,,
ABS:LCI(1.0.0),3,131279,P1,50,Q,2011-Q2,7.3,,,,
ABS:LCI(1.0.0),3,131279,P1,50,Q,2011-Q3,7.6,,,,
ABS:LCI(1.0.0),3,131279,P1,50,Q,2011-Q4,5.4,,,,
ABS:LCI(1.0.0),3,131279,P1,50,Q,2012-Q1,2.7,,,,
ABS:LCI(1.0.0),3,131279,P1,50,Q,2012-Q2,2,,,,
ABS:LCI(1.0.0),3,131279,P1,50,Q,2012-Q3,-1.3,,,,
ABS:LCI(1.0.0),3,131279,P1,50,Q,2012-Q4,-1.9,,,,
ABS:LCI(1.0.0),3,131279,P1,50,Q,2013-Q1,-1.1,,,,
ABS:LCI(1.0.0),3,131279,P1,50,Q,2013-Q2,-2.7,,,,
ABS:LCI(1.0.0),3,131279,P1,50,Q,2013-Q3,-1,,,,
ABS:LCI(1.0.0),3,131279,P1,50,Q,2013-Q4,-1.2,,,,
ABS:LCI(1.0.0),3,131279,P1,50,Q,2014-Q1,-0.2,,,,
ABS:LCI(1.0.0),3,131279,P1,50,Q,2014-Q2,0.1,,,,
ABS:LCI(1.0.0),3,131279,P1,50,Q,2014-Q3,0.1,,,,
ABS:LCI(1.0.0),3,131279,P1,50,Q,2014-Q4,-0.2,,,,
ABS:LCI(1.0.0),3,131279,P1,50,Q,2015-Q1,-0.6,,,,
ABS:LCI(1.0.0),3,131279,P1,50,Q,2015-Q2,-0.6,,,,
ABS:LCI(1.0.0),3,131279,P1,50,Q,2015-Q3,-0.9,,,,
ABS:LCI(1.0.0),3,131279,P1,50,Q,2015-Q4,-0.4,,,,
ABS:LCI(1.0.0),3,131279,P1,50,Q,2016-Q1,-0.2,,,,
ABS:LCI(1.0.0),3,131279,P1,50,Q,2016-Q2,1.2,,,,
ABS:LCI(1.0.0),3,131279,P1,50,Q,2016-Q3,1.2,,,,
ABS:LCI(1.0.0),3,131279,P1,50,Q,2016-Q4,1,,,,
ABS:LCI(1.0.0),3,131279,P1,50,Q,2017-Q1,-0.1,,,,
ABS:LCI(1.0.0),3,131279,P1,50,Q,2017-Q2,0.1,,,,
ABS:LCI(1.0.0),3,131279,P1,50,Q,2017-Q3,0.7,,,,
ABS:LCI(1.0.0),3,131279,P1,50,Q,2017-Q4,1.4,,,,
ABS:LCI(1.0.0),3,131279,P1,50,Q,2018-Q1,2.9,,,,
ABS:LCI(1.0.0),3,131279,P1,50,Q,2018-Q2,2.2,,,,
ABS:LCI(1.0.0),3,131279,P1,50,Q,2018-Q3,1.7,,,,
ABS:LCI(1.0.0),3,131279,P1,50,Q,2018-Q4,1.6,,,,
ABS:LCI(1.0.0),3,131279,P1,50,Q,2019-Q1,-0.4,,,,
ABS:LCI(1.0.0),3,131279,P1,50,Q,2019-Q2,0,,,,
ABS:LCI(1.0.0),3,131279,P1,50,Q,2019-Q3,0.3,,,,
ABS:LCI(1.0.0),3,131279,P1,50,Q,2019-Q4,-0.2,,,,
ABS:LCI(1.0.0),3,131279,P1,50,Q,2020-Q1,0.4,,,,
ABS:LCI(1.0.0),3,131279,P1,50,Q,2020-Q2,2.2,,,,
ABS:LCI(1.0.0),3,131279,P1,50,Q,2020-Q3,-2.8,,,,
ABS:LCI(1.0.0),3,131279,P1,50,Q,2020-Q4,-5.1,,,,
ABS:LCI(1.0.0),3,131279,P1,50,Q,2021-Q1,-5.7,,,,
ABS:LCI(1.0.0),3,131279,P1,50,Q,2021-Q2,-8.9,,,,
ABS:LCI(1.0.0),3,131279,P1,50,Q,2021-Q3,-4.2,,,,
ABS:LCI(1.0.0),3,131279,P1,50,Q,2021-Q4,-3.9,,,,
ABS:LCI(1.0.0),3,131279,P1,50,Q,2022-Q1,-4.4,,,,
ABS:LCI(1.0.0),3,131279,P1,50,Q,2022-Q2,-3.8,,,,
ABS:LCI(1.0.0),3,131279,P1,50,Q,2022-Q3,-3.8,,,,
ABS:LCI(1.0.0),3,131279,P1,50,Q,2022-Q4,0.6,,,,
ABS:LCI(1.0.0),3,131279,P1,50,Q,2023-Q1,5,,,,
ABS:LCI(1.0.0),3,131279,P1,50,Q,2023-Q2,7.5,,,,
ABS:LCI(1.0.0),3,131279,P1,50,Q,2023-Q3,10.1,,,,
ABS:LCI(1.0.0),3,131279,P1,50,Q,2023-Q4,11.2,,,,
ABS:LCI(1.0.0),3,131279,P1,50,Q,2024-Q1,10.5,,,,
ABS:LCI(1.0.0),3,131279,P1,50,Q,2024-Q2,11.2,,,,
ABS:LCI(1.0.0),3,131279,P1,50,Q,2024-Q3,10.9,,,,
ABS:LCI(1.0.0),3,131279,P1,50,Q,2024-Q4,8.1,,,,
ABS:LCI(1.0.0),3,131279,P1,50,Q,2025-Q1,8.3,,,,
ABS:LCI(1.0.0),3,131279,P1,50,Q,2025-Q2,7.3,,,,
ABS:LCI(1.0.0),3,131279,P1,50,Q,2025-Q3,4.4,,,,
ABS:LCI(1.0.0),3,131279,P1,50,Q,2025-Q4,3.6,,,,
ABS:LCI(1.0.0),3,131279,P1,50,Q,2026-Q1,2.4,,,,
ABS:LCI(1.0.0),3,131279,P1,50,Q,2026-Q2,2.4,,,,
ABS:LCI(1.0.0),4,115486,P3,50,Q,2025-Q4,4.3,,,,
ABS:LCI(1.0.0),4,115486,P3,50,Q,2026-Q1,4.68,,,,
ABS:LCI(1.0.0),4,115486,P3,50,Q,2026-Q2,4.64,,,,
ABS:LCI(1.0.0),4,115488,PBLCI,50,Q,2025-Q4,2.82,,,,
ABS:LCI(1.0.0),4,115488,PBLCI,50,Q,2026-Q1,2.83,,,,
ABS:LCI(1.0.0),4,115488,PBLCI,50,Q,2026-Q2,2.84,,,,
ABS:LCI(1.0.0),4,115488,P4,50,Q,2025-Q4,2.34,,,,
ABS:LCI(1.0.0),4,115488,P4,50,Q,2026-Q1,2.35,,,,
ABS:LCI(1.0.0),4,115488,P4,50,Q,2026-Q2,2.37,,,,
ABS:LCI(1.0.0),4,126670,P3,50,Q,2025-Q4,8.91,,,,
ABS:LCI(1.0.0),4,126670,P3,50,Q,2026-Q1,9.08,,,,
ABS:LCI(1.0.0),4,126670,P3,50,Q,2026-Q2,9.51,,,,
ABS:LCI(1.0.0),5,10001,PBLCI,50,Q,2025-Q4,0.13,,,,
ABS:LCI(1.0.0),5,10001,PBLCI,50,Q,2026-Q1,2.52,,,,
ABS:LCI(1.0.0),5,10001,PBLCI,50,Q,2026-Q2,0.66,,,,
ABS:LCI(1.0.0),5,20002,P4,50,Q,2025-Q4,-0.01,,,,
ABS:LCI(1.0.0),5,20002,P4,50,Q,2026-Q1,0.06,,,,
ABS:LCI(1.0.0),5,20002,P4,50,Q,2026-Q2,0.03,,,,
ABS:LCI(1.0.0),5,115486,P4,50,Q,2025-Q4,-0.07,,,,
ABS:LCI(1.0.0),5,115486,P4,50,Q,2026-Q1,0.33,,,,
ABS:LCI(1.0.0),5,115486,P4,50,Q,2026-Q2,0.26,,,,
ABS:LCI(1.0.0),5,115528,P2,50,Q,2025-Q4,0.06,,,,
ABS:LCI(1.0.0),5,115528,P2,50,Q,2026-Q1,0.13,,,,
ABS:LCI(1.0.0),5,115528,P2,50,Q,2026-Q2,0.09,,,,
ABS:LCI(1.0.0),5,131278,PBLCI,50,Q,2025-Q4,-0.08,,,,
ABS:LCI(1.0.0),5,131278,PBLCI,50,Q,2026-Q1,0.05,,,,
ABS:LCI(1.0.0),5,131278,PBLCI,50,Q,2026-Q2,0.25,,,,
ABS:LCI(1.0.0),1,20006,PBLCI,50,Q,2007-Q2,27.53,,,,
ABS:LCI(1.0.0),1,20006,PBLCI,50,Q,2007-Q3,27.69,,,,
ABS:LCI(1.0.0),1,20006,PBLCI,50,Q,2007-Q4,28.03,,,,
ABS:LCI(1.0.0),1,20006,PBLCI,50,Q,2008-Q1,28.3,,,,
ABS:LCI(1.0.0),1,20006,PBLCI,50,Q,2008-Q2,28.8,,,,
ABS:LCI(1.0.0),1,20006,PBLCI,50,Q,2008-Q3,29.26,,,,
ABS:LCI(1.0.0),1,20006,PBLCI,50,Q,2008-Q4,29.68,,,,
ABS:LCI(1.0.0),1,20006,PBLCI,50,Q,2009-Q1,30.03,,,,
ABS:LCI(1.0.0),1,20006,PBLCI,50,Q,2009-Q2,30.34,,,,
ABS:LCI(1.0.0),1,20006,PBLCI,50,Q,2009-Q3,30.51,,,,
ABS:LCI(1.0.0),1,20006,PBLCI,50,Q,2009-Q4,30.62,,,,
ABS:LCI(1.0.0),1,20006,PBLCI,50,Q,2010-Q1,31.06,,,,
ABS:LCI(1.0.0),1,20006,PBLCI,50,Q,2010-Q2,33.59,,,,
ABS:LCI(1.0.0),1,20006,PBLCI,50,Q,2010-Q3,34.95,,,,
ABS:LCI(1.0.0),1,20006,PBLCI,50,Q,2010-Q4,35.26,,,,
ABS:LCI(1.0.0),1,20006,PBLCI,50,Q,2011-Q1,35.72,,,,
ABS:LCI(1.0.0),1,20006,PBLCI,50,Q,2011-Q2,36.04,,,,
ABS:LCI(1.0.0),1,20006,PBLCI,50,Q,2011-Q3,36.35,,,,
ABS:LCI(1.0.0),1,20006,PBLCI,50,Q,2011-Q4,36.67,,,,
ABS:LCI(1.0.0),1,20006,PBLCI,50,Q,2012-Q1,37.25,,,,
ABS:LCI(1.0.0),1,20006,PBLCI,50,Q,2012-Q2,37.69,,,,
ABS:LCI(1.0.0),1,20006,PBLCI,50,Q,2012-Q3,38.04,,,,
ABS:LCI(1.0.0),1,20006,PBLCI,50,Q,2012-Q4,38.18,,,,
ABS:LCI(1.0.0),1,20006,PBLCI,50,Q,2013-Q1,39.01,,,,
ABS:LCI(1.0.0),1,20006,PBLCI,50,Q,2013-Q2,39.73,,,,
ABS:LCI(1.0.0),1,20006,PBLCI,50,Q,2013-Q3,40.1,,,,
ABS:LCI(1.0.0),1,20006,PBLCI,50,Q,2013-Q4,40.82,,,,
ABS:LCI(1.0.0),1,20006,PBLCI,50,Q,2014-Q1,42.43,,,,
ABS:LCI(1.0.0),1,20006,PBLCI,50,Q,2014-Q2,43.27,,,,
ABS:LCI(1.0.0),1,20006,PBLCI,50,Q,2014-Q3,43.88,,,,
ABS:LCI(1.0.0),1,20006,PBLCI,50,Q,2014-Q4,45.01,,,,
ABS:LCI(1.0.0),1,20006,PBLCI,50,Q,2015-Q1,45.38,,,,
ABS:LCI(1.0.0),1,20006,PBLCI,50,Q,2015-Q2,46.1,,,,
ABS:LCI(1.0.0),1,20006,PBLCI,50,Q,2015-Q3,46.79,,,,
ABS:LCI(1.0.0),1,20006,PBLCI,50,Q,2015-Q4,48.72,,,,
ABS:LCI(1.0.0),1,20006,PBLCI,50,Q,2016-Q1,49.14,,,,
ABS:LCI(1.0.0),1,20006,PBLCI,50,Q,2016-Q2,49.8,,,,
ABS:LCI(1.0.0),1,20006,PBLCI,50,Q,2016-Q3,50.56,,,,
ABS:LCI(1.0.0),1,20006,PBLCI,50,Q,2016-Q4,52.71,,,,
ABS:LCI(1.0.0),1,20006,PBLCI,50,Q,2017-Q1,53.27,,,,
ABS:LCI(1.0.0),1,20006,PBLCI,50,Q,2017-Q2,53.72,,,,
ABS:LCI(1.0.0),1,20006,PBLCI,50,Q,2017-Q3,55.21,,,,
ABS:LCI(1.0.0),1,20006,PBLCI,50,Q,2017-Q4,57.9,,,,
ABS:LCI(1.0.0),1,20006,PBLCI,50,Q,2018-Q1,58.29,,,,
ABS:LCI(1.0.0),1,20006,PBLCI,50,Q,2018-Q2,59.39,,,,
ABS:LCI(1.0.0),1,20006,PBLCI,50,Q,2018-Q3,60.24,,,,
ABS:LCI(1.0.0),1,20006,PBLCI,50,Q,2018-Q4,63.32,,,,
ABS:LCI(1.0.0),1,20006,PBLCI,50,Q,2019-Q1,63.34,,,,
ABS:LCI(1.0.0),1,20006,PBLCI,50,Q,2019-Q2,64.29,,,,
ABS:LCI(1.0.0),1,20006,PBLCI,50,Q,2019-Q3,65.85,,,,
ABS:LCI(1.0.0),1,20006,PBLCI,50,Q,2019-Q4,69.01,,,,
ABS:LCI(1.0.0),1,20006,PBLCI,50,Q,2020-Q1,70.22,,,,
ABS:LCI(1.0.0),1,20006,PBLCI,50,Q,2020-Q2,71.57,,,,
ABS:LCI(1.0.0),1,20006,PBLCI,50,Q,2020-Q3,73.1,,,,
ABS:LCI(1.0.0),1,20006,PBLCI,50,Q,2020-Q4,77.77,,,,
ABS:LCI(1.0.0),1,20006,PBLCI,50,Q,2021-Q1,77.8,,,,
ABS:LCI(1.0.0),1,20006,PBLCI,50,Q,2021-Q2,78.14,,,,
ABS:LCI(1.0.0),1,20006,PBLCI,50,Q,2021-Q3,77.64,,,,
ABS:LCI(1.0.0),1,20006,PBLCI,50,Q,2021-Q4,78.65,,,,
ABS:LCI(1.0.0),1,20006,PBLCI,50,Q,2022-Q1,79.51,,,,
ABS:LCI(1.0.0),1,20006,PBLCI,50,Q,2022-Q2,80.18,,,,
ABS:LCI(1.0.0),1,20006,PBLCI,50,Q,2022-Q3,81.13,,,,
ABS:LCI(1.0.0),1,20006,PBLCI,50,Q,2022-Q4,82.2,,,,
ABS:LCI(1.0.0),1,20006,PBLCI,50,Q,2023-Q1,83.06,,,,
ABS:LCI(1.0.0),1,20006,PBLCI,50,Q,2023-Q2,83.95,,,,
ABS:LCI(1.0.0),1,20006,PBLCI,50,Q,2023-Q3,85.26,,,,
ABS:LCI(1.0.0),1,20006,PBLCI,50,Q,2023-Q4,88.71,,,,
ABS:LCI(1.0.0),1,20006,PBLCI,50,Q,2024-Q1,89.57,,,,
ABS:LCI(1.0.0),1,20006,PBLCI,50,Q,2024-Q2,91.26,,,,
ABS:LCI(1.0.0),1,20006,PBLCI,50,Q,2024-Q3,92.59,,,,
ABS:LCI(1.0.0),1,20006,PBLCI,50,Q,2024-Q4,95.75,,,,
ABS:LCI(1.0.0),1,20006,PBLCI,50,Q,2025-Q1,97.03,,,,
ABS:LCI(1.0.0),1,20006,PBLCI,50,Q,2025-Q2,98.03,,,,
ABS:LCI(1.0.0),1,20006,PBLCI,50,Q,2025-Q3,100,,,,
ABS:LCI(1.0.0),1,20006,PBLCI,50,Q,2025-Q4,102.03,,,,
ABS:LCI(1.0.0),1,20006,PBLCI,50,Q,2026-Q1,103.24,,,,
ABS:LCI(1.0.0),1,20006,PBLCI,50,Q,2026-Q2,104.11,,,,
ABS:LCI(1.0.0),1,115489,P4,50,Q,2007-Q2,71.89,,,,
ABS:LCI(1.0.0),1,115489,P4,50,Q,2007-Q3,73.15,,,,
ABS:LCI(1.0.0),1,115489,P4,50,Q,2007-Q4,74.15,,,,
ABS:LCI(1.0.0),1,115489,P4,50,Q,2008-Q1,73.85,,,,
ABS:LCI(1.0.0),1,115489,P4,50,Q,2008-Q2,73.71,,,,
ABS:LCI(1.0.0),1,115489,P4,50,Q,2008-Q3,75.18,,,,
ABS:LCI(1.0.0),1,115489,P4,50,Q,2008-Q4,75.91,,,,
ABS:LCI(1.0.0),1,115489,P4,50,Q,2009-Q1,74.25,,,,
ABS:LCI(1.0.0),1,115489,P4,50,Q,2009-Q2,74,,,,
ABS:LCI(1.0.0),1,115489,P4,50,Q,2009-Q3,74.43,,,,
ABS:LCI(1.0.0),1,115489,P4,50,Q,2009-Q4,76.23,,,,
ABS:LCI(1.0.0),1,115489,P4,50,Q,2010-Q1,75.31,,,,
ABS:LCI(1.0.0),1,115489,P4,50,Q,2010-Q2,73.58,,,,
ABS:LCI(1.0.0),1,115489,P4,50,Q,2010-Q3,74.29,,,,
ABS:LCI(1.0.0),1,115489,P4,50,Q,2010-Q4,74.7,,,,
ABS:LCI(1.0.0),1,115489,P4,50,Q,2011-Q1,74.09,,,,
ABS:LCI(1.0.0),1,115489,P4,50,Q,2011-Q2,73.52,,,,
ABS:LCI(1.0.0),1,115489,P4,50,Q,2011-Q3,74.65,,,,
ABS:LCI(1.0.0),1,115489,P4,50,Q,2011-Q4,75.81,,,,
ABS:LCI(1.0.0),1,115489,P4,50,Q,2012-Q1,74.2,,,,
ABS:LCI(1.0.0),1,115489,P4,50,Q,2012-Q2,73.09,,,,
ABS:LCI(1.0.0),1,115489,P4,50,Q,2012-Q3,74.06,,,,
ABS:LCI(1.0.0),1,115489,P4,50,Q,2012-Q4,75.03,,,,
ABS:LCI(1.0.0),1,115489,P4,50,Q,2013-Q1,74.42,,,,
ABS:LCI(1.0.0),1,115489,P4,50,Q,2013-Q2,73.56,,,,
ABS:LCI(1.0.0),1,115489,P4,50,Q,2013-Q3,75.57,,,,
ABS:LCI(1.0.0),1,115489,P4,50,Q,2013-Q4,77.76,,,,
ABS:LCI(1.0.0),1,115489,P4,50,Q,2014-Q1,77.01,,,,
ABS:LCI(1.0.0),1,115489,P4,50,Q,2014-Q2,76.81,,,,
ABS:LCI(1.0.0),1,115489,P4,50,Q,2014-Q3,77.25,,,,
ABS:LCI(1.0.0),1,115489,P4,50,Q,2014-Q4,78.82,,,,
ABS:LCI(1.0.0),1,115489,P4,50,Q,2015-Q1,79.42,,,,
ABS:LCI(1.0.0),1,115489,P4,50,Q,2015-Q2,77.88,,,,
ABS:LCI(1.0.0),1,115489,P4,50,Q,2015-Q3,78.62,,,,
ABS:LCI(1.0.0),1,115489,P4,50,Q,2015-Q4,80.57,,,,
ABS:LCI(1.0.0),1,115489,P4,50,Q,2016-Q1,79.69,,,,
ABS:LCI(1.0.0),1,115489,P4,50,Q,2016-Q2,78.87,,,,
ABS:LCI(1.0.0),1,115489,P4,50,Q,2016-Q3,79.41,,,,
ABS:LCI(1.0.0),1,115489,P4,50,Q,2016-Q4,80.2,,,,
ABS:LCI(1.0.0),1,115489,P4,50,Q,2017-Q1,79.47,,,,
ABS:LCI(1.0.0),1,115489,P4,50,Q,2017-Q2,78.84,,,,
ABS:LCI(1.0.0),1,115489,P4,50,Q,2017-Q3,79.9,,,,
ABS:LCI(1.0.0),1,115489,P4,50,Q,2017-Q4,80.58,,,,
ABS:LCI(1.0.0),1,115489,P4,50,Q,2018-Q1,80.14,,,,
ABS:LCI(1.0.0),1,115489,P4,50,Q,2018-Q2,79.9,,,,
ABS:LCI(1.0.0),1,115489,P4,50,Q,2018-Q3,81.66,,,,
ABS:LCI(1.0.0),1,115489,P4,50,Q,2018-Q4,82.84,,,,
ABS:LCI(1.0.0),1,115489,P4,50,Q,2019-Q1,81.35,,,,
ABS:LCI(1.0.0),1,115489,P4,50,Q,2019-Q2,81.84,,,,
ABS:LCI(1.0.0),1,115489,P4,50,Q,2019-Q3,83.76,,,,
ABS:LCI(1.0.0),1,115489,P4,50,Q,2019-Q4,84.57,,,,
ABS:LCI(1.0.0),1,115489,P4,50,Q,2020-Q1,82.85,,,,
ABS:LCI(1.0.0),1,115489,P4,50,Q,2020-Q2,82.7,,,,
ABS:LCI(1.0.0),1,115489,P4,50,Q,2020-Q3,83.18,,,,
ABS:LCI(1.0.0),1,115489,P4,50,Q,2020-Q4,85.1,,,,
ABS:LCI(1.0.0),1,115489,P4,50,Q,2021-Q1,84.96,,,,
ABS:LCI(1.0.0),1,115489,P4,50,Q,2021-Q2,84.82,,,,
ABS:LCI(1.0.0),1,115489,P4,50,Q,2021-Q3,85.4,,,,
ABS:LCI(1.0.0),1,115489,P4,50,Q,2021-Q4,87.18,,,,
ABS:LCI(1.0.0),1,115489,P4,50,Q,2022-Q1,87.65,,,,
ABS:LCI(1.0.0),1,115489,P4,50,Q,2022-Q2,88.87,,,,
ABS:LCI(1.0.0),1,115489,P4,50,Q,2022-Q3,90.65,,,,
ABS:LCI(1.0.0),1,115489,P4,50,Q,2022-Q4,96.68,,,,
ABS:LCI(1.0.0),1,115489,P4,50,Q,2023-Q1,96.48,,,,
ABS:LCI(1.0.0),1,115489,P4,50,Q,2023-Q2,96.08,,,,
ABS:LCI(1.0.0),1,115489,P4,50,Q,2023-Q3,96,,,,
ABS:LCI(1.0.0),1,115489,P4,50,Q,2023-Q4,96.39,,,,
ABS:LCI(1.0.0),1,115489,P4,50,Q,2024-Q1,95.64,,,,
ABS:LCI(1.0.0),1,115489,P4,50,Q,2024-Q2,96.57,,,,
ABS:LCI(1.0.0),1,115489,P4,50,Q,2024-Q3,97.81,,,,
ABS:LCI(1.0.0),1,115489,P4,50,Q,2024-Q4,99.69,,,,
ABS:LCI(1.0.0),1,115489,P4,50,Q,2025-Q1,97.31,,,,
ABS:LCI(1.0.0),1,115489,P4,50,Q,2025-Q2,97.86,,,,
ABS:LCI(1.0.0),1,115489,P4,50,Q,2025-Q3,100,,,,
ABS:LCI(1.0.0),1,115489,P4,50,Q,2025-Q4,103.05,,,,
ABS:LCI(1.0.0),1,115489,P4,50,Q,2026-Q1,100.68,,,,
ABS:LCI(1.0.0),1,115489,P4,50,Q,2026-Q2,100.34,,,,
ABS:LCI(1.0.0),1,126670,P3,50,Q,2007-Q2,52.09,,,,
ABS:LCI(1.0.0),1,126670,P3,50,Q,2007-Q3,53.6,,,,
ABS:LCI(1.0.0),1,126670,P3,50,Q,2007-Q4,54.6,,,,
ABS:LCI(1.0.0),1,126670,P3,50,Q,2008-Q1,57.03,,,,
ABS:LCI(1.0.0),1,126670,P3,50,Q,2008-Q2,59.96,,,,
ABS:LCI(1.0.0),1,126670,P3,50,Q,2008-Q3,61.74,,,,
ABS:LCI(1.0.0),1,126670,P3,50,Q,2008-Q4,61.67,,,,
ABS:LCI(1.0.0),1,126670,P3,50,Q,2009-Q1,59.2,,,,
ABS:LCI(1.0.0),1,126670,P3,50,Q,2009-Q2,53.75,,,,
ABS:LCI(1.0.0),1,126670,P3,50,Q,2009-Q3,54.53,,,,
ABS:LCI(1.0.0),1,126670,P3,50,Q,2009-Q4,55.73,,,,
ABS:LCI(1.0.0),1,126670,P3,50,Q,2010-Q1,58.6,,,,
ABS:LCI(1.0.0),1,126670,P3,50,Q,2010-Q2,60.87,,,,
ABS:LCI(1.0.0),1,126670,P3,50,Q,2010-Q3,63,,,,
ABS:LCI(1.0.0),1,126670,P3,50,Q,2010-Q4,63.97,,,,
ABS:LCI(1.0.0),1,126670,P3,50,Q,2011-Q1,65.58,,,,
ABS:LCI(1.0.0),1,126670,P3,50,Q,2011-Q2,66.38,,,,
ABS:LCI(1.0.0),1,126670,P3,50,Q,2011-Q3,66.81,,,,
ABS:LCI(1.0.0),1,126670,P3,50,Q,2011-Q4,67.18,,,,
ABS:LCI(1.0.0),1,126670,P3,50,Q,2012-Q1,65.68,,,,
ABS:LCI(1.0.0),1,126670,P3,50,Q,2012-Q2,65.64,,,,
ABS:LCI(1.0.0),1,126670,P3,50,Q,2012-Q3,63.73,,,,
ABS:LCI(1.0.0),1,126670,P3,50,Q,2012-Q4,63.44,,,,
ABS:LCI(1.0.0),1,126670,P3,50,Q,2013-Q1,62.66,,,,
ABS:LCI(1.0.0),1,126670,P3,50,Q,2013-Q2,62.13,,,,
ABS:LCI(1.0.0),1,126670,P3,50,Q,2013-Q3,60.9,,,,
ABS:LCI(1.0.0),1,126670,P3,50,Q,2013-Q4,59.94,,,,
ABS:LCI(1.0.0),1,126670,P3,50,Q,2014-Q1,60.35,,,,
ABS:LCI(1.0.0),1,126670,P3,50,Q,2014-Q2,60.23,,,,
ABS:LCI(1.0.0),1,126670,P3,50,Q,2014-Q3,60.63,,,,
ABS:LCI(1.0.0),1,126670,P3,50,Q,2014-Q4,61.05,,,,
ABS:LCI(1.0.0),1,126670,P3,50,Q,2015-Q1,61.12,,,,
ABS:LCI(1.0.0),1,126670,P3,50,Q,2015-Q2,60.15,,,,
ABS:LCI(1.0.0),1,126670,P3,50,Q,2015-Q3,59.83,,,,
ABS:LCI(1.0.0),1,126670,P3,50,Q,2015-Q4,60.47,,,,
ABS:LCI(1.0.0),1,126670,P3,50,Q,2016-Q1,61.65,,,,
ABS:LCI(1.0.0),1,126670,P3,50,Q,2016-Q2,61.83,,,,
ABS:LCI(1.0.0),1,126670,P3,50,Q,2016-Q3,61.53,,,,
ABS:LCI(1.0.0),1,126670,P3,50,Q,2016-Q4,60.97,,,,
ABS:LCI(1.0.0),1,126670,P3,50,Q,2017-Q1,61.71,,,,
ABS:LCI(1.0.0),1,126670,P3,50,Q,2017-Q2,61.66,,,,
ABS:LCI(1.0.0),1,126670,P3,50,Q,2017-Q3,62.6,,,,
ABS:LCI(1.0.0),1,126670,P3,50,Q,2017-Q4,63.16,,,,
ABS:LCI(1.0.0),1,126670,P3,50,Q,2018-Q1,63.5,,,,
ABS:LCI(1.0.0),1,126670,P3,50,Q,2018-Q2,63.83,,,,
ABS:LCI(1.0.0),1,126670,P3,50,Q,2018-Q3,64.3,,,,
ABS:LCI(1.0.0),1,126670,P3,50,Q,2018-Q4,64.88,,,,
ABS:LCI(1.0.0),1,126670,P3,50,Q,2019-Q1,64.86,,,,
ABS:LCI(1.0.0),1,126670,P3,50,Q,2019-Q2,64.88,,,,
ABS:LCI(1.0.0),1,126670,P3,50,Q,2019-Q3,62.99,,,,
ABS:LCI(1.0.0),1,126670,P3,50,Q,2019-Q4,61.93,,,,
ABS:LCI(1.0.0),1,126670,P3,50,Q,2020-Q1,61.6,,,,
ABS:LCI(1.0.0),1,126670,P3,50,Q,2020-Q2,60.82,,,,
ABS:LCI(1.0.0),1,126670,P3,50,Q,2020-Q3,59.33,,,,
ABS:LCI(1.0.0),1,126670,P3,50,Q,2020-Q4,58.93,,,,
ABS:LCI(1.0.0),1,126670,P3,50,Q,2021-Q1,58.45,,,,
ABS:LCI(1.0.0),1,126670,P3,50,Q,2021-Q2,58.47,,,,
ABS:LCI(1.0.0),1,126670,P3,50,Q,2021-Q3,58.72,,,,
ABS:LCI(1.0.0),1,126670,P3,50,Q,2021-Q4,58.71,,,,
ABS:LCI(1.0.0),1,126670,P3,50,Q,2022-Q1,59.16,,,,
ABS:LCI(1.0.0),1,126670,P3,50,Q,2022-Q2,59.77,,,,
ABS:LCI(1.0.0),1,126670,P3,50,Q,2022-Q3,64.71,,,,
ABS:LCI(1.0.0),1,126670,P3,50,Q,2022-Q4,71.36,,,,
ABS:LCI(1.0.0),1,126670,P3,50,Q,2023-Q1,75.98,,,,
ABS:LCI(1.0.0),1,126670,P3,50,Q,2023-Q2,81.02,,,,
ABS:LCI(1.0.0),1,126670,P3,50,Q,2023-Q3,85.49,,,,
ABS:LCI(1.0.0),1,126670,P3,50,Q,2023-Q4,89.66,,,,
ABS:LCI(1.0.0),1,126670,P3,50,Q,2024-Q1,94.62,,,,
ABS:LCI(1.0.0),1,126670,P3,50,Q,2024-Q2,97.27,,,,
ABS:LCI(1.0.0),1,126670,P3,50,Q,2024-Q3,99.87,,,,
ABS:LCI(1.0.0),1,126670,P3,50,Q,2024-Q4,101.08,,,,
ABS:LCI(1.0.0),1,126670,P3,50,Q,2025-Q1,102.19,,,,
ABS:LCI(1.0.0),1,126670,P3,50,Q,2025-Q2,101.33,,,,
ABS:LCI(1.0.0),1,126670,P3,50,Q,2025-Q3,100,,,,
ABS:LCI(1.0.0),1,126670,P3,50,Q,2025-Q4,98.91,,,,
ABS:LCI(1.0.0),1,126670,P3,50,Q,2026-Q1,100.87,,,,
ABS:LCI(1.0.0),1,126670,P3,50,Q,2026-Q2,105.64,,,,
ABS:LCI(1.0.0),1,115528,P3,50,Q,2003-Q1,36.32,,,,
ABS:LCI(1.0.0),1,115528,P3,50,Q,2003-Q2,36.52,,,,
ABS:LCI(1.0.0),1,115528,P3,50,Q,2003-Q3,37.18,,,,
ABS:LCI(1.0.0),1,115528,P3,50,Q,2003-Q4,37.28,,,,
ABS:LCI(1.0.0),1,115528,P3,50,Q,2004-Q1,37.64,,,,
ABS:LCI(1.0.0),1,115528,P3,50,Q,2004-Q2,37.54,,,,
ABS:LCI(1.0.0),1,115528,P3,50,Q,2004-Q3,37.73,,,,
ABS:LCI(1.0.0),1,115528,P3,50,Q,2004-Q4,37.79,,,,
ABS:LCI(1.0.0),1,115528,P3,50,Q,2005-Q1,37.82,,,,
ABS:LCI(1.0.0),1,115528,P3,50,Q,2005-Q2,37.98,,,,
ABS:LCI(1.0.0),1,115528,P3,50,Q,2005-Q3,38.34,,,,
ABS:LCI(1.0.0),1,115528,P3,50,Q,2005-Q4,38.76,,,,
ABS:LCI(1.0.0),1,115528,P3,50,Q,2006-Q1,38.94,,,,
ABS:LCI(1.0.0),1,115528,P3,50,Q,2006-Q2,39.08,,,,
ABS:LCI(1.0.0),1,115528,P3,50,Q,2006-Q3,39.46,,,,
ABS:LCI(1.0.0),1,115528,P3,50,Q,2006-Q4,39.55,,,,
ABS:LCI(1.0.0),1,115528,P3,50,Q,2007-Q1,39.62,,,,
ABS:LCI(1.0.0),1,115528,P3,50,Q,2007-Q2,39.73,,,,
ABS:LCI(1.0.0),1,115528,P3,50,Q,2007-Q3,40.11,,,,
ABS:LCI(1.0.0),1,115528,P3,50,Q,2007-Q4,40.51,,,,
ABS:LCI(1.0.0),1,115528,P3,50,Q,2008-Q1,41.21,,,,
ABS:LCI(1.0.0),1,115528,P3,50,Q,2008-Q2,42.07,,,,
ABS:LCI(1.0.0),1,115528,P3,50,Q,2008-Q3,43.54,,,,
ABS:LCI(1.0.0),1,115528,P3,50,Q,2008-Q4,44.5,,,,
ABS:LCI(1.0.0),1,115528,P3,50,Q,2009-Q1,46.03,,,,
ABS:LCI(1.0.0),1,115528,P3,50,Q,2009-Q2,46.72,,,,
ABS:LCI(1.0.0),1,115528,P3,50,Q,2009-Q3,48.05,,,,
ABS:LCI(1.0.0),1,115528,P3,50,Q,2009-Q4,48.34,,,,
ABS:LCI(1.0.0),1,115528,P3,50,Q,2010-Q1,49.41,,,,
ABS:LCI(1.0.0),1,115528,P3,50,Q,2010-Q2,49.37,,,,
ABS:LCI(1.0.0),1,115528,P3,50,Q,2010-Q3,50.58,,,,
ABS:LCI(1.0.0),1,115528,P3,50,Q,2010-Q4,50.68,,,,
ABS:LCI(1.0.0),1,115528,P3,50,Q,2011-Q1,51.22,,,,
ABS:LCI(1.0.0),1,115528,P3,50,Q,2011-Q2,51.91,,,,
ABS:LCI(1.0.0),1,115528,P3,50,Q,2011-Q3,51.71,,,,
ABS:LCI(1.0.0),1,115528,P3,50,Q,2011-Q4,52.25,,,,
ABS:LCI(1.0.0),1,115528,P3,50,Q,2012-Q1,52.52,,,,
ABS:LCI(1.0.0),1,115528,P3,50,Q,2012-Q2,52.87,,,,
ABS:LCI(1.0.0),1,115528,P3,50,Q,2012-Q3,53.9,,,,
ABS:LCI(1.0.0),1,115528,P3,50,Q,2012-Q4,54.89,,,,
ABS:LCI(1.0.0),1,115528,P3,50,Q,2013-Q1,56.33,,,,
ABS:LCI(1.0.0),1,115528,P3,50,Q,2013-Q2,56.24,,,,
ABS:LCI(1.0.0),1,115528,P3,50,Q,2013-Q3,55.68,,,,
ABS:LCI(1.0.0),1,115528,P3,50,Q,2013-Q4,55.6,,,,
ABS:LCI(1.0.0),1,115528,P3,50,Q,2014-Q1,55.55,,,,
ABS:LCI(1.0.0),1,115528,P3,50,Q,2014-Q2,55.08,,,,
ABS:LCI(1.0.0),1,115528,P3,50,Q,2014-Q3,55.55,,,,
ABS:LCI(1.0.0),1,115528,P3,50,Q,2014-Q4,56.23,,,,
ABS:LCI(1.0.0),1,115528,P3,50,Q,2015-Q1,56.32,,,,
ABS:LCI(1.0.0),1,115528,P3,50,Q,2015-Q2,56.53,,,,
ABS:LCI(1.0.0),1,115528,P3,50,Q,2015-Q3,57.16,,,,
ABS:LCI(1.0.0),1,115528,P3,50,Q,2015-Q4,58.19,,,,
ABS:LCI(1.0.0),1,115528,P3,50,Q,2016-Q1,59.05,,,,
ABS:LCI(1.0.0),1,115528,P3,50,Q,2016-Q2,59.74,,,,
ABS:LCI(1.0.0),1,115528,P3,50,Q,2016-Q3,61.93,,,,
ABS:LCI(1.0.0),1,115528,P3,50,Q,2016-Q4,62.7,,,,
ABS:LCI(1.0.0),1,115528,P3,50,Q,2017-Q1,63.74,,,,
ABS:LCI(1.0.0),1,115528,P3,50,Q,2017-Q2,63.33,,,,
ABS:LCI(1.0.0),1,115528,P3,50,Q,2017-Q3,64.04,,,,
ABS:LCI(1.0.0),1,115528,P3,50,Q,2017-Q4,64.91,,,,
ABS:LCI(1.0.0),1,115528,P3,50,Q,2018-Q1,65.25,,,,
ABS:LCI(1.0.0),1,115528,P3,50,Q,2018-Q2,65.81,,,,
ABS:LCI(1.0.0),1,115528,P3,50,Q,2018-Q3,66.53,,,,
ABS:LCI(1.0.0),1,115528,P3,50,Q,2018-Q4,67.02,,,,
ABS:LCI(1.0.0),1,115528,P3,50,Q,2019-Q1,66.91,,,,
ABS:LCI(1.0.0),1,115528,P3,50,Q,2019-Q2,66.93,,,,
ABS:LCI(1.0.0),1,115528,P3,50,Q,2019-Q3,66.88,,,,
ABS:LCI(1.0.0),1,115528,P3,50,Q,2019-Q4,67.06,,,,
ABS:LCI(1.0.0),1,115528,P3,50,Q,2020-Q1,67.49,,,,
ABS:LCI(1.0.0),1,115528,P3,50,Q,2020-Q2,67.84,,,,
ABS:LCI(1.0.0),1,115528,P3,50,Q,2020-Q3,67.97,,,,
ABS:LCI(1.0.0),1,115528,P3,50,Q,2020-Q4,68.3,,,,
ABS:LCI(1.0.0),1,115528,P3,50,Q,2021-Q1,68.31,,,,
ABS:LCI(1.0.0),1,115528,P3,50,Q,2021-Q2,69.39,,,,
ABS:LCI(1.0.0),1,115528,P3,50,Q,2021-Q3,70.35,,,,
ABS:LCI(1.0.0),1,115528,P3,50,Q,2021-Q4,71.14,,,,
ABS:LCI(1.0.0),1,115528,P3,50,Q,2022-Q1,72.14,,,,
ABS:LCI(1.0.0),1,115528,P3,50,Q,2022-Q2,72.62,,,,
ABS:LCI(1.0.0),1,115528,P3,50,Q,2022-Q3,74.16,,,,
ABS:LCI(1.0.0),1,115528,P3,50,Q,2022-Q4,75.8,,,,
ABS:LCI(1.0.0),1,115528,P3,50,Q,2023-Q1,78.66,,,,
ABS:LCI(1.0.0),1,115528,P3,50,Q,2023-Q2,82.56,,,,
ABS:LCI(1.0.0),1,115528,P3,50,Q,2023-Q3,84.92,,,,
ABS:LCI(1.0.0),1,115528,P3,50,Q,2023-Q4,88.89,,,,
ABS:LCI(1.0.0),1,115528,P3,50,Q,2024-Q1,92.58,,,,
ABS:LCI(1.0.0),1,115528,P3,50,Q,2024-Q2,95.5,,,,
ABS:LCI(1.0.0),1,115528,P3,50,Q,2024-Q3,97.81,,,,
ABS:LCI(1.0.0),1,115528,P3,50,Q,2024-Q4,98.51,,,,
ABS:LCI(1.0.0),1,115528,P3,50,Q,2025-Q1,98.74,,,,
ABS:LCI(1.0.0),1,115528,P3,50,Q,2025-Q2,98.25,,,,
ABS:LCI(1.0.0),1,115528,P3,50,Q,2025-Q3,100,,,,
ABS:LCI(1.0.0),1,115528,P3,50,Q,2025-Q4,100.98,,,,
ABS:LCI(1.0.0),1,115528,P3,50,Q,2026-Q1,103.59,,,,
ABS:LCI(1.0.0),1,115528,P3,50,Q,2026-Q2,104.54,,,,
ABS:LCI(1.0.0),1,131278,P1,50,Q,1998-Q2,26.3,,,,
ABS:LCI(1.0.0),1,131278,P1,50,Q,1998-Q3,26.51,,,,
ABS:LCI(1.0.0),1,131278,P1,50,Q,1998-Q4,26.72,,,,
ABS:LCI(1.0.0),1,131278,P1,50,Q,1999-Q1,26.33,,,,
ABS:LCI(1.0.0),1,131278,P1,50,Q,1999-Q2,26.27,,,,
ABS:LCI(1.0.0),1,131278,P1,50,Q,1999-Q3,26.56,,,,
ABS:LCI(1.0.0),1,131278,P1,50,Q,1999-Q4,27.01,,,,
ABS:LCI(1.0.0),1,131278,P1,50,Q,2000-Q1,28.64,,,,
ABS:LCI(1.0.0),1,131278,P1,50,Q,2000-Q2,29,,,,
ABS:LCI(1.0.0),1,131278,P1,50,Q,2000-Q3,33.59,,,,
ABS:LCI(1.0.0),1,131278,P1,50,Q,2000-Q4,34.86,,,,
ABS:LCI(1.0.0),1,131278,P1,50,Q,2001-Q1,35.31,,,,
ABS:LCI(1.0.0),1,131278,P1,50,Q,2001-Q2,31.33,,,,
ABS:LCI(1.0.0),1,131278,P1,50,Q,2001-Q3,30.68,,,,
ABS:LCI(1.0.0),1,131278,P1,50,Q,2001-Q4,29.55,,,,
ABS:LCI(1.0.0),1,131278,P1,50,Q,2002-Q1,30.09,,,,
ABS:LCI(1.0.0),1,131278,P1,50,Q,2002-Q2,29.08,,,,
ABS:LCI(1.0.0),1,131278,P1,50,Q,2002-Q3,31.78,,,,
ABS:LCI(1.0.0),1,131278,P1,50,Q,2002-Q4,32.63,,,,
ABS:LCI(1.0.0),1,131278,P1,50,Q,2003-Q1,33.43,,,,
ABS:LCI(1.0.0),1,131278,P1,50,Q,2003-Q2,34.27,,,,
ABS:LCI(1.0.0),1,131278,P1,50,Q,2003-Q3,35.18,,,,
ABS:LCI(1.0.0),1,131278,P1,50,Q,2003-Q4,36.35,,,,
ABS:LCI(1.0.0),1,131278,P1,50,Q,2004-Q1,39.6,,,,
ABS:LCI(1.0.0),1,131278,P1,50,Q,2004-Q2,41.15,,,,
ABS:LCI(1.0.0),1,131278,P1,50,Q,2004-Q3,42.2,,,,
ABS:LCI(1.0.0),1,131278,P1,50,Q,2004-Q4,43.22,,,,
ABS:LCI(1.0.0),1,131278,P1,50,Q,2005-Q1,44.16,,,,
ABS:LCI(1.0.0),1,131278,P1,50,Q,2005-Q2,46.47,,,,
ABS:LCI(1.0.0),1,131278,P1,50,Q,2005-Q3,47.46,,,,
ABS:LCI(1.0.0),1,131278,P1,50,Q,2005-Q4,47.46,,,,
ABS:LCI(1.0.0),1,131278,P1,50,Q,2006-Q1,49.13,,,,
ABS:LCI(1.0.0),1,131278,P1,50,Q,2006-Q2,50.41,,,,
ABS:LCI(1.0.0),1,131278,P1,50,Q,2006-Q3,52.88,,,,
ABS:LCI(1.0.0),1,131278,P1,50,Q,2006-Q4,55.54,,,,
ABS:LCI(1.0.0),1,131278,P1,50,Q,2007-Q1,57.63,,,,
ABS:LCI(1.0.0),1,131278,P1,50,Q,2007-Q2,59.12,,,,
ABS:LCI(1.0.0),1,131278,P1,50,Q,2007-Q3,61.9,,,,
ABS:LCI(1.0.0),1,131278,P1,50,Q,2007-Q4,63.48,,,,
ABS:LCI(1.0.0),1,131278,P1,50,Q,2008-Q1,68.18,,,,
ABS:LCI(1.0.0),1,131278,P1,50,Q,2008-Q2,74.14,,,,
ABS:LCI(1.0.0),1,131278,P1,50,Q,2008-Q3,75.89,,,,
ABS:LCI(1.0.0),1,131278,P1,50,Q,2008-Q4,73.16,,,,
ABS:LCI(1.0.0),1,131278,P1,50,Q,2009-Q1,65.31,,,,
ABS:LCI(1.0.0),1,131278,P1,50,Q,2009-Q2,50.45,,,,
ABS:LCI(1.0.0),1,131278,P1,50,Q,2009-Q3,50.46,,,,
ABS:LCI(1.0.0),1,131278,P1,50,Q,2009-Q4,52.68,,,,
ABS:LCI(1.0.0),1,131278,P1,50,Q,2010-Q1,57.84,,,,
ABS:LCI(1.0.0),1,131278,P1,50,Q,2010-Q2,63.36,,,,
ABS:LCI(1.0.0),1,131278,P1,50,Q,2010-Q3,66.68,,,,
ABS:LCI(1.0.0),1,131278,P1,50,Q,2010-Q4,68.53,,,,
ABS:LCI(1.0.0),1,131278,P1,50,Q,2011-Q1,71.56,,,,
ABS:LCI(1.0.0),1,131278,P1,50,Q,2011-Q2,72.47,,,,
ABS:LCI(1.0.0),1,131278,P1,50,Q,2011-Q3,72.86,,,,
ABS:LCI(1.0.0),1,131278,P1,50,Q,2011-Q4,73.13,,,,
ABS:LCI(1.0.0),1,131278,P1,50,Q,2012-Q1,70.13,,,,
ABS:LCI(1.0.0),1,131278,P1,50,Q,2012-Q2,69.76,,,,
ABS:LCI(1.0.0),1,131278,P1,50,Q,2012-Q3,65.37,,,,
ABS:LCI(1.0.0),1,131278,P1,50,Q,2012-Q4,64.12,,,,
ABS:LCI(1.0.0),1,131278,P1,50,Q,2013-Q1,61.55,,,,
ABS:LCI(1.0.0),1,131278,P1,50,Q,2013-Q2,60.93,,,,
ABS:LCI(1.0.0),1,131278,P1,50,Q,2013-Q3,58.66,,,,
ABS:LCI(1.0.0),1,131278,P1,50,Q,2013-Q4,56.87,,,,
ABS:LCI(1.0.0),1,131278,P1,50,Q,2014-Q1,57.53,,,,
ABS:LCI(1.0.0),1,131278,P1,50,Q,2014-Q2,57.94,,,,
ABS:LCI(1.0.0),1,131278,P1,50,Q,2014-Q3,58.2,,,,
ABS:LCI(1.0.0),1,131278,P1,50,Q,2014-Q4,58.76,,,,
ABS:LCI(1.0.0),1,131278,P1,50,Q,2015-Q1,58.72,,,,
ABS:LCI(1.0.0),1,131278,P1,50,Q,2015-Q2,56.93,,,,
ABS:LCI(1.0.0),1,131278,P1,50,Q,2015-Q3,55.73,,,,
ABS:LCI(1.0.0),1,131278,P1,50,Q,2015-Q4,56.39,,,,
ABS:LCI(1.0.0),1,131278,P1,50,Q,2016-Q1,58.01,,,,
ABS:LCI(1.0.0),1,131278,P1,50,Q,2016-Q2,57.85,,,,
ABS:LCI(1.0.0),1,131278,P1,50,Q,2016-Q3,55.56,,,,
ABS:LCI(1.0.0),1,131278,P1,50,Q,2016-Q4,54.05,,,,
ABS:LCI(1.0.0),1,131278,P1,50,Q,2017-Q1,54.91,,,,
ABS:LCI(1.0.0),1,131278,P1,50,Q,2017-Q2,55.03,,,,
ABS:LCI(1.0.0),1,131278,P1,50,Q,2017-Q3,56.16,,,,
ABS:LCI(1.0.0),1,131278,P1,50,Q,2017-Q4,56.48,,,,
ABS:LCI(1.0.0),1,131278,P1,50,Q,2018-Q1,56.7,,,,
ABS:LCI(1.0.0),1,131278,P1,50,Q,2018-Q2,56.91,,,,
ABS:LCI(1.0.0),1,131278,P1,50,Q,2018-Q3,57.07,,,,
ABS:LCI(1.0.0),1,131278,P1,50,Q,2018-Q4,57.84,,,,
ABS:LCI(1.0.0),1,131278,P1,50,Q,2019-Q1,58,,,,
ABS:LCI(1.0.0),1,131278,P1,50,Q,2019-Q2,58.01,,,,
ABS:LCI(1.0.0),1,131278,P1,50,Q,2019-Q3,53.69,,,,
ABS:LCI(1.0.0),1,131278,P1,50,Q,2019-Q4,51.05,,,,
ABS:LCI(1.0.0),1,131278,P1,50,Q,2020-Q1,49.79,,,,
ABS:LCI(1.0.0),1,131278,P1,50,Q,2020-Q2,47.32,,,,
ABS:LCI(1.0.0),1,131278,P1,50,Q,2020-Q3,44.23,,,,
ABS:LCI(1.0.0),1,131278,P1,50,Q,2020-Q4,43.3,,,,
ABS:LCI(1.0.0),1,131278,P1,50,Q,2021-Q1,42.31,,,,
ABS:LCI(1.0.0),1,131278,P1,50,Q,2021-Q2,41.33,,,,
ABS:LCI(1.0.0),1,131278,P1,50,Q,2021-Q3,40.64,,,,
ABS:LCI(1.0.0),1,131278,P1,50,Q,2021-Q4,40,,,,
ABS:LCI(1.0.0),1,131278,P1,50,Q,2022-Q1,40.03,,,,
ABS:LCI(1.0.0),1,131278,P1,50,Q,2022-Q2,41.03,,,,
ABS:LCI(1.0.0),1,131278,P1,50,Q,2022-Q3,50.93,,,,
ABS:LCI(1.0.0),1,131278,P1,50,Q,2022-Q4,64.55,,,,
ABS:LCI(1.0.0),1,131278,P1,50,Q,2023-Q1,71.65,,,,
ABS:LCI(1.0.0),1,131278,P1,50,Q,2023-Q2,78.64,,,,
ABS:LCI(1.0.0),1,131278,P1,50,Q,2023-Q3,85.9,,,,
ABS:LCI(1.0.0),1,131278,P1,50,Q,2023-Q4,90.54,,,,
ABS:LCI(1.0.0),1,131278,P1,50,Q,2024-Q1,96.93,,,,
ABS:LCI(1.0.0),1,131278,P1,50,Q,2024-Q2,99.43,,,,
ABS:LCI(1.0.0),1,131278,P1,50,Q,2024-Q3,102.13,,,,
ABS:LCI(1.0.0),1,131278,P1,50,Q,2024-Q4,103.86,,,,
ABS:LCI(1.0.0),1,131278,P1,50,Q,2025-Q1,105.4,,,,
ABS:LCI(1.0.0),1,131278,P1,50,Q,2025-Q2,103.93,,,,
ABS:LCI(1.0.0),1,131278,P1,50,Q,2025-Q3,100,,,,
ABS:LCI(1.0.0),1,131278,P1,50,Q,2025-Q4,97.24,,,,
ABS:LCI(1.0.0),1,131278,P1,50,Q,2026-Q1,98.73,,,,
ABS:LCI(1.0.0),1,131278,P1,50,Q,2026-Q2,106.81,,,,
ABS:LCI(1.0.0),1,131278,P3,50,Q,1998-Q2,26.19,,,,
ABS:LCI(1.0.0),1,131278,P3,50,Q,1998-Q3,26.4,,,,
ABS:LCI(1.0.0),1,131278,P3,50,Q,1998-Q4,26.61,,,,
ABS:LCI(1.0.0),1,131278,P3,50,Q,1999-Q1,26.21,,,,
ABS:LCI(1.0.0),1,131278,P3,50,Q,1999-Q2,26.19,,,,
ABS:LCI(1.0.0),1,131278,P3,50,Q,1999-Q3,26.45,,,,
ABS:LCI(1.0.0),1,131278,P3,50,Q,1999-Q4,26.89,,,,
ABS:LCI(1.0.0),1,131278,P3,50,Q,2000-Q1,28.52,,,,
ABS:LCI(1.0.0),1,131278,P3,50,Q,2000-Q2,28.89,,,,
ABS:LCI(1.0.0),1,131278,P3,50,Q,2000-Q3,33.44,,,,
ABS:LCI(1.0.0),1,131278,P3,50,Q,2000-Q4,34.68,,,,
ABS:LCI(1.0.0),1,131278,P3,50,Q,2001-Q1,35.1,,,,
ABS:LCI(1.0.0),1,131278,P3,50,Q,2001-Q2,31.12,,,,
ABS:LCI(1.0.0),1,131278,P3,50,Q,2001-Q3,30.45,,,,
ABS:LCI(1.0.0),1,131278,P3,50,Q,2001-Q4,29.3,,,,
ABS:LCI(1.0.0),1,131278,P3,50,Q,2002-Q1,29.82,,,,
ABS:LCI(1.0.0),1,131278,P3,50,Q,2002-Q2,28.79,,,,
ABS:LCI(1.0.0),1,131278,P3,50,Q,2002-Q3,31.44,,,,
ABS:LCI(1.0.0),1,131278,P3,50,Q,2002-Q4,32.27,,,,
ABS:LCI(1.0.0),1,131278,P3,50,Q,2003-Q1,33.04,,,,
ABS:LCI(1.0.0),1,131278,P3,50,Q,2003-Q2,33.86,,,,
ABS:LCI(1.0.0),1,131278,P3,50,Q,2003-Q3,34.77,,,,
ABS:LCI(1.0.0),1,131278,P3,50,Q,2003-Q4,35.93,,,,
ABS:LCI(1.0.0),1,131278,P3,50,Q,2004-Q1,39.15,,,,
ABS:LCI(1.0.0),1,131278,P3,50,Q,2004-Q2,40.7,,,,
ABS:LCI(1.0.0),1,131278,P3,50,Q,2004-Q3,41.77,,,,
ABS:LCI(1.0.0),1,131278,P3,50,Q,2004-Q4,42.8,,,,
ABS:LCI(1.0.0),1,131278,P3,50,Q,2005-Q1,43.75,,,,
ABS:LCI(1.0.0),1,131278,P3,50,Q,2005-Q2,46.07,,,,
ABS:LCI(1.0.0),1,131278,P3,50,Q,2005-Q3,47.08,,,,
ABS:LCI(1.0.0),1,131278,P3,50,Q,2005-Q4,47.07,,,,
ABS:LCI(1.0.0),1,131278,P3,50,Q,2006-Q1,48.79,,,,
ABS:LCI(1.0.0),1,131278,P3,50,Q,2006-Q2,50.09,,,,
ABS:LCI(1.0.0),1,131278,P3,50,Q,2006-Q3,52.57,,,,
ABS:LCI(1.0.0),1,131278,P3,50,Q,2006-Q4,55.25,,,,
ABS:LCI(1.0.0),1,131278,P3,50,Q,2007-Q1,57.36,,,,
ABS:LCI(1.0.0),1,131278,P3,50,Q,2007-Q2,58.88,,,,
ABS:LCI(1.0.0),1,131278,P3,50,Q,2007-Q3,61.68,,,,
ABS:LCI(1.0.0),1,131278,P3,50,Q,2007-Q4,63.3,,,,
ABS:LCI(1.0.0),1,131278,P3,50,Q,2008-Q1,68.02,,,,
ABS:LCI(1.0.0),1,131278,P3,50,Q,2008-Q2,73.99,,,,
ABS:LCI(1.0.0),1,131278,P3,50,Q,2008-Q3,75.78,,,,
ABS:LCI(1.0.0),1,131278,P3,50,Q,2008-Q4,73.07,,,,
ABS:LCI(1.0.0),1,131278,P3,50,Q,2009-Q1,65.23,,,,
ABS:LCI(1.0.0),1,131278,P3,50,Q,2009-Q2,50.45,,,,
ABS:LCI(1.0.0),1,131278,P3,50,Q,2009-Q3,50.48,,,,
ABS:LCI(1.0.0),1,131278,P3,50,Q,2009-Q4,52.71,,,,
ABS:LCI(1.0.0),1,131278,P3,50,Q,2010-Q1,57.88,,,,
ABS:LCI(1.0.0),1,131278,P3,50,Q,2010-Q2,63.37,,,,
ABS:LCI(1.0.0),1,131278,P3,50,Q,2010-Q3,66.68,,,,
ABS:LCI(1.0.0),1,131278,P3,50,Q,2010-Q4,68.5,,,,
ABS:LCI(1.0.0),1,131278,P3,50,Q,2011-Q1,71.51,,,,
ABS:LCI(1.0.0),1,131278,P3,50,Q,2011-Q2,72.42,,,,
ABS:LCI(1.0.0),1,131278,P3,50,Q,2011-Q3,72.82,,,,
ABS:LCI(1.0.0),1,131278,P3,50,Q,2011-Q4,73.09,,,,
ABS:LCI(1.0.0),1,131278,P3,50,Q,2012-Q1,70.11,,,,
ABS:LCI(1.0.0),1,131278,P3,50,Q,2012-Q2,69.76,,,,
ABS:LCI(1.0.0),1,131278,P3,50,Q,2012-Q3,65.38,,,,
ABS:LCI(1.0.0),1,131278,P3,50,Q,2012-Q4,64.15,,,,
ABS:LCI(1.0.0),1,131278,P3,50,Q,2013-Q1,61.58,,,,
ABS:LCI(1.0.0),1,131278,P3,50,Q,2013-Q2,60.96,,,,
ABS:LCI(1.0.0),1,131278,P3,50,Q,2013-Q3,58.69,,,,
ABS:LCI(1.0.0),1,131278,P3,50,Q,2013-Q4,56.9,,,,
ABS:LCI(1.0.0),1,131278,P3,50,Q,2014-Q1,57.55,,,,
ABS:LCI(1.0.0),1,131278,P3,50,Q,2014-Q2,57.95,,,,
ABS:LCI(1.0.0),1,131278,P3,50,Q,2014-Q3,58.21,,,,
ABS:LCI(1.0.0),1,131278,P3,50,Q,2014-Q4,58.75,,,,
ABS:LCI(1.0.0),1,131278,P3,50,Q,2015-Q1,58.7,,,,
ABS:LCI(1.0.0),1,131278,P3,50,Q,2015-Q2,56.89,,,,
ABS:LCI(1.0.0),1,131278,P3,50,Q,2015-Q3,55.66,,,,
ABS:LCI(1.0.0),1,131278,P3,50,Q,2015-Q4,56.29,,,,
ABS:LCI(1.0.0),1,131278,P3,50,Q,2016-Q1,57.88,,,,
ABS:LCI(1.0.0),1,131278,P3,50,Q,2016-Q2,57.7,,,,
ABS:LCI(1.0.0),1,131278,P3,50,Q,2016-Q3,55.38,,,,
ABS:LCI(1.0.0),1,131278,P3,50,Q,2016-Q4,53.85,,,,
ABS:LCI(1.0.0),1,131278,P3,50,Q,2017-Q1,54.68,,,,
ABS:LCI(1.0.0),1,131278,P3,50,Q,2017-Q2,54.77,,,,
ABS:LCI(1.0.0),1,131278,P3,50,Q,2017-Q3,55.87,,,,
ABS:LCI(1.0.0),1,131278,P3,50,Q,2017-Q4,56.18,,,,
ABS:LCI(1.0.0),1,131278,P3,50,Q,2018-Q1,56.38,,,,
ABS:LCI(1.0.0),1,131278,P3,50,Q,2018-Q2,56.58,,,,
ABS:LCI(1.0.0),1,131278,P3,50,Q,2018-Q3,56.74,,,,
ABS:LCI(1.0.0),1,131278,P3,50,Q,2018-Q4,57.51,,,,
ABS:LCI(1.0.0),1,131278,P3,50,Q,2019-Q1,57.67,,,,
ABS:LCI(1.0.0),1,131278,P3,50,Q,2019-Q2,57.7,,,,
ABS:LCI(1.0.0),1,131278,P3,50,Q,2019-Q3,53.4,,,,
ABS:LCI(1.0.0),1,131278,P3,50,Q,2019-Q4,50.78,,,,
ABS:LCI(1.0.0),1,131278,P3,50,Q,2020-Q1,49.52,,,,
ABS:LCI(1.0.0),1,131278,P3,50,Q,2020-Q2,47.03,,,,
ABS:LCI(1.0.0),1,131278,P3,50,Q,2020-Q3,43.96,,,,
ABS:LCI(1.0.0),1,131278,P3,50,Q,2020-Q4,43.03,,,,
ABS:LCI(1.0.0),1,131278,P3,50,Q,2021-Q1,42.04,,,,
ABS:LCI(1.0.0),1,131278,P3,50,Q,2021-Q2,41.05,,,,
ABS:LCI(1.0.0),1,131278,P3,50,Q,2021-Q3,40.35,,,,
ABS:LCI(1.0.0),1,131278,P3,50,Q,2021-Q4,39.7,,,,
ABS:LCI(1.0.0),1,131278,P3,50,Q,2022-Q1,39.71,,,,
ABS:LCI(1.0.0),1,131278,P3,50,Q,2022-Q2,40.7,,,,
ABS:LCI(1.0.0),1,131278,P3,50,Q,2022-Q3,50.55,,,,
ABS:LCI(1.0.0),1,131278,P3,50,Q,2022-Q4,64.12,,,,
ABS:LCI(1.0.0),1,131278,P3,50,Q,2023-Q1,71.23,,,,
ABS:LCI(1.0.0),1,131278,P3,50,Q,2023-Q2,78.25,,,,
ABS:LCI(1.0.0),1,131278,P3,50,Q,2023-Q3,85.52,,,,
ABS:LCI(1.0.0),1,131278,P3,50,Q,2023-Q4,90.18,,,,
ABS:LCI(1.0.0),1,131278,P3,50,Q,2024-Q1,96.62,,,,
ABS:LCI(1.0.0),1,131278,P3,50,Q,2024-Q2,99.17,,,,
ABS:LCI(1.0.0),1,131278,P3,50,Q,2024-Q3,101.93,,,,
ABS:LCI(1.0.0),1,131278,P3,50,Q,2024-Q4,103.72,,,,
ABS:LCI(1.0.0),1,131278,P3,50,Q,2025-Q1,105.31,,,,
ABS:LCI(1.0.0),1,131278,P3,50,Q,2025-Q2,103.89,,,,
ABS:LCI(1.0.0),1,131278,P3,50,Q,2025-Q3,100,,,,
ABS:LCI(1.0.0),1,131278,P3,50,Q,2025-Q4,97.29,,,,
ABS:LCI(1.0.0),1,131278,P3,50,Q,2026-Q1,98.82,,,,
ABS:LCI(1.0.0),1,131278,P3,50,Q,2026-Q2,106.96,,,,
ABS:LCI(1.0.0),2,20006,P1,50,Q,2007-Q3,0.5,,,,
ABS:LCI(1.0.0),2,20006,P1,50,Q,2007-Q4,1.3,,,,
ABS:LCI(1.0.0),2,20006,P1,50,Q,2008-Q1,1,,,,
ABS:LCI(1.0.0),2,20006,P1,50,Q,2008-Q2,1.9,,,,
ABS:LCI(1.0.0),2,20006,P1,50,Q,2008-Q3,1.5,,,,
ABS:LCI(1.0.0),2,20006,P1,50,Q,2008-Q4,1.4,,,,
ABS:LCI(1.0.0),2,20006,P1,50,Q,2009-Q1,1,,,,
ABS:LCI(1.0.0),2,20006,P1,50,Q,2009-Q2,1,,,,
ABS:LCI(1.0.0),2,20006,P1,50,Q,2009-Q3,0.8,,,,
ABS:LCI(1.0.0),2,20006,P1,50,Q,2009-Q4,0.6,,,,
ABS:LCI(1.0.0),2,20006,P1,50,Q,2010-Q1,1.2,,,,
ABS:LCI(1.0.0),2,20006,P1,50,Q,2010-Q2,5.7,,,,
ABS:LCI(1.0.0),2,20006,P1,50,Q,2010-Q3,3,,,,
ABS:LCI(1.0.0),2,20006,P1,50,Q,2010-Q4,0.8,,,,
ABS:LCI(1.0.0),2,20006,P1,50,Q,2011-Q1,1.1,,,,
ABS:LCI(1.0.0),2,20006,P1,50,Q,2011-Q2,0.7,,,,
ABS:LCI(1.0.0),2,20006,P1,50,Q,2011-Q3,0.5,,,,
ABS:LCI(1.0.0),2,20006,P1,50,Q,2011-Q4,0.9,,,,
ABS:LCI(1.0.0),2,20006,P1,50,Q,2012-Q1,1.4,,,,
ABS:LCI(1.0.0),2,20006,P1,50,Q,2012-Q2,1,,,,
ABS:LCI(1.0.0),2,20006,P1,50,Q,2012-Q3,0.9,,,,
ABS:LCI(1.0.0),2,20006,P1,50,Q,2012-Q4,0.2,,,,
ABS:LCI(1.0.0),2,20006,P1,50,Q,2013-Q1,1.5,,,,
ABS:LCI(1.0.0),2,20006,P1,50,Q,2013-Q2,1.3,,,,
ABS:LCI(1.0.0),2,20006,P1,50,Q,2013-Q3,0.8,,,,
ABS:LCI(1.0.0),2,20006,P1,50,Q,2013-Q4,1.6,,,,
ABS:LCI(1.0.0),2,20006,P1,50,Q,2014-Q1,2.8,,,,
ABS:LCI(1.0.0),2,20006,P1,50,Q,2014-Q2,1.5,,,,
ABS:LCI(1.0.0),2,20006,P1,50,Q,2014-Q3,1,,,,
ABS:LCI(1.0.0),2,20006,P1,50,Q,2014-Q4,1.6,,,,
ABS:LCI(1.0.0),2,20006,P1,50,Q,2015-Q1,0.8,,,,
ABS:LCI(1.0.0),2,20006,P1,50,Q,2015-Q2,1.2,,,,
ABS:LCI(1.0.0),2,20006,P1,50,Q,2015-Q3,1.2,,,,
ABS:LCI(1.0.0),2,20006,P1,50,Q,2015-Q4,2.6,,,,
ABS:LCI(1.0.0),2,20006,P1,50,Q,2016-Q1,0.9,,,,
ABS:LCI(1.0.0),2,20006,P1,50,Q,2016-Q2,0.9,,,,
ABS:LCI(1.0.0),2,20006,P1,50,Q,2016-Q3,1.1,,,,
ABS:LCI(1.0.0),2,20006,P1,50,Q,2016-Q4,2.6,,,,
ABS:LCI(1.0.0),2,20006,P1,50,Q,2017-Q1,1.1,,,,
ABS:LCI(1.0.0),2,20006,P1,50,Q,2017-Q2,0.7,,,,
ABS:LCI(1.0.0),2,20006,P1,50,Q,2017-Q3,2.1,,,,
ABS:LCI(1.0.0),2,20006,P1,50,Q,2017-Q4,3.1,,,,
ABS:LCI(1.0.0),2,20006,P1,50,Q,2018-Q1,0.8,,,,
ABS:LCI(1.0.0),2,20006,P1,50,Q,2018-Q2,1.5,,,,
ABS:LCI(1.0.0),2,20006,P1,50,Q,2018-Q3,1.3,,,,
ABS:LCI(1.0.0),2,20006,P1,50,Q,2018-Q4,3,,,,
ABS:LCI(1.0.0),2,20006,P1,50,Q,2019-Q1,0.4,,,,
ABS:LCI(1.0.0),2,20006,P1,50,Q,2019-Q2,1,,,,
ABS:LCI(1.0.0),2,20006,P1,50,Q,2019-Q3,1.9,,,,
ABS:LCI(1.0.0),2,20006,P1,50,Q,2019-Q4,2.9,,,,
ABS:LCI(1.0.0),2,20006,P1,50,Q,2020-Q1,1.6,,,,
ABS:LCI(1.0.0),2,20006,P1,50,Q,2020-Q2,1.5,,,,
ABS:LCI(1.0.0),2,20006,P1,50,Q,2020-Q3,1.6,,,,
ABS:LCI(1.0.0),2,20006,P1,50,Q,2020-Q4,4,,,,
ABS:LCI(1.0.0),2,20006,P1,50,Q,2021-Q1,0.4,,,,
ABS:LCI(1.0.0),2,20006,P1,50,Q,2021-Q2,0.4,,,,
ABS:LCI(1.0.0),2,20006,P1,50,Q,2021-Q3,-0.5,,,,
ABS:LCI(1.0.0),2,20006,P1,50,Q,2021-Q4,0.9,,,,
ABS:LCI(1.0.0),2,20006,P1,50,Q,2022-Q1,1.1,,,,
ABS:LCI(1.0.0),2,20006,P1,50,Q,2022-Q2,0.8,,,,
ABS:LCI(1.0.0),2,20006,P1,50,Q,2022-Q3,1.3,,,,
ABS:LCI(1.0.0),2,20006,P1,50,Q,2022-Q4,1.2,,,,
ABS:LCI(1.0.0),2,20006,P1,50,Q,2023-Q1,1.2,,,,
ABS:LCI(1.0.0),2,20006,P1,50,Q,2023-Q2,1,,,,
ABS:LCI(1.0.0),2,20006,P1,50,Q,2023-Q3,1.5,,,,
ABS:LCI(1.0.0),2,20006,P1,50,Q,2023-Q4,2.7,,,,
ABS:LCI(1.0.0),2,20006,P1,50,Q,2024-Q1,0.9,,,,
ABS:LCI(1.0.0),2,20006,P1,50,Q,2024-Q2,1.4,,,,
ABS:LCI(1.0.0),2,20006,P1,50,Q,2024-Q3,1.4,,,,
ABS:LCI(1.0.0),2,20006,P1,50,Q,2024-Q4,2.2,,,,
ABS:LCI(1.0.0),2,20006,P1,50,Q,2025-Q1,1.2,,,,
ABS:LCI(1.0.0),2,20006,P1,50,Q,2025-Q2,0.6,,,,
ABS:LCI(1.0.0),2,20006,P1,50,Q,2025-Q3,1.6,,,,
ABS:LCI(1.0.0),2,20006,P1,50,Q,2025-Q4,0.8,,,,
ABS:LCI(1.0.0),2,20006,P1,50,Q,2026-Q1,1.3,,,,
ABS:LCI(1.0.0),2,20006,P1,50,Q,2026-Q2,0.5,,,,
ABS:LCI(1.0.0),2,20003,PBLCI,50,Q,2007-Q3,2.2,,,,
ABS:LCI(1.0.0),2,20003,PBLCI,50,Q,2007-Q4,1.5,,,,
ABS:LCI(1.0.0),2,20003,PBLCI,50,Q,2008-Q1,2.1,,,,
ABS:LCI(1.0.0),2,20003,PBLCI,50,Q,2008-Q2,0.8,,,,
ABS:LCI(1.0.0),2,20003,PBLCI,50,Q,2008-Q3,3,,,,
ABS:LCI(1.0.0),2,20003,PBLCI,50,Q,2008-Q4,1.5,,,,
ABS:LCI(1.0.0),2,20003,PBLCI,50,Q,2009-Q1,1.8,,,,
ABS:LCI(1.0.0),2,20003,PBLCI,50,Q,2009-Q2,0.4,,,,
ABS:LCI(1.0.0),2,20003,PBLCI,50,Q,2009-Q3,3.8,,,,
ABS:LCI(1.0.0),2,20003,PBLCI,50,Q,2009-Q4,1.1,,,,
ABS:LCI(1.0.0),2,20003,PBLCI,50,Q,2010-Q1,1.7,,,,
ABS:LCI(1.0.0),2,20003,PBLCI,50,Q,2010-Q2,0.4,,,,
ABS:LCI(1.0.0),2,20003,PBLCI,50,Q,2010-Q3,2.9,,,,
ABS:LCI(1.0.0),2,20003,PBLCI,50,Q,2010-Q4,1.1,,,,
ABS:LCI(1.0.0),2,20003,PBLCI,50,Q,2011-Q1,1.7,,,,
ABS:LCI(1.0.0),2,20003,PBLCI,50,Q,2011-Q2,0,,,,
ABS:LCI(1.0.0),2,20003,PBLCI,50,Q,2011-Q3,2.9,,,,
ABS:LCI(1.0.0),2,20003,PBLCI,50,Q,2011-Q4,0.8,,,,
ABS:LCI(1.0.0),2,20003,PBLCI,50,Q,2012-Q1,1.3,,,,
ABS:LCI(1.0.0),2,20003,PBLCI,50,Q,2012-Q2,0.4,,,,
ABS:LCI(1.0.0),2,20003,PBLCI,50,Q,2012-Q3,4.8,,,,
ABS:LCI(1.0.0),2,20003,PBLCI,50,Q,2012-Q4,0.3,,,,
ABS:LCI(1.0.0),2,20003,PBLCI,50,Q,2013-Q1,1,,,,
ABS:LCI(1.0.0),2,20003,PBLCI,50,Q,2013-Q2,0.6,,,,
ABS:LCI(1.0.0),2,20003,PBLCI,50,Q,2013-Q3,2.9,,,,
ABS:LCI(1.0.0),2,20003,PBLCI,50,Q,2013-Q4,0.4,,,,
ABS:LCI(1.0.0),2,20003,PBLCI,50,Q,2014-Q1,0.8,,,,
ABS:LCI(1.0.0),2,20003,PBLCI,50,Q,2014-Q2,0.3,,,,
ABS:LCI(1.0.0),2,20003,PBLCI,50,Q,2014-Q3,-0.2,,,,
ABS:LCI(1.0.0),2,20003,PBLCI,50,Q,2014-Q4,0.3,,,,
ABS:LCI(1.0.0),2,20003,PBLCI,50,Q,2015-Q1,0.6,,,,
ABS:LCI(1.0.0),2,20003,PBLCI,50,Q,2015-Q2,0.2,,,,
ABS:LCI(1.0.0),2,20003,PBLCI,50,Q,2015-Q3,0.6,,,,
ABS:LCI(1.0.0),2,20003,PBLCI,50,Q,2015-Q4,0.1,,,,
ABS:LCI(1.0.0),2,20003,PBLCI,50,Q,2016-Q1,0.1,,,,
ABS:LCI(1.0.0),2,20003,PBLCI,50,Q,2016-Q2,0.1,,,,
ABS:LCI(1.0.0),2,20003,PBLCI,50,Q,2016-Q3,1.4,,,,
ABS:LCI(1.0.0),2,20003,PBLCI,50,Q,2016-Q4,0.1,,,,
ABS:LCI(1.0.0),2,20003,PBLCI,50,Q,2017-Q1,0.7,,,,
ABS:LCI(1.0.0),2,20003,PBLCI,50,Q,2017-Q2,0.2,,,,
ABS:LCI(1.0.0),2,20003,PBLCI,50,Q,2017-Q3,2.6,,,,
ABS:LCI(1.0.0),2,20003,PBLCI,50,Q,2017-Q4,0.2,,,,
ABS:LCI(1.0.0),2,20003,PBLCI,50,Q,2018-Q1,0.7,,,,
ABS:LCI(1.0.0),2,20003,PBLCI,50,Q,2018-Q2,-0.3,,,,
ABS:LCI(1.0.0),2,20003,PBLCI,50,Q,2018-Q3,0.7,,,,
ABS:LCI(1.0.0),2,20003,PBLCI,50,Q,2018-Q4,0.2,,,,
ABS:LCI(1.0.0),2,20003,PBLCI,50,Q,2019-Q1,0.1,,,,
ABS:LCI(1.0.0),2,20003,PBLCI,50,Q,2019-Q2,-0.2,,,,
ABS:LCI(1.0.0),2,20003,PBLCI,50,Q,2019-Q3,0.6,,,,
ABS:LCI(1.0.0),2,20003,PBLCI,50,Q,2019-Q4,0,,,,
ABS:LCI(1.0.0),2,20003,PBLCI,50,Q,2020-Q1,0.4,,,,
ABS:LCI(1.0.0),2,20003,PBLCI,50,Q,2020-Q2,-1.4,,,,
ABS:LCI(1.0.0),2,20003,PBLCI,50,Q,2020-Q3,0.2,,,,
ABS:LCI(1.0.0),2,20003,PBLCI,50,Q,2020-Q4,-1.3,,,,
ABS:LCI(1.0.0),2,20003,PBLCI,50,Q,2021-Q1,-0.7,,,,
ABS:LCI(1.0.0),2,20003,PBLCI,50,Q,2021-Q2,1.3,,,,
ABS:LCI(1.0.0),2,20003,PBLCI,50,Q,2021-Q3,1.1,,,,
ABS:LCI(1.0.0),2,20003,PBLCI,50,Q,2021-Q4,0.4,,,,
ABS:LCI(1.0.0),2,20003,PBLCI,50,Q,2022-Q1,0.9,,,,
ABS:LCI(1.0.0),2,20003,PBLCI,50,Q,2022-Q2,0.5,,,,
ABS:LCI(1.0.0),2,20003,PBLCI,50,Q,2022-Q3,2.4,,,,
ABS:LCI(1.0.0),2,20003,PBLCI,50,Q,2022-Q4,1.9,,,,
ABS:LCI(1.0.0),2,20003,PBLCI,50,Q,2023-Q1,2.8,,,,
ABS:LCI(1.0.0),2,20003,PBLCI,50,Q,2023-Q2,0.9,,,,
ABS:LCI(1.0.0),2,20003,PBLCI,50,Q,2023-Q3,-1.1,,,,
ABS:LCI(1.0.0),2,20003,PBLCI,50,Q,2023-Q4,1.2,,,,
ABS:LCI(1.0.0),2,20003,PBLCI,50,Q,2024-Q1,-0.3,,,,
ABS:LCI(1.0.0),2,20003,PBLCI,50,Q,2024-Q2,2.2,,,,
ABS:LCI(1.0.0),2,20003,PBLCI,50,Q,2024-Q3,0.3,,,,
ABS:LCI(1.0.0),2,20003,PBLCI,50,Q,2024-Q4,-2.1,,,,
ABS:LCI(1.0.0),2,20003,PBLCI,50,Q,2025-Q1,2.5,,,,
ABS:LCI(1.0.0),2,20003,PBLCI,50,Q,2025-Q2,3.4,,,,
ABS:LCI(1.0.0),2,20003,PBLCI,50,Q,2025-Q3,3.8,,,,
ABS:LCI(1.0.0),2,20003,PBLCI,50,Q,2025-Q4,-0.8,,,,
ABS:LCI(1.0.0),2,20003,PBLCI,50,Q,2026-Q1,5.4,,,,
ABS:LCI(1.0.0),2,20003,PBLCI,50,Q,2026-Q2,0.5,,,,
ABS:LCI(1.0.0),2,115486,P4,50,Q,2007-Q3,-0.6,,,,
ABS:LCI(1.0.0),2,115486,P4,50,Q,2007-Q4,-1,,,,
ABS:LCI(1.0.0),2,115486,P4,50,Q,2008-Q1,3.8,,,,
ABS:LCI(1.0.0),2,115486,P4,50,Q,2008-Q2,2.8,,,,
ABS:LCI(1.0.0),2,115486,P4,50,Q,2008-Q3,-0.3,,,,
ABS:LCI(1.0.0),2,115486,P4,50,Q,2008-Q4,-1.1,,,,
ABS:LCI(1.0.0),2,115486,P4,50,Q,2009-Q1,4.1,,,,
ABS:LCI(1.0.0),2,115486,P4,50,Q,2009-Q2,2.6,,,,
ABS:LCI(1.0.0),2,115486,P4,50,Q,2009-Q3,-1,,,,
ABS:LCI(1.0.0),2,115486,P4,50,Q,2009-Q4,-0.9,,,,
ABS:LCI(1.0.0),2,115486,P4,50,Q,2010-Q1,4.5,,,,
ABS:LCI(1.0.0),2,115486,P4,50,Q,2010-Q2,2.5,,,,
ABS:LCI(1.0.0),2,115486,P4,50,Q,2010-Q3,-0.8,,,,
ABS:LCI(1.0.0),2,115486,P4,50,Q,2010-Q4,-1.1,,,,
ABS:LCI(1.0.0),2,115486,P4,50,Q,2011-Q1,3.7,,,,
ABS:LCI(1.0.0),2,115486,P4,50,Q,2011-Q2,2.4,,,,
ABS:LCI(1.0.0),2,115486,P4,50,Q,2011-Q3,-1,,,,
ABS:LCI(1.0.0),2,115486,P4,50,Q,2011-Q4,-1.3,,,,
ABS:LCI(1.0.0),2,115486,P4,50,Q,2012-Q1,4.4,,,,
ABS:LCI(1.0.0),2,115486,P4,50,Q,2012-Q2,1.6,,,,
ABS:LCI(1.0.0),2,115486,P4,50,Q,2012-Q3,2.7,,,,
ABS:LCI(1.0.0),2,115486,P4,50,Q,2012-Q4,-1,,,,
ABS:LCI(1.0.0),2,115486,P4,50,Q,2013-Q1,3.1,,,,
ABS:LCI(1.0.0),2,115486,P4,50,Q,2013-Q2,2,,,,
ABS:LCI(1.0.0),2,115486,P4,50,Q,2013-Q3,-0.2,,,,
ABS:LCI(1.0.0),2,115486,P4,50,Q,2013-Q4,-0.6,,,,
ABS:LCI(1.0.0),2,115486,P4,50,Q,2014-Q1,2.7,,,,
ABS:LCI(1.0.0),2,115486,P4,50,Q,2014-Q2,3,,,,
ABS:LCI(1.0.0),2,115486,P4,50,Q,2014-Q3,-0.3,,,,
ABS:LCI(1.0.0),2,115486,P4,50,Q,2014-Q4,-1,,,,
ABS:LCI(1.0.0),2,115486,P4,50,Q,2015-Q1,2.8,,,,
ABS:LCI(1.0.0),2,115486,P4,50,Q,2015-Q2,3,,,,
ABS:LCI(1.0.0),2,115486,P4,50,Q,2015-Q3,-0.1,,,,
ABS:LCI(1.0.0),2,115486,P4,50,Q,2015-Q4,-0.5,,,,
ABS:LCI(1.0.0),2,115486,P4,50,Q,2016-Q1,2.2,,,,
ABS:LCI(1.0.0),2,115486,P4,50,Q,2016-Q2,2.9,,,,
ABS:LCI(1.0.0),2,115486,P4,50,Q,2016-Q3,-0.4,,,,
ABS:LCI(1.0.0),2,115486,P4,50,Q,2016-Q4,-0.7,,,,
ABS:LCI(1.0.0),2,115486,P4,50,Q,2017-Q1,2.2,,,,
ABS:LCI(1.0.0),2,115486,P4,50,Q,2017-Q2,3,,,,
ABS:LCI(1.0.0),2,115486,P4,50,Q,2017-Q3,-0.3,,,,
ABS:LCI(1.0.0),2,115486,P4,50,Q,2017-Q4,-0.6,,,,
ABS:LCI(1.0.0),2,115486,P4,50,Q,2018-Q1,2.5,,,,
ABS:LCI(1.0.0),2,115486,P4,50,Q,2018-Q2,1.9,,,,
ABS:LCI(1.0.0),2,115486,P4,50,Q,2018-Q3,-0.5,,,,
ABS:LCI(1.0.0),2,115486,P4,50,Q,2018-Q4,-0.4,,,,
ABS:LCI(1.0.0),2,115486,P4,50,Q,2019-Q1,2.2,,,,
ABS:LCI(1.0.0),2,115486,P4,50,Q,2019-Q2,1.8,,,,
ABS:LCI(1.0.0),2,115486,P4,50,Q,2019-Q3,-0.3,,,,
ABS:LCI(1.0.0),2,115486,P4,50,Q,2019-Q4,-0.4,,,,
ABS:LCI(1.0.0),2,115486,P4,50,Q,2020-Q1,2,,,,
ABS:LCI(1.0.0),2,115486,P4,50,Q,2020-Q2,-0.4,,,,
ABS:LCI(1.0.0),2,115486,P4,50,Q,2020-Q3,-0.4,,,,
ABS:LCI(1.0.0),2,115486,P4,50,Q,2020-Q4,1.2,,,,
ABS:LCI(1.0.0),2,115486,P4,50,Q,2021-Q1,2.4,,,,
ABS:LCI(1.0.0),2,115486,P4,50,Q,2021-Q2,1.5,,,,
ABS:LCI(1.0.0),2,115486,P4,50,Q,2021-Q3,-0.1,,,,
ABS:LCI(1.0.0),2,115486,P4,50,Q,2021-Q4,-0.4,,,,
ABS:LCI(1.0.0),2,115486,P4,50,Q,2022-Q1,2.6,,,,
ABS:LCI(1.0.0),2,115486,P4,50,Q,2022-Q2,0.3,,,,
ABS:LCI(1.0.0),2,115486,P4,50,Q,2022-Q3,-0.1,,,,
ABS:LCI(1.0.0),2,115486,P4,50,Q,2022-Q4,0.8,,,,
ABS:LCI(1.0.0),2,115486,P4,50,Q,2023-Q1,4.4,,,,
ABS:LCI(1.0.0),2,115486,P4,50,Q,2023-Q2,-0.3,,,,
ABS:LCI(1.0.0),2,115486,P4,50,Q,2023-Q3,0,,,,
ABS:LCI(1.0.0),2,115486,P4,50,Q,2023-Q4,0.5,,,,
ABS:LCI(1.0.0),2,115486,P4,50,Q,2024-Q1,3.2,,,,
ABS:LCI(1.0.0),2,115486,P4,50,Q,2024-Q2,1.6,,,,
ABS:LCI(1.0.0),2,115486,P4,50,Q,2024-Q3,-0.3,,,,
ABS:LCI(1.0.0),2,115486,P4,50,Q,2024-Q4,-0.3,,,,
ABS:LCI(1.0.0),2,115486,P4,50,Q,2025-Q1,3.3,,,,
ABS:LCI(1.0.0),2,115486,P4,50,Q,2025-Q2,0.8,,,,
ABS:LCI(1.0.0),2,115486,P4,50,Q,2025-Q3,-0.2,,,,
ABS:LCI(1.0.0),2,115486,P4,50,Q,2025-Q4,-0.6,,,,
ABS:LCI(1.0.0),2,115486,P4,50,Q,2026-Q1,2.7,,,,
ABS:LCI(1.0.0),2,115486,P4,50,Q,2026-Q2,2,,,,
ABS:LCI(1.0.0),2,126670,P4,50,Q,2007-Q3,1.7,,,,
ABS:LCI(1.0.0),2,126670,P4,50,Q,2007-Q4,2,,,,
ABS:LCI(1.0.0),2,126670,P4,50,Q,2008-Q1,3.1,,,,
ABS:LCI(1.0.0),2,126670,P4,50,Q,2008-Q2,3.5,,,,
ABS:LCI(1.0.0),2,126670,P4,50,Q,2008-Q3,3.1,,,,
ABS:LCI(1.0.0),2,126670,P4,50,Q,2008-Q4,0.5,,,,
ABS:LCI(1.0.0),2,126670,P4,50,Q,2009-Q1,0.2,,,,
ABS:LCI(1.0.0),2,126670,P4,50,Q,2009-Q2,-3.1,,,,
ABS:LCI(1.0.0),2,126670,P4,50,Q,2009-Q3,2.4,,,,
ABS:LCI(1.0.0),2,126670,P4,50,Q,2009-Q4,1.5,,,,
ABS:LCI(1.0.0),2,126670,P4,50,Q,2010-Q1,2.9,,,,
ABS:LCI(1.0.0),2,126670,P4,50,Q,2010-Q2,1.7,,,,
ABS:LCI(1.0.0),2,126670,P4,50,Q,2010-Q3,2.7,,,,
ABS:LCI(1.0.0),2,126670,P4,50,Q,2010-Q4,1,,,,
ABS:LCI(1.0.0),2,126670,P4,50,Q,2011-Q1,2.2,,,,
ABS:LCI(1.0.0),2,126670,P4,50,Q,2011-Q2,1.4,,,,
ABS:LCI(1.0.0),2,126670,P4,50,Q,2011-Q3,0.2,,,,
ABS:LCI(1.0.0),2,126670,P4,50,Q,2011-Q4,0.8,,,,
ABS:LCI(1.0.0),2,126670,P4,50,Q,2012-Q1,-0.3,,,,
ABS:LCI(1.0.0),2,126670,P4,50,Q,2012-Q2,0.6,,,,
ABS:LCI(1.0.0),2,126670,P4,50,Q,2012-Q3,0.7,,,,
ABS:LCI(1.0.0),2,126670,P4,50,Q,2012-Q4,1.3,,,,
ABS:LCI(1.0.0),2,126670,P4,50,Q,2013-Q1,1.9,,,,
ABS:LCI(1.0.0),2,126670,P4,50,Q,2013-Q2,-0.1,,,,
ABS:LCI(1.0.0),2,126670,P4,50,Q,2013-Q3,-1,,,,
ABS:LCI(1.0.0),2,126670,P4,50,Q,2013-Q4,-0.2,,,,
ABS:LCI(1.0.0),2,126670,P4,50,Q,2014-Q1,0.4,,,,
ABS:LCI(1.0.0),2,126670,P4,50,Q,2014-Q2,0.2,,,,
ABS:LCI(1.0.0),2,126670,P4,50,Q,2014-Q3,0.4,,,,
ABS:LCI(1.0.0),2,126670,P4,50,Q,2014-Q4,1.2,,,,
ABS:LCI(1.0.0),2,126670,P4,50,Q,2015-Q1,0,,,,
ABS:LCI(1.0.0),2,126670,P4,50,Q,2015-Q2,-0.7,,,,
ABS:LCI(1.0.0),2,126670,P4,50,Q,2015-Q3,0.8,,,,
ABS:LCI(1.0.0),2,126670,P4,50,Q,2015-Q4,1.4,,,,
ABS:LCI(1.0.0),2,126670,P4,50,Q,2016-Q1,1.5,,,,
ABS:LCI(1.0.0),2,126670,P4,50,Q,2016-Q2,1,,,,
ABS:LCI(1.0.0),2,126670,P4,50,Q,2016-Q3,2.2,,,,
ABS:LCI(1.0.0),2,126670,P4,50,Q,2016-Q4,0.9,,,,
ABS:LCI(1.0.0),2,126670,P4,50,Q,2017-Q1,1.6,,,,
ABS:LCI(1.0.0),2,126670,P4,50,Q,2017-Q2,-0.5,,,,
ABS:LCI(1.0.0),2,126670,P4,50,Q,2017-Q3,1.1,,,,
ABS:LCI(1.0.0),2,126670,P4,50,Q,2017-Q4,1.5,,,,
ABS:LCI(1.0.0),2,126670,P4,50,Q,2018-Q1,0.3,,,,
ABS:LCI(1.0.0),2,126670,P4,50,Q,2018-Q2,0.6,,,,
ABS:LCI(1.0.0),2,126670,P4,50,Q,2018-Q3,0.7,,,,
ABS:LCI(1.0.0),2,126670,P4,50,Q,2018-Q4,0.6,,,,
ABS:LCI(1.0.0),2,126670,P4,50,Q,2019-Q1,-0.3,,,,
ABS:LCI(1.0.0),2,126670,P4,50,Q,2019-Q2,0,,,,
ABS:LCI(1.0.0),2,126670,P4,50,Q,2019-Q3,-0.2,,,,
ABS:LCI(1.0.0),2,126670,P4,50,Q,2019-Q4,0,,,,
ABS:LCI(1.0.0),2,126670,P4,50,Q,2020-Q1,0.4,,,,
ABS:LCI(1.0.0),2,126670,P4,50,Q,2020-Q2,0.3,,,,
ABS:LCI(1.0.0),2,126670,P4,50,Q,2020-Q3,-0.2,,,,
ABS:LCI(1.0.0),2,126670,P4,50,Q,2020-Q4,0.3,,,,
ABS:LCI(1.0.0),2,126670,P4,50,Q,2021-Q1,-0.6,,,,
ABS:LCI(1.0.0),2,126670,P4,50,Q,2021-Q2,1.4,,,,
ABS:LCI(1.0.0),2,126670,P4,50,Q,2021-Q3,1.1,,,,
ABS:LCI(1.0.0),2,126670,P4,50,Q,2021-Q4,0.3,,,,
ABS:LCI(1.0.0),2,126670,P4,50,Q,2022-Q1,1,,,,
ABS:LCI(1.0.0),2,126670,P4,50,Q,2022-Q2,0.3,,,,
ABS:LCI(1.0.0),2,126670,P4,50,Q,2022-Q3,3,,,,
ABS:LCI(1.0.0),2,126670,P4,50,Q,2022-Q4,3.4,,,,
ABS:LCI(1.0.0),2,126670,P4,50,Q,2023-Q1,4.4,,,,
ABS:LCI(1.0.0),2,126670,P4,50,Q,2023-Q2,5.2,,,,
ABS:LCI(1.0.0),2,126670,P4,50,Q,2023-Q3,3.2,,,,
ABS:LCI(1.0.0),2,126670,P4,50,Q,2023-Q4,4.1,,,,
ABS:LCI(1.0.0),2,126670,P4,50,Q,2024-Q1,4.4,,,,
ABS:LCI(1.0.0),2,126670,P4,50,Q,2024-Q2,3,,,,
ABS:LCI(1.0.0),2,126670,P4,50,Q,2024-Q3,2.7,,,,
ABS:LCI(1.0.0),2,126670,P4,50,Q,2024-Q4,0.9,,,,
ABS:LCI(1.0.0),2,126670,P4,50,Q,2025-Q1,0.3,,,,
ABS:LCI(1.0.0),2,126670,P4,50,Q,2025-Q2,-0.6,,,,
ABS:LCI(1.0.0),2,126670,P4,50,Q,2025-Q3,0.4,,,,
ABS:LCI(1.0.0),2,126670,P4,50,Q,2025-Q4,0.5,,,,
ABS:LCI(1.0.0),2,126670,P4,50,Q,2026-Q1,2.1,,,,
ABS:LCI(1.0.0),2,126670,P4,50,Q,2026-Q2,2.1,,,,
ABS:LCI(1.0.0),2,115528,P4,50,Q,2003-Q2,0.2,,,,
ABS:LCI(1.0.0),2,115528,P4,50,Q,2003-Q3,0.5,,,,
ABS:LCI(1.0.0),2,115528,P4,50,Q,2003-Q4,0.3,,,,
ABS:LCI(1.0.0),2,115528,P4,50,Q,2004-Q1,0.9,,,,
ABS:LCI(1.0.0),2,115528,P4,50,Q,2004-Q2,0.1,,,,
ABS:LCI(1.0.0),2,115528,P4,50,Q,2004-Q3,1.2,,,,
ABS:LCI(1.0.0),2,115528,P4,50,Q,2004-Q4,0.3,,,,
ABS:LCI(1.0.0),2,115528,P4,50,Q,2005-Q1,0.9,,,,
ABS:LCI(1.0.0),2,115528,P4,50,Q,2005-Q2,1.2,,,,
ABS:LCI(1.0.0),2,115528,P4,50,Q,2005-Q3,0.4,,,,
ABS:LCI(1.0.0),2,115528,P4,50,Q,2005-Q4,0.9,,,,
ABS:LCI(1.0.0),2,115528,P4,50,Q,2006-Q1,0.7,,,,
ABS:LCI(1.0.0),2,115528,P4,50,Q,2006-Q2,0.5,,,,
ABS:LCI(1.0.0),2,115528,P4,50,Q,2006-Q3,2.8,,,,
ABS:LCI(1.0.0),2,115528,P4,50,Q,2006-Q4,-0.3,,,,
ABS:LCI(1.0.0),2,115528,P4,50,Q,2007-Q1,-0.2,,,,
ABS:LCI(1.0.0),2,115528,P4,50,Q,2007-Q2,0.1,,,,
ABS:LCI(1.0.0),2,115528,P4,50,Q,2007-Q3,1,,,,
ABS:LCI(1.0.0),2,115528,P4,50,Q,2007-Q4,1.9,,,,
ABS:LCI(1.0.0),2,115528,P4,50,Q,2008-Q1,2.2,,,,
ABS:LCI(1.0.0),2,115528,P4,50,Q,2008-Q2,2.5,,,,
ABS:LCI(1.0.0),2,115528,P4,50,Q,2008-Q3,3.3,,,,
ABS:LCI(1.0.0),2,115528,P4,50,Q,2008-Q4,0.9,,,,
ABS:LCI(1.0.0),2,115528,P4,50,Q,2009-Q1,3,,,,
ABS:LCI(1.0.0),2,115528,P4,50,Q,2009-Q2,0.4,,,,
ABS:LCI(1.0.0),2,115528,P4,50,Q,2009-Q3,2.9,,,,
ABS:LCI(1.0.0),2,115528,P4,50,Q,2009-Q4,1.1,,,,
ABS:LCI(1.0.0),2,115528,P4,50,Q,2010-Q1,1.9,,,,
ABS:LCI(1.0.0),2,115528,P4,50,Q,2010-Q2,0.5,,,,
ABS:LCI(1.0.0),2,115528,P4,50,Q,2010-Q3,2.3,,,,
ABS:LCI(1.0.0),2,115528,P4,50,Q,2010-Q4,0.5,,,,
ABS:LCI(1.0.0),2,115528,P4,50,Q,2011-Q1,1.9,,,,
ABS:LCI(1.0.0),2,115528,P4,50,Q,2011-Q2,1.5,,,,
ABS:LCI(1.0.0),2,115528,P4,50,Q,2011-Q3,0,,,,
ABS:LCI(1.0.0),2,115528,P4,50,Q,2011-Q4,1,,,,
ABS:LCI(1.0.0),2,115528,P4,50,Q,2012-Q1,0.4,,,,
ABS:LCI(1.0.0),2,115528,P4,50,Q,2012-Q2,0.8,,,,
ABS:LCI(1.0.0),2,115528,P4,50,Q,2012-Q3,1.8,,,,
ABS:LCI(1.0.0),2,115528,P4,50,Q,2012-Q4,1.9,,,,
ABS:LCI(1.0.0),2,115528,P4,50,Q,2013-Q1,2.8,,,,
ABS:LCI(1.0.0),2,115528,P4,50,Q,2013-Q2,0.1,,,,
ABS:LCI(1.0.0),2,115528,P4,50,Q,2013-Q3,-0.8,,,,
ABS:LCI(1.0.0),2,115528,P4,50,Q,2013-Q4,0.1,,,,
ABS:LCI(1.0.0),2,115528,P4,50,Q,2014-Q1,0.3,,,,
ABS:LCI(1.0.0),2,115528,P4,50,Q,2014-Q2,0.2,,,,
ABS:LCI(1.0.0),2,115528,P4,50,Q,2014-Q3,0.4,,,,
ABS:LCI(1.0.0),2,115528,P4,50,Q,2014-Q4,1.5,,,,
ABS:LCI(1.0.0),2,115528,P4,50,Q,2015-Q1,-0.1,,,,
ABS:LCI(1.0.0),2,115528,P4,50,Q,2015-Q2,-0.4,,,,
ABS:LCI(1.0.0),2,115528,P4,50,Q,2015-Q3,1.1,,,,
ABS:LCI(1.0.0),2,115528,P4,50,Q,2015-Q4,1.5,,,,
ABS:LCI(1.0.0),2,115528,P4,50,Q,2016-Q1,1.5,,,,
ABS:LCI(1.0.0),2,115528,P4,50,Q,2016-Q2,1.2,,,,
ABS:LCI(1.0.0),2,115528,P4,50,Q,2016-Q3,2.9,,,,
ABS:LCI(1.0.0),2,115528,P4,50,Q,2016-Q4,1.3,,,,
ABS:LCI(1.0.0),2,115528,P4,50,Q,2017-Q1,1.7,,,,
ABS:LCI(1.0.0),2,115528,P4,50,Q,2017-Q2,-0.6,,,,
ABS:LCI(1.0.0),2,115528,P4,50,Q,2017-Q3,1.1,,,,
ABS:LCI(1.0.0),2,115528,P4,50,Q,2017-Q4,1.6,,,,
ABS:LCI(1.0.0),2,115528,P4,50,Q,2018-Q1,0.3,,,,
ABS:LCI(1.0.0),2,115528,P4,50,Q,2018-Q2,0.7,,,,
ABS:LCI(1.0.0),2,115528,P4,50,Q,2018-Q3,0.8,,,,
ABS:LCI(1.0.0),2,115528,P4,50,Q,2018-Q4,0.6,,,,
ABS:LCI(1.0.0),2,115528,P4,50,Q,2019-Q1,-0.3,,,,
ABS:LCI(1.0.0),2,115528,P4,50,Q,2019-Q2,0,,,,
ABS:LCI(1.0.0),2,115528,P4,50,Q,2019-Q3,0.3,,,,
ABS:LCI(1.0.0),2,115528,P4,50,Q,2019-Q4,0.3,,,,
ABS:LCI(1.0.0),2,115528,P4,50,Q,2020-Q1,0.6,,,,
ABS:LCI(1.0.0),2,115528,P4,50,Q,2020-Q2,0.6,,,,
ABS:LCI(1.0.0),2,115528,P4,50,Q,2020-Q3,0.4,,,,
ABS:LCI(1.0.0),2,115528,P4,50,Q,2020-Q4,0.6,,,,
ABS:LCI(1.0.0),2,115528,P4,50,Q,2021-Q1,-0.5,,,,
ABS:LCI(1.0.0),2,115528,P4,50,Q,2021-Q2,1.7,,,,
ABS:LCI(1.0.0),2,115528,P4,50,Q,2021-Q3,1.3,,,,
ABS:LCI(1.0.0),2,115528,P4,50,Q,2021-Q4,0.5,,,,
ABS:LCI(1.0.0),2,115528,P4,50,Q,2022-Q1,1.1,,,,
ABS:LCI(1.0.0),2,115528,P4,50,Q,2022-Q2,0.2,,,,
ABS:LCI(1.0.0),2,115528,P4,50,Q,2022-Q3,2.1,,,,
ABS:LCI(1.0.0),2,115528,P4,50,Q,2022-Q4,2,,,,
ABS:LCI(1.0.0),2,115528,P4,50,Q,2023-Q1,4,,,,
ABS:LCI(1.0.0),2,115528,P4,50,Q,2023-Q2,5,,,,
ABS:LCI(1.0.0),2,115528,P4,50,Q,2023-Q3,2.6,,,,
ABS:LCI(1.0.0),2,115528,P4,50,Q,2023-Q4,4.1,,,,
ABS:LCI(1.0.0),2,115528,P4,50,Q,2024-Q1,4.1,,,,
ABS:LCI(1.0.0),2,115528,P4,50,Q,2024-Q2,3.1,,,,
ABS:LCI(1.0.0),2,115528,P4,50,Q,2024-Q3,2.6,,,,
ABS:LCI(1.0.0),2,115528,P4,50,Q,2024-Q4,0.9,,,,
ABS:LCI(1.0.0),2,115528,P4,50,Q,2025-Q1,0,,,,
ABS:LCI(1.0.0),2,115528,P4,50,Q,2025-Q2,-0.5,,,,
ABS:LCI(1.0.0),2,115528,P4,50,Q,2025-Q3,1.1,,,,
ABS:LCI(1.0.0),2,115528,P4,50,Q,2025-Q4,1,,,,
ABS:LCI(1.0.0),2,115528,P4,50,Q,2026-Q1,2.2,,,,
ABS:LCI(1.0.0),2,115528,P4,50,Q,2026-Q2,1.3,,,,
ABS:LCI(1.0.0),2,131278,P2,50,Q,1998-Q3,0.8,,,,
ABS:LCI(1.0.0),2,131278,P2,50,Q,1998-Q4,0.8,,,,
ABS:LCI(1.0.0),2,131278,P2,50,Q,1999-Q1,-1.5,,,,
ABS:LCI(1.0.0),2,131278,P2,50,Q,1999-Q2,-0.2,,,,
ABS:LCI(1.0.0),2,131278,P2,50,Q,1999-Q3,1.1,,,,
ABS:LCI(1.0.0),2,131278,P2,50,Q,1999-Q4,1.7,,,,
ABS:LCI(1.0.0),2,131278,P2,50,Q,2000-Q1,5.9,,,,
ABS:LCI(1.0.0),2,131278,P2,50,Q,2000-Q2,1.3,,,,
ABS:LCI(1.0.0),2,131278,P2,50,Q,2000-Q3,15.8,,,,
ABS:LCI(1.0.0),2,131278,P2,50,Q,2000-Q4,3.8,,,,
ABS:LCI(1.0.0),2,131278,P2,50,Q,2001-Q1,1.2,,,,
ABS:LCI(1.0.0),2,131278,P2,50,Q,2001-Q2,-11.3,,,,
ABS:LCI(1.0.0),2,131278,P2,50,Q,2001-Q3,-2.1,,,,
ABS:LCI(1.0.0),2,131278,P2,50,Q,2001-Q4,-3.7,,,,
ABS:LCI(1.0.0),2,131278,P2,50,Q,2002-Q1,1.8,,,,
ABS:LCI(1.0.0),2,131278,P2,50,Q,2002-Q2,-3.4,,,,
ABS:LCI(1.0.0),2,131278,P2,50,Q,2002-Q3,9.3,,,,
ABS:LCI(1.0.0),2,131278,P2,50,Q,2002-Q4,2.7,,,,
ABS:LCI(1.0.0),2,131278,P2,50,Q,2003-Q1,2.3,,,,
ABS:LCI(1.0.0),2,131278,P2,50,Q,2003-Q2,2.5,,,,
ABS:LCI(1.0.0),2,131278,P2,50,Q,2003-Q3,2.7,,,,
ABS:LCI(1.0.0),2,131278,P2,50,Q,2003-Q4,3.3,,,,
ABS:LCI(1.0.0),2,131278,P2,50,Q,2004-Q1,8.9,,,,
ABS:LCI(1.0.0),2,131278,P2,50,Q,2004-Q2,3.9,,,,
ABS:LCI(1.0.0),2,131278,P2,50,Q,2004-Q3,2.5,,,,
ABS:LCI(1.0.0),2,131278,P2,50,Q,2004-Q4,2.4,,,,
ABS:LCI(1.0.0),2,131278,P2,50,Q,2005-Q1,2.2,,,,
ABS:LCI(1.0.0),2,131278,P2,50,Q,2005-Q2,5.3,,,,
ABS:LCI(1.0.0),2,131278,P2,50,Q,2005-Q3,2.1,,,,
ABS:LCI(1.0.0),2,131278,P2,50,Q,2005-Q4,0,,,,
ABS:LCI(1.0.0),2,131278,P2,50,Q,2006-Q1,3.4,,,,
ABS:LCI(1.0.0),2,131278,P2,50,Q,2006-Q2,2.5,,,,
ABS:LCI(1.0.0),2,131278,P2,50,Q,2006-Q3,4.8,,,,
ABS:LCI(1.0.0),2,131278,P2,50,Q,2006-Q4,4.9,,,,
ABS:LCI(1.0.0),2,131278,P2,50,Q,2007-Q1,3.6,,,,
ABS:LCI(1.0.0),2,131278,P2,50,Q,2007-Q2,2.4,,,,
ABS:LCI(1.0.0),2,131278,P2,50,Q,2007-Q3,4.6,,,,
ABS:LCI(1.0.0),2,131278,P2,50,Q,2007-Q4,2.5,,,,
ABS:LCI(1.0.0),2,131278,P2,50,Q,2008-Q1,7.4,,,,
ABS:LCI(1.0.0),2,131278,P2,50,Q,2008-Q2,8.8,,,,
ABS:LCI(1.0.0),2,131278,P2,50,Q,2008-Q3,2.4,,,,
ABS:LCI(1.0.0),2,131278,P2,50,Q,2008-Q4,-3.5,,,,
ABS:LCI(1.0.0),2,131278,P2,50,Q,2009-Q1,-10.8,,,,
ABS:LCI(1.0.0),2,131278,P2,50,Q,2009-Q2,-22.7,,,,
ABS:LCI(1.0.0),2,131278,P2,50,Q,2009-Q3,0,,,,
ABS:LCI(1.0.0),2,131278,P2,50,Q,2009-Q4,4.4,,,,
ABS:LCI(1.0.0),2,131278,P2,50,Q,2010-Q1,9.9,,,,
ABS:LCI(1.0.0),2,131278,P2,50,Q,2010-Q2,9.7,,,,
ABS:LCI(1.0.0),2,131278,P2,50,Q,2010-Q3,5.4,,,,
ABS:LCI(1.0.0),2,131278,P2,50,Q,2010-Q4,3,,,,
ABS:LCI(1.0.0),2,131278,P2,50,Q,2011-Q1,4.6,,,,
ABS:LCI(1.0.0),2,131278,P2,50,Q,2011-Q2,1.4,,,,
ABS:LCI(1.0.0),2,131278,P2,50,Q,2011-Q3,0.6,,,,
ABS:LCI(1.0.0),2,131278,P2,50,Q,2011-Q4,0.4,,,,
ABS:LCI(1.0.0),2,131278,P2,50,Q,2012-Q1,-4,,,,
ABS:LCI(1.0.0),2,131278,P2,50,Q,2012-Q2,-0.5,,,,
ABS:LCI(1.0.0),2,131278,P2,50,Q,2012-Q3,-6.3,,,,
ABS:LCI(1.0.0),2,131278,P2,50,Q,2012-Q4,-1.9,,,,
ABS:LCI(1.0.0),2,131278,P2,50,Q,2013-Q1,-4,,,,
ABS:LCI(1.0.0),2,131278,P2,50,Q,2013-Q2,-1,,,,
ABS:LCI(1.0.0),2,131278,P2,50,Q,2013-Q3,-3.7,,,,
ABS:LCI(1.0.0),2,131278,P2,50,Q,2013-Q4,-3.1,,,,
ABS:LCI(1.0.0),2,131278,P2,50,Q,2014-Q1,1.2,,,,
ABS:LCI(1.0.0),2,131278,P2,50,Q,2014-Q2,0.7,,,,
ABS:LCI(1.0.0),2,131278,P2,50,Q,2014-Q3,0.5,,,,
ABS:LCI(1.0.0),2,131278,P2,50,Q,2014-Q4,0.9,,,,
ABS:LCI(1.0.0),2,131278,P2,50,Q,2015-Q1,-0.1,,,,
ABS:LCI(1.0.0),2,131278,P2,50,Q,2015-Q2,-3.1,,,,
ABS:LCI(1.0.0),2,131278,P2,50,Q,2015-Q3,-2.1,,,,
ABS:LCI(1.0.0),2,131278,P2,50,Q,2015-Q4,1.2,,,,
ABS:LCI(1.0.0),2,131278,P2,50,Q,2016-Q1,2.8,,,,
ABS:LCI(1.0.0),2,131278,P2,50,Q,2016-Q2,-0.3,,,,
ABS:LCI(1.0.0),2,131278,P2,50,Q,2016-Q3,-4,,,,
ABS:LCI(1.0.0),2,131278,P2,50,Q,2016-Q4,-2.7,,,,
ABS:LCI(1.0.0),2,131278,P2,50,Q,2017-Q1,1.6,,,,
ABS:LCI(1.0.0),2,131278,P2,50,Q,2017-Q2,0.2,,,,
ABS:LCI(1.0.0),2,131278,P2,50,Q,2017-Q3,2.1,,,,
ABS:LCI(1.0.0),2,131278,P2,50,Q,2017-Q4,0.5,,,,
ABS:LCI(1.0.0),2,131278,P2,50,Q,2018-Q1,0.4,,,,
ABS:LCI(1.0.0),2,131278,P2,50,Q,2018-Q2,0.3,,,,
ABS:LCI(1.0.0),2,131278,P2,50,Q,2018-Q3,0.3,,,,
ABS:LCI(1.0.0),2,131278,P2,50,Q,2018-Q4,1.3,,,,
ABS:LCI(1.0.0),2,131278,P2,50,Q,2019-Q1,0.3,,,,
ABS:LCI(1.0.0),2,131278,P2,50,Q,2019-Q2,0,,,,
ABS:LCI(1.0.0),2,131278,P2,50,Q,2019-Q3,-7.4,,,,
ABS:LCI(1.0.0),2,131278,P2,50,Q,2019-Q4,-4.9,,,,
ABS:LCI(1.0.0),2,131278,P2,50,Q,2020-Q1,-2.5,,,,
ABS:LCI(1.0.0),2,131278,P2,50,Q,2020-Q2,-5,,,,
ABS:LCI(1.0.0),2,131278,P2,50,Q,2020-Q3,-6.5,,,,
ABS:LCI(1.0.0),2,131278,P2,50,Q,2020-Q4,-2.1,,,,
ABS:LCI(1.0.0),2,131278,P2,50,Q,2021-Q1,-2.3,,,,
ABS:LCI(1.0.0),2,131278,P2,50,Q,2021-Q2,-2.4,,,,
ABS:LCI(1.0.0),2,131278,P2,50,Q,2021-Q3,-1.7,,,,
ABS:LCI(1.0.0),2,131278,P2,50,Q,2021-Q4,-1.6,,,,
ABS:LCI(1.0.0),2,131278,P2,50,Q,2022-Q1,0.1,,,,
ABS:LCI(1.0.0),2,131278,P2,50,Q,2022-Q2,2.5,,,,
ABS:LCI(1.0.0),2,131278,P2,50,Q,2022-Q3,24.2,,,,
ABS:LCI(1.0.0),2,131278,P2,50,Q,2022-Q4,26.8,,,,
ABS:LCI(1.0.0),2,131278,P2,50,Q,2023-Q1,11,,,,
ABS:LCI(1.0.0),2,131278,P2,50,Q,2023-Q2,9.8,,,,
ABS:LCI(1.0.0),2,131278,P2,50,Q,2023-Q3,9.3,,,,
ABS:LCI(1.0.0),2,131278,P2,50,Q,2023-Q4,5.4,,,,
ABS:LCI(1.0.0),2,131278,P2,50,Q,2024-Q1,7.1,,,,
ABS:LCI(1.0.0),2,131278,P2,50,Q,2024-Q2,2.6,,,,
ABS:LCI(1.0.0),2,131278,P2,50,Q,2024-Q3,2.8,,,,
ABS:LCI(1.0.0),2,131278,P2,50,Q,2024-Q4,1.7,,,,
ABS:LCI(1.0.0),2,131278,P2,50,Q,2025-Q1,1.5,,,,
ABS:LCI(1.0.0),2,131278,P2,50,Q,2025-Q2,-1.3,,,,
ABS:LCI(1.0.0),2,131278,P2,50,Q,2025-Q3,-3.7,,,,
ABS:LCI(1.0.0),2,131278,P2,50,Q,2025-Q4,-2.7,,,,
ABS:LCI(1.0.0),2,131278,P2,50,Q,2026-Q1,1.6,,,,
ABS:LCI(1.0.0),2,131278,P2,50,Q,2026-Q2,8.3,,,,
ABS:LCI(1.0.0),3,10001,PBLCI,50,Q,2008-Q2,4.7,,,,
ABS:LCI(1.0.0),3,10001,PBLCI,50,Q,2008-Q3,5.2,,,,
ABS:LCI(1.0.0),3,10001,PBLCI,50,Q,2008-Q4,4.2,,,,
ABS:LCI(1.0.0),3,10001,PBLCI,50,Q,2009-Q1,3.5,,,,
ABS:LCI(1.0.0),3,10001,PBLCI,50,Q,2009-Q2,2.3,,,,
ABS:LCI(1.0.0),3,10001,PBLCI,50,Q,2009-Q3,2,,,,
ABS:LCI(1.0.0),3,10001,PBLCI,50,Q,2009-Q4,2.7,,,,
ABS:LCI(1.0.0),3,10001,PBLCI,50,Q,2010-Q1,2.9,,,,
ABS:LCI(1.0.0),3,10001,PBLCI,50,Q,2010-Q2,3.8,,,,
ABS:LCI(1.0.0),3,10001,PBLCI,50,Q,2010-Q3,3.8,,,,
ABS:LCI(1.0.0),3,10001,PBLCI,50,Q,2010-Q4,3.9,,,,
ABS:LCI(1.0.0),3,10001,PBLCI,50,Q,2011-Q1,4.6,,,,
ABS:LCI(1.0.0),3,10001,PBLCI,50,Q,2011-Q2,4.5,,,,
ABS:LCI(1.0.0),3,10001,PBLCI,50,Q,2011-Q3,4.2,,,,
ABS:LCI(1.0.0),3,10001,PBLCI,50,Q,2011-Q4,3.2,,,,
ABS:LCI(1.0.0),3,10001,PBLCI,50,Q,2012-Q1,1.4,,,,
ABS:LCI(1.0.0),3,10001,PBLCI,50,Q,2012-Q2,1.1,,,,
ABS:LCI(1.0.0),3,10001,PBLCI,50,Q,2012-Q3,1.9,,,,
ABS:LCI(1.0.0),3,10001,PBLCI,50,Q,2012-Q4,2.2,,,,
ABS:LCI(1.0.0),3,10001,PBLCI,50,Q,2013-Q1,2.5,,,,
ABS:LCI(1.0.0),3,10001,PBLCI,50,Q,2013-Q2,2.3,,,,
ABS:LCI(1.0.0),3,10001,PBLCI,50,Q,2013-Q3,1.9,,,,
ABS:LCI(1.0.0),3,10001,PBLCI,50,Q,2013-Q4,2.4,,,,
ABS:LCI(1.0.0),3,10001,PBLCI,50,Q,2014-Q1,3,,,,
ABS:LCI(1.0.0),3,10001,PBLCI,50,Q,2014-Q2,3.1,,,,
ABS:LCI(1.0.0),3,10001,PBLCI,50,Q,2014-Q3,2.1,,,,
ABS:LCI(1.0.0),3,10001,PBLCI,50,Q,2014-Q4,1.6,,,,
ABS:LCI(1.0.0),3,10001,PBLCI,50,Q,2015-Q1,0.9,,,,
ABS:LCI(1.0.0),3,10001,PBLCI,50,Q,2015-Q2,1,,,,
ABS:LCI(1.0.0),3,10001,PBLCI,50,Q,2015-Q3,1,,,,
ABS:LCI(1.0.0),3,10001,PBLCI,50,Q,2015-Q4,1.4,,,,
ABS:LCI(1.0.0),3,10001,PBLCI,50,Q,2016-Q1,1,,,,
ABS:LCI(1.0.0),3,10001,PBLCI,50,Q,2016-Q2,0.9,,,,
ABS:LCI(1.0.0),3,10001,PBLCI,50,Q,2016-Q3,1.5,,,,
ABS:LCI(1.0.0),3,10001,PBLCI,50,Q,2016-Q4,1.7,,,,
ABS:LCI(1.0.0),3,10001,PBLCI,50,Q,2017-Q1,2.4,,,,
ABS:LCI(1.0.0),3,10001,PBLCI,50,Q,2017-Q2,2.1,,,,
ABS:LCI(1.0.0),3,10001,PBLCI,50,Q,2017-Q3,2,,,,
ABS:LCI(1.0.0),3,10001,PBLCI,50,Q,2017-Q4,2.3,,,,
ABS:LCI(1.0.0),3,10001,PBLCI,50,Q,2018-Q1,2.3,,,,
ABS:LCI(1.0.0),3,10001,PBLCI,50,Q,2018-Q2,2.5,,,,
ABS:LCI(1.0.0),3,10001,PBLCI,50,Q,2018-Q3,2.2,,,,
ABS:LCI(1.0.0),3,10001,PBLCI,50,Q,2018-Q4,2,,,,
ABS:LCI(1.0.0),3,10001,PBLCI,50,Q,2019-Q1,1.6,,,,
ABS:LCI(1.0.0),3,10001,PBLCI,50,Q,2019-Q2,1.9,,,,
ABS:LCI(1.0.0),3,10001,PBLCI,50,Q,2019-Q3,1.8,,,,
ABS:LCI(1.0.0),3,10001,PBLCI,50,Q,2019-Q4,1.9,,,,
ABS:LCI(1.0.0),3,10001,PBLCI,50,Q,2020-Q1,2.4,,,,
ABS:LCI(1.0.0),3,10001,PBLCI,50,Q,2020-Q2,0.5,,,,
ABS:LCI(1.0.0),3,10001,PBLCI,50,Q,2020-Q3,0.8,,,,
ABS:LCI(1.0.0),3,10001,PBLCI,50,Q,2020-Q4,0.6,,,,
ABS:LCI(1.0.0),3,10001,PBLCI,50,Q,2021-Q1,0.6,,,,
ABS:LCI(1.0.0),3,10001,PBLCI,50,Q,2021-Q2,2.9,,,,
ABS:LCI(1.0.0),3,10001,PBLCI,50,Q,2021-Q3,2.6,,,,
ABS:LCI(1.0.0),3,10001,PBLCI,50,Q,2021-Q4,3,,,,
ABS:LCI(1.0.0),3,10001,PBLCI,50,Q,2022-Q1,4.6,,,,
ABS:LCI(1.0.0),3,10001,PBLCI,50,Q,2022-Q2,5,,,,
ABS:LCI(1.0.0),3,10001,PBLCI,50,Q,2022-Q3,6.4,,,,
ABS:LCI(1.0.0),3,10001,PBLCI,50,Q,2022-Q4,7.5,,,,
ABS:LCI(1.0.0),3,10001,PBLCI,50,Q,2023-Q1,7.3,,,,
ABS:LCI(1.0.0),3,10001,PBLCI,50,Q,2023-Q2,7,,,,
ABS:LCI(1.0.0),3,10001,PBLCI,50,Q,2023-Q3,5.7,,,,
ABS:LCI(1.0.0),3,10001,PBLCI,50,Q,2023-Q4,4.7,,,,
ABS:LCI(1.0.0),3,10001,PBLCI,50,Q,2024-Q1,3.9,,,,
ABS:LCI(1.0.0),3,10001,PBLCI,50,Q,2024-Q2,4.1,,,,
ABS:LCI(1.0.0),3,10001,PBLCI,50,Q,2024-Q3,3.9,,,,
ABS:LCI(1.0.0),3,10001,PBLCI,50,Q,2024-Q4,2.8,,,,
ABS:LCI(1.0.0),3,10001,PBLCI,50,Q,2025-Q1,3.2,,,,
ABS:LCI(1.0.0),3,10001,PBLCI,50,Q,2025-Q2,2.8,,,,
ABS:LCI(1.0.0),3,10001,PBLCI,50,Q,2025-Q3,3.8,,,,
ABS:LCI(1.0.0),3,10001,PBLCI,50,Q,2025-Q4,4.1,,,,
ABS:LCI(1.0.0),3,10001,PBLCI,50,Q,2026-Q1,5,,,,
ABS:LCI(1.0.0),3,10001,PBLCI,50,Q,2026-Q2,4.6,,,,
ABS:LCI(1.0.0),3,20001,PBLCI,50,Q,2008-Q2,3.6,,,,
ABS:LCI(1.0.0),3,20001,PBLCI,50,Q,2008-Q3,2.8,,,,
ABS:LCI(1.0.0),3,20001,PBLCI,50,Q,2008-Q4,5.7,,,,
ABS:LCI(1.0.0),3,20001,PBLCI,50,Q,2009-Q1,5.9,,,,
ABS:LCI(1.0.0),3,20001,PBLCI,50,Q,2009-Q2,4.7,,,,
ABS:LCI(1.0.0),3,20001,PBLCI,50,Q,2009-Q3,2.2,,,,
ABS:LCI(1.0.0),3,20001,PBLCI,50,Q,2009-Q4,1.5,,,,
ABS:LCI(1.0.0),3,20001,PBLCI,50,Q,2010-Q1,0.3,,,,
ABS:LCI(1.0.0),3,20001,PBLCI,50,Q,2010-Q2,1.1,,,,
ABS:LCI(1.0.0),3,20001,PBLCI,50,Q,2010-Q3,1.6,,,,
ABS:LCI(1.0.0),3,20001,PBLCI,50,Q,2010-Q4,2.4,,,,
ABS:LCI(1.0.0),3,20001,PBLCI,50,Q,2011-Q1,4.7,,,,
ABS:LCI(1.0.0),3,20001,PBLCI,50,Q,2011-Q2,6.8,,,,
ABS:LCI(1.0.0),3,20001,PBLCI,50,Q,2011-Q3,7,,,,
ABS:LCI(1.0.0),3,20001,PBLCI,50,Q,2011-Q4,2.4,,,,
ABS:LCI(1.0.0),3,20001,PBLCI,50,Q,2012-Q1,-3.7,,,,
ABS:LCI(1.0.0),3,20001,PBLCI,50,Q,2012-Q2,-4.4,,,,
ABS:LCI(1.0.0),3,20001,PBLCI,50,Q,2012-Q3,-1.9,,,,
ABS:LCI(1.0.0),3,20001,PBLCI,50,Q,2012-Q4,-0.3,,,,
ABS:LCI(1.0.0),3,20001,PBLCI,50,Q,2013-Q1,1.4,,,,
ABS:LCI(1.0.0),3,20001,PBLCI,50,Q,2013-Q2,0.8,,,,
ABS:LCI(1.0.0),3,20001,PBLCI,50,Q,2013-Q3,-1.3,,,,
ABS:LCI(1.0.0),3,20001,PBLCI,50,Q,2013-Q4,0.8,,,,
ABS:LCI(1.0.0),3,20001,PBLCI,50,Q,2014-Q1,2.2,,,,
ABS:LCI(1.0.0),3,20001,PBLCI,50,Q,2014-Q2,2.6,,,,
ABS:LCI(1.0.0),3,20001,PBLCI,50,Q,2014-Q3,3.9,,,,
ABS:LCI(1.0.0),3,20001,PBLCI,50,Q,2014-Q4,2,,,,
ABS:LCI(1.0.0),3,20001,PBLCI,50,Q,2015-Q1,1.9,,,,
ABS:LCI(1.0.0),3,20001,PBLCI,50,Q,2015-Q2,1.1,,,,
ABS:LCI(1.0.0),3,20001,PBLCI,50,Q,2015-Q3,-0.3,,,,
ABS:LCI(1.0.0),3,20001,PBLCI,50,Q,2015-Q4,0.1,,,,
ABS:LCI(1.0.0),3,20001,PBLCI,50,Q,2016-Q1,-0.5,,,,
ABS:LCI(1.0.0),3,20001,PBLCI,50,Q,2016-Q2,-0.4,,,,
ABS:LCI(1.0.0),3,20001,PBLCI,50,Q,2016-Q3,1.7,,,,
ABS:LCI(1.0.0),3,20001,PBLCI,50,Q,2016-Q4,2,,,,
ABS:LCI(1.0.0),3,20001,PBLCI,50,Q,2017-Q1,2,,,,
ABS:LCI(1.0.0),3,20001,PBLCI,50,Q,2017-Q2,1.9,,,,
ABS:LCI(1.0.0),3,20001,PBLCI,50,Q,2017-Q3,-1.4,,,,
ABS:LCI(1.0.0),3,20001,PBLCI,50,Q,2017-Q4,-0.8,,,,
ABS:LCI(1.0.0),3,20001,PBLCI,50,Q,2018-Q1,0,,,,
ABS:LCI(1.0.0),3,20001,PBLCI,50,Q,2018-Q2,-0.3,,,,
ABS:LCI(1.0.0),3,20001,PBLCI,50,Q,2018-Q3,1.6,,,,
ABS:LCI(1.0.0),3,20001,PBLCI,50,Q,2018-Q4,1.3,,,,
ABS:LCI(1.0.0),3,20001,PBLCI,50,Q,2019-Q1,2.5,,,,
ABS:LCI(1.0.0),3,20001,PBLCI,50,Q,2019-Q2,2.6,,,,
ABS:LCI(1.0.0),3,20001,PBLCI,50,Q,2019-Q3,2.4,,,,
ABS:LCI(1.0.0),3,20001,PBLCI,50,Q,2019-Q4,2.8,,,,
ABS:LCI(1.0.0),3,20001,PBLCI,50,Q,2020-Q1,3.5,,,,
ABS:LCI(1.0.0),3,20001,PBLCI,50,Q,2020-Q2,4.7,,,,
ABS:LCI(1.0.0),3,20001,PBLCI,50,Q,2020-Q3,3.8,,,,
ABS:LCI(1.0.0),3,20001,PBLCI,50,Q,2020-Q4,2.5,,,,
ABS:LCI(1.0.0),3,20001,PBLCI,50,Q,2021-Q1,0.6,,,,
ABS:LCI(1.0.0),3,20001,PBLCI,50,Q,2021-Q2,0.8,,,,
ABS:LCI(1.0.0),3,20001,PBLCI,50,Q,2021-Q3,1.2,,,,
ABS:LCI(1.0.0),3,20001,PBLCI,50,Q,2021-Q4,1.7,,,,
ABS:LCI(1.0.0),3,20001,PBLCI,50,Q,2022-Q1,4.7,,,,
ABS:LCI(1.0.0),3,20001,PBLCI,50,Q,2022-Q2,6.2,,,,
ABS:LCI(1.0.0),3,20001,PBLCI,50,Q,2022-Q3,9.8,,,,
ABS:LCI(1.0.0),3,20001,PBLCI,50,Q,2022-Q4,9.8,,,,
ABS:LCI(1.0.0),3,20001,PBLCI,50,Q,2023-Q1,8.2,,,,
ABS:LCI(1.0.0),3,20001,PBLCI,50,Q,2023-Q2,7.6,,,,
ABS:LCI(1.0.0),3,20001,PBLCI,50,Q,2023-Q3,4.3,,,,
ABS:LCI(1.0.0),3,20001,PBLCI,50,Q,2023-Q4,4.2,,,,
ABS:LCI(1.0.0),3,20001,PBLCI,50,Q,2024-Q1,3.3,,,,
ABS:LCI(1.0.0),3,20001,PBLCI,50,Q,2024-Q2,3,,,,
ABS:LCI(1.0.0),3,20001,PBLCI,50,Q,2024-Q3,3.3,,,,
ABS:LCI(1.0.0),3,20001,PBLCI,50,Q,2024-Q4,3,,,,
ABS:LCI(1.0.0),3,20001,PBLCI,50,Q,2025-Q1,3.4,,,,
ABS:LCI(1.0.0),3,20001,PBLCI,50,Q,2025-Q2,3.2,,,,
ABS:LCI(1.0.0),3,20001,PBLCI,50,Q,2025-Q3,3.1,,,,
ABS:LCI(1.0.0),3,20001,PBLCI,50,Q,2025-Q4,3.3,,,,
ABS:LCI(1.0.0),3,20001,PBLCI,50,Q,2026-Q1,3,,,,
ABS:LCI(1.0.0),3,20001,PBLCI,50,Q,2026-Q2,3,,,,
ABS:LCI(1.0.0),3,20001,P2,50,Q,2008-Q2,3.1,,,,
ABS:LCI(1.0.0),3,20001,P2,50,Q,2008-Q3,2.3,,,,
ABS:LCI(1.0.0),3,20001,P2,50,Q,2008-Q4,5.6,,,,
ABS:LCI(1.0.0),3,20001,P2,50,Q,2009-Q1,5.9,,,,
ABS:LCI(1.0.0),3,20001,P2,50,Q,2009-Q2,4.9,,,,
ABS:LCI(1.0.0),3,20001,P2,50,Q,2009-Q3,2,,,,
ABS:LCI(1.0.0),3,20001,P2,50,Q,2009-Q4,1.5,,,,
ABS:LCI(1.0.0),3,20001,P2,50,Q,2010-Q1,0.2,,,,
ABS:LCI(1.0.0),3,20001,P2,50,Q,2010-Q2,1,,,,
ABS:LCI(1.0.0),3,20001,P2,50,Q,2010-Q3,1.6,,,,
ABS:LCI(1.0.0),3,20001,P2,50,Q,2010-Q4,2.5,,,,
ABS:LCI(1.0.0),3,20001,P2,50,Q,2011-Q1,5.1,,,,
ABS:LCI(1.0.0),3,20001,P2,50,Q,2011-Q2,7.7,,,,
ABS:LCI(1.0.0),3,20001,P2,50,Q,2011-Q3,7.8,,,,
ABS:LCI(1.0.0),3,20001,P2,50,Q,2011-Q4,2.7,,,,
ABS:LCI(1.0.0),3,20001,P2,50,Q,2012-Q1,-4,,,,
ABS:LCI(1.0.0),3,20001,P2,50,Q,2012-Q2,-5,,,,
ABS:LCI(1.0.0),3,20001,P2,50,Q,2012-Q3,-2.4,,,,
ABS:LCI(1.0.0),3,20001,P2,50,Q,2012-Q4,-0.6,,,,
ABS:LCI(1.0.0),3,20001,P2,50,Q,2013-Q1,1.3,,,,
ABS:LCI(1.0.0),3,20001,P2,50,Q,2013-Q2,0.7,,,,
ABS:LCI(1.0.0),3,20001,P2,50,Q,2013-Q3,-1.4,,,,
ABS:LCI(1.0.0),3,20001,P2,50,Q,2013-Q4,0.7,,,,
ABS:LCI(1.0.0),3,20001,P2,50,Q,2014-Q1,2.3,,,,
ABS:LCI(1.0.0),3,20001,P2,50,Q,2014-Q2,2.8,,,,
ABS:LCI(1.0.0),3,20001,P2,50,Q,2014-Q3,4.1,,,,
ABS:LCI(1.0.0),3,20001,P2,50,Q,2014-Q4,2.1,,,,
ABS:LCI(1.0.0),3,20001,P2,50,Q,2015-Q1,2,,,,
ABS:LCI(1.0.0),3,20001,P2,50,Q,2015-Q2,1.2,,,,
ABS:LCI(1.0.0),3,20001,P2,50,Q,2015-Q3,-0.3,,,,
ABS:LCI(1.0.0),3,20001,P2,50,Q,2015-Q4,0.1,,,,
ABS:LCI(1.0.0),3,20001,P2,50,Q,2016-Q1,-0.5,,,,
ABS:LCI(1.0.0),3,20001,P2,50,Q,2016-Q2,-0.5,,,,
ABS:LCI(1.0.0),3,20001,P2,50,Q,2016-Q3,1.8,,,,
ABS:LCI(1.0.0),3,20001,P2,50,Q,2016-Q4,2.3,,,,
ABS:LCI(1.0.0),3,20001,P2,50,Q,2017-Q1,2.3,,,,
ABS:LCI(1.0.0),3,20001,P2,50,Q,2017-Q2,2.1,,,,
ABS:LCI(1.0.0),3,20001,P2,50,Q,2017-Q3,-1.6,,,,
ABS:LCI(1.0.0),3,20001,P2,50,Q,2017-Q4,-0.9,,,,
ABS:LCI(1.0.0),3,20001,P2,50,Q,2018-Q1,-0.1,,,,
ABS:LCI(1.0.0),3,20001,P2,50,Q,2018-Q2,-0.3,,,,
ABS:LCI(1.0.0),3,20001,P2,50,Q,2018-Q3,1.6,,,,
ABS:LCI(1.0.0),3,20001,P2,50,Q,2018-Q4,1.3,,,,
ABS:LCI(1.0.0),3,20001,P2,50,Q,2019-Q1,2.5,,,,
ABS:LCI(1.0.0),3,20001,P2,50,Q,2019-Q2,2.6,,,,
ABS:LCI(1.0.0),3,20001,P2,50,Q,2019-Q3,2.4,,,,
ABS:LCI(1.0.0),3,20001,P2,50,Q,2019-Q4,2.8,,,,
ABS:LCI(1.0.0),3,20001,P2,50,Q,2020-Q1,3.6,,,,
ABS:LCI(1.0.0),3,20001,P2,50,Q,2020-Q2,4.8,,,,
ABS:LCI(1.0.0),3,20001,P2,50,Q,2020-Q3,3.9,,,,
ABS:LCI(1.0.0),3,20001,P2,50,Q,2020-Q4,2.5,,,,
ABS:LCI(1.0.0),3,20001,P2,50,Q,2021-Q1,0.6,,,,
ABS:LCI(1.0.0),3,20001,P2,50,Q,2021-Q2,0.8,,,,
ABS:LCI(1.0.0),3,20001,P2,50,Q,2021-Q3,1.2,,,,
ABS:LCI(1.0.0),3,20001,P2,50,Q,2021-Q4,1.7,,,,
ABS:LCI(1.0.0),3,20001,P2,50,Q,2022-Q1,4.7,,,,
ABS:LCI(1.0.0),3,20001,P2,50,Q,2022-Q2,6.1,,,,
ABS:LCI(1.0.0),3,20001,P2,50,Q,2022-Q3,9.8,,,,
ABS:LCI(1.0.0),3,20001,P2,50,Q,2022-Q4,9.8,,,,
ABS:LCI(1.0.0),3,20001,P2,50,Q,2023-Q1,8.2,,,,
ABS:LCI(1.0.0),3,20001,P2,50,Q,2023-Q2,7.4,,,,
ABS:LCI(1.0.0),3,20001,P2,50,Q,2023-Q3,4.2,,,,
ABS:LCI(1.0.0),3,20001,P2,50,Q,2023-Q4,4.1,,,,
ABS:LCI(1.0.0),3,20001,P2,50,Q,2024-Q1,3.1,,,,
ABS:LCI(1.0.0),3,20001,P2,50,Q,2024-Q2,3,,,,
ABS:LCI(1.0.0),3,20001,P2,50,Q,2024-Q3,3.3,,,,
ABS:LCI(1.0.0),3,20001,P2,50,Q,2024-Q4,3,,,,
ABS:LCI(1.0.0),3,20001,P2,50,Q,2025-Q1,3.5,,,,
ABS:LCI(1.0.0),3,20001,P2,50,Q,2025-Q2,3.2,,,,
ABS:LCI(1.0.0),3,20001,P2,50,Q,2025-Q3,3.1,,,,
ABS:LCI(1.0.0),3,20001,P2,50,Q,2025-Q4,3.3,,,,
ABS:LCI(1.0.0),3,20001,P2,50,Q,2026-Q1,3,,,,
ABS:LCI(1.0.0),3,20001,P2,50,Q,2026-Q2,3,,,,
ABS:LCI(1.0.0),3,20002,PBLCI,50,Q,2008-Q2,1.2,,,,
ABS:LCI(1.0.0),3,20002,PBLCI,50,Q,2008-Q3,-0.1,,,,
ABS:LCI(1.0.0),3,20002,PBLCI,50,Q,2008-Q4,-0.1,,,,
ABS:LCI(1.0.0),3,20002,PBLCI,50,Q,2009-Q1,1.6,,,,
ABS:LCI(1.0.0),3,20002,PBLCI,50,Q,2009-Q2,0.9,,,,
ABS:LCI(1.0.0),3,20002,PBLCI,50,Q,2009-Q3,2.2,,,,
ABS:LCI(1.0.0),3,20002,PBLCI,50,Q,2009-Q4,2.1,,,,
ABS:LCI(1.0.0),3,20002,PBLCI,50,Q,2010-Q1,-1.7,,,,
ABS:LCI(1.0.0),3,20002,PBLCI,50,Q,2010-Q2,-3.9,,,,
ABS:LCI(1.0.0),3,20002,PBLCI,50,Q,2010-Q3,-3,,,,
ABS:LCI(1.0.0),3,20002,PBLCI,50,Q,2010-Q4,-4.7,,,,
ABS:LCI(1.0.0),3,20002,PBLCI,50,Q,2011-Q1,-1.7,,,,
ABS:LCI(1.0.0),3,20002,PBLCI,50,Q,2011-Q2,0.6,,,,
ABS:LCI(1.0.0),3,20002,PBLCI,50,Q,2011-Q3,0.5,,,,
ABS:LCI(1.0.0),3,20002,PBLCI,50,Q,2011-Q4,2,,,,
ABS:LCI(1.0.0),3,20002,PBLCI,50,Q,2012-Q1,0.8,,,,
ABS:LCI(1.0.0),3,20002,PBLCI,50,Q,2012-Q2,0.3,,,,
ABS:LCI(1.0.0),3,20002,PBLCI,50,Q,2012-Q3,-0.7,,,,
ABS:LCI(1.0.0),3,20002,PBLCI,50,Q,2012-Q4,-0.2,,,,
ABS:LCI(1.0.0),3,20002,PBLCI,50,Q,2013-Q1,-1.5,,,,
ABS:LCI(1.0.0),3,20002,PBLCI,50,Q,2013-Q2,-0.3,,,,
ABS:LCI(1.0.0),3,20002,PBLCI,50,Q,2013-Q3,0.3,,,,
ABS:LCI(1.0.0),3,20002,PBLCI,50,Q,2013-Q4,-1,,,,
ABS:LCI(1.0.0),3,20002,PBLCI,50,Q,2014-Q1,0.3,,,,
ABS:LCI(1.0.0),3,20002,PBLCI,50,Q,2014-Q2,-0.6,,,,
ABS:LCI(1.0.0),3,20002,PBLCI,50,Q,2014-Q3,-2.8,,,,
ABS:LCI(1.0.0),3,20002,PBLCI,50,Q,2014-Q4,-1.5,,,,
ABS:LCI(1.0.0),3,20002,PBLCI,50,Q,2015-Q1,-1,,,,
ABS:LCI(1.0.0),3,20002,PBLCI,50,Q,2015-Q2,-1.4,,,,
ABS:LCI(1.0.0),3,20002,PBLCI,50,Q,2015-Q3,-1.2,,,,
ABS:LCI(1.0.0),3,20002,PBLCI,50,Q,2015-Q4,-0.1,,,,
ABS:LCI(1.0.0),3,20002,PBLCI,50,Q,2016-Q1,-0.7,,,,
ABS:LCI(1.0.0),3,20002,PBLCI,50,Q,2016-Q2,-0.1,,,,
ABS:LCI(1.0.0),3,20002,PBLCI,50,Q,2016-Q3,0.5,,,,
ABS:LCI(1.0.0),3,20002,PBLCI,50,Q,2016-Q4,-0.8,,,,
ABS:LCI(1.0.0),3,20002,PBLCI,50,Q,2017-Q1,-0.4,,,,
ABS:LCI(1.0.0),3,20002,PBLCI,50,Q,2017-Q2,-2.9,,,,
ABS:LCI(1.0.0),3,20002,PBLCI,50,Q,2017-Q3,-3.6,,,,
ABS:LCI(1.0.0),3,20002,PBLCI,50,Q,2017-Q4,-3.9,,,,
ABS:LCI(1.0.0),3,20002,PBLCI,50,Q,2018-Q1,-4.2,,,,
ABS:LCI(1.0.0),3,20002,PBLCI,50,Q,2018-Q2,-2.4,,,,
ABS:LCI(1.0.0),3,20002,PBLCI,50,Q,2018-Q3,-1.3,,,,
ABS:LCI(1.0.0),3,20002,PBLCI,50,Q,2018-Q4,-1.1,,,,
ABS:LCI(1.0.0),3,20002,PBLCI,50,Q,2019-Q1,-0.2,,,,
ABS:LCI(1.0.0),3,20002,PBLCI,50,Q,2019-Q2,0.4,,,,
ABS:LCI(1.0.0),3,20002,PBLCI,50,Q,2019-Q3,1.7,,,,
ABS:LCI(1.0.0),3,20002,PBLCI,50,Q,2019-Q4,1,,,,
ABS:LCI(1.0.0),3,20002,PBLCI,50,Q,2020-Q1,1.6,,,,
ABS:LCI(1.0.0),3,20002,PBLCI,50,Q,2020-Q2,0,,,,
ABS:LCI(1.0.0),3,20002,PBLCI,50,Q,2020-Q3,-0.7,,,,
ABS:LCI(1.0.0),3,20002,PBLCI,50,Q,2020-Q4,-1.3,,,,
ABS:LCI(1.0.0),3,20002,PBLCI,50,Q,2021-Q1,-0.8,,,,
ABS:LCI(1.0.0),3,20002,PBLCI,50,Q,2021-Q2,-0.4,,,,
ABS:LCI(1.0.0),3,20002,PBLCI,50,Q,2021-Q3,-5.4,,,,
ABS:LCI(1.0.0),3,20002,PBLCI,50,Q,2021-Q4,-1.3,,,,
ABS:LCI(1.0.0),3,20002,PBLCI,50,Q,2022-Q1,-2,,,,
ABS:LCI(1.0.0),3,20002,PBLCI,50,Q,2022-Q2,1.1,,,,
ABS:LCI(1.0.0),3,20002,PBLCI,50,Q,2022-Q3,5.5,,,,
ABS:LCI(1.0.0),3,20002,PBLCI,50,Q,2022-Q4,5.3,,,,
ABS:LCI(1.0.0),3,20002,PBLCI,50,Q,2023-Q1,3,,,,
ABS:LCI(1.0.0),3,20002,PBLCI,50,Q,2023-Q2,-0.1,,,,
ABS:LCI(1.0.0),3,20002,PBLCI,50,Q,2023-Q3,0.2,,,,
ABS:LCI(1.0.0),3,20002,PBLCI,50,Q,2023-Q4,-1.4,,,,
ABS:LCI(1.0.0),3,20002,PBLCI,50,Q,2024-Q1,1,,,,
ABS:LCI(1.0.0),3,20002,PBLCI,50,Q,2024-Q2,3,,,,
ABS:LCI(1.0.0),3,20002,PBLCI,50,Q,2024-Q3,2.1,,,,
ABS:LCI(1.0.0),3,20002,PBLCI,50,Q,2024-Q4,1.3,,,,
ABS:LCI(1.0.0),3,20002,PBLCI,50,Q,2025-Q1,1.1,,,,
ABS:LCI(1.0.0),3,20002,PBLCI,50,Q,2025-Q2,1.4,,,,
ABS:LCI(1.0.0),3,20002,PBLCI,50,Q,2025-Q3,2.1,,,,
ABS:LCI(1.0.0),3,20002,PBLCI,50,Q,2025-Q4,1.6,,,,
ABS:LCI(1.0.0),3,20002,PBLCI,50,Q,2026-Q1,4.8,,,,
ABS:LCI(1.0.0),3,20002,PBLCI,50,Q,2026-Q2,2.6,,,,
ABS:LCI(1.0.0),3,20003,P3,50,Q,2008-Q2,7,,,,
ABS:LCI(1.0.0),3,20003,P3,50,Q,2008-Q3,7.8,,,,
ABS:LCI(1.0.0),3,20003,P3,50,Q,2008-Q4,7.9,,,,
ABS:LCI(1.0.0),3,20003,P3,50,Q,2009-Q1,7.4,,,,
ABS:LCI(1.0.0),3,20003,P3,50,Q,2009-Q2,7,,,,
ABS:LCI(1.0.0),3,20003,P3,50,Q,2009-Q3,7.5,,,,
ABS:LCI(1.0.0),3,20003,P3,50,Q,2009-Q4,7,,,,
ABS:LCI(1.0.0),3,20003,P3,50,Q,2010-Q1,6.9,,,,
ABS:LCI(1.0.0),3,20003,P3,50,Q,2010-Q2,6.9,,,,
ABS:LCI(1.0.0),3,20003,P3,50,Q,2010-Q3,6,,,,
ABS:LCI(1.0.0),3,20003,P3,50,Q,2010-Q4,5.9,,,,
ABS:LCI(1.0.0),3,20003,P3,50,Q,2011-Q1,5.9,,,,
ABS:LCI(1.0.0),3,20003,P3,50,Q,2011-Q2,5.6,,,,
ABS:LCI(1.0.0),3,20003,P3,50,Q,2011-Q3,5.5,,,,
ABS:LCI(1.0.0),3,20003,P3,50,Q,2011-Q4,5.3,,,,
ABS:LCI(1.0.0),3,20003,P3,50,Q,2012-Q1,4.9,,,,
ABS:LCI(1.0.0),3,20003,P3,50,Q,2012-Q2,5.3,,,,
ABS:LCI(1.0.0),3,20003,P3,50,Q,2012-Q3,6.9,,,,
ABS:LCI(1.0.0),3,20003,P3,50,Q,2012-Q4,6.4,,,,
ABS:LCI(1.0.0),3,20003,P3,50,Q,2013-Q1,6.2,,,,
ABS:LCI(1.0.0),3,20003,P3,50,Q,2013-Q2,6.2,,,,
ABS:LCI(1.0.0),3,20003,P3,50,Q,2013-Q3,4.6,,,,
ABS:LCI(1.0.0),3,20003,P3,50,Q,2013-Q4,4.6,,,,
ABS:LCI(1.0.0),3,20003,P3,50,Q,2014-Q1,4.3,,,,
ABS:LCI(1.0.0),3,20003,P3,50,Q,2014-Q2,3.9,,,,
ABS:LCI(1.0.0),3,20003,P3,50,Q,2014-Q3,1.5,,,,
ABS:LCI(1.0.0),3,20003,P3,50,Q,2014-Q4,1.4,,,,
ABS:LCI(1.0.0),3,20003,P3,50,Q,2015-Q1,1.2,,,,
ABS:LCI(1.0.0),3,20003,P3,50,Q,2015-Q2,1.1,,,,
ABS:LCI(1.0.0),3,20003,P3,50,Q,2015-Q3,1.5,,,,
ABS:LCI(1.0.0),3,20003,P3,50,Q,2015-Q4,1.2,,,,
ABS:LCI(1.0.0),3,20003,P3,50,Q,2016-Q1,0.6,,,,
ABS:LCI(1.0.0),3,20003,P3,50,Q,2016-Q2,0.6,,,,
ABS:LCI(1.0.0),3,20003,P3,50,Q,2016-Q3,1.3,,,,
ABS:LCI(1.0.0),3,20003,P3,50,Q,2016-Q4,1.3,,,,
ABS:LCI(1.0.0),3,20003,P3,50,Q,2017-Q1,1.9,,,,
ABS:LCI(1.0.0),3,20003,P3,50,Q,2017-Q2,1.9,,,,
ABS:LCI(1.0.0),3,20003,P3,50,Q,2017-Q3,3,,,,
ABS:LCI(1.0.0),3,20003,P3,50,Q,2017-Q4,3.1,,,,
ABS:LCI(1.0.0),3,20003,P3,50,Q,2018-Q1,3.3,,,,
ABS:LCI(1.0.0),3,20003,P3,50,Q,2018-Q2,2.8,,,,
ABS:LCI(1.0.0),3,20003,P3,50,Q,2018-Q3,1.1,,,,
ABS:LCI(1.0.0),3,20003,P3,50,Q,2018-Q4,1.1,,,,
ABS:LCI(1.0.0),3,20003,P3,50,Q,2019-Q1,0.5,,,,
ABS:LCI(1.0.0),3,20003,P3,50,Q,2019-Q2,0.5,,,,
ABS:LCI(1.0.0),3,20003,P3,50,Q,2019-Q3,0.5,,,,
ABS:LCI(1.0.0),3,20003,P3,50,Q,2019-Q4,0.3,,,,
ABS:LCI(1.0.0),3,20003,P3,50,Q,2020-Q1,0.6,,,,
ABS:LCI(1.0.0),3,20003,P3,50,Q,2020-Q2,-0.6,,,,
ABS:LCI(1.0.0),3,20003,P3,50,Q,2020-Q3,-1,,,,
ABS:LCI(1.0.0),3,20003,P3,50,Q,2020-Q4,-2,,,,
ABS:LCI(1.0.0),3,20003,P3,50,Q,2021-Q1,-3,,,,
ABS:LCI(1.0.0),3,20003,P3,50,Q,2021-Q2,-0.6,,,,
ABS:LCI(1.0.0),3,20003,P3,50,Q,2021-Q3,0.1,,,,
ABS:LCI(1.0.0),3,20003,P3,50,Q,2021-Q4,1.5,,,,
ABS:LCI(1.0.0),3,20003,P3,50,Q,2022-Q1,3.1,,,,
ABS:LCI(1.0.0),3,20003,P3,50,Q,2022-Q2,2.6,,,,
ABS:LCI(1.0.0),3,20003,P3,50,Q,2022-Q3,4,,,,
ABS:LCI(1.0.0),3,20003,P3,50,Q,2022-Q4,5.6,,,,
ABS:LCI(1.0.0),3,20003,P3,50,Q,2023-Q1,7.5,,,,
ABS:LCI(1.0.0),3,20003,P3,50,Q,2023-Q2,8.2,,,,
ABS:LCI(1.0.0),3,20003,P3,50,Q,2023-Q3,5,,,,
ABS:LCI(1.0.0),3,20003,P3,50,Q,2023-Q4,4.6,,,,
ABS:LCI(1.0.0),3,20003,P3,50,Q,2024-Q1,1.8,,,,
ABS:LCI(1.0.0),3,20003,P3,50,Q,2024-Q2,2.9,,,,
ABS:LCI(1.0.0),3,20003,P3,50,Q,2024-Q3,4.2,,,,
ABS:LCI(1.0.0),3,20003,P3,50,Q,2024-Q4,1,,,,
ABS:LCI(1.0.0),3,20003,P3,50,Q,2025-Q1,3.3,,,,
ABS:LCI(1.0.0),3,20003,P3,50,Q,2025-Q2,4.1,,,,
ABS:LCI(1.0.0),3,20003,P3,50,Q,2025-Q3,6.9,,,,
ABS:LCI(1.0.0),3,20003,P3,50,Q,2025-Q4,8,,,,
ABS:LCI(1.0.0),3,20003,P3,50,Q,2026-Q1,10.6,,,,
ABS:LCI(1.0.0),3,20003,P3,50,Q,2026-Q2,8,,,,
ABS:LCI(1.0.0),3,20005,P3,50,Q,2008-Q2,9.4,,,,
ABS:LCI(1.0.0),3,20005,P3,50,Q,2008-Q3,12.3,,,,
ABS:LCI(1.0.0),3,20005,P3,50,Q,2008-Q4,-1.2,,,,
ABS:LCI(1.0.0),3,20005,P3,50,Q,2009-Q1,-6.5,,,,
ABS:LCI(1.0.0),3,20005,P3,50,Q,2009-Q2,-8.7,,,,
ABS:LCI(1.0.0),3,20005,P3,50,Q,2009-Q3,-7.4,,,,
ABS:LCI(1.0.0),3,20005,P3,50,Q,2009-Q4,0.7,,,,
ABS:LCI(1.0.0),3,20005,P3,50,Q,2010-Q1,5.5,,,,
ABS:LCI(1.0.0),3,20005,P3,50,Q,2010-Q2,4.7,,,,
ABS:LCI(1.0.0),3,20005,P3,50,Q,2010-Q3,0.8,,,,
ABS:LCI(1.0.0),3,20005,P3,50,Q,2010-Q4,2.6,,,,
ABS:LCI(1.0.0),3,20005,P3,50,Q,2011-Q1,4.5,,,,
ABS:LCI(1.0.0),3,20005,P3,50,Q,2011-Q2,5.2,,,,
ABS:LCI(1.0.0),3,20005,P3,50,Q,2011-Q3,6.3,,,,
ABS:LCI(1.0.0),3,20005,P3,50,Q,2011-Q4,5.6,,,,
ABS:LCI(1.0.0),3,20005,P3,50,Q,2012-Q1,3,,,,
ABS:LCI(1.0.0),3,20005,P3,50,Q,2012-Q2,2.1,,,,
ABS:LCI(1.0.0),3,20005,P3,50,Q,2012-Q3,1,,,,
ABS:LCI(1.0.0),3,20005,P3,50,Q,2012-Q4,1.8,,,,
ABS:LCI(1.0.0),3,20005,P3,50,Q,2013-Q1,1.2,,,,
ABS:LCI(1.0.0),3,20005,P3,50,Q,2013-Q2,-0.8,,,,
ABS:LCI(1.0.0),3,20005,P3,50,Q,2013-Q3,3.4,,,,
ABS:LCI(1.0.0),3,20005,P3,50,Q,2013-Q4,2.2,,,,
ABS:LCI(1.0.0),3,20005,P3,50,Q,2014-Q1,3.1,,,,
ABS:LCI(1.0.0),3,20005,P3,50,Q,2014-Q2,3.3,,,,
ABS:LCI(1.0.0),3,20005,P3,50,Q,2014-Q3,-0.1,,,,
ABS:LCI(1.0.0),3,20005,P3,50,Q,2014-Q4,-2.6,,,,
ABS:LCI(1.0.0),3,20005,P3,50,Q,2015-Q1,-8.2,,,,
ABS:LCI(1.0.0),3,20005,P3,50,Q,2015-Q2,-3.5,,,,
ABS:LCI(1.0.0),3,20005,P3,50,Q,2015-Q3,-3.1,,,,
ABS:LCI(1.0.0),3,20005,P3,50,Q,2015-Q4,-2.2,,,,
ABS:LCI(1.0.0),3,20005,P3,50,Q,2016-Q1,-1.1,,,,
ABS:LCI(1.0.0),3,20005,P3,50,Q,2016-Q2,-3.7,,,,
ABS:LCI(1.0.0),3,20005,P3,50,Q,2016-Q3,-4.4,,,,
ABS:LCI(1.0.0),3,20005,P3,50,Q,2016-Q4,-0.5,,,,
ABS:LCI(1.0.0),3,20005,P3,50,Q,2017-Q1,4.9,,,,
ABS:LCI(1.0.0),3,20005,P3,50,Q,2017-Q2,2.6,,,,
ABS:LCI(1.0.0),3,20005,P3,50,Q,2017-Q3,3.1,,,,
ABS:LCI(1.0.0),3,20005,P3,50,Q,2017-Q4,4.6,,,,
ABS:LCI(1.0.0),3,20005,P3,50,Q,2018-Q1,3.6,,,,
ABS:LCI(1.0.0),3,20005,P3,50,Q,2018-Q2,6.9,,,,
ABS:LCI(1.0.0),3,20005,P3,50,Q,2018-Q3,8.1,,,,
ABS:LCI(1.0.0),3,20005,P3,50,Q,2018-Q4,3.5,,,,
ABS:LCI(1.0.0),3,20005,P3,50,Q,2019-Q1,-0.6,,,,
ABS:LCI(1.0.0),3,20005,P3,50,Q,2019-Q2,1.3,,,,
ABS:LCI(1.0.0),3,20005,P3,50,Q,2019-Q3,0.1,,,,
ABS:LCI(1.0.0),3,20005,P3,50,Q,2019-Q4,2.9,,,,
ABS:LCI(1.0.0),3,20005,P3,50,Q,2020-Q1,3.1,,,,
ABS:LCI(1.0.0),3,20005,P3,50,Q,2020-Q2,-10.2,,,,
ABS:LCI(1.0.0),3,20005,P3,50,Q,2020-Q3,-5.8,,,,
ABS:LCI(1.0.0),3,20005,P3,50,Q,2020-Q4,-7,,,,
ABS:LCI(1.0.0),3,20005,P3,50,Q,2021-Q1,-0.4,,,,
ABS:LCI(1.0.0),3,20005,P3,50,Q,2021-Q2,13.1,,,,
ABS:LCI(1.0.0),3,20005,P3,50,Q,2021-Q3,12.4,,,,
ABS:LCI(1.0.0),3,20005,P3,50,Q,2021-Q4,15.7,,,,
ABS:LCI(1.0.0),3,20005,P3,50,Q,2022-Q1,17.1,,,,
ABS:LCI(1.0.0),3,20005,P3,50,Q,2022-Q2,16.5,,,,
ABS:LCI(1.0.0),3,20005,P3,50,Q,2022-Q3,10.8,,,,
ABS:LCI(1.0.0),3,20005,P3,50,Q,2022-Q4,9.1,,,,
ABS:LCI(1.0.0),3,20005,P3,50,Q,2023-Q1,3.8,,,,
ABS:LCI(1.0.0),3,20005,P3,50,Q,2023-Q2,1,,,,
ABS:LCI(1.0.0),3,20005,P3,50,Q,2023-Q3,6.1,,,,
ABS:LCI(1.0.0),3,20005,P3,50,Q,2023-Q4,3.9,,,,
ABS:LCI(1.0.0),3,20005,P3,50,Q,2024-Q1,3.7,,,,
ABS:LCI(1.0.0),3,20005,P3,50,Q,2024-Q2,4.8,,,,
ABS:LCI(1.0.0),3,20005,P3,50,Q,2024-Q3,-2.1,,,,
ABS:LCI(1.0.0),3,20005,P3,50,Q,2024-Q4,-2.7,,,,
ABS:LCI(1.0.0),3,20005,P3,50,Q,2025-Q1,-1.9,,,,
ABS:LCI(1.0.0),3,20005,P3,50,Q,2025-Q2,-3.9,,,,
ABS:LCI(1.0.0),3,20005,P3,50,Q,2025-Q3,0.2,,,,
ABS:LCI(1.0.0),3,20005,P3,50,Q,2025-Q4,1.8,,,,
ABS:LCI(1.0.0),3,20005,P3,50,Q,2026-Q1,3.1,,,,
ABS:LCI(1.0.0),3,20005,P3,50,Q,2026-Q2,3.3,,,,
ABS:LCI(1.0.0),3,115489,P1,50,Q,2008-Q2,1.5,,,,
ABS:LCI(1.0.0),3,115489,P1,50,Q,2008-Q3,1.4,,,,
ABS:LCI(1.0.0),3,115489,P1,50,Q,2008-Q4,1,,,,
ABS:LCI(1.0.0),3,115489,P1,50,Q,2009-Q1,0.4,,,,
ABS:LCI(1.0.0),3,115489,P1,50,Q,2009-Q2,0.7,,,,
ABS:LCI(1.0.0),3,115489,P1,50,Q,2009-Q3,0.3,,,,
ABS:LCI(1.0.0),3,115489,P1,50,Q,2009-Q4,1.4,,,,
ABS:LCI(1.0.0),3,115489,P1,50,Q,2010-Q1,1.3,,,,
ABS:LCI(1.0.0),3,115489,P1,50,Q,2010-Q2,-0.6,,,,
ABS:LCI(1.0.0),3,115489,P1,50,Q,2010-Q3,-0.7,,,,
ABS:LCI(1.0.0),3,115489,P1,50,Q,2010-Q4,-2.1,,,,
ABS:LCI(1.0.0),3,115489,P1,50,Q,2011-Q1,-1.6,,,,
ABS:LCI(1.0.0),3,115489,P1,50,Q,2011-Q2,-0.3,,,,
ABS:LCI(1.0.0),3,115489,P1,50,Q,2011-Q3,-0.2,,,,
ABS:LCI(1.0.0),3,115489,P1,50,Q,2011-Q4,0.3,,,,
ABS:LCI(1.0.0),3,115489,P1,50,Q,2012-Q1,-0.9,,,,
ABS:LCI(1.0.0),3,115489,P1,50,Q,2012-Q2,-1.6,,,,
ABS:LCI(1.0.0),3,115489,P1,50,Q,2012-Q3,-1.6,,,,
ABS:LCI(1.0.0),3,115489,P1,50,Q,2012-Q4,-1.7,,,,
ABS:LCI(1.0.0),3,115489,P1,50,Q,2013-Q1,-0.6,,,,
ABS:LCI(1.0.0),3,115489,P1,50,Q,2013-Q2,-0.1,,,,
ABS:LCI(1.0.0),3,115489,P1,50,Q,2013-Q3,1,,,,
ABS:LCI(1.0.0),3,115489,P1,50,Q,2013-Q4,2.3,,,,
ABS:LCI(1.0.0),3,115489,P1,50,Q,2014-Q1,2.6,,,,
ABS:LCI(1.0.0),3,115489,P1,50,Q,2014-Q2,3.1,,,,
ABS:LCI(1.0.0),3,115489,P1,50,Q,2014-Q3,1.8,,,,
ABS:LCI(1.0.0),3,115489,P1,50,Q,2014-Q4,0.7,,,,
ABS:LCI(1.0.0),3,115489,P1,50,Q,2015-Q1,1.8,,,,
ABS:LCI(1.0.0),3,115489,P1,50,Q,2015-Q2,0.8,,,,
ABS:LCI(1.0.0),3,115489,P1,50,Q,2015-Q3,1,,,,
ABS:LCI(1.0.0),3,115489,P1,50,Q,2015-Q4,1.7,,,,
ABS:LCI(1.0.0),3,115489,P1,50,Q,2016-Q1,0,,,,
ABS:LCI(1.0.0),3,115489,P1,50,Q,2016-Q2,0.8,,,,
ABS:LCI(1.0.0),3,115489,P1,50,Q,2016-Q3,0.6,,,,
ABS:LCI(1.0.0),3,115489,P1,50,Q,2016-Q4,-0.4,,,,
ABS:LCI(1.0.0),3,115489,P1,50,Q,2017-Q1,-0.1,,,,
ABS:LCI(1.0.0),3,115489,P1,50,Q,2017-Q2,-0.1,,,,
ABS:LCI(1.0.0),3,115489,P1,50,Q,2017-Q3,0.6,,,,
ABS:LCI(1.0.0),3,115489,P1,50,Q,2017-Q4,0.7,,,,
ABS:LCI(1.0.0),3,115489,P1,50,Q,2018-Q1,0.7,,,,
ABS:LCI(1.0.0),3,115489,P1,50,Q,2018-Q2,0.8,,,,
ABS:LCI(1.0.0),3,115489,P1,50,Q,2018-Q3,1.2,,,,
ABS:LCI(1.0.0),3,115489,P1,50,Q,2018-Q4,1.8,,,,
ABS:LCI(1.0.0),3,115489,P1,50,Q,2019-Q1,1,,,,
ABS:LCI(1.0.0),3,115489,P1,50,Q,2019-Q2,1.9,,,,
ABS:LCI(1.0.0),3,115489,P1,50,Q,2019-Q3,1.8,,,,
ABS:LCI(1.0.0),3,115489,P1,50,Q,2019-Q4,1.5,,,,
ABS:LCI(1.0.0),3,115489,P1,50,Q,2020-Q1,1.3,,,,
ABS:LCI(1.0.0),3,115489,P1,50,Q,2020-Q2,-0.8,,,,
ABS:LCI(1.0.0),3,115489,P1,50,Q,2020-Q3,-1.3,,,,
ABS:LCI(1.0.0),3,115489,P1,50,Q,2020-Q4,-0.5,,,,
ABS:LCI(1.0.0),3,115489,P1,50,Q,2021-Q1,1,,,,
ABS:LCI(1.0.0),3,115489,P1,50,Q,2021-Q2,2.5,,,,
ABS:LCI(1.0.0),3,115489,P1,50,Q,2021-Q3,2.3,,,,
ABS:LCI(1.0.0),3,115489,P1,50,Q,2021-Q4,2,,,,
ABS:LCI(1.0.0),3,115489,P1,50,Q,2022-Q1,3,,,,
ABS:LCI(1.0.0),3,115489,P1,50,Q,2022-Q2,4.5,,,,
ABS:LCI(1.0.0),3,115489,P1,50,Q,2022-Q3,5,,,,
ABS:LCI(1.0.0),3,115489,P1,50,Q,2022-Q4,9.1,,,,
ABS:LCI(1.0.0),3,115489,P1,50,Q,2023-Q1,8.6,,,,
ABS:LCI(1.0.0),3,115489,P1,50,Q,2023-Q2,6.8,,,,
ABS:LCI(1.0.0),3,115489,P1,50,Q,2023-Q3,5.6,,,,
ABS:LCI(1.0.0),3,115489,P1,50,Q,2023-Q4,0.6,,,,
ABS:LCI(1.0.0),3,115489,P1,50,Q,2024-Q1,0.2,,,,
ABS:LCI(1.0.0),3,115489,P1,50,Q,2024-Q2,0.9,,,,
ABS:LCI(1.0.0),3,115489,P1,50,Q,2024-Q3,2.1,,,,
ABS:LCI(1.0.0),3,115489,P1,50,Q,2024-Q4,3.3,,,,
ABS:LCI(1.0.0),3,115489,P1,50,Q,2025-Q1,1.8,,,,
ABS:LCI(1.0.0),3,115489,P1,50,Q,2025-Q2,1.8,,,,
ABS:LCI(1.0.0),3,115489,P1,50,Q,2025-Q3,2.2,,,,
ABS:LCI(1.0.0),3,115489,P1,50,Q,2025-Q4,3.3,,,,
ABS:LCI(1.0.0),3,115489,P1,50,Q,2026-Q1,3.6,,,,
ABS:LCI(1.0.0),3,115489,P1,50,Q,2026-Q2,2.7,,,,
ABS:LCI(1.0.0),4,20001,P1,50,Q,2025-Q4,16.93,,,,
ABS:LCI(1.0.0),4,20001,P1,50,Q,2026-Q1,17.1,,,,
ABS:LCI(1.0.0),4,20001,P1,50,Q,2026-Q2,17.28,,,,
ABS:LCI(1.0.0),4,20003,P4,50,Q,2025-Q4,11.47,,,,
ABS:LCI(1.0.0),4,20003,P4,50,Q,2026-Q1,11.97,,,,
ABS:LCI(1.0.0),4,20003,P4,50,Q,2026-Q2,12.01,,,,
ABS:LCI(1.0.0),4,20004,PBLCI,50,Q,2025-Q4,7.33,,,,
ABS:LCI(1.0.0),4,20004,PBLCI,50,Q,2026-Q1,7.32,,,,
ABS:LCI(1.0.0),4,20004,PBLCI,50,Q,2026-Q2,7.33,,,,
ABS:LCI(1.0.0),4,115489,P2,50,Q,2025-Q4,11.2,,,,
ABS:LCI(1.0.0),4,115489,P2,50,Q,2026-Q1,11.06,,,,
ABS:LCI(1.0.0),4,115489,P2,50,Q,2026-Q2,11.03,,,,
ABS:LCI(1.0.0),5,10001,P4,50,Q,2025-Q4,0.69,,,,
ABS:LCI(1.0.0),5,10001,P4,50,Q,2026-Q1,1.11,,,,
ABS:LCI(1.0.0),5,10001,P4,50,Q,2026-Q2,0.6,,,,
ABS:LCI(1.0.0),5,20006,P4,50,Q,2025-Q4,0,,,,
ABS:LCI(1.0.0),5,20006,P4,50,Q,2026-Q1,0.1,,,,
ABS:LCI(1.0.0),5,20006,P4,50,Q,2026-Q2,0.01,,,,
ABS:LCI(1.0.0),5,115486,P2,50,Q,2025-Q4,-0.16,,,,
ABS:LCI(1.0.0),5,115486,P2,50,Q,2026-Q1,0.76,,,,
ABS:LCI(1.0.0),5,115486,P2,50,Q,2026-Q2,0.05,,,,
ABS:LCI(1.0.0),5,115489,P1,50,Q,2025-Q4,0.31,,,,
ABS:LCI(1.0.0),5,115489,P1,50,Q,2026-Q1,-0.16,,,,
ABS:LCI(1.0.0),5,115489,P1,50,Q,2026-Q2,-0.04,,,,
ABS:LCI(1.0.0),5,131279,PBLCI,50,Q,2025-Q4,0,,,,
ABS:LCI(1.0.0),5,131279,PBLCI,50,Q,2026-Q1,0.01,,,,
ABS:LCI(1.0.0),5,131279,PBLCI,50,Q,2026-Q2,0.01,,,,
ABS:LCI(1.0.0),1,126670,P2,50,Q,2007-Q2,42.47,,,,
ABS:LCI(1.0.0),1,126670,P2,50,Q,2007-Q3,43.15,,,,
ABS:LCI(1.0.0),1,126670,P2,50,Q,2007-Q4,43.99,,,,
ABS:LCI(1.0.0),1,126670,P2,50,Q,2008-Q1,45.15,,,,
ABS:LCI(1.0.0),1,126670,P2,50,Q,2008-Q2,46.48,,,,
ABS:LCI(1.0.0),1,126670,P2,50,Q,2008-Q3,47.95,,,,
ABS:LCI(1.0.0),1,126670,P2,50,Q,2008-Q4,48.53,,,,
ABS:LCI(1.0.0),1,126670,P2,50,Q,2009-Q1,49.12,,,,
ABS:LCI(1.0.0),1,126670,P2,50,Q,2009-Q2,48.54,,,,
ABS:LCI(1.0.0),1,126670,P2,50,Q,2009-Q3,49.71,,,,
ABS:LCI(1.0.0),1,126670,P2,50,Q,2009-Q4,50.38,,,,
ABS:LCI(1.0.0),1,126670,P2,50,Q,2010-Q1,51.7,,,,
ABS:LCI(1.0.0),1,126670,P2,50,Q,2010-Q2,52.4,,,,
ABS:LCI(1.0.0),1,126670,P2,50,Q,2010-Q3,53.71,,,,
ABS:LCI(1.0.0),1,126670,P2,50,Q,2010-Q4,54.22,,,,
ABS:LCI(1.0.0),1,126670,P2,50,Q,2011-Q1,55.34,,,,
ABS:LCI(1.0.0),1,126670,P2,50,Q,2011-Q2,56.13,,,,
ABS:LCI(1.0.0),1,126670,P2,50,Q,2011-Q3,56.4,,,,
ABS:LCI(1.0.0),1,126670,P2,50,Q,2011-Q4,56.84,,,,
ABS:LCI(1.0.0),1,126670,P2,50,Q,2012-Q1,56.78,,,,
ABS:LCI(1.0.0),1,126670,P2,50,Q,2012-Q2,57.16,,,,
ABS:LCI(1.0.0),1,126670,P2,50,Q,2012-Q3,57.69,,,,
ABS:LCI(1.0.0),1,126670,P2,50,Q,2012-Q4,58.49,,,,
ABS:LCI(1.0.0),1,126670,P2,50,Q,2013-Q1,59.41,,,,
ABS:LCI(1.0.0),1,126670,P2,50,Q,2013-Q2,59.25,,,,
ABS:LCI(1.0.0),1,126670,P2,50,Q,2013-Q3,58.75,,,,
ABS:LCI(1.0.0),1,126670,P2,50,Q,2013-Q4,58.67,,,,
ABS:LCI(1.0.0),1,126670,P2,50,Q,2014-Q1,58.91,,,,
ABS:LCI(1.0.0),1,126670,P2,50,Q,2014-Q2,58.78,,,,
ABS:LCI(1.0.0),1,126670,P2,50,Q,2014-Q3,58.98,,,,
ABS:LCI(1.0.0),1,126670,P2,50,Q,2014-Q4,59.63,,,,
ABS:LCI(1.0.0),1,126670,P2,50,Q,2015-Q1,59.65,,,,
ABS:LCI(1.0.0),1,126670,P2,50,Q,2015-Q2,59.33,,,,
ABS:LCI(1.0.0),1,126670,P2,50,Q,2015-Q3,59.82,,,,
ABS:LCI(1.0.0),1,126670,P2,50,Q,2015-Q4,60.6,,,,
ABS:LCI(1.0.0),1,126670,P2,50,Q,2016-Q1,61.5,,,,
ABS:LCI(1.0.0),1,126670,P2,50,Q,2016-Q2,62.1,,,,
ABS:LCI(1.0.0),1,126670,P2,50,Q,2016-Q3,63.45,,,,
ABS:LCI(1.0.0),1,126670,P2,50,Q,2016-Q4,63.95,,,,
ABS:LCI(1.0.0),1,126670,P2,50,Q,2017-Q1,64.79,,,,
ABS:LCI(1.0.0),1,126670,P2,50,Q,2017-Q2,64.47,,,,
ABS:LCI(1.0.0),1,126670,P2,50,Q,2017-Q3,65.29,,,,
ABS:LCI(1.0.0),1,126670,P2,50,Q,2017-Q4,66.22,,,,
ABS:LCI(1.0.0),1,126670,P2,50,Q,2018-Q1,66.64,,,,
ABS:LCI(1.0.0),1,126670,P2,50,Q,2018-Q2,67.08,,,,
ABS:LCI(1.0.0),1,126670,P2,50,Q,2018-Q3,67.54,,,,
ABS:LCI(1.0.0),1,126670,P2,50,Q,2018-Q4,67.93,,,,
ABS:LCI(1.0.0),1,126670,P2,50,Q,2019-Q1,67.76,,,,
ABS:LCI(1.0.0),1,126670,P2,50,Q,2019-Q2,67.81,,,,
ABS:LCI(1.0.0),1,126670,P2,50,Q,2019-Q3,67.71,,,,
ABS:LCI(1.0.0),1,126670,P2,50,Q,2019-Q4,67.7,,,,
ABS:LCI(1.0.0),1,126670,P2,50,Q,2020-Q1,68,,,,
ABS:LCI(1.0.0),1,126670,P2,50,Q,2020-Q2,68.26,,,,
ABS:LCI(1.0.0),1,126670,P2,50,Q,2020-Q3,67.97,,,,
ABS:LCI(1.0.0),1,126670,P2,50,Q,2020-Q4,68.14,,,,
ABS:LCI(1.0.0),1,126670,P2,50,Q,2021-Q1,67.89,,,,
ABS:LCI(1.0.0),1,126670,P2,50,Q,2021-Q2,68.59,,,,
ABS:LCI(1.0.0),1,126670,P2,50,Q,2021-Q3,69.3,,,,
ABS:LCI(1.0.0),1,126670,P2,50,Q,2021-Q4,69.69,,,,
ABS:LCI(1.0.0),1,126670,P2,50,Q,2022-Q1,70.29,,,,
ABS:LCI(1.0.0),1,126670,P2,50,Q,2022-Q2,70.52,,,,
ABS:LCI(1.0.0),1,126670,P2,50,Q,2022-Q3,72.77,,,,
ABS:LCI(1.0.0),1,126670,P2,50,Q,2022-Q4,75.29,,,,
ABS:LCI(1.0.0),1,126670,P2,50,Q,2023-Q1,78.66,,,,
ABS:LCI(1.0.0),1,126670,P2,50,Q,2023-Q2,82.78,,,,
ABS:LCI(1.0.0),1,126670,P2,50,Q,2023-Q3,85.65,,,,
ABS:LCI(1.0.0),1,126670,P2,50,Q,2023-Q4,89.19,,,,
ABS:LCI(1.0.0),1,126670,P2,50,Q,2024-Q1,92.81,,,,
ABS:LCI(1.0.0),1,126670,P2,50,Q,2024-Q2,95.65,,,,
ABS:LCI(1.0.0),1,126670,P2,50,Q,2024-Q3,98.31,,,,
ABS:LCI(1.0.0),1,126670,P2,50,Q,2024-Q4,99.29,,,,
ABS:LCI(1.0.0),1,126670,P2,50,Q,2025-Q1,99.91,,,,
ABS:LCI(1.0.0),1,126670,P2,50,Q,2025-Q2,99.38,,,,
ABS:LCI(1.0.0),1,126670,P2,50,Q,2025-Q3,100,,,,
ABS:LCI(1.0.0),1,126670,P2,50,Q,2025-Q4,100.34,,,,
ABS:LCI(1.0.0),1,126670,P2,50,Q,2026-Q1,102.24,,,,
ABS:LCI(1.0.0),1,126670,P2,50,Q,2026-Q2,104.57,,,,
ABS:LCI(1.0.0),1,115528,PBLCI,50,Q,2007-Q2,39.72,,,,
ABS:LCI(1.0.0),1,115528,PBLCI,50,Q,2007-Q3,40.12,,,,
ABS:LCI(1.0.0),1,115528,PBLCI,50,Q,2007-Q4,40.71,,,,
ABS:LCI(1.0.0),1,115528,PBLCI,50,Q,2008-Q1,41.51,,,,
ABS:LCI(1.0.0),1,115528,PBLCI,50,Q,2008-Q2,42.5,,,,
ABS:LCI(1.0.0),1,115528,PBLCI,50,Q,2008-Q3,43.89,,,,
ABS:LCI(1.0.0),1,115528,PBLCI,50,Q,2008-Q4,44.6,,,,
ABS:LCI(1.0.0),1,115528,PBLCI,50,Q,2009-Q1,46.03,,,,
ABS:LCI(1.0.0),1,115528,PBLCI,50,Q,2009-Q2,46.53,,,,
ABS:LCI(1.0.0),1,115528,PBLCI,50,Q,2009-Q3,47.85,,,,
ABS:LCI(1.0.0),1,115528,PBLCI,50,Q,2009-Q4,48.25,,,,
ABS:LCI(1.0.0),1,115528,PBLCI,50,Q,2010-Q1,49.29,,,,
ABS:LCI(1.0.0),1,115528,PBLCI,50,Q,2010-Q2,49.44,,,,
ABS:LCI(1.0.0),1,115528,PBLCI,50,Q,2010-Q3,50.65,,,,
ABS:LCI(1.0.0),1,115528,PBLCI,50,Q,2010-Q4,50.83,,,,
ABS:LCI(1.0.0),1,115528,PBLCI,50,Q,2011-Q1,51.6,,,,
ABS:LCI(1.0.0),1,115528,PBLCI,50,Q,2011-Q2,52.35,,,,
ABS:LCI(1.0.0),1,115528,PBLCI,50,Q,2011-Q3,52.28,,,,
ABS:LCI(1.0.0),1,115528,PBLCI,50,Q,2011-Q4,52.78,,,,
ABS:LCI(1.0.0),1,115528,PBLCI,50,Q,2012-Q1,53.02,,,,
ABS:LCI(1.0.0),1,115528,PBLCI,50,Q,2012-Q2,53.44,,,,
ABS:LCI(1.0.0),1,115528,PBLCI,50,Q,2012-Q3,54.46,,,,
ABS:LCI(1.0.0),1,115528,PBLCI,50,Q,2012-Q4,55.49,,,,
ABS:LCI(1.0.0),1,115528,PBLCI,50,Q,2013-Q1,56.84,,,,
ABS:LCI(1.0.0),1,115528,PBLCI,50,Q,2013-Q2,56.81,,,,
ABS:LCI(1.0.0),1,115528,PBLCI,50,Q,2013-Q3,56.26,,,,
ABS:LCI(1.0.0),1,115528,PBLCI,50,Q,2013-Q4,56.26,,,,
ABS:LCI(1.0.0),1,115528,PBLCI,50,Q,2014-Q1,56.32,,,,
ABS:LCI(1.0.0),1,115528,PBLCI,50,Q,2014-Q2,56.07,,,,
ABS:LCI(1.0.0),1,115528,PBLCI,50,Q,2014-Q3,56.36,,,,
ABS:LCI(1.0.0),1,115528,PBLCI,50,Q,2014-Q4,57.11,,,,
ABS:LCI(1.0.0),1,115528,PBLCI,50,Q,2015-Q1,57.15,,,,
ABS:LCI(1.0.0),1,115528,PBLCI,50,Q,2015-Q2,57.17,,,,
ABS:LCI(1.0.0),1,115528,PBLCI,50,Q,2015-Q3,57.78,,,,
ABS:LCI(1.0.0),1,115528,PBLCI,50,Q,2015-Q4,58.76,,,,
ABS:LCI(1.0.0),1,115528,PBLCI,50,Q,2016-Q1,59.64,,,,
ABS:LCI(1.0.0),1,115528,PBLCI,50,Q,2016-Q2,60.34,,,,
ABS:LCI(1.0.0),1,115528,PBLCI,50,Q,2016-Q3,62.28,,,,
ABS:LCI(1.0.0),1,115528,PBLCI,50,Q,2016-Q4,63.05,,,,
ABS:LCI(1.0.0),1,115528,PBLCI,50,Q,2017-Q1,64.06,,,,
ABS:LCI(1.0.0),1,115528,PBLCI,50,Q,2017-Q2,63.64,,,,
ABS:LCI(1.0.0),1,115528,PBLCI,50,Q,2017-Q3,64.39,,,,
ABS:LCI(1.0.0),1,115528,PBLCI,50,Q,2017-Q4,65.37,,,,
ABS:LCI(1.0.0),1,115528,PBLCI,50,Q,2018-Q1,65.75,,,,
ABS:LCI(1.0.0),1,115528,PBLCI,50,Q,2018-Q2,66.27,,,,
ABS:LCI(1.0.0),1,115528,PBLCI,50,Q,2018-Q3,66.84,,,,
ABS:LCI(1.0.0),1,115528,PBLCI,50,Q,2018-Q4,67.26,,,,
ABS:LCI(1.0.0),1,115528,PBLCI,50,Q,2019-Q1,67.11,,,,
ABS:LCI(1.0.0),1,115528,PBLCI,50,Q,2019-Q2,67.16,,,,
ABS:LCI(1.0.0),1,115528,PBLCI,50,Q,2019-Q3,67.28,,,,
ABS:LCI(1.0.0),1,115528,PBLCI,50,Q,2019-Q4,67.52,,,,
ABS:LCI(1.0.0),1,115528,PBLCI,50,Q,2020-Q1,67.98,,,,
ABS:LCI(1.0.0),1,115528,PBLCI,50,Q,2020-Q2,68.39,,,,
ABS:LCI(1.0.0),1,115528,PBLCI,50,Q,2020-Q3,68.56,,,,
ABS:LCI(1.0.0),1,115528,PBLCI,50,Q,2020-Q4,68.98,,,,
ABS:LCI(1.0.0),1,115528,PBLCI,50,Q,2021-Q1,68.9,,,,
ABS:LCI(1.0.0),1,115528,PBLCI,50,Q,2021-Q2,69.92,,,,
ABS:LCI(1.0.0),1,115528,PBLCI,50,Q,2021-Q3,70.82,,,,
ABS:LCI(1.0.0),1,115528,PBLCI,50,Q,2021-Q4,71.54,,,,
ABS:LCI(1.0.0),1,115528,PBLCI,50,Q,2022-Q1,72.4,,,,
ABS:LCI(1.0.0),1,115528,PBLCI,50,Q,2022-Q2,72.72,,,,
ABS:LCI(1.0.0),1,115528,PBLCI,50,Q,2022-Q3,74.32,,,,
ABS:LCI(1.0.0),1,115528,PBLCI,50,Q,2022-Q4,75.87,,,,
ABS:LCI(1.0.0),1,115528,PBLCI,50,Q,2023-Q1,78.87,,,,
ABS:LCI(1.0.0),1,115528,PBLCI,50,Q,2023-Q2,82.86,,,,
ABS:LCI(1.0.0),1,115528,PBLCI,50,Q,2023-Q3,85.28,,,,
ABS:LCI(1.0.0),1,115528,PBLCI,50,Q,2023-Q4,88.97,,,,
ABS:LCI(1.0.0),1,115528,PBLCI,50,Q,2024-Q1,92.46,,,,
ABS:LCI(1.0.0),1,115528,PBLCI,50,Q,2024-Q2,95.4,,,,
ABS:LCI(1.0.0),1,115528,PBLCI,50,Q,2024-Q3,97.93,,,,
ABS:LCI(1.0.0),1,115528,PBLCI,50,Q,2024-Q4,98.78,,,,
ABS:LCI(1.0.0),1,115528,PBLCI,50,Q,2025-Q1,99.03,,,,
ABS:LCI(1.0.0),1,115528,PBLCI,50,Q,2025-Q2,98.48,,,,
ABS:LCI(1.0.0),1,115528,PBLCI,50,Q,2025-Q3,100,,,,
ABS:LCI(1.0.0),1,115528,PBLCI,50,Q,2025-Q4,100.94,,,,
ABS:LCI(1.0.0),1,115528,PBLCI,50,Q,2026-Q1,103.15,,,,
ABS:LCI(1.0.0),1,115528,PBLCI,50,Q,2026-Q2,104.42,,,,
ABS:LCI(1.0.0),2,10001,P2,50,Q,1998-Q3,0.5,,,,
ABS:LCI(1.0.0),2,10001,P2,50,Q,1998-Q4,0.4,,,,
ABS:LCI(1.0.0),2,10001,P2,50,Q,1999-Q1,-0.1,,,,
ABS:LCI(1.0.0),2,10001,P2,50,Q,1999-Q2,0.4,,,,
ABS:LCI(1.0.0),2,10001,P2,50,Q,1999-Q3,0.8,,,,
ABS:LCI(1.0.0),2,10001,P2,50,Q,1999-Q4,0.4,,,,
ABS:LCI(1.0.0),2,10001,P2,50,Q,2000-Q1,1,,,,
ABS:LCI(1.0.0),2,10001,P2,50,Q,2000-Q2,0.7,,,,
ABS:LCI(1.0.0),2,10001,P2,50,Q,2000-Q3,3.6,,,,
ABS:LCI(1.0.0),2,10001,P2,50,Q,2000-Q4,0.4,,,,
ABS:LCI(1.0.0),2,10001,P2,50,Q,2001-Q1,1.4,,,,
ABS:LCI(1.0.0),2,10001,P2,50,Q,2001-Q2,0.7,,,,
ABS:LCI(1.0.0),2,10001,P2,50,Q,2001-Q3,0.4,,,,
ABS:LCI(1.0.0),2,10001,P2,50,Q,2001-Q4,1.3,,,,
ABS:LCI(1.0.0),2,10001,P2,50,Q,2002-Q1,1.1,,,,
ABS:LCI(1.0.0),2,10001,P2,50,Q,2002-Q2,0.4,,,,
ABS:LCI(1.0.0),2,10001,P2,50,Q,2002-Q3,0.7,,,,
ABS:LCI(1.0.0),2,10001,P2,50,Q,2002-Q4,0.8,,,,
ABS:LCI(1.0.0),2,10001,P2,50,Q,2003-Q1,1.7,,,,
ABS:LCI(1.0.0),2,10001,P2,50,Q,2003-Q2,-0.3,,,,
ABS:LCI(1.0.0),2,10001,P2,50,Q,2003-Q3,0.4,,,,
ABS:LCI(1.0.0),2,10001,P2,50,Q,2003-Q4,0.7,,,,
ABS:LCI(1.0.0),2,10001,P2,50,Q,2004-Q1,1.1,,,,
ABS:LCI(1.0.0),2,10001,P2,50,Q,2004-Q2,0.1,,,,
ABS:LCI(1.0.0),2,10001,P2,50,Q,2004-Q3,0.3,,,,
ABS:LCI(1.0.0),2,10001,P2,50,Q,2004-Q4,0.9,,,,
ABS:LCI(1.0.0),2,10001,P2,50,Q,2005-Q1,0.9,,,,
ABS:LCI(1.0.0),2,10001,P2,50,Q,2005-Q2,0.5,,,,
ABS:LCI(1.0.0),2,10001,P2,50,Q,2005-Q3,1,,,,
ABS:LCI(1.0.0),2,10001,P2,50,Q,2005-Q4,0.6,,,,
ABS:LCI(1.0.0),2,10001,P2,50,Q,2006-Q1,1.2,,,,
ABS:LCI(1.0.0),2,10001,P2,50,Q,2006-Q2,2.1,,,,
ABS:LCI(1.0.0),2,10001,P2,50,Q,2006-Q3,1.4,,,,
ABS:LCI(1.0.0),2,10001,P2,50,Q,2006-Q4,-0.2,,,,
ABS:LCI(1.0.0),2,10001,P2,50,Q,2007-Q1,-0.2,,,,
ABS:LCI(1.0.0),2,10001,P2,50,Q,2007-Q2,1.1,,,,
ABS:LCI(1.0.0),2,10001,P2,50,Q,2007-Q3,1,,,,
ABS:LCI(1.0.0),2,10001,P2,50,Q,2007-Q4,0.6,,,,
ABS:LCI(1.0.0),2,10001,P2,50,Q,2008-Q1,1.6,,,,
ABS:LCI(1.0.0),2,10001,P2,50,Q,2008-Q2,1.1,,,,
ABS:LCI(1.0.0),2,10001,P2,50,Q,2008-Q3,1.4,,,,
ABS:LCI(1.0.0),2,10001,P2,50,Q,2008-Q4,-0.1,,,,
ABS:LCI(1.0.0),2,10001,P2,50,Q,2009-Q1,1.2,,,,
ABS:LCI(1.0.0),2,10001,P2,50,Q,2009-Q2,0.3,,,,
ABS:LCI(1.0.0),2,10001,P2,50,Q,2009-Q3,1,,,,
ABS:LCI(1.0.0),2,10001,P2,50,Q,2009-Q4,0.6,,,,
ABS:LCI(1.0.0),2,10001,P2,50,Q,2010-Q1,1.1,,,,
ABS:LCI(1.0.0),2,10001,P2,50,Q,2010-Q2,0.5,,,,
ABS:LCI(1.0.0),2,10001,P2,50,Q,2010-Q3,0.8,,,,
ABS:LCI(1.0.0),2,10001,P2,50,Q,2010-Q4,0.7,,,,
ABS:LCI(1.0.0),2,10001,P2,50,Q,2011-Q1,1.9,,,,
ABS:LCI(1.0.0),2,10001,P2,50,Q,2011-Q2,0.9,,,,
ABS:LCI(1.0.0),2,10001,P2,50,Q,2011-Q3,0.6,,,,
ABS:LCI(1.0.0),2,10001,P2,50,Q,2011-Q4,-0.4,,,,
ABS:LCI(1.0.0),2,10001,P2,50,Q,2012-Q1,0,,,,
ABS:LCI(1.0.0),2,10001,P2,50,Q,2012-Q2,0.5,,,,
ABS:LCI(1.0.0),2,10001,P2,50,Q,2012-Q3,1.9,,,,
ABS:LCI(1.0.0),2,10001,P2,50,Q,2012-Q4,0,,,,
ABS:LCI(1.0.0),2,10001,P2,50,Q,2013-Q1,0.4,,,,
ABS:LCI(1.0.0),2,10001,P2,50,Q,2013-Q2,0.3,,,,
ABS:LCI(1.0.0),2,10001,P2,50,Q,2013-Q3,1.3,,,,
ABS:LCI(1.0.0),2,10001,P2,50,Q,2013-Q4,0.5,,,,
ABS:LCI(1.0.0),2,10001,P2,50,Q,2014-Q1,0.9,,,,
ABS:LCI(1.0.0),2,10001,P2,50,Q,2014-Q2,0.4,,,,
ABS:LCI(1.0.0),2,10001,P2,50,Q,2014-Q3,0.1,,,,
ABS:LCI(1.0.0),2,10001,P2,50,Q,2014-Q4,-0.2,,,,
ABS:LCI(1.0.0),2,10001,P2,50,Q,2015-Q1,0.4,,,,
ABS:LCI(1.0.0),2,10001,P2,50,Q,2015-Q2,0.6,,,,
ABS:LCI(1.0.0),2,10001,P2,50,Q,2015-Q3,0.1,,,,
ABS:LCI(1.0.0),2,10001,P2,50,Q,2015-Q4,0.1,,,,
ABS:LCI(1.0.0),2,10001,P2,50,Q,2016-Q1,0,,,,
ABS:LCI(1.0.0),2,10001,P2,50,Q,2016-Q2,0.5,,,,
ABS:LCI(1.0.0),2,10001,P2,50,Q,2016-Q3,0.9,,,,
ABS:LCI(1.0.0),2,10001,P2,50,Q,2016-Q4,0.3,,,,
ABS:LCI(1.0.0),2,10001,P2,50,Q,2017-Q1,0.7,,,,
ABS:LCI(1.0.0),2,10001,P2,50,Q,2017-Q2,0.1,,,,
ABS:LCI(1.0.0),2,10001,P2,50,Q,2017-Q3,0.5,,,,
ABS:LCI(1.0.0),2,10001,P2,50,Q,2017-Q4,0.7,,,,
ABS:LCI(1.0.0),2,10001,P2,50,Q,2018-Q1,0.8,,,,
ABS:LCI(1.0.0),2,10001,P2,50,Q,2018-Q2,0.2,,,,
ABS:LCI(1.0.0),2,10001,P2,50,Q,2018-Q3,0.5,,,,
ABS:LCI(1.0.0),2,10001,P2,50,Q,2018-Q4,0.4,,,,
ABS:LCI(1.0.0),2,10001,P2,50,Q,2019-Q1,0.3,,,,
ABS:LCI(1.0.0),2,10001,P2,50,Q,2019-Q2,0.6,,,,
ABS:LCI(1.0.0),2,10001,P2,50,Q,2019-Q3,0.5,,,,
ABS:LCI(1.0.0),2,10001,P2,50,Q,2019-Q4,0.5,,,,
ABS:LCI(1.0.0),2,10001,P2,50,Q,2020-Q1,0.8,,,,
ABS:LCI(1.0.0),2,10001,P2,50,Q,2020-Q2,-0.8,,,,
ABS:LCI(1.0.0),2,10001,P2,50,Q,2020-Q3,0.4,,,,
ABS:LCI(1.0.0),2,10001,P2,50,Q,2020-Q4,0,,,,
ABS:LCI(1.0.0),2,10001,P2,50,Q,2021-Q1,0.9,,,,
ABS:LCI(1.0.0),2,10001,P2,50,Q,2021-Q2,1,,,,
ABS:LCI(1.0.0),2,10001,P2,50,Q,2021-Q3,0.6,,,,
ABS:LCI(1.0.0),2,10001,P2,50,Q,2021-Q4,0.8,,,,
ABS:LCI(1.0.0),2,10001,P2,50,Q,2022-Q1,2.4,,,,
ABS:LCI(1.0.0),2,10001,P2,50,Q,2022-Q2,1.3,,,,
ABS:LCI(1.0.0),2,10001,P2,50,Q,2022-Q3,1.8,,,,
ABS:LCI(1.0.0),2,10001,P2,50,Q,2022-Q4,1.7,,,,
ABS:LCI(1.0.0),2,10001,P2,50,Q,2023-Q1,2.2,,,,
ABS:LCI(1.0.0),2,10001,P2,50,Q,2023-Q2,0.9,,,,
ABS:LCI(1.0.0),2,10001,P2,50,Q,2023-Q3,0.4,,,,
ABS:LCI(1.0.0),2,10001,P2,50,Q,2023-Q4,0.8,,,,
ABS:LCI(1.0.0),2,10001,P2,50,Q,2024-Q1,1.1,,,,
ABS:LCI(1.0.0),2,10001,P2,50,Q,2024-Q2,1.3,,,,
ABS:LCI(1.0.0),2,10001,P2,50,Q,2024-Q3,0.3,,,,
ABS:LCI(1.0.0),2,10001,P2,50,Q,2024-Q4,-0.2,,,,
ABS:LCI(1.0.0),2,10001,P2,50,Q,2025-Q1,1.6,,,,
ABS:LCI(1.0.0),2,10001,P2,50,Q,2025-Q2,1,,,,
ABS:LCI(1.0.0),2,10001,P2,50,Q,2025-Q3,1.5,,,,
ABS:LCI(1.0.0),2,10001,P2,50,Q,2025-Q4,0.1,,,,
ABS:LCI(1.0.0),2,10001,P2,50,Q,2026-Q1,2.5,,,,
ABS:LCI(1.0.0),2,10001,P2,50,Q,2026-Q2,0.5,,,,
ABS:LCI(1.0.0),2,20001,PBLCI,50,Q,2007-Q3,2.1,,,,
ABS:LCI(1.0.0),2,20001,PBLCI,50,Q,2007-Q4,-0.4,,,,
ABS:LCI(1.0.0),2,20001,PBLCI,50,Q,2008-Q1,2.2,,,,
ABS:LCI(1.0.0),2,20001,PBLCI,50,Q,2008-Q2,-0.3,,,,
ABS:LCI(1.0.0),2,20001,PBLCI,50,Q,2008-Q3,1.3,,,,
ABS:LCI(1.0.0),2,20001,PBLCI,50,Q,2008-Q4,2.4,,,,
ABS:LCI(1.0.0),2,20001,PBLCI,50,Q,2009-Q1,2.3,,,,
ABS:LCI(1.0.0),2,20001,PBLCI,50,Q,2009-Q2,-1.4,,,,
ABS:LCI(1.0.0),2,20001,PBLCI,50,Q,2009-Q3,-1.1,,,,
ABS:LCI(1.0.0),2,20001,PBLCI,50,Q,2009-Q4,1.7,,,,
ABS:LCI(1.0.0),2,20001,PBLCI,50,Q,2010-Q1,1.1,,,,
ABS:LCI(1.0.0),2,20001,PBLCI,50,Q,2010-Q2,-0.6,,,,
ABS:LCI(1.0.0),2,20001,PBLCI,50,Q,2010-Q3,-0.6,,,,
ABS:LCI(1.0.0),2,20001,PBLCI,50,Q,2010-Q4,2.5,,,,
ABS:LCI(1.0.0),2,20001,PBLCI,50,Q,2011-Q1,3.3,,,,
ABS:LCI(1.0.0),2,20001,PBLCI,50,Q,2011-Q2,1.4,,,,
ABS:LCI(1.0.0),2,20001,PBLCI,50,Q,2011-Q3,-0.4,,,,
ABS:LCI(1.0.0),2,20001,PBLCI,50,Q,2011-Q4,-1.9,,,,
ABS:LCI(1.0.0),2,20001,PBLCI,50,Q,2012-Q1,-2.8,,,,
ABS:LCI(1.0.0),2,20001,PBLCI,50,Q,2012-Q2,0.6,,,,
ABS:LCI(1.0.0),2,20001,PBLCI,50,Q,2012-Q3,2.2,,,,
ABS:LCI(1.0.0),2,20001,PBLCI,50,Q,2012-Q4,-0.3,,,,
ABS:LCI(1.0.0),2,20001,PBLCI,50,Q,2013-Q1,-1.1,,,,
ABS:LCI(1.0.0),2,20001,PBLCI,50,Q,2013-Q2,0,,,,
ABS:LCI(1.0.0),2,20001,PBLCI,50,Q,2013-Q3,0.1,,,,
ABS:LCI(1.0.0),2,20001,PBLCI,50,Q,2013-Q4,1.8,,,,
ABS:LCI(1.0.0),2,20001,PBLCI,50,Q,2014-Q1,0.3,,,,
ABS:LCI(1.0.0),2,20001,PBLCI,50,Q,2014-Q2,0.5,,,,
ABS:LCI(1.0.0),2,20001,PBLCI,50,Q,2014-Q3,1.3,,,,
ABS:LCI(1.0.0),2,20001,PBLCI,50,Q,2014-Q4,-0.1,,,,
ABS:LCI(1.0.0),2,20001,PBLCI,50,Q,2015-Q1,0.2,,,,
ABS:LCI(1.0.0),2,20001,PBLCI,50,Q,2015-Q2,-0.3,,,,
ABS:LCI(1.0.0),2,20001,PBLCI,50,Q,2015-Q3,-0.1,,,,
ABS:LCI(1.0.0),2,20001,PBLCI,50,Q,2015-Q4,0.3,,,,
ABS:LCI(1.0.0),2,20001,PBLCI,50,Q,2016-Q1,-0.3,,,,
ABS:LCI(1.0.0),2,20001,PBLCI,50,Q,2016-Q2,-0.3,,,,
ABS:LCI(1.0.0),2,20001,PBLCI,50,Q,2016-Q3,2.1,,,,
ABS:LCI(1.0.0),2,20001,PBLCI,50,Q,2016-Q4,0.6,,,,
ABS:LCI(1.0.0),2,20001,PBLCI,50,Q,2017-Q1,-0.4,,,,
ABS:LCI(1.0.0),2,20001,PBLCI,50,Q,2017-Q2,-0.4,,,,
ABS:LCI(1.0.0),2,20001,PBLCI,50,Q,2017-Q3,-1.3,,,,
ABS:LCI(1.0.0),2,20001,PBLCI,50,Q,2017-Q4,1.3,,,,
ABS:LCI(1.0.0),2,20001,PBLCI,50,Q,2018-Q1,0.4,,,,
ABS:LCI(1.0.0),2,20001,PBLCI,50,Q,2018-Q2,-0.6,,,,
ABS:LCI(1.0.0),2,20001,PBLCI,50,Q,2018-Q3,0.6,,,,
ABS:LCI(1.0.0),2,20001,PBLCI,50,Q,2018-Q4,1,,,,
ABS:LCI(1.0.0),2,20001,PBLCI,50,Q,2019-Q1,1.5,,,,
ABS:LCI(1.0.0),2,20001,PBLCI,50,Q,2019-Q2,-0.5,,,,
ABS:LCI(1.0.0),2,20001,PBLCI,50,Q,2019-Q3,0.4,,,,
ABS:LCI(1.0.0),2,20001,PBLCI,50,Q,2019-Q4,1.4,,,,
ABS:LCI(1.0.0),2,20001,PBLCI,50,Q,2020-Q1,2.3,,,,
ABS:LCI(1.0.0),2,20001,PBLCI,50,Q,2020-Q2,0.6,,,,
ABS:LCI(1.0.0),2,20001,PBLCI,50,Q,2020-Q3,-0.5,,,,
ABS:LCI(1.0.0),2,20001,PBLCI,50,Q,2020-Q4,0.1,,,,
ABS:LCI(1.0.0),2,20001,PBLCI,50,Q,2021-Q1,0.3,,,,
ABS:LCI(1.0.0),2,20001,PBLCI,50,Q,2021-Q2,0.8,,,,
ABS:LCI(1.0.0),2,20001,PBLCI,50,Q,2021-Q3,0,,,,
ABS:LCI(1.0.0),2,20001,PBLCI,50,Q,2021-Q4,0.6,,,,
ABS:LCI(1.0.0),2,20001,PBLCI,50,Q,2022-Q1,3.3,,,,
ABS:LCI(1.0.0),2,20001,PBLCI,50,Q,2022-Q2,2.2,,,,
ABS:LCI(1.0.0),2,20001,PBLCI,50,Q,2022-Q3,3.4,,,,
ABS:LCI(1.0.0),2,20001,PBLCI,50,Q,2022-Q4,0.6,,,,
ABS:LCI(1.0.0),2,20001,PBLCI,50,Q,2023-Q1,1.8,,,,
ABS:LCI(1.0.0),2,20001,PBLCI,50,Q,2023-Q2,1.6,,,,
ABS:LCI(1.0.0),2,20001,PBLCI,50,Q,2023-Q3,0.3,,,,
ABS:LCI(1.0.0),2,20001,PBLCI,50,Q,2023-Q4,0.5,,,,
ABS:LCI(1.0.0),2,20001,PBLCI,50,Q,2024-Q1,0.9,,,,
ABS:LCI(1.0.0),2,20001,PBLCI,50,Q,2024-Q2,1.3,,,,
ABS:LCI(1.0.0),2,20001,PBLCI,50,Q,2024-Q3,0.6,,,,
ABS:LCI(1.0.0),2,20001,PBLCI,50,Q,2024-Q4,0.1,,,,
ABS:LCI(1.0.0),2,20001,PBLCI,50,Q,2025-Q1,1.4,,,,
ABS:LCI(1.0.0),2,20001,PBLCI,50,Q,2025-Q2,1,,,,
ABS:LCI(1.0.0),2,20001,PBLCI,50,Q,2025-Q3,0.6,,,,
ABS:LCI(1.0.0),2,20001,PBLCI,50,Q,2025-Q4,0.3,,,,
ABS:LCI(1.0.0),2,20001,PBLCI,50,Q,2026-Q1,1,,,,
ABS:LCI(1.0.0),2,20001,PBLCI,50,Q,2026-Q2,1,,,,
ABS:LCI(1.0.0),2,20002,P4,50,Q,2007-Q3,0.5,,,,
ABS:LCI(1.0.0),2,20002,P4,50,Q,2007-Q4,0.3,,,,
ABS:LCI(1.0.0),2,20002,P4,50,Q,2008-Q1,-2.2,,,,
ABS:LCI(1.0.0),2,20002,P4,50,Q,2008-Q2,2.8,,,,
ABS:LCI(1.0.0),2,20002,P4,50,Q,2008-Q3,-0.5,,,,
ABS:LCI(1.0.0),2,20002,P4,50,Q,2008-Q4,0.3,,,,
ABS:LCI(1.0.0),2,20002,P4,50,Q,2009-Q1,-0.3,,,,
ABS:LCI(1.0.0),2,20002,P4,50,Q,2009-Q2,2.1,,,,
ABS:LCI(1.0.0),2,20002,P4,50,Q,2009-Q3,0.5,,,,
ABS:LCI(1.0.0),2,20002,P4,50,Q,2009-Q4,0.1,,,,
ABS:LCI(1.0.0),2,20002,P4,50,Q,2010-Q1,-3.7,,,,
ABS:LCI(1.0.0),2,20002,P4,50,Q,2010-Q2,-0.3,,,,
ABS:LCI(1.0.0),2,20002,P4,50,Q,2010-Q3,1.4,,,,
ABS:LCI(1.0.0),2,20002,P4,50,Q,2010-Q4,-1.7,,,,
ABS:LCI(1.0.0),2,20002,P4,50,Q,2011-Q1,-0.6,,,,
ABS:LCI(1.0.0),2,20002,P4,50,Q,2011-Q2,2.2,,,,
ABS:LCI(1.0.0),2,20002,P4,50,Q,2011-Q3,1.4,,,,
ABS:LCI(1.0.0),2,20002,P4,50,Q,2011-Q4,-0.4,,,,
ABS:LCI(1.0.0),2,20002,P4,50,Q,2012-Q1,-1.6,,,,
ABS:LCI(1.0.0),2,20002,P4,50,Q,2012-Q2,1.5,,,,
ABS:LCI(1.0.0),2,20002,P4,50,Q,2012-Q3,0.2,,,,
ABS:LCI(1.0.0),2,20002,P4,50,Q,2012-Q4,0.4,,,,
ABS:LCI(1.0.0),2,20002,P4,50,Q,2013-Q1,-3.5,,,,
ABS:LCI(1.0.0),2,20002,P4,50,Q,2013-Q2,2.5,,,,
ABS:LCI(1.0.0),2,20002,P4,50,Q,2013-Q3,1,,,,
ABS:LCI(1.0.0),2,20002,P4,50,Q,2013-Q4,-1.1,,,,
ABS:LCI(1.0.0),2,20002,P4,50,Q,2014-Q1,-2,,,,
ABS:LCI(1.0.0),2,20002,P4,50,Q,2014-Q2,1.3,,,,
ABS:LCI(1.0.0),2,20002,P4,50,Q,2014-Q3,-1,,,,
ABS:LCI(1.0.0),2,20002,P4,50,Q,2014-Q4,0.2,,,,
ABS:LCI(1.0.0),2,20002,P4,50,Q,2015-Q1,-1.6,,,,
ABS:LCI(1.0.0),2,20002,P4,50,Q,2015-Q2,1.3,,,,
ABS:LCI(1.0.0),2,20002,P4,50,Q,2015-Q3,-0.9,,,,
ABS:LCI(1.0.0),2,20002,P4,50,Q,2015-Q4,1.2,,,,
ABS:LCI(1.0.0),2,20002,P4,50,Q,2016-Q1,-2.4,,,,
ABS:LCI(1.0.0),2,20002,P4,50,Q,2016-Q2,2,,,,
ABS:LCI(1.0.0),2,20002,P4,50,Q,2016-Q3,-0.2,,,,
ABS:LCI(1.0.0),2,20002,P4,50,Q,2016-Q4,0,,,,
ABS:LCI(1.0.0),2,20002,P4,50,Q,2017-Q1,-1.7,,,,
ABS:LCI(1.0.0),2,20002,P4,50,Q,2017-Q2,-0.4,,,,
ABS:LCI(1.0.0),2,20002,P4,50,Q,2017-Q3,-0.9,,,,
ABS:LCI(1.0.0),2,20002,P4,50,Q,2017-Q4,-0.6,,,,
ABS:LCI(1.0.0),2,20002,P4,50,Q,2018-Q1,-1.8,,,,
ABS:LCI(1.0.0),2,20002,P4,50,Q,2018-Q2,1.4,,,,
ABS:LCI(1.0.0),2,20002,P4,50,Q,2018-Q3,0,,,,
ABS:LCI(1.0.0),2,20002,P4,50,Q,2018-Q4,-0.4,,,,
ABS:LCI(1.0.0),2,20002,P4,50,Q,2019-Q1,-1.4,,,,
ABS:LCI(1.0.0),2,20002,P4,50,Q,2019-Q2,2,,,,
ABS:LCI(1.0.0),2,20002,P4,50,Q,2019-Q3,1.4,,,,
ABS:LCI(1.0.0),2,20002,P4,50,Q,2019-Q4,-0.7,,,,
ABS:LCI(1.0.0),2,20002,P4,50,Q,2020-Q1,-0.9,,,,
ABS:LCI(1.0.0),2,20002,P4,50,Q,2020-Q2,0.6,,,,
ABS:LCI(1.0.0),2,20002,P4,50,Q,2020-Q3,0.7,,,,
ABS:LCI(1.0.0),2,20002,P4,50,Q,2020-Q4,-1.7,,,,
ABS:LCI(1.0.0),2,20002,P4,50,Q,2021-Q1,0.3,,,,
ABS:LCI(1.0.0),2,20002,P4,50,Q,2021-Q2,0.6,,,,
ABS:LCI(1.0.0),2,20002,P4,50,Q,2021-Q3,-3.8,,,,
ABS:LCI(1.0.0),2,20002,P4,50,Q,2021-Q4,2.6,,,,
ABS:LCI(1.0.0),2,20002,P4,50,Q,2022-Q1,-0.8,,,,
ABS:LCI(1.0.0),2,20002,P4,50,Q,2022-Q2,4,,,,
ABS:LCI(1.0.0),2,20002,P4,50,Q,2022-Q3,-0.2,,,,
ABS:LCI(1.0.0),2,20002,P4,50,Q,2022-Q4,2.5,,,,
ABS:LCI(1.0.0),2,20002,P4,50,Q,2023-Q1,-2.8,,,,
ABS:LCI(1.0.0),2,20002,P4,50,Q,2023-Q2,0.3,,,,
ABS:LCI(1.0.0),2,20002,P4,50,Q,2023-Q3,0.4,,,,
ABS:LCI(1.0.0),2,20002,P4,50,Q,2023-Q4,0.7,,,,
ABS:LCI(1.0.0),2,20002,P4,50,Q,2024-Q1,-0.9,,,,
ABS:LCI(1.0.0),2,20002,P4,50,Q,2024-Q2,2.9,,,,
ABS:LCI(1.0.0),2,20002,P4,50,Q,2024-Q3,-0.8,,,,
ABS:LCI(1.0.0),2,20002,P4,50,Q,2024-Q4,0.3,,,,
ABS:LCI(1.0.0),2,20002,P4,50,Q,2025-Q1,-0.8,,,,
ABS:LCI(1.0.0),2,20002,P4,50,Q,2025-Q2,2.8,,,,
ABS:LCI(1.0.0),2,20002,P4,50,Q,2025-Q3,0.4,,,,
ABS:LCI(1.0.0),2,20002,P4,50,Q,2025-Q4,-0.4,,,,
ABS:LCI(1.0.0),2,20002,P4,50,Q,2026-Q1,2.4,,,,
ABS:LCI(1.0.0),2,20002,P4,50,Q,2026-Q2,1.4,,,,
ABS:LCI(1.0.0),2,115486,PBLCI,50,Q,2007-Q3,-1.8,,,,
ABS:LCI(1.0.0),2,115486,PBLCI,50,Q,2007-Q4,-2,,,,
ABS:LCI(1.0.0),2,115486,PBLCI,50,Q,2008-Q1,6.7,,,,
ABS:LCI(1.0.0),2,115486,PBLCI,50,Q,2008-Q2,1.7,,,,
ABS:LCI(1.0.0),2,115486,PBLCI,50,Q,2008-Q3,-1.6,,,,
ABS:LCI(1.0.0),2,115486,PBLCI,50,Q,2008-Q4,-2.1,,,,
ABS:LCI(1.0.0),2,115486,PBLCI,50,Q,2009-Q1,7.2,,,,
ABS:LCI(1.0.0),2,115486,PBLCI,50,Q,2009-Q2,1.5,,,,
ABS:LCI(1.0.0),2,115486,PBLCI,50,Q,2009-Q3,-2,,,,
ABS:LCI(1.0.0),2,115486,PBLCI,50,Q,2009-Q4,-2.1,,,,
ABS:LCI(1.0.0),2,115486,PBLCI,50,Q,2010-Q1,7.2,,,,
ABS:LCI(1.0.0),2,115486,PBLCI,50,Q,2010-Q2,1.4,,,,
ABS:LCI(1.0.0),2,115486,PBLCI,50,Q,2010-Q3,-2,,,,
ABS:LCI(1.0.0),2,115486,PBLCI,50,Q,2010-Q4,-2.2,,,,
ABS:LCI(1.0.0),2,115486,PBLCI,50,Q,2011-Q1,6.7,,,,
ABS:LCI(1.0.0),2,115486,PBLCI,50,Q,2011-Q2,1.6,,,,
ABS:LCI(1.0.0),2,115486,PBLCI,50,Q,2011-Q3,-2.6,,,,
ABS:LCI(1.0.0),2,115486,PBLCI,50,Q,2011-Q4,-2.8,,,,
ABS:LCI(1.0.0),2,115486,PBLCI,50,Q,2012-Q1,8.7,,,,
ABS:LCI(1.0.0),2,115486,PBLCI,50,Q,2012-Q2,0.6,,,,
ABS:LCI(1.0.0),2,115486,PBLCI,50,Q,2012-Q3,-0.2,,,,
ABS:LCI(1.0.0),2,115486,PBLCI,50,Q,2012-Q4,-2.7,,,,
ABS:LCI(1.0.0),2,115486,PBLCI,50,Q,2013-Q1,7.7,,,,
ABS:LCI(1.0.0),2,115486,PBLCI,50,Q,2013-Q2,0.7,,,,
ABS:LCI(1.0.0),2,115486,PBLCI,50,Q,2013-Q3,-1.9,,,,
ABS:LCI(1.0.0),2,115486,PBLCI,50,Q,2013-Q4,-2.2,,,,
ABS:LCI(1.0.0),2,115486,PBLCI,50,Q,2014-Q1,7,,,,
ABS:LCI(1.0.0),2,115486,PBLCI,50,Q,2014-Q2,1.4,,,,
ABS:LCI(1.0.0),2,115486,PBLCI,50,Q,2014-Q3,-1.7,,,,
ABS:LCI(1.0.0),2,115486,PBLCI,50,Q,2014-Q4,-2.7,,,,
ABS:LCI(1.0.0),2,115486,PBLCI,50,Q,2015-Q1,7.3,,,,
ABS:LCI(1.0.0),2,115486,PBLCI,50,Q,2015-Q2,1.4,,,,
ABS:LCI(1.0.0),2,115486,PBLCI,50,Q,2015-Q3,-1.9,,,,
ABS:LCI(1.0.0),2,115486,PBLCI,50,Q,2015-Q4,-2,,,,
ABS:LCI(1.0.0),2,115486,PBLCI,50,Q,2016-Q1,6.3,,,,
ABS:LCI(1.0.0),2,115486,PBLCI,50,Q,2016-Q2,1.3,,,,
ABS:LCI(1.0.0),2,115486,PBLCI,50,Q,2016-Q3,-1.9,,,,
ABS:LCI(1.0.0),2,115486,PBLCI,50,Q,2016-Q4,-2.2,,,,
ABS:LCI(1.0.0),2,115486,PBLCI,50,Q,2017-Q1,6.4,,,,
ABS:LCI(1.0.0),2,115486,PBLCI,50,Q,2017-Q2,1.7,,,,
ABS:LCI(1.0.0),2,115486,PBLCI,50,Q,2017-Q3,-1.3,,,,
ABS:LCI(1.0.0),2,115486,PBLCI,50,Q,2017-Q4,-2,,,,
ABS:LCI(1.0.0),2,115486,PBLCI,50,Q,2018-Q1,6.1,,,,
ABS:LCI(1.0.0),2,115486,PBLCI,50,Q,2018-Q2,0.7,,,,
ABS:LCI(1.0.0),2,115486,PBLCI,50,Q,2018-Q3,-1.8,,,,
ABS:LCI(1.0.0),2,115486,PBLCI,50,Q,2018-Q4,-1.5,,,,
ABS:LCI(1.0.0),2,115486,PBLCI,50,Q,2019-Q1,5.4,,,,
ABS:LCI(1.0.0),2,115486,PBLCI,50,Q,2019-Q2,0.8,,,,
ABS:LCI(1.0.0),2,115486,PBLCI,50,Q,2019-Q3,-1.2,,,,
ABS:LCI(1.0.0),2,115486,PBLCI,50,Q,2019-Q4,-1.6,,,,
ABS:LCI(1.0.0),2,115486,PBLCI,50,Q,2020-Q1,5.1,,,,
ABS:LCI(1.0.0),2,115486,PBLCI,50,Q,2020-Q2,-1,,,,
ABS:LCI(1.0.0),2,115486,PBLCI,50,Q,2020-Q3,-1.9,,,,
ABS:LCI(1.0.0),2,115486,PBLCI,50,Q,2020-Q4,-0.7,,,,
ABS:LCI(1.0.0),2,115486,PBLCI,50,Q,2021-Q1,6.2,,,,
ABS:LCI(1.0.0),2,115486,PBLCI,50,Q,2021-Q2,-0.1,,,,
ABS:LCI(1.0.0),2,115486,PBLCI,50,Q,2021-Q3,-1.3,,,,
ABS:LCI(1.0.0),2,115486,PBLCI,50,Q,2021-Q4,-1.5,,,,
ABS:LCI(1.0.0),2,115486,PBLCI,50,Q,2022-Q1,6.4,,,,
ABS:LCI(1.0.0),2,115486,PBLCI,50,Q,2022-Q2,-1.5,,,,
ABS:LCI(1.0.0),2,115486,PBLCI,50,Q,2022-Q3,-1.4,,,,
ABS:LCI(1.0.0),2,115486,PBLCI,50,Q,2022-Q4,-0.5,,,,
ABS:LCI(1.0.0),2,115486,PBLCI,50,Q,2023-Q1,8.6,,,,
ABS:LCI(1.0.0),2,115486,PBLCI,50,Q,2023-Q2,-0.8,,,,
ABS:LCI(1.0.0),2,115486,PBLCI,50,Q,2023-Q3,-2.1,,,,
ABS:LCI(1.0.0),2,115486,PBLCI,50,Q,2023-Q4,-0.7,,,,
ABS:LCI(1.0.0),2,115486,PBLCI,50,Q,2024-Q1,7.3,,,,
ABS:LCI(1.0.0),2,115486,PBLCI,50,Q,2024-Q2,-0.2,,,,
ABS:LCI(1.0.0),2,115486,PBLCI,50,Q,2024-Q3,-1.5,,,,
ABS:LCI(1.0.0),2,115486,PBLCI,50,Q,2024-Q4,-1.1,,,,
ABS:LCI(1.0.0),2,115486,PBLCI,50,Q,2025-Q1,8,,,,
ABS:LCI(1.0.0),2,115486,PBLCI,50,Q,2025-Q2,-1,,,,
ABS:LCI(1.0.0),2,115486,PBLCI,50,Q,2025-Q3,-1.8,,,,
ABS:LCI(1.0.0),2,115486,PBLCI,50,Q,2025-Q4,-1.5,,,,
ABS:LCI(1.0.0),2,115486,PBLCI,50,Q,2026-Q1,7.2,,,,
ABS:LCI(1.0.0),2,115486,PBLCI,50,Q,2026-Q2,-0.1,,,,
ABS:LCI(1.0.0),2,115489,P1,50,Q,2007-Q3,1.3,,,,
ABS:LCI(1.0.0),2,115489,P1,50,Q,2007-Q4,0.9,,,,
ABS:LCI(1.0.0),2,115489,P1,50,Q,2008-Q1,-0.4,,,,
ABS:LCI(1.0.0),2,115489,P1,50,Q,2008-Q2,-0.2,,,,
ABS:LCI(1.0.0),2,115489,P1,50,Q,2008-Q3,1.2,,,,
ABS:LCI(1.0.0),2,115489,P1,50,Q,2008-Q4,0.5,,,,
ABS:LCI(1.0.0),2,115489,P1,50,Q,2009-Q1,-1,,,,
ABS:LCI(1.0.0),2,115489,P1,50,Q,2009-Q2,0.1,,,,
ABS:LCI(1.0.0),2,115489,P1,50,Q,2009-Q3,0.7,,,,
ABS:LCI(1.0.0),2,115489,P1,50,Q,2009-Q4,1.6,,,,
ABS:LCI(1.0.0),2,115489,P1,50,Q,2010-Q1,-1.1,,,,
ABS:LCI(1.0.0),2,115489,P1,50,Q,2010-Q2,-1.8,,,,
ABS:LCI(1.0.0),2,115489,P1,50,Q,2010-Q3,0.7,,,,
ABS:LCI(1.0.0),2,115489,P1,50,Q,2010-Q4,0.2,,,,
ABS:LCI(1.0.0),2,115489,P1,50,Q,2011-Q1,-0.6,,,,
ABS:LCI(1.0.0),2,115489,P1,50,Q,2011-Q2,-0.5,,,,
ABS:LCI(1.0.0),2,115489,P1,50,Q,2011-Q3,0.8,,,,
ABS:LCI(1.0.0),2,115489,P1,50,Q,2011-Q4,0.7,,,,
ABS:LCI(1.0.0),2,115489,P1,50,Q,2012-Q1,-1.8,,,,
ABS:LCI(1.0.0),2,115489,P1,50,Q,2012-Q2,-1.3,,,,
ABS:LCI(1.0.0),2,115489,P1,50,Q,2012-Q3,0.8,,,,
ABS:LCI(1.0.0),2,115489,P1,50,Q,2012-Q4,0.7,,,,
ABS:LCI(1.0.0),2,115489,P1,50,Q,2013-Q1,-0.8,,,,
ABS:LCI(1.0.0),2,115489,P1,50,Q,2013-Q2,-0.8,,,,
ABS:LCI(1.0.0),2,115489,P1,50,Q,2013-Q3,1.9,,,,
ABS:LCI(1.0.0),2,115489,P1,50,Q,2013-Q4,2,,,,
ABS:LCI(1.0.0),2,115489,P1,50,Q,2014-Q1,-0.4,,,,
ABS:LCI(1.0.0),2,115489,P1,50,Q,2014-Q2,-0.3,,,,
ABS:LCI(1.0.0),2,115489,P1,50,Q,2014-Q3,0.5,,,,
ABS:LCI(1.0.0),2,115489,P1,50,Q,2014-Q4,1,,,,
ABS:LCI(1.0.0),2,115489,P1,50,Q,2015-Q1,0.6,,,,
ABS:LCI(1.0.0),2,115489,P1,50,Q,2015-Q2,-1.3,,,,
ABS:LCI(1.0.0),2,115489,P1,50,Q,2015-Q3,0.7,,,,
ABS:LCI(1.0.0),2,115489,P1,50,Q,2015-Q4,1.6,,,,
ABS:LCI(1.0.0),2,115489,P1,50,Q,2016-Q1,-1,,,,
ABS:LCI(1.0.0),2,115489,P1,50,Q,2016-Q2,-0.6,,,,
ABS:LCI(1.0.0),2,115489,P1,50,Q,2016-Q3,0.5,,,,
ABS:LCI(1.0.0),2,115489,P1,50,Q,2016-Q4,0.6,,,,
ABS:LCI(1.0.0),2,115489,P1,50,Q,2017-Q1,-0.7,,,,
ABS:LCI(1.0.0),2,115489,P1,50,Q,2017-Q2,-0.5,,,,
ABS:LCI(1.0.0),2,115489,P1,50,Q,2017-Q3,1.2,,,,
ABS:LCI(1.0.0),2,115489,P1,50,Q,2017-Q4,0.7,,,,
ABS:LCI(1.0.0),2,115489,P1,50,Q,2018-Q1,-0.7,,,,
ABS:LCI(1.0.0),2,115489,P1,50,Q,2018-Q2,-0.3,,,,
ABS:LCI(1.0.0),2,115489,P1,50,Q,2018-Q3,1.6,,,,
ABS:LCI(1.0.0),2,115489,P1,50,Q,2018-Q4,1.2,,,,
ABS:LCI(1.0.0),2,115489,P1,50,Q,2019-Q1,-1.5,,,,
ABS:LCI(1.0.0),2,115489,P1,50,Q,2019-Q2,0.5,,,,
ABS:LCI(1.0.0),2,115489,P1,50,Q,2019-Q3,1.5,,,,
ABS:LCI(1.0.0),2,115489,P1,50,Q,2019-Q4,1,,,,
ABS:LCI(1.0.0),2,115489,P1,50,Q,2020-Q1,-1.7,,,,
ABS:LCI(1.0.0),2,115489,P1,50,Q,2020-Q2,-1.5,,,,
ABS:LCI(1.0.0),2,115489,P1,50,Q,2020-Q3,1,,,,
ABS:LCI(1.0.0),2,115489,P1,50,Q,2020-Q4,1.7,,,,
ABS:LCI(1.0.0),2,115489,P1,50,Q,2021-Q1,-0.2,,,,
ABS:LCI(1.0.0),2,115489,P1,50,Q,2021-Q2,0,,,,
ABS:LCI(1.0.0),2,115489,P1,50,Q,2021-Q3,0.8,,,,
ABS:LCI(1.0.0),2,115489,P1,50,Q,2021-Q4,1.4,,,,
ABS:LCI(1.0.0),2,115489,P1,50,Q,2022-Q1,0.7,,,,
ABS:LCI(1.0.0),2,115489,P1,50,Q,2022-Q2,1.4,,,,
ABS:LCI(1.0.0),2,115489,P1,50,Q,2022-Q3,1.3,,,,
ABS:LCI(1.0.0),2,115489,P1,50,Q,2022-Q4,5.4,,,,
ABS:LCI(1.0.0),2,115489,P1,50,Q,2023-Q1,0.3,,,,
ABS:LCI(1.0.0),2,115489,P1,50,Q,2023-Q2,-0.2,,,,
ABS:LCI(1.0.0),2,115489,P1,50,Q,2023-Q3,0.1,,,,
ABS:LCI(1.0.0),2,115489,P1,50,Q,2023-Q4,0.4,,,,
ABS:LCI(1.0.0),2,115489,P1,50,Q,2024-Q1,-0.1,,,,
ABS:LCI(1.0.0),2,115489,P1,50,Q,2024-Q2,0.4,,,,
ABS:LCI(1.0.0),2,115489,P1,50,Q,2024-Q3,1.3,,,,
ABS:LCI(1.0.0),2,115489,P1,50,Q,2024-Q4,1.6,,,,
ABS:LCI(1.0.0),2,115489,P1,50,Q,2025-Q1,-1.6,,,,
ABS:LCI(1.0.0),2,115489,P1,50,Q,2025-Q2,0.4,,,,
ABS:LCI(1.0.0),2,115489,P1,50,Q,2025-Q3,1.8,,,,
ABS:LCI(1.0.0),2,115489,P1,50,Q,2025-Q4,2.6,,,,
ABS:LCI(1.0.0),2,115489,P1,50,Q,2026-Q1,-1.3,,,,
ABS:LCI(1.0.0),2,115489,P1,50,Q,2026-Q2,-0.4,,,,
ABS:LCI(1.0.0),2,115493,P1,50,Q,2007-Q3,-1.1,,,,
ABS:LCI(1.0.0),2,115493,P1,50,Q,2007-Q4,0,,,,
ABS:LCI(1.0.0),2,115493,P1,50,Q,2008-Q1,5.4,,,,
ABS:LCI(1.0.0),2,115493,P1,50,Q,2008-Q2,0,,,,
ABS:LCI(1.0.0),2,115493,P1,50,Q,2008-Q3,-0.5,,,,
ABS:LCI(1.0.0),2,115493,P1,50,Q,2008-Q4,0,,,,
ABS:LCI(1.0.0),2,115493,P1,50,Q,2009-Q1,5.7,,,,
ABS:LCI(1.0.0),2,115493,P1,50,Q,2009-Q2,0.1,,,,
ABS:LCI(1.0.0),2,115493,P1,50,Q,2009-Q3,0,,,,
ABS:LCI(1.0.0),2,115493,P1,50,Q,2009-Q4,0.1,,,,
ABS:LCI(1.0.0),2,115493,P1,50,Q,2010-Q1,5.4,,,,
ABS:LCI(1.0.0),2,115493,P1,50,Q,2010-Q2,0,,,,
ABS:LCI(1.0.0),2,115493,P1,50,Q,2010-Q3,0.1,,,,
ABS:LCI(1.0.0),2,115493,P1,50,Q,2010-Q4,0,,,,
ABS:LCI(1.0.0),2,115493,P1,50,Q,2011-Q1,5.7,,,,
ABS:LCI(1.0.0),2,115493,P1,50,Q,2011-Q2,0,,,,
ABS:LCI(1.0.0),2,115493,P1,50,Q,2011-Q3,0,,,,
ABS:LCI(1.0.0),2,115493,P1,50,Q,2011-Q4,0,,,,
ABS:LCI(1.0.0),2,115493,P1,50,Q,2012-Q1,6,,,,
ABS:LCI(1.0.0),2,115493,P1,50,Q,2012-Q2,0,,,,
ABS:LCI(1.0.0),2,115493,P1,50,Q,2012-Q3,0.1,,,,
ABS:LCI(1.0.0),2,115493,P1,50,Q,2012-Q4,0,,,,
ABS:LCI(1.0.0),2,115493,P1,50,Q,2013-Q1,5.6,,,,
ABS:LCI(1.0.0),2,115493,P1,50,Q,2013-Q2,-0.2,,,,
ABS:LCI(1.0.0),2,115493,P1,50,Q,2013-Q3,0,,,,
ABS:LCI(1.0.0),2,115493,P1,50,Q,2013-Q4,0,,,,
ABS:LCI(1.0.0),2,115493,P1,50,Q,2014-Q1,5.2,,,,
ABS:LCI(1.0.0),2,115493,P1,50,Q,2014-Q2,0,,,,
ABS:LCI(1.0.0),2,115493,P1,50,Q,2014-Q3,0.1,,,,
ABS:LCI(1.0.0),2,115493,P1,50,Q,2014-Q4,0,,,,
ABS:LCI(1.0.0),2,115493,P1,50,Q,2015-Q1,5.4,,,,
ABS:LCI(1.0.0),2,115493,P1,50,Q,2015-Q2,0,,,,
ABS:LCI(1.0.0),2,115493,P1,50,Q,2015-Q3,0.1,,,,
ABS:LCI(1.0.0),2,115493,P1,50,Q,2015-Q4,0,,,,
ABS:LCI(1.0.0),2,115493,P1,50,Q,2016-Q1,3.4,,,,
ABS:LCI(1.0.0),2,115493,P1,50,Q,2016-Q2,0,,,,
ABS:LCI(1.0.0),2,115493,P1,50,Q,2016-Q3,0.2,,,,
ABS:LCI(1.0.0),2,115493,P1,50,Q,2016-Q4,0,,,,
ABS:LCI(1.0.0),2,115493,P1,50,Q,2017-Q1,3.1,,,,
ABS:LCI(1.0.0),2,115493,P1,50,Q,2017-Q2,0,,,,
ABS:LCI(1.0.0),2,115493,P1,50,Q,2017-Q3,0.1,,,,
ABS:LCI(1.0.0),2,115493,P1,50,Q,2017-Q4,0.1,,,,
ABS:LCI(1.0.0),2,115493,P1,50,Q,2018-Q1,2.8,,,,
ABS:LCI(1.0.0),2,115493,P1,50,Q,2018-Q2,0.1,,,,
ABS:LCI(1.0.0),2,115493,P1,50,Q,2018-Q3,-0.1,,,,
ABS:LCI(1.0.0),2,115493,P1,50,Q,2018-Q4,0,,,,
ABS:LCI(1.0.0),2,115493,P1,50,Q,2019-Q1,2.9,,,,
ABS:LCI(1.0.0),2,115493,P1,50,Q,2019-Q2,0,,,,
ABS:LCI(1.0.0),2,115493,P1,50,Q,2019-Q3,0.1,,,,
ABS:LCI(1.0.0),2,115493,P1,50,Q,2019-Q4,0.1,,,,
ABS:LCI(1.0.0),2,115493,P1,50,Q,2020-Q1,2.7,,,,
ABS:LCI(1.0.0),2,115493,P1,50,Q,2020-Q2,-4.2,,,,
ABS:LCI(1.0.0),2,115493,P1,50,Q,2020-Q3,2.3,,,,
ABS:LCI(1.0.0),2,115493,P1,50,Q,2020-Q4,1.4,,,,
ABS:LCI(1.0.0),2,115493,P1,50,Q,2021-Q1,0.8,,,,
ABS:LCI(1.0.0),2,115493,P1,50,Q,2021-Q2,0,,,,
ABS:LCI(1.0.0),2,115493,P1,50,Q,2021-Q3,0.1,,,,
ABS:LCI(1.0.0),2,115493,P1,50,Q,2021-Q4,0,,,,
ABS:LCI(1.0.0),2,115493,P1,50,Q,2022-Q1,4.4,,,,
ABS:LCI(1.0.0),2,115493,P1,50,Q,2022-Q2,0,,,,
ABS:LCI(1.0.0),2,115493,P1,50,Q,2022-Q3,0,,,,
ABS:LCI(1.0.0),2,115493,P1,50,Q,2022-Q4,0.1,,,,
ABS:LCI(1.0.0),2,115493,P1,50,Q,2023-Q1,4.8,,,,
ABS:LCI(1.0.0),2,115493,P1,50,Q,2023-Q2,-0.3,,,,
ABS:LCI(1.0.0),2,115493,P1,50,Q,2023-Q3,-0.5,,,,
ABS:LCI(1.0.0),2,115493,P1,50,Q,2023-Q4,-0.1,,,,
ABS:LCI(1.0.0),2,115493,P1,50,Q,2024-Q1,5.8,,,,
ABS:LCI(1.0.0),2,115493,P1,50,Q,2024-Q2,0.2,,,,
ABS:LCI(1.0.0),2,115493,P1,50,Q,2024-Q3,0.4,,,,
ABS:LCI(1.0.0),2,115493,P1,50,Q,2024-Q4,0,,,,
ABS:LCI(1.0.0),2,115493,P1,50,Q,2025-Q1,5.4,,,,
ABS:LCI(1.0.0),2,115493,P1,50,Q,2025-Q2,0,,,,
ABS:LCI(1.0.0),2,115493,P1,50,Q,2025-Q3,0.1,,,,
ABS:LCI(1.0.0),2,115493,P1,50,Q,2025-Q4,0.1,,,,
ABS:LCI(1.0.0),2,115493,P1,50,Q,2026-Q1,3.2,,,,
ABS:LCI(1.0.0),2,115493,P1,50,Q,2026-Q2,1.6,,,,
ABS:LCI(1.0.0),2,115493,P4,50,Q,2007-Q3,-1.5,,,,
ABS:LCI(1.0.0),2,115493,P4,50,Q,2007-Q4,0,,,,
ABS:LCI(1.0.0),2,115493,P4,50,Q,2008-Q1,5.8,,,,
ABS:LCI(1.0.0),2,115493,P4,50,Q,2008-Q2,0.1,,,,
ABS:LCI(1.0.0),2,115493,P4,50,Q,2008-Q3,-0.7,,,,
ABS:LCI(1.0.0),2,115493,P4,50,Q,2008-Q4,0,,,,
ABS:LCI(1.0.0),2,115493,P4,50,Q,2009-Q1,6.4,,,,
ABS:LCI(1.0.0),2,115493,P4,50,Q,2009-Q2,0.1,,,,
ABS:LCI(1.0.0),2,115493,P4,50,Q,2009-Q3,0,,,,
ABS:LCI(1.0.0),2,115493,P4,50,Q,2009-Q4,0.1,,,,
ABS:LCI(1.0.0),2,115493,P4,50,Q,2010-Q1,5.3,,,,
ABS:LCI(1.0.0),2,115493,P4,50,Q,2010-Q2,0,,,,
ABS:LCI(1.0.0),2,115493,P4,50,Q,2010-Q3,0.1,,,,
ABS:LCI(1.0.0),2,115493,P4,50,Q,2010-Q4,0,,,,
ABS:LCI(1.0.0),2,115493,P4,50,Q,2011-Q1,6.1,,,,
ABS:LCI(1.0.0),2,115493,P4,50,Q,2011-Q2,0,,,,
ABS:LCI(1.0.0),2,115493,P4,50,Q,2011-Q3,0,,,,
ABS:LCI(1.0.0),2,115493,P4,50,Q,2011-Q4,0,,,,
ABS:LCI(1.0.0),2,115493,P4,50,Q,2012-Q1,6.2,,,,
ABS:LCI(1.0.0),2,115493,P4,50,Q,2012-Q2,0,,,,
ABS:LCI(1.0.0),2,115493,P4,50,Q,2012-Q3,0.1,,,,
ABS:LCI(1.0.0),2,115493,P4,50,Q,2012-Q4,0,,,,
ABS:LCI(1.0.0),2,115493,P4,50,Q,2013-Q1,5.7,,,,
ABS:LCI(1.0.0),2,115493,P4,50,Q,2013-Q2,-0.1,,,,
ABS:LCI(1.0.0),2,115493,P4,50,Q,2013-Q3,0,,,,
ABS:LCI(1.0.0),2,115493,P4,50,Q,2013-Q4,0,,,,
ABS:LCI(1.0.0),2,115493,P4,50,Q,2014-Q1,5.3,,,,
ABS:LCI(1.0.0),2,115493,P4,50,Q,2014-Q2,0,,,,
ABS:LCI(1.0.0),2,115493,P4,50,Q,2014-Q3,0,,,,
ABS:LCI(1.0.0),2,115493,P4,50,Q,2014-Q4,0,,,,
ABS:LCI(1.0.0),2,115493,P4,50,Q,2015-Q1,5.3,,,,
ABS:LCI(1.0.0),2,115493,P4,50,Q,2015-Q2,0,,,,
ABS:LCI(1.0.0),2,115493,P4,50,Q,2015-Q3,0.1,,,,
ABS:LCI(1.0.0),2,115493,P4,50,Q,2015-Q4,0,,,,
ABS:LCI(1.0.0),2,115493,P4,50,Q,2016-Q1,3.4,,,,
ABS:LCI(1.0.0),2,115493,P4,50,Q,2016-Q2,0,,,,
ABS:LCI(1.0.0),2,115493,P4,50,Q,2016-Q3,0.1,,,,
ABS:LCI(1.0.0),2,115493,P4,50,Q,2016-Q4,0,,,,
ABS:LCI(1.0.0),2,115493,P4,50,Q,2017-Q1,3.3,,,,
ABS:LCI(1.0.0),2,115493,P4,50,Q,2017-Q2,0,,,,
ABS:LCI(1.0.0),2,115493,P4,50,Q,2017-Q3,0,,,,
ABS:LCI(1.0.0),2,115493,P4,50,Q,2017-Q4,0,,,,
ABS:LCI(1.0.0),2,115493,P4,50,Q,2018-Q1,3,,,,
ABS:LCI(1.0.0),2,115493,P4,50,Q,2018-Q2,0,,,,
ABS:LCI(1.0.0),2,115493,P4,50,Q,2018-Q3,0.2,,,,
ABS:LCI(1.0.0),2,115493,P4,50,Q,2018-Q4,0,,,,
ABS:LCI(1.0.0),2,115493,P4,50,Q,2019-Q1,3.5,,,,
ABS:LCI(1.0.0),2,115493,P4,50,Q,2019-Q2,0,,,,
ABS:LCI(1.0.0),2,115493,P4,50,Q,2019-Q3,0,,,,
ABS:LCI(1.0.0),2,115493,P4,50,Q,2019-Q4,0,,,,
ABS:LCI(1.0.0),2,115493,P4,50,Q,2020-Q1,3,,,,
ABS:LCI(1.0.0),2,115493,P4,50,Q,2020-Q2,-1.2,,,,
ABS:LCI(1.0.0),2,115493,P4,50,Q,2020-Q3,0.5,,,,
ABS:LCI(1.0.0),2,115493,P4,50,Q,2020-Q4,0.3,,,,
ABS:LCI(1.0.0),2,115493,P4,50,Q,2021-Q1,1.2,,,,
ABS:LCI(1.0.0),2,115493,P4,50,Q,2021-Q2,0,,,,
ABS:LCI(1.0.0),2,115493,P4,50,Q,2021-Q3,0,,,,
ABS:LCI(1.0.0),2,115493,P4,50,Q,2021-Q4,0,,,,
ABS:LCI(1.0.0),2,115493,P4,50,Q,2022-Q1,3.9,,,,
ABS:LCI(1.0.0),2,115493,P4,50,Q,2022-Q2,0,,,,
ABS:LCI(1.0.0),2,115493,P4,50,Q,2022-Q3,0,,,,
ABS:LCI(1.0.0),2,115493,P4,50,Q,2022-Q4,0,,,,
ABS:LCI(1.0.0),2,115493,P4,50,Q,2023-Q1,5.5,,,,
ABS:LCI(1.0.0),2,115493,P4,50,Q,2023-Q2,-0.1,,,,
ABS:LCI(1.0.0),2,115493,P4,50,Q,2023-Q3,0,,,,
ABS:LCI(1.0.0),2,115493,P4,50,Q,2023-Q4,0,,,,
ABS:LCI(1.0.0),2,115493,P4,50,Q,2024-Q1,6.1,,,,
ABS:LCI(1.0.0),2,115493,P4,50,Q,2024-Q2,0.1,,,,
ABS:LCI(1.0.0),2,115493,P4,50,Q,2024-Q3,0.1,,,,
ABS:LCI(1.0.0),2,115493,P4,50,Q,2024-Q4,0,,,,
ABS:LCI(1.0.0),2,115493,P4,50,Q,2025-Q1,5.6,,,,
ABS:LCI(1.0.0),2,115493,P4,50,Q,2025-Q2,0,,,,
ABS:LCI(1.0.0),2,115493,P4,50,Q,2025-Q3,0.1,,,,
ABS:LCI(1.0.0),2,115493,P4,50,Q,2025-Q4,0,,,,
ABS:LCI(1.0.0),2,115493,P4,50,Q,2026-Q1,3.6,,,,
ABS:LCI(1.0.0),2,115493,P4,50,Q,2026-Q2,1.8,,,,
ABS:LCI(1.0.0),3,20003,PBLCI,50,Q,2008-Q2,6.7,,,,
ABS:LCI(1.0.0),3,20003,PBLCI,50,Q,2008-Q3,7.5,,,,
ABS:LCI(1.0.0),3,20003,PBLCI,50,Q,2008-Q4,7.6,,,,
ABS:LCI(1.0.0),3,20003,PBLCI,50,Q,2009-Q1,7.3,,,,
ABS:LCI(1.0.0),3,20003,PBLCI,50,Q,2009-Q2,6.9,,,,
ABS:LCI(1.0.0),3,20003,PBLCI,50,Q,2009-Q3,7.7,,,,
ABS:LCI(1.0.0),3,20003,PBLCI,50,Q,2009-Q4,7.2,,,,
ABS:LCI(1.0.0),3,20003,PBLCI,50,Q,2010-Q1,7.1,,,,
ABS:LCI(1.0.0),3,20003,PBLCI,50,Q,2010-Q2,7.1,,,,
ABS:LCI(1.0.0),3,20003,PBLCI,50,Q,2010-Q3,6.2,,,,
ABS:LCI(1.0.0),3,20003,PBLCI,50,Q,2010-Q4,6.1,,,,
ABS:LCI(1.0.0),3,20003,PBLCI,50,Q,2011-Q1,6.1,,,,
ABS:LCI(1.0.0),3,20003,PBLCI,50,Q,2011-Q2,5.8,,,,
ABS:LCI(1.0.0),3,20003,PBLCI,50,Q,2011-Q3,5.7,,,,
ABS:LCI(1.0.0),3,20003,PBLCI,50,Q,2011-Q4,5.5,,,,
ABS:LCI(1.0.0),3,20003,PBLCI,50,Q,2012-Q1,5.1,,,,
ABS:LCI(1.0.0),3,20003,PBLCI,50,Q,2012-Q2,5.5,,,,
ABS:LCI(1.0.0),3,20003,PBLCI,50,Q,2012-Q3,7.5,,,,
ABS:LCI(1.0.0),3,20003,PBLCI,50,Q,2012-Q4,7,,,,
ABS:LCI(1.0.0),3,20003,PBLCI,50,Q,2013-Q1,6.7,,,,
ABS:LCI(1.0.0),3,20003,PBLCI,50,Q,2013-Q2,6.8,,,,
ABS:LCI(1.0.0),3,20003,PBLCI,50,Q,2013-Q3,4.8,,,,
ABS:LCI(1.0.0),3,20003,PBLCI,50,Q,2013-Q4,4.9,,,,
ABS:LCI(1.0.0),3,20003,PBLCI,50,Q,2014-Q1,4.7,,,,
ABS:LCI(1.0.0),3,20003,PBLCI,50,Q,2014-Q2,4.3,,,,
ABS:LCI(1.0.0),3,20003,PBLCI,50,Q,2014-Q3,1.2,,,,
ABS:LCI(1.0.0),3,20003,PBLCI,50,Q,2014-Q4,1.1,,,,
ABS:LCI(1.0.0),3,20003,PBLCI,50,Q,2015-Q1,1,,,,
ABS:LCI(1.0.0),3,20003,PBLCI,50,Q,2015-Q2,0.9,,,,
ABS:LCI(1.0.0),3,20003,PBLCI,50,Q,2015-Q3,1.6,,,,
ABS:LCI(1.0.0),3,20003,PBLCI,50,Q,2015-Q4,1.5,,,,
ABS:LCI(1.0.0),3,20003,PBLCI,50,Q,2016-Q1,0.9,,,,
ABS:LCI(1.0.0),3,20003,PBLCI,50,Q,2016-Q2,0.9,,,,
ABS:LCI(1.0.0),3,20003,PBLCI,50,Q,2016-Q3,1.7,,,,
ABS:LCI(1.0.0),3,20003,PBLCI,50,Q,2016-Q4,1.6,,,,
ABS:LCI(1.0.0),3,20003,PBLCI,50,Q,2017-Q1,2.3,,,,
ABS:LCI(1.0.0),3,20003,PBLCI,50,Q,2017-Q2,2.4,,,,
ABS:LCI(1.0.0),3,20003,PBLCI,50,Q,2017-Q3,3.6,,,,
ABS:LCI(1.0.0),3,20003,PBLCI,50,Q,2017-Q4,3.7,,,,
ABS:LCI(1.0.0),3,20003,PBLCI,50,Q,2018-Q1,3.8,,,,
ABS:LCI(1.0.0),3,20003,PBLCI,50,Q,2018-Q2,3.3,,,,
ABS:LCI(1.0.0),3,20003,PBLCI,50,Q,2018-Q3,1.4,,,,
ABS:LCI(1.0.0),3,20003,PBLCI,50,Q,2018-Q4,1.4,,,,
ABS:LCI(1.0.0),3,20003,PBLCI,50,Q,2019-Q1,0.8,,,,
ABS:LCI(1.0.0),3,20003,PBLCI,50,Q,2019-Q2,0.9,,,,
ABS:LCI(1.0.0),3,20003,PBLCI,50,Q,2019-Q3,0.8,,,,
ABS:LCI(1.0.0),3,20003,PBLCI,50,Q,2019-Q4,0.5,,,,
ABS:LCI(1.0.0),3,20003,PBLCI,50,Q,2020-Q1,0.8,,,,
ABS:LCI(1.0.0),3,20003,PBLCI,50,Q,2020-Q2,-0.4,,,,
ABS:LCI(1.0.0),3,20003,PBLCI,50,Q,2020-Q3,-0.8,,,,
ABS:LCI(1.0.0),3,20003,PBLCI,50,Q,2020-Q4,-2.1,,,,
ABS:LCI(1.0.0),3,20003,PBLCI,50,Q,2021-Q1,-3.2,,,,
ABS:LCI(1.0.0),3,20003,PBLCI,50,Q,2021-Q2,-0.6,,,,
ABS:LCI(1.0.0),3,20003,PBLCI,50,Q,2021-Q3,0.4,,,,
ABS:LCI(1.0.0),3,20003,PBLCI,50,Q,2021-Q4,2.1,,,,
ABS:LCI(1.0.0),3,20003,PBLCI,50,Q,2022-Q1,3.7,,,,
ABS:LCI(1.0.0),3,20003,PBLCI,50,Q,2022-Q2,2.9,,,,
ABS:LCI(1.0.0),3,20003,PBLCI,50,Q,2022-Q3,4.2,,,,
ABS:LCI(1.0.0),3,20003,PBLCI,50,Q,2022-Q4,5.9,,,,
ABS:LCI(1.0.0),3,20003,PBLCI,50,Q,2023-Q1,7.8,,,,
ABS:LCI(1.0.0),3,20003,PBLCI,50,Q,2023-Q2,8.3,,,,
ABS:LCI(1.0.0),3,20003,PBLCI,50,Q,2023-Q3,4.6,,,,
ABS:LCI(1.0.0),3,20003,PBLCI,50,Q,2023-Q4,3.8,,,,
ABS:LCI(1.0.0),3,20003,PBLCI,50,Q,2024-Q1,0.7,,,,
ABS:LCI(1.0.0),3,20003,PBLCI,50,Q,2024-Q2,2,,,,
ABS:LCI(1.0.0),3,20003,PBLCI,50,Q,2024-Q3,3.4,,,,
ABS:LCI(1.0.0),3,20003,PBLCI,50,Q,2024-Q4,0,,,,
ABS:LCI(1.0.0),3,20003,PBLCI,50,Q,2025-Q1,2.8,,,,
ABS:LCI(1.0.0),3,20003,PBLCI,50,Q,2025-Q2,4,,,,
ABS:LCI(1.0.0),3,20003,PBLCI,50,Q,2025-Q3,7.6,,,,
ABS:LCI(1.0.0),3,20003,PBLCI,50,Q,2025-Q4,9.1,,,,
ABS:LCI(1.0.0),3,20003,PBLCI,50,Q,2026-Q1,12.2,,,,
ABS:LCI(1.0.0),3,20003,PBLCI,50,Q,2026-Q2,9,,,,
ABS:LCI(1.0.0),3,126670,P4,50,Q,2008-Q2,10.6,,,,
ABS:LCI(1.0.0),3,126670,P4,50,Q,2008-Q3,12.2,,,,
ABS:LCI(1.0.0),3,126670,P4,50,Q,2008-Q4,10.5,,,,
ABS:LCI(1.0.0),3,126670,P4,50,Q,2009-Q1,7.5,,,,
ABS:LCI(1.0.0),3,126670,P4,50,Q,2009-Q2,0.7,,,,
ABS:LCI(1.0.0),3,126670,P4,50,Q,2009-Q3,-0.1,,,,
ABS:LCI(1.0.0),3,126670,P4,50,Q,2009-Q4,1,,,,
ABS:LCI(1.0.0),3,126670,P4,50,Q,2010-Q1,3.7,,,,
ABS:LCI(1.0.0),3,126670,P4,50,Q,2010-Q2,8.9,,,,
ABS:LCI(1.0.0),3,126670,P4,50,Q,2010-Q3,9.2,,,,
ABS:LCI(1.0.0),3,126670,P4,50,Q,2010-Q4,8.6,,,,
ABS:LCI(1.0.0),3,126670,P4,50,Q,2011-Q1,7.8,,,,
ABS:LCI(1.0.0),3,126670,P4,50,Q,2011-Q2,7.5,,,,
ABS:LCI(1.0.0),3,126670,P4,50,Q,2011-Q3,4.9,,,,
ABS:LCI(1.0.0),3,126670,P4,50,Q,2011-Q4,4.8,,,,
ABS:LCI(1.0.0),3,126670,P4,50,Q,2012-Q1,2.2,,,,
ABS:LCI(1.0.0),3,126670,P4,50,Q,2012-Q2,1.4,,,,
ABS:LCI(1.0.0),3,126670,P4,50,Q,2012-Q3,1.9,,,,
ABS:LCI(1.0.0),3,126670,P4,50,Q,2012-Q4,2.4,,,,
ABS:LCI(1.0.0),3,126670,P4,50,Q,2013-Q1,4.6,,,,
ABS:LCI(1.0.0),3,126670,P4,50,Q,2013-Q2,3.9,,,,
ABS:LCI(1.0.0),3,126670,P4,50,Q,2013-Q3,2.1,,,,
ABS:LCI(1.0.0),3,126670,P4,50,Q,2013-Q4,0.6,,,,
ABS:LCI(1.0.0),3,126670,P4,50,Q,2014-Q1,-0.9,,,,
ABS:LCI(1.0.0),3,126670,P4,50,Q,2014-Q2,-0.6,,,,
ABS:LCI(1.0.0),3,126670,P4,50,Q,2014-Q3,0.8,,,,
ABS:LCI(1.0.0),3,126670,P4,50,Q,2014-Q4,2.3,,,,
ABS:LCI(1.0.0),3,126670,P4,50,Q,2015-Q1,1.8,,,,
ABS:LCI(1.0.0),3,126670,P4,50,Q,2015-Q2,0.9,,,,
ABS:LCI(1.0.0),3,126670,P4,50,Q,2015-Q3,1.2,,,,
ABS:LCI(1.0.0),3,126670,P4,50,Q,2015-Q4,1.4,,,,
ABS:LCI(1.0.0),3,126670,P4,50,Q,2016-Q1,2.9,,,,
ABS:LCI(1.0.0),3,126670,P4,50,Q,2016-Q2,4.8,,,,
ABS:LCI(1.0.0),3,126670,P4,50,Q,2016-Q3,6.3,,,,
ABS:LCI(1.0.0),3,126670,P4,50,Q,2016-Q4,5.7,,,,
ABS:LCI(1.0.0),3,126670,P4,50,Q,2017-Q1,5.8,,,,
ABS:LCI(1.0.0),3,126670,P4,50,Q,2017-Q2,4.2,,,,
ABS:LCI(1.0.0),3,126670,P4,50,Q,2017-Q3,3.1,,,,
ABS:LCI(1.0.0),3,126670,P4,50,Q,2017-Q4,3.8,,,,
ABS:LCI(1.0.0),3,126670,P4,50,Q,2018-Q1,2.5,,,,
ABS:LCI(1.0.0),3,126670,P4,50,Q,2018-Q2,3.6,,,,
ABS:LCI(1.0.0),3,126670,P4,50,Q,2018-Q3,3.2,,,,
ABS:LCI(1.0.0),3,126670,P4,50,Q,2018-Q4,2.3,,,,
ABS:LCI(1.0.0),3,126670,P4,50,Q,2019-Q1,1.7,,,,
ABS:LCI(1.0.0),3,126670,P4,50,Q,2019-Q2,1.1,,,,
ABS:LCI(1.0.0),3,126670,P4,50,Q,2019-Q3,0.1,,,,
ABS:LCI(1.0.0),3,126670,P4,50,Q,2019-Q4,-0.5,,,,
ABS:LCI(1.0.0),3,126670,P4,50,Q,2020-Q1,0.2,,,,
ABS:LCI(1.0.0),3,126670,P4,50,Q,2020-Q2,0.5,,,,
ABS:LCI(1.0.0),3,126670,P4,50,Q,2020-Q3,0.5,,,,
ABS:LCI(1.0.0),3,126670,P4,50,Q,2020-Q4,0.8,,,,
ABS:LCI(1.0.0),3,126670,P4,50,Q,2021-Q1,-0.1,,,,
ABS:LCI(1.0.0),3,126670,P4,50,Q,2021-Q2,1,,,,
ABS:LCI(1.0.0),3,126670,P4,50,Q,2021-Q3,2.3,,,,
ABS:LCI(1.0.0),3,126670,P4,50,Q,2021-Q4,2.3,,,,
ABS:LCI(1.0.0),3,126670,P4,50,Q,2022-Q1,3.9,,,,
ABS:LCI(1.0.0),3,126670,P4,50,Q,2022-Q2,2.8,,,,
ABS:LCI(1.0.0),3,126670,P4,50,Q,2022-Q3,4.7,,,,
ABS:LCI(1.0.0),3,126670,P4,50,Q,2022-Q4,7.9,,,,
ABS:LCI(1.0.0),3,126670,P4,50,Q,2023-Q1,11.5,,,,
ABS:LCI(1.0.0),3,126670,P4,50,Q,2023-Q2,17,,,,
ABS:LCI(1.0.0),3,126670,P4,50,Q,2023-Q3,17.1,,,,
ABS:LCI(1.0.0),3,126670,P4,50,Q,2023-Q4,18,,,,
ABS:LCI(1.0.0),3,126670,P4,50,Q,2024-Q1,18,,,,
ABS:LCI(1.0.0),3,126670,P4,50,Q,2024-Q2,15.5,,,,
ABS:LCI(1.0.0),3,126670,P4,50,Q,2024-Q3,14.9,,,,
ABS:LCI(1.0.0),3,126670,P4,50,Q,2024-Q4,11.4,,,,
ABS:LCI(1.0.0),3,126670,P4,50,Q,2025-Q1,7,,,,
ABS:LCI(1.0.0),3,126670,P4,50,Q,2025-Q2,3.4,,,,
ABS:LCI(1.0.0),3,126670,P4,50,Q,2025-Q3,1.1,,,,
ABS:LCI(1.0.0),3,126670,P4,50,Q,2025-Q4,0.6,,,,
ABS:LCI(1.0.0),3,126670,P4,50,Q,2026-Q1,2.4,,,,
ABS:LCI(1.0.0),3,126670,P4,50,Q,2026-Q2,5.1,,,,
ABS:LCI(1.0.0),4,10001,P4,50,Q,2025-Q4,100.69,,,,
ABS:LCI(1.0.0),4,10001,P4,50,Q,2026-Q1,101.8,,,,
ABS:LCI(1.0.0),4,10001,P4,50,Q,2026-Q2,102.4,,,,
ABS:LCI(1.0.0),4,20001,P2,50,Q,2025-Q4,20.19,,,,
ABS:LCI(1.0.0),4,20001,P2,50,Q,2026-Q1,20.39,,,,
ABS:LCI(1.0.0),4,20001,P2,50,Q,2026-Q2,20.6,,,,
ABS:LCI(1.0.0),4,20006,P1,50,Q,2025-Q4,6.58,,,,
ABS:LCI(1.0.0),4,20006,P1,50,Q,2026-Q1,6.66,,,,
ABS:LCI(1.0.0),4,20006,P1,50,Q,2026-Q2,6.7,,,,
ABS:LCI(1.0.0),4,20003,P2,50,Q,2025-Q4,19.7,,,,
ABS:LCI(1.0.0),4,20003,P2,50,Q,2026-Q1,20.91,,,,
ABS:LCI(1.0.0),4,20003,P2,50,Q,2026-Q2,21,,,,
ABS:LCI(1.0.0),4,115486,P2,50,Q,2025-Q4,12.33,,,,
ABS:LCI(1.0.0),4,115486,P2,50,Q,2026-Q1,13.09,,,,
ABS:LCI(1.0.0),4,115486,P2,50,Q,2026-Q2,13.14,,,,
ABS:LCI(1.0.0),4,115489,P3,50,Q,2025-Q4,8.01,,,,
ABS:LCI(1.0.0),4,115489,P3,50,Q,2026-Q1,7.99,,,,
ABS:LCI(1.0.0),4,115489,P3,50,Q,2026-Q2,7.96,,,,
ABS:LCI(1.0.0),4,115493,P3,50,Q,2025-Q4,3.52,,,,
ABS:LCI(1.0.0),4,115493,P3,50,Q,2026-Q1,3.64,,,,
ABS:LCI(1.0.0),4,115493,P3,50,Q,2026-Q2,3.71,,,,
ABS:LCI(1.0.0),5,20006,P1,50,Q,2025-Q4,0.06,,,,
ABS:LCI(1.0.0),5,20006,P1,50,Q,2026-Q1,0.08,,,,
ABS:LCI(1.0.0),5,20006,P1,50,Q,2026-Q2,0.04,,,,
ABS:LCI(1.0.0),5,20002,PBLCI,50,Q,2025-Q4,-0.01,,,,
ABS:LCI(1.0.0),5,20002,PBLCI,50,Q,2026-Q1,0.06,,,,
ABS:LCI(1.0.0),5,20002,PBLCI,50,Q,2026-Q2,0.03,,,,
ABS:LCI(1.0.0),5,20003,P2,50,Q,2025-Q4,-0.17,,,,
ABS:LCI(1.0.0),5,20003,P2,50,Q,2026-Q1,1.21,,,,
ABS:LCI(1.0.0),5,20003,P2,50,Q,2026-Q2,0.09,,,,
ABS:LCI(1.0.0),5,115488,PBLCI,50,Q,2025-Q4,0,,,,
ABS:LCI(1.0.0),5,115488,PBLCI,50,Q,2026-Q1,0.01,,,,
ABS:LCI(1.0.0),5,115488,PBLCI,50,Q,2026-Q2,0.01,,,,
ABS:LCI(1.0.0),5,115488,P3,50,Q,2025-Q4,0.01,,,,
ABS:LCI(1.0.0),5,115488,P3,50,Q,2026-Q1,0,,,,
ABS:LCI(1.0.0),5,115488,P3,50,Q,2026-Q2,0.01,,,,
ABS:LCI(1.0.0),5,115493,PBLCI,50,Q,2025-Q4,0,,,,
ABS:LCI(1.0.0),5,115493,PBLCI,50,Q,2026-Q1,0.07,,,,
ABS:LCI(1.0.0),5,115493,PBLCI,50,Q,2026-Q2,0.03,,,,
ABS:LCI(1.0.0),5,131279,P1,50,Q,2025-Q4,0,,,,
ABS:LCI(1.0.0),5,131279,P1,50,Q,2026-Q1,0.01,,,,
ABS:LCI(1.0.0),5,131279,P1,50,Q,2026-Q2,0.02,,,,
ABS:LCI(1.0.0),1,20002,P2,50,Q,2007-Q2,103.09,,,,
ABS:LCI(1.0.0),1,20002,P2,50,Q,2007-Q3,103.84,,,,
ABS:LCI(1.0.0),1,20002,P2,50,Q,2007-Q4,103.96,,,,
ABS:LCI(1.0.0),1,20002,P2,50,Q,2008-Q1,101.7,,,,
ABS:LCI(1.0.0),1,20002,P2,50,Q,2008-Q2,104.39,,,,
ABS:LCI(1.0.0),1,20002,P2,50,Q,2008-Q3,103.61,,,,
ABS:LCI(1.0.0),1,20002,P2,50,Q,2008-Q4,103.91,,,,
ABS:LCI(1.0.0),1,20002,P2,50,Q,2009-Q1,103.62,,,,
ABS:LCI(1.0.0),1,20002,P2,50,Q,2009-Q2,105.19,,,,
ABS:LCI(1.0.0),1,20002,P2,50,Q,2009-Q3,105.78,,,,
ABS:LCI(1.0.0),1,20002,P2,50,Q,2009-Q4,105.89,,,,
ABS:LCI(1.0.0),1,20002,P2,50,Q,2010-Q1,101.82,,,,
ABS:LCI(1.0.0),1,20002,P2,50,Q,2010-Q2,101.27,,,,
ABS:LCI(1.0.0),1,20002,P2,50,Q,2010-Q3,102.76,,,,
ABS:LCI(1.0.0),1,20002,P2,50,Q,2010-Q4,101.18,,,,
ABS:LCI(1.0.0),1,20002,P2,50,Q,2011-Q1,100,,,,
ABS:LCI(1.0.0),1,20002,P2,50,Q,2011-Q2,101.73,,,,
ABS:LCI(1.0.0),1,20002,P2,50,Q,2011-Q3,103.36,,,,
ABS:LCI(1.0.0),1,20002,P2,50,Q,2011-Q4,103.18,,,,
ABS:LCI(1.0.0),1,20002,P2,50,Q,2012-Q1,100.96,,,,
ABS:LCI(1.0.0),1,20002,P2,50,Q,2012-Q2,102.21,,,,
ABS:LCI(1.0.0),1,20002,P2,50,Q,2012-Q3,102.49,,,,
ABS:LCI(1.0.0),1,20002,P2,50,Q,2012-Q4,102.85,,,,
ABS:LCI(1.0.0),1,20002,P2,50,Q,2013-Q1,99.27,,,,
ABS:LCI(1.0.0),1,20002,P2,50,Q,2013-Q2,101.78,,,,
ABS:LCI(1.0.0),1,20002,P2,50,Q,2013-Q3,102.88,,,,
ABS:LCI(1.0.0),1,20002,P2,50,Q,2013-Q4,101.73,,,,
ABS:LCI(1.0.0),1,20002,P2,50,Q,2014-Q1,99.32,,,,
ABS:LCI(1.0.0),1,20002,P2,50,Q,2014-Q2,101.06,,,,
ABS:LCI(1.0.0),1,20002,P2,50,Q,2014-Q3,99.88,,,,
ABS:LCI(1.0.0),1,20002,P2,50,Q,2014-Q4,100.09,,,,
ABS:LCI(1.0.0),1,20002,P2,50,Q,2015-Q1,98.17,,,,
ABS:LCI(1.0.0),1,20002,P2,50,Q,2015-Q2,99.49,,,,
ABS:LCI(1.0.0),1,20002,P2,50,Q,2015-Q3,98.51,,,,
ABS:LCI(1.0.0),1,20002,P2,50,Q,2015-Q4,99.84,,,,
ABS:LCI(1.0.0),1,20002,P2,50,Q,2016-Q1,97.35,,,,
ABS:LCI(1.0.0),1,20002,P2,50,Q,2016-Q2,99.32,,,,
ABS:LCI(1.0.0),1,20002,P2,50,Q,2016-Q3,99.04,,,,
ABS:LCI(1.0.0),1,20002,P2,50,Q,2016-Q4,98.84,,,,
ABS:LCI(1.0.0),1,20002,P2,50,Q,2017-Q1,96.99,,,,
ABS:LCI(1.0.0),1,20002,P2,50,Q,2017-Q2,96.49,,,,
ABS:LCI(1.0.0),1,20002,P2,50,Q,2017-Q3,95.53,,,,
ABS:LCI(1.0.0),1,20002,P2,50,Q,2017-Q4,95.15,,,,
ABS:LCI(1.0.0),1,20002,P2,50,Q,2018-Q1,93.18,,,,
ABS:LCI(1.0.0),1,20002,P2,50,Q,2018-Q2,94.33,,,,
ABS:LCI(1.0.0),1,20002,P2,50,Q,2018-Q3,94.38,,,,
ABS:LCI(1.0.0),1,20002,P2,50,Q,2018-Q4,94.05,,,,
ABS:LCI(1.0.0),1,20002,P2,50,Q,2019-Q1,92.7,,,,
ABS:LCI(1.0.0),1,20002,P2,50,Q,2019-Q2,94.59,,,,
ABS:LCI(1.0.0),1,20002,P2,50,Q,2019-Q3,95.87,,,,
ABS:LCI(1.0.0),1,20002,P2,50,Q,2019-Q4,95.11,,,,
ABS:LCI(1.0.0),1,20002,P2,50,Q,2020-Q1,94.31,,,,
ABS:LCI(1.0.0),1,20002,P2,50,Q,2020-Q2,94.75,,,,
ABS:LCI(1.0.0),1,20002,P2,50,Q,2020-Q3,95.35,,,,
ABS:LCI(1.0.0),1,20002,P2,50,Q,2020-Q4,93.79,,,,
ABS:LCI(1.0.0),1,20002,P2,50,Q,2021-Q1,93.84,,,,
ABS:LCI(1.0.0),1,20002,P2,50,Q,2021-Q2,94.3,,,,
ABS:LCI(1.0.0),1,20002,P2,50,Q,2021-Q3,90.57,,,,
ABS:LCI(1.0.0),1,20002,P2,50,Q,2021-Q4,93.07,,,,
ABS:LCI(1.0.0),1,20002,P2,50,Q,2022-Q1,92.15,,,,
ABS:LCI(1.0.0),1,20002,P2,50,Q,2022-Q2,95.73,,,,
ABS:LCI(1.0.0),1,20002,P2,50,Q,2022-Q3,95.49,,,,
ABS:LCI(1.0.0),1,20002,P2,50,Q,2022-Q4,98.03,,,,
ABS:LCI(1.0.0),1,20002,P2,50,Q,2023-Q1,95.02,,,,
ABS:LCI(1.0.0),1,20002,P2,50,Q,2023-Q2,95.32,,,,
ABS:LCI(1.0.0),1,20002,P2,50,Q,2023-Q3,95.65,,,,
ABS:LCI(1.0.0),1,20002,P2,50,Q,2023-Q4,96.48,,,,
ABS:LCI(1.0.0),1,20002,P2,50,Q,2024-Q1,95.77,,,,
ABS:LCI(1.0.0),1,20002,P2,50,Q,2024-Q2,98.38,,,,
ABS:LCI(1.0.0),1,20002,P2,50,Q,2024-Q3,97.6,,,,
ABS:LCI(1.0.0),1,20002,P2,50,Q,2024-Q4,97.89,,,,
ABS:LCI(1.0.0),1,20002,P2,50,Q,2025-Q1,97.06,,,,
ABS:LCI(1.0.0),1,20002,P2,50,Q,2025-Q2,99.92,,,,
ABS:LCI(1.0.0),1,20002,P2,50,Q,2025-Q3,100,,,,
ABS:LCI(1.0.0),1,20002,P2,50,Q,2025-Q4,99.65,,,,
ABS:LCI(1.0.0),1,20002,P2,50,Q,2026-Q1,101.98,,,,
ABS:LCI(1.0.0),1,20002,P2,50,Q,2026-Q2,103.25,,,,
ABS:LCI(1.0.0),1,20003,P3,50,Q,2007-Q2,51.33,,,,
ABS:LCI(1.0.0),1,20003,P3,50,Q,2007-Q3,52.4,,,,
ABS:LCI(1.0.0),1,20003,P3,50,Q,2007-Q4,53.21,,,,
ABS:LCI(1.0.0),1,20003,P3,50,Q,2008-Q1,54.36,,,,
ABS:LCI(1.0.0),1,20003,P3,50,Q,2008-Q2,54.93,,,,
ABS:LCI(1.0.0),1,20003,P3,50,Q,2008-Q3,56.49,,,,
ABS:LCI(1.0.0),1,20003,P3,50,Q,2008-Q4,57.4,,,,
ABS:LCI(1.0.0),1,20003,P3,50,Q,2009-Q1,58.4,,,,
ABS:LCI(1.0.0),1,20003,P3,50,Q,2009-Q2,58.75,,,,
ABS:LCI(1.0.0),1,20003,P3,50,Q,2009-Q3,60.75,,,,
ABS:LCI(1.0.0),1,20003,P3,50,Q,2009-Q4,61.42,,,,
ABS:LCI(1.0.0),1,20003,P3,50,Q,2010-Q1,62.43,,,,
ABS:LCI(1.0.0),1,20003,P3,50,Q,2010-Q2,62.78,,,,
ABS:LCI(1.0.0),1,20003,P3,50,Q,2010-Q3,64.38,,,,
ABS:LCI(1.0.0),1,20003,P3,50,Q,2010-Q4,65.06,,,,
ABS:LCI(1.0.0),1,20003,P3,50,Q,2011-Q1,66.13,,,,
ABS:LCI(1.0.0),1,20003,P3,50,Q,2011-Q2,66.27,,,,
ABS:LCI(1.0.0),1,20003,P3,50,Q,2011-Q3,67.92,,,,
ABS:LCI(1.0.0),1,20003,P3,50,Q,2011-Q4,68.53,,,,
ABS:LCI(1.0.0),1,20003,P3,50,Q,2012-Q1,69.39,,,,
ABS:LCI(1.0.0),1,20003,P3,50,Q,2012-Q2,69.8,,,,
ABS:LCI(1.0.0),1,20003,P3,50,Q,2012-Q3,72.6,,,,
ABS:LCI(1.0.0),1,20003,P3,50,Q,2012-Q4,72.9,,,,
ABS:LCI(1.0.0),1,20003,P3,50,Q,2013-Q1,73.66,,,,
ABS:LCI(1.0.0),1,20003,P3,50,Q,2013-Q2,74.16,,,,
ABS:LCI(1.0.0),1,20003,P3,50,Q,2013-Q3,75.93,,,,
ABS:LCI(1.0.0),1,20003,P3,50,Q,2013-Q4,76.24,,,,
ABS:LCI(1.0.0),1,20003,P3,50,Q,2014-Q1,76.83,,,,
ABS:LCI(1.0.0),1,20003,P3,50,Q,2014-Q2,77.06,,,,
ABS:LCI(1.0.0),1,20003,P3,50,Q,2014-Q3,77.07,,,,
ABS:LCI(1.0.0),1,20003,P3,50,Q,2014-Q4,77.31,,,,
ABS:LCI(1.0.0),1,20003,P3,50,Q,2015-Q1,77.77,,,,
ABS:LCI(1.0.0),1,20003,P3,50,Q,2015-Q2,77.92,,,,
ABS:LCI(1.0.0),1,20003,P3,50,Q,2015-Q3,78.21,,,,
ABS:LCI(1.0.0),1,20003,P3,50,Q,2015-Q4,78.27,,,,
ABS:LCI(1.0.0),1,20003,P3,50,Q,2016-Q1,78.27,,,,
ABS:LCI(1.0.0),1,20003,P3,50,Q,2016-Q2,78.4,,,,
ABS:LCI(1.0.0),1,20003,P3,50,Q,2016-Q3,79.26,,,,
ABS:LCI(1.0.0),1,20003,P3,50,Q,2016-Q4,79.28,,,,
ABS:LCI(1.0.0),1,20003,P3,50,Q,2017-Q1,79.74,,,,
ABS:LCI(1.0.0),1,20003,P3,50,Q,2017-Q2,79.9,,,,
ABS:LCI(1.0.0),1,20003,P3,50,Q,2017-Q3,81.61,,,,
ABS:LCI(1.0.0),1,20003,P3,50,Q,2017-Q4,81.76,,,,
ABS:LCI(1.0.0),1,20003,P3,50,Q,2018-Q1,82.38,,,,
ABS:LCI(1.0.0),1,20003,P3,50,Q,2018-Q2,82.17,,,,
ABS:LCI(1.0.0),1,20003,P3,50,Q,2018-Q3,82.5,,,,
ABS:LCI(1.0.0),1,20003,P3,50,Q,2018-Q4,82.68,,,,
ABS:LCI(1.0.0),1,20003,P3,50,Q,2019-Q1,82.76,,,,
ABS:LCI(1.0.0),1,20003,P3,50,Q,2019-Q2,82.61,,,,
ABS:LCI(1.0.0),1,20003,P3,50,Q,2019-Q3,82.95,,,,
ABS:LCI(1.0.0),1,20003,P3,50,Q,2019-Q4,82.91,,,,
ABS:LCI(1.0.0),1,20003,P3,50,Q,2020-Q1,83.27,,,,
ABS:LCI(1.0.0),1,20003,P3,50,Q,2020-Q2,82.1,,,,
ABS:LCI(1.0.0),1,20003,P3,50,Q,2020-Q3,82.16,,,,
ABS:LCI(1.0.0),1,20003,P3,50,Q,2020-Q4,81.26,,,,
ABS:LCI(1.0.0),1,20003,P3,50,Q,2021-Q1,80.77,,,,
ABS:LCI(1.0.0),1,20003,P3,50,Q,2021-Q2,81.63,,,,
ABS:LCI(1.0.0),1,20003,P3,50,Q,2021-Q3,82.26,,,,
ABS:LCI(1.0.0),1,20003,P3,50,Q,2021-Q4,82.46,,,,
ABS:LCI(1.0.0),1,20003,P3,50,Q,2022-Q1,83.28,,,,
ABS:LCI(1.0.0),1,20003,P3,50,Q,2022-Q2,83.74,,,,
ABS:LCI(1.0.0),1,20003,P3,50,Q,2022-Q3,85.56,,,,
ABS:LCI(1.0.0),1,20003,P3,50,Q,2022-Q4,87.06,,,,
ABS:LCI(1.0.0),1,20003,P3,50,Q,2023-Q1,89.55,,,,
ABS:LCI(1.0.0),1,20003,P3,50,Q,2023-Q2,90.64,,,,
ABS:LCI(1.0.0),1,20003,P3,50,Q,2023-Q3,89.84,,,,
ABS:LCI(1.0.0),1,20003,P3,50,Q,2023-Q4,91.03,,,,
ABS:LCI(1.0.0),1,20003,P3,50,Q,2024-Q1,91.18,,,,
ABS:LCI(1.0.0),1,20003,P3,50,Q,2024-Q2,93.23,,,,
ABS:LCI(1.0.0),1,20003,P3,50,Q,2024-Q3,93.58,,,,
ABS:LCI(1.0.0),1,20003,P3,50,Q,2024-Q4,91.96,,,,
ABS:LCI(1.0.0),1,20003,P3,50,Q,2025-Q1,94.18,,,,
ABS:LCI(1.0.0),1,20003,P3,50,Q,2025-Q2,97.01,,,,
ABS:LCI(1.0.0),1,20003,P3,50,Q,2025-Q3,100,,,,
ABS:LCI(1.0.0),1,20003,P3,50,Q,2025-Q4,99.34,,,,
ABS:LCI(1.0.0),1,20003,P3,50,Q,2026-Q1,104.17,,,,
ABS:LCI(1.0.0),1,20003,P3,50,Q,2026-Q2,104.73,,,,
ABS:LCI(1.0.0),1,20004,PBLCI,50,Q,2007-Q2,78.37,,,,
ABS:LCI(1.0.0),1,20004,PBLCI,50,Q,2007-Q3,77.74,,,,
ABS:LCI(1.0.0),1,20004,PBLCI,50,Q,2007-Q4,78.37,,,,
ABS:LCI(1.0.0),1,20004,PBLCI,50,Q,2008-Q1,77.9,,,,
ABS:LCI(1.0.0),1,20004,PBLCI,50,Q,2008-Q2,79.15,,,,
ABS:LCI(1.0.0),1,20004,PBLCI,50,Q,2008-Q3,79.15,,,,
ABS:LCI(1.0.0),1,20004,PBLCI,50,Q,2008-Q4,79.47,,,,
ABS:LCI(1.0.0),1,20004,PBLCI,50,Q,2009-Q1,80.09,,,,
ABS:LCI(1.0.0),1,20004,PBLCI,50,Q,2009-Q2,81.82,,,,
ABS:LCI(1.0.0),1,20004,PBLCI,50,Q,2009-Q3,82.36,,,,
ABS:LCI(1.0.0),1,20004,PBLCI,50,Q,2009-Q4,82.25,,,,
ABS:LCI(1.0.0),1,20004,PBLCI,50,Q,2010-Q1,81.26,,,,
ABS:LCI(1.0.0),1,20004,PBLCI,50,Q,2010-Q2,81.97,,,,
ABS:LCI(1.0.0),1,20004,PBLCI,50,Q,2010-Q3,82.6,,,,
ABS:LCI(1.0.0),1,20004,PBLCI,50,Q,2010-Q4,82,,,,
ABS:LCI(1.0.0),1,20004,PBLCI,50,Q,2011-Q1,80.89,,,,
ABS:LCI(1.0.0),1,20004,PBLCI,50,Q,2011-Q2,81.79,,,,
ABS:LCI(1.0.0),1,20004,PBLCI,50,Q,2011-Q3,82.07,,,,
ABS:LCI(1.0.0),1,20004,PBLCI,50,Q,2011-Q4,81.91,,,,
ABS:LCI(1.0.0),1,20004,PBLCI,50,Q,2012-Q1,81.17,,,,
ABS:LCI(1.0.0),1,20004,PBLCI,50,Q,2012-Q2,82.23,,,,
ABS:LCI(1.0.0),1,20004,PBLCI,50,Q,2012-Q3,82.95,,,,
ABS:LCI(1.0.0),1,20004,PBLCI,50,Q,2012-Q4,82.47,,,,
ABS:LCI(1.0.0),1,20004,PBLCI,50,Q,2013-Q1,81.65,,,,
ABS:LCI(1.0.0),1,20004,PBLCI,50,Q,2013-Q2,82.18,,,,
ABS:LCI(1.0.0),1,20004,PBLCI,50,Q,2013-Q3,82.97,,,,
ABS:LCI(1.0.0),1,20004,PBLCI,50,Q,2013-Q4,83.13,,,,
ABS:LCI(1.0.0),1,20004,PBLCI,50,Q,2014-Q1,81.95,,,,
ABS:LCI(1.0.0),1,20004,PBLCI,50,Q,2014-Q2,82.74,,,,
ABS:LCI(1.0.0),1,20004,PBLCI,50,Q,2014-Q3,82.95,,,,
ABS:LCI(1.0.0),1,20004,PBLCI,50,Q,2014-Q4,83.33,,,,
ABS:LCI(1.0.0),1,20004,PBLCI,50,Q,2015-Q1,82.91,,,,
ABS:LCI(1.0.0),1,20004,PBLCI,50,Q,2015-Q2,83.66,,,,
ABS:LCI(1.0.0),1,20004,PBLCI,50,Q,2015-Q3,84.1,,,,
ABS:LCI(1.0.0),1,20004,PBLCI,50,Q,2015-Q4,84.48,,,,
ABS:LCI(1.0.0),1,20004,PBLCI,50,Q,2016-Q1,84.06,,,,
ABS:LCI(1.0.0),1,20004,PBLCI,50,Q,2016-Q2,84.57,,,,
ABS:LCI(1.0.0),1,20004,PBLCI,50,Q,2016-Q3,85.29,,,,
ABS:LCI(1.0.0),1,20004,PBLCI,50,Q,2016-Q4,84.55,,,,
ABS:LCI(1.0.0),1,20004,PBLCI,50,Q,2017-Q1,83.74,,,,
ABS:LCI(1.0.0),1,20004,PBLCI,50,Q,2017-Q2,84.31,,,,
ABS:LCI(1.0.0),1,20004,PBLCI,50,Q,2017-Q3,84.44,,,,
ABS:LCI(1.0.0),1,20004,PBLCI,50,Q,2017-Q4,83.61,,,,
ABS:LCI(1.0.0),1,20004,PBLCI,50,Q,2018-Q1,83.26,,,,
ABS:LCI(1.0.0),1,20004,PBLCI,50,Q,2018-Q2,83.41,,,,
ABS:LCI(1.0.0),1,20004,PBLCI,50,Q,2018-Q3,83.09,,,,
ABS:LCI(1.0.0),1,20004,PBLCI,50,Q,2018-Q4,83.38,,,,
ABS:LCI(1.0.0),1,20004,PBLCI,50,Q,2019-Q1,82.97,,,,
ABS:LCI(1.0.0),1,20004,PBLCI,50,Q,2019-Q2,83.49,,,,
ABS:LCI(1.0.0),1,20004,PBLCI,50,Q,2019-Q3,84.15,,,,
ABS:LCI(1.0.0),1,20004,PBLCI,50,Q,2019-Q4,83.84,,,,
ABS:LCI(1.0.0),1,20004,PBLCI,50,Q,2020-Q1,84.75,,,,
ABS:LCI(1.0.0),1,20004,PBLCI,50,Q,2020-Q2,81.77,,,,
ABS:LCI(1.0.0),1,20004,PBLCI,50,Q,2020-Q3,85.68,,,,
ABS:LCI(1.0.0),1,20004,PBLCI,50,Q,2020-Q4,86.88,,,,
ABS:LCI(1.0.0),1,20004,PBLCI,50,Q,2021-Q1,86.59,,,,
ABS:LCI(1.0.0),1,20004,PBLCI,50,Q,2021-Q2,87.34,,,,
ABS:LCI(1.0.0),1,20004,PBLCI,50,Q,2021-Q3,88.55,,,,
ABS:LCI(1.0.0),1,20004,PBLCI,50,Q,2021-Q4,89.51,,,,
ABS:LCI(1.0.0),1,20004,PBLCI,50,Q,2022-Q1,91.02,,,,
ABS:LCI(1.0.0),1,20004,PBLCI,50,Q,2022-Q2,93.61,,,,
ABS:LCI(1.0.0),1,20004,PBLCI,50,Q,2022-Q3,96.14,,,,
ABS:LCI(1.0.0),1,20004,PBLCI,50,Q,2022-Q4,97.75,,,,
ABS:LCI(1.0.0),1,20004,PBLCI,50,Q,2023-Q1,97.42,,,,
ABS:LCI(1.0.0),1,20004,PBLCI,50,Q,2023-Q2,99.29,,,,
ABS:LCI(1.0.0),1,20004,PBLCI,50,Q,2023-Q3,98.95,,,,
ABS:LCI(1.0.0),1,20004,PBLCI,50,Q,2023-Q4,97.97,,,,
ABS:LCI(1.0.0),1,20004,PBLCI,50,Q,2024-Q1,97.84,,,,
ABS:LCI(1.0.0),1,20004,PBLCI,50,Q,2024-Q2,98.51,,,,
ABS:LCI(1.0.0),1,20004,PBLCI,50,Q,2024-Q3,99.17,,,,
ABS:LCI(1.0.0),1,20004,PBLCI,50,Q,2024-Q4,99.04,,,,
ABS:LCI(1.0.0),1,20004,PBLCI,50,Q,2025-Q1,98.26,,,,
ABS:LCI(1.0.0),1,20004,PBLCI,50,Q,2025-Q2,99.17,,,,
ABS:LCI(1.0.0),1,20004,PBLCI,50,Q,2025-Q3,100,,,,
ABS:LCI(1.0.0),1,20004,PBLCI,50,Q,2025-Q4,99.75,,,,
ABS:LCI(1.0.0),1,20004,PBLCI,50,Q,2026-Q1,99.54,,,,
ABS:LCI(1.0.0),1,20004,PBLCI,50,Q,2026-Q2,99.66,,,,
ABS:LCI(1.0.0),1,115486,P1,50,Q,2007-Q2,47.84,,,,
ABS:LCI(1.0.0),1,115486,P1,50,Q,2007-Q3,47.6,,,,
ABS:LCI(1.0.0),1,115486,P1,50,Q,2007-Q4,47.1,,,,
ABS:LCI(1.0.0),1,115486,P1,50,Q,2008-Q1,48.89,,,,
ABS:LCI(1.0.0),1,115486,P1,50,Q,2008-Q2,50.14,,,,
ABS:LCI(1.0.0),1,115486,P1,50,Q,2008-Q3,50.04,,,,
ABS:LCI(1.0.0),1,115486,P1,50,Q,2008-Q4,49.47,,,,
ABS:LCI(1.0.0),1,115486,P1,50,Q,2009-Q1,51.49,,,,
ABS:LCI(1.0.0),1,115486,P1,50,Q,2009-Q2,52.69,,,,
ABS:LCI(1.0.0),1,115486,P1,50,Q,2009-Q3,52.21,,,,
ABS:LCI(1.0.0),1,115486,P1,50,Q,2009-Q4,51.74,,,,
ABS:LCI(1.0.0),1,115486,P1,50,Q,2010-Q1,54.04,,,,
ABS:LCI(1.0.0),1,115486,P1,50,Q,2010-Q2,55.29,,,,
ABS:LCI(1.0.0),1,115486,P1,50,Q,2010-Q3,54.92,,,,
ABS:LCI(1.0.0),1,115486,P1,50,Q,2010-Q4,54.25,,,,
ABS:LCI(1.0.0),1,115486,P1,50,Q,2011-Q1,56.22,,,,
ABS:LCI(1.0.0),1,115486,P1,50,Q,2011-Q2,57.42,,,,
ABS:LCI(1.0.0),1,115486,P1,50,Q,2011-Q3,56.93,,,,
ABS:LCI(1.0.0),1,115486,P1,50,Q,2011-Q4,56.3,,,,
ABS:LCI(1.0.0),1,115486,P1,50,Q,2012-Q1,58.69,,,,
ABS:LCI(1.0.0),1,115486,P1,50,Q,2012-Q2,59.44,,,,
ABS:LCI(1.0.0),1,115486,P1,50,Q,2012-Q3,60.81,,,,
ABS:LCI(1.0.0),1,115486,P1,50,Q,2012-Q4,60.4,,,,
ABS:LCI(1.0.0),1,115486,P1,50,Q,2013-Q1,62.02,,,,
ABS:LCI(1.0.0),1,115486,P1,50,Q,2013-Q2,63.09,,,,
ABS:LCI(1.0.0),1,115486,P1,50,Q,2013-Q3,63.19,,,,
ABS:LCI(1.0.0),1,115486,P1,50,Q,2013-Q4,63.02,,,,
ABS:LCI(1.0.0),1,115486,P1,50,Q,2014-Q1,64.46,,,,
ABS:LCI(1.0.0),1,115486,P1,50,Q,2014-Q2,66.07,,,,
ABS:LCI(1.0.0),1,115486,P1,50,Q,2014-Q3,66.09,,,,
ABS:LCI(1.0.0),1,115486,P1,50,Q,2014-Q4,65.62,,,,
ABS:LCI(1.0.0),1,115486,P1,50,Q,2015-Q1,67.17,,,,
ABS:LCI(1.0.0),1,115486,P1,50,Q,2015-Q2,68.77,,,,
ABS:LCI(1.0.0),1,115486,P1,50,Q,2015-Q3,69.19,,,,
ABS:LCI(1.0.0),1,115486,P1,50,Q,2015-Q4,69.04,,,,
ABS:LCI(1.0.0),1,115486,P1,50,Q,2016-Q1,70.2,,,,
ABS:LCI(1.0.0),1,115486,P1,50,Q,2016-Q2,71.79,,,,
ABS:LCI(1.0.0),1,115486,P1,50,Q,2016-Q3,71.72,,,,
ABS:LCI(1.0.0),1,115486,P1,50,Q,2016-Q4,71.38,,,,
ABS:LCI(1.0.0),1,115486,P1,50,Q,2017-Q1,72.64,,,,
ABS:LCI(1.0.0),1,115486,P1,50,Q,2017-Q2,74.35,,,,
ABS:LCI(1.0.0),1,115486,P1,50,Q,2017-Q3,74.3,,,,
ABS:LCI(1.0.0),1,115486,P1,50,Q,2017-Q4,74.07,,,,
ABS:LCI(1.0.0),1,115486,P1,50,Q,2018-Q1,75.34,,,,
ABS:LCI(1.0.0),1,115486,P1,50,Q,2018-Q2,76.77,,,,
ABS:LCI(1.0.0),1,115486,P1,50,Q,2018-Q3,76.62,,,,
ABS:LCI(1.0.0),1,115486,P1,50,Q,2018-Q4,76.47,,,,
ABS:LCI(1.0.0),1,115486,P1,50,Q,2019-Q1,77.62,,,,
ABS:LCI(1.0.0),1,115486,P1,50,Q,2019-Q2,79,,,,
ABS:LCI(1.0.0),1,115486,P1,50,Q,2019-Q3,78.97,,,,
ABS:LCI(1.0.0),1,115486,P1,50,Q,2019-Q4,78.88,,,,
ABS:LCI(1.0.0),1,115486,P1,50,Q,2020-Q1,79.88,,,,
ABS:LCI(1.0.0),1,115486,P1,50,Q,2020-Q2,79.72,,,,
ABS:LCI(1.0.0),1,115486,P1,50,Q,2020-Q3,79.81,,,,
ABS:LCI(1.0.0),1,115486,P1,50,Q,2020-Q4,81.04,,,,
ABS:LCI(1.0.0),1,115486,P1,50,Q,2021-Q1,82.33,,,,
ABS:LCI(1.0.0),1,115486,P1,50,Q,2021-Q2,83.61,,,,
ABS:LCI(1.0.0),1,115486,P1,50,Q,2021-Q3,83.9,,,,
ABS:LCI(1.0.0),1,115486,P1,50,Q,2021-Q4,83.76,,,,
ABS:LCI(1.0.0),1,115486,P1,50,Q,2022-Q1,85.33,,,,
ABS:LCI(1.0.0),1,115486,P1,50,Q,2022-Q2,85.9,,,,
ABS:LCI(1.0.0),1,115486,P1,50,Q,2022-Q3,86.38,,,,
ABS:LCI(1.0.0),1,115486,P1,50,Q,2022-Q4,87.22,,,,
ABS:LCI(1.0.0),1,115486,P1,50,Q,2023-Q1,90.18,,,,
ABS:LCI(1.0.0),1,115486,P1,50,Q,2023-Q2,90.14,,,,
ABS:LCI(1.0.0),1,115486,P1,50,Q,2023-Q3,91.33,,,,
ABS:LCI(1.0.0),1,115486,P1,50,Q,2023-Q4,91.97,,,,
ABS:LCI(1.0.0),1,115486,P1,50,Q,2024-Q1,94.16,,,,
ABS:LCI(1.0.0),1,115486,P1,50,Q,2024-Q2,95.61,,,,
ABS:LCI(1.0.0),1,115486,P1,50,Q,2024-Q3,95.79,,,,
ABS:LCI(1.0.0),1,115486,P1,50,Q,2024-Q4,95.76,,,,
ABS:LCI(1.0.0),1,115486,P1,50,Q,2025-Q1,98.18,,,,
ABS:LCI(1.0.0),1,115486,P1,50,Q,2025-Q2,99.73,,,,
ABS:LCI(1.0.0),1,115486,P1,50,Q,2025-Q3,100,,,,
ABS:LCI(1.0.0),1,115486,P1,50,Q,2025-Q4,99.61,,,,
ABS:LCI(1.0.0),1,115486,P1,50,Q,2026-Q1,101.41,,,,
ABS:LCI(1.0.0),1,115486,P1,50,Q,2026-Q2,103.61,,,,
ABS:LCI(1.0.0),1,115493,P1,50,Q,2007-Q2,46.12,,,,
ABS:LCI(1.0.0),1,115493,P1,50,Q,2007-Q3,45.63,,,,
ABS:LCI(1.0.0),1,115493,P1,50,Q,2007-Q4,45.64,,,,
ABS:LCI(1.0.0),1,115493,P1,50,Q,2008-Q1,48.09,,,,
ABS:LCI(1.0.0),1,115493,P1,50,Q,2008-Q2,48.11,,,,
ABS:LCI(1.0.0),1,115493,P1,50,Q,2008-Q3,47.87,,,,
ABS:LCI(1.0.0),1,115493,P1,50,Q,2008-Q4,47.88,,,,
ABS:LCI(1.0.0),1,115493,P1,50,Q,2009-Q1,50.59,,,,
ABS:LCI(1.0.0),1,115493,P1,50,Q,2009-Q2,50.62,,,,
ABS:LCI(1.0.0),1,115493,P1,50,Q,2009-Q3,50.63,,,,
ABS:LCI(1.0.0),1,115493,P1,50,Q,2009-Q4,50.66,,,,
ABS:LCI(1.0.0),1,115493,P1,50,Q,2010-Q1,53.38,,,,
ABS:LCI(1.0.0),1,115493,P1,50,Q,2010-Q2,53.39,,,,
ABS:LCI(1.0.0),1,115493,P1,50,Q,2010-Q3,53.45,,,,
ABS:LCI(1.0.0),1,115493,P1,50,Q,2010-Q4,53.44,,,,
ABS:LCI(1.0.0),1,115493,P1,50,Q,2011-Q1,56.49,,,,
ABS:LCI(1.0.0),1,115493,P1,50,Q,2011-Q2,56.5,,,,
ABS:LCI(1.0.0),1,115493,P1,50,Q,2011-Q3,56.52,,,,
ABS:LCI(1.0.0),1,115493,P1,50,Q,2011-Q4,56.54,,,,
ABS:LCI(1.0.0),1,115493,P1,50,Q,2012-Q1,59.95,,,,
ABS:LCI(1.0.0),1,115493,P1,50,Q,2012-Q2,59.97,,,,
ABS:LCI(1.0.0),1,115493,P1,50,Q,2012-Q3,60.02,,,,
ABS:LCI(1.0.0),1,115493,P1,50,Q,2012-Q4,60.03,,,,
ABS:LCI(1.0.0),1,115493,P1,50,Q,2013-Q1,63.39,,,,
ABS:LCI(1.0.0),1,115493,P1,50,Q,2013-Q2,63.29,,,,
ABS:LCI(1.0.0),1,115493,P1,50,Q,2013-Q3,63.32,,,,
ABS:LCI(1.0.0),1,115493,P1,50,Q,2013-Q4,63.33,,,,
ABS:LCI(1.0.0),1,115493,P1,50,Q,2014-Q1,66.62,,,,
ABS:LCI(1.0.0),1,115493,P1,50,Q,2014-Q2,66.64,,,,
ABS:LCI(1.0.0),1,115493,P1,50,Q,2014-Q3,66.69,,,,
ABS:LCI(1.0.0),1,115493,P1,50,Q,2014-Q4,66.72,,,,
ABS:LCI(1.0.0),1,115493,P1,50,Q,2015-Q1,70.3,,,,
ABS:LCI(1.0.0),1,115493,P1,50,Q,2015-Q2,70.32,,,,
ABS:LCI(1.0.0),1,115493,P1,50,Q,2015-Q3,70.41,,,,
ABS:LCI(1.0.0),1,115493,P1,50,Q,2015-Q4,70.41,,,,
ABS:LCI(1.0.0),1,115493,P1,50,Q,2016-Q1,72.79,,,,
ABS:LCI(1.0.0),1,115493,P1,50,Q,2016-Q2,72.8,,,,
ABS:LCI(1.0.0),1,115493,P1,50,Q,2016-Q3,72.92,,,,
ABS:LCI(1.0.0),1,115493,P1,50,Q,2016-Q4,72.93,,,,
ABS:LCI(1.0.0),1,115493,P1,50,Q,2017-Q1,75.21,,,,
ABS:LCI(1.0.0),1,115493,P1,50,Q,2017-Q2,75.21,,,,
ABS:LCI(1.0.0),1,115493,P1,50,Q,2017-Q3,75.25,,,,
ABS:LCI(1.0.0),1,115493,P1,50,Q,2017-Q4,75.29,,,,
ABS:LCI(1.0.0),1,115493,P1,50,Q,2018-Q1,77.39,,,,
ABS:LCI(1.0.0),1,115493,P1,50,Q,2018-Q2,77.43,,,,
ABS:LCI(1.0.0),1,115493,P1,50,Q,2018-Q3,77.35,,,,
ABS:LCI(1.0.0),1,115493,P1,50,Q,2018-Q4,77.37,,,,
ABS:LCI(1.0.0),1,115493,P1,50,Q,2019-Q1,79.58,,,,
ABS:LCI(1.0.0),1,115493,P1,50,Q,2019-Q2,79.61,,,,
ABS:LCI(1.0.0),1,115493,P1,50,Q,2019-Q3,79.68,,,,
ABS:LCI(1.0.0),1,115493,P1,50,Q,2019-Q4,79.72,,,,
ABS:LCI(1.0.0),1,115493,P1,50,Q,2020-Q1,81.87,,,,
ABS:LCI(1.0.0),1,115493,P1,50,Q,2020-Q2,78.43,,,,
ABS:LCI(1.0.0),1,115493,P1,50,Q,2020-Q3,80.21,,,,
ABS:LCI(1.0.0),1,115493,P1,50,Q,2020-Q4,81.32,,,,
ABS:LCI(1.0.0),1,115493,P1,50,Q,2021-Q1,81.93,,,,
ABS:LCI(1.0.0),1,115493,P1,50,Q,2021-Q2,81.96,,,,
ABS:LCI(1.0.0),1,115493,P1,50,Q,2021-Q3,82.02,,,,
ABS:LCI(1.0.0),1,115493,P1,50,Q,2021-Q4,82.03,,,,
ABS:LCI(1.0.0),1,115493,P1,50,Q,2022-Q1,85.63,,,,
ABS:LCI(1.0.0),1,115493,P1,50,Q,2022-Q2,85.63,,,,
ABS:LCI(1.0.0),1,115493,P1,50,Q,2022-Q3,85.66,,,,
ABS:LCI(1.0.0),1,115493,P1,50,Q,2022-Q4,85.74,,,,
ABS:LCI(1.0.0),1,115493,P1,50,Q,2023-Q1,89.84,,,,
ABS:LCI(1.0.0),1,115493,P1,50,Q,2023-Q2,89.59,,,,
ABS:LCI(1.0.0),1,115493,P1,50,Q,2023-Q3,89.18,,,,
ABS:LCI(1.0.0),1,115493,P1,50,Q,2023-Q4,89.1,,,,
ABS:LCI(1.0.0),1,115493,P1,50,Q,2024-Q1,94.25,,,,
ABS:LCI(1.0.0),1,115493,P1,50,Q,2024-Q2,94.46,,,,
ABS:LCI(1.0.0),1,115493,P1,50,Q,2024-Q3,94.84,,,,
ABS:LCI(1.0.0),1,115493,P1,50,Q,2024-Q4,94.8,,,,
ABS:LCI(1.0.0),1,115493,P1,50,Q,2025-Q1,99.89,,,,
ABS:LCI(1.0.0),1,115493,P1,50,Q,2025-Q2,99.86,,,,
ABS:LCI(1.0.0),1,115493,P1,50,Q,2025-Q3,100,,,,
ABS:LCI(1.0.0),1,115493,P1,50,Q,2025-Q4,100.1,,,,
ABS:LCI(1.0.0),1,115493,P1,50,Q,2026-Q1,103.3,,,,
ABS:LCI(1.0.0),1,115493,P1,50,Q,2026-Q2,104.94,,,,
ABS:LCI(1.0.0),1,115493,P2,50,Q,2007-Q2,44.9,,,,
ABS:LCI(1.0.0),1,115493,P2,50,Q,2007-Q3,44.77,,,,
ABS:LCI(1.0.0),1,115493,P2,50,Q,2007-Q4,44.77,,,,
ABS:LCI(1.0.0),1,115493,P2,50,Q,2008-Q1,47.11,,,,
ABS:LCI(1.0.0),1,115493,P2,50,Q,2008-Q2,47.12,,,,
ABS:LCI(1.0.0),1,115493,P2,50,Q,2008-Q3,47.05,,,,
ABS:LCI(1.0.0),1,115493,P2,50,Q,2008-Q4,47.06,,,,
ABS:LCI(1.0.0),1,115493,P2,50,Q,2009-Q1,49.67,,,,
ABS:LCI(1.0.0),1,115493,P2,50,Q,2009-Q2,49.68,,,,
ABS:LCI(1.0.0),1,115493,P2,50,Q,2009-Q3,49.68,,,,
ABS:LCI(1.0.0),1,115493,P2,50,Q,2009-Q4,49.69,,,,
ABS:LCI(1.0.0),1,115493,P2,50,Q,2010-Q1,52.43,,,,
ABS:LCI(1.0.0),1,115493,P2,50,Q,2010-Q2,52.43,,,,
ABS:LCI(1.0.0),1,115493,P2,50,Q,2010-Q3,52.45,,,,
ABS:LCI(1.0.0),1,115493,P2,50,Q,2010-Q4,52.45,,,,
ABS:LCI(1.0.0),1,115493,P2,50,Q,2011-Q1,55.47,,,,
ABS:LCI(1.0.0),1,115493,P2,50,Q,2011-Q2,55.47,,,,
ABS:LCI(1.0.0),1,115493,P2,50,Q,2011-Q3,55.49,,,,
ABS:LCI(1.0.0),1,115493,P2,50,Q,2011-Q4,55.51,,,,
ABS:LCI(1.0.0),1,115493,P2,50,Q,2012-Q1,59.12,,,,
ABS:LCI(1.0.0),1,115493,P2,50,Q,2012-Q2,59.13,,,,
ABS:LCI(1.0.0),1,115493,P2,50,Q,2012-Q3,59.17,,,,
ABS:LCI(1.0.0),1,115493,P2,50,Q,2012-Q4,59.18,,,,
ABS:LCI(1.0.0),1,115493,P2,50,Q,2013-Q1,62.41,,,,
ABS:LCI(1.0.0),1,115493,P2,50,Q,2013-Q2,62.31,,,,
ABS:LCI(1.0.0),1,115493,P2,50,Q,2013-Q3,62.34,,,,
ABS:LCI(1.0.0),1,115493,P2,50,Q,2013-Q4,62.35,,,,
ABS:LCI(1.0.0),1,115493,P2,50,Q,2014-Q1,65.76,,,,
ABS:LCI(1.0.0),1,115493,P2,50,Q,2014-Q2,65.78,,,,
ABS:LCI(1.0.0),1,115493,P2,50,Q,2014-Q3,65.82,,,,
ABS:LCI(1.0.0),1,115493,P2,50,Q,2014-Q4,65.85,,,,
ABS:LCI(1.0.0),1,115493,P2,50,Q,2015-Q1,69.26,,,,
ABS:LCI(1.0.0),1,115493,P2,50,Q,2015-Q2,69.27,,,,
ABS:LCI(1.0.0),1,115493,P2,50,Q,2015-Q3,69.35,,,,
ABS:LCI(1.0.0),1,115493,P2,50,Q,2015-Q4,69.35,,,,
ABS:LCI(1.0.0),1,115493,P2,50,Q,2016-Q1,72.09,,,,
ABS:LCI(1.0.0),1,115493,P2,50,Q,2016-Q2,72.1,,,,
ABS:LCI(1.0.0),1,115493,P2,50,Q,2016-Q3,72.18,,,,
ABS:LCI(1.0.0),1,115493,P2,50,Q,2016-Q4,72.19,,,,
ABS:LCI(1.0.0),1,115493,P2,50,Q,2017-Q1,74.69,,,,
ABS:LCI(1.0.0),1,115493,P2,50,Q,2017-Q2,74.69,,,,
ABS:LCI(1.0.0),1,115493,P2,50,Q,2017-Q3,74.71,,,,
ABS:LCI(1.0.0),1,115493,P2,50,Q,2017-Q4,74.71,,,,
ABS:LCI(1.0.0),1,115493,P2,50,Q,2018-Q1,75.93,,,,
ABS:LCI(1.0.0),1,115493,P2,50,Q,2018-Q2,75.94,,,,
ABS:LCI(1.0.0),1,115493,P2,50,Q,2018-Q3,76.49,,,,
ABS:LCI(1.0.0),1,115493,P2,50,Q,2018-Q4,76.49,,,,
ABS:LCI(1.0.0),1,115493,P2,50,Q,2019-Q1,77.82,,,,
ABS:LCI(1.0.0),1,115493,P2,50,Q,2019-Q2,77.83,,,,
ABS:LCI(1.0.0),1,115493,P2,50,Q,2019-Q3,77.86,,,,
ABS:LCI(1.0.0),1,115493,P2,50,Q,2019-Q4,77.86,,,,
ABS:LCI(1.0.0),1,115493,P2,50,Q,2020-Q1,79.12,,,,
ABS:LCI(1.0.0),1,115493,P2,50,Q,2020-Q2,78.77,,,,
ABS:LCI(1.0.0),1,115493,P2,50,Q,2020-Q3,78.87,,,,
ABS:LCI(1.0.0),1,115493,P2,50,Q,2020-Q4,78.98,,,,
ABS:LCI(1.0.0),1,115493,P2,50,Q,2021-Q1,78.09,,,,
ABS:LCI(1.0.0),1,115493,P2,50,Q,2021-Q2,78.1,,,,
ABS:LCI(1.0.0),1,115493,P2,50,Q,2021-Q3,78.12,,,,
ABS:LCI(1.0.0),1,115493,P2,50,Q,2021-Q4,78.12,,,,
ABS:LCI(1.0.0),1,115493,P2,50,Q,2022-Q1,82.72,,,,
ABS:LCI(1.0.0),1,115493,P2,50,Q,2022-Q2,82.72,,,,
ABS:LCI(1.0.0),1,115493,P2,50,Q,2022-Q3,82.67,,,,
ABS:LCI(1.0.0),1,115493,P2,50,Q,2022-Q4,82.68,,,,
ABS:LCI(1.0.0),1,115493,P2,50,Q,2023-Q1,89.91,,,,
ABS:LCI(1.0.0),1,115493,P2,50,Q,2023-Q2,89.89,,,,
ABS:LCI(1.0.0),1,115493,P2,50,Q,2023-Q3,90.21,,,,
ABS:LCI(1.0.0),1,115493,P2,50,Q,2023-Q4,90.2,,,,
ABS:LCI(1.0.0),1,115493,P2,50,Q,2024-Q1,95.91,,,,
ABS:LCI(1.0.0),1,115493,P2,50,Q,2024-Q2,95.93,,,,
ABS:LCI(1.0.0),1,115493,P2,50,Q,2024-Q3,96.07,,,,
ABS:LCI(1.0.0),1,115493,P2,50,Q,2024-Q4,96.06,,,,
ABS:LCI(1.0.0),1,115493,P2,50,Q,2025-Q1,99.88,,,,
ABS:LCI(1.0.0),1,115493,P2,50,Q,2025-Q2,99.88,,,,
ABS:LCI(1.0.0),1,115493,P2,50,Q,2025-Q3,100,,,,
ABS:LCI(1.0.0),1,115493,P2,50,Q,2025-Q4,100.05,,,,
ABS:LCI(1.0.0),1,115493,P2,50,Q,2026-Q1,101.89,,,,
ABS:LCI(1.0.0),1,115493,P2,50,Q,2026-Q2,102.82,,,,
ABS:LCI(1.0.0),2,20002,P1,50,Q,2007-Q3,0.5,,,,
ABS:LCI(1.0.0),2,20002,P1,50,Q,2007-Q4,0.2,,,,
ABS:LCI(1.0.0),2,20002,P1,50,Q,2008-Q1,-2.3,,,,
ABS:LCI(1.0.0),2,20002,P1,50,Q,2008-Q2,2.9,,,,
ABS:LCI(1.0.0),2,20002,P1,50,Q,2008-Q3,-0.6,,,,
ABS:LCI(1.0.0),2,20002,P1,50,Q,2008-Q4,0.3,,,,
ABS:LCI(1.0.0),2,20002,P1,50,Q,2009-Q1,-0.5,,,,
ABS:LCI(1.0.0),2,20002,P1,50,Q,2009-Q2,2.1,,,,
ABS:LCI(1.0.0),2,20002,P1,50,Q,2009-Q3,0.4,,,,
ABS:LCI(1.0.0),2,20002,P1,50,Q,2009-Q4,0.2,,,,
ABS:LCI(1.0.0),2,20002,P1,50,Q,2010-Q1,-4.3,,,,
ABS:LCI(1.0.0),2,20002,P1,50,Q,2010-Q2,-0.1,,,,
ABS:LCI(1.0.0),2,20002,P1,50,Q,2010-Q3,1.4,,,,
ABS:LCI(1.0.0),2,20002,P1,50,Q,2010-Q4,-1.8,,,,
ABS:LCI(1.0.0),2,20002,P1,50,Q,2011-Q1,-0.9,,,,
ABS:LCI(1.0.0),2,20002,P1,50,Q,2011-Q2,2.4,,,,
ABS:LCI(1.0.0),2,20002,P1,50,Q,2011-Q3,1.5,,,,
ABS:LCI(1.0.0),2,20002,P1,50,Q,2011-Q4,-0.6,,,,
ABS:LCI(1.0.0),2,20002,P1,50,Q,2012-Q1,-1.7,,,,
ABS:LCI(1.0.0),2,20002,P1,50,Q,2012-Q2,1.5,,,,
ABS:LCI(1.0.0),2,20002,P1,50,Q,2012-Q3,0.1,,,,
ABS:LCI(1.0.0),2,20002,P1,50,Q,2012-Q4,0.8,,,,
ABS:LCI(1.0.0),2,20002,P1,50,Q,2013-Q1,-3.8,,,,
ABS:LCI(1.0.0),2,20002,P1,50,Q,2013-Q2,2.6,,,,
ABS:LCI(1.0.0),2,20002,P1,50,Q,2013-Q3,1.1,,,,
ABS:LCI(1.0.0),2,20002,P1,50,Q,2013-Q4,-1.1,,,,
ABS:LCI(1.0.0),2,20002,P1,50,Q,2014-Q1,-2.2,,,,
ABS:LCI(1.0.0),2,20002,P1,50,Q,2014-Q2,1.6,,,,
ABS:LCI(1.0.0),2,20002,P1,50,Q,2014-Q3,-1,,,,
ABS:LCI(1.0.0),2,20002,P1,50,Q,2014-Q4,0,,,,
ABS:LCI(1.0.0),2,20002,P1,50,Q,2015-Q1,-1.4,,,,
ABS:LCI(1.0.0),2,20002,P1,50,Q,2015-Q2,1.4,,,,
ABS:LCI(1.0.0),2,20002,P1,50,Q,2015-Q3,-1.2,,,,
ABS:LCI(1.0.0),2,20002,P1,50,Q,2015-Q4,1.6,,,,
ABS:LCI(1.0.0),2,20002,P1,50,Q,2016-Q1,-2.6,,,,
ABS:LCI(1.0.0),2,20002,P1,50,Q,2016-Q2,2,,,,
ABS:LCI(1.0.0),2,20002,P1,50,Q,2016-Q3,0.3,,,,
ABS:LCI(1.0.0),2,20002,P1,50,Q,2016-Q4,-0.5,,,,
ABS:LCI(1.0.0),2,20002,P1,50,Q,2017-Q1,-1.5,,,,
ABS:LCI(1.0.0),2,20002,P1,50,Q,2017-Q2,-0.3,,,,
ABS:LCI(1.0.0),2,20002,P1,50,Q,2017-Q3,-1,,,,
ABS:LCI(1.0.0),2,20002,P1,50,Q,2017-Q4,-0.3,,,,
ABS:LCI(1.0.0),2,20002,P1,50,Q,2018-Q1,-2,,,,
ABS:LCI(1.0.0),2,20002,P1,50,Q,2018-Q2,1.3,,,,
ABS:LCI(1.0.0),2,20002,P1,50,Q,2018-Q3,0.1,,,,
ABS:LCI(1.0.0),2,20002,P1,50,Q,2018-Q4,-0.2,,,,
ABS:LCI(1.0.0),2,20002,P1,50,Q,2019-Q1,-1.4,,,,
ABS:LCI(1.0.0),2,20002,P1,50,Q,2019-Q2,1.7,,,,
ABS:LCI(1.0.0),2,20002,P1,50,Q,2019-Q3,1.4,,,,
ABS:LCI(1.0.0),2,20002,P1,50,Q,2019-Q4,-0.4,,,,
ABS:LCI(1.0.0),2,20002,P1,50,Q,2020-Q1,-0.7,,,,
ABS:LCI(1.0.0),2,20002,P1,50,Q,2020-Q2,0.1,,,,
ABS:LCI(1.0.0),2,20002,P1,50,Q,2020-Q3,0.5,,,,
ABS:LCI(1.0.0),2,20002,P1,50,Q,2020-Q4,-1,,,,
ABS:LCI(1.0.0),2,20002,P1,50,Q,2021-Q1,0.4,,,,
ABS:LCI(1.0.0),2,20002,P1,50,Q,2021-Q2,0.4,,,,
ABS:LCI(1.0.0),2,20002,P1,50,Q,2021-Q3,-3.8,,,,
ABS:LCI(1.0.0),2,20002,P1,50,Q,2021-Q4,2.6,,,,
ABS:LCI(1.0.0),2,20002,P1,50,Q,2022-Q1,-0.7,,,,
ABS:LCI(1.0.0),2,20002,P1,50,Q,2022-Q2,3.5,,,,
ABS:LCI(1.0.0),2,20002,P1,50,Q,2022-Q3,-0.2,,,,
ABS:LCI(1.0.0),2,20002,P1,50,Q,2022-Q4,2.5,,,,
ABS:LCI(1.0.0),2,20002,P1,50,Q,2023-Q1,-2.6,,,,
ABS:LCI(1.0.0),2,20002,P1,50,Q,2023-Q2,0.6,,,,
ABS:LCI(1.0.0),2,20002,P1,50,Q,2023-Q3,0.5,,,,
ABS:LCI(1.0.0),2,20002,P1,50,Q,2023-Q4,0.6,,,,
ABS:LCI(1.0.0),2,20002,P1,50,Q,2024-Q1,-1.2,,,,
ABS:LCI(1.0.0),2,20002,P1,50,Q,2024-Q2,3.1,,,,
ABS:LCI(1.0.0),2,20002,P1,50,Q,2024-Q3,-0.7,,,,
ABS:LCI(1.0.0),2,20002,P1,50,Q,2024-Q4,0.2,,,,
ABS:LCI(1.0.0),2,20002,P1,50,Q,2025-Q1,-0.9,,,,
ABS:LCI(1.0.0),2,20002,P1,50,Q,2025-Q2,2.7,,,,
ABS:LCI(1.0.0),2,20002,P1,50,Q,2025-Q3,0.5,,,,
ABS:LCI(1.0.0),2,20002,P1,50,Q,2025-Q4,-0.1,,,,
ABS:LCI(1.0.0),2,20002,P1,50,Q,2026-Q1,2.3,,,,
ABS:LCI(1.0.0),2,20002,P1,50,Q,2026-Q2,1,,,,
ABS:LCI(1.0.0),2,115488,P4,50,Q,2007-Q3,0,,,,
ABS:LCI(1.0.0),2,115488,P4,50,Q,2007-Q4,-0.1,,,,
ABS:LCI(1.0.0),2,115488,P4,50,Q,2008-Q1,0,,,,
ABS:LCI(1.0.0),2,115488,P4,50,Q,2008-Q2,0.1,,,,
ABS:LCI(1.0.0),2,115488,P4,50,Q,2008-Q3,0.3,,,,
ABS:LCI(1.0.0),2,115488,P4,50,Q,2008-Q4,0.6,,,,
ABS:LCI(1.0.0),2,115488,P4,50,Q,2009-Q1,0.4,,,,
ABS:LCI(1.0.0),2,115488,P4,50,Q,2009-Q2,0.2,,,,
ABS:LCI(1.0.0),2,115488,P4,50,Q,2009-Q3,0.2,,,,
ABS:LCI(1.0.0),2,115488,P4,50,Q,2009-Q4,-0.1,,,,
ABS:LCI(1.0.0),2,115488,P4,50,Q,2010-Q1,-0.1,,,,
ABS:LCI(1.0.0),2,115488,P4,50,Q,2010-Q2,0,,,,
ABS:LCI(1.0.0),2,115488,P4,50,Q,2010-Q3,0.2,,,,
ABS:LCI(1.0.0),2,115488,P4,50,Q,2010-Q4,0,,,,
ABS:LCI(1.0.0),2,115488,P4,50,Q,2011-Q1,0.2,,,,
ABS:LCI(1.0.0),2,115488,P4,50,Q,2011-Q2,0.6,,,,
ABS:LCI(1.0.0),2,115488,P4,50,Q,2011-Q3,0.1,,,,
ABS:LCI(1.0.0),2,115488,P4,50,Q,2011-Q4,1,,,,
ABS:LCI(1.0.0),2,115488,P4,50,Q,2012-Q1,0.1,,,,
ABS:LCI(1.0.0),2,115488,P4,50,Q,2012-Q2,-0.2,,,,
ABS:LCI(1.0.0),2,115488,P4,50,Q,2012-Q3,0.5,,,,
ABS:LCI(1.0.0),2,115488,P4,50,Q,2012-Q4,1.2,,,,
ABS:LCI(1.0.0),2,115488,P4,50,Q,2013-Q1,0,,,,
ABS:LCI(1.0.0),2,115488,P4,50,Q,2013-Q2,0.5,,,,
ABS:LCI(1.0.0),2,115488,P4,50,Q,2013-Q3,0.1,,,,
ABS:LCI(1.0.0),2,115488,P4,50,Q,2013-Q4,1.1,,,,
ABS:LCI(1.0.0),2,115488,P4,50,Q,2014-Q1,0.5,,,,
ABS:LCI(1.0.0),2,115488,P4,50,Q,2014-Q2,-1.7,,,,
ABS:LCI(1.0.0),2,115488,P4,50,Q,2014-Q3,-1.4,,,,
ABS:LCI(1.0.0),2,115488,P4,50,Q,2014-Q4,0,,,,
ABS:LCI(1.0.0),2,115488,P4,50,Q,2015-Q1,-1.3,,,,
ABS:LCI(1.0.0),2,115488,P4,50,Q,2015-Q2,-0.6,,,,
ABS:LCI(1.0.0),2,115488,P4,50,Q,2015-Q3,-1.9,,,,
ABS:LCI(1.0.0),2,115488,P4,50,Q,2015-Q4,-2.4,,,,
ABS:LCI(1.0.0),2,115488,P4,50,Q,2016-Q1,-1.4,,,,
ABS:LCI(1.0.0),2,115488,P4,50,Q,2016-Q2,-1.3,,,,
ABS:LCI(1.0.0),2,115488,P4,50,Q,2016-Q3,-2.2,,,,
ABS:LCI(1.0.0),2,115488,P4,50,Q,2016-Q4,-0.6,,,,
ABS:LCI(1.0.0),2,115488,P4,50,Q,2017-Q1,-0.3,,,,
ABS:LCI(1.0.0),2,115488,P4,50,Q,2017-Q2,-0.4,,,,
ABS:LCI(1.0.0),2,115488,P4,50,Q,2017-Q3,-1.3,,,,
ABS:LCI(1.0.0),2,115488,P4,50,Q,2017-Q4,-1.2,,,,
ABS:LCI(1.0.0),2,115488,P4,50,Q,2018-Q1,-0.3,,,,
ABS:LCI(1.0.0),2,115488,P4,50,Q,2018-Q2,-1,,,,
ABS:LCI(1.0.0),2,115488,P4,50,Q,2018-Q3,-1.2,,,,
ABS:LCI(1.0.0),2,115488,P4,50,Q,2018-Q4,-1.3,,,,
ABS:LCI(1.0.0),2,115488,P4,50,Q,2019-Q1,-0.5,,,,
ABS:LCI(1.0.0),2,115488,P4,50,Q,2019-Q2,-1.1,,,,
ABS:LCI(1.0.0),2,115488,P4,50,Q,2019-Q3,-1.1,,,,
ABS:LCI(1.0.0),2,115488,P4,50,Q,2019-Q4,-1,,,,
ABS:LCI(1.0.0),2,115488,P4,50,Q,2020-Q1,-0.2,,,,
ABS:LCI(1.0.0),2,115488,P4,50,Q,2020-Q2,-1.3,,,,
ABS:LCI(1.0.0),2,115488,P4,50,Q,2020-Q3,-0.8,,,,
ABS:LCI(1.0.0),2,115488,P4,50,Q,2020-Q4,-0.3,,,,
ABS:LCI(1.0.0),2,115488,P4,50,Q,2021-Q1,0.5,,,,
ABS:LCI(1.0.0),2,115488,P4,50,Q,2021-Q2,-0.4,,,,
ABS:LCI(1.0.0),2,115488,P4,50,Q,2021-Q3,-0.5,,,,
ABS:LCI(1.0.0),2,115488,P4,50,Q,2021-Q4,0.2,,,,
ABS:LCI(1.0.0),2,115488,P4,50,Q,2022-Q1,0.5,,,,
ABS:LCI(1.0.0),2,115488,P4,50,Q,2022-Q2,0.1,,,,
ABS:LCI(1.0.0),2,115488,P4,50,Q,2022-Q3,1.5,,,,
ABS:LCI(1.0.0),2,115488,P4,50,Q,2022-Q4,-0.4,,,,
ABS:LCI(1.0.0),2,115488,P4,50,Q,2023-Q1,0.3,,,,
ABS:LCI(1.0.0),2,115488,P4,50,Q,2023-Q2,-0.3,,,,
ABS:LCI(1.0.0),2,115488,P4,50,Q,2023-Q3,2.5,,,,
ABS:LCI(1.0.0),2,115488,P4,50,Q,2023-Q4,0.4,,,,
ABS:LCI(1.0.0),2,115488,P4,50,Q,2024-Q1,-0.2,,,,
ABS:LCI(1.0.0),2,115488,P4,50,Q,2024-Q2,-0.8,,,,
ABS:LCI(1.0.0),2,115488,P4,50,Q,2024-Q3,0.6,,,,
ABS:LCI(1.0.0),2,115488,P4,50,Q,2024-Q4,0.4,,,,
ABS:LCI(1.0.0),2,115488,P4,50,Q,2025-Q1,-0.2,,,,
ABS:LCI(1.0.0),2,115488,P4,50,Q,2025-Q2,0.3,,,,
ABS:LCI(1.0.0),2,115488,P4,50,Q,2025-Q3,1.4,,,,
ABS:LCI(1.0.0),2,115488,P4,50,Q,2025-Q4,0.1,,,,
ABS:LCI(1.0.0),2,115488,P4,50,Q,2026-Q1,0.1,,,,
ABS:LCI(1.0.0),2,115488,P4,50,Q,2026-Q2,1,,,,
ABS:LCI(1.0.0),2,126670,P1,50,Q,2007-Q3,3.6,,,,
ABS:LCI(1.0.0),2,126670,P1,50,Q,2007-Q4,2.2,,,,
ABS:LCI(1.0.0),2,126670,P1,50,Q,2008-Q1,5.6,,,,
ABS:LCI(1.0.0),2,126670,P1,50,Q,2008-Q2,6.4,,,,
ABS:LCI(1.0.0),2,126670,P1,50,Q,2008-Q3,2.7,,,,
ABS:LCI(1.0.0),2,126670,P1,50,Q,2008-Q4,-1.3,,,,
ABS:LCI(1.0.0),2,126670,P1,50,Q,2009-Q1,-6.7,,,,
ABS:LCI(1.0.0),2,126670,P1,50,Q,2009-Q2,-14,,,,
ABS:LCI(1.0.0),2,126670,P1,50,Q,2009-Q3,0.9,,,,
ABS:LCI(1.0.0),2,126670,P1,50,Q,2009-Q4,3,,,,
ABS:LCI(1.0.0),2,126670,P1,50,Q,2010-Q1,6.6,,,,
ABS:LCI(1.0.0),2,126670,P1,50,Q,2010-Q2,5.6,,,,
ABS:LCI(1.0.0),2,126670,P1,50,Q,2010-Q3,4.1,,,,
ABS:LCI(1.0.0),2,126670,P1,50,Q,2010-Q4,2.1,,,,
ABS:LCI(1.0.0),2,126670,P1,50,Q,2011-Q1,3.2,,,,
ABS:LCI(1.0.0),2,126670,P1,50,Q,2011-Q2,1.2,,,,
ABS:LCI(1.0.0),2,126670,P1,50,Q,2011-Q3,0.5,,,,
ABS:LCI(1.0.0),2,126670,P1,50,Q,2011-Q4,0.5,,,,
ABS:LCI(1.0.0),2,126670,P1,50,Q,2012-Q1,-2.9,,,,
ABS:LCI(1.0.0),2,126670,P1,50,Q,2012-Q2,-0.3,,,,
ABS:LCI(1.0.0),2,126670,P1,50,Q,2012-Q3,-4.1,,,,
ABS:LCI(1.0.0),2,126670,P1,50,Q,2012-Q4,-1,,,,
ABS:LCI(1.0.0),2,126670,P1,50,Q,2013-Q1,-2.1,,,,
ABS:LCI(1.0.0),2,126670,P1,50,Q,2013-Q2,-1,,,,
ABS:LCI(1.0.0),2,126670,P1,50,Q,2013-Q3,-2.4,,,,
ABS:LCI(1.0.0),2,126670,P1,50,Q,2013-Q4,-2.1,,,,
ABS:LCI(1.0.0),2,126670,P1,50,Q,2014-Q1,0.9,,,,
ABS:LCI(1.0.0),2,126670,P1,50,Q,2014-Q2,0.1,,,,
ABS:LCI(1.0.0),2,126670,P1,50,Q,2014-Q3,0.6,,,,
ABS:LCI(1.0.0),2,126670,P1,50,Q,2014-Q4,0.7,,,,
ABS:LCI(1.0.0),2,126670,P1,50,Q,2015-Q1,0.1,,,,
ABS:LCI(1.0.0),2,126670,P1,50,Q,2015-Q2,-2,,,,
ABS:LCI(1.0.0),2,126670,P1,50,Q,2015-Q3,-1,,,,
ABS:LCI(1.0.0),2,126670,P1,50,Q,2015-Q4,1.1,,,,
ABS:LCI(1.0.0),2,126670,P1,50,Q,2016-Q1,2.2,,,,
ABS:LCI(1.0.0),2,126670,P1,50,Q,2016-Q2,0.1,,,,
ABS:LCI(1.0.0),2,126670,P1,50,Q,2016-Q3,-1.6,,,,
ABS:LCI(1.0.0),2,126670,P1,50,Q,2016-Q4,-1.5,,,,
ABS:LCI(1.0.0),2,126670,P1,50,Q,2017-Q1,1.3,,,,
ABS:LCI(1.0.0),2,126670,P1,50,Q,2017-Q2,0.1,,,,
ABS:LCI(1.0.0),2,126670,P1,50,Q,2017-Q3,1.7,,,,
ABS:LCI(1.0.0),2,126670,P1,50,Q,2017-Q4,0.8,,,,
ABS:LCI(1.0.0),2,126670,P1,50,Q,2018-Q1,0.4,,,,
ABS:LCI(1.0.0),2,126670,P1,50,Q,2018-Q2,0.4,,,,
ABS:LCI(1.0.0),2,126670,P1,50,Q,2018-Q3,0.5,,,,
ABS:LCI(1.0.0),2,126670,P1,50,Q,2018-Q4,1,,,,
ABS:LCI(1.0.0),2,126670,P1,50,Q,2019-Q1,0,,,,
ABS:LCI(1.0.0),2,126670,P1,50,Q,2019-Q2,0,,,,
ABS:LCI(1.0.0),2,126670,P1,50,Q,2019-Q3,-4.4,,,,
ABS:LCI(1.0.0),2,126670,P1,50,Q,2019-Q4,-2.8,,,,
ABS:LCI(1.0.0),2,126670,P1,50,Q,2020-Q1,-1.3,,,,
ABS:LCI(1.0.0),2,126670,P1,50,Q,2020-Q2,-2.4,,,,
ABS:LCI(1.0.0),2,126670,P1,50,Q,2020-Q3,-3.9,,,,
ABS:LCI(1.0.0),2,126670,P1,50,Q,2020-Q4,-1.3,,,,
ABS:LCI(1.0.0),2,126670,P1,50,Q,2021-Q1,-1.3,,,,
ABS:LCI(1.0.0),2,126670,P1,50,Q,2021-Q2,-0.7,,,,
ABS:LCI(1.0.0),2,126670,P1,50,Q,2021-Q3,-0.2,,,,
ABS:LCI(1.0.0),2,126670,P1,50,Q,2021-Q4,-0.7,,,,
ABS:LCI(1.0.0),2,126670,P1,50,Q,2022-Q1,0.4,,,,
ABS:LCI(1.0.0),2,126670,P1,50,Q,2022-Q2,1.4,,,,
ABS:LCI(1.0.0),2,126670,P1,50,Q,2022-Q3,12.9,,,,
ABS:LCI(1.0.0),2,126670,P1,50,Q,2022-Q4,15.6,,,,
ABS:LCI(1.0.0),2,126670,P1,50,Q,2023-Q1,8.1,,,,
ABS:LCI(1.0.0),2,126670,P1,50,Q,2023-Q2,7.6,,,,
ABS:LCI(1.0.0),2,126670,P1,50,Q,2023-Q3,6.9,,,,
ABS:LCI(1.0.0),2,126670,P1,50,Q,2023-Q4,4.9,,,,
ABS:LCI(1.0.0),2,126670,P1,50,Q,2024-Q1,6.1,,,,
ABS:LCI(1.0.0),2,126670,P1,50,Q,2024-Q2,2.7,,,,
ABS:LCI(1.0.0),2,126670,P1,50,Q,2024-Q3,2.7,,,,
ABS:LCI(1.0.0),2,126670,P1,50,Q,2024-Q4,1.4,,,,
ABS:LCI(1.0.0),2,126670,P1,50,Q,2025-Q1,1.3,,,,
ABS:LCI(1.0.0),2,126670,P1,50,Q,2025-Q2,-1.1,,,,
ABS:LCI(1.0.0),2,126670,P1,50,Q,2025-Q3,-2.5,,,,
ABS:LCI(1.0.0),2,126670,P1,50,Q,2025-Q4,-1.9,,,,
ABS:LCI(1.0.0),2,126670,P1,50,Q,2026-Q1,1.7,,,,
ABS:LCI(1.0.0),2,126670,P1,50,Q,2026-Q2,6.1,,,,
ABS:LCI(1.0.0),3,20002,P4,50,Q,2008-Q2,1.5,,,,
ABS:LCI(1.0.0),3,20002,P4,50,Q,2008-Q3,0.4,,,,
ABS:LCI(1.0.0),3,20002,P4,50,Q,2008-Q4,0.4,,,,
ABS:LCI(1.0.0),3,20002,P4,50,Q,2009-Q1,2.3,,,,
ABS:LCI(1.0.0),3,20002,P4,50,Q,2009-Q2,1.6,,,,
ABS:LCI(1.0.0),3,20002,P4,50,Q,2009-Q3,2.7,,,,
ABS:LCI(1.0.0),3,20002,P4,50,Q,2009-Q4,2.4,,,,
ABS:LCI(1.0.0),3,20002,P4,50,Q,2010-Q1,-1.1,,,,
ABS:LCI(1.0.0),3,20002,P4,50,Q,2010-Q2,-3.4,,,,
ABS:LCI(1.0.0),3,20002,P4,50,Q,2010-Q3,-2.6,,,,
ABS:LCI(1.0.0),3,20002,P4,50,Q,2010-Q4,-4.4,,,,
ABS:LCI(1.0.0),3,20002,P4,50,Q,2011-Q1,-1.2,,,,
ABS:LCI(1.0.0),3,20002,P4,50,Q,2011-Q2,1.2,,,,
ABS:LCI(1.0.0),3,20002,P4,50,Q,2011-Q3,1.3,,,,
ABS:LCI(1.0.0),3,20002,P4,50,Q,2011-Q4,2.7,,,,
ABS:LCI(1.0.0),3,20002,P4,50,Q,2012-Q1,1.6,,,,
ABS:LCI(1.0.0),3,20002,P4,50,Q,2012-Q2,0.8,,,,
ABS:LCI(1.0.0),3,20002,P4,50,Q,2012-Q3,-0.4,,,,
ABS:LCI(1.0.0),3,20002,P4,50,Q,2012-Q4,0.4,,,,
ABS:LCI(1.0.0),3,20002,P4,50,Q,2013-Q1,-1.5,,,,
ABS:LCI(1.0.0),3,20002,P4,50,Q,2013-Q2,-0.4,,,,
ABS:LCI(1.0.0),3,20002,P4,50,Q,2013-Q3,0.4,,,,
ABS:LCI(1.0.0),3,20002,P4,50,Q,2013-Q4,-1.1,,,,
ABS:LCI(1.0.0),3,20002,P4,50,Q,2014-Q1,0.5,,,,
ABS:LCI(1.0.0),3,20002,P4,50,Q,2014-Q2,-0.7,,,,
ABS:LCI(1.0.0),3,20002,P4,50,Q,2014-Q3,-2.7,,,,
ABS:LCI(1.0.0),3,20002,P4,50,Q,2014-Q4,-1.5,,,,
ABS:LCI(1.0.0),3,20002,P4,50,Q,2015-Q1,-1.1,,,,
ABS:LCI(1.0.0),3,20002,P4,50,Q,2015-Q2,-1,,,,
ABS:LCI(1.0.0),3,20002,P4,50,Q,2015-Q3,-1,,,,
ABS:LCI(1.0.0),3,20002,P4,50,Q,2015-Q4,-0.1,,,,
ABS:LCI(1.0.0),3,20002,P4,50,Q,2016-Q1,-0.9,,,,
ABS:LCI(1.0.0),3,20002,P4,50,Q,2016-Q2,-0.2,,,,
ABS:LCI(1.0.0),3,20002,P4,50,Q,2016-Q3,0.5,,,,
ABS:LCI(1.0.0),3,20002,P4,50,Q,2016-Q4,-0.7,,,,
ABS:LCI(1.0.0),3,20002,P4,50,Q,2017-Q1,0.1,,,,
ABS:LCI(1.0.0),3,20002,P4,50,Q,2017-Q2,-2.3,,,,
ABS:LCI(1.0.0),3,20002,P4,50,Q,2017-Q3,-3,,,,
ABS:LCI(1.0.0),3,20002,P4,50,Q,2017-Q4,-3.5,,,,
ABS:LCI(1.0.0),3,20002,P4,50,Q,2018-Q1,-3.7,,,,
ABS:LCI(1.0.0),3,20002,P4,50,Q,2018-Q2,-1.9,,,,
ABS:LCI(1.0.0),3,20002,P4,50,Q,2018-Q3,-1,,,,
ABS:LCI(1.0.0),3,20002,P4,50,Q,2018-Q4,-0.9,,,,
ABS:LCI(1.0.0),3,20002,P4,50,Q,2019-Q1,-0.5,,,,
ABS:LCI(1.0.0),3,20002,P4,50,Q,2019-Q2,0.1,,,,
ABS:LCI(1.0.0),3,20002,P4,50,Q,2019-Q3,1.5,,,,
ABS:LCI(1.0.0),3,20002,P4,50,Q,2019-Q4,1.2,,,,
ABS:LCI(1.0.0),3,20002,P4,50,Q,2020-Q1,1.8,,,,
ABS:LCI(1.0.0),3,20002,P4,50,Q,2020-Q2,0.4,,,,
ABS:LCI(1.0.0),3,20002,P4,50,Q,2020-Q3,-0.4,,,,
ABS:LCI(1.0.0),3,20002,P4,50,Q,2020-Q4,-1.4,,,,
ABS:LCI(1.0.0),3,20002,P4,50,Q,2021-Q1,-0.2,,,,
ABS:LCI(1.0.0),3,20002,P4,50,Q,2021-Q2,-0.2,,,,
ABS:LCI(1.0.0),3,20002,P4,50,Q,2021-Q3,-4.6,,,,
ABS:LCI(1.0.0),3,20002,P4,50,Q,2021-Q4,-0.4,,,,
ABS:LCI(1.0.0),3,20002,P4,50,Q,2022-Q1,-1.5,,,,
ABS:LCI(1.0.0),3,20002,P4,50,Q,2022-Q2,1.9,,,,
ABS:LCI(1.0.0),3,20002,P4,50,Q,2022-Q3,5.7,,,,
ABS:LCI(1.0.0),3,20002,P4,50,Q,2022-Q4,5.6,,,,
ABS:LCI(1.0.0),3,20002,P4,50,Q,2023-Q1,3.3,,,,
ABS:LCI(1.0.0),3,20002,P4,50,Q,2023-Q2,-0.4,,,,
ABS:LCI(1.0.0),3,20002,P4,50,Q,2023-Q3,0.2,,,,
ABS:LCI(1.0.0),3,20002,P4,50,Q,2023-Q4,-1.5,,,,
ABS:LCI(1.0.0),3,20002,P4,50,Q,2024-Q1,0.5,,,,
ABS:LCI(1.0.0),3,20002,P4,50,Q,2024-Q2,3.1,,,,
ABS:LCI(1.0.0),3,20002,P4,50,Q,2024-Q3,1.9,,,,
ABS:LCI(1.0.0),3,20002,P4,50,Q,2024-Q4,1.5,,,,
ABS:LCI(1.0.0),3,20002,P4,50,Q,2025-Q1,1.6,,,,
ABS:LCI(1.0.0),3,20002,P4,50,Q,2025-Q2,1.5,,,,
ABS:LCI(1.0.0),3,20002,P4,50,Q,2025-Q3,2.6,,,,
ABS:LCI(1.0.0),3,20002,P4,50,Q,2025-Q4,2,,,,
ABS:LCI(1.0.0),3,20002,P4,50,Q,2026-Q1,5.2,,,,
ABS:LCI(1.0.0),3,20002,P4,50,Q,2026-Q2,3.8,,,,
ABS:LCI(1.0.0),3,20004,P2,50,Q,2008-Q2,1.6,,,,
ABS:LCI(1.0.0),3,20004,P2,50,Q,2008-Q3,2.1,,,,
ABS:LCI(1.0.0),3,20004,P2,50,Q,2008-Q4,1.7,,,,
ABS:LCI(1.0.0),3,20004,P2,50,Q,2009-Q1,3,,,,
ABS:LCI(1.0.0),3,20004,P2,50,Q,2009-Q2,3.4,,,,
ABS:LCI(1.0.0),3,20004,P2,50,Q,2009-Q3,3.9,,,,
ABS:LCI(1.0.0),3,20004,P2,50,Q,2009-Q4,3.3,,,,
ABS:LCI(1.0.0),3,20004,P2,50,Q,2010-Q1,1.5,,,,
ABS:LCI(1.0.0),3,20004,P2,50,Q,2010-Q2,0.3,,,,
ABS:LCI(1.0.0),3,20004,P2,50,Q,2010-Q3,0.4,,,,
ABS:LCI(1.0.0),3,20004,P2,50,Q,2010-Q4,-0.2,,,,
ABS:LCI(1.0.0),3,20004,P2,50,Q,2011-Q1,-0.3,,,,
ABS:LCI(1.0.0),3,20004,P2,50,Q,2011-Q2,-0.2,,,,
ABS:LCI(1.0.0),3,20004,P2,50,Q,2011-Q3,-0.7,,,,
ABS:LCI(1.0.0),3,20004,P2,50,Q,2011-Q4,0,,,,
ABS:LCI(1.0.0),3,20004,P2,50,Q,2012-Q1,0.1,,,,
ABS:LCI(1.0.0),3,20004,P2,50,Q,2012-Q2,0.4,,,,
ABS:LCI(1.0.0),3,20004,P2,50,Q,2012-Q3,1,,,,
ABS:LCI(1.0.0),3,20004,P2,50,Q,2012-Q4,0.7,,,,
ABS:LCI(1.0.0),3,20004,P2,50,Q,2013-Q1,0.6,,,,
ABS:LCI(1.0.0),3,20004,P2,50,Q,2013-Q2,0,,,,
ABS:LCI(1.0.0),3,20004,P2,50,Q,2013-Q3,0,,,,
ABS:LCI(1.0.0),3,20004,P2,50,Q,2013-Q4,0.7,,,,
ABS:LCI(1.0.0),3,20004,P2,50,Q,2014-Q1,0.2,,,,
ABS:LCI(1.0.0),3,20004,P2,50,Q,2014-Q2,0.5,,,,
ABS:LCI(1.0.0),3,20004,P2,50,Q,2014-Q3,-0.3,,,,
ABS:LCI(1.0.0),3,20004,P2,50,Q,2014-Q4,0,,,,
ABS:LCI(1.0.0),3,20004,P2,50,Q,2015-Q1,1,,,,
ABS:LCI(1.0.0),3,20004,P2,50,Q,2015-Q2,1,,,,
ABS:LCI(1.0.0),3,20004,P2,50,Q,2015-Q3,1.2,,,,
ABS:LCI(1.0.0),3,20004,P2,50,Q,2015-Q4,1.3,,,,
ABS:LCI(1.0.0),3,20004,P2,50,Q,2016-Q1,1.2,,,,
ABS:LCI(1.0.0),3,20004,P2,50,Q,2016-Q2,0.9,,,,
ABS:LCI(1.0.0),3,20004,P2,50,Q,2016-Q3,1.3,,,,
ABS:LCI(1.0.0),3,20004,P2,50,Q,2016-Q4,0,,,,
ABS:LCI(1.0.0),3,20004,P2,50,Q,2017-Q1,-0.5,,,,
ABS:LCI(1.0.0),3,20004,P2,50,Q,2017-Q2,-0.4,,,,
ABS:LCI(1.0.0),3,20004,P2,50,Q,2017-Q3,-1,,,,
ABS:LCI(1.0.0),3,20004,P2,50,Q,2017-Q4,-1.4,,,,
ABS:LCI(1.0.0),3,20004,P2,50,Q,2018-Q1,-0.9,,,,
ABS:LCI(1.0.0),3,20004,P2,50,Q,2018-Q2,-1.4,,,,
ABS:LCI(1.0.0),3,20004,P2,50,Q,2018-Q3,-1,,,,
ABS:LCI(1.0.0),3,20004,P2,50,Q,2018-Q4,0.4,,,,
ABS:LCI(1.0.0),3,20004,P2,50,Q,2019-Q1,0.3,,,,
ABS:LCI(1.0.0),3,20004,P2,50,Q,2019-Q2,0.7,,,,
ABS:LCI(1.0.0),3,20004,P2,50,Q,2019-Q3,0.8,,,,
ABS:LCI(1.0.0),3,20004,P2,50,Q,2019-Q4,0.1,,,,
ABS:LCI(1.0.0),3,20004,P2,50,Q,2020-Q1,2,,,,
ABS:LCI(1.0.0),3,20004,P2,50,Q,2020-Q2,3.8,,,,
ABS:LCI(1.0.0),3,20004,P2,50,Q,2020-Q3,3.8,,,,
ABS:LCI(1.0.0),3,20004,P2,50,Q,2020-Q4,3.7,,,,
ABS:LCI(1.0.0),3,20004,P2,50,Q,2021-Q1,2,,,,
ABS:LCI(1.0.0),3,20004,P2,50,Q,2021-Q2,0.5,,,,
ABS:LCI(1.0.0),3,20004,P2,50,Q,2021-Q3,1.1,,,,
ABS:LCI(1.0.0),3,20004,P2,50,Q,2021-Q4,2.8,,,,
ABS:LCI(1.0.0),3,20004,P2,50,Q,2022-Q1,5.1,,,,
ABS:LCI(1.0.0),3,20004,P2,50,Q,2022-Q2,7.6,,,,
ABS:LCI(1.0.0),3,20004,P2,50,Q,2022-Q3,9.1,,,,
ABS:LCI(1.0.0),3,20004,P2,50,Q,2022-Q4,9.6,,,,
ABS:LCI(1.0.0),3,20004,P2,50,Q,2023-Q1,7.1,,,,
ABS:LCI(1.0.0),3,20004,P2,50,Q,2023-Q2,5.9,,,,
ABS:LCI(1.0.0),3,20004,P2,50,Q,2023-Q3,3.4,,,,
ABS:LCI(1.0.0),3,20004,P2,50,Q,2023-Q4,0.6,,,,
ABS:LCI(1.0.0),3,20004,P2,50,Q,2024-Q1,0.9,,,,
ABS:LCI(1.0.0),3,20004,P2,50,Q,2024-Q2,-0.5,,,,
ABS:LCI(1.0.0),3,20004,P2,50,Q,2024-Q3,-0.1,,,,
ABS:LCI(1.0.0),3,20004,P2,50,Q,2024-Q4,1.1,,,,
ABS:LCI(1.0.0),3,20004,P2,50,Q,2025-Q1,0.3,,,,
ABS:LCI(1.0.0),3,20004,P2,50,Q,2025-Q2,0.7,,,,
ABS:LCI(1.0.0),3,20004,P2,50,Q,2025-Q3,0.9,,,,
ABS:LCI(1.0.0),3,20004,P2,50,Q,2025-Q4,0.4,,,,
ABS:LCI(1.0.0),3,20004,P2,50,Q,2026-Q1,1.1,,,,
ABS:LCI(1.0.0),3,20004,P2,50,Q,2026-Q2,0.3,,,,
ABS:LCI(1.0.0),3,115486,P3,50,Q,2008-Q2,4.2,,,,
ABS:LCI(1.0.0),3,115486,P3,50,Q,2008-Q3,4.4,,,,
ABS:LCI(1.0.0),3,115486,P3,50,Q,2008-Q4,4.3,,,,
ABS:LCI(1.0.0),3,115486,P3,50,Q,2009-Q1,4.7,,,,
ABS:LCI(1.0.0),3,115486,P3,50,Q,2009-Q2,4.6,,,,
ABS:LCI(1.0.0),3,115486,P3,50,Q,2009-Q3,4.2,,,,
ABS:LCI(1.0.0),3,115486,P3,50,Q,2009-Q4,4.1,,,,
ABS:LCI(1.0.0),3,115486,P3,50,Q,2010-Q1,4.2,,,,
ABS:LCI(1.0.0),3,115486,P3,50,Q,2010-Q2,4,,,,
ABS:LCI(1.0.0),3,115486,P3,50,Q,2010-Q3,4,,,,
ABS:LCI(1.0.0),3,115486,P3,50,Q,2010-Q4,3.8,,,,
ABS:LCI(1.0.0),3,115486,P3,50,Q,2011-Q1,3.3,,,,
ABS:LCI(1.0.0),3,115486,P3,50,Q,2011-Q2,3.5,,,,
ABS:LCI(1.0.0),3,115486,P3,50,Q,2011-Q3,2.7,,,,
ABS:LCI(1.0.0),3,115486,P3,50,Q,2011-Q4,1.8,,,,
ABS:LCI(1.0.0),3,115486,P3,50,Q,2012-Q1,4.3,,,,
ABS:LCI(1.0.0),3,115486,P3,50,Q,2012-Q2,3.3,,,,
ABS:LCI(1.0.0),3,115486,P3,50,Q,2012-Q3,5.2,,,,
ABS:LCI(1.0.0),3,115486,P3,50,Q,2012-Q4,5.3,,,,
ABS:LCI(1.0.0),3,115486,P3,50,Q,2013-Q1,4.2,,,,
ABS:LCI(1.0.0),3,115486,P3,50,Q,2013-Q2,4.2,,,,
ABS:LCI(1.0.0),3,115486,P3,50,Q,2013-Q3,3.1,,,,
ABS:LCI(1.0.0),3,115486,P3,50,Q,2013-Q4,3.7,,,,
ABS:LCI(1.0.0),3,115486,P3,50,Q,2014-Q1,3,,,,
ABS:LCI(1.0.0),3,115486,P3,50,Q,2014-Q2,3.5,,,,
ABS:LCI(1.0.0),3,115486,P3,50,Q,2014-Q3,3.9,,,,
ABS:LCI(1.0.0),3,115486,P3,50,Q,2014-Q4,3.2,,,,
ABS:LCI(1.0.0),3,115486,P3,50,Q,2015-Q1,3.5,,,,
ABS:LCI(1.0.0),3,115486,P3,50,Q,2015-Q2,3.5,,,,
ABS:LCI(1.0.0),3,115486,P3,50,Q,2015-Q3,3.2,,,,
ABS:LCI(1.0.0),3,115486,P3,50,Q,2015-Q4,4,,,,
ABS:LCI(1.0.0),3,115486,P3,50,Q,2016-Q1,2.9,,,,
ABS:LCI(1.0.0),3,115486,P3,50,Q,2016-Q2,2.8,,,,
ABS:LCI(1.0.0),3,115486,P3,50,Q,2016-Q3,2.8,,,,
ABS:LCI(1.0.0),3,115486,P3,50,Q,2016-Q4,2.5,,,,
ABS:LCI(1.0.0),3,115486,P3,50,Q,2017-Q1,2.6,,,,
ABS:LCI(1.0.0),3,115486,P3,50,Q,2017-Q2,3.2,,,,
ABS:LCI(1.0.0),3,115486,P3,50,Q,2017-Q3,4,,,,
ABS:LCI(1.0.0),3,115486,P3,50,Q,2017-Q4,4.1,,,,
ABS:LCI(1.0.0),3,115486,P3,50,Q,2018-Q1,4.1,,,,
ABS:LCI(1.0.0),3,115486,P3,50,Q,2018-Q2,3.3,,,,
ABS:LCI(1.0.0),3,115486,P3,50,Q,2018-Q3,2.5,,,,
ABS:LCI(1.0.0),3,115486,P3,50,Q,2018-Q4,3.2,,,,
ABS:LCI(1.0.0),3,115486,P3,50,Q,2019-Q1,2.4,,,,
ABS:LCI(1.0.0),3,115486,P3,50,Q,2019-Q2,2.7,,,,
ABS:LCI(1.0.0),3,115486,P3,50,Q,2019-Q3,3.5,,,,
ABS:LCI(1.0.0),3,115486,P3,50,Q,2019-Q4,3.3,,,,
ABS:LCI(1.0.0),3,115486,P3,50,Q,2020-Q1,3,,,,
ABS:LCI(1.0.0),3,115486,P3,50,Q,2020-Q2,1.5,,,,
ABS:LCI(1.0.0),3,115486,P3,50,Q,2020-Q3,0.4,,,,
ABS:LCI(1.0.0),3,115486,P3,50,Q,2020-Q4,0.8,,,,
ABS:LCI(1.0.0),3,115486,P3,50,Q,2021-Q1,2,,,,
ABS:LCI(1.0.0),3,115486,P3,50,Q,2021-Q2,2.4,,,,
ABS:LCI(1.0.0),3,115486,P3,50,Q,2021-Q3,3.1,,,,
ABS:LCI(1.0.0),3,115486,P3,50,Q,2021-Q4,2.8,,,,
ABS:LCI(1.0.0),3,115486,P3,50,Q,2022-Q1,3,,,,
ABS:LCI(1.0.0),3,115486,P3,50,Q,2022-Q2,1.5,,,,
ABS:LCI(1.0.0),3,115486,P3,50,Q,2022-Q3,1.3,,,,
ABS:LCI(1.0.0),3,115486,P3,50,Q,2022-Q4,2.2,,,,
ABS:LCI(1.0.0),3,115486,P3,50,Q,2023-Q1,4.2,,,,
ABS:LCI(1.0.0),3,115486,P3,50,Q,2023-Q2,5.5,,,,
ABS:LCI(1.0.0),3,115486,P3,50,Q,2023-Q3,4.6,,,,
ABS:LCI(1.0.0),3,115486,P3,50,Q,2023-Q4,4.3,,,,
ABS:LCI(1.0.0),3,115486,P3,50,Q,2024-Q1,3.4,,,,
ABS:LCI(1.0.0),3,115486,P3,50,Q,2024-Q2,3.4,,,,
ABS:LCI(1.0.0),3,115486,P3,50,Q,2024-Q3,4.2,,,,
ABS:LCI(1.0.0),3,115486,P3,50,Q,2024-Q4,3.9,,,,
ABS:LCI(1.0.0),3,115486,P3,50,Q,2025-Q1,4.6,,,,
ABS:LCI(1.0.0),3,115486,P3,50,Q,2025-Q2,4.2,,,,
ABS:LCI(1.0.0),3,115486,P3,50,Q,2025-Q3,3.8,,,,
ABS:LCI(1.0.0),3,115486,P3,50,Q,2025-Q4,3.5,,,,
ABS:LCI(1.0.0),3,115486,P3,50,Q,2026-Q1,2.8,,,,
ABS:LCI(1.0.0),3,115486,P3,50,Q,2026-Q2,3.3,,,,
ABS:LCI(1.0.0),3,115489,P4,50,Q,2008-Q2,2.5,,,,
ABS:LCI(1.0.0),3,115489,P4,50,Q,2008-Q3,2.8,,,,
ABS:LCI(1.0.0),3,115489,P4,50,Q,2008-Q4,2.4,,,,
ABS:LCI(1.0.0),3,115489,P4,50,Q,2009-Q1,0.5,,,,
ABS:LCI(1.0.0),3,115489,P4,50,Q,2009-Q2,0.4,,,,
ABS:LCI(1.0.0),3,115489,P4,50,Q,2009-Q3,-1,,,,
ABS:LCI(1.0.0),3,115489,P4,50,Q,2009-Q4,0.4,,,,
ABS:LCI(1.0.0),3,115489,P4,50,Q,2010-Q1,1.4,,,,
ABS:LCI(1.0.0),3,115489,P4,50,Q,2010-Q2,-0.6,,,,
ABS:LCI(1.0.0),3,115489,P4,50,Q,2010-Q3,-0.2,,,,
ABS:LCI(1.0.0),3,115489,P4,50,Q,2010-Q4,-2,,,,
ABS:LCI(1.0.0),3,115489,P4,50,Q,2011-Q1,-1.6,,,,
ABS:LCI(1.0.0),3,115489,P4,50,Q,2011-Q2,-0.1,,,,
ABS:LCI(1.0.0),3,115489,P4,50,Q,2011-Q3,0.5,,,,
ABS:LCI(1.0.0),3,115489,P4,50,Q,2011-Q4,1.5,,,,
ABS:LCI(1.0.0),3,115489,P4,50,Q,2012-Q1,0.1,,,,
ABS:LCI(1.0.0),3,115489,P4,50,Q,2012-Q2,-0.6,,,,
ABS:LCI(1.0.0),3,115489,P4,50,Q,2012-Q3,-0.8,,,,
ABS:LCI(1.0.0),3,115489,P4,50,Q,2012-Q4,-1,,,,
ABS:LCI(1.0.0),3,115489,P4,50,Q,2013-Q1,0.3,,,,
ABS:LCI(1.0.0),3,115489,P4,50,Q,2013-Q2,0.6,,,,
ABS:LCI(1.0.0),3,115489,P4,50,Q,2013-Q3,2,,,,
ABS:LCI(1.0.0),3,115489,P4,50,Q,2013-Q4,3.6,,,,
ABS:LCI(1.0.0),3,115489,P4,50,Q,2014-Q1,3.5,,,,
ABS:LCI(1.0.0),3,115489,P4,50,Q,2014-Q2,4.4,,,,
ABS:LCI(1.0.0),3,115489,P4,50,Q,2014-Q3,2.2,,,,
ABS:LCI(1.0.0),3,115489,P4,50,Q,2014-Q4,1.4,,,,
ABS:LCI(1.0.0),3,115489,P4,50,Q,2015-Q1,3.1,,,,
ABS:LCI(1.0.0),3,115489,P4,50,Q,2015-Q2,1.4,,,,
ABS:LCI(1.0.0),3,115489,P4,50,Q,2015-Q3,1.8,,,,
ABS:LCI(1.0.0),3,115489,P4,50,Q,2015-Q4,2.2,,,,
ABS:LCI(1.0.0),3,115489,P4,50,Q,2016-Q1,0.3,,,,
ABS:LCI(1.0.0),3,115489,P4,50,Q,2016-Q2,1.3,,,,
ABS:LCI(1.0.0),3,115489,P4,50,Q,2016-Q3,1,,,,
ABS:LCI(1.0.0),3,115489,P4,50,Q,2016-Q4,-0.5,,,,
ABS:LCI(1.0.0),3,115489,P4,50,Q,2017-Q1,-0.3,,,,
ABS:LCI(1.0.0),3,115489,P4,50,Q,2017-Q2,0,,,,
ABS:LCI(1.0.0),3,115489,P4,50,Q,2017-Q3,0.6,,,,
ABS:LCI(1.0.0),3,115489,P4,50,Q,2017-Q4,0.5,,,,
ABS:LCI(1.0.0),3,115489,P4,50,Q,2018-Q1,0.8,,,,
ABS:LCI(1.0.0),3,115489,P4,50,Q,2018-Q2,1.3,,,,
ABS:LCI(1.0.0),3,115489,P4,50,Q,2018-Q3,2.2,,,,
ABS:LCI(1.0.0),3,115489,P4,50,Q,2018-Q4,2.8,,,,
ABS:LCI(1.0.0),3,115489,P4,50,Q,2019-Q1,1.5,,,,
ABS:LCI(1.0.0),3,115489,P4,50,Q,2019-Q2,2.4,,,,
ABS:LCI(1.0.0),3,115489,P4,50,Q,2019-Q3,2.6,,,,
ABS:LCI(1.0.0),3,115489,P4,50,Q,2019-Q4,2.1,,,,
ABS:LCI(1.0.0),3,115489,P4,50,Q,2020-Q1,1.8,,,,
ABS:LCI(1.0.0),3,115489,P4,50,Q,2020-Q2,1.1,,,,
ABS:LCI(1.0.0),3,115489,P4,50,Q,2020-Q3,-0.7,,,,
ABS:LCI(1.0.0),3,115489,P4,50,Q,2020-Q4,0.6,,,,
ABS:LCI(1.0.0),3,115489,P4,50,Q,2021-Q1,2.5,,,,
ABS:LCI(1.0.0),3,115489,P4,50,Q,2021-Q2,2.6,,,,
ABS:LCI(1.0.0),3,115489,P4,50,Q,2021-Q3,2.7,,,,
ABS:LCI(1.0.0),3,115489,P4,50,Q,2021-Q4,2.4,,,,
ABS:LCI(1.0.0),3,115489,P4,50,Q,2022-Q1,3.2,,,,
ABS:LCI(1.0.0),3,115489,P4,50,Q,2022-Q2,4.8,,,,
ABS:LCI(1.0.0),3,115489,P4,50,Q,2022-Q3,6.1,,,,
ABS:LCI(1.0.0),3,115489,P4,50,Q,2022-Q4,10.9,,,,
ABS:LCI(1.0.0),3,115489,P4,50,Q,2023-Q1,10.1,,,,
ABS:LCI(1.0.0),3,115489,P4,50,Q,2023-Q2,8.1,,,,
ABS:LCI(1.0.0),3,115489,P4,50,Q,2023-Q3,5.9,,,,
ABS:LCI(1.0.0),3,115489,P4,50,Q,2023-Q4,-0.3,,,,
ABS:LCI(1.0.0),3,115489,P4,50,Q,2024-Q1,-0.9,,,,
ABS:LCI(1.0.0),3,115489,P4,50,Q,2024-Q2,0.5,,,,
ABS:LCI(1.0.0),3,115489,P4,50,Q,2024-Q3,1.9,,,,
ABS:LCI(1.0.0),3,115489,P4,50,Q,2024-Q4,3.4,,,,
ABS:LCI(1.0.0),3,115489,P4,50,Q,2025-Q1,1.7,,,,
ABS:LCI(1.0.0),3,115489,P4,50,Q,2025-Q2,1.3,,,,
ABS:LCI(1.0.0),3,115489,P4,50,Q,2025-Q3,2.2,,,,
ABS:LCI(1.0.0),3,115489,P4,50,Q,2025-Q4,3.4,,,,
ABS:LCI(1.0.0),3,115489,P4,50,Q,2026-Q1,3.5,,,,
ABS:LCI(1.0.0),3,115489,P4,50,Q,2026-Q2,2.5,,,,
ABS:LCI(1.0.0),3,115493,P4,50,Q,2008-Q2,4.4,,,,
ABS:LCI(1.0.0),3,115493,P4,50,Q,2008-Q3,5.2,,,,
ABS:LCI(1.0.0),3,115493,P4,50,Q,2008-Q4,5.2,,,,
ABS:LCI(1.0.0),3,115493,P4,50,Q,2009-Q1,5.7,,,,
ABS:LCI(1.0.0),3,115493,P4,50,Q,2009-Q2,5.8,,,,
ABS:LCI(1.0.0),3,115493,P4,50,Q,2009-Q3,6.5,,,,
ABS:LCI(1.0.0),3,115493,P4,50,Q,2009-Q4,6.6,,,,
ABS:LCI(1.0.0),3,115493,P4,50,Q,2010-Q1,5.5,,,,
ABS:LCI(1.0.0),3,115493,P4,50,Q,2010-Q2,5.4,,,,
ABS:LCI(1.0.0),3,115493,P4,50,Q,2010-Q3,5.5,,,,
ABS:LCI(1.0.0),3,115493,P4,50,Q,2010-Q4,5.4,,,,
ABS:LCI(1.0.0),3,115493,P4,50,Q,2011-Q1,6.2,,,,
ABS:LCI(1.0.0),3,115493,P4,50,Q,2011-Q2,6.2,,,,
ABS:LCI(1.0.0),3,115493,P4,50,Q,2011-Q3,6.1,,,,
ABS:LCI(1.0.0),3,115493,P4,50,Q,2011-Q4,6.1,,,,
ABS:LCI(1.0.0),3,115493,P4,50,Q,2012-Q1,6.3,,,,
ABS:LCI(1.0.0),3,115493,P4,50,Q,2012-Q2,6.3,,,,
ABS:LCI(1.0.0),3,115493,P4,50,Q,2012-Q3,6.3,,,,
ABS:LCI(1.0.0),3,115493,P4,50,Q,2012-Q4,6.3,,,,
ABS:LCI(1.0.0),3,115493,P4,50,Q,2013-Q1,5.7,,,,
ABS:LCI(1.0.0),3,115493,P4,50,Q,2013-Q2,5.6,,,,
ABS:LCI(1.0.0),3,115493,P4,50,Q,2013-Q3,5.6,,,,
ABS:LCI(1.0.0),3,115493,P4,50,Q,2013-Q4,5.6,,,,
ABS:LCI(1.0.0),3,115493,P4,50,Q,2014-Q1,5.2,,,,
ABS:LCI(1.0.0),3,115493,P4,50,Q,2014-Q2,5.4,,,,
ABS:LCI(1.0.0),3,115493,P4,50,Q,2014-Q3,5.4,,,,
ABS:LCI(1.0.0),3,115493,P4,50,Q,2014-Q4,5.4,,,,
ABS:LCI(1.0.0),3,115493,P4,50,Q,2015-Q1,5.4,,,,
ABS:LCI(1.0.0),3,115493,P4,50,Q,2015-Q2,5.4,,,,
ABS:LCI(1.0.0),3,115493,P4,50,Q,2015-Q3,5.5,,,,
ABS:LCI(1.0.0),3,115493,P4,50,Q,2015-Q4,5.4,,,,
ABS:LCI(1.0.0),3,115493,P4,50,Q,2016-Q1,3.6,,,,
ABS:LCI(1.0.0),3,115493,P4,50,Q,2016-Q2,3.6,,,,
ABS:LCI(1.0.0),3,115493,P4,50,Q,2016-Q3,3.6,,,,
ABS:LCI(1.0.0),3,115493,P4,50,Q,2016-Q4,3.6,,,,
ABS:LCI(1.0.0),3,115493,P4,50,Q,2017-Q1,3.4,,,,
ABS:LCI(1.0.0),3,115493,P4,50,Q,2017-Q2,3.4,,,,
ABS:LCI(1.0.0),3,115493,P4,50,Q,2017-Q3,3.3,,,,
ABS:LCI(1.0.0),3,115493,P4,50,Q,2017-Q4,3.3,,,,
ABS:LCI(1.0.0),3,115493,P4,50,Q,2018-Q1,3,,,,
ABS:LCI(1.0.0),3,115493,P4,50,Q,2018-Q2,3,,,,
ABS:LCI(1.0.0),3,115493,P4,50,Q,2018-Q3,3.2,,,,
ABS:LCI(1.0.0),3,115493,P4,50,Q,2018-Q4,3.2,,,,
ABS:LCI(1.0.0),3,115493,P4,50,Q,2019-Q1,3.7,,,,
ABS:LCI(1.0.0),3,115493,P4,50,Q,2019-Q2,3.7,,,,
ABS:LCI(1.0.0),3,115493,P4,50,Q,2019-Q3,3.5,,,,
ABS:LCI(1.0.0),3,115493,P4,50,Q,2019-Q4,3.5,,,,
ABS:LCI(1.0.0),3,115493,P4,50,Q,2020-Q1,3.1,,,,
ABS:LCI(1.0.0),3,115493,P4,50,Q,2020-Q2,1.9,,,,
ABS:LCI(1.0.0),3,115493,P4,50,Q,2020-Q3,2.4,,,,
ABS:LCI(1.0.0),3,115493,P4,50,Q,2020-Q4,2.7,,,,
ABS:LCI(1.0.0),3,115493,P4,50,Q,2021-Q1,0.9,,,,
ABS:LCI(1.0.0),3,115493,P4,50,Q,2021-Q2,2.1,,,,
ABS:LCI(1.0.0),3,115493,P4,50,Q,2021-Q3,1.5,,,,
ABS:LCI(1.0.0),3,115493,P4,50,Q,2021-Q4,1.2,,,,
ABS:LCI(1.0.0),3,115493,P4,50,Q,2022-Q1,3.9,,,,
ABS:LCI(1.0.0),3,115493,P4,50,Q,2022-Q2,3.9,,,,
ABS:LCI(1.0.0),3,115493,P4,50,Q,2022-Q3,3.9,,,,
ABS:LCI(1.0.0),3,115493,P4,50,Q,2022-Q4,3.9,,,,
ABS:LCI(1.0.0),3,115493,P4,50,Q,2023-Q1,5.5,,,,
ABS:LCI(1.0.0),3,115493,P4,50,Q,2023-Q2,5.4,,,,
ABS:LCI(1.0.0),3,115493,P4,50,Q,2023-Q3,5.4,,,,
ABS:LCI(1.0.0),3,115493,P4,50,Q,2023-Q4,5.4,,,,
ABS:LCI(1.0.0),3,115493,P4,50,Q,2024-Q1,6,,,,
ABS:LCI(1.0.0),3,115493,P4,50,Q,2024-Q2,6.1,,,,
ABS:LCI(1.0.0),3,115493,P4,50,Q,2024-Q3,6.3,,,,
ABS:LCI(1.0.0),3,115493,P4,50,Q,2024-Q4,6.3,,,,
ABS:LCI(1.0.0),3,115493,P4,50,Q,2025-Q1,5.8,,,,
ABS:LCI(1.0.0),3,115493,P4,50,Q,2025-Q2,5.8,,,,
ABS:LCI(1.0.0),3,115493,P4,50,Q,2025-Q3,5.7,,,,
ABS:LCI(1.0.0),3,115493,P4,50,Q,2025-Q4,5.7,,,,
ABS:LCI(1.0.0),3,115493,P4,50,Q,2026-Q1,3.7,,,,
ABS:LCI(1.0.0),3,115493,P4,50,Q,2026-Q2,5.6,,,,
ABS:LCI(1.0.0),3,115528,P2,50,Q,2004-Q1,2.2,,,,
ABS:LCI(1.0.0),3,115528,P2,50,Q,2004-Q2,1.9,,,,
ABS:LCI(1.0.0),3,115528,P2,50,Q,2004-Q3,2.5,,,,
ABS:LCI(1.0.0),3,115528,P2,50,Q,2004-Q4,2.5,,,,
ABS:LCI(1.0.0),3,115528,P2,50,Q,2005-Q1,2.3,,,,
ABS:LCI(1.0.0),3,115528,P2,50,Q,2005-Q2,3.4,,,,
ABS:LCI(1.0.0),3,115528,P2,50,Q,2005-Q3,3,,,,
ABS:LCI(1.0.0),3,115528,P2,50,Q,2005-Q4,3.7,,,,
ABS:LCI(1.0.0),3,115528,P2,50,Q,2006-Q1,3.6,,,,
ABS:LCI(1.0.0),3,115528,P2,50,Q,2006-Q2,2.9,,,,
ABS:LCI(1.0.0),3,115528,P2,50,Q,2006-Q3,5.1,,,,
ABS:LCI(1.0.0),3,115528,P2,50,Q,2006-Q4,3.7,,,,
ABS:LCI(1.0.0),3,115528,P2,50,Q,2007-Q1,2.7,,,,
ABS:LCI(1.0.0),3,115528,P2,50,Q,2007-Q2,2.4,,,,
ABS:LCI(1.0.0),3,115528,P2,50,Q,2007-Q3,0.7,,,,
ABS:LCI(1.0.0),3,115528,P2,50,Q,2007-Q4,2.9,,,,
ABS:LCI(1.0.0),3,115528,P2,50,Q,2008-Q1,5.4,,,,
ABS:LCI(1.0.0),3,115528,P2,50,Q,2008-Q2,8,,,,
ABS:LCI(1.0.0),3,115528,P2,50,Q,2008-Q3,10.2,,,,
ABS:LCI(1.0.0),3,115528,P2,50,Q,2008-Q4,9.2,,,,
ABS:LCI(1.0.0),3,115528,P2,50,Q,2009-Q1,10.3,,,,
ABS:LCI(1.0.0),3,115528,P2,50,Q,2009-Q2,8.1,,,,
ABS:LCI(1.0.0),3,115528,P2,50,Q,2009-Q3,7.7,,,,
ABS:LCI(1.0.0),3,115528,P2,50,Q,2009-Q4,7.8,,,,
ABS:LCI(1.0.0),3,115528,P2,50,Q,2010-Q1,6.7,,,,
ABS:LCI(1.0.0),3,115528,P2,50,Q,2010-Q2,6.9,,,,
ABS:LCI(1.0.0),3,115528,P2,50,Q,2010-Q3,6.3,,,,
ABS:LCI(1.0.0),3,115528,P2,50,Q,2010-Q4,5.8,,,,
ABS:LCI(1.0.0),3,115528,P2,50,Q,2011-Q1,5.7,,,,
ABS:LCI(1.0.0),3,115528,P2,50,Q,2011-Q2,6.6,,,,
ABS:LCI(1.0.0),3,115528,P2,50,Q,2011-Q3,4.2,,,,
ABS:LCI(1.0.0),3,115528,P2,50,Q,2011-Q4,4.5,,,,
ABS:LCI(1.0.0),3,115528,P2,50,Q,2012-Q1,2.9,,,,
ABS:LCI(1.0.0),3,115528,P2,50,Q,2012-Q2,2.3,,,,
ABS:LCI(1.0.0),3,115528,P2,50,Q,2012-Q3,4.1,,,,
ABS:LCI(1.0.0),3,115528,P2,50,Q,2012-Q4,5.2,,,,
ABS:LCI(1.0.0),3,115528,P2,50,Q,2013-Q1,7.2,,,,
ABS:LCI(1.0.0),3,115528,P2,50,Q,2013-Q2,6.3,,,,
ABS:LCI(1.0.0),3,115528,P2,50,Q,2013-Q3,3.3,,,,
ABS:LCI(1.0.0),3,115528,P2,50,Q,2013-Q4,1.5,,,,
ABS:LCI(1.0.0),3,115528,P2,50,Q,2014-Q1,-0.6,,,,
ABS:LCI(1.0.0),3,115528,P2,50,Q,2014-Q2,-0.7,,,,
ABS:LCI(1.0.0),3,115528,P2,50,Q,2014-Q3,0.5,,,,
ABS:LCI(1.0.0),3,115528,P2,50,Q,2014-Q4,1.8,,,,
ABS:LCI(1.0.0),3,115528,P2,50,Q,2015-Q1,1.5,,,,
ABS:LCI(1.0.0),3,115528,P2,50,Q,2015-Q2,1.4,,,,
ABS:LCI(1.0.0),3,115528,P2,50,Q,2015-Q3,2.2,,,,
ABS:LCI(1.0.0),3,115528,P2,50,Q,2015-Q4,2.4,,,,
ABS:LCI(1.0.0),3,115528,P2,50,Q,2016-Q1,4,,,,
ABS:LCI(1.0.0),3,115528,P2,50,Q,2016-Q2,5.5,,,,
ABS:LCI(1.0.0),3,115528,P2,50,Q,2016-Q3,7.3,,,,
ABS:LCI(1.0.0),3,115528,P2,50,Q,2016-Q4,6.9,,,,
ABS:LCI(1.0.0),3,115528,P2,50,Q,2017-Q1,6.9,,,,
ABS:LCI(1.0.0),3,115528,P2,50,Q,2017-Q2,5,,,,
ABS:LCI(1.0.0),3,115528,P2,50,Q,2017-Q3,3.4,,,,
ABS:LCI(1.0.0),3,115528,P2,50,Q,2017-Q4,3.8,,,,
ABS:LCI(1.0.0),3,115528,P2,50,Q,2018-Q1,2.8,,,,
ABS:LCI(1.0.0),3,115528,P2,50,Q,2018-Q2,4.3,,,,
ABS:LCI(1.0.0),3,115528,P2,50,Q,2018-Q3,3.8,,,,
ABS:LCI(1.0.0),3,115528,P2,50,Q,2018-Q4,2.7,,,,
ABS:LCI(1.0.0),3,115528,P2,50,Q,2019-Q1,1.8,,,,
ABS:LCI(1.0.0),3,115528,P2,50,Q,2019-Q2,1.1,,,,
ABS:LCI(1.0.0),3,115528,P2,50,Q,2019-Q3,0.7,,,,
ABS:LCI(1.0.0),3,115528,P2,50,Q,2019-Q4,0.6,,,,
ABS:LCI(1.0.0),3,115528,P2,50,Q,2020-Q1,1.5,,,,
ABS:LCI(1.0.0),3,115528,P2,50,Q,2020-Q2,2.1,,,,
ABS:LCI(1.0.0),3,115528,P2,50,Q,2020-Q3,2.1,,,,
ABS:LCI(1.0.0),3,115528,P2,50,Q,2020-Q4,2.4,,,,
ABS:LCI(1.0.0),3,115528,P2,50,Q,2021-Q1,1.4,,,,
ABS:LCI(1.0.0),3,115528,P2,50,Q,2021-Q2,2.2,,,,
ABS:LCI(1.0.0),3,115528,P2,50,Q,2021-Q3,3.2,,,,
ABS:LCI(1.0.0),3,115528,P2,50,Q,2021-Q4,3.4,,,,
ABS:LCI(1.0.0),3,115528,P2,50,Q,2022-Q1,4.7,,,,
ABS:LCI(1.0.0),3,115528,P2,50,Q,2022-Q2,3.5,,,,
ABS:LCI(1.0.0),3,115528,P2,50,Q,2022-Q3,4.6,,,,
ABS:LCI(1.0.0),3,115528,P2,50,Q,2022-Q4,5.8,,,,
ABS:LCI(1.0.0),3,115528,P2,50,Q,2023-Q1,8.9,,,,
ABS:LCI(1.0.0),3,115528,P2,50,Q,2023-Q2,14.1,,,,
ABS:LCI(1.0.0),3,115528,P2,50,Q,2023-Q3,14.9,,,,
ABS:LCI(1.0.0),3,115528,P2,50,Q,2023-Q4,17.2,,,,
ABS:LCI(1.0.0),3,115528,P2,50,Q,2024-Q1,16.9,,,,
ABS:LCI(1.0.0),3,115528,P2,50,Q,2024-Q2,14.8,,,,
ABS:LCI(1.0.0),3,115528,P2,50,Q,2024-Q3,14.6,,,,
ABS:LCI(1.0.0),3,115528,P2,50,Q,2024-Q4,11.1,,,,
ABS:LCI(1.0.0),3,115528,P2,50,Q,2025-Q1,7.4,,,,
ABS:LCI(1.0.0),3,115528,P2,50,Q,2025-Q2,3.4,,,,
ABS:LCI(1.0.0),3,115528,P2,50,Q,2025-Q3,2.1,,,,
ABS:LCI(1.0.0),3,115528,P2,50,Q,2025-Q4,2.1,,,,
ABS:LCI(1.0.0),3,115528,P2,50,Q,2026-Q1,3.8,,,,
ABS:LCI(1.0.0),3,115528,P2,50,Q,2026-Q2,5.9,,,,
ABS:LCI(1.0.0),4,20005,PBLCI,50,Q,2025-Q4,9.6,,,,
ABS:LCI(1.0.0),4,20005,PBLCI,50,Q,2026-Q1,9.83,,,,
ABS:LCI(1.0.0),4,20005,PBLCI,50,Q,2026-Q2,9.75,,,,
ABS:LCI(1.0.0),4,115528,P4,50,Q,2025-Q4,5.72,,,,
ABS:LCI(1.0.0),4,115528,P4,50,Q,2026-Q1,5.85,,,,
ABS:LCI(1.0.0),4,115528,P4,50,Q,2026-Q2,5.93,,,,
ABS:LCI(1.0.0),4,131279,P2,50,Q,2025-Q4,0.65,,,,
ABS:LCI(1.0.0),4,131279,P2,50,Q,2026-Q1,0.65,,,,
ABS:LCI(1.0.0),4,131279,P2,50,Q,2026-Q2,0.66,,,,
ABS:LCI(1.0.0),5,20004,P4,50,Q,2025-Q4,-0.03,,,,
ABS:LCI(1.0.0),5,20004,P4,50,Q,2026-Q1,-0.02,,,,
ABS:LCI(1.0.0),5,20004,P4,50,Q,2026-Q2,0.01,,,,
ABS:LCI(1.0.0),5,115528,P4,50,Q,2025-Q4,0.06,,,,
ABS:LCI(1.0.0),5,115528,P4,50,Q,2026-Q1,0.13,,,,
ABS:LCI(1.0.0),5,115528,P4,50,Q,2026-Q2,0.08,,,,
ABS:LCI(1.0.0),1,20001,P1,50,Q,2007-Q2,62.71,,,,
ABS:LCI(1.0.0),1,20001,P1,50,Q,2007-Q3,63.86,,,,
ABS:LCI(1.0.0),1,20001,P1,50,Q,2007-Q4,63.85,,,,
ABS:LCI(1.0.0),1,20001,P1,50,Q,2008-Q1,65.21,,,,
ABS:LCI(1.0.0),1,20001,P1,50,Q,2008-Q2,65.27,,,,
ABS:LCI(1.0.0),1,20001,P1,50,Q,2008-Q3,66.15,,,,
ABS:LCI(1.0.0),1,20001,P1,50,Q,2008-Q4,67.5,,,,
ABS:LCI(1.0.0),1,20001,P1,50,Q,2009-Q1,68.97,,,,
ABS:LCI(1.0.0),1,20001,P1,50,Q,2009-Q2,68.36,,,,
ABS:LCI(1.0.0),1,20001,P1,50,Q,2009-Q3,67.87,,,,
ABS:LCI(1.0.0),1,20001,P1,50,Q,2009-Q4,68.8,,,,
ABS:LCI(1.0.0),1,20001,P1,50,Q,2010-Q1,69.57,,,,
ABS:LCI(1.0.0),1,20001,P1,50,Q,2010-Q2,69.35,,,,
ABS:LCI(1.0.0),1,20001,P1,50,Q,2010-Q3,69.04,,,,
ABS:LCI(1.0.0),1,20001,P1,50,Q,2010-Q4,70.49,,,,
ABS:LCI(1.0.0),1,20001,P1,50,Q,2011-Q1,72.46,,,,
ABS:LCI(1.0.0),1,20001,P1,50,Q,2011-Q2,73.38,,,,
ABS:LCI(1.0.0),1,20001,P1,50,Q,2011-Q3,73.23,,,,
ABS:LCI(1.0.0),1,20001,P1,50,Q,2011-Q4,72.22,,,,
ABS:LCI(1.0.0),1,20001,P1,50,Q,2012-Q1,70.8,,,,
ABS:LCI(1.0.0),1,20001,P1,50,Q,2012-Q2,71.26,,,,
ABS:LCI(1.0.0),1,20001,P1,50,Q,2012-Q3,72.59,,,,
ABS:LCI(1.0.0),1,20001,P1,50,Q,2012-Q4,72.51,,,,
ABS:LCI(1.0.0),1,20001,P1,50,Q,2013-Q1,71.99,,,,
ABS:LCI(1.0.0),1,20001,P1,50,Q,2013-Q2,72.07,,,,
ABS:LCI(1.0.0),1,20001,P1,50,Q,2013-Q3,72.21,,,,
ABS:LCI(1.0.0),1,20001,P1,50,Q,2013-Q4,73.3,,,,
ABS:LCI(1.0.0),1,20001,P1,50,Q,2014-Q1,73.52,,,,
ABS:LCI(1.0.0),1,20001,P1,50,Q,2014-Q2,73.84,,,,
ABS:LCI(1.0.0),1,20001,P1,50,Q,2014-Q3,74.66,,,,
ABS:LCI(1.0.0),1,20001,P1,50,Q,2014-Q4,74.73,,,,
ABS:LCI(1.0.0),1,20001,P1,50,Q,2015-Q1,74.92,,,,
ABS:LCI(1.0.0),1,20001,P1,50,Q,2015-Q2,74.77,,,,
ABS:LCI(1.0.0),1,20001,P1,50,Q,2015-Q3,74.82,,,,
ABS:LCI(1.0.0),1,20001,P1,50,Q,2015-Q4,75.05,,,,
ABS:LCI(1.0.0),1,20001,P1,50,Q,2016-Q1,74.94,,,,
ABS:LCI(1.0.0),1,20001,P1,50,Q,2016-Q2,74.75,,,,
ABS:LCI(1.0.0),1,20001,P1,50,Q,2016-Q3,75.97,,,,
ABS:LCI(1.0.0),1,20001,P1,50,Q,2016-Q4,76.4,,,,
ABS:LCI(1.0.0),1,20001,P1,50,Q,2017-Q1,76.28,,,,
ABS:LCI(1.0.0),1,20001,P1,50,Q,2017-Q2,76.19,,,,
ABS:LCI(1.0.0),1,20001,P1,50,Q,2017-Q3,75.54,,,,
ABS:LCI(1.0.0),1,20001,P1,50,Q,2017-Q4,76.34,,,,
ABS:LCI(1.0.0),1,20001,P1,50,Q,2018-Q1,76.69,,,,
ABS:LCI(1.0.0),1,20001,P1,50,Q,2018-Q2,76.41,,,,
ABS:LCI(1.0.0),1,20001,P1,50,Q,2018-Q3,76.79,,,,
ABS:LCI(1.0.0),1,20001,P1,50,Q,2018-Q4,77.45,,,,
ABS:LCI(1.0.0),1,20001,P1,50,Q,2019-Q1,78.5,,,,
ABS:LCI(1.0.0),1,20001,P1,50,Q,2019-Q2,78.17,,,,
ABS:LCI(1.0.0),1,20001,P1,50,Q,2019-Q3,78.46,,,,
ABS:LCI(1.0.0),1,20001,P1,50,Q,2019-Q4,79.44,,,,
ABS:LCI(1.0.0),1,20001,P1,50,Q,2020-Q1,80.96,,,,
ABS:LCI(1.0.0),1,20001,P1,50,Q,2020-Q2,81.39,,,,
ABS:LCI(1.0.0),1,20001,P1,50,Q,2020-Q3,81.04,,,,
ABS:LCI(1.0.0),1,20001,P1,50,Q,2020-Q4,81.24,,,,
ABS:LCI(1.0.0),1,20001,P1,50,Q,2021-Q1,81.55,,,,
ABS:LCI(1.0.0),1,20001,P1,50,Q,2021-Q2,81.96,,,,
ABS:LCI(1.0.0),1,20001,P1,50,Q,2021-Q3,82.22,,,,
ABS:LCI(1.0.0),1,20001,P1,50,Q,2021-Q4,82.75,,,,
ABS:LCI(1.0.0),1,20001,P1,50,Q,2022-Q1,85,,,,
ABS:LCI(1.0.0),1,20001,P1,50,Q,2022-Q2,86.72,,,,
ABS:LCI(1.0.0),1,20001,P1,50,Q,2022-Q3,89.51,,,,
ABS:LCI(1.0.0),1,20001,P1,50,Q,2022-Q4,90.32,,,,
ABS:LCI(1.0.0),1,20001,P1,50,Q,2023-Q1,91.74,,,,
ABS:LCI(1.0.0),1,20001,P1,50,Q,2023-Q2,93.24,,,,
ABS:LCI(1.0.0),1,20001,P1,50,Q,2023-Q3,93.85,,,,
ABS:LCI(1.0.0),1,20001,P1,50,Q,2023-Q4,94.38,,,,
ABS:LCI(1.0.0),1,20001,P1,50,Q,2024-Q1,95.25,,,,
ABS:LCI(1.0.0),1,20001,P1,50,Q,2024-Q2,96.35,,,,
ABS:LCI(1.0.0),1,20001,P1,50,Q,2024-Q3,96.98,,,,
ABS:LCI(1.0.0),1,20001,P1,50,Q,2024-Q4,97.16,,,,
ABS:LCI(1.0.0),1,20001,P1,50,Q,2025-Q1,98.36,,,,
ABS:LCI(1.0.0),1,20001,P1,50,Q,2025-Q2,99.29,,,,
ABS:LCI(1.0.0),1,20001,P1,50,Q,2025-Q3,100,,,,
ABS:LCI(1.0.0),1,20001,P1,50,Q,2025-Q4,100.39,,,,
ABS:LCI(1.0.0),1,20001,P1,50,Q,2026-Q1,101.41,,,,
ABS:LCI(1.0.0),1,20001,P1,50,Q,2026-Q2,102.43,,,,
ABS:LCI(1.0.0),1,20005,PBLCI,50,Q,2007-Q2,68.82,,,,
ABS:LCI(1.0.0),1,20005,PBLCI,50,Q,2007-Q3,68.06,,,,
ABS:LCI(1.0.0),1,20005,PBLCI,50,Q,2007-Q4,70.26,,,,
ABS:LCI(1.0.0),1,20005,PBLCI,50,Q,2008-Q1,72.12,,,,
ABS:LCI(1.0.0),1,20005,PBLCI,50,Q,2008-Q2,75.08,,,,
ABS:LCI(1.0.0),1,20005,PBLCI,50,Q,2008-Q3,76.11,,,,
ABS:LCI(1.0.0),1,20005,PBLCI,50,Q,2008-Q4,69.44,,,,
ABS:LCI(1.0.0),1,20005,PBLCI,50,Q,2009-Q1,67.65,,,,
ABS:LCI(1.0.0),1,20005,PBLCI,50,Q,2009-Q2,68.91,,,,
ABS:LCI(1.0.0),1,20005,PBLCI,50,Q,2009-Q3,70.72,,,,
ABS:LCI(1.0.0),1,20005,PBLCI,50,Q,2009-Q4,69.97,,,,
ABS:LCI(1.0.0),1,20005,PBLCI,50,Q,2010-Q1,71.25,,,,
ABS:LCI(1.0.0),1,20005,PBLCI,50,Q,2010-Q2,72,,,,
ABS:LCI(1.0.0),1,20005,PBLCI,50,Q,2010-Q3,71.28,,,,
ABS:LCI(1.0.0),1,20005,PBLCI,50,Q,2010-Q4,71.72,,,,
ABS:LCI(1.0.0),1,20005,PBLCI,50,Q,2011-Q1,74.3,,,,
ABS:LCI(1.0.0),1,20005,PBLCI,50,Q,2011-Q2,75.55,,,,
ABS:LCI(1.0.0),1,20005,PBLCI,50,Q,2011-Q3,75.56,,,,
ABS:LCI(1.0.0),1,20005,PBLCI,50,Q,2011-Q4,75.64,,,,
ABS:LCI(1.0.0),1,20005,PBLCI,50,Q,2012-Q1,76.56,,,,
ABS:LCI(1.0.0),1,20005,PBLCI,50,Q,2012-Q2,77.27,,,,
ABS:LCI(1.0.0),1,20005,PBLCI,50,Q,2012-Q3,76.4,,,,
ABS:LCI(1.0.0),1,20005,PBLCI,50,Q,2012-Q4,77.14,,,,
ABS:LCI(1.0.0),1,20005,PBLCI,50,Q,2013-Q1,77.58,,,,
ABS:LCI(1.0.0),1,20005,PBLCI,50,Q,2013-Q2,76.71,,,,
ABS:LCI(1.0.0),1,20005,PBLCI,50,Q,2013-Q3,79.06,,,,
ABS:LCI(1.0.0),1,20005,PBLCI,50,Q,2013-Q4,78.88,,,,
ABS:LCI(1.0.0),1,20005,PBLCI,50,Q,2014-Q1,80.02,,,,
ABS:LCI(1.0.0),1,20005,PBLCI,50,Q,2014-Q2,79.25,,,,
ABS:LCI(1.0.0),1,20005,PBLCI,50,Q,2014-Q3,79.01,,,,
ABS:LCI(1.0.0),1,20005,PBLCI,50,Q,2014-Q4,76.85,,,,
ABS:LCI(1.0.0),1,20005,PBLCI,50,Q,2015-Q1,73.6,,,,
ABS:LCI(1.0.0),1,20005,PBLCI,50,Q,2015-Q2,76.69,,,,
ABS:LCI(1.0.0),1,20005,PBLCI,50,Q,2015-Q3,76.69,,,,
ABS:LCI(1.0.0),1,20005,PBLCI,50,Q,2015-Q4,75.34,,,,
ABS:LCI(1.0.0),1,20005,PBLCI,50,Q,2016-Q1,72.83,,,,
ABS:LCI(1.0.0),1,20005,PBLCI,50,Q,2016-Q2,73.95,,,,
ABS:LCI(1.0.0),1,20005,PBLCI,50,Q,2016-Q3,73.37,,,,
ABS:LCI(1.0.0),1,20005,PBLCI,50,Q,2016-Q4,74.95,,,,
ABS:LCI(1.0.0),1,20005,PBLCI,50,Q,2017-Q1,76.46,,,,
ABS:LCI(1.0.0),1,20005,PBLCI,50,Q,2017-Q2,75.87,,,,
ABS:LCI(1.0.0),1,20005,PBLCI,50,Q,2017-Q3,75.67,,,,
ABS:LCI(1.0.0),1,20005,PBLCI,50,Q,2017-Q4,78.28,,,,
ABS:LCI(1.0.0),1,20005,PBLCI,50,Q,2018-Q1,79.09,,,,
ABS:LCI(1.0.0),1,20005,PBLCI,50,Q,2018-Q2,80.95,,,,
ABS:LCI(1.0.0),1,20005,PBLCI,50,Q,2018-Q3,81.59,,,,
ABS:LCI(1.0.0),1,20005,PBLCI,50,Q,2018-Q4,80.91,,,,
ABS:LCI(1.0.0),1,20005,PBLCI,50,Q,2019-Q1,78.68,,,,
ABS:LCI(1.0.0),1,20005,PBLCI,50,Q,2019-Q2,82.09,,,,
ABS:LCI(1.0.0),1,20005,PBLCI,50,Q,2019-Q3,81.73,,,,
ABS:LCI(1.0.0),1,20005,PBLCI,50,Q,2019-Q4,83.25,,,,
ABS:LCI(1.0.0),1,20005,PBLCI,50,Q,2020-Q1,81.09,,,,
ABS:LCI(1.0.0),1,20005,PBLCI,50,Q,2020-Q2,74,,,,
ABS:LCI(1.0.0),1,20005,PBLCI,50,Q,2020-Q3,77.23,,,,
ABS:LCI(1.0.0),1,20005,PBLCI,50,Q,2020-Q4,77.71,,,,
ABS:LCI(1.0.0),1,20005,PBLCI,50,Q,2021-Q1,80.87,,,,
ABS:LCI(1.0.0),1,20005,PBLCI,50,Q,2021-Q2,83.51,,,,
ABS:LCI(1.0.0),1,20005,PBLCI,50,Q,2021-Q3,86.64,,,,
ABS:LCI(1.0.0),1,20005,PBLCI,50,Q,2021-Q4,89.59,,,,
ABS:LCI(1.0.0),1,20005,PBLCI,50,Q,2022-Q1,94.33,,,,
ABS:LCI(1.0.0),1,20005,PBLCI,50,Q,2022-Q2,96.83,,,,
ABS:LCI(1.0.0),1,20005,PBLCI,50,Q,2022-Q3,95.75,,,,
ABS:LCI(1.0.0),1,20005,PBLCI,50,Q,2022-Q4,97.53,,,,
ABS:LCI(1.0.0),1,20005,PBLCI,50,Q,2023-Q1,97.96,,,,
ABS:LCI(1.0.0),1,20005,PBLCI,50,Q,2023-Q2,97.84,,,,
ABS:LCI(1.0.0),1,20005,PBLCI,50,Q,2023-Q3,101.58,,,,
ABS:LCI(1.0.0),1,20005,PBLCI,50,Q,2023-Q4,101.36,,,,
ABS:LCI(1.0.0),1,20005,PBLCI,50,Q,2024-Q1,101.59,,,,
ABS:LCI(1.0.0),1,20005,PBLCI,50,Q,2024-Q2,102.6,,,,
ABS:LCI(1.0.0),1,20005,PBLCI,50,Q,2024-Q3,99.66,,,,
ABS:LCI(1.0.0),1,20005,PBLCI,50,Q,2024-Q4,98.8,,,,
ABS:LCI(1.0.0),1,20005,PBLCI,50,Q,2025-Q1,99.78,,,,
ABS:LCI(1.0.0),1,20005,PBLCI,50,Q,2025-Q2,98.8,,,,
ABS:LCI(1.0.0),1,20005,PBLCI,50,Q,2025-Q3,100,,,,
ABS:LCI(1.0.0),1,20005,PBLCI,50,Q,2025-Q4,100.64,,,,
ABS:LCI(1.0.0),1,20005,PBLCI,50,Q,2026-Q1,103.02,,,,
ABS:LCI(1.0.0),1,20005,PBLCI,50,Q,2026-Q2,102.19,,,,
ABS:LCI(1.0.0),1,20005,P4,50,Q,2007-Q2,71.69,,,,
ABS:LCI(1.0.0),1,20005,P4,50,Q,2007-Q3,71.03,,,,
ABS:LCI(1.0.0),1,20005,P4,50,Q,2007-Q4,72.86,,,,
ABS:LCI(1.0.0),1,20005,P4,50,Q,2008-Q1,74.37,,,,
ABS:LCI(1.0.0),1,20005,P4,50,Q,2008-Q2,76.9,,,,
ABS:LCI(1.0.0),1,20005,P4,50,Q,2008-Q3,77.72,,,,
ABS:LCI(1.0.0),1,20005,P4,50,Q,2008-Q4,71.68,,,,
ABS:LCI(1.0.0),1,20005,P4,50,Q,2009-Q1,70.29,,,,
ABS:LCI(1.0.0),1,20005,P4,50,Q,2009-Q2,71.47,,,,
ABS:LCI(1.0.0),1,20005,P4,50,Q,2009-Q3,73,,,,
ABS:LCI(1.0.0),1,20005,P4,50,Q,2009-Q4,72.33,,,,
ABS:LCI(1.0.0),1,20005,P4,50,Q,2010-Q1,73.31,,,,
ABS:LCI(1.0.0),1,20005,P4,50,Q,2010-Q2,73.93,,,,
ABS:LCI(1.0.0),1,20005,P4,50,Q,2010-Q3,73.36,,,,
ABS:LCI(1.0.0),1,20005,P4,50,Q,2010-Q4,73.61,,,,
ABS:LCI(1.0.0),1,20005,P4,50,Q,2011-Q1,75.77,,,,
ABS:LCI(1.0.0),1,20005,P4,50,Q,2011-Q2,76.78,,,,
ABS:LCI(1.0.0),1,20005,P4,50,Q,2011-Q3,76.77,,,,
ABS:LCI(1.0.0),1,20005,P4,50,Q,2011-Q4,76.73,,,,
ABS:LCI(1.0.0),1,20005,P4,50,Q,2012-Q1,77.42,,,,
ABS:LCI(1.0.0),1,20005,P4,50,Q,2012-Q2,78.17,,,,
ABS:LCI(1.0.0),1,20005,P4,50,Q,2012-Q3,77.47,,,,
ABS:LCI(1.0.0),1,20005,P4,50,Q,2012-Q4,77.96,,,,
ABS:LCI(1.0.0),1,20005,P4,50,Q,2013-Q1,78.21,,,,
ABS:LCI(1.0.0),1,20005,P4,50,Q,2013-Q2,77.58,,,,
ABS:LCI(1.0.0),1,20005,P4,50,Q,2013-Q3,79.39,,,,
ABS:LCI(1.0.0),1,20005,P4,50,Q,2013-Q4,79.23,,,,
ABS:LCI(1.0.0),1,20005,P4,50,Q,2014-Q1,80.1,,,,
ABS:LCI(1.0.0),1,20005,P4,50,Q,2014-Q2,79.55,,,,
ABS:LCI(1.0.0),1,20005,P4,50,Q,2014-Q3,79.48,,,,
ABS:LCI(1.0.0),1,20005,P4,50,Q,2014-Q4,77.71,,,,
ABS:LCI(1.0.0),1,20005,P4,50,Q,2015-Q1,75.15,,,,
ABS:LCI(1.0.0),1,20005,P4,50,Q,2015-Q2,77.66,,,,
ABS:LCI(1.0.0),1,20005,P4,50,Q,2015-Q3,77.83,,,,
ABS:LCI(1.0.0),1,20005,P4,50,Q,2015-Q4,76.75,,,,
ABS:LCI(1.0.0),1,20005,P4,50,Q,2016-Q1,74.77,,,,
ABS:LCI(1.0.0),1,20005,P4,50,Q,2016-Q2,75.46,,,,
ABS:LCI(1.0.0),1,20005,P4,50,Q,2016-Q3,75.06,,,,
ABS:LCI(1.0.0),1,20005,P4,50,Q,2016-Q4,76.26,,,,
ABS:LCI(1.0.0),1,20005,P4,50,Q,2017-Q1,77.48,,,,
ABS:LCI(1.0.0),1,20005,P4,50,Q,2017-Q2,77.01,,,,
ABS:LCI(1.0.0),1,20005,P4,50,Q,2017-Q3,76.92,,,,
ABS:LCI(1.0.0),1,20005,P4,50,Q,2017-Q4,78.71,,,,
ABS:LCI(1.0.0),1,20005,P4,50,Q,2018-Q1,79.54,,,,
ABS:LCI(1.0.0),1,20005,P4,50,Q,2018-Q2,80.68,,,,
ABS:LCI(1.0.0),1,20005,P4,50,Q,2018-Q3,81.22,,,,
ABS:LCI(1.0.0),1,20005,P4,50,Q,2018-Q4,80.74,,,,
ABS:LCI(1.0.0),1,20005,P4,50,Q,2019-Q1,79.39,,,,
ABS:LCI(1.0.0),1,20005,P4,50,Q,2019-Q2,82.11,,,,
ABS:LCI(1.0.0),1,20005,P4,50,Q,2019-Q3,81.91,,,,
ABS:LCI(1.0.0),1,20005,P4,50,Q,2019-Q4,83.07,,,,
ABS:LCI(1.0.0),1,20005,P4,50,Q,2020-Q1,81.52,,,,
ABS:LCI(1.0.0),1,20005,P4,50,Q,2020-Q2,76.27,,,,
ABS:LCI(1.0.0),1,20005,P4,50,Q,2020-Q3,78.87,,,,
ABS:LCI(1.0.0),1,20005,P4,50,Q,2020-Q4,79.54,,,,
ABS:LCI(1.0.0),1,20005,P4,50,Q,2021-Q1,82.03,,,,
ABS:LCI(1.0.0),1,20005,P4,50,Q,2021-Q2,84.42,,,,
ABS:LCI(1.0.0),1,20005,P4,50,Q,2021-Q3,87.01,,,,
ABS:LCI(1.0.0),1,20005,P4,50,Q,2021-Q4,89.42,,,,
ABS:LCI(1.0.0),1,20005,P4,50,Q,2022-Q1,93,,,,
ABS:LCI(1.0.0),1,20005,P4,50,Q,2022-Q2,95.22,,,,
ABS:LCI(1.0.0),1,20005,P4,50,Q,2022-Q3,94.8,,,,
ABS:LCI(1.0.0),1,20005,P4,50,Q,2022-Q4,96.43,,,,
ABS:LCI(1.0.0),1,20005,P4,50,Q,2023-Q1,97.15,,,,
ABS:LCI(1.0.0),1,20005,P4,50,Q,2023-Q2,97,,,,
ABS:LCI(1.0.0),1,20005,P4,50,Q,2023-Q3,100,,,,
ABS:LCI(1.0.0),1,20005,P4,50,Q,2023-Q4,99.88,,,,
ABS:LCI(1.0.0),1,20005,P4,50,Q,2024-Q1,100.46,,,,
ABS:LCI(1.0.0),1,20005,P4,50,Q,2024-Q2,101.33,,,,
ABS:LCI(1.0.0),1,20005,P4,50,Q,2024-Q3,99.15,,,,
ABS:LCI(1.0.0),1,20005,P4,50,Q,2024-Q4,98.65,,,,
ABS:LCI(1.0.0),1,20005,P4,50,Q,2025-Q1,99.5,,,,
ABS:LCI(1.0.0),1,20005,P4,50,Q,2025-Q2,98.86,,,,
ABS:LCI(1.0.0),1,20005,P4,50,Q,2025-Q3,100,,,,
ABS:LCI(1.0.0),1,20005,P4,50,Q,2025-Q4,100.67,,,,
ABS:LCI(1.0.0),1,20005,P4,50,Q,2026-Q1,102.67,,,,
ABS:LCI(1.0.0),1,20005,P4,50,Q,2026-Q2,102.2,,,,
ABS:LCI(1.0.0),1,131278,PBLCI,50,Q,2007-Q2,58.94,,,,
ABS:LCI(1.0.0),1,131278,PBLCI,50,Q,2007-Q3,61.73,,,,
ABS:LCI(1.0.0),1,131278,PBLCI,50,Q,2007-Q4,63.3,,,,
ABS:LCI(1.0.0),1,131278,PBLCI,50,Q,2008-Q1,68.02,,,,
ABS:LCI(1.0.0),1,131278,PBLCI,50,Q,2008-Q2,74.03,,,,
ABS:LCI(1.0.0),1,131278,PBLCI,50,Q,2008-Q3,75.82,,,,
ABS:LCI(1.0.0),1,131278,PBLCI,50,Q,2008-Q4,73.1,,,,
ABS:LCI(1.0.0),1,131278,PBLCI,50,Q,2009-Q1,65.23,,,,
ABS:LCI(1.0.0),1,131278,PBLCI,50,Q,2009-Q2,50.5,,,,
ABS:LCI(1.0.0),1,131278,PBLCI,50,Q,2009-Q3,50.5,,,,
ABS:LCI(1.0.0),1,131278,PBLCI,50,Q,2009-Q4,52.71,,,,
ABS:LCI(1.0.0),1,131278,PBLCI,50,Q,2010-Q1,57.94,,,,
ABS:LCI(1.0.0),1,131278,PBLCI,50,Q,2010-Q2,63.37,,,,
ABS:LCI(1.0.0),1,131278,PBLCI,50,Q,2010-Q3,66.73,,,,
ABS:LCI(1.0.0),1,131278,PBLCI,50,Q,2010-Q4,68.52,,,,
ABS:LCI(1.0.0),1,131278,PBLCI,50,Q,2011-Q1,71.6,,,,
ABS:LCI(1.0.0),1,131278,PBLCI,50,Q,2011-Q2,72.53,,,,
ABS:LCI(1.0.0),1,131278,PBLCI,50,Q,2011-Q3,72.89,,,,
ABS:LCI(1.0.0),1,131278,PBLCI,50,Q,2011-Q4,73.15,,,,
ABS:LCI(1.0.0),1,131278,PBLCI,50,Q,2012-Q1,70.17,,,,
ABS:LCI(1.0.0),1,131278,PBLCI,50,Q,2012-Q2,69.82,,,,
ABS:LCI(1.0.0),1,131278,PBLCI,50,Q,2012-Q3,65.44,,,,
ABS:LCI(1.0.0),1,131278,PBLCI,50,Q,2012-Q4,64.21,,,,
ABS:LCI(1.0.0),1,131278,PBLCI,50,Q,2013-Q1,61.64,,,,
ABS:LCI(1.0.0),1,131278,PBLCI,50,Q,2013-Q2,61.02,,,,
ABS:LCI(1.0.0),1,131278,PBLCI,50,Q,2013-Q3,58.75,,,,
ABS:LCI(1.0.0),1,131278,PBLCI,50,Q,2013-Q4,56.95,,,,
ABS:LCI(1.0.0),1,131278,PBLCI,50,Q,2014-Q1,57.6,,,,
ABS:LCI(1.0.0),1,131278,PBLCI,50,Q,2014-Q2,58.01,,,,
ABS:LCI(1.0.0),1,131278,PBLCI,50,Q,2014-Q3,58.27,,,,
ABS:LCI(1.0.0),1,131278,PBLCI,50,Q,2014-Q4,58.81,,,,
ABS:LCI(1.0.0),1,131278,PBLCI,50,Q,2015-Q1,58.76,,,,
ABS:LCI(1.0.0),1,131278,PBLCI,50,Q,2015-Q2,56.95,,,,
ABS:LCI(1.0.0),1,131278,PBLCI,50,Q,2015-Q3,55.72,,,,
ABS:LCI(1.0.0),1,131278,PBLCI,50,Q,2015-Q4,56.35,,,,
ABS:LCI(1.0.0),1,131278,PBLCI,50,Q,2016-Q1,57.94,,,,
ABS:LCI(1.0.0),1,131278,PBLCI,50,Q,2016-Q2,57.76,,,,
ABS:LCI(1.0.0),1,131278,PBLCI,50,Q,2016-Q3,55.44,,,,
ABS:LCI(1.0.0),1,131278,PBLCI,50,Q,2016-Q4,53.91,,,,
ABS:LCI(1.0.0),1,131278,PBLCI,50,Q,2017-Q1,54.74,,,,
ABS:LCI(1.0.0),1,131278,PBLCI,50,Q,2017-Q2,54.83,,,,
ABS:LCI(1.0.0),1,131278,PBLCI,50,Q,2017-Q3,55.94,,,,
ABS:LCI(1.0.0),1,131278,PBLCI,50,Q,2017-Q4,56.24,,,,
ABS:LCI(1.0.0),1,131278,PBLCI,50,Q,2018-Q1,56.45,,,,
ABS:LCI(1.0.0),1,131278,PBLCI,50,Q,2018-Q2,56.64,,,,
ABS:LCI(1.0.0),1,131278,PBLCI,50,Q,2018-Q3,56.81,,,,
ABS:LCI(1.0.0),1,131278,PBLCI,50,Q,2018-Q4,57.57,,,,
ABS:LCI(1.0.0),1,131278,PBLCI,50,Q,2019-Q1,57.73,,,,
ABS:LCI(1.0.0),1,131278,PBLCI,50,Q,2019-Q2,57.76,,,,
ABS:LCI(1.0.0),1,131278,PBLCI,50,Q,2019-Q3,53.45,,,,
ABS:LCI(1.0.0),1,131278,PBLCI,50,Q,2019-Q4,50.83,,,,
ABS:LCI(1.0.0),1,131278,PBLCI,50,Q,2020-Q1,49.57,,,,
ABS:LCI(1.0.0),1,131278,PBLCI,50,Q,2020-Q2,47.07,,,,
ABS:LCI(1.0.0),1,131278,PBLCI,50,Q,2020-Q3,44.01,,,,
ABS:LCI(1.0.0),1,131278,PBLCI,50,Q,2020-Q4,43.07,,,,
ABS:LCI(1.0.0),1,131278,PBLCI,50,Q,2021-Q1,42.08,,,,
ABS:LCI(1.0.0),1,131278,PBLCI,50,Q,2021-Q2,41.09,,,,
ABS:LCI(1.0.0),1,131278,PBLCI,50,Q,2021-Q3,40.39,,,,
ABS:LCI(1.0.0),1,131278,PBLCI,50,Q,2021-Q4,39.74,,,,
ABS:LCI(1.0.0),1,131278,PBLCI,50,Q,2022-Q1,39.75,,,,
ABS:LCI(1.0.0),1,131278,PBLCI,50,Q,2022-Q2,40.74,,,,
ABS:LCI(1.0.0),1,131278,PBLCI,50,Q,2022-Q3,50.6,,,,
ABS:LCI(1.0.0),1,131278,PBLCI,50,Q,2022-Q4,64.19,,,,
ABS:LCI(1.0.0),1,131278,PBLCI,50,Q,2023-Q1,71.3,,,,
ABS:LCI(1.0.0),1,131278,PBLCI,50,Q,2023-Q2,78.32,,,,
ABS:LCI(1.0.0),1,131278,PBLCI,50,Q,2023-Q3,85.6,,,,
ABS:LCI(1.0.0),1,131278,PBLCI,50,Q,2023-Q4,90.26,,,,
ABS:LCI(1.0.0),1,131278,PBLCI,50,Q,2024-Q1,96.69,,,,
ABS:LCI(1.0.0),1,131278,PBLCI,50,Q,2024-Q2,99.23,,,,
ABS:LCI(1.0.0),1,131278,PBLCI,50,Q,2024-Q3,101.98,,,,
ABS:LCI(1.0.0),1,131278,PBLCI,50,Q,2024-Q4,103.75,,,,
ABS:LCI(1.0.0),1,131278,PBLCI,50,Q,2025-Q1,105.33,,,,
ABS:LCI(1.0.0),1,131278,PBLCI,50,Q,2025-Q2,103.9,,,,
ABS:LCI(1.0.0),1,131278,PBLCI,50,Q,2025-Q3,100,,,,
ABS:LCI(1.0.0),1,131278,PBLCI,50,Q,2025-Q4,97.28,,,,
ABS:LCI(1.0.0),1,131278,PBLCI,50,Q,2026-Q1,98.8,,,,
ABS:LCI(1.0.0),1,131278,PBLCI,50,Q,2026-Q2,106.93,,,,
ABS:LCI(1.0.0),1,131278,P4,50,Q,1998-Q2,26.1,,,,
ABS:LCI(1.0.0),1,131278,P4,50,Q,1998-Q3,26.31,,,,
ABS:LCI(1.0.0),1,131278,P4,50,Q,1998-Q4,26.52,,,,
ABS:LCI(1.0.0),1,131278,P4,50,Q,1999-Q1,26.12,,,,
ABS:LCI(1.0.0),1,131278,P4,50,Q,1999-Q2,26.07,,,,
ABS:LCI(1.0.0),1,131278,P4,50,Q,1999-Q3,26.36,,,,
ABS:LCI(1.0.0),1,131278,P4,50,Q,1999-Q4,26.8,,,,
ABS:LCI(1.0.0),1,131278,P4,50,Q,2000-Q1,28.42,,,,
ABS:LCI(1.0.0),1,131278,P4,50,Q,2000-Q2,28.79,,,,
ABS:LCI(1.0.0),1,131278,P4,50,Q,2000-Q3,33.36,,,,
ABS:LCI(1.0.0),1,131278,P4,50,Q,2000-Q4,34.64,,,,
ABS:LCI(1.0.0),1,131278,P4,50,Q,2001-Q1,35.09,,,,
ABS:LCI(1.0.0),1,131278,P4,50,Q,2001-Q2,31.15,,,,
ABS:LCI(1.0.0),1,131278,P4,50,Q,2001-Q3,30.54,,,,
ABS:LCI(1.0.0),1,131278,P4,50,Q,2001-Q4,29.44,,,,
ABS:LCI(1.0.0),1,131278,P4,50,Q,2002-Q1,30.01,,,,
ABS:LCI(1.0.0),1,131278,P4,50,Q,2002-Q2,29.02,,,,
ABS:LCI(1.0.0),1,131278,P4,50,Q,2002-Q3,31.73,,,,
ABS:LCI(1.0.0),1,131278,P4,50,Q,2002-Q4,32.6,,,,
ABS:LCI(1.0.0),1,131278,P4,50,Q,2003-Q1,33.44,,,,
ABS:LCI(1.0.0),1,131278,P4,50,Q,2003-Q2,34.29,,,,
ABS:LCI(1.0.0),1,131278,P4,50,Q,2003-Q3,35.21,,,,
ABS:LCI(1.0.0),1,131278,P4,50,Q,2003-Q4,36.39,,,,
ABS:LCI(1.0.0),1,131278,P4,50,Q,2004-Q1,39.63,,,,
ABS:LCI(1.0.0),1,131278,P4,50,Q,2004-Q2,41.18,,,,
ABS:LCI(1.0.0),1,131278,P4,50,Q,2004-Q3,42.21,,,,
ABS:LCI(1.0.0),1,131278,P4,50,Q,2004-Q4,43.2,,,,
ABS:LCI(1.0.0),1,131278,P4,50,Q,2005-Q1,44.12,,,,
ABS:LCI(1.0.0),1,131278,P4,50,Q,2005-Q2,46.41,,,,
ABS:LCI(1.0.0),1,131278,P4,50,Q,2005-Q3,47.38,,,,
ABS:LCI(1.0.0),1,131278,P4,50,Q,2005-Q4,47.38,,,,
ABS:LCI(1.0.0),1,131278,P4,50,Q,2006-Q1,49.04,,,,
ABS:LCI(1.0.0),1,131278,P4,50,Q,2006-Q2,50.3,,,,
ABS:LCI(1.0.0),1,131278,P4,50,Q,2006-Q3,52.75,,,,
ABS:LCI(1.0.0),1,131278,P4,50,Q,2006-Q4,55.37,,,,
ABS:LCI(1.0.0),1,131278,P4,50,Q,2007-Q1,57.44,,,,
ABS:LCI(1.0.0),1,131278,P4,50,Q,2007-Q2,58.9,,,,
ABS:LCI(1.0.0),1,131278,P4,50,Q,2007-Q3,61.64,,,,
ABS:LCI(1.0.0),1,131278,P4,50,Q,2007-Q4,63.21,,,,
ABS:LCI(1.0.0),1,131278,P4,50,Q,2008-Q1,67.88,,,,
ABS:LCI(1.0.0),1,131278,P4,50,Q,2008-Q2,73.81,,,,
ABS:LCI(1.0.0),1,131278,P4,50,Q,2008-Q3,75.56,,,,
ABS:LCI(1.0.0),1,131278,P4,50,Q,2008-Q4,72.85,,,,
ABS:LCI(1.0.0),1,131278,P4,50,Q,2009-Q1,65.03,,,,
ABS:LCI(1.0.0),1,131278,P4,50,Q,2009-Q2,50.23,,,,
ABS:LCI(1.0.0),1,131278,P4,50,Q,2009-Q3,50.24,,,,
ABS:LCI(1.0.0),1,131278,P4,50,Q,2009-Q4,52.44,,,,
ABS:LCI(1.0.0),1,131278,P4,50,Q,2010-Q1,57.58,,,,
ABS:LCI(1.0.0),1,131278,P4,50,Q,2010-Q2,63.06,,,,
ABS:LCI(1.0.0),1,131278,P4,50,Q,2010-Q3,66.37,,,,
ABS:LCI(1.0.0),1,131278,P4,50,Q,2010-Q4,68.2,,,,
ABS:LCI(1.0.0),1,131278,P4,50,Q,2011-Q1,71.21,,,,
ABS:LCI(1.0.0),1,131278,P4,50,Q,2011-Q2,72.11,,,,
ABS:LCI(1.0.0),1,131278,P4,50,Q,2011-Q3,72.5,,,,
ABS:LCI(1.0.0),1,131278,P4,50,Q,2011-Q4,72.76,,,,
ABS:LCI(1.0.0),1,131278,P4,50,Q,2012-Q1,69.78,,,,
ABS:LCI(1.0.0),1,131278,P4,50,Q,2012-Q2,69.41,,,,
ABS:LCI(1.0.0),1,131278,P4,50,Q,2012-Q3,65.05,,,,
ABS:LCI(1.0.0),1,131278,P4,50,Q,2012-Q4,63.81,,,,
ABS:LCI(1.0.0),1,131278,P4,50,Q,2013-Q1,61.25,,,,
ABS:LCI(1.0.0),1,131278,P4,50,Q,2013-Q2,60.63,,,,
ABS:LCI(1.0.0),1,131278,P4,50,Q,2013-Q3,58.38,,,,
ABS:LCI(1.0.0),1,131278,P4,50,Q,2013-Q4,56.6,,,,
ABS:LCI(1.0.0),1,131278,P4,50,Q,2014-Q1,57.25,,,,
ABS:LCI(1.0.0),1,131278,P4,50,Q,2014-Q2,57.65,,,,
ABS:LCI(1.0.0),1,131278,P4,50,Q,2014-Q3,57.91,,,,
ABS:LCI(1.0.0),1,131278,P4,50,Q,2014-Q4,58.46,,,,
ABS:LCI(1.0.0),1,131278,P4,50,Q,2015-Q1,58.42,,,,
ABS:LCI(1.0.0),1,131278,P4,50,Q,2015-Q2,56.64,,,,
ABS:LCI(1.0.0),1,131278,P4,50,Q,2015-Q3,55.44,,,,
ABS:LCI(1.0.0),1,131278,P4,50,Q,2015-Q4,56.11,,,,
ABS:LCI(1.0.0),1,131278,P4,50,Q,2016-Q1,57.72,,,,
ABS:LCI(1.0.0),1,131278,P4,50,Q,2016-Q2,57.56,,,,
ABS:LCI(1.0.0),1,131278,P4,50,Q,2016-Q3,55.28,,,,
ABS:LCI(1.0.0),1,131278,P4,50,Q,2016-Q4,53.77,,,,
ABS:LCI(1.0.0),1,131278,P4,50,Q,2017-Q1,54.63,,,,
ABS:LCI(1.0.0),1,131278,P4,50,Q,2017-Q2,54.75,,,,
ABS:LCI(1.0.0),1,131278,P4,50,Q,2017-Q3,55.87,,,,
ABS:LCI(1.0.0),1,131278,P4,50,Q,2017-Q4,56.24,,,,
ABS:LCI(1.0.0),1,131278,P4,50,Q,2018-Q1,56.51,,,,
ABS:LCI(1.0.0),1,131278,P4,50,Q,2018-Q2,56.76,,,,
ABS:LCI(1.0.0),1,131278,P4,50,Q,2018-Q3,56.97,,,,
ABS:LCI(1.0.0),1,131278,P4,50,Q,2018-Q4,57.76,,,,
ABS:LCI(1.0.0),1,131278,P4,50,Q,2019-Q1,57.95,,,,
ABS:LCI(1.0.0),1,131278,P4,50,Q,2019-Q2,57.99,,,,
ABS:LCI(1.0.0),1,131278,P4,50,Q,2019-Q3,53.69,,,,
ABS:LCI(1.0.0),1,131278,P4,50,Q,2019-Q4,51.1,,,,
ABS:LCI(1.0.0),1,131278,P4,50,Q,2020-Q1,49.87,,,,
ABS:LCI(1.0.0),1,131278,P4,50,Q,2020-Q2,47.46,,,,
ABS:LCI(1.0.0),1,131278,P4,50,Q,2020-Q3,44.4,,,,
ABS:LCI(1.0.0),1,131278,P4,50,Q,2020-Q4,43.5,,,,
ABS:LCI(1.0.0),1,131278,P4,50,Q,2021-Q1,42.53,,,,
ABS:LCI(1.0.0),1,131278,P4,50,Q,2021-Q2,41.58,,,,
ABS:LCI(1.0.0),1,131278,P4,50,Q,2021-Q3,40.92,,,,
ABS:LCI(1.0.0),1,131278,P4,50,Q,2021-Q4,40.31,,,,
ABS:LCI(1.0.0),1,131278,P4,50,Q,2022-Q1,40.36,,,,
ABS:LCI(1.0.0),1,131278,P4,50,Q,2022-Q2,41.37,,,,
ABS:LCI(1.0.0),1,131278,P4,50,Q,2022-Q3,51.34,,,,
ABS:LCI(1.0.0),1,131278,P4,50,Q,2022-Q4,65.04,,,,
ABS:LCI(1.0.0),1,131278,P4,50,Q,2023-Q1,72.15,,,,
ABS:LCI(1.0.0),1,131278,P4,50,Q,2023-Q2,79.16,,,,
ABS:LCI(1.0.0),1,131278,P4,50,Q,2023-Q3,86.45,,,,
ABS:LCI(1.0.0),1,131278,P4,50,Q,2023-Q4,91.09,,,,
ABS:LCI(1.0.0),1,131278,P4,50,Q,2024-Q1,97.48,,,,
ABS:LCI(1.0.0),1,131278,P4,50,Q,2024-Q2,99.93,,,,
ABS:LCI(1.0.0),1,131278,P4,50,Q,2024-Q3,102.55,,,,
ABS:LCI(1.0.0),1,131278,P4,50,Q,2024-Q4,104.18,,,,
ABS:LCI(1.0.0),1,131278,P4,50,Q,2025-Q1,105.61,,,,
ABS:LCI(1.0.0),1,131278,P4,50,Q,2025-Q2,104.03,,,,
ABS:LCI(1.0.0),1,131278,P4,50,Q,2025-Q3,100,,,,
ABS:LCI(1.0.0),1,131278,P4,50,Q,2025-Q4,97.14,,,,
ABS:LCI(1.0.0),1,131278,P4,50,Q,2026-Q1,98.51,,,,
ABS:LCI(1.0.0),1,131278,P4,50,Q,2026-Q2,106.41,,,,
ABS:LCI(1.0.0),2,20006,PBLCI,50,Q,2007-Q3,0.6,,,,
ABS:LCI(1.0.0),2,20006,PBLCI,50,Q,2007-Q4,1.2,,,,
ABS:LCI(1.0.0),2,20006,PBLCI,50,Q,2008-Q1,1,,,,
ABS:LCI(1.0.0),2,20006,PBLCI,50,Q,2008-Q2,1.8,,,,
ABS:LCI(1.0.0),2,20006,PBLCI,50,Q,2008-Q3,1.6,,,,
ABS:LCI(1.0.0),2,20006,PBLCI,50,Q,2008-Q4,1.4,,,,
ABS:LCI(1.0.0),2,20006,PBLCI,50,Q,2009-Q1,1.2,,,,
ABS:LCI(1.0.0),2,20006,PBLCI,50,Q,2009-Q2,1,,,,
ABS:LCI(1.0.0),2,20006,PBLCI,50,Q,2009-Q3,0.6,,,,
ABS:LCI(1.0.0),2,20006,PBLCI,50,Q,2009-Q4,0.4,,,,
ABS:LCI(1.0.0),2,20006,PBLCI,50,Q,2010-Q1,1.4,,,,
ABS:LCI(1.0.0),2,20006,PBLCI,50,Q,2010-Q2,8.1,,,,
ABS:LCI(1.0.0),2,20006,PBLCI,50,Q,2010-Q3,4,,,,
ABS:LCI(1.0.0),2,20006,PBLCI,50,Q,2010-Q4,0.9,,,,
ABS:LCI(1.0.0),2,20006,PBLCI,50,Q,2011-Q1,1.3,,,,
ABS:LCI(1.0.0),2,20006,PBLCI,50,Q,2011-Q2,0.9,,,,
ABS:LCI(1.0.0),2,20006,PBLCI,50,Q,2011-Q3,0.9,,,,
ABS:LCI(1.0.0),2,20006,PBLCI,50,Q,2011-Q4,0.9,,,,
ABS:LCI(1.0.0),2,20006,PBLCI,50,Q,2012-Q1,1.6,,,,
ABS:LCI(1.0.0),2,20006,PBLCI,50,Q,2012-Q2,1.2,,,,
ABS:LCI(1.0.0),2,20006,PBLCI,50,Q,2012-Q3,0.9,,,,
ABS:LCI(1.0.0),2,20006,PBLCI,50,Q,2012-Q4,0.4,,,,
ABS:LCI(1.0.0),2,20006,PBLCI,50,Q,2013-Q1,2.2,,,,
ABS:LCI(1.0.0),2,20006,PBLCI,50,Q,2013-Q2,1.8,,,,
ABS:LCI(1.0.0),2,20006,PBLCI,50,Q,2013-Q3,0.9,,,,
ABS:LCI(1.0.0),2,20006,PBLCI,50,Q,2013-Q4,1.8,,,,
ABS:LCI(1.0.0),2,20006,PBLCI,50,Q,2014-Q1,3.9,,,,
ABS:LCI(1.0.0),2,20006,PBLCI,50,Q,2014-Q2,2,,,,
ABS:LCI(1.0.0),2,20006,PBLCI,50,Q,2014-Q3,1.4,,,,
ABS:LCI(1.0.0),2,20006,PBLCI,50,Q,2014-Q4,2.6,,,,
ABS:LCI(1.0.0),2,20006,PBLCI,50,Q,2015-Q1,0.8,,,,
ABS:LCI(1.0.0),2,20006,PBLCI,50,Q,2015-Q2,1.6,,,,
ABS:LCI(1.0.0),2,20006,PBLCI,50,Q,2015-Q3,1.5,,,,
ABS:LCI(1.0.0),2,20006,PBLCI,50,Q,2015-Q4,4.1,,,,
ABS:LCI(1.0.0),2,20006,PBLCI,50,Q,2016-Q1,0.9,,,,
ABS:LCI(1.0.0),2,20006,PBLCI,50,Q,2016-Q2,1.3,,,,
ABS:LCI(1.0.0),2,20006,PBLCI,50,Q,2016-Q3,1.5,,,,
ABS:LCI(1.0.0),2,20006,PBLCI,50,Q,2016-Q4,4.3,,,,
ABS:LCI(1.0.0),2,20006,PBLCI,50,Q,2017-Q1,1.1,,,,
ABS:LCI(1.0.0),2,20006,PBLCI,50,Q,2017-Q2,0.8,,,,
ABS:LCI(1.0.0),2,20006,PBLCI,50,Q,2017-Q3,2.8,,,,
ABS:LCI(1.0.0),2,20006,PBLCI,50,Q,2017-Q4,4.9,,,,
ABS:LCI(1.0.0),2,20006,PBLCI,50,Q,2018-Q1,0.7,,,,
ABS:LCI(1.0.0),2,20006,PBLCI,50,Q,2018-Q2,1.9,,,,
ABS:LCI(1.0.0),2,20006,PBLCI,50,Q,2018-Q3,1.4,,,,
ABS:LCI(1.0.0),2,20006,PBLCI,50,Q,2018-Q4,5.1,,,,
ABS:LCI(1.0.0),2,20006,PBLCI,50,Q,2019-Q1,0,,,,
ABS:LCI(1.0.0),2,20006,PBLCI,50,Q,2019-Q2,1.5,,,,
ABS:LCI(1.0.0),2,20006,PBLCI,50,Q,2019-Q3,2.4,,,,
ABS:LCI(1.0.0),2,20006,PBLCI,50,Q,2019-Q4,4.8,,,,
ABS:LCI(1.0.0),2,20006,PBLCI,50,Q,2020-Q1,1.8,,,,
ABS:LCI(1.0.0),2,20006,PBLCI,50,Q,2020-Q2,1.9,,,,
ABS:LCI(1.0.0),2,20006,PBLCI,50,Q,2020-Q3,2.1,,,,
ABS:LCI(1.0.0),2,20006,PBLCI,50,Q,2020-Q4,6.4,,,,
ABS:LCI(1.0.0),2,20006,PBLCI,50,Q,2021-Q1,0,,,,
ABS:LCI(1.0.0),2,20006,PBLCI,50,Q,2021-Q2,0.4,,,,
ABS:LCI(1.0.0),2,20006,PBLCI,50,Q,2021-Q3,-0.6,,,,
ABS:LCI(1.0.0),2,20006,PBLCI,50,Q,2021-Q4,1.3,,,,
ABS:LCI(1.0.0),2,20006,PBLCI,50,Q,2022-Q1,1.1,,,,
ABS:LCI(1.0.0),2,20006,PBLCI,50,Q,2022-Q2,0.8,,,,
ABS:LCI(1.0.0),2,20006,PBLCI,50,Q,2022-Q3,1.2,,,,
ABS:LCI(1.0.0),2,20006,PBLCI,50,Q,2022-Q4,1.3,,,,
ABS:LCI(1.0.0),2,20006,PBLCI,50,Q,2023-Q1,1,,,,
ABS:LCI(1.0.0),2,20006,PBLCI,50,Q,2023-Q2,1.1,,,,
ABS:LCI(1.0.0),2,20006,PBLCI,50,Q,2023-Q3,1.6,,,,
ABS:LCI(1.0.0),2,20006,PBLCI,50,Q,2023-Q4,4,,,,
ABS:LCI(1.0.0),2,20006,PBLCI,50,Q,2024-Q1,1,,,,
ABS:LCI(1.0.0),2,20006,PBLCI,50,Q,2024-Q2,1.9,,,,
ABS:LCI(1.0.0),2,20006,PBLCI,50,Q,2024-Q3,1.5,,,,
ABS:LCI(1.0.0),2,20006,PBLCI,50,Q,2024-Q4,3.4,,,,
ABS:LCI(1.0.0),2,20006,PBLCI,50,Q,2025-Q1,1.3,,,,
ABS:LCI(1.0.0),2,20006,PBLCI,50,Q,2025-Q2,1,,,,
ABS:LCI(1.0.0),2,20006,PBLCI,50,Q,2025-Q3,2,,,,
ABS:LCI(1.0.0),2,20006,PBLCI,50,Q,2025-Q4,2,,,,
ABS:LCI(1.0.0),2,20006,PBLCI,50,Q,2026-Q1,1.2,,,,
ABS:LCI(1.0.0),2,20006,PBLCI,50,Q,2026-Q2,0.8,,,,
ABS:LCI(1.0.0),2,20006,P4,50,Q,2007-Q3,0.4,,,,
ABS:LCI(1.0.0),2,20006,P4,50,Q,2007-Q4,1.2,,,,
ABS:LCI(1.0.0),2,20006,P4,50,Q,2008-Q1,1,,,,
ABS:LCI(1.0.0),2,20006,P4,50,Q,2008-Q2,2,,,,
ABS:LCI(1.0.0),2,20006,P4,50,Q,2008-Q3,1.4,,,,
ABS:LCI(1.0.0),2,20006,P4,50,Q,2008-Q4,1.2,,,,
ABS:LCI(1.0.0),2,20006,P4,50,Q,2009-Q1,0.8,,,,
ABS:LCI(1.0.0),2,20006,P4,50,Q,2009-Q2,0.8,,,,
ABS:LCI(1.0.0),2,20006,P4,50,Q,2009-Q3,0.8,,,,
ABS:LCI(1.0.0),2,20006,P4,50,Q,2009-Q4,0.5,,,,
ABS:LCI(1.0.0),2,20006,P4,50,Q,2010-Q1,1.1,,,,
ABS:LCI(1.0.0),2,20006,P4,50,Q,2010-Q2,5.1,,,,
ABS:LCI(1.0.0),2,20006,P4,50,Q,2010-Q3,2.7,,,,
ABS:LCI(1.0.0),2,20006,P4,50,Q,2010-Q4,0.7,,,,
ABS:LCI(1.0.0),2,20006,P4,50,Q,2011-Q1,1,,,,
ABS:LCI(1.0.0),2,20006,P4,50,Q,2011-Q2,0.5,,,,
ABS:LCI(1.0.0),2,20006,P4,50,Q,2011-Q3,0.5,,,,
ABS:LCI(1.0.0),2,20006,P4,50,Q,2011-Q4,0.7,,,,
ABS:LCI(1.0.0),2,20006,P4,50,Q,2012-Q1,1.3,,,,
ABS:LCI(1.0.0),2,20006,P4,50,Q,2012-Q2,1,,,,
ABS:LCI(1.0.0),2,20006,P4,50,Q,2012-Q3,0.8,,,,
ABS:LCI(1.0.0),2,20006,P4,50,Q,2012-Q4,0.3,,,,
ABS:LCI(1.0.0),2,20006,P4,50,Q,2013-Q1,1.7,,,,
ABS:LCI(1.0.0),2,20006,P4,50,Q,2013-Q2,1.3,,,,
ABS:LCI(1.0.0),2,20006,P4,50,Q,2013-Q3,0.9,,,,
ABS:LCI(1.0.0),2,20006,P4,50,Q,2013-Q4,1.5,,,,
ABS:LCI(1.0.0),2,20006,P4,50,Q,2014-Q1,2.9,,,,
ABS:LCI(1.0.0),2,20006,P4,50,Q,2014-Q2,1.5,,,,
ABS:LCI(1.0.0),2,20006,P4,50,Q,2014-Q3,0.9,,,,
ABS:LCI(1.0.0),2,20006,P4,50,Q,2014-Q4,1.5,,,,
ABS:LCI(1.0.0),2,20006,P4,50,Q,2015-Q1,0.6,,,,
ABS:LCI(1.0.0),2,20006,P4,50,Q,2015-Q2,1.3,,,,
ABS:LCI(1.0.0),2,20006,P4,50,Q,2015-Q3,1,,,,
ABS:LCI(1.0.0),2,20006,P4,50,Q,2015-Q4,2.4,,,,
ABS:LCI(1.0.0),2,20006,P4,50,Q,2016-Q1,0.8,,,,
ABS:LCI(1.0.0),2,20006,P4,50,Q,2016-Q2,0.9,,,,
ABS:LCI(1.0.0),2,20006,P4,50,Q,2016-Q3,1.1,,,,
ABS:LCI(1.0.0),2,20006,P4,50,Q,2016-Q4,2.6,,,,
ABS:LCI(1.0.0),2,20006,P4,50,Q,2017-Q1,1.1,,,,
ABS:LCI(1.0.0),2,20006,P4,50,Q,2017-Q2,0.6,,,,
ABS:LCI(1.0.0),2,20006,P4,50,Q,2017-Q3,2.1,,,,
ABS:LCI(1.0.0),2,20006,P4,50,Q,2017-Q4,1.9,,,,
ABS:LCI(1.0.0),2,20006,P4,50,Q,2018-Q1,0.5,,,,
ABS:LCI(1.0.0),2,20006,P4,50,Q,2018-Q2,1.3,,,,
ABS:LCI(1.0.0),2,20006,P4,50,Q,2018-Q3,1.3,,,,
ABS:LCI(1.0.0),2,20006,P4,50,Q,2018-Q4,1.5,,,,
ABS:LCI(1.0.0),2,20006,P4,50,Q,2019-Q1,0.5,,,,
ABS:LCI(1.0.0),2,20006,P4,50,Q,2019-Q2,0.6,,,,
ABS:LCI(1.0.0),2,20006,P4,50,Q,2019-Q3,1.8,,,,
ABS:LCI(1.0.0),2,20006,P4,50,Q,2019-Q4,1.6,,,,
ABS:LCI(1.0.0),2,20006,P4,50,Q,2020-Q1,1.5,,,,
ABS:LCI(1.0.0),2,20006,P4,50,Q,2020-Q2,1.3,,,,
ABS:LCI(1.0.0),2,20006,P4,50,Q,2020-Q3,1.4,,,,
ABS:LCI(1.0.0),2,20006,P4,50,Q,2020-Q4,2.6,,,,
ABS:LCI(1.0.0),2,20006,P4,50,Q,2021-Q1,0.5,,,,
ABS:LCI(1.0.0),2,20006,P4,50,Q,2021-Q2,0.2,,,,
ABS:LCI(1.0.0),2,20006,P4,50,Q,2021-Q3,-0.4,,,,
ABS:LCI(1.0.0),2,20006,P4,50,Q,2021-Q4,0.5,,,,
ABS:LCI(1.0.0),2,20006,P4,50,Q,2022-Q1,1.1,,,,
ABS:LCI(1.0.0),2,20006,P4,50,Q,2022-Q2,0.7,,,,
ABS:LCI(1.0.0),2,20006,P4,50,Q,2022-Q3,1.1,,,,
ABS:LCI(1.0.0),2,20006,P4,50,Q,2022-Q4,0.9,,,,
ABS:LCI(1.0.0),2,20006,P4,50,Q,2023-Q1,1.1,,,,
ABS:LCI(1.0.0),2,20006,P4,50,Q,2023-Q2,0.8,,,,
ABS:LCI(1.0.0),2,20006,P4,50,Q,2023-Q3,1.3,,,,
ABS:LCI(1.0.0),2,20006,P4,50,Q,2023-Q4,1.9,,,,
ABS:LCI(1.0.0),2,20006,P4,50,Q,2024-Q1,0.7,,,,
ABS:LCI(1.0.0),2,20006,P4,50,Q,2024-Q2,1.3,,,,
ABS:LCI(1.0.0),2,20006,P4,50,Q,2024-Q3,1.4,,,,
ABS:LCI(1.0.0),2,20006,P4,50,Q,2024-Q4,1.6,,,,
ABS:LCI(1.0.0),2,20006,P4,50,Q,2025-Q1,1,,,,
ABS:LCI(1.0.0),2,20006,P4,50,Q,2025-Q2,0.4,,,,
ABS:LCI(1.0.0),2,20006,P4,50,Q,2025-Q3,1.5,,,,
ABS:LCI(1.0.0),2,20006,P4,50,Q,2025-Q4,-0.1,,,,
ABS:LCI(1.0.0),2,20006,P4,50,Q,2026-Q1,1.5,,,,
ABS:LCI(1.0.0),2,20006,P4,50,Q,2026-Q2,0.2,,,,
ABS:LCI(1.0.0),2,20004,P4,50,Q,2007-Q3,-0.3,,,,
ABS:LCI(1.0.0),2,20004,P4,50,Q,2007-Q4,0.8,,,,
ABS:LCI(1.0.0),2,20004,P4,50,Q,2008-Q1,-0.6,,,,
ABS:LCI(1.0.0),2,20004,P4,50,Q,2008-Q2,1.6,,,,
ABS:LCI(1.0.0),2,20004,P4,50,Q,2008-Q3,0.2,,,,
ABS:LCI(1.0.0),2,20004,P4,50,Q,2008-Q4,0.4,,,,
ABS:LCI(1.0.0),2,20004,P4,50,Q,2009-Q1,0.8,,,,
ABS:LCI(1.0.0),2,20004,P4,50,Q,2009-Q2,2.1,,,,
ABS:LCI(1.0.0),2,20004,P4,50,Q,2009-Q3,0.7,,,,
ABS:LCI(1.0.0),2,20004,P4,50,Q,2009-Q4,-0.1,,,,
ABS:LCI(1.0.0),2,20004,P4,50,Q,2010-Q1,-1.2,,,,
ABS:LCI(1.0.0),2,20004,P4,50,Q,2010-Q2,0.8,,,,
ABS:LCI(1.0.0),2,20004,P4,50,Q,2010-Q3,0.8,,,,
ABS:LCI(1.0.0),2,20004,P4,50,Q,2010-Q4,-0.6,,,,
ABS:LCI(1.0.0),2,20004,P4,50,Q,2011-Q1,-1.3,,,,
ABS:LCI(1.0.0),2,20004,P4,50,Q,2011-Q2,1.3,,,,
ABS:LCI(1.0.0),2,20004,P4,50,Q,2011-Q3,0.3,,,,
ABS:LCI(1.0.0),2,20004,P4,50,Q,2011-Q4,-0.2,,,,
ABS:LCI(1.0.0),2,20004,P4,50,Q,2012-Q1,-1.2,,,,
ABS:LCI(1.0.0),2,20004,P4,50,Q,2012-Q2,1.3,,,,
ABS:LCI(1.0.0),2,20004,P4,50,Q,2012-Q3,0.7,,,,
ABS:LCI(1.0.0),2,20004,P4,50,Q,2012-Q4,-0.5,,,,
ABS:LCI(1.0.0),2,20004,P4,50,Q,2013-Q1,-1.2,,,,
ABS:LCI(1.0.0),2,20004,P4,50,Q,2013-Q2,0.7,,,,
ABS:LCI(1.0.0),2,20004,P4,50,Q,2013-Q3,0.9,,,,
ABS:LCI(1.0.0),2,20004,P4,50,Q,2013-Q4,0.2,,,,
ABS:LCI(1.0.0),2,20004,P4,50,Q,2014-Q1,-1.5,,,,
ABS:LCI(1.0.0),2,20004,P4,50,Q,2014-Q2,0.9,,,,
ABS:LCI(1.0.0),2,20004,P4,50,Q,2014-Q3,0.3,,,,
ABS:LCI(1.0.0),2,20004,P4,50,Q,2014-Q4,0.3,,,,
ABS:LCI(1.0.0),2,20004,P4,50,Q,2015-Q1,-0.7,,,,
ABS:LCI(1.0.0),2,20004,P4,50,Q,2015-Q2,1,,,,
ABS:LCI(1.0.0),2,20004,P4,50,Q,2015-Q3,0.6,,,,
ABS:LCI(1.0.0),2,20004,P4,50,Q,2015-Q4,0.5,,,,
ABS:LCI(1.0.0),2,20004,P4,50,Q,2016-Q1,-0.6,,,,
ABS:LCI(1.0.0),2,20004,P4,50,Q,2016-Q2,0.6,,,,
ABS:LCI(1.0.0),2,20004,P4,50,Q,2016-Q3,0.8,,,,
ABS:LCI(1.0.0),2,20004,P4,50,Q,2016-Q4,-0.8,,,,
ABS:LCI(1.0.0),2,20004,P4,50,Q,2017-Q1,-1.2,,,,
ABS:LCI(1.0.0),2,20004,P4,50,Q,2017-Q2,0.8,,,,
ABS:LCI(1.0.0),2,20004,P4,50,Q,2017-Q3,0.1,,,,
ABS:LCI(1.0.0),2,20004,P4,50,Q,2017-Q4,-1.2,,,,
ABS:LCI(1.0.0),2,20004,P4,50,Q,2018-Q1,-0.6,,,,
ABS:LCI(1.0.0),2,20004,P4,50,Q,2018-Q2,0.3,,,,
ABS:LCI(1.0.0),2,20004,P4,50,Q,2018-Q3,0.7,,,,
ABS:LCI(1.0.0),2,20004,P4,50,Q,2018-Q4,0.4,,,,
ABS:LCI(1.0.0),2,20004,P4,50,Q,2019-Q1,-0.6,,,,
ABS:LCI(1.0.0),2,20004,P4,50,Q,2019-Q2,0.5,,,,
ABS:LCI(1.0.0),2,20004,P4,50,Q,2019-Q3,0.9,,,,
ABS:LCI(1.0.0),2,20004,P4,50,Q,2019-Q4,-0.5,,,,
ABS:LCI(1.0.0),2,20004,P4,50,Q,2020-Q1,0.9,,,,
ABS:LCI(1.0.0),2,20004,P4,50,Q,2020-Q2,2.1,,,,
ABS:LCI(1.0.0),2,20004,P4,50,Q,2020-Q3,1.3,,,,
ABS:LCI(1.0.0),2,20004,P4,50,Q,2020-Q4,-0.5,,,,
ABS:LCI(1.0.0),2,20004,P4,50,Q,2021-Q1,-0.5,,,,
ABS:LCI(1.0.0),2,20004,P4,50,Q,2021-Q2,1,,,,
ABS:LCI(1.0.0),2,20004,P4,50,Q,2021-Q3,1.4,,,,
ABS:LCI(1.0.0),2,20004,P4,50,Q,2021-Q4,1.1,,,,
ABS:LCI(1.0.0),2,20004,P4,50,Q,2022-Q1,1.5,,,,
ABS:LCI(1.0.0),2,20004,P4,50,Q,2022-Q2,3.4,,,,
ABS:LCI(1.0.0),2,20004,P4,50,Q,2022-Q3,3,,,,
ABS:LCI(1.0.0),2,20004,P4,50,Q,2022-Q4,1.3,,,,
ABS:LCI(1.0.0),2,20004,P4,50,Q,2023-Q1,-0.7,,,,
ABS:LCI(1.0.0),2,20004,P4,50,Q,2023-Q2,2.2,,,,
ABS:LCI(1.0.0),2,20004,P4,50,Q,2023-Q3,0.5,,,,
ABS:LCI(1.0.0),2,20004,P4,50,Q,2023-Q4,-1.2,,,,
ABS:LCI(1.0.0),2,20004,P4,50,Q,2024-Q1,-0.5,,,,
ABS:LCI(1.0.0),2,20004,P4,50,Q,2024-Q2,0.8,,,,
ABS:LCI(1.0.0),2,20004,P4,50,Q,2024-Q3,0.7,,,,
ABS:LCI(1.0.0),2,20004,P4,50,Q,2024-Q4,0.2,,,,
ABS:LCI(1.0.0),2,20004,P4,50,Q,2025-Q1,-1.2,,,,
ABS:LCI(1.0.0),2,20004,P4,50,Q,2025-Q2,1.1,,,,
ABS:LCI(1.0.0),2,20004,P4,50,Q,2025-Q3,0.8,,,,
ABS:LCI(1.0.0),2,20004,P4,50,Q,2025-Q4,-0.3,,,,
ABS:LCI(1.0.0),2,20004,P4,50,Q,2026-Q1,-0.3,,,,
ABS:LCI(1.0.0),2,20004,P4,50,Q,2026-Q2,0.1,,,,
ABS:LCI(1.0.0),2,115528,P3,50,Q,2003-Q2,0.6,,,,
ABS:LCI(1.0.0),2,115528,P3,50,Q,2003-Q3,1.8,,,,
ABS:LCI(1.0.0),2,115528,P3,50,Q,2003-Q4,0.3,,,,
ABS:LCI(1.0.0),2,115528,P3,50,Q,2004-Q1,1,,,,
ABS:LCI(1.0.0),2,115528,P3,50,Q,2004-Q2,-0.3,,,,
ABS:LCI(1.0.0),2,115528,P3,50,Q,2004-Q3,0.5,,,,
ABS:LCI(1.0.0),2,115528,P3,50,Q,2004-Q4,0.2,,,,
ABS:LCI(1.0.0),2,115528,P3,50,Q,2005-Q1,0.1,,,,
ABS:LCI(1.0.0),2,115528,P3,50,Q,2005-Q2,0.4,,,,
ABS:LCI(1.0.0),2,115528,P3,50,Q,2005-Q3,0.9,,,,
ABS:LCI(1.0.0),2,115528,P3,50,Q,2005-Q4,1.1,,,,
ABS:LCI(1.0.0),2,115528,P3,50,Q,2006-Q1,0.5,,,,
ABS:LCI(1.0.0),2,115528,P3,50,Q,2006-Q2,0.4,,,,
ABS:LCI(1.0.0),2,115528,P3,50,Q,2006-Q3,1,,,,
ABS:LCI(1.0.0),2,115528,P3,50,Q,2006-Q4,0.2,,,,
ABS:LCI(1.0.0),2,115528,P3,50,Q,2007-Q1,0.2,,,,
ABS:LCI(1.0.0),2,115528,P3,50,Q,2007-Q2,0.3,,,,
ABS:LCI(1.0.0),2,115528,P3,50,Q,2007-Q3,1,,,,
ABS:LCI(1.0.0),2,115528,P3,50,Q,2007-Q4,1,,,,
ABS:LCI(1.0.0),2,115528,P3,50,Q,2008-Q1,1.7,,,,
ABS:LCI(1.0.0),2,115528,P3,50,Q,2008-Q2,2.1,,,,
ABS:LCI(1.0.0),2,115528,P3,50,Q,2008-Q3,3.5,,,,
ABS:LCI(1.0.0),2,115528,P3,50,Q,2008-Q4,2.2,,,,
ABS:LCI(1.0.0),2,115528,P3,50,Q,2009-Q1,3.4,,,,
ABS:LCI(1.0.0),2,115528,P3,50,Q,2009-Q2,1.5,,,,
ABS:LCI(1.0.0),2,115528,P3,50,Q,2009-Q3,2.8,,,,
ABS:LCI(1.0.0),2,115528,P3,50,Q,2009-Q4,0.6,,,,
ABS:LCI(1.0.0),2,115528,P3,50,Q,2010-Q1,2.2,,,,
ABS:LCI(1.0.0),2,115528,P3,50,Q,2010-Q2,-0.1,,,,
ABS:LCI(1.0.0),2,115528,P3,50,Q,2010-Q3,2.5,,,,
ABS:LCI(1.0.0),2,115528,P3,50,Q,2010-Q4,0.2,,,,
ABS:LCI(1.0.0),2,115528,P3,50,Q,2011-Q1,1.1,,,,
ABS:LCI(1.0.0),2,115528,P3,50,Q,2011-Q2,1.3,,,,
ABS:LCI(1.0.0),2,115528,P3,50,Q,2011-Q3,-0.4,,,,
ABS:LCI(1.0.0),2,115528,P3,50,Q,2011-Q4,1,,,,
ABS:LCI(1.0.0),2,115528,P3,50,Q,2012-Q1,0.5,,,,
ABS:LCI(1.0.0),2,115528,P3,50,Q,2012-Q2,0.7,,,,
ABS:LCI(1.0.0),2,115528,P3,50,Q,2012-Q3,1.9,,,,
ABS:LCI(1.0.0),2,115528,P3,50,Q,2012-Q4,1.8,,,,
ABS:LCI(1.0.0),2,115528,P3,50,Q,2013-Q1,2.6,,,,
ABS:LCI(1.0.0),2,115528,P3,50,Q,2013-Q2,-0.2,,,,
ABS:LCI(1.0.0),2,115528,P3,50,Q,2013-Q3,-1,,,,
ABS:LCI(1.0.0),2,115528,P3,50,Q,2013-Q4,-0.1,,,,
ABS:LCI(1.0.0),2,115528,P3,50,Q,2014-Q1,-0.1,,,,
ABS:LCI(1.0.0),2,115528,P3,50,Q,2014-Q2,-0.8,,,,
ABS:LCI(1.0.0),2,115528,P3,50,Q,2014-Q3,0.9,,,,
ABS:LCI(1.0.0),2,115528,P3,50,Q,2014-Q4,1.2,,,,
ABS:LCI(1.0.0),2,115528,P3,50,Q,2015-Q1,0.2,,,,
ABS:LCI(1.0.0),2,115528,P3,50,Q,2015-Q2,0.4,,,,
ABS:LCI(1.0.0),2,115528,P3,50,Q,2015-Q3,1.1,,,,
ABS:LCI(1.0.0),2,115528,P3,50,Q,2015-Q4,1.8,,,,
ABS:LCI(1.0.0),2,115528,P3,50,Q,2016-Q1,1.5,,,,
ABS:LCI(1.0.0),2,115528,P3,50,Q,2016-Q2,1.2,,,,
ABS:LCI(1.0.0),2,115528,P3,50,Q,2016-Q3,3.7,,,,
ABS:LCI(1.0.0),2,115528,P3,50,Q,2016-Q4,1.2,,,,
ABS:LCI(1.0.0),2,115528,P3,50,Q,2017-Q1,1.7,,,,
ABS:LCI(1.0.0),2,115528,P3,50,Q,2017-Q2,-0.6,,,,
ABS:LCI(1.0.0),2,115528,P3,50,Q,2017-Q3,1.1,,,,
ABS:LCI(1.0.0),2,115528,P3,50,Q,2017-Q4,1.4,,,,
ABS:LCI(1.0.0),2,115528,P3,50,Q,2018-Q1,0.5,,,,
ABS:LCI(1.0.0),2,115528,P3,50,Q,2018-Q2,0.9,,,,
ABS:LCI(1.0.0),2,115528,P3,50,Q,2018-Q3,1.1,,,,
ABS:LCI(1.0.0),2,115528,P3,50,Q,2018-Q4,0.7,,,,
ABS:LCI(1.0.0),2,115528,P3,50,Q,2019-Q1,-0.2,,,,
ABS:LCI(1.0.0),2,115528,P3,50,Q,2019-Q2,0,,,,
ABS:LCI(1.0.0),2,115528,P3,50,Q,2019-Q3,-0.1,,,,
ABS:LCI(1.0.0),2,115528,P3,50,Q,2019-Q4,0.3,,,,
ABS:LCI(1.0.0),2,115528,P3,50,Q,2020-Q1,0.6,,,,
ABS:LCI(1.0.0),2,115528,P3,50,Q,2020-Q2,0.5,,,,
ABS:LCI(1.0.0),2,115528,P3,50,Q,2020-Q3,0.2,,,,
ABS:LCI(1.0.0),2,115528,P3,50,Q,2020-Q4,0.5,,,,
ABS:LCI(1.0.0),2,115528,P3,50,Q,2021-Q1,0,,,,
ABS:LCI(1.0.0),2,115528,P3,50,Q,2021-Q2,1.6,,,,
ABS:LCI(1.0.0),2,115528,P3,50,Q,2021-Q3,1.4,,,,
ABS:LCI(1.0.0),2,115528,P3,50,Q,2021-Q4,1.1,,,,
ABS:LCI(1.0.0),2,115528,P3,50,Q,2022-Q1,1.4,,,,
ABS:LCI(1.0.0),2,115528,P3,50,Q,2022-Q2,0.7,,,,
ABS:LCI(1.0.0),2,115528,P3,50,Q,2022-Q3,2.1,,,,
ABS:LCI(1.0.0),2,115528,P3,50,Q,2022-Q4,2.2,,,,
ABS:LCI(1.0.0),2,115528,P3,50,Q,2023-Q1,3.8,,,,
ABS:LCI(1.0.0),2,115528,P3,50,Q,2023-Q2,5,,,,
ABS:LCI(1.0.0),2,115528,P3,50,Q,2023-Q3,2.9,,,,
ABS:LCI(1.0.0),2,115528,P3,50,Q,2023-Q4,4.7,,,,
ABS:LCI(1.0.0),2,115528,P3,50,Q,2024-Q1,4.2,,,,
ABS:LCI(1.0.0),2,115528,P3,50,Q,2024-Q2,3.2,,,,
ABS:LCI(1.0.0),2,115528,P3,50,Q,2024-Q3,2.4,,,,
ABS:LCI(1.0.0),2,115528,P3,50,Q,2024-Q4,0.7,,,,
ABS:LCI(1.0.0),2,115528,P3,50,Q,2025-Q1,0.2,,,,
ABS:LCI(1.0.0),2,115528,P3,50,Q,2025-Q2,-0.5,,,,
ABS:LCI(1.0.0),2,115528,P3,50,Q,2025-Q3,1.8,,,,
ABS:LCI(1.0.0),2,115528,P3,50,Q,2025-Q4,1,,,,
ABS:LCI(1.0.0),2,115528,P3,50,Q,2026-Q1,2.6,,,,
ABS:LCI(1.0.0),2,115528,P3,50,Q,2026-Q2,0.9,,,,
ABS:LCI(1.0.0),3,20001,P3,50,Q,2008-Q2,3.9,,,,
ABS:LCI(1.0.0),3,20001,P3,50,Q,2008-Q3,3.3,,,,
ABS:LCI(1.0.0),3,20001,P3,50,Q,2008-Q4,5.8,,,,
ABS:LCI(1.0.0),3,20001,P3,50,Q,2009-Q1,5.8,,,,
ABS:LCI(1.0.0),3,20001,P3,50,Q,2009-Q2,4.6,,,,
ABS:LCI(1.0.0),3,20001,P3,50,Q,2009-Q3,2.2,,,,
ABS:LCI(1.0.0),3,20001,P3,50,Q,2009-Q4,1.5,,,,
ABS:LCI(1.0.0),3,20001,P3,50,Q,2010-Q1,0.4,,,,
ABS:LCI(1.0.0),3,20001,P3,50,Q,2010-Q2,1.2,,,,
ABS:LCI(1.0.0),3,20001,P3,50,Q,2010-Q3,1.6,,,,
ABS:LCI(1.0.0),3,20001,P3,50,Q,2010-Q4,2.4,,,,
ABS:LCI(1.0.0),3,20001,P3,50,Q,2011-Q1,4.4,,,,
ABS:LCI(1.0.0),3,20001,P3,50,Q,2011-Q2,6.1,,,,
ABS:LCI(1.0.0),3,20001,P3,50,Q,2011-Q3,6.3,,,,
ABS:LCI(1.0.0),3,20001,P3,50,Q,2011-Q4,2.1,,,,
ABS:LCI(1.0.0),3,20001,P3,50,Q,2012-Q1,-3.4,,,,
ABS:LCI(1.0.0),3,20001,P3,50,Q,2012-Q2,-3.9,,,,
ABS:LCI(1.0.0),3,20001,P3,50,Q,2012-Q3,-1.5,,,,
ABS:LCI(1.0.0),3,20001,P3,50,Q,2012-Q4,0,,,,
ABS:LCI(1.0.0),3,20001,P3,50,Q,2013-Q1,1.4,,,,
ABS:LCI(1.0.0),3,20001,P3,50,Q,2013-Q2,0.9,,,,
ABS:LCI(1.0.0),3,20001,P3,50,Q,2013-Q3,-1.2,,,,
ABS:LCI(1.0.0),3,20001,P3,50,Q,2013-Q4,0.8,,,,
ABS:LCI(1.0.0),3,20001,P3,50,Q,2014-Q1,2.2,,,,
ABS:LCI(1.0.0),3,20001,P3,50,Q,2014-Q2,2.5,,,,
ABS:LCI(1.0.0),3,20001,P3,50,Q,2014-Q3,3.7,,,,
ABS:LCI(1.0.0),3,20001,P3,50,Q,2014-Q4,1.9,,,,
ABS:LCI(1.0.0),3,20001,P3,50,Q,2015-Q1,1.8,,,,
ABS:LCI(1.0.0),3,20001,P3,50,Q,2015-Q2,1,,,,
ABS:LCI(1.0.0),3,20001,P3,50,Q,2015-Q3,-0.3,,,,
ABS:LCI(1.0.0),3,20001,P3,50,Q,2015-Q4,0.1,,,,
ABS:LCI(1.0.0),3,20001,P3,50,Q,2016-Q1,-0.4,,,,
ABS:LCI(1.0.0),3,20001,P3,50,Q,2016-Q2,-0.4,,,,
ABS:LCI(1.0.0),3,20001,P3,50,Q,2016-Q3,1.5,,,,
ABS:LCI(1.0.0),3,20001,P3,50,Q,2016-Q4,1.8,,,,
ABS:LCI(1.0.0),3,20001,P3,50,Q,2017-Q1,1.7,,,,
ABS:LCI(1.0.0),3,20001,P3,50,Q,2017-Q2,1.8,,,,
ABS:LCI(1.0.0),3,20001,P3,50,Q,2017-Q3,-1.3,,,,
ABS:LCI(1.0.0),3,20001,P3,50,Q,2017-Q4,-0.7,,,,
ABS:LCI(1.0.0),3,20001,P3,50,Q,2018-Q1,0.1,,,,
ABS:LCI(1.0.0),3,20001,P3,50,Q,2018-Q2,-0.2,,,,
ABS:LCI(1.0.0),3,20001,P3,50,Q,2018-Q3,1.6,,,,
ABS:LCI(1.0.0),3,20001,P3,50,Q,2018-Q4,1.3,,,,
ABS:LCI(1.0.0),3,20001,P3,50,Q,2019-Q1,2.5,,,,
ABS:LCI(1.0.0),3,20001,P3,50,Q,2019-Q2,2.6,,,,
ABS:LCI(1.0.0),3,20001,P3,50,Q,2019-Q3,2.4,,,,
ABS:LCI(1.0.0),3,20001,P3,50,Q,2019-Q4,2.8,,,,
ABS:LCI(1.0.0),3,20001,P3,50,Q,2020-Q1,3.5,,,,
ABS:LCI(1.0.0),3,20001,P3,50,Q,2020-Q2,4.7,,,,
ABS:LCI(1.0.0),3,20001,P3,50,Q,2020-Q3,3.8,,,,
ABS:LCI(1.0.0),3,20001,P3,50,Q,2020-Q4,2.5,,,,
ABS:LCI(1.0.0),3,20001,P3,50,Q,2021-Q1,0.6,,,,
ABS:LCI(1.0.0),3,20001,P3,50,Q,2021-Q2,0.7,,,,
ABS:LCI(1.0.0),3,20001,P3,50,Q,2021-Q3,1.2,,,,
ABS:LCI(1.0.0),3,20001,P3,50,Q,2021-Q4,1.8,,,,
ABS:LCI(1.0.0),3,20001,P3,50,Q,2022-Q1,4.7,,,,
ABS:LCI(1.0.0),3,20001,P3,50,Q,2022-Q2,6.2,,,,
ABS:LCI(1.0.0),3,20001,P3,50,Q,2022-Q3,9.7,,,,
ABS:LCI(1.0.0),3,20001,P3,50,Q,2022-Q4,9.8,,,,
ABS:LCI(1.0.0),3,20001,P3,50,Q,2023-Q1,8.3,,,,
ABS:LCI(1.0.0),3,20001,P3,50,Q,2023-Q2,7.7,,,,
ABS:LCI(1.0.0),3,20001,P3,50,Q,2023-Q3,4.5,,,,
ABS:LCI(1.0.0),3,20001,P3,50,Q,2023-Q4,4.3,,,,
ABS:LCI(1.0.0),3,20001,P3,50,Q,2024-Q1,3.5,,,,
ABS:LCI(1.0.0),3,20001,P3,50,Q,2024-Q2,3,,,,
ABS:LCI(1.0.0),3,20001,P3,50,Q,2024-Q3,3.3,,,,
ABS:LCI(1.0.0),3,20001,P3,50,Q,2024-Q4,2.9,,,,
ABS:LCI(1.0.0),3,20001,P3,50,Q,2025-Q1,3.3,,,,
ABS:LCI(1.0.0),3,20001,P3,50,Q,2025-Q2,3.1,,,,
ABS:LCI(1.0.0),3,20001,P3,50,Q,2025-Q3,3.1,,,,
ABS:LCI(1.0.0),3,20001,P3,50,Q,2025-Q4,3.3,,,,
ABS:LCI(1.0.0),3,20001,P3,50,Q,2026-Q1,2.9,,,,
ABS:LCI(1.0.0),3,20001,P3,50,Q,2026-Q2,3,,,,
ABS:LCI(1.0.0),3,20005,P2,50,Q,2008-Q2,8.6,,,,
ABS:LCI(1.0.0),3,20005,P2,50,Q,2008-Q3,11.2,,,,
ABS:LCI(1.0.0),3,20005,P2,50,Q,2008-Q4,-1,,,,
ABS:LCI(1.0.0),3,20005,P2,50,Q,2009-Q1,-5.7,,,,
ABS:LCI(1.0.0),3,20005,P2,50,Q,2009-Q2,-7.6,,,,
ABS:LCI(1.0.0),3,20005,P2,50,Q,2009-Q3,-6.6,,,,
ABS:LCI(1.0.0),3,20005,P2,50,Q,2009-Q4,0.8,,,,
ABS:LCI(1.0.0),3,20005,P2,50,Q,2010-Q1,5,,,,
ABS:LCI(1.0.0),3,20005,P2,50,Q,2010-Q2,4.2,,,,
ABS:LCI(1.0.0),3,20005,P2,50,Q,2010-Q3,0.8,,,,
ABS:LCI(1.0.0),3,20005,P2,50,Q,2010-Q4,2.3,,,,
ABS:LCI(1.0.0),3,20005,P2,50,Q,2011-Q1,4,,,,
ABS:LCI(1.0.0),3,20005,P2,50,Q,2011-Q2,4.5,,,,
ABS:LCI(1.0.0),3,20005,P2,50,Q,2011-Q3,5.7,,,,
ABS:LCI(1.0.0),3,20005,P2,50,Q,2011-Q4,5.2,,,,
ABS:LCI(1.0.0),3,20005,P2,50,Q,2012-Q1,3.1,,,,
ABS:LCI(1.0.0),3,20005,P2,50,Q,2012-Q2,2.5,,,,
ABS:LCI(1.0.0),3,20005,P2,50,Q,2012-Q3,1.3,,,,
ABS:LCI(1.0.0),3,20005,P2,50,Q,2012-Q4,2.2,,,,
ABS:LCI(1.0.0),3,20005,P2,50,Q,2013-Q1,1.6,,,,
ABS:LCI(1.0.0),3,20005,P2,50,Q,2013-Q2,-0.5,,,,
ABS:LCI(1.0.0),3,20005,P2,50,Q,2013-Q3,3.6,,,,
ABS:LCI(1.0.0),3,20005,P2,50,Q,2013-Q4,2.4,,,,
ABS:LCI(1.0.0),3,20005,P2,50,Q,2014-Q1,3.2,,,,
ABS:LCI(1.0.0),3,20005,P2,50,Q,2014-Q2,3.3,,,,
ABS:LCI(1.0.0),3,20005,P2,50,Q,2014-Q3,-0.1,,,,
ABS:LCI(1.0.0),3,20005,P2,50,Q,2014-Q4,-2.5,,,,
ABS:LCI(1.0.0),3,20005,P2,50,Q,2015-Q1,-7.7,,,,
ABS:LCI(1.0.0),3,20005,P2,50,Q,2015-Q2,-2.9,,,,
ABS:LCI(1.0.0),3,20005,P2,50,Q,2015-Q3,-2.6,,,,
ABS:LCI(1.0.0),3,20005,P2,50,Q,2015-Q4,-1.7,,,,
ABS:LCI(1.0.0),3,20005,P2,50,Q,2016-Q1,-0.9,,,,
ABS:LCI(1.0.0),3,20005,P2,50,Q,2016-Q2,-3.4,,,,
ABS:LCI(1.0.0),3,20005,P2,50,Q,2016-Q3,-4.2,,,,
ABS:LCI(1.0.0),3,20005,P2,50,Q,2016-Q4,-0.5,,,,
ABS:LCI(1.0.0),3,20005,P2,50,Q,2017-Q1,5.1,,,,
ABS:LCI(1.0.0),3,20005,P2,50,Q,2017-Q2,2.6,,,,
ABS:LCI(1.0.0),3,20005,P2,50,Q,2017-Q3,3.2,,,,
ABS:LCI(1.0.0),3,20005,P2,50,Q,2017-Q4,4.3,,,,
ABS:LCI(1.0.0),3,20005,P2,50,Q,2018-Q1,3.3,,,,
ABS:LCI(1.0.0),3,20005,P2,50,Q,2018-Q2,6.4,,,,
ABS:LCI(1.0.0),3,20005,P2,50,Q,2018-Q3,7.5,,,,
ABS:LCI(1.0.0),3,20005,P2,50,Q,2018-Q4,3.2,,,,
ABS:LCI(1.0.0),3,20005,P2,50,Q,2019-Q1,-0.4,,,,
ABS:LCI(1.0.0),3,20005,P2,50,Q,2019-Q2,1.5,,,,
ABS:LCI(1.0.0),3,20005,P2,50,Q,2019-Q3,0.3,,,,
ABS:LCI(1.0.0),3,20005,P2,50,Q,2019-Q4,3,,,,
ABS:LCI(1.0.0),3,20005,P2,50,Q,2020-Q1,3,,,,
ABS:LCI(1.0.0),3,20005,P2,50,Q,2020-Q2,-9.4,,,,
ABS:LCI(1.0.0),3,20005,P2,50,Q,2020-Q3,-5.1,,,,
ABS:LCI(1.0.0),3,20005,P2,50,Q,2020-Q4,-6.2,,,,
ABS:LCI(1.0.0),3,20005,P2,50,Q,2021-Q1,0,,,,
ABS:LCI(1.0.0),3,20005,P2,50,Q,2021-Q2,12.6,,,,
ABS:LCI(1.0.0),3,20005,P2,50,Q,2021-Q3,11.9,,,,
ABS:LCI(1.0.0),3,20005,P2,50,Q,2021-Q4,14.8,,,,
ABS:LCI(1.0.0),3,20005,P2,50,Q,2022-Q1,15.8,,,,
ABS:LCI(1.0.0),3,20005,P2,50,Q,2022-Q2,15,,,,
ABS:LCI(1.0.0),3,20005,P2,50,Q,2022-Q3,9.9,,,,
ABS:LCI(1.0.0),3,20005,P2,50,Q,2022-Q4,8.5,,,,
ABS:LCI(1.0.0),3,20005,P2,50,Q,2023-Q1,4,,,,
ABS:LCI(1.0.0),3,20005,P2,50,Q,2023-Q2,1.3,,,,
ABS:LCI(1.0.0),3,20005,P2,50,Q,2023-Q3,5.9,,,,
ABS:LCI(1.0.0),3,20005,P2,50,Q,2023-Q4,3.9,,,,
ABS:LCI(1.0.0),3,20005,P2,50,Q,2024-Q1,3.6,,,,
ABS:LCI(1.0.0),3,20005,P2,50,Q,2024-Q2,4.8,,,,
ABS:LCI(1.0.0),3,20005,P2,50,Q,2024-Q3,-1.5,,,,
ABS:LCI(1.0.0),3,20005,P2,50,Q,2024-Q4,-2.1,,,,
ABS:LCI(1.0.0),3,20005,P2,50,Q,2025-Q1,-1.5,,,,
ABS:LCI(1.0.0),3,20005,P2,50,Q,2025-Q2,-3.3,,,,
ABS:LCI(1.0.0),3,20005,P2,50,Q,2025-Q3,0.6,,,,
ABS:LCI(1.0.0),3,20005,P2,50,Q,2025-Q4,2,,,,
ABS:LCI(1.0.0),3,20005,P2,50,Q,2026-Q1,3.4,,,,
ABS:LCI(1.0.0),3,20005,P2,50,Q,2026-Q2,3.5,,,,
ABS:LCI(1.0.0),3,115489,PBLCI,50,Q,2008-Q2,1.5,,,,
ABS:LCI(1.0.0),3,115489,PBLCI,50,Q,2008-Q3,1.4,,,,
ABS:LCI(1.0.0),3,115489,PBLCI,50,Q,2008-Q4,1.1,,,,
ABS:LCI(1.0.0),3,115489,PBLCI,50,Q,2009-Q1,0.7,,,,
ABS:LCI(1.0.0),3,115489,PBLCI,50,Q,2009-Q2,1.2,,,,
ABS:LCI(1.0.0),3,115489,PBLCI,50,Q,2009-Q3,1,,,,
ABS:LCI(1.0.0),3,115489,PBLCI,50,Q,2009-Q4,1.9,,,,
ABS:LCI(1.0.0),3,115489,PBLCI,50,Q,2010-Q1,1.6,,,,
ABS:LCI(1.0.0),3,115489,PBLCI,50,Q,2010-Q2,-0.1,,,,
ABS:LCI(1.0.0),3,115489,PBLCI,50,Q,2010-Q3,-0.4,,,,
ABS:LCI(1.0.0),3,115489,PBLCI,50,Q,2010-Q4,-1.7,,,,
ABS:LCI(1.0.0),3,115489,PBLCI,50,Q,2011-Q1,-1.3,,,,
ABS:LCI(1.0.0),3,115489,PBLCI,50,Q,2011-Q2,-0.2,,,,
ABS:LCI(1.0.0),3,115489,PBLCI,50,Q,2011-Q3,-0.2,,,,
ABS:LCI(1.0.0),3,115489,PBLCI,50,Q,2011-Q4,0.3,,,,
ABS:LCI(1.0.0),3,115489,PBLCI,50,Q,2012-Q1,-0.7,,,,
ABS:LCI(1.0.0),3,115489,PBLCI,50,Q,2012-Q2,-1.5,,,,
ABS:LCI(1.0.0),3,115489,PBLCI,50,Q,2012-Q3,-1.4,,,,
ABS:LCI(1.0.0),3,115489,PBLCI,50,Q,2012-Q4,-1.4,,,,
ABS:LCI(1.0.0),3,115489,PBLCI,50,Q,2013-Q1,-0.4,,,,
ABS:LCI(1.0.0),3,115489,PBLCI,50,Q,2013-Q2,0.1,,,,
ABS:LCI(1.0.0),3,115489,PBLCI,50,Q,2013-Q3,1,,,,
ABS:LCI(1.0.0),3,115489,PBLCI,50,Q,2013-Q4,2,,,,
ABS:LCI(1.0.0),3,115489,PBLCI,50,Q,2014-Q1,2.4,,,,
ABS:LCI(1.0.0),3,115489,PBLCI,50,Q,2014-Q2,2.7,,,,
ABS:LCI(1.0.0),3,115489,PBLCI,50,Q,2014-Q3,1.7,,,,
ABS:LCI(1.0.0),3,115489,PBLCI,50,Q,2014-Q4,0.7,,,,
ABS:LCI(1.0.0),3,115489,PBLCI,50,Q,2015-Q1,1.6,,,,
ABS:LCI(1.0.0),3,115489,PBLCI,50,Q,2015-Q2,0.8,,,,
ABS:LCI(1.0.0),3,115489,PBLCI,50,Q,2015-Q3,0.9,,,,
ABS:LCI(1.0.0),3,115489,PBLCI,50,Q,2015-Q4,1.5,,,,
ABS:LCI(1.0.0),3,115489,PBLCI,50,Q,2016-Q1,-0.1,,,,
ABS:LCI(1.0.0),3,115489,PBLCI,50,Q,2016-Q2,0.6,,,,
ABS:LCI(1.0.0),3,115489,PBLCI,50,Q,2016-Q3,0.6,,,,
ABS:LCI(1.0.0),3,115489,PBLCI,50,Q,2016-Q4,-0.1,,,,
ABS:LCI(1.0.0),3,115489,PBLCI,50,Q,2017-Q1,0.3,,,,
ABS:LCI(1.0.0),3,115489,PBLCI,50,Q,2017-Q2,0.2,,,,
ABS:LCI(1.0.0),3,115489,PBLCI,50,Q,2017-Q3,0.7,,,,
ABS:LCI(1.0.0),3,115489,PBLCI,50,Q,2017-Q4,0.9,,,,
ABS:LCI(1.0.0),3,115489,PBLCI,50,Q,2018-Q1,0.6,,,,
ABS:LCI(1.0.0),3,115489,PBLCI,50,Q,2018-Q2,0.8,,,,
ABS:LCI(1.0.0),3,115489,PBLCI,50,Q,2018-Q3,1.1,,,,
ABS:LCI(1.0.0),3,115489,PBLCI,50,Q,2018-Q4,1.5,,,,
ABS:LCI(1.0.0),3,115489,PBLCI,50,Q,2019-Q1,1,,,,
ABS:LCI(1.0.0),3,115489,PBLCI,50,Q,2019-Q2,1.7,,,,
ABS:LCI(1.0.0),3,115489,PBLCI,50,Q,2019-Q3,1.8,,,,
ABS:LCI(1.0.0),3,115489,PBLCI,50,Q,2019-Q4,1.6,,,,
ABS:LCI(1.0.0),3,115489,PBLCI,50,Q,2020-Q1,1.5,,,,
ABS:LCI(1.0.0),3,115489,PBLCI,50,Q,2020-Q2,0.4,,,,
ABS:LCI(1.0.0),3,115489,PBLCI,50,Q,2020-Q3,-0.1,,,,
ABS:LCI(1.0.0),3,115489,PBLCI,50,Q,2020-Q4,0.2,,,,
ABS:LCI(1.0.0),3,115489,PBLCI,50,Q,2021-Q1,1.5,,,,
ABS:LCI(1.0.0),3,115489,PBLCI,50,Q,2021-Q2,2.1,,,,
ABS:LCI(1.0.0),3,115489,PBLCI,50,Q,2021-Q3,2.3,,,,
ABS:LCI(1.0.0),3,115489,PBLCI,50,Q,2021-Q4,2.1,,,,
ABS:LCI(1.0.0),3,115489,PBLCI,50,Q,2022-Q1,3.3,,,,
ABS:LCI(1.0.0),3,115489,PBLCI,50,Q,2022-Q2,4.9,,,,
ABS:LCI(1.0.0),3,115489,PBLCI,50,Q,2022-Q3,5.4,,,,
ABS:LCI(1.0.0),3,115489,PBLCI,50,Q,2022-Q4,9.4,,,,
ABS:LCI(1.0.0),3,115489,PBLCI,50,Q,2023-Q1,8.8,,,,
ABS:LCI(1.0.0),3,115489,PBLCI,50,Q,2023-Q2,6.9,,,,
ABS:LCI(1.0.0),3,115489,PBLCI,50,Q,2023-Q3,5.8,,,,
ABS:LCI(1.0.0),3,115489,PBLCI,50,Q,2023-Q4,1.2,,,,
ABS:LCI(1.0.0),3,115489,PBLCI,50,Q,2024-Q1,1,,,,
ABS:LCI(1.0.0),3,115489,PBLCI,50,Q,2024-Q2,1.3,,,,
ABS:LCI(1.0.0),3,115489,PBLCI,50,Q,2024-Q3,2.4,,,,
ABS:LCI(1.0.0),3,115489,PBLCI,50,Q,2024-Q4,3.3,,,,
ABS:LCI(1.0.0),3,115489,PBLCI,50,Q,2025-Q1,1.9,,,,
ABS:LCI(1.0.0),3,115489,PBLCI,50,Q,2025-Q2,2.1,,,,
ABS:LCI(1.0.0),3,115489,PBLCI,50,Q,2025-Q3,2.5,,,,
ABS:LCI(1.0.0),3,115489,PBLCI,50,Q,2025-Q4,3.7,,,,
ABS:LCI(1.0.0),3,115489,PBLCI,50,Q,2026-Q1,3.8,,,,
ABS:LCI(1.0.0),3,115489,PBLCI,50,Q,2026-Q2,3,,,,
ABS:LCI(1.0.0),3,115493,P3,50,Q,2008-Q2,4.1,,,,
ABS:LCI(1.0.0),3,115493,P3,50,Q,2008-Q3,4.7,,,,
ABS:LCI(1.0.0),3,115493,P3,50,Q,2008-Q4,4.7,,,,
ABS:LCI(1.0.0),3,115493,P3,50,Q,2009-Q1,5,,,,
ABS:LCI(1.0.0),3,115493,P3,50,Q,2009-Q2,5,,,,
ABS:LCI(1.0.0),3,115493,P3,50,Q,2009-Q3,5.6,,,,
ABS:LCI(1.0.0),3,115493,P3,50,Q,2009-Q4,5.6,,,,
ABS:LCI(1.0.0),3,115493,P3,50,Q,2010-Q1,5.4,,,,
ABS:LCI(1.0.0),3,115493,P3,50,Q,2010-Q2,5.4,,,,
ABS:LCI(1.0.0),3,115493,P3,50,Q,2010-Q3,5.5,,,,
ABS:LCI(1.0.0),3,115493,P3,50,Q,2010-Q4,5.4,,,,
ABS:LCI(1.0.0),3,115493,P3,50,Q,2011-Q1,5.5,,,,
ABS:LCI(1.0.0),3,115493,P3,50,Q,2011-Q2,5.5,,,,
ABS:LCI(1.0.0),3,115493,P3,50,Q,2011-Q3,5.5,,,,
ABS:LCI(1.0.0),3,115493,P3,50,Q,2011-Q4,5.5,,,,
ABS:LCI(1.0.0),3,115493,P3,50,Q,2012-Q1,6.5,,,,
ABS:LCI(1.0.0),3,115493,P3,50,Q,2012-Q2,6.5,,,,
ABS:LCI(1.0.0),3,115493,P3,50,Q,2012-Q3,6.5,,,,
ABS:LCI(1.0.0),3,115493,P3,50,Q,2012-Q4,6.5,,,,
ABS:LCI(1.0.0),3,115493,P3,50,Q,2013-Q1,5.6,,,,
ABS:LCI(1.0.0),3,115493,P3,50,Q,2013-Q2,5.3,,,,
ABS:LCI(1.0.0),3,115493,P3,50,Q,2013-Q3,5.2,,,,
ABS:LCI(1.0.0),3,115493,P3,50,Q,2013-Q4,5.2,,,,
ABS:LCI(1.0.0),3,115493,P3,50,Q,2014-Q1,5.2,,,,
ABS:LCI(1.0.0),3,115493,P3,50,Q,2014-Q2,5.5,,,,
ABS:LCI(1.0.0),3,115493,P3,50,Q,2014-Q3,5.6,,,,
ABS:LCI(1.0.0),3,115493,P3,50,Q,2014-Q4,5.6,,,,
ABS:LCI(1.0.0),3,115493,P3,50,Q,2015-Q1,5.4,,,,
ABS:LCI(1.0.0),3,115493,P3,50,Q,2015-Q2,5.4,,,,
ABS:LCI(1.0.0),3,115493,P3,50,Q,2015-Q3,5.5,,,,
ABS:LCI(1.0.0),3,115493,P3,50,Q,2015-Q4,5.4,,,,
ABS:LCI(1.0.0),3,115493,P3,50,Q,2016-Q1,4,,,,
ABS:LCI(1.0.0),3,115493,P3,50,Q,2016-Q2,4,,,,
ABS:LCI(1.0.0),3,115493,P3,50,Q,2016-Q3,4,,,,
ABS:LCI(1.0.0),3,115493,P3,50,Q,2016-Q4,4,,,,
ABS:LCI(1.0.0),3,115493,P3,50,Q,2017-Q1,3.4,,,,
ABS:LCI(1.0.0),3,115493,P3,50,Q,2017-Q2,3.4,,,,
ABS:LCI(1.0.0),3,115493,P3,50,Q,2017-Q3,3.3,,,,
ABS:LCI(1.0.0),3,115493,P3,50,Q,2017-Q4,3.3,,,,
ABS:LCI(1.0.0),3,115493,P3,50,Q,2018-Q1,3.1,,,,
ABS:LCI(1.0.0),3,115493,P3,50,Q,2018-Q2,3.2,,,,
ABS:LCI(1.0.0),3,115493,P3,50,Q,2018-Q3,2.7,,,,
ABS:LCI(1.0.0),3,115493,P3,50,Q,2018-Q4,2.7,,,,
ABS:LCI(1.0.0),3,115493,P3,50,Q,2019-Q1,2.7,,,,
ABS:LCI(1.0.0),3,115493,P3,50,Q,2019-Q2,2.7,,,,
ABS:LCI(1.0.0),3,115493,P3,50,Q,2019-Q3,3.2,,,,
ABS:LCI(1.0.0),3,115493,P3,50,Q,2019-Q4,3.2,,,,
ABS:LCI(1.0.0),3,115493,P3,50,Q,2020-Q1,3.1,,,,
ABS:LCI(1.0.0),3,115493,P3,50,Q,2020-Q2,-1.9,,,,
ABS:LCI(1.0.0),3,115493,P3,50,Q,2020-Q3,0.4,,,,
ABS:LCI(1.0.0),3,115493,P3,50,Q,2020-Q4,2,,,,
ABS:LCI(1.0.0),3,115493,P3,50,Q,2021-Q1,0.2,,,,
ABS:LCI(1.0.0),3,115493,P3,50,Q,2021-Q2,5.3,,,,
ABS:LCI(1.0.0),3,115493,P3,50,Q,2021-Q3,2.8,,,,
ABS:LCI(1.0.0),3,115493,P3,50,Q,2021-Q4,1.2,,,,
ABS:LCI(1.0.0),3,115493,P3,50,Q,2022-Q1,4.2,,,,
ABS:LCI(1.0.0),3,115493,P3,50,Q,2022-Q2,4.2,,,,
ABS:LCI(1.0.0),3,115493,P3,50,Q,2022-Q3,4.2,,,,
ABS:LCI(1.0.0),3,115493,P3,50,Q,2022-Q4,4.3,,,,
ABS:LCI(1.0.0),3,115493,P3,50,Q,2023-Q1,4.2,,,,
ABS:LCI(1.0.0),3,115493,P3,50,Q,2023-Q2,3.9,,,,
ABS:LCI(1.0.0),3,115493,P3,50,Q,2023-Q3,3.3,,,,
ABS:LCI(1.0.0),3,115493,P3,50,Q,2023-Q4,3.1,,,,
ABS:LCI(1.0.0),3,115493,P3,50,Q,2024-Q1,4.5,,,,
ABS:LCI(1.0.0),3,115493,P3,50,Q,2024-Q2,5,,,,
ABS:LCI(1.0.0),3,115493,P3,50,Q,2024-Q3,6.1,,,,
ABS:LCI(1.0.0),3,115493,P3,50,Q,2024-Q4,6.1,,,,
ABS:LCI(1.0.0),3,115493,P3,50,Q,2025-Q1,6.2,,,,
ABS:LCI(1.0.0),3,115493,P3,50,Q,2025-Q2,5.9,,,,
ABS:LCI(1.0.0),3,115493,P3,50,Q,2025-Q3,5.7,,,,
ABS:LCI(1.0.0),3,115493,P3,50,Q,2025-Q4,5.8,,,,
ABS:LCI(1.0.0),3,115493,P3,50,Q,2026-Q1,3.7,,,,
ABS:LCI(1.0.0),3,115493,P3,50,Q,2026-Q2,5.6,,,,
ABS:LCI(1.0.0),3,131278,P2,50,Q,1999-Q2,-0.1,,,,
ABS:LCI(1.0.0),3,131278,P2,50,Q,1999-Q3,0.2,,,,
ABS:LCI(1.0.0),3,131278,P2,50,Q,1999-Q4,1.1,,,,
ABS:LCI(1.0.0),3,131278,P2,50,Q,2000-Q1,8.7,,,,
ABS:LCI(1.0.0),3,131278,P2,50,Q,2000-Q2,10.4,,,,
ABS:LCI(1.0.0),3,131278,P2,50,Q,2000-Q3,26.4,,,,
ABS:LCI(1.0.0),3,131278,P2,50,Q,2000-Q4,29,,,,
ABS:LCI(1.0.0),3,131278,P2,50,Q,2001-Q1,23.2,,,,
ABS:LCI(1.0.0),3,131278,P2,50,Q,2001-Q2,7.8,,,,
ABS:LCI(1.0.0),3,131278,P2,50,Q,2001-Q3,-8.8,,,,
ABS:LCI(1.0.0),3,131278,P2,50,Q,2001-Q4,-15.4,,,,
ABS:LCI(1.0.0),3,131278,P2,50,Q,2002-Q1,-14.9,,,,
ABS:LCI(1.0.0),3,131278,P2,50,Q,2002-Q2,-7.2,,,,
ABS:LCI(1.0.0),3,131278,P2,50,Q,2002-Q3,3.5,,,,
ABS:LCI(1.0.0),3,131278,P2,50,Q,2002-Q4,10.4,,,,
ABS:LCI(1.0.0),3,131278,P2,50,Q,2003-Q1,10.9,,,,
ABS:LCI(1.0.0),3,131278,P2,50,Q,2003-Q2,17.7,,,,
ABS:LCI(1.0.0),3,131278,P2,50,Q,2003-Q3,10.6,,,,
ABS:LCI(1.0.0),3,131278,P2,50,Q,2003-Q4,11.3,,,,
ABS:LCI(1.0.0),3,131278,P2,50,Q,2004-Q1,18.4,,,,
ABS:LCI(1.0.0),3,131278,P2,50,Q,2004-Q2,20.1,,,,
ABS:LCI(1.0.0),3,131278,P2,50,Q,2004-Q3,19.9,,,,
ABS:LCI(1.0.0),3,131278,P2,50,Q,2004-Q4,18.9,,,,
ABS:LCI(1.0.0),3,131278,P2,50,Q,2005-Q1,11.5,,,,
ABS:LCI(1.0.0),3,131278,P2,50,Q,2005-Q2,13,,,,
ABS:LCI(1.0.0),3,131278,P2,50,Q,2005-Q3,12.4,,,,
ABS:LCI(1.0.0),3,131278,P2,50,Q,2005-Q4,9.8,,,,
ABS:LCI(1.0.0),3,131278,P2,50,Q,2006-Q1,11,,,,
ABS:LCI(1.0.0),3,131278,P2,50,Q,2006-Q2,8.1,,,,
ABS:LCI(1.0.0),3,131278,P2,50,Q,2006-Q3,11,,,,
ABS:LCI(1.0.0),3,131278,P2,50,Q,2006-Q4,16.4,,,,
ABS:LCI(1.0.0),3,131278,P2,50,Q,2007-Q1,16.7,,,,
ABS:LCI(1.0.0),3,131278,P2,50,Q,2007-Q2,16.6,,,,
ABS:LCI(1.0.0),3,131278,P2,50,Q,2007-Q3,16.4,,,,
ABS:LCI(1.0.0),3,131278,P2,50,Q,2007-Q4,13.8,,,,
ABS:LCI(1.0.0),3,131278,P2,50,Q,2008-Q1,18,,,,
ABS:LCI(1.0.0),3,131278,P2,50,Q,2008-Q2,25.3,,,,
ABS:LCI(1.0.0),3,131278,P2,50,Q,2008-Q3,22.7,,,,
ABS:LCI(1.0.0),3,131278,P2,50,Q,2008-Q4,15.5,,,,
ABS:LCI(1.0.0),3,131278,P2,50,Q,2009-Q1,-4.1,,,,
ABS:LCI(1.0.0),3,131278,P2,50,Q,2009-Q2,-31.9,,,,
ABS:LCI(1.0.0),3,131278,P2,50,Q,2009-Q3,-33.4,,,,
ABS:LCI(1.0.0),3,131278,P2,50,Q,2009-Q4,-28,,,,
ABS:LCI(1.0.0),3,131278,P2,50,Q,2010-Q1,-11.3,,,,
ABS:LCI(1.0.0),3,131278,P2,50,Q,2010-Q2,26,,,,
ABS:LCI(1.0.0),3,131278,P2,50,Q,2010-Q3,32.7,,,,
ABS:LCI(1.0.0),3,131278,P2,50,Q,2010-Q4,31,,,,
ABS:LCI(1.0.0),3,131278,P2,50,Q,2011-Q1,24.6,,,,
ABS:LCI(1.0.0),3,131278,P2,50,Q,2011-Q2,15.1,,,,
ABS:LCI(1.0.0),3,131278,P2,50,Q,2011-Q3,9.9,,,,
ABS:LCI(1.0.0),3,131278,P2,50,Q,2011-Q4,7.1,,,,
ABS:LCI(1.0.0),3,131278,P2,50,Q,2012-Q1,-1.7,,,,
ABS:LCI(1.0.0),3,131278,P2,50,Q,2012-Q2,-3.5,,,,
ABS:LCI(1.0.0),3,131278,P2,50,Q,2012-Q3,-10.1,,,,
ABS:LCI(1.0.0),3,131278,P2,50,Q,2012-Q4,-12.1,,,,
ABS:LCI(1.0.0),3,131278,P2,50,Q,2013-Q1,-12.1,,,,
ABS:LCI(1.0.0),3,131278,P2,50,Q,2013-Q2,-12.6,,,,
ABS:LCI(1.0.0),3,131278,P2,50,Q,2013-Q3,-10.2,,,,
ABS:LCI(1.0.0),3,131278,P2,50,Q,2013-Q4,-11.3,,,,
ABS:LCI(1.0.0),3,131278,P2,50,Q,2014-Q1,-6.5,,,,
ABS:LCI(1.0.0),3,131278,P2,50,Q,2014-Q2,-4.9,,,,
ABS:LCI(1.0.0),3,131278,P2,50,Q,2014-Q3,-0.8,,,,
ABS:LCI(1.0.0),3,131278,P2,50,Q,2014-Q4,3.3,,,,
ABS:LCI(1.0.0),3,131278,P2,50,Q,2015-Q1,2.1,,,,
ABS:LCI(1.0.0),3,131278,P2,50,Q,2015-Q2,-1.8,,,,
ABS:LCI(1.0.0),3,131278,P2,50,Q,2015-Q3,-4.3,,,,
ABS:LCI(1.0.0),3,131278,P2,50,Q,2015-Q4,-4.1,,,,
ABS:LCI(1.0.0),3,131278,P2,50,Q,2016-Q1,-1.4,,,,
ABS:LCI(1.0.0),3,131278,P2,50,Q,2016-Q2,1.5,,,,
ABS:LCI(1.0.0),3,131278,P2,50,Q,2016-Q3,-0.4,,,,
ABS:LCI(1.0.0),3,131278,P2,50,Q,2016-Q4,-4.2,,,,
ABS:LCI(1.0.0),3,131278,P2,50,Q,2017-Q1,-5.4,,,,
ABS:LCI(1.0.0),3,131278,P2,50,Q,2017-Q2,-4.9,,,,
ABS:LCI(1.0.0),3,131278,P2,50,Q,2017-Q3,1.1,,,,
ABS:LCI(1.0.0),3,131278,P2,50,Q,2017-Q4,4.5,,,,
ABS:LCI(1.0.0),3,131278,P2,50,Q,2018-Q1,3.2,,,,
ABS:LCI(1.0.0),3,131278,P2,50,Q,2018-Q2,3.3,,,,
ABS:LCI(1.0.0),3,131278,P2,50,Q,2018-Q3,1.5,,,,
ABS:LCI(1.0.0),3,131278,P2,50,Q,2018-Q4,2.3,,,,
ABS:LCI(1.0.0),3,131278,P2,50,Q,2019-Q1,2.2,,,,
ABS:LCI(1.0.0),3,131278,P2,50,Q,2019-Q2,1.9,,,,
ABS:LCI(1.0.0),3,131278,P2,50,Q,2019-Q3,-5.9,,,,
ABS:LCI(1.0.0),3,131278,P2,50,Q,2019-Q4,-11.7,,,,
ABS:LCI(1.0.0),3,131278,P2,50,Q,2020-Q1,-14.2,,,,
ABS:LCI(1.0.0),3,131278,P2,50,Q,2020-Q2,-18.5,,,,
ABS:LCI(1.0.0),3,131278,P2,50,Q,2020-Q3,-17.7,,,,
ABS:LCI(1.0.0),3,131278,P2,50,Q,2020-Q4,-15.3,,,,
ABS:LCI(1.0.0),3,131278,P2,50,Q,2021-Q1,-15.1,,,,
ABS:LCI(1.0.0),3,131278,P2,50,Q,2021-Q2,-12.7,,,,
ABS:LCI(1.0.0),3,131278,P2,50,Q,2021-Q3,-8.2,,,,
ABS:LCI(1.0.0),3,131278,P2,50,Q,2021-Q4,-7.7,,,,
ABS:LCI(1.0.0),3,131278,P2,50,Q,2022-Q1,-5.5,,,,
ABS:LCI(1.0.0),3,131278,P2,50,Q,2022-Q2,-0.8,,,,
ABS:LCI(1.0.0),3,131278,P2,50,Q,2022-Q3,25.3,,,,
ABS:LCI(1.0.0),3,131278,P2,50,Q,2022-Q4,61.6,,,,
ABS:LCI(1.0.0),3,131278,P2,50,Q,2023-Q1,79.3,,,,
ABS:LCI(1.0.0),3,131278,P2,50,Q,2023-Q2,92.1,,,,
ABS:LCI(1.0.0),3,131278,P2,50,Q,2023-Q3,69,,,,
ABS:LCI(1.0.0),3,131278,P2,50,Q,2023-Q4,40.5,,,,
ABS:LCI(1.0.0),3,131278,P2,50,Q,2024-Q1,35.5,,,,
ABS:LCI(1.0.0),3,131278,P2,50,Q,2024-Q2,26.6,,,,
ABS:LCI(1.0.0),3,131278,P2,50,Q,2024-Q3,19.1,,,,
ABS:LCI(1.0.0),3,131278,P2,50,Q,2024-Q4,15,,,,
ABS:LCI(1.0.0),3,131278,P2,50,Q,2025-Q1,9,,,,
ABS:LCI(1.0.0),3,131278,P2,50,Q,2025-Q2,4.7,,,,
ABS:LCI(1.0.0),3,131278,P2,50,Q,2025-Q3,-1.9,,,,
ABS:LCI(1.0.0),3,131278,P2,50,Q,2025-Q4,-6.2,,,,
ABS:LCI(1.0.0),3,131278,P2,50,Q,2026-Q1,-6.1,,,,
ABS:LCI(1.0.0),3,131278,P2,50,Q,2026-Q2,3,,,,
ABS:LCI(1.0.0),4,20006,P2,50,Q,2025-Q4,5.18,,,,
ABS:LCI(1.0.0),4,20006,P2,50,Q,2026-Q1,5.24,,,,
ABS:LCI(1.0.0),4,20006,P2,50,Q,2026-Q2,5.27,,,,
ABS:LCI(1.0.0),4,20003,P3,50,Q,2025-Q4,26.03,,,,
ABS:LCI(1.0.0),4,20003,P3,50,Q,2026-Q1,27.3,,,,
ABS:LCI(1.0.0),4,20003,P3,50,Q,2026-Q2,27.45,,,,
ABS:LCI(1.0.0),4,131278,PBLCI,50,Q,2025-Q4,2.99,,,,
ABS:LCI(1.0.0),4,131278,PBLCI,50,Q,2026-Q1,3.04,,,,
ABS:LCI(1.0.0),4,131278,PBLCI,50,Q,2026-Q2,3.29,,,,
ABS:LCI(1.0.0),5,20001,P1,50,Q,2025-Q4,0.07,,,,
ABS:LCI(1.0.0),5,20001,P1,50,Q,2026-Q1,0.17,,,,
ABS:LCI(1.0.0),5,20001,P1,50,Q,2026-Q2,0.18,,,,
ABS:LCI(1.0.0),5,20002,P1,50,Q,2025-Q4,-0.01,,,,
ABS:LCI(1.0.0),5,20002,P1,50,Q,2026-Q1,0.08,,,,
ABS:LCI(1.0.0),5,20002,P1,50,Q,2026-Q2,0.03,,,,
ABS:LCI(1.0.0),5,20005,P4,50,Q,2025-Q4,0.07,,,,
ABS:LCI(1.0.0),5,20005,P4,50,Q,2026-Q1,0.23,,,,
ABS:LCI(1.0.0),5,20005,P4,50,Q,2026-Q2,-0.05,,,,
ABS:LCI(1.0.0),5,115489,P2,50,Q,2025-Q4,0.29,,,,
ABS:LCI(1.0.0),5,115489,P2,50,Q,2026-Q1,-0.14,,,,
ABS:LCI(1.0.0),5,115489,P2,50,Q,2026-Q2,-0.03,,,,
ABS:LCI(1.0.0),5,131278,P4,50,Q,2025-Q4,-0.02,,,,
ABS:LCI(1.0.0),5,131278,P4,50,Q,2026-Q1,0.01,,,,
ABS:LCI(1.0.0),5,131278,P4,50,Q,2026-Q2,0.06,,,,
ABS:LCI(1.0.0),1,115528,P4,50,Q,2003-Q1,36.53,,,,
ABS:LCI(1.0.0),1,115528,P4,50,Q,2003-Q2,36.62,,,,
ABS:LCI(1.0.0),1,115528,P4,50,Q,2003-Q3,36.81,,,,
ABS:LCI(1.0.0),1,115528,P4,50,Q,2003-Q4,36.93,,,,
ABS:LCI(1.0.0),1,115528,P4,50,Q,2004-Q1,37.26,,,,
ABS:LCI(1.0.0),1,115528,P4,50,Q,2004-Q2,37.28,,,,
ABS:LCI(1.0.0),1,115528,P4,50,Q,2004-Q3,37.72,,,,
ABS:LCI(1.0.0),1,115528,P4,50,Q,2004-Q4,37.84,,,,
ABS:LCI(1.0.0),1,115528,P4,50,Q,2005-Q1,38.19,,,,
ABS:LCI(1.0.0),1,115528,P4,50,Q,2005-Q2,38.65,,,,
ABS:LCI(1.0.0),1,115528,P4,50,Q,2005-Q3,38.81,,,,
ABS:LCI(1.0.0),1,115528,P4,50,Q,2005-Q4,39.14,,,,
ABS:LCI(1.0.0),1,115528,P4,50,Q,2006-Q1,39.43,,,,
ABS:LCI(1.0.0),1,115528,P4,50,Q,2006-Q2,39.61,,,,
ABS:LCI(1.0.0),1,115528,P4,50,Q,2006-Q3,40.73,,,,
ABS:LCI(1.0.0),1,115528,P4,50,Q,2006-Q4,40.6,,,,
ABS:LCI(1.0.0),1,115528,P4,50,Q,2007-Q1,40.52,,,,
ABS:LCI(1.0.0),1,115528,P4,50,Q,2007-Q2,40.57,,,,
ABS:LCI(1.0.0),1,115528,P4,50,Q,2007-Q3,40.96,,,,
ABS:LCI(1.0.0),1,115528,P4,50,Q,2007-Q4,41.75,,,,
ABS:LCI(1.0.0),1,115528,P4,50,Q,2008-Q1,42.66,,,,
ABS:LCI(1.0.0),1,115528,P4,50,Q,2008-Q2,43.73,,,,
ABS:LCI(1.0.0),1,115528,P4,50,Q,2008-Q3,45.16,,,,
ABS:LCI(1.0.0),1,115528,P4,50,Q,2008-Q4,45.55,,,,
ABS:LCI(1.0.0),1,115528,P4,50,Q,2009-Q1,46.93,,,,
ABS:LCI(1.0.0),1,115528,P4,50,Q,2009-Q2,47.13,,,,
ABS:LCI(1.0.0),1,115528,P4,50,Q,2009-Q3,48.52,,,,
ABS:LCI(1.0.0),1,115528,P4,50,Q,2009-Q4,49.03,,,,
ABS:LCI(1.0.0),1,115528,P4,50,Q,2010-Q1,49.97,,,,
ABS:LCI(1.0.0),1,115528,P4,50,Q,2010-Q2,50.22,,,,
ABS:LCI(1.0.0),1,115528,P4,50,Q,2010-Q3,51.38,,,,
ABS:LCI(1.0.0),1,115528,P4,50,Q,2010-Q4,51.64,,,,
ABS:LCI(1.0.0),1,115528,P4,50,Q,2011-Q1,52.62,,,,
ABS:LCI(1.0.0),1,115528,P4,50,Q,2011-Q2,53.41,,,,
ABS:LCI(1.0.0),1,115528,P4,50,Q,2011-Q3,53.39,,,,
ABS:LCI(1.0.0),1,115528,P4,50,Q,2011-Q4,53.91,,,,
ABS:LCI(1.0.0),1,115528,P4,50,Q,2012-Q1,54.1,,,,
ABS:LCI(1.0.0),1,115528,P4,50,Q,2012-Q2,54.55,,,,
ABS:LCI(1.0.0),1,115528,P4,50,Q,2012-Q3,55.54,,,,
ABS:LCI(1.0.0),1,115528,P4,50,Q,2012-Q4,56.58,,,,
ABS:LCI(1.0.0),1,115528,P4,50,Q,2013-Q1,58.18,,,,
ABS:LCI(1.0.0),1,115528,P4,50,Q,2013-Q2,58.25,,,,
ABS:LCI(1.0.0),1,115528,P4,50,Q,2013-Q3,57.78,,,,
ABS:LCI(1.0.0),1,115528,P4,50,Q,2013-Q4,57.86,,,,
ABS:LCI(1.0.0),1,115528,P4,50,Q,2014-Q1,58.01,,,,
ABS:LCI(1.0.0),1,115528,P4,50,Q,2014-Q2,58.14,,,,
ABS:LCI(1.0.0),1,115528,P4,50,Q,2014-Q3,58.37,,,,
ABS:LCI(1.0.0),1,115528,P4,50,Q,2014-Q4,59.22,,,,
ABS:LCI(1.0.0),1,115528,P4,50,Q,2015-Q1,59.19,,,,
ABS:LCI(1.0.0),1,115528,P4,50,Q,2015-Q2,58.93,,,,
ABS:LCI(1.0.0),1,115528,P4,50,Q,2015-Q3,59.55,,,,
ABS:LCI(1.0.0),1,115528,P4,50,Q,2015-Q4,60.46,,,,
ABS:LCI(1.0.0),1,115528,P4,50,Q,2016-Q1,61.34,,,,
ABS:LCI(1.0.0),1,115528,P4,50,Q,2016-Q2,62.09,,,,
ABS:LCI(1.0.0),1,115528,P4,50,Q,2016-Q3,63.92,,,,
ABS:LCI(1.0.0),1,115528,P4,50,Q,2016-Q4,64.75,,,,
ABS:LCI(1.0.0),1,115528,P4,50,Q,2017-Q1,65.87,,,,
ABS:LCI(1.0.0),1,115528,P4,50,Q,2017-Q2,65.47,,,,
ABS:LCI(1.0.0),1,115528,P4,50,Q,2017-Q3,66.16,,,,
ABS:LCI(1.0.0),1,115528,P4,50,Q,2017-Q4,67.24,,,,
ABS:LCI(1.0.0),1,115528,P4,50,Q,2018-Q1,67.42,,,,
ABS:LCI(1.0.0),1,115528,P4,50,Q,2018-Q2,67.89,,,,
ABS:LCI(1.0.0),1,115528,P4,50,Q,2018-Q3,68.41,,,,
ABS:LCI(1.0.0),1,115528,P4,50,Q,2018-Q4,68.79,,,,
ABS:LCI(1.0.0),1,115528,P4,50,Q,2019-Q1,68.58,,,,
ABS:LCI(1.0.0),1,115528,P4,50,Q,2019-Q2,68.59,,,,
ABS:LCI(1.0.0),1,115528,P4,50,Q,2019-Q3,68.81,,,,
ABS:LCI(1.0.0),1,115528,P4,50,Q,2019-Q4,69.05,,,,
ABS:LCI(1.0.0),1,115528,P4,50,Q,2020-Q1,69.47,,,,
ABS:LCI(1.0.0),1,115528,P4,50,Q,2020-Q2,69.86,,,,
ABS:LCI(1.0.0),1,115528,P4,50,Q,2020-Q3,70.13,,,,
ABS:LCI(1.0.0),1,115528,P4,50,Q,2020-Q4,70.57,,,,
ABS:LCI(1.0.0),1,115528,P4,50,Q,2021-Q1,70.24,,,,
ABS:LCI(1.0.0),1,115528,P4,50,Q,2021-Q2,71.46,,,,
ABS:LCI(1.0.0),1,115528,P4,50,Q,2021-Q3,72.37,,,,
ABS:LCI(1.0.0),1,115528,P4,50,Q,2021-Q4,72.75,,,,
ABS:LCI(1.0.0),1,115528,P4,50,Q,2022-Q1,73.57,,,,
ABS:LCI(1.0.0),1,115528,P4,50,Q,2022-Q2,73.73,,,,
ABS:LCI(1.0.0),1,115528,P4,50,Q,2022-Q3,75.27,,,,
ABS:LCI(1.0.0),1,115528,P4,50,Q,2022-Q4,76.78,,,,
ABS:LCI(1.0.0),1,115528,P4,50,Q,2023-Q1,79.82,,,,
ABS:LCI(1.0.0),1,115528,P4,50,Q,2023-Q2,83.79,,,,
ABS:LCI(1.0.0),1,115528,P4,50,Q,2023-Q3,86,,,,
ABS:LCI(1.0.0),1,115528,P4,50,Q,2023-Q4,89.51,,,,
ABS:LCI(1.0.0),1,115528,P4,50,Q,2024-Q1,93.18,,,,
ABS:LCI(1.0.0),1,115528,P4,50,Q,2024-Q2,96.05,,,,
ABS:LCI(1.0.0),1,115528,P4,50,Q,2024-Q3,98.59,,,,
ABS:LCI(1.0.0),1,115528,P4,50,Q,2024-Q4,99.46,,,,
ABS:LCI(1.0.0),1,115528,P4,50,Q,2025-Q1,99.49,,,,
ABS:LCI(1.0.0),1,115528,P4,50,Q,2025-Q2,98.96,,,,
ABS:LCI(1.0.0),1,115528,P4,50,Q,2025-Q3,100,,,,
ABS:LCI(1.0.0),1,115528,P4,50,Q,2025-Q4,101,,,,
ABS:LCI(1.0.0),1,115528,P4,50,Q,2026-Q1,103.24,,,,
ABS:LCI(1.0.0),1,115528,P4,50,Q,2026-Q2,104.62,,,,
ABS:LCI(1.0.0),1,131279,P2,50,Q,1998-Q2,56.43,,,,
ABS:LCI(1.0.0),1,131279,P2,50,Q,1998-Q3,55.92,,,,
ABS:LCI(1.0.0),1,131279,P2,50,Q,1998-Q4,55.41,,,,
ABS:LCI(1.0.0),1,131279,P2,50,Q,1999-Q1,54.56,,,,
ABS:LCI(1.0.0),1,131279,P2,50,Q,1999-Q2,53.72,,,,
ABS:LCI(1.0.0),1,131279,P2,50,Q,1999-Q3,52.98,,,,
ABS:LCI(1.0.0),1,131279,P2,50,Q,1999-Q4,53.27,,,,
ABS:LCI(1.0.0),1,131279,P2,50,Q,2000-Q1,52.98,,,,
ABS:LCI(1.0.0),1,131279,P2,50,Q,2000-Q2,51.72,,,,
ABS:LCI(1.0.0),1,131279,P2,50,Q,2000-Q3,53.83,,,,
ABS:LCI(1.0.0),1,131279,P2,50,Q,2000-Q4,55.18,,,,
ABS:LCI(1.0.0),1,131279,P2,50,Q,2001-Q1,54.96,,,,
ABS:LCI(1.0.0),1,131279,P2,50,Q,2001-Q2,54.69,,,,
ABS:LCI(1.0.0),1,131279,P2,50,Q,2001-Q3,54.42,,,,
ABS:LCI(1.0.0),1,131279,P2,50,Q,2001-Q4,54.18,,,,
ABS:LCI(1.0.0),1,131279,P2,50,Q,2002-Q1,55.22,,,,
ABS:LCI(1.0.0),1,131279,P2,50,Q,2002-Q2,54.41,,,,
ABS:LCI(1.0.0),1,131279,P2,50,Q,2002-Q3,54.88,,,,
ABS:LCI(1.0.0),1,131279,P2,50,Q,2002-Q4,55.1,,,,
ABS:LCI(1.0.0),1,131279,P2,50,Q,2003-Q1,55.43,,,,
ABS:LCI(1.0.0),1,131279,P2,50,Q,2003-Q2,56.13,,,,
ABS:LCI(1.0.0),1,131279,P2,50,Q,2003-Q3,56.54,,,,
ABS:LCI(1.0.0),1,131279,P2,50,Q,2003-Q4,56.79,,,,
ABS:LCI(1.0.0),1,131279,P2,50,Q,2004-Q1,56.99,,,,
ABS:LCI(1.0.0),1,131279,P2,50,Q,2004-Q2,57.75,,,,
ABS:LCI(1.0.0),1,131279,P2,50,Q,2004-Q3,59.45,,,,
ABS:LCI(1.0.0),1,131279,P2,50,Q,2004-Q4,59.76,,,,
ABS:LCI(1.0.0),1,131279,P2,50,Q,2005-Q1,60.23,,,,
ABS:LCI(1.0.0),1,131279,P2,50,Q,2005-Q2,60.58,,,,
ABS:LCI(1.0.0),1,131279,P2,50,Q,2005-Q3,61.03,,,,
ABS:LCI(1.0.0),1,131279,P2,50,Q,2005-Q4,60.41,,,,
ABS:LCI(1.0.0),1,131279,P2,50,Q,2006-Q1,60.65,,,,
ABS:LCI(1.0.0),1,131279,P2,50,Q,2006-Q2,61.4,,,,
ABS:LCI(1.0.0),1,131279,P2,50,Q,2006-Q3,62.51,,,,
ABS:LCI(1.0.0),1,131279,P2,50,Q,2006-Q4,63.67,,,,
ABS:LCI(1.0.0),1,131279,P2,50,Q,2007-Q1,64.57,,,,
ABS:LCI(1.0.0),1,131279,P2,50,Q,2007-Q2,64.57,,,,
ABS:LCI(1.0.0),1,131279,P2,50,Q,2007-Q3,66.67,,,,
ABS:LCI(1.0.0),1,131279,P2,50,Q,2007-Q4,68.12,,,,
ABS:LCI(1.0.0),1,131279,P2,50,Q,2008-Q1,70.35,,,,
ABS:LCI(1.0.0),1,131279,P2,50,Q,2008-Q2,71.8,,,,
ABS:LCI(1.0.0),1,131279,P2,50,Q,2008-Q3,74.23,,,,
ABS:LCI(1.0.0),1,131279,P2,50,Q,2008-Q4,78.09,,,,
ABS:LCI(1.0.0),1,131279,P2,50,Q,2009-Q1,74.73,,,,
ABS:LCI(1.0.0),1,131279,P2,50,Q,2009-Q2,72.68,,,,
ABS:LCI(1.0.0),1,131279,P2,50,Q,2009-Q3,72.84,,,,
ABS:LCI(1.0.0),1,131279,P2,50,Q,2009-Q4,74.55,,,,
ABS:LCI(1.0.0),1,131279,P2,50,Q,2010-Q1,77.16,,,,
ABS:LCI(1.0.0),1,131279,P2,50,Q,2010-Q2,79.01,,,,
ABS:LCI(1.0.0),1,131279,P2,50,Q,2010-Q3,80.75,,,,
ABS:LCI(1.0.0),1,131279,P2,50,Q,2010-Q4,82.77,,,,
ABS:LCI(1.0.0),1,131279,P2,50,Q,2011-Q1,84.21,,,,
ABS:LCI(1.0.0),1,131279,P2,50,Q,2011-Q2,84.8,,,,
ABS:LCI(1.0.0),1,131279,P2,50,Q,2011-Q3,86.89,,,,
ABS:LCI(1.0.0),1,131279,P2,50,Q,2011-Q4,87.24,,,,
ABS:LCI(1.0.0),1,131279,P2,50,Q,2012-Q1,86.45,,,,
ABS:LCI(1.0.0),1,131279,P2,50,Q,2012-Q2,86.49,,,,
ABS:LCI(1.0.0),1,131279,P2,50,Q,2012-Q3,85.79,,,,
ABS:LCI(1.0.0),1,131279,P2,50,Q,2012-Q4,85.62,,,,
ABS:LCI(1.0.0),1,131279,P2,50,Q,2013-Q1,85.5,,,,
ABS:LCI(1.0.0),1,131279,P2,50,Q,2013-Q2,84.18,,,,
ABS:LCI(1.0.0),1,131279,P2,50,Q,2013-Q3,84.89,,,,
ABS:LCI(1.0.0),1,131279,P2,50,Q,2013-Q4,84.56,,,,
ABS:LCI(1.0.0),1,131279,P2,50,Q,2014-Q1,85.32,,,,
ABS:LCI(1.0.0),1,131279,P2,50,Q,2014-Q2,84.23,,,,
ABS:LCI(1.0.0),1,131279,P2,50,Q,2014-Q3,85,,,,
ABS:LCI(1.0.0),1,131279,P2,50,Q,2014-Q4,84.37,,,,
ABS:LCI(1.0.0),1,131279,P2,50,Q,2015-Q1,84.79,,,,
ABS:LCI(1.0.0),1,131279,P2,50,Q,2015-Q2,83.75,,,,
ABS:LCI(1.0.0),1,131279,P2,50,Q,2015-Q3,84.26,,,,
ABS:LCI(1.0.0),1,131279,P2,50,Q,2015-Q4,84.01,,,,
ABS:LCI(1.0.0),1,131279,P2,50,Q,2016-Q1,84.61,,,,
ABS:LCI(1.0.0),1,131279,P2,50,Q,2016-Q2,84.78,,,,
ABS:LCI(1.0.0),1,131279,P2,50,Q,2016-Q3,85.3,,,,
ABS:LCI(1.0.0),1,131279,P2,50,Q,2016-Q4,84.81,,,,
ABS:LCI(1.0.0),1,131279,P2,50,Q,2017-Q1,84.56,,,,
ABS:LCI(1.0.0),1,131279,P2,50,Q,2017-Q2,84.9,,,,
ABS:LCI(1.0.0),1,131279,P2,50,Q,2017-Q3,85.9,,,,
ABS:LCI(1.0.0),1,131279,P2,50,Q,2017-Q4,85.98,,,,
ABS:LCI(1.0.0),1,131279,P2,50,Q,2018-Q1,87.03,,,,
ABS:LCI(1.0.0),1,131279,P2,50,Q,2018-Q2,86.73,,,,
ABS:LCI(1.0.0),1,131279,P2,50,Q,2018-Q3,87.38,,,,
ABS:LCI(1.0.0),1,131279,P2,50,Q,2018-Q4,87.32,,,,
ABS:LCI(1.0.0),1,131279,P2,50,Q,2019-Q1,86.7,,,,
ABS:LCI(1.0.0),1,131279,P2,50,Q,2019-Q2,86.69,,,,
ABS:LCI(1.0.0),1,131279,P2,50,Q,2019-Q3,87.61,,,,
ABS:LCI(1.0.0),1,131279,P2,50,Q,2019-Q4,87.17,,,,
ABS:LCI(1.0.0),1,131279,P2,50,Q,2020-Q1,87.02,,,,
ABS:LCI(1.0.0),1,131279,P2,50,Q,2020-Q2,88.56,,,,
ABS:LCI(1.0.0),1,131279,P2,50,Q,2020-Q3,85.18,,,,
ABS:LCI(1.0.0),1,131279,P2,50,Q,2020-Q4,82.75,,,,
ABS:LCI(1.0.0),1,131279,P2,50,Q,2021-Q1,82.04,,,,
ABS:LCI(1.0.0),1,131279,P2,50,Q,2021-Q2,80.72,,,,
ABS:LCI(1.0.0),1,131279,P2,50,Q,2021-Q3,81.6,,,,
ABS:LCI(1.0.0),1,131279,P2,50,Q,2021-Q4,79.5,,,,
ABS:LCI(1.0.0),1,131279,P2,50,Q,2022-Q1,78.39,,,,
ABS:LCI(1.0.0),1,131279,P2,50,Q,2022-Q2,77.69,,,,
ABS:LCI(1.0.0),1,131279,P2,50,Q,2022-Q3,78.47,,,,
ABS:LCI(1.0.0),1,131279,P2,50,Q,2022-Q4,79.95,,,,
ABS:LCI(1.0.0),1,131279,P2,50,Q,2023-Q1,82.31,,,,
ABS:LCI(1.0.0),1,131279,P2,50,Q,2023-Q2,83.54,,,,
ABS:LCI(1.0.0),1,131279,P2,50,Q,2023-Q3,86.4,,,,
ABS:LCI(1.0.0),1,131279,P2,50,Q,2023-Q4,88.89,,,,
ABS:LCI(1.0.0),1,131279,P2,50,Q,2024-Q1,90.98,,,,
ABS:LCI(1.0.0),1,131279,P2,50,Q,2024-Q2,92.91,,,,
ABS:LCI(1.0.0),1,131279,P2,50,Q,2024-Q3,95.83,,,,
ABS:LCI(1.0.0),1,131279,P2,50,Q,2024-Q4,96.06,,,,
ABS:LCI(1.0.0),1,131279,P2,50,Q,2025-Q1,98.49,,,,
ABS:LCI(1.0.0),1,131279,P2,50,Q,2025-Q2,99.66,,,,
ABS:LCI(1.0.0),1,131279,P2,50,Q,2025-Q3,100,,,,
ABS:LCI(1.0.0),1,131279,P2,50,Q,2025-Q4,99.48,,,,
ABS:LCI(1.0.0),1,131279,P2,50,Q,2026-Q1,100.87,,,,
ABS:LCI(1.0.0),1,131279,P2,50,Q,2026-Q2,102.03,,,,
ABS:LCI(1.0.0),2,20003,P1,50,Q,2007-Q3,2.8,,,,
ABS:LCI(1.0.0),2,20003,P1,50,Q,2007-Q4,0.9,,,,
ABS:LCI(1.0.0),2,20003,P1,50,Q,2008-Q1,1.7,,,,
ABS:LCI(1.0.0),2,20003,P1,50,Q,2008-Q2,1.3,,,,
ABS:LCI(1.0.0),2,20003,P1,50,Q,2008-Q3,3.6,,,,
ABS:LCI(1.0.0),2,20003,P1,50,Q,2008-Q4,1,,,,
ABS:LCI(1.0.0),2,20003,P1,50,Q,2009-Q1,1.5,,,,
ABS:LCI(1.0.0),2,20003,P1,50,Q,2009-Q2,1,,,,
ABS:LCI(1.0.0),2,20003,P1,50,Q,2009-Q3,4.3,,,,
ABS:LCI(1.0.0),2,20003,P1,50,Q,2009-Q4,0.6,,,,
ABS:LCI(1.0.0),2,20003,P1,50,Q,2010-Q1,1.3,,,,
ABS:LCI(1.0.0),2,20003,P1,50,Q,2010-Q2,0.7,,,,
ABS:LCI(1.0.0),2,20003,P1,50,Q,2010-Q3,3.5,,,,
ABS:LCI(1.0.0),2,20003,P1,50,Q,2010-Q4,0.4,,,,
ABS:LCI(1.0.0),2,20003,P1,50,Q,2011-Q1,1.3,,,,
ABS:LCI(1.0.0),2,20003,P1,50,Q,2011-Q2,0.5,,,,
ABS:LCI(1.0.0),2,20003,P1,50,Q,2011-Q3,2.9,,,,
ABS:LCI(1.0.0),2,20003,P1,50,Q,2011-Q4,0.5,,,,
ABS:LCI(1.0.0),2,20003,P1,50,Q,2012-Q1,0.9,,,,
ABS:LCI(1.0.0),2,20003,P1,50,Q,2012-Q2,0.7,,,,
ABS:LCI(1.0.0),2,20003,P1,50,Q,2012-Q3,4.3,,,,
ABS:LCI(1.0.0),2,20003,P1,50,Q,2012-Q4,0.3,,,,
ABS:LCI(1.0.0),2,20003,P1,50,Q,2013-Q1,0.8,,,,
ABS:LCI(1.0.0),2,20003,P1,50,Q,2013-Q2,0.5,,,,
ABS:LCI(1.0.0),2,20003,P1,50,Q,2013-Q3,2.7,,,,
ABS:LCI(1.0.0),2,20003,P1,50,Q,2013-Q4,0.2,,,,
ABS:LCI(1.0.0),2,20003,P1,50,Q,2014-Q1,0.7,,,,
ABS:LCI(1.0.0),2,20003,P1,50,Q,2014-Q2,0.3,,,,
ABS:LCI(1.0.0),2,20003,P1,50,Q,2014-Q3,0.4,,,,
ABS:LCI(1.0.0),2,20003,P1,50,Q,2014-Q4,0.2,,,,
ABS:LCI(1.0.0),2,20003,P1,50,Q,2015-Q1,0.5,,,,
ABS:LCI(1.0.0),2,20003,P1,50,Q,2015-Q2,0.3,,,,
ABS:LCI(1.0.0),2,20003,P1,50,Q,2015-Q3,0.6,,,,
ABS:LCI(1.0.0),2,20003,P1,50,Q,2015-Q4,0,,,,
ABS:LCI(1.0.0),2,20003,P1,50,Q,2016-Q1,0.1,,,,
ABS:LCI(1.0.0),2,20003,P1,50,Q,2016-Q2,0.1,,,,
ABS:LCI(1.0.0),2,20003,P1,50,Q,2016-Q3,1.3,,,,
ABS:LCI(1.0.0),2,20003,P1,50,Q,2016-Q4,0,,,,
ABS:LCI(1.0.0),2,20003,P1,50,Q,2017-Q1,0.6,,,,
ABS:LCI(1.0.0),2,20003,P1,50,Q,2017-Q2,0.1,,,,
ABS:LCI(1.0.0),2,20003,P1,50,Q,2017-Q3,2.3,,,,
ABS:LCI(1.0.0),2,20003,P1,50,Q,2017-Q4,0.2,,,,
ABS:LCI(1.0.0),2,20003,P1,50,Q,2018-Q1,0.6,,,,
ABS:LCI(1.0.0),2,20003,P1,50,Q,2018-Q2,-0.2,,,,
ABS:LCI(1.0.0),2,20003,P1,50,Q,2018-Q3,0.6,,,,
ABS:LCI(1.0.0),2,20003,P1,50,Q,2018-Q4,0.2,,,,
ABS:LCI(1.0.0),2,20003,P1,50,Q,2019-Q1,0.1,,,,
ABS:LCI(1.0.0),2,20003,P1,50,Q,2019-Q2,-0.1,,,,
ABS:LCI(1.0.0),2,20003,P1,50,Q,2019-Q3,0.5,,,,
ABS:LCI(1.0.0),2,20003,P1,50,Q,2019-Q4,-0.1,,,,
ABS:LCI(1.0.0),2,20003,P1,50,Q,2020-Q1,0.3,,,,
ABS:LCI(1.0.0),2,20003,P1,50,Q,2020-Q2,-0.9,,,,
ABS:LCI(1.0.0),2,20003,P1,50,Q,2020-Q3,-0.4,,,,
ABS:LCI(1.0.0),2,20003,P1,50,Q,2020-Q4,-1.4,,,,
ABS:LCI(1.0.0),2,20003,P1,50,Q,2021-Q1,0.3,,,,
ABS:LCI(1.0.0),2,20003,P1,50,Q,2021-Q2,0.7,,,,
ABS:LCI(1.0.0),2,20003,P1,50,Q,2021-Q3,0.8,,,,
ABS:LCI(1.0.0),2,20003,P1,50,Q,2021-Q4,0.4,,,,
ABS:LCI(1.0.0),2,20003,P1,50,Q,2022-Q1,0.6,,,,
ABS:LCI(1.0.0),2,20003,P1,50,Q,2022-Q2,0.5,,,,
ABS:LCI(1.0.0),2,20003,P1,50,Q,2022-Q3,2.4,,,,
ABS:LCI(1.0.0),2,20003,P1,50,Q,2022-Q4,2.1,,,,
ABS:LCI(1.0.0),2,20003,P1,50,Q,2023-Q1,2,,,,
ABS:LCI(1.0.0),2,20003,P1,50,Q,2023-Q2,1,,,,
ABS:LCI(1.0.0),2,20003,P1,50,Q,2023-Q3,3.7,,,,
ABS:LCI(1.0.0),2,20003,P1,50,Q,2023-Q4,1.3,,,,
ABS:LCI(1.0.0),2,20003,P1,50,Q,2024-Q1,0.7,,,,
ABS:LCI(1.0.0),2,20003,P1,50,Q,2024-Q2,1.3,,,,
ABS:LCI(1.0.0),2,20003,P1,50,Q,2024-Q3,-1.1,,,,
ABS:LCI(1.0.0),2,20003,P1,50,Q,2024-Q4,-0.5,,,,
ABS:LCI(1.0.0),2,20003,P1,50,Q,2025-Q1,2.8,,,,
ABS:LCI(1.0.0),2,20003,P1,50,Q,2025-Q2,1.7,,,,
ABS:LCI(1.0.0),2,20003,P1,50,Q,2025-Q3,2.9,,,,
ABS:LCI(1.0.0),2,20003,P1,50,Q,2025-Q4,0,,,,
ABS:LCI(1.0.0),2,20003,P1,50,Q,2026-Q1,3.5,,,,
ABS:LCI(1.0.0),2,20003,P1,50,Q,2026-Q2,0.7,,,,
ABS:LCI(1.0.0),2,20005,P3,50,Q,2007-Q3,-1.2,,,,
ABS:LCI(1.0.0),2,20005,P3,50,Q,2007-Q4,3.3,,,,
ABS:LCI(1.0.0),2,20005,P3,50,Q,2008-Q1,2.8,,,,
ABS:LCI(1.0.0),2,20005,P3,50,Q,2008-Q2,4.3,,,,
ABS:LCI(1.0.0),2,20005,P3,50,Q,2008-Q3,1.4,,,,
ABS:LCI(1.0.0),2,20005,P3,50,Q,2008-Q4,-9.1,,,,
ABS:LCI(1.0.0),2,20005,P3,50,Q,2009-Q1,-2.8,,,,
ABS:LCI(1.0.0),2,20005,P3,50,Q,2009-Q2,1.9,,,,
ABS:LCI(1.0.0),2,20005,P3,50,Q,2009-Q3,2.8,,,,
ABS:LCI(1.0.0),2,20005,P3,50,Q,2009-Q4,-1.1,,,,
ABS:LCI(1.0.0),2,20005,P3,50,Q,2010-Q1,1.9,,,,
ABS:LCI(1.0.0),2,20005,P3,50,Q,2010-Q2,1.1,,,,
ABS:LCI(1.0.0),2,20005,P3,50,Q,2010-Q3,-1.1,,,,
ABS:LCI(1.0.0),2,20005,P3,50,Q,2010-Q4,0.7,,,,
ABS:LCI(1.0.0),2,20005,P3,50,Q,2011-Q1,3.8,,,,
ABS:LCI(1.0.0),2,20005,P3,50,Q,2011-Q2,1.8,,,,
ABS:LCI(1.0.0),2,20005,P3,50,Q,2011-Q3,-0.1,,,,
ABS:LCI(1.0.0),2,20005,P3,50,Q,2011-Q4,0.1,,,,
ABS:LCI(1.0.0),2,20005,P3,50,Q,2012-Q1,1.2,,,,
ABS:LCI(1.0.0),2,20005,P3,50,Q,2012-Q2,0.9,,,,
ABS:LCI(1.0.0),2,20005,P3,50,Q,2012-Q3,-1.2,,,,
ABS:LCI(1.0.0),2,20005,P3,50,Q,2012-Q4,0.9,,,,
ABS:LCI(1.0.0),2,20005,P3,50,Q,2013-Q1,0.6,,,,
ABS:LCI(1.0.0),2,20005,P3,50,Q,2013-Q2,-1.1,,,,
ABS:LCI(1.0.0),2,20005,P3,50,Q,2013-Q3,3,,,,
ABS:LCI(1.0.0),2,20005,P3,50,Q,2013-Q4,-0.3,,,,
ABS:LCI(1.0.0),2,20005,P3,50,Q,2014-Q1,1.5,,,,
ABS:LCI(1.0.0),2,20005,P3,50,Q,2014-Q2,-0.9,,,,
ABS:LCI(1.0.0),2,20005,P3,50,Q,2014-Q3,-0.4,,,,
ABS:LCI(1.0.0),2,20005,P3,50,Q,2014-Q4,-2.8,,,,
ABS:LCI(1.0.0),2,20005,P3,50,Q,2015-Q1,-4.3,,,,
ABS:LCI(1.0.0),2,20005,P3,50,Q,2015-Q2,4.2,,,,
ABS:LCI(1.0.0),2,20005,P3,50,Q,2015-Q3,0,,,,
ABS:LCI(1.0.0),2,20005,P3,50,Q,2015-Q4,-1.8,,,,
ABS:LCI(1.0.0),2,20005,P3,50,Q,2016-Q1,-3.3,,,,
ABS:LCI(1.0.0),2,20005,P3,50,Q,2016-Q2,1.5,,,,
ABS:LCI(1.0.0),2,20005,P3,50,Q,2016-Q3,-0.8,,,,
ABS:LCI(1.0.0),2,20005,P3,50,Q,2016-Q4,2.2,,,,
ABS:LCI(1.0.0),2,20005,P3,50,Q,2017-Q1,2,,,,
ABS:LCI(1.0.0),2,20005,P3,50,Q,2017-Q2,-0.8,,,,
ABS:LCI(1.0.0),2,20005,P3,50,Q,2017-Q3,-0.3,,,,
ABS:LCI(1.0.0),2,20005,P3,50,Q,2017-Q4,3.6,,,,
ABS:LCI(1.0.0),2,20005,P3,50,Q,2018-Q1,1,,,,
ABS:LCI(1.0.0),2,20005,P3,50,Q,2018-Q2,2.4,,,,
ABS:LCI(1.0.0),2,20005,P3,50,Q,2018-Q3,0.8,,,,
ABS:LCI(1.0.0),2,20005,P3,50,Q,2018-Q4,-0.8,,,,
ABS:LCI(1.0.0),2,20005,P3,50,Q,2019-Q1,-2.9,,,,
ABS:LCI(1.0.0),2,20005,P3,50,Q,2019-Q2,4.4,,,,
ABS:LCI(1.0.0),2,20005,P3,50,Q,2019-Q3,-0.4,,,,
ABS:LCI(1.0.0),2,20005,P3,50,Q,2019-Q4,1.9,,,,
ABS:LCI(1.0.0),2,20005,P3,50,Q,2020-Q1,-2.7,,,,
ABS:LCI(1.0.0),2,20005,P3,50,Q,2020-Q2,-9.1,,,,
ABS:LCI(1.0.0),2,20005,P3,50,Q,2020-Q3,4.5,,,,
ABS:LCI(1.0.0),2,20005,P3,50,Q,2020-Q4,0.6,,,,
ABS:LCI(1.0.0),2,20005,P3,50,Q,2021-Q1,4.2,,,,
ABS:LCI(1.0.0),2,20005,P3,50,Q,2021-Q2,3.3,,,,
ABS:LCI(1.0.0),2,20005,P3,50,Q,2021-Q3,3.8,,,,
ABS:LCI(1.0.0),2,20005,P3,50,Q,2021-Q4,3.5,,,,
ABS:LCI(1.0.0),2,20005,P3,50,Q,2022-Q1,5.5,,,,
ABS:LCI(1.0.0),2,20005,P3,50,Q,2022-Q2,2.7,,,,
ABS:LCI(1.0.0),2,20005,P3,50,Q,2022-Q3,-1.2,,,,
ABS:LCI(1.0.0),2,20005,P3,50,Q,2022-Q4,1.9,,,,
ABS:LCI(1.0.0),2,20005,P3,50,Q,2023-Q1,0.4,,,,
ABS:LCI(1.0.0),2,20005,P3,50,Q,2023-Q2,-0.1,,,,
ABS:LCI(1.0.0),2,20005,P3,50,Q,2023-Q3,3.9,,,,
ABS:LCI(1.0.0),2,20005,P3,50,Q,2023-Q4,-0.3,,,,
ABS:LCI(1.0.0),2,20005,P3,50,Q,2024-Q1,0.2,,,,
ABS:LCI(1.0.0),2,20005,P3,50,Q,2024-Q2,1,,,,
ABS:LCI(1.0.0),2,20005,P3,50,Q,2024-Q3,-3,,,,
ABS:LCI(1.0.0),2,20005,P3,50,Q,2024-Q4,-0.9,,,,
ABS:LCI(1.0.0),2,20005,P3,50,Q,2025-Q1,1,,,,
ABS:LCI(1.0.0),2,20005,P3,50,Q,2025-Q2,-1,,,,
ABS:LCI(1.0.0),2,20005,P3,50,Q,2025-Q3,1.2,,,,
ABS:LCI(1.0.0),2,20005,P3,50,Q,2025-Q4,0.6,,,,
ABS:LCI(1.0.0),2,20005,P3,50,Q,2026-Q1,2.3,,,,
ABS:LCI(1.0.0),2,20005,P3,50,Q,2026-Q2,-0.8,,,,
ABS:LCI(1.0.0),2,115493,PBLCI,50,Q,2007-Q3,-1.1,,,,
ABS:LCI(1.0.0),2,115493,PBLCI,50,Q,2007-Q4,0.1,,,,
ABS:LCI(1.0.0),2,115493,PBLCI,50,Q,2008-Q1,5.2,,,,
ABS:LCI(1.0.0),2,115493,PBLCI,50,Q,2008-Q2,0,,,,
ABS:LCI(1.0.0),2,115493,PBLCI,50,Q,2008-Q3,-0.5,,,,
ABS:LCI(1.0.0),2,115493,PBLCI,50,Q,2008-Q4,0,,,,
ABS:LCI(1.0.0),2,115493,PBLCI,50,Q,2009-Q1,5.5,,,,
ABS:LCI(1.0.0),2,115493,PBLCI,50,Q,2009-Q2,0,,,,
ABS:LCI(1.0.0),2,115493,PBLCI,50,Q,2009-Q3,0,,,,
ABS:LCI(1.0.0),2,115493,PBLCI,50,Q,2009-Q4,0.1,,,,
ABS:LCI(1.0.0),2,115493,PBLCI,50,Q,2010-Q1,5.3,,,,
ABS:LCI(1.0.0),2,115493,PBLCI,50,Q,2010-Q2,0,,,,
ABS:LCI(1.0.0),2,115493,PBLCI,50,Q,2010-Q3,0.1,,,,
ABS:LCI(1.0.0),2,115493,PBLCI,50,Q,2010-Q4,0,,,,
ABS:LCI(1.0.0),2,115493,PBLCI,50,Q,2011-Q1,5.4,,,,
ABS:LCI(1.0.0),2,115493,PBLCI,50,Q,2011-Q2,0,,,,
ABS:LCI(1.0.0),2,115493,PBLCI,50,Q,2011-Q3,0.1,,,,
ABS:LCI(1.0.0),2,115493,PBLCI,50,Q,2011-Q4,0.1,,,,
ABS:LCI(1.0.0),2,115493,PBLCI,50,Q,2012-Q1,6.3,,,,
ABS:LCI(1.0.0),2,115493,PBLCI,50,Q,2012-Q2,0,,,,
ABS:LCI(1.0.0),2,115493,PBLCI,50,Q,2012-Q3,0.1,,,,
ABS:LCI(1.0.0),2,115493,PBLCI,50,Q,2012-Q4,0,,,,
ABS:LCI(1.0.0),2,115493,PBLCI,50,Q,2013-Q1,5.4,,,,
ABS:LCI(1.0.0),2,115493,PBLCI,50,Q,2013-Q2,-0.2,,,,
ABS:LCI(1.0.0),2,115493,PBLCI,50,Q,2013-Q3,0.1,,,,
ABS:LCI(1.0.0),2,115493,PBLCI,50,Q,2013-Q4,0,,,,
ABS:LCI(1.0.0),2,115493,PBLCI,50,Q,2014-Q1,5.4,,,,
ABS:LCI(1.0.0),2,115493,PBLCI,50,Q,2014-Q2,0,,,,
ABS:LCI(1.0.0),2,115493,PBLCI,50,Q,2014-Q3,0.1,,,,
ABS:LCI(1.0.0),2,115493,PBLCI,50,Q,2014-Q4,0.1,,,,
ABS:LCI(1.0.0),2,115493,PBLCI,50,Q,2015-Q1,5.2,,,,
ABS:LCI(1.0.0),2,115493,PBLCI,50,Q,2015-Q2,0,,,,
ABS:LCI(1.0.0),2,115493,PBLCI,50,Q,2015-Q3,0.2,,,,
ABS:LCI(1.0.0),2,115493,PBLCI,50,Q,2015-Q4,0,,,,
ABS:LCI(1.0.0),2,115493,PBLCI,50,Q,2016-Q1,3.8,,,,
ABS:LCI(1.0.0),2,115493,PBLCI,50,Q,2016-Q2,0,,,,
ABS:LCI(1.0.0),2,115493,PBLCI,50,Q,2016-Q3,0.2,,,,
ABS:LCI(1.0.0),2,115493,PBLCI,50,Q,2016-Q4,0,,,,
ABS:LCI(1.0.0),2,115493,PBLCI,50,Q,2017-Q1,3.3,,,,
ABS:LCI(1.0.0),2,115493,PBLCI,50,Q,2017-Q2,0,,,,
ABS:LCI(1.0.0),2,115493,PBLCI,50,Q,2017-Q3,0,,,,
ABS:LCI(1.0.0),2,115493,PBLCI,50,Q,2017-Q4,0.1,,,,
ABS:LCI(1.0.0),2,115493,PBLCI,50,Q,2018-Q1,2.9,,,,
ABS:LCI(1.0.0),2,115493,PBLCI,50,Q,2018-Q2,0.1,,,,
ABS:LCI(1.0.0),2,115493,PBLCI,50,Q,2018-Q3,-0.3,,,,
ABS:LCI(1.0.0),2,115493,PBLCI,50,Q,2018-Q4,0,,,,
ABS:LCI(1.0.0),2,115493,PBLCI,50,Q,2019-Q1,2.9,,,,
ABS:LCI(1.0.0),2,115493,PBLCI,50,Q,2019-Q2,0,,,,
ABS:LCI(1.0.0),2,115493,PBLCI,50,Q,2019-Q3,0.1,,,,
ABS:LCI(1.0.0),2,115493,PBLCI,50,Q,2019-Q4,0,,,,
ABS:LCI(1.0.0),2,115493,PBLCI,50,Q,2020-Q1,2.8,,,,
ABS:LCI(1.0.0),2,115493,PBLCI,50,Q,2020-Q2,-4.6,,,,
ABS:LCI(1.0.0),2,115493,PBLCI,50,Q,2020-Q3,2.4,,,,
ABS:LCI(1.0.0),2,115493,PBLCI,50,Q,2020-Q4,1.5,,,,
ABS:LCI(1.0.0),2,115493,PBLCI,50,Q,2021-Q1,1,,,,
ABS:LCI(1.0.0),2,115493,PBLCI,50,Q,2021-Q2,0,,,,
ABS:LCI(1.0.0),2,115493,PBLCI,50,Q,2021-Q3,0.1,,,,
ABS:LCI(1.0.0),2,115493,PBLCI,50,Q,2021-Q4,0,,,,
ABS:LCI(1.0.0),2,115493,PBLCI,50,Q,2022-Q1,4.2,,,,
ABS:LCI(1.0.0),2,115493,PBLCI,50,Q,2022-Q2,0,,,,
ABS:LCI(1.0.0),2,115493,PBLCI,50,Q,2022-Q3,0,,,,
ABS:LCI(1.0.0),2,115493,PBLCI,50,Q,2022-Q4,0.1,,,,
ABS:LCI(1.0.0),2,115493,PBLCI,50,Q,2023-Q1,4.2,,,,
ABS:LCI(1.0.0),2,115493,PBLCI,50,Q,2023-Q2,-0.3,,,,
ABS:LCI(1.0.0),2,115493,PBLCI,50,Q,2023-Q3,-0.6,,,,
ABS:LCI(1.0.0),2,115493,PBLCI,50,Q,2023-Q4,-0.1,,,,
ABS:LCI(1.0.0),2,115493,PBLCI,50,Q,2024-Q1,5.5,,,,
ABS:LCI(1.0.0),2,115493,PBLCI,50,Q,2024-Q2,0.2,,,,
ABS:LCI(1.0.0),2,115493,PBLCI,50,Q,2024-Q3,0.4,,,,
ABS:LCI(1.0.0),2,115493,PBLCI,50,Q,2024-Q4,0,,,,
ABS:LCI(1.0.0),2,115493,PBLCI,50,Q,2025-Q1,5.6,,,,
ABS:LCI(1.0.0),2,115493,PBLCI,50,Q,2025-Q2,0,,,,
ABS:LCI(1.0.0),2,115493,PBLCI,50,Q,2025-Q3,0.1,,,,
ABS:LCI(1.0.0),2,115493,PBLCI,50,Q,2025-Q4,0.1,,,,
ABS:LCI(1.0.0),2,115493,PBLCI,50,Q,2026-Q1,3.5,,,,
ABS:LCI(1.0.0),2,115493,PBLCI,50,Q,2026-Q2,1.7,,,,
ABS:LCI(1.0.0),2,131278,P3,50,Q,1998-Q3,0.8,,,,
ABS:LCI(1.0.0),2,131278,P3,50,Q,1998-Q4,0.8,,,,
ABS:LCI(1.0.0),2,131278,P3,50,Q,1999-Q1,-1.5,,,,
ABS:LCI(1.0.0),2,131278,P3,50,Q,1999-Q2,-0.1,,,,
ABS:LCI(1.0.0),2,131278,P3,50,Q,1999-Q3,1,,,,
ABS:LCI(1.0.0),2,131278,P3,50,Q,1999-Q4,1.7,,,,
ABS:LCI(1.0.0),2,131278,P3,50,Q,2000-Q1,6.1,,,,
ABS:LCI(1.0.0),2,131278,P3,50,Q,2000-Q2,1.3,,,,
ABS:LCI(1.0.0),2,131278,P3,50,Q,2000-Q3,15.7,,,,
ABS:LCI(1.0.0),2,131278,P3,50,Q,2000-Q4,3.7,,,,
ABS:LCI(1.0.0),2,131278,P3,50,Q,2001-Q1,1.2,,,,
ABS:LCI(1.0.0),2,131278,P3,50,Q,2001-Q2,-11.3,,,,
ABS:LCI(1.0.0),2,131278,P3,50,Q,2001-Q3,-2.2,,,,
ABS:LCI(1.0.0),2,131278,P3,50,Q,2001-Q4,-3.8,,,,
ABS:LCI(1.0.0),2,131278,P3,50,Q,2002-Q1,1.8,,,,
ABS:LCI(1.0.0),2,131278,P3,50,Q,2002-Q2,-3.5,,,,
ABS:LCI(1.0.0),2,131278,P3,50,Q,2002-Q3,9.2,,,,
ABS:LCI(1.0.0),2,131278,P3,50,Q,2002-Q4,2.6,,,,
ABS:LCI(1.0.0),2,131278,P3,50,Q,2003-Q1,2.4,,,,
ABS:LCI(1.0.0),2,131278,P3,50,Q,2003-Q2,2.5,,,,
ABS:LCI(1.0.0),2,131278,P3,50,Q,2003-Q3,2.7,,,,
ABS:LCI(1.0.0),2,131278,P3,50,Q,2003-Q4,3.3,,,,
ABS:LCI(1.0.0),2,131278,P3,50,Q,2004-Q1,9,,,,
ABS:LCI(1.0.0),2,131278,P3,50,Q,2004-Q2,4,,,,
ABS:LCI(1.0.0),2,131278,P3,50,Q,2004-Q3,2.6,,,,
ABS:LCI(1.0.0),2,131278,P3,50,Q,2004-Q4,2.5,,,,
ABS:LCI(1.0.0),2,131278,P3,50,Q,2005-Q1,2.2,,,,
ABS:LCI(1.0.0),2,131278,P3,50,Q,2005-Q2,5.3,,,,
ABS:LCI(1.0.0),2,131278,P3,50,Q,2005-Q3,2.2,,,,
ABS:LCI(1.0.0),2,131278,P3,50,Q,2005-Q4,0,,,,
ABS:LCI(1.0.0),2,131278,P3,50,Q,2006-Q1,3.7,,,,
ABS:LCI(1.0.0),2,131278,P3,50,Q,2006-Q2,2.7,,,,
ABS:LCI(1.0.0),2,131278,P3,50,Q,2006-Q3,5,,,,
ABS:LCI(1.0.0),2,131278,P3,50,Q,2006-Q4,5.1,,,,
ABS:LCI(1.0.0),2,131278,P3,50,Q,2007-Q1,3.8,,,,
ABS:LCI(1.0.0),2,131278,P3,50,Q,2007-Q2,2.6,,,,
ABS:LCI(1.0.0),2,131278,P3,50,Q,2007-Q3,4.8,,,,
ABS:LCI(1.0.0),2,131278,P3,50,Q,2007-Q4,2.6,,,,
ABS:LCI(1.0.0),2,131278,P3,50,Q,2008-Q1,7.5,,,,
ABS:LCI(1.0.0),2,131278,P3,50,Q,2008-Q2,8.8,,,,
ABS:LCI(1.0.0),2,131278,P3,50,Q,2008-Q3,2.4,,,,
ABS:LCI(1.0.0),2,131278,P3,50,Q,2008-Q4,-3.6,,,,
ABS:LCI(1.0.0),2,131278,P3,50,Q,2009-Q1,-10.7,,,,
ABS:LCI(1.0.0),2,131278,P3,50,Q,2009-Q2,-22.7,,,,
ABS:LCI(1.0.0),2,131278,P3,50,Q,2009-Q3,0.1,,,,
ABS:LCI(1.0.0),2,131278,P3,50,Q,2009-Q4,4.4,,,,
ABS:LCI(1.0.0),2,131278,P3,50,Q,2010-Q1,9.8,,,,
ABS:LCI(1.0.0),2,131278,P3,50,Q,2010-Q2,9.5,,,,
ABS:LCI(1.0.0),2,131278,P3,50,Q,2010-Q3,5.2,,,,
ABS:LCI(1.0.0),2,131278,P3,50,Q,2010-Q4,2.7,,,,
ABS:LCI(1.0.0),2,131278,P3,50,Q,2011-Q1,4.4,,,,
ABS:LCI(1.0.0),2,131278,P3,50,Q,2011-Q2,1.3,,,,
ABS:LCI(1.0.0),2,131278,P3,50,Q,2011-Q3,0.6,,,,
ABS:LCI(1.0.0),2,131278,P3,50,Q,2011-Q4,0.4,,,,
ABS:LCI(1.0.0),2,131278,P3,50,Q,2012-Q1,-4.1,,,,
ABS:LCI(1.0.0),2,131278,P3,50,Q,2012-Q2,-0.5,,,,
ABS:LCI(1.0.0),2,131278,P3,50,Q,2012-Q3,-6.3,,,,
ABS:LCI(1.0.0),2,131278,P3,50,Q,2012-Q4,-1.9,,,,
ABS:LCI(1.0.0),2,131278,P3,50,Q,2013-Q1,-4,,,,
ABS:LCI(1.0.0),2,131278,P3,50,Q,2013-Q2,-1,,,,
ABS:LCI(1.0.0),2,131278,P3,50,Q,2013-Q3,-3.7,,,,
ABS:LCI(1.0.0),2,131278,P3,50,Q,2013-Q4,-3,,,,
ABS:LCI(1.0.0),2,131278,P3,50,Q,2014-Q1,1.1,,,,
ABS:LCI(1.0.0),2,131278,P3,50,Q,2014-Q2,0.7,,,,
ABS:LCI(1.0.0),2,131278,P3,50,Q,2014-Q3,0.4,,,,
ABS:LCI(1.0.0),2,131278,P3,50,Q,2014-Q4,0.9,,,,
ABS:LCI(1.0.0),2,131278,P3,50,Q,2015-Q1,-0.1,,,,
ABS:LCI(1.0.0),2,131278,P3,50,Q,2015-Q2,-3.1,,,,
ABS:LCI(1.0.0),2,131278,P3,50,Q,2015-Q3,-2.2,,,,
ABS:LCI(1.0.0),2,131278,P3,50,Q,2015-Q4,1.1,,,,
ABS:LCI(1.0.0),2,131278,P3,50,Q,2016-Q1,2.8,,,,
ABS:LCI(1.0.0),2,131278,P3,50,Q,2016-Q2,-0.3,,,,
ABS:LCI(1.0.0),2,131278,P3,50,Q,2016-Q3,-4,,,,
ABS:LCI(1.0.0),2,131278,P3,50,Q,2016-Q4,-2.8,,,,
ABS:LCI(1.0.0),2,131278,P3,50,Q,2017-Q1,1.5,,,,
ABS:LCI(1.0.0),2,131278,P3,50,Q,2017-Q2,0.2,,,,
ABS:LCI(1.0.0),2,131278,P3,50,Q,2017-Q3,2,,,,
ABS:LCI(1.0.0),2,131278,P3,50,Q,2017-Q4,0.6,,,,
ABS:LCI(1.0.0),2,131278,P3,50,Q,2018-Q1,0.4,,,,
ABS:LCI(1.0.0),2,131278,P3,50,Q,2018-Q2,0.4,,,,
ABS:LCI(1.0.0),2,131278,P3,50,Q,2018-Q3,0.3,,,,
ABS:LCI(1.0.0),2,131278,P3,50,Q,2018-Q4,1.4,,,,
ABS:LCI(1.0.0),2,131278,P3,50,Q,2019-Q1,0.3,,,,
ABS:LCI(1.0.0),2,131278,P3,50,Q,2019-Q2,0.1,,,,
ABS:LCI(1.0.0),2,131278,P3,50,Q,2019-Q3,-7.5,,,,
ABS:LCI(1.0.0),2,131278,P3,50,Q,2019-Q4,-4.9,,,,
ABS:LCI(1.0.0),2,131278,P3,50,Q,2020-Q1,-2.5,,,,
ABS:LCI(1.0.0),2,131278,P3,50,Q,2020-Q2,-5,,,,
ABS:LCI(1.0.0),2,131278,P3,50,Q,2020-Q3,-6.5,,,,
ABS:LCI(1.0.0),2,131278,P3,50,Q,2020-Q4,-2.1,,,,
ABS:LCI(1.0.0),2,131278,P3,50,Q,2021-Q1,-2.3,,,,
ABS:LCI(1.0.0),2,131278,P3,50,Q,2021-Q2,-2.4,,,,
ABS:LCI(1.0.0),2,131278,P3,50,Q,2021-Q3,-1.7,,,,
ABS:LCI(1.0.0),2,131278,P3,50,Q,2021-Q4,-1.6,,,,
ABS:LCI(1.0.0),2,131278,P3,50,Q,2022-Q1,0,,,,
ABS:LCI(1.0.0),2,131278,P3,50,Q,2022-Q2,2.5,,,,
ABS:LCI(1.0.0),2,131278,P3,50,Q,2022-Q3,24.2,,,,
ABS:LCI(1.0.0),2,131278,P3,50,Q,2022-Q4,26.8,,,,
ABS:LCI(1.0.0),2,131278,P3,50,Q,2023-Q1,11.1,,,,
ABS:LCI(1.0.0),2,131278,P3,50,Q,2023-Q2,9.9,,,,
ABS:LCI(1.0.0),2,131278,P3,50,Q,2023-Q3,9.3,,,,
ABS:LCI(1.0.0),2,131278,P3,50,Q,2023-Q4,5.4,,,,
ABS:LCI(1.0.0),2,131278,P3,50,Q,2024-Q1,7.1,,,,
ABS:LCI(1.0.0),2,131278,P3,50,Q,2024-Q2,2.6,,,,
ABS:LCI(1.0.0),2,131278,P3,50,Q,2024-Q3,2.8,,,,
ABS:LCI(1.0.0),2,131278,P3,50,Q,2024-Q4,1.8,,,,
ABS:LCI(1.0.0),2,131278,P3,50,Q,2025-Q1,1.5,,,,
ABS:LCI(1.0.0),2,131278,P3,50,Q,2025-Q2,-1.3,,,,
ABS:LCI(1.0.0),2,131278,P3,50,Q,2025-Q3,-3.7,,,,
ABS:LCI(1.0.0),2,131278,P3,50,Q,2025-Q4,-2.7,,,,
ABS:LCI(1.0.0),2,131278,P3,50,Q,2026-Q1,1.6,,,,
ABS:LCI(1.0.0),2,131278,P3,50,Q,2026-Q2,8.2,,,,
ABS:LCI(1.0.0),3,10001,P1,50,Q,1999-Q2,0.7,,,,
ABS:LCI(1.0.0),3,10001,P1,50,Q,1999-Q3,1.2,,,,
ABS:LCI(1.0.0),3,10001,P1,50,Q,1999-Q4,1.3,,,,
ABS:LCI(1.0.0),3,10001,P1,50,Q,2000-Q1,2.7,,,,
ABS:LCI(1.0.0),3,10001,P1,50,Q,2000-Q2,3.4,,,,
ABS:LCI(1.0.0),3,10001,P1,50,Q,2000-Q3,6.3,,,,
ABS:LCI(1.0.0),3,10001,P1,50,Q,2000-Q4,6.5,,,,
ABS:LCI(1.0.0),3,10001,P1,50,Q,2001-Q1,6.5,,,,
ABS:LCI(1.0.0),3,10001,P1,50,Q,2001-Q2,5.7,,,,
ABS:LCI(1.0.0),3,10001,P1,50,Q,2001-Q3,2.1,,,,
ABS:LCI(1.0.0),3,10001,P1,50,Q,2001-Q4,2.1,,,,
ABS:LCI(1.0.0),3,10001,P1,50,Q,2002-Q1,1.9,,,,
ABS:LCI(1.0.0),3,10001,P1,50,Q,2002-Q2,2.2,,,,
ABS:LCI(1.0.0),3,10001,P1,50,Q,2002-Q3,3.1,,,,
ABS:LCI(1.0.0),3,10001,P1,50,Q,2002-Q4,3.2,,,,
ABS:LCI(1.0.0),3,10001,P1,50,Q,2003-Q1,3.7,,,,
ABS:LCI(1.0.0),3,10001,P1,50,Q,2003-Q2,3,,,,
ABS:LCI(1.0.0),3,10001,P1,50,Q,2003-Q3,2.6,,,,
ABS:LCI(1.0.0),3,10001,P1,50,Q,2003-Q4,2.6,,,,
ABS:LCI(1.0.0),3,10001,P1,50,Q,2004-Q1,2.5,,,,
ABS:LCI(1.0.0),3,10001,P1,50,Q,2004-Q2,3.2,,,,
ABS:LCI(1.0.0),3,10001,P1,50,Q,2004-Q3,3.2,,,,
ABS:LCI(1.0.0),3,10001,P1,50,Q,2004-Q4,3.3,,,,
ABS:LCI(1.0.0),3,10001,P1,50,Q,2005-Q1,2.7,,,,
ABS:LCI(1.0.0),3,10001,P1,50,Q,2005-Q2,3,,,,
ABS:LCI(1.0.0),3,10001,P1,50,Q,2005-Q3,3.5,,,,
ABS:LCI(1.0.0),3,10001,P1,50,Q,2005-Q4,3.1,,,,
ABS:LCI(1.0.0),3,10001,P1,50,Q,2006-Q1,3.6,,,,
ABS:LCI(1.0.0),3,10001,P1,50,Q,2006-Q2,4.5,,,,
ABS:LCI(1.0.0),3,10001,P1,50,Q,2006-Q3,4.6,,,,
ABS:LCI(1.0.0),3,10001,P1,50,Q,2006-Q4,4.3,,,,
ABS:LCI(1.0.0),3,10001,P1,50,Q,2007-Q1,3.6,,,,
ABS:LCI(1.0.0),3,10001,P1,50,Q,2007-Q2,3.1,,,,
ABS:LCI(1.0.0),3,10001,P1,50,Q,2007-Q3,2.7,,,,
ABS:LCI(1.0.0),3,10001,P1,50,Q,2007-Q4,3.6,,,,
ABS:LCI(1.0.0),3,10001,P1,50,Q,2008-Q1,5,,,,
ABS:LCI(1.0.0),3,10001,P1,50,Q,2008-Q2,5.8,,,,
ABS:LCI(1.0.0),3,10001,P1,50,Q,2008-Q3,6.2,,,,
ABS:LCI(1.0.0),3,10001,P1,50,Q,2008-Q4,4.4,,,,
ABS:LCI(1.0.0),3,10001,P1,50,Q,2009-Q1,2.4,,,,
ABS:LCI(1.0.0),3,10001,P1,50,Q,2009-Q2,-0.8,,,,
ABS:LCI(1.0.0),3,10001,P1,50,Q,2009-Q3,-1,,,,
ABS:LCI(1.0.0),3,10001,P1,50,Q,2009-Q4,0.4,,,,
ABS:LCI(1.0.0),3,10001,P1,50,Q,2010-Q1,2,,,,
ABS:LCI(1.0.0),3,10001,P1,50,Q,2010-Q2,4.4,,,,
ABS:LCI(1.0.0),3,10001,P1,50,Q,2010-Q3,4.7,,,,
ABS:LCI(1.0.0),3,10001,P1,50,Q,2010-Q4,4.6,,,,
ABS:LCI(1.0.0),3,10001,P1,50,Q,2011-Q1,4.9,,,,
ABS:LCI(1.0.0),3,10001,P1,50,Q,2011-Q2,4.5,,,,
ABS:LCI(1.0.0),3,10001,P1,50,Q,2011-Q3,3.9,,,,
ABS:LCI(1.0.0),3,10001,P1,50,Q,2011-Q4,3.3,,,,
ABS:LCI(1.0.0),3,10001,P1,50,Q,2012-Q1,1.2,,,,
ABS:LCI(1.0.0),3,10001,P1,50,Q,2012-Q2,0.7,,,,
ABS:LCI(1.0.0),3,10001,P1,50,Q,2012-Q3,0.7,,,,
ABS:LCI(1.0.0),3,10001,P1,50,Q,2012-Q4,0.8,,,,
ABS:LCI(1.0.0),3,10001,P1,50,Q,2013-Q1,1,,,,
ABS:LCI(1.0.0),3,10001,P1,50,Q,2013-Q2,0.7,,,,
ABS:LCI(1.0.0),3,10001,P1,50,Q,2013-Q3,0.9,,,,
ABS:LCI(1.0.0),3,10001,P1,50,Q,2013-Q4,1.2,,,,
ABS:LCI(1.0.0),3,10001,P1,50,Q,2014-Q1,2.1,,,,
ABS:LCI(1.0.0),3,10001,P1,50,Q,2014-Q2,2.3,,,,
ABS:LCI(1.0.0),3,10001,P1,50,Q,2014-Q3,1.9,,,,
ABS:LCI(1.0.0),3,10001,P1,50,Q,2014-Q4,1.6,,,,
ABS:LCI(1.0.0),3,10001,P1,50,Q,2015-Q1,1,,,,
ABS:LCI(1.0.0),3,10001,P1,50,Q,2015-Q2,0.9,,,,
ABS:LCI(1.0.0),3,10001,P1,50,Q,2015-Q3,0.7,,,,
ABS:LCI(1.0.0),3,10001,P1,50,Q,2015-Q4,1.1,,,,
ABS:LCI(1.0.0),3,10001,P1,50,Q,2016-Q1,1,,,,
ABS:LCI(1.0.0),3,10001,P1,50,Q,2016-Q2,1,,,,
ABS:LCI(1.0.0),3,10001,P1,50,Q,2016-Q3,1.2,,,,
ABS:LCI(1.0.0),3,10001,P1,50,Q,2016-Q4,1,,,,
ABS:LCI(1.0.0),3,10001,P1,50,Q,2017-Q1,1.5,,,,
ABS:LCI(1.0.0),3,10001,P1,50,Q,2017-Q2,1.3,,,,
ABS:LCI(1.0.0),3,10001,P1,50,Q,2017-Q3,1.6,,,,
ABS:LCI(1.0.0),3,10001,P1,50,Q,2017-Q4,2,,,,
ABS:LCI(1.0.0),3,10001,P1,50,Q,2018-Q1,2,,,,
ABS:LCI(1.0.0),3,10001,P1,50,Q,2018-Q2,2.2,,,,
ABS:LCI(1.0.0),3,10001,P1,50,Q,2018-Q3,1.9,,,,
ABS:LCI(1.0.0),3,10001,P1,50,Q,2018-Q4,1.8,,,,
ABS:LCI(1.0.0),3,10001,P1,50,Q,2019-Q1,1.4,,,,
ABS:LCI(1.0.0),3,10001,P1,50,Q,2019-Q2,1.6,,,,
ABS:LCI(1.0.0),3,10001,P1,50,Q,2019-Q3,1.3,,,,
ABS:LCI(1.0.0),3,10001,P1,50,Q,2019-Q4,1,,,,
ABS:LCI(1.0.0),3,10001,P1,50,Q,2020-Q1,1.1,,,,
ABS:LCI(1.0.0),3,10001,P1,50,Q,2020-Q2,-2.1,,,,
ABS:LCI(1.0.0),3,10001,P1,50,Q,2020-Q3,-0.9,,,,
ABS:LCI(1.0.0),3,10001,P1,50,Q,2020-Q4,-0.4,,,,
ABS:LCI(1.0.0),3,10001,P1,50,Q,2021-Q1,0,,,,
ABS:LCI(1.0.0),3,10001,P1,50,Q,2021-Q2,3.4,,,,
ABS:LCI(1.0.0),3,10001,P1,50,Q,2021-Q3,2.6,,,,
ABS:LCI(1.0.0),3,10001,P1,50,Q,2021-Q4,2.6,,,,
ABS:LCI(1.0.0),3,10001,P1,50,Q,2022-Q1,3.8,,,,
ABS:LCI(1.0.0),3,10001,P1,50,Q,2022-Q2,4.6,,,,
ABS:LCI(1.0.0),3,10001,P1,50,Q,2022-Q3,6.8,,,,
ABS:LCI(1.0.0),3,10001,P1,50,Q,2022-Q4,9.3,,,,
ABS:LCI(1.0.0),3,10001,P1,50,Q,2023-Q1,9.6,,,,
ABS:LCI(1.0.0),3,10001,P1,50,Q,2023-Q2,9.7,,,,
ABS:LCI(1.0.0),3,10001,P1,50,Q,2023-Q3,9,,,,
ABS:LCI(1.0.0),3,10001,P1,50,Q,2023-Q4,6.8,,,,
ABS:LCI(1.0.0),3,10001,P1,50,Q,2024-Q1,6.5,,,,
ABS:LCI(1.0.0),3,10001,P1,50,Q,2024-Q2,6.2,,,,
ABS:LCI(1.0.0),3,10001,P1,50,Q,2024-Q3,4.7,,,,
ABS:LCI(1.0.0),3,10001,P1,50,Q,2024-Q4,4,,,,
ABS:LCI(1.0.0),3,10001,P1,50,Q,2025-Q1,3.4,,,,
ABS:LCI(1.0.0),3,10001,P1,50,Q,2025-Q2,2.5,,,,
ABS:LCI(1.0.0),3,10001,P1,50,Q,2025-Q3,2.6,,,,
ABS:LCI(1.0.0),3,10001,P1,50,Q,2025-Q4,2.3,,,,
ABS:LCI(1.0.0),3,10001,P1,50,Q,2026-Q1,2.6,,,,
ABS:LCI(1.0.0),3,10001,P1,50,Q,2026-Q2,3.7,,,,
ABS:LCI(1.0.0),3,115488,P2,50,Q,2008-Q2,-0.6,,,,
ABS:LCI(1.0.0),3,115488,P2,50,Q,2008-Q3,-0.4,,,,
ABS:LCI(1.0.0),3,115488,P2,50,Q,2008-Q4,0.5,,,,
ABS:LCI(1.0.0),3,115488,P2,50,Q,2009-Q1,0.9,,,,
ABS:LCI(1.0.0),3,115488,P2,50,Q,2009-Q2,1,,,,
ABS:LCI(1.0.0),3,115488,P2,50,Q,2009-Q3,1.2,,,,
ABS:LCI(1.0.0),3,115488,P2,50,Q,2009-Q4,0.6,,,,
ABS:LCI(1.0.0),3,115488,P2,50,Q,2010-Q1,0.2,,,,
ABS:LCI(1.0.0),3,115488,P2,50,Q,2010-Q2,0,,,,
ABS:LCI(1.0.0),3,115488,P2,50,Q,2010-Q3,-0.1,,,,
ABS:LCI(1.0.0),3,115488,P2,50,Q,2010-Q4,0,,,,
ABS:LCI(1.0.0),3,115488,P2,50,Q,2011-Q1,0.2,,,,
ABS:LCI(1.0.0),3,115488,P2,50,Q,2011-Q2,0.8,,,,
ABS:LCI(1.0.0),3,115488,P2,50,Q,2011-Q3,0.8,,,,
ABS:LCI(1.0.0),3,115488,P2,50,Q,2011-Q4,1.8,,,,
ABS:LCI(1.0.0),3,115488,P2,50,Q,2012-Q1,1.7,,,,
ABS:LCI(1.0.0),3,115488,P2,50,Q,2012-Q2,1,,,,
ABS:LCI(1.0.0),3,115488,P2,50,Q,2012-Q3,1.4,,,,
ABS:LCI(1.0.0),3,115488,P2,50,Q,2012-Q4,1.6,,,,
ABS:LCI(1.0.0),3,115488,P2,50,Q,2013-Q1,1.6,,,,
ABS:LCI(1.0.0),3,115488,P2,50,Q,2013-Q2,2.2,,,,
ABS:LCI(1.0.0),3,115488,P2,50,Q,2013-Q3,1.9,,,,
ABS:LCI(1.0.0),3,115488,P2,50,Q,2013-Q4,1.7,,,,
ABS:LCI(1.0.0),3,115488,P2,50,Q,2014-Q1,2.4,,,,
ABS:LCI(1.0.0),3,115488,P2,50,Q,2014-Q2,0.1,,,,
ABS:LCI(1.0.0),3,115488,P2,50,Q,2014-Q3,-1.4,,,,
ABS:LCI(1.0.0),3,115488,P2,50,Q,2014-Q4,-2.5,,,,
ABS:LCI(1.0.0),3,115488,P2,50,Q,2015-Q1,-4.3,,,,
ABS:LCI(1.0.0),3,115488,P2,50,Q,2015-Q2,-3.2,,,,
ABS:LCI(1.0.0),3,115488,P2,50,Q,2015-Q3,-3.7,,,,
ABS:LCI(1.0.0),3,115488,P2,50,Q,2015-Q4,-5.9,,,,
ABS:LCI(1.0.0),3,115488,P2,50,Q,2016-Q1,-6,,,,
ABS:LCI(1.0.0),3,115488,P2,50,Q,2016-Q2,-6.7,,,,
ABS:LCI(1.0.0),3,115488,P2,50,Q,2016-Q3,-7,,,,
ABS:LCI(1.0.0),3,115488,P2,50,Q,2016-Q4,-5.3,,,,
ABS:LCI(1.0.0),3,115488,P2,50,Q,2017-Q1,-4.2,,,,
ABS:LCI(1.0.0),3,115488,P2,50,Q,2017-Q2,-3.3,,,,
ABS:LCI(1.0.0),3,115488,P2,50,Q,2017-Q3,-2.5,,,,
ABS:LCI(1.0.0),3,115488,P2,50,Q,2017-Q4,-3.1,,,,
ABS:LCI(1.0.0),3,115488,P2,50,Q,2018-Q1,-3.2,,,,
ABS:LCI(1.0.0),3,115488,P2,50,Q,2018-Q2,-3.9,,,,
ABS:LCI(1.0.0),3,115488,P2,50,Q,2018-Q3,-3.9,,,,
ABS:LCI(1.0.0),3,115488,P2,50,Q,2018-Q4,-3.9,,,,
ABS:LCI(1.0.0),3,115488,P2,50,Q,2019-Q1,-4.1,,,,
ABS:LCI(1.0.0),3,115488,P2,50,Q,2019-Q2,-4.1,,,,
ABS:LCI(1.0.0),3,115488,P2,50,Q,2019-Q3,-4,,,,
ABS:LCI(1.0.0),3,115488,P2,50,Q,2019-Q4,-3.7,,,,
ABS:LCI(1.0.0),3,115488,P2,50,Q,2020-Q1,-3.4,,,,
ABS:LCI(1.0.0),3,115488,P2,50,Q,2020-Q2,-3.5,,,,
ABS:LCI(1.0.0),3,115488,P2,50,Q,2020-Q3,-3.2,,,,
ABS:LCI(1.0.0),3,115488,P2,50,Q,2020-Q4,-2.6,,,,
ABS:LCI(1.0.0),3,115488,P2,50,Q,2021-Q1,-1.9,,,,
ABS:LCI(1.0.0),3,115488,P2,50,Q,2021-Q2,-1.1,,,,
ABS:LCI(1.0.0),3,115488,P2,50,Q,2021-Q3,-0.9,,,,
ABS:LCI(1.0.0),3,115488,P2,50,Q,2021-Q4,-0.3,,,,
ABS:LCI(1.0.0),3,115488,P2,50,Q,2022-Q1,-0.3,,,,
ABS:LCI(1.0.0),3,115488,P2,50,Q,2022-Q2,0.2,,,,
ABS:LCI(1.0.0),3,115488,P2,50,Q,2022-Q3,2.2,,,,
ABS:LCI(1.0.0),3,115488,P2,50,Q,2022-Q4,1.6,,,,
ABS:LCI(1.0.0),3,115488,P2,50,Q,2023-Q1,1.4,,,,
ABS:LCI(1.0.0),3,115488,P2,50,Q,2023-Q2,1.1,,,,
ABS:LCI(1.0.0),3,115488,P2,50,Q,2023-Q3,2,,,,
ABS:LCI(1.0.0),3,115488,P2,50,Q,2023-Q4,2.9,,,,
ABS:LCI(1.0.0),3,115488,P2,50,Q,2024-Q1,2.4,,,,
ABS:LCI(1.0.0),3,115488,P2,50,Q,2024-Q2,1.9,,,,
ABS:LCI(1.0.0),3,115488,P2,50,Q,2024-Q3,0.1,,,,
ABS:LCI(1.0.0),3,115488,P2,50,Q,2024-Q4,0.1,,,,
ABS:LCI(1.0.0),3,115488,P2,50,Q,2025-Q1,0,,,,
ABS:LCI(1.0.0),3,115488,P2,50,Q,2025-Q2,1.1,,,,
ABS:LCI(1.0.0),3,115488,P2,50,Q,2025-Q3,1.9,,,,
ABS:LCI(1.0.0),3,115488,P2,50,Q,2025-Q4,1.6,,,,
ABS:LCI(1.0.0),3,115488,P2,50,Q,2026-Q1,1.9,,,,
ABS:LCI(1.0.0),3,115488,P2,50,Q,2026-Q2,2.6,,,,
ABS:LCI(1.0.0),3,131279,P4,50,Q,1999-Q2,-4.8,,,,
ABS:LCI(1.0.0),3,131279,P4,50,Q,1999-Q3,-5.4,,,,
ABS:LCI(1.0.0),3,131279,P4,50,Q,1999-Q4,-4,,,,
ABS:LCI(1.0.0),3,131279,P4,50,Q,2000-Q1,-3,,,,
ABS:LCI(1.0.0),3,131279,P4,50,Q,2000-Q2,-3.7,,,,
ABS:LCI(1.0.0),3,131279,P4,50,Q,2000-Q3,1.6,,,,
ABS:LCI(1.0.0),3,131279,P4,50,Q,2000-Q4,3.6,,,,
ABS:LCI(1.0.0),3,131279,P4,50,Q,2001-Q1,3.8,,,,
ABS:LCI(1.0.0),3,131279,P4,50,Q,2001-Q2,5.8,,,,
ABS:LCI(1.0.0),3,131279,P4,50,Q,2001-Q3,1.2,,,,
ABS:LCI(1.0.0),3,131279,P4,50,Q,2001-Q4,-1.9,,,,
ABS:LCI(1.0.0),3,131279,P4,50,Q,2002-Q1,0.4,,,,
ABS:LCI(1.0.0),3,131279,P4,50,Q,2002-Q2,-0.8,,,,
ABS:LCI(1.0.0),3,131279,P4,50,Q,2002-Q3,0.6,,,,
ABS:LCI(1.0.0),3,131279,P4,50,Q,2002-Q4,1.5,,,,
ABS:LCI(1.0.0),3,131279,P4,50,Q,2003-Q1,0.2,,,,
ABS:LCI(1.0.0),3,131279,P4,50,Q,2003-Q2,3.2,,,,
ABS:LCI(1.0.0),3,131279,P4,50,Q,2003-Q3,3,,,,
ABS:LCI(1.0.0),3,131279,P4,50,Q,2003-Q4,3,,,,
ABS:LCI(1.0.0),3,131279,P4,50,Q,2004-Q1,2.8,,,,
ABS:LCI(1.0.0),3,131279,P4,50,Q,2004-Q2,2.8,,,,
ABS:LCI(1.0.0),3,131279,P4,50,Q,2004-Q3,5.2,,,,
ABS:LCI(1.0.0),3,131279,P4,50,Q,2004-Q4,5.3,,,,
ABS:LCI(1.0.0),3,131279,P4,50,Q,2005-Q1,5.7,,,,
ABS:LCI(1.0.0),3,131279,P4,50,Q,2005-Q2,5,,,,
ABS:LCI(1.0.0),3,131279,P4,50,Q,2005-Q3,2.7,,,,
ABS:LCI(1.0.0),3,131279,P4,50,Q,2005-Q4,1.2,,,,
ABS:LCI(1.0.0),3,131279,P4,50,Q,2006-Q1,0.8,,,,
ABS:LCI(1.0.0),3,131279,P4,50,Q,2006-Q2,1.5,,,,
ABS:LCI(1.0.0),3,131279,P4,50,Q,2006-Q3,2.6,,,,
ABS:LCI(1.0.0),3,131279,P4,50,Q,2006-Q4,5.4,,,,
ABS:LCI(1.0.0),3,131279,P4,50,Q,2007-Q1,6.4,,,,
ABS:LCI(1.0.0),3,131279,P4,50,Q,2007-Q2,5.2,,,,
ABS:LCI(1.0.0),3,131279,P4,50,Q,2007-Q3,6.6,,,,
ABS:LCI(1.0.0),3,131279,P4,50,Q,2007-Q4,7,,,,
ABS:LCI(1.0.0),3,131279,P4,50,Q,2008-Q1,9,,,,
ABS:LCI(1.0.0),3,131279,P4,50,Q,2008-Q2,11.2,,,,
ABS:LCI(1.0.0),3,131279,P4,50,Q,2008-Q3,11.3,,,,
ABS:LCI(1.0.0),3,131279,P4,50,Q,2008-Q4,14.6,,,,
ABS:LCI(1.0.0),3,131279,P4,50,Q,2009-Q1,6.2,,,,
ABS:LCI(1.0.0),3,131279,P4,50,Q,2009-Q2,1.2,,,,
ABS:LCI(1.0.0),3,131279,P4,50,Q,2009-Q3,-1.9,,,,
ABS:LCI(1.0.0),3,131279,P4,50,Q,2009-Q4,-4.5,,,,
ABS:LCI(1.0.0),3,131279,P4,50,Q,2010-Q1,3.3,,,,
ABS:LCI(1.0.0),3,131279,P4,50,Q,2010-Q2,8.7,,,,
ABS:LCI(1.0.0),3,131279,P4,50,Q,2010-Q3,10.9,,,,
ABS:LCI(1.0.0),3,131279,P4,50,Q,2010-Q4,11,,,,
ABS:LCI(1.0.0),3,131279,P4,50,Q,2011-Q1,9.1,,,,
ABS:LCI(1.0.0),3,131279,P4,50,Q,2011-Q2,7.3,,,,
ABS:LCI(1.0.0),3,131279,P4,50,Q,2011-Q3,7.6,,,,
ABS:LCI(1.0.0),3,131279,P4,50,Q,2011-Q4,5.4,,,,
ABS:LCI(1.0.0),3,131279,P4,50,Q,2012-Q1,2.7,,,,
ABS:LCI(1.0.0),3,131279,P4,50,Q,2012-Q2,2,,,,
ABS:LCI(1.0.0),3,131279,P4,50,Q,2012-Q3,-1.3,,,,
ABS:LCI(1.0.0),3,131279,P4,50,Q,2012-Q4,-1.9,,,,
ABS:LCI(1.0.0),3,131279,P4,50,Q,2013-Q1,-1.1,,,,
ABS:LCI(1.0.0),3,131279,P4,50,Q,2013-Q2,-2.7,,,,
ABS:LCI(1.0.0),3,131279,P4,50,Q,2013-Q3,-1,,,,
ABS:LCI(1.0.0),3,131279,P4,50,Q,2013-Q4,-1.2,,,,
ABS:LCI(1.0.0),3,131279,P4,50,Q,2014-Q1,-0.2,,,,
ABS:LCI(1.0.0),3,131279,P4,50,Q,2014-Q2,0.1,,,,
ABS:LCI(1.0.0),3,131279,P4,50,Q,2014-Q3,0.1,,,,
ABS:LCI(1.0.0),3,131279,P4,50,Q,2014-Q4,-0.2,,,,
ABS:LCI(1.0.0),3,131279,P4,50,Q,2015-Q1,-0.6,,,,
ABS:LCI(1.0.0),3,131279,P4,50,Q,2015-Q2,-0.6,,,,
ABS:LCI(1.0.0),3,131279,P4,50,Q,2015-Q3,-0.9,,,,
ABS:LCI(1.0.0),3,131279,P4,50,Q,2015-Q4,-0.4,,,,
ABS:LCI(1.0.0),3,131279,P4,50,Q,2016-Q1,-0.2,,,,
ABS:LCI(1.0.0),3,131279,P4,50,Q,2016-Q2,1.2,,,,
ABS:LCI(1.0.0),3,131279,P4,50,Q,2016-Q3,1.2,,,,
ABS:LCI(1.0.0),3,131279,P4,50,Q,2016-Q4,1,,,,
ABS:LCI(1.0.0),3,131279,P4,50,Q,2017-Q1,-0.1,,,,
ABS:LCI(1.0.0),3,131279,P4,50,Q,2017-Q2,0.1,,,,
ABS:LCI(1.0.0),3,131279,P4,50,Q,2017-Q3,0.7,,,,
ABS:LCI(1.0.0),3,131279,P4,50,Q,2017-Q4,1.4,,,,
ABS:LCI(1.0.0),3,131279,P4,50,Q,2018-Q1,2.9,,,,
ABS:LCI(1.0.0),3,131279,P4,50,Q,2018-Q2,2.2,,,,
ABS:LCI(1.0.0),3,131279,P4,50,Q,2018-Q3,1.7,,,,
ABS:LCI(1.0.0),3,131279,P4,50,Q,2018-Q4,1.6,,,,
ABS:LCI(1.0.0),3,131279,P4,50,Q,2019-Q1,-0.4,,,,
ABS:LCI(1.0.0),3,131279,P4,50,Q,2019-Q2,0,,,,
ABS:LCI(1.0.0),3,131279,P4,50,Q,2019-Q3,0.3,,,,
ABS:LCI(1.0.0),3,131279,P4,50,Q,2019-Q4,-0.2,,,,
ABS:LCI(1.0.0),3,131279,P4,50,Q,2020-Q1,0.4,,,,
ABS:LCI(1.0.0),3,131279,P4,50,Q,2020-Q2,2.2,,,,
ABS:LCI(1.0.0),3,131279,P4,50,Q,2020-Q3,-2.8,,,,
ABS:LCI(1.0.0),3,131279,P4,50,Q,2020-Q4,-5.1,,,,
ABS:LCI(1.0.0),3,131279,P4,50,Q,2021-Q1,-5.7,,,,
ABS:LCI(1.0.0),3,131279,P4,50,Q,2021-Q2,-8.9,,,,
ABS:LCI(1.0.0),3,131279,P4,50,Q,2021-Q3,-4.2,,,,
ABS:LCI(1.0.0),3,131279,P4,50,Q,2021-Q4,-3.9,,,,
ABS:LCI(1.0.0),3,131279,P4,50,Q,2022-Q1,-4.4,,,,
ABS:LCI(1.0.0),3,131279,P4,50,Q,2022-Q2,-3.8,,,,
ABS:LCI(1.0.0),3,131279,P4,50,Q,2022-Q3,-3.8,,,,
ABS:LCI(1.0.0),3,131279,P4,50,Q,2022-Q4,0.6,,,,
ABS:LCI(1.0.0),3,131279,P4,50,Q,2023-Q1,5,,,,
ABS:LCI(1.0.0),3,131279,P4,50,Q,2023-Q2,7.5,,,,
ABS:LCI(1.0.0),3,131279,P4,50,Q,2023-Q3,10.1,,,,
ABS:LCI(1.0.0),3,131279,P4,50,Q,2023-Q4,11.2,,,,
ABS:LCI(1.0.0),3,131279,P4,50,Q,2024-Q1,10.5,,,,
ABS:LCI(1.0.0),3,131279,P4,50,Q,2024-Q2,11.2,,,,
ABS:LCI(1.0.0),3,131279,P4,50,Q,2024-Q3,10.9,,,,
ABS:LCI(1.0.0),3,131279,P4,50,Q,2024-Q4,8.1,,,,
ABS:LCI(1.0.0),3,131279,P4,50,Q,2025-Q1,8.3,,,,
ABS:LCI(1.0.0),3,131279,P4,50,Q,2025-Q2,7.3,,,,
ABS:LCI(1.0.0),3,131279,P4,50,Q,2025-Q3,4.4,,,,
ABS:LCI(1.0.0),3,131279,P4,50,Q,2025-Q4,3.6,,,,
ABS:LCI(1.0.0),3,131279,P4,50,Q,2026-Q1,2.4,,,,
ABS:LCI(1.0.0),3,131279,P4,50,Q,2026-Q2,2.4,,,,
ABS:LCI(1.0.0),4,20004,P1,50,Q,2025-Q4,7.52,,,,
ABS:LCI(1.0.0),4,20004,P1,50,Q,2026-Q1,7.51,,,,
ABS:LCI(1.0.0),4,20004,P1,50,Q,2026-Q2,7.52,,,,
ABS:LCI(1.0.0),4,115488,P1,50,Q,2025-Q4,1.96,,,,
ABS:LCI(1.0.0),4,115488,P1,50,Q,2026-Q1,1.97,,,,
ABS:LCI(1.0.0),4,115488,P1,50,Q,2026-Q2,1.98,,,,
ABS:LCI(1.0.0),4,115493,P2,50,Q,2025-Q4,0.16,,,,
ABS:LCI(1.0.0),4,115493,P2,50,Q,2026-Q1,0.16,,,,
ABS:LCI(1.0.0),4,115493,P2,50,Q,2026-Q2,0.16,,,,
ABS:LCI(1.0.0),4,115528,PBLCI,50,Q,2025-Q4,5.22,,,,
ABS:LCI(1.0.0),4,115528,PBLCI,50,Q,2026-Q1,5.33,,,,
ABS:LCI(1.0.0),4,115528,PBLCI,50,Q,2026-Q2,5.4,,,,
ABS:LCI(1.0.0),5,10001,P3,50,Q,2025-Q4,0.13,,,,
ABS:LCI(1.0.0),5,10001,P3,50,Q,2026-Q1,2.48,,,,
ABS:LCI(1.0.0),5,10001,P3,50,Q,2026-Q2,0.82,,,,
ABS:LCI(1.0.0),5,20004,PBLCI,50,Q,2025-Q4,-0.02,,,,
ABS:LCI(1.0.0),5,20004,PBLCI,50,Q,2026-Q1,-0.01,,,,
ABS:LCI(1.0.0),5,20004,PBLCI,50,Q,2026-Q2,0.01,,,,
ABS:LCI(1.0.0),5,115486,P1,50,Q,2025-Q4,-0.03,,,,
ABS:LCI(1.0.0),5,115486,P1,50,Q,2026-Q1,0.11,,,,
ABS:LCI(1.0.0),5,115486,P1,50,Q,2026-Q2,0.14,,,,
ABS:LCI(1.0.0),5,115488,P4,50,Q,2025-Q4,0,,,,
ABS:LCI(1.0.0),5,115488,P4,50,Q,2026-Q1,0.01,,,,
ABS:LCI(1.0.0),5,115488,P4,50,Q,2026-Q2,0.02,,,,
ABS:LCI(1.0.0),5,115493,P1,50,Q,2025-Q4,0,,,,
ABS:LCI(1.0.0),5,115493,P1,50,Q,2026-Q1,0.15,,,,
ABS:LCI(1.0.0),5,115493,P1,50,Q,2026-Q2,0.07,,,,
ABS:LCI(1.0.0),5,126670,P1,50,Q,2025-Q4,-0.33,,,,
ABS:LCI(1.0.0),5,126670,P1,50,Q,2026-Q1,0.3,,,,
ABS:LCI(1.0.0),5,126670,P1,50,Q,2026-Q2,1.1,,,,
ABS:LCI(1.0.0),1,20002,P3,50,Q,2007-Q2,104.23,,,,
ABS:LCI(1.0.0),1,20002,P3,50,Q,2007-Q3,104.81,,,,
ABS:LCI(1.0.0),1,20002,P3,50,Q,2007-Q4,105.03,,,,
ABS:LCI(1.0.0),1,20002,P3,50,Q,2008-Q1,102.68,,,,
ABS:LCI(1.0.0),1,20002,P3,50,Q,2008-Q2,105.46,,,,
ABS:LCI(1.0.0),1,20002,P3,50,Q,2008-Q3,104.69,,,,
ABS:LCI(1.0.0),1,20002,P3,50,Q,2008-Q4,104.88,,,,
ABS:LCI(1.0.0),1,20002,P3,50,Q,2009-Q1,104.27,,,,
ABS:LCI(1.0.0),1,20002,P3,50,Q,2009-Q2,106.57,,,,
ABS:LCI(1.0.0),1,20002,P3,50,Q,2009-Q3,107.06,,,,
ABS:LCI(1.0.0),1,20002,P3,50,Q,2009-Q4,107.23,,,,
ABS:LCI(1.0.0),1,20002,P3,50,Q,2010-Q1,102.37,,,,
ABS:LCI(1.0.0),1,20002,P3,50,Q,2010-Q2,102.25,,,,
ABS:LCI(1.0.0),1,20002,P3,50,Q,2010-Q3,103.69,,,,
ABS:LCI(1.0.0),1,20002,P3,50,Q,2010-Q4,101.93,,,,
ABS:LCI(1.0.0),1,20002,P3,50,Q,2011-Q1,100.65,,,,
ABS:LCI(1.0.0),1,20002,P3,50,Q,2011-Q2,102.99,,,,
ABS:LCI(1.0.0),1,20002,P3,50,Q,2011-Q3,104.2,,,,
ABS:LCI(1.0.0),1,20002,P3,50,Q,2011-Q4,103.94,,,,
ABS:LCI(1.0.0),1,20002,P3,50,Q,2012-Q1,101.41,,,,
ABS:LCI(1.0.0),1,20002,P3,50,Q,2012-Q2,103.1,,,,
ABS:LCI(1.0.0),1,20002,P3,50,Q,2012-Q3,103.61,,,,
ABS:LCI(1.0.0),1,20002,P3,50,Q,2012-Q4,103.81,,,,
ABS:LCI(1.0.0),1,20002,P3,50,Q,2013-Q1,99.96,,,,
ABS:LCI(1.0.0),1,20002,P3,50,Q,2013-Q2,102.93,,,,
ABS:LCI(1.0.0),1,20002,P3,50,Q,2013-Q3,103.9,,,,
ABS:LCI(1.0.0),1,20002,P3,50,Q,2013-Q4,102.88,,,,
ABS:LCI(1.0.0),1,20002,P3,50,Q,2014-Q1,100.45,,,,
ABS:LCI(1.0.0),1,20002,P3,50,Q,2014-Q2,102.42,,,,
ABS:LCI(1.0.0),1,20002,P3,50,Q,2014-Q3,101.08,,,,
ABS:LCI(1.0.0),1,20002,P3,50,Q,2014-Q4,101.36,,,,
ABS:LCI(1.0.0),1,20002,P3,50,Q,2015-Q1,99.49,,,,
ABS:LCI(1.0.0),1,20002,P3,50,Q,2015-Q2,101.02,,,,
ABS:LCI(1.0.0),1,20002,P3,50,Q,2015-Q3,99.97,,,,
ABS:LCI(1.0.0),1,20002,P3,50,Q,2015-Q4,101.3,,,,
ABS:LCI(1.0.0),1,20002,P3,50,Q,2016-Q1,98.85,,,,
ABS:LCI(1.0.0),1,20002,P3,50,Q,2016-Q2,100.92,,,,
ABS:LCI(1.0.0),1,20002,P3,50,Q,2016-Q3,100.45,,,,
ABS:LCI(1.0.0),1,20002,P3,50,Q,2016-Q4,100.58,,,,
ABS:LCI(1.0.0),1,20002,P3,50,Q,2017-Q1,98.44,,,,
ABS:LCI(1.0.0),1,20002,P3,50,Q,2017-Q2,98,,,,
ABS:LCI(1.0.0),1,20002,P3,50,Q,2017-Q3,96.88,,,,
ABS:LCI(1.0.0),1,20002,P3,50,Q,2017-Q4,96.51,,,,
ABS:LCI(1.0.0),1,20002,P3,50,Q,2018-Q1,94.04,,,,
ABS:LCI(1.0.0),1,20002,P3,50,Q,2018-Q2,95.51,,,,
ABS:LCI(1.0.0),1,20002,P3,50,Q,2018-Q3,95.55,,,,
ABS:LCI(1.0.0),1,20002,P3,50,Q,2018-Q4,95.41,,,,
ABS:LCI(1.0.0),1,20002,P3,50,Q,2019-Q1,94.07,,,,
ABS:LCI(1.0.0),1,20002,P3,50,Q,2019-Q2,95.93,,,,
ABS:LCI(1.0.0),1,20002,P3,50,Q,2019-Q3,97.23,,,,
ABS:LCI(1.0.0),1,20002,P3,50,Q,2019-Q4,96.3,,,,
ABS:LCI(1.0.0),1,20002,P3,50,Q,2020-Q1,95.48,,,,
ABS:LCI(1.0.0),1,20002,P3,50,Q,2020-Q2,95.84,,,,
ABS:LCI(1.0.0),1,20002,P3,50,Q,2020-Q3,96.41,,,,
ABS:LCI(1.0.0),1,20002,P3,50,Q,2020-Q4,95.06,,,,
ABS:LCI(1.0.0),1,20002,P3,50,Q,2021-Q1,94.51,,,,
ABS:LCI(1.0.0),1,20002,P3,50,Q,2021-Q2,95.46,,,,
ABS:LCI(1.0.0),1,20002,P3,50,Q,2021-Q3,91,,,,
ABS:LCI(1.0.0),1,20002,P3,50,Q,2021-Q4,93.49,,,,
ABS:LCI(1.0.0),1,20002,P3,50,Q,2022-Q1,92.47,,,,
ABS:LCI(1.0.0),1,20002,P3,50,Q,2022-Q2,96.27,,,,
ABS:LCI(1.0.0),1,20002,P3,50,Q,2022-Q3,95.98,,,,
ABS:LCI(1.0.0),1,20002,P3,50,Q,2022-Q4,98.4,,,,
ABS:LCI(1.0.0),1,20002,P3,50,Q,2023-Q1,95.17,,,,
ABS:LCI(1.0.0),1,20002,P3,50,Q,2023-Q2,96.33,,,,
ABS:LCI(1.0.0),1,20002,P3,50,Q,2023-Q3,96.17,,,,
ABS:LCI(1.0.0),1,20002,P3,50,Q,2023-Q4,97.2,,,,
ABS:LCI(1.0.0),1,20002,P3,50,Q,2024-Q1,96.22,,,,
ABS:LCI(1.0.0),1,20002,P3,50,Q,2024-Q2,99.12,,,,
ABS:LCI(1.0.0),1,20002,P3,50,Q,2024-Q3,98.16,,,,
ABS:LCI(1.0.0),1,20002,P3,50,Q,2024-Q4,98.28,,,,
ABS:LCI(1.0.0),1,20002,P3,50,Q,2025-Q1,97.07,,,,
ABS:LCI(1.0.0),1,20002,P3,50,Q,2025-Q2,100.45,,,,
ABS:LCI(1.0.0),1,20002,P3,50,Q,2025-Q3,100,,,,
ABS:LCI(1.0.0),1,20002,P3,50,Q,2025-Q4,99.62,,,,
ABS:LCI(1.0.0),1,20002,P3,50,Q,2026-Q1,101.57,,,,
ABS:LCI(1.0.0),1,20002,P3,50,Q,2026-Q2,102.47,,,,
ABS:LCI(1.0.0),1,20003,P2,50,Q,2007-Q2,46.85,,,,
ABS:LCI(1.0.0),1,20003,P2,50,Q,2007-Q3,48.02,,,,
ABS:LCI(1.0.0),1,20003,P2,50,Q,2007-Q4,48.62,,,,
ABS:LCI(1.0.0),1,20003,P2,50,Q,2008-Q1,49.61,,,,
ABS:LCI(1.0.0),1,20003,P2,50,Q,2008-Q2,49.78,,,,
ABS:LCI(1.0.0),1,20003,P2,50,Q,2008-Q3,51.47,,,,
ABS:LCI(1.0.0),1,20003,P2,50,Q,2008-Q4,52.17,,,,
ABS:LCI(1.0.0),1,20003,P2,50,Q,2009-Q1,53.06,,,,
ABS:LCI(1.0.0),1,20003,P2,50,Q,2009-Q2,53.14,,,,
ABS:LCI(1.0.0),1,20003,P2,50,Q,2009-Q3,55.47,,,,
ABS:LCI(1.0.0),1,20003,P2,50,Q,2009-Q4,56.03,,,,
ABS:LCI(1.0.0),1,20003,P2,50,Q,2010-Q1,57.06,,,,
ABS:LCI(1.0.0),1,20003,P2,50,Q,2010-Q2,57.06,,,,
ABS:LCI(1.0.0),1,20003,P2,50,Q,2010-Q3,59.04,,,,
ABS:LCI(1.0.0),1,20003,P2,50,Q,2010-Q4,59.68,,,,
ABS:LCI(1.0.0),1,20003,P2,50,Q,2011-Q1,60.68,,,,
ABS:LCI(1.0.0),1,20003,P2,50,Q,2011-Q2,60.53,,,,
ABS:LCI(1.0.0),1,20003,P2,50,Q,2011-Q3,62.74,,,,
ABS:LCI(1.0.0),1,20003,P2,50,Q,2011-Q4,63.14,,,,
ABS:LCI(1.0.0),1,20003,P2,50,Q,2012-Q1,63.94,,,,
ABS:LCI(1.0.0),1,20003,P2,50,Q,2012-Q2,64.06,,,,
ABS:LCI(1.0.0),1,20003,P2,50,Q,2012-Q3,68.03,,,,
ABS:LCI(1.0.0),1,20003,P2,50,Q,2012-Q4,68.13,,,,
ABS:LCI(1.0.0),1,20003,P2,50,Q,2013-Q1,68.91,,,,
ABS:LCI(1.0.0),1,20003,P2,50,Q,2013-Q2,69.09,,,,
ABS:LCI(1.0.0),1,20003,P2,50,Q,2013-Q3,71.84,,,,
ABS:LCI(1.0.0),1,20003,P2,50,Q,2013-Q4,72.04,,,,
ABS:LCI(1.0.0),1,20003,P2,50,Q,2014-Q1,72.65,,,,
ABS:LCI(1.0.0),1,20003,P2,50,Q,2014-Q2,72.71,,,,
ABS:LCI(1.0.0),1,20003,P2,50,Q,2014-Q3,72.6,,,,
ABS:LCI(1.0.0),1,20003,P2,50,Q,2014-Q4,72.72,,,,
ABS:LCI(1.0.0),1,20003,P2,50,Q,2015-Q1,73.29,,,,
ABS:LCI(1.0.0),1,20003,P2,50,Q,2015-Q2,73.35,,,,
ABS:LCI(1.0.0),1,20003,P2,50,Q,2015-Q3,73.94,,,,
ABS:LCI(1.0.0),1,20003,P2,50,Q,2015-Q4,73.99,,,,
ABS:LCI(1.0.0),1,20003,P2,50,Q,2016-Q1,74.08,,,,
ABS:LCI(1.0.0),1,20003,P2,50,Q,2016-Q2,74.15,,,,
ABS:LCI(1.0.0),1,20003,P2,50,Q,2016-Q3,75.6,,,,
ABS:LCI(1.0.0),1,20003,P2,50,Q,2016-Q4,75.71,,,,
ABS:LCI(1.0.0),1,20003,P2,50,Q,2017-Q1,76.45,,,,
ABS:LCI(1.0.0),1,20003,P2,50,Q,2017-Q2,76.63,,,,
ABS:LCI(1.0.0),1,20003,P2,50,Q,2017-Q3,79.38,,,,
ABS:LCI(1.0.0),1,20003,P2,50,Q,2017-Q4,79.54,,,,
ABS:LCI(1.0.0),1,20003,P2,50,Q,2018-Q1,80.11,,,,
ABS:LCI(1.0.0),1,20003,P2,50,Q,2018-Q2,79.89,,,,
ABS:LCI(1.0.0),1,20003,P2,50,Q,2018-Q3,80.82,,,,
ABS:LCI(1.0.0),1,20003,P2,50,Q,2018-Q4,81.03,,,,
ABS:LCI(1.0.0),1,20003,P2,50,Q,2019-Q1,81.05,,,,
ABS:LCI(1.0.0),1,20003,P2,50,Q,2019-Q2,80.88,,,,
ABS:LCI(1.0.0),1,20003,P2,50,Q,2019-Q3,81.62,,,,
ABS:LCI(1.0.0),1,20003,P2,50,Q,2019-Q4,81.58,,,,
ABS:LCI(1.0.0),1,20003,P2,50,Q,2020-Q1,81.9,,,,
ABS:LCI(1.0.0),1,20003,P2,50,Q,2020-Q2,80.75,,,,
ABS:LCI(1.0.0),1,20003,P2,50,Q,2020-Q3,81.12,,,,
ABS:LCI(1.0.0),1,20003,P2,50,Q,2020-Q4,79.77,,,,
ABS:LCI(1.0.0),1,20003,P2,50,Q,2021-Q1,79.17,,,,
ABS:LCI(1.0.0),1,20003,P2,50,Q,2021-Q2,80.4,,,,
ABS:LCI(1.0.0),1,20003,P2,50,Q,2021-Q3,81.65,,,,
ABS:LCI(1.0.0),1,20003,P2,50,Q,2021-Q4,82.17,,,,
ABS:LCI(1.0.0),1,20003,P2,50,Q,2022-Q1,82.79,,,,
ABS:LCI(1.0.0),1,20003,P2,50,Q,2022-Q2,83.15,,,,
ABS:LCI(1.0.0),1,20003,P2,50,Q,2022-Q3,85.43,,,,
ABS:LCI(1.0.0),1,20003,P2,50,Q,2022-Q4,87.11,,,,
ABS:LCI(1.0.0),1,20003,P2,50,Q,2023-Q1,89.74,,,,
ABS:LCI(1.0.0),1,20003,P2,50,Q,2023-Q2,90.13,,,,
ABS:LCI(1.0.0),1,20003,P2,50,Q,2023-Q3,88.9,,,,
ABS:LCI(1.0.0),1,20003,P2,50,Q,2023-Q4,90.48,,,,
ABS:LCI(1.0.0),1,20003,P2,50,Q,2024-Q1,89.58,,,,
ABS:LCI(1.0.0),1,20003,P2,50,Q,2024-Q2,91.35,,,,
ABS:LCI(1.0.0),1,20003,P2,50,Q,2024-Q3,91.44,,,,
ABS:LCI(1.0.0),1,20003,P2,50,Q,2024-Q4,89.47,,,,
ABS:LCI(1.0.0),1,20003,P2,50,Q,2025-Q1,91.64,,,,
ABS:LCI(1.0.0),1,20003,P2,50,Q,2025-Q2,95.36,,,,
ABS:LCI(1.0.0),1,20003,P2,50,Q,2025-Q3,100,,,,
ABS:LCI(1.0.0),1,20003,P2,50,Q,2025-Q4,99.18,,,,
ABS:LCI(1.0.0),1,20003,P2,50,Q,2026-Q1,105.25,,,,
ABS:LCI(1.0.0),1,20003,P2,50,Q,2026-Q2,105.69,,,,
ABS:LCI(1.0.0),1,115486,P2,50,Q,2007-Q2,50.16,,,,
ABS:LCI(1.0.0),1,115486,P2,50,Q,2007-Q3,49.26,,,,
ABS:LCI(1.0.0),1,115486,P2,50,Q,2007-Q4,48.33,,,,
ABS:LCI(1.0.0),1,115486,P2,50,Q,2008-Q1,51.43,,,,
ABS:LCI(1.0.0),1,115486,P2,50,Q,2008-Q2,52.42,,,,
ABS:LCI(1.0.0),1,115486,P2,50,Q,2008-Q3,51.63,,,,
ABS:LCI(1.0.0),1,115486,P2,50,Q,2008-Q4,50.59,,,,
ABS:LCI(1.0.0),1,115486,P2,50,Q,2009-Q1,54.05,,,,
ABS:LCI(1.0.0),1,115486,P2,50,Q,2009-Q2,55.03,,,,
ABS:LCI(1.0.0),1,115486,P2,50,Q,2009-Q3,53.94,,,,
ABS:LCI(1.0.0),1,115486,P2,50,Q,2009-Q4,52.84,,,,
ABS:LCI(1.0.0),1,115486,P2,50,Q,2010-Q1,56.5,,,,
ABS:LCI(1.0.0),1,115486,P2,50,Q,2010-Q2,57.46,,,,
ABS:LCI(1.0.0),1,115486,P2,50,Q,2010-Q3,56.36,,,,
ABS:LCI(1.0.0),1,115486,P2,50,Q,2010-Q4,55.15,,,,
ABS:LCI(1.0.0),1,115486,P2,50,Q,2011-Q1,58.67,,,,
ABS:LCI(1.0.0),1,115486,P2,50,Q,2011-Q2,59.76,,,,
ABS:LCI(1.0.0),1,115486,P2,50,Q,2011-Q3,58.32,,,,
ABS:LCI(1.0.0),1,115486,P2,50,Q,2011-Q4,56.84,,,,
ABS:LCI(1.0.0),1,115486,P2,50,Q,2012-Q1,61.41,,,,
ABS:LCI(1.0.0),1,115486,P2,50,Q,2012-Q2,61.93,,,,
ABS:LCI(1.0.0),1,115486,P2,50,Q,2012-Q3,62.17,,,,
ABS:LCI(1.0.0),1,115486,P2,50,Q,2012-Q4,60.67,,,,
ABS:LCI(1.0.0),1,115486,P2,50,Q,2013-Q1,64.99,,,,
ABS:LCI(1.0.0),1,115486,P2,50,Q,2013-Q2,65.61,,,,
ABS:LCI(1.0.0),1,115486,P2,50,Q,2013-Q3,64.46,,,,
ABS:LCI(1.0.0),1,115486,P2,50,Q,2013-Q4,63.16,,,,
ABS:LCI(1.0.0),1,115486,P2,50,Q,2014-Q1,67.26,,,,
ABS:LCI(1.0.0),1,115486,P2,50,Q,2014-Q2,68.47,,,,
ABS:LCI(1.0.0),1,115486,P2,50,Q,2014-Q3,67.45,,,,
ABS:LCI(1.0.0),1,115486,P2,50,Q,2014-Q4,65.79,,,,
ABS:LCI(1.0.0),1,115486,P2,50,Q,2015-Q1,70.25,,,,
ABS:LCI(1.0.0),1,115486,P2,50,Q,2015-Q2,71.56,,,,
ABS:LCI(1.0.0),1,115486,P2,50,Q,2015-Q3,70.37,,,,
ABS:LCI(1.0.0),1,115486,P2,50,Q,2015-Q4,69.1,,,,
ABS:LCI(1.0.0),1,115486,P2,50,Q,2016-Q1,73.08,,,,
ABS:LCI(1.0.0),1,115486,P2,50,Q,2016-Q2,74.34,,,,
ABS:LCI(1.0.0),1,115486,P2,50,Q,2016-Q3,73.04,,,,
ABS:LCI(1.0.0),1,115486,P2,50,Q,2016-Q4,71.58,,,,
ABS:LCI(1.0.0),1,115486,P2,50,Q,2017-Q1,75.78,,,,
ABS:LCI(1.0.0),1,115486,P2,50,Q,2017-Q2,77.29,,,,
ABS:LCI(1.0.0),1,115486,P2,50,Q,2017-Q3,76.4,,,,
ABS:LCI(1.0.0),1,115486,P2,50,Q,2017-Q4,75.07,,,,
ABS:LCI(1.0.0),1,115486,P2,50,Q,2018-Q1,79.2,,,,
ABS:LCI(1.0.0),1,115486,P2,50,Q,2018-Q2,79.98,,,,
ABS:LCI(1.0.0),1,115486,P2,50,Q,2018-Q3,78.68,,,,
ABS:LCI(1.0.0),1,115486,P2,50,Q,2018-Q4,77.66,,,,
ABS:LCI(1.0.0),1,115486,P2,50,Q,2019-Q1,81.49,,,,
ABS:LCI(1.0.0),1,115486,P2,50,Q,2019-Q2,82.26,,,,
ABS:LCI(1.0.0),1,115486,P2,50,Q,2019-Q3,81.39,,,,
ABS:LCI(1.0.0),1,115486,P2,50,Q,2019-Q4,80.25,,,,
ABS:LCI(1.0.0),1,115486,P2,50,Q,2020-Q1,83.92,,,,
ABS:LCI(1.0.0),1,115486,P2,50,Q,2020-Q2,83.05,,,,
ABS:LCI(1.0.0),1,115486,P2,50,Q,2020-Q3,81.72,,,,
ABS:LCI(1.0.0),1,115486,P2,50,Q,2020-Q4,81.45,,,,
ABS:LCI(1.0.0),1,115486,P2,50,Q,2021-Q1,86,,,,
ABS:LCI(1.0.0),1,115486,P2,50,Q,2021-Q2,86.17,,,,
ABS:LCI(1.0.0),1,115486,P2,50,Q,2021-Q3,85.28,,,,
ABS:LCI(1.0.0),1,115486,P2,50,Q,2021-Q4,84.26,,,,
ABS:LCI(1.0.0),1,115486,P2,50,Q,2022-Q1,88.92,,,,
ABS:LCI(1.0.0),1,115486,P2,50,Q,2022-Q2,88.03,,,,
ABS:LCI(1.0.0),1,115486,P2,50,Q,2022-Q3,87.22,,,,
ABS:LCI(1.0.0),1,115486,P2,50,Q,2022-Q4,87.08,,,,
ABS:LCI(1.0.0),1,115486,P2,50,Q,2023-Q1,93.88,,,,
ABS:LCI(1.0.0),1,115486,P2,50,Q,2023-Q2,93.19,,,,
ABS:LCI(1.0.0),1,115486,P2,50,Q,2023-Q3,91.68,,,,
ABS:LCI(1.0.0),1,115486,P2,50,Q,2023-Q4,91.34,,,,
ABS:LCI(1.0.0),1,115486,P2,50,Q,2024-Q1,97.12,,,,
ABS:LCI(1.0.0),1,115486,P2,50,Q,2024-Q2,97.42,,,,
ABS:LCI(1.0.0),1,115486,P2,50,Q,2024-Q3,96.27,,,,
ABS:LCI(1.0.0),1,115486,P2,50,Q,2024-Q4,95.43,,,,
ABS:LCI(1.0.0),1,115486,P2,50,Q,2025-Q1,102.07,,,,
ABS:LCI(1.0.0),1,115486,P2,50,Q,2025-Q2,101.39,,,,
ABS:LCI(1.0.0),1,115486,P2,50,Q,2025-Q3,100,,,,
ABS:LCI(1.0.0),1,115486,P2,50,Q,2025-Q4,98.67,,,,
ABS:LCI(1.0.0),1,115486,P2,50,Q,2026-Q1,104.82,,,,
ABS:LCI(1.0.0),1,115486,P2,50,Q,2026-Q2,105.22,,,,
ABS:LCI(1.0.0),1,20005,P2,50,Q,2007-Q2,68.45,,,,
ABS:LCI(1.0.0),1,20005,P2,50,Q,2007-Q3,67.77,,,,
ABS:LCI(1.0.0),1,20005,P2,50,Q,2007-Q4,69.84,,,,
ABS:LCI(1.0.0),1,20005,P2,50,Q,2008-Q1,71.59,,,,
ABS:LCI(1.0.0),1,20005,P2,50,Q,2008-Q2,74.36,,,,
ABS:LCI(1.0.0),1,20005,P2,50,Q,2008-Q3,75.36,,,,
ABS:LCI(1.0.0),1,20005,P2,50,Q,2008-Q4,69.13,,,,
ABS:LCI(1.0.0),1,20005,P2,50,Q,2009-Q1,67.52,,,,
ABS:LCI(1.0.0),1,20005,P2,50,Q,2009-Q2,68.71,,,,
ABS:LCI(1.0.0),1,20005,P2,50,Q,2009-Q3,70.4,,,,
ABS:LCI(1.0.0),1,20005,P2,50,Q,2009-Q4,69.69,,,,
ABS:LCI(1.0.0),1,20005,P2,50,Q,2010-Q1,70.89,,,,
ABS:LCI(1.0.0),1,20005,P2,50,Q,2010-Q2,71.62,,,,
ABS:LCI(1.0.0),1,20005,P2,50,Q,2010-Q3,70.95,,,,
ABS:LCI(1.0.0),1,20005,P2,50,Q,2010-Q4,71.32,,,,
ABS:LCI(1.0.0),1,20005,P2,50,Q,2011-Q1,73.72,,,,
ABS:LCI(1.0.0),1,20005,P2,50,Q,2011-Q2,74.86,,,,
ABS:LCI(1.0.0),1,20005,P2,50,Q,2011-Q3,74.97,,,,
ABS:LCI(1.0.0),1,20005,P2,50,Q,2011-Q4,75.06,,,,
ABS:LCI(1.0.0),1,20005,P2,50,Q,2012-Q1,75.98,,,,
ABS:LCI(1.0.0),1,20005,P2,50,Q,2012-Q2,76.75,,,,
ABS:LCI(1.0.0),1,20005,P2,50,Q,2012-Q3,75.94,,,,
ABS:LCI(1.0.0),1,20005,P2,50,Q,2012-Q4,76.72,,,,
ABS:LCI(1.0.0),1,20005,P2,50,Q,2013-Q1,77.17,,,,
ABS:LCI(1.0.0),1,20005,P2,50,Q,2013-Q2,76.33,,,,
ABS:LCI(1.0.0),1,20005,P2,50,Q,2013-Q3,78.71,,,,
ABS:LCI(1.0.0),1,20005,P2,50,Q,2013-Q4,78.56,,,,
ABS:LCI(1.0.0),1,20005,P2,50,Q,2014-Q1,79.62,,,,
ABS:LCI(1.0.0),1,20005,P2,50,Q,2014-Q2,78.84,,,,
ABS:LCI(1.0.0),1,20005,P2,50,Q,2014-Q3,78.64,,,,
ABS:LCI(1.0.0),1,20005,P2,50,Q,2014-Q4,76.6,,,,
ABS:LCI(1.0.0),1,20005,P2,50,Q,2015-Q1,73.49,,,,
ABS:LCI(1.0.0),1,20005,P2,50,Q,2015-Q2,76.57,,,,
ABS:LCI(1.0.0),1,20005,P2,50,Q,2015-Q3,76.58,,,,
ABS:LCI(1.0.0),1,20005,P2,50,Q,2015-Q4,75.33,,,,
ABS:LCI(1.0.0),1,20005,P2,50,Q,2016-Q1,72.81,,,,
ABS:LCI(1.0.0),1,20005,P2,50,Q,2016-Q2,73.98,,,,
ABS:LCI(1.0.0),1,20005,P2,50,Q,2016-Q3,73.4,,,,
ABS:LCI(1.0.0),1,20005,P2,50,Q,2016-Q4,74.97,,,,
ABS:LCI(1.0.0),1,20005,P2,50,Q,2017-Q1,76.49,,,,
ABS:LCI(1.0.0),1,20005,P2,50,Q,2017-Q2,75.91,,,,
ABS:LCI(1.0.0),1,20005,P2,50,Q,2017-Q3,75.73,,,,
ABS:LCI(1.0.0),1,20005,P2,50,Q,2017-Q4,78.21,,,,
ABS:LCI(1.0.0),1,20005,P2,50,Q,2018-Q1,79.01,,,,
ABS:LCI(1.0.0),1,20005,P2,50,Q,2018-Q2,80.79,,,,
ABS:LCI(1.0.0),1,20005,P2,50,Q,2018-Q3,81.42,,,,
ABS:LCI(1.0.0),1,20005,P2,50,Q,2018-Q4,80.72,,,,
ABS:LCI(1.0.0),1,20005,P2,50,Q,2019-Q1,78.66,,,,
ABS:LCI(1.0.0),1,20005,P2,50,Q,2019-Q2,82,,,,
ABS:LCI(1.0.0),1,20005,P2,50,Q,2019-Q3,81.63,,,,
ABS:LCI(1.0.0),1,20005,P2,50,Q,2019-Q4,83.12,,,,
ABS:LCI(1.0.0),1,20005,P2,50,Q,2020-Q1,81.02,,,,
ABS:LCI(1.0.0),1,20005,P2,50,Q,2020-Q2,74.3,,,,
ABS:LCI(1.0.0),1,20005,P2,50,Q,2020-Q3,77.45,,,,
ABS:LCI(1.0.0),1,20005,P2,50,Q,2020-Q4,77.98,,,,
ABS:LCI(1.0.0),1,20005,P2,50,Q,2021-Q1,81.02,,,,
ABS:LCI(1.0.0),1,20005,P2,50,Q,2021-Q2,83.66,,,,
ABS:LCI(1.0.0),1,20005,P2,50,Q,2021-Q3,86.69,,,,
ABS:LCI(1.0.0),1,20005,P2,50,Q,2021-Q4,89.49,,,,
ABS:LCI(1.0.0),1,20005,P2,50,Q,2022-Q1,93.85,,,,
ABS:LCI(1.0.0),1,20005,P2,50,Q,2022-Q2,96.22,,,,
ABS:LCI(1.0.0),1,20005,P2,50,Q,2022-Q3,95.31,,,,
ABS:LCI(1.0.0),1,20005,P2,50,Q,2022-Q4,97.06,,,,
ABS:LCI(1.0.0),1,20005,P2,50,Q,2023-Q1,97.56,,,,
ABS:LCI(1.0.0),1,20005,P2,50,Q,2023-Q2,97.43,,,,
ABS:LCI(1.0.0),1,20005,P2,50,Q,2023-Q3,100.95,,,,
ABS:LCI(1.0.0),1,20005,P2,50,Q,2023-Q4,100.8,,,,
ABS:LCI(1.0.0),1,20005,P2,50,Q,2024-Q1,101.12,,,,
ABS:LCI(1.0.0),1,20005,P2,50,Q,2024-Q2,102.13,,,,
ABS:LCI(1.0.0),1,20005,P2,50,Q,2024-Q3,99.43,,,,
ABS:LCI(1.0.0),1,20005,P2,50,Q,2024-Q4,98.69,,,,
ABS:LCI(1.0.0),1,20005,P2,50,Q,2025-Q1,99.63,,,,
ABS:LCI(1.0.0),1,20005,P2,50,Q,2025-Q2,98.8,,,,
ABS:LCI(1.0.0),1,20005,P2,50,Q,2025-Q3,100,,,,
ABS:LCI(1.0.0),1,20005,P2,50,Q,2025-Q4,100.62,,,,
ABS:LCI(1.0.0),1,20005,P2,50,Q,2026-Q1,103.03,,,,
ABS:LCI(1.0.0),1,20005,P2,50,Q,2026-Q2,102.26,,,,
ABS:LCI(1.0.0),1,115488,P3,50,Q,2007-Q2,124.4,,,,
ABS:LCI(1.0.0),1,115488,P3,50,Q,2007-Q3,124.28,,,,
ABS:LCI(1.0.0),1,115488,P3,50,Q,2007-Q4,123.79,,,,
ABS:LCI(1.0.0),1,115488,P3,50,Q,2008-Q1,123.79,,,,
ABS:LCI(1.0.0),1,115488,P3,50,Q,2008-Q2,123.79,,,,
ABS:LCI(1.0.0),1,115488,P3,50,Q,2008-Q3,123.67,,,,
ABS:LCI(1.0.0),1,115488,P3,50,Q,2008-Q4,124.04,,,,
ABS:LCI(1.0.0),1,115488,P3,50,Q,2009-Q1,124.52,,,,
ABS:LCI(1.0.0),1,115488,P3,50,Q,2009-Q2,124.78,,,,
ABS:LCI(1.0.0),1,115488,P3,50,Q,2009-Q3,124.85,,,,
ABS:LCI(1.0.0),1,115488,P3,50,Q,2009-Q4,124.77,,,,
ABS:LCI(1.0.0),1,115488,P3,50,Q,2010-Q1,124.66,,,,
ABS:LCI(1.0.0),1,115488,P3,50,Q,2010-Q2,124.6,,,,
ABS:LCI(1.0.0),1,115488,P3,50,Q,2010-Q3,124.3,,,,
ABS:LCI(1.0.0),1,115488,P3,50,Q,2010-Q4,124.32,,,,
ABS:LCI(1.0.0),1,115488,P3,50,Q,2011-Q1,124.52,,,,
ABS:LCI(1.0.0),1,115488,P3,50,Q,2011-Q2,125.06,,,,
ABS:LCI(1.0.0),1,115488,P3,50,Q,2011-Q3,125.01,,,,
ABS:LCI(1.0.0),1,115488,P3,50,Q,2011-Q4,126.32,,,,
ABS:LCI(1.0.0),1,115488,P3,50,Q,2012-Q1,126.43,,,,
ABS:LCI(1.0.0),1,115488,P3,50,Q,2012-Q2,126.08,,,,
ABS:LCI(1.0.0),1,115488,P3,50,Q,2012-Q3,126.7,,,,
ABS:LCI(1.0.0),1,115488,P3,50,Q,2012-Q4,128.31,,,,
ABS:LCI(1.0.0),1,115488,P3,50,Q,2013-Q1,128.3,,,,
ABS:LCI(1.0.0),1,115488,P3,50,Q,2013-Q2,128.83,,,,
ABS:LCI(1.0.0),1,115488,P3,50,Q,2013-Q3,128.96,,,,
ABS:LCI(1.0.0),1,115488,P3,50,Q,2013-Q4,130.45,,,,
ABS:LCI(1.0.0),1,115488,P3,50,Q,2014-Q1,130.67,,,,
ABS:LCI(1.0.0),1,115488,P3,50,Q,2014-Q2,128.42,,,,
ABS:LCI(1.0.0),1,115488,P3,50,Q,2014-Q3,126.58,,,,
ABS:LCI(1.0.0),1,115488,P3,50,Q,2014-Q4,126.44,,,,
ABS:LCI(1.0.0),1,115488,P3,50,Q,2015-Q1,124.74,,,,
ABS:LCI(1.0.0),1,115488,P3,50,Q,2015-Q2,123.93,,,,
ABS:LCI(1.0.0),1,115488,P3,50,Q,2015-Q3,121.47,,,,
ABS:LCI(1.0.0),1,115488,P3,50,Q,2015-Q4,118.55,,,,
ABS:LCI(1.0.0),1,115488,P3,50,Q,2016-Q1,116.7,,,,
ABS:LCI(1.0.0),1,115488,P3,50,Q,2016-Q2,114.99,,,,
ABS:LCI(1.0.0),1,115488,P3,50,Q,2016-Q3,112.26,,,,
ABS:LCI(1.0.0),1,115488,P3,50,Q,2016-Q4,111.45,,,,
ABS:LCI(1.0.0),1,115488,P3,50,Q,2017-Q1,111.03,,,,
ABS:LCI(1.0.0),1,115488,P3,50,Q,2017-Q2,110.53,,,,
ABS:LCI(1.0.0),1,115488,P3,50,Q,2017-Q3,108.92,,,,
ABS:LCI(1.0.0),1,115488,P3,50,Q,2017-Q4,107.5,,,,
ABS:LCI(1.0.0),1,115488,P3,50,Q,2018-Q1,107.14,,,,
ABS:LCI(1.0.0),1,115488,P3,50,Q,2018-Q2,105.69,,,,
ABS:LCI(1.0.0),1,115488,P3,50,Q,2018-Q3,104.18,,,,
ABS:LCI(1.0.0),1,115488,P3,50,Q,2018-Q4,102.73,,,,
ABS:LCI(1.0.0),1,115488,P3,50,Q,2019-Q1,102.16,,,,
ABS:LCI(1.0.0),1,115488,P3,50,Q,2019-Q2,100.95,,,,
ABS:LCI(1.0.0),1,115488,P3,50,Q,2019-Q3,99.82,,,,
ABS:LCI(1.0.0),1,115488,P3,50,Q,2019-Q4,98.85,,,,
ABS:LCI(1.0.0),1,115488,P3,50,Q,2020-Q1,98.6,,,,
ABS:LCI(1.0.0),1,115488,P3,50,Q,2020-Q2,97.32,,,,
ABS:LCI(1.0.0),1,115488,P3,50,Q,2020-Q3,96.58,,,,
ABS:LCI(1.0.0),1,115488,P3,50,Q,2020-Q4,96.24,,,,
ABS:LCI(1.0.0),1,115488,P3,50,Q,2021-Q1,96.66,,,,
ABS:LCI(1.0.0),1,115488,P3,50,Q,2021-Q2,96.08,,,,
ABS:LCI(1.0.0),1,115488,P3,50,Q,2021-Q3,95.5,,,,
ABS:LCI(1.0.0),1,115488,P3,50,Q,2021-Q4,95.65,,,,
ABS:LCI(1.0.0),1,115488,P3,50,Q,2022-Q1,95.87,,,,
ABS:LCI(1.0.0),1,115488,P3,50,Q,2022-Q2,95.93,,,,
ABS:LCI(1.0.0),1,115488,P3,50,Q,2022-Q3,97.26,,,,
ABS:LCI(1.0.0),1,115488,P3,50,Q,2022-Q4,96.83,,,,
ABS:LCI(1.0.0),1,115488,P3,50,Q,2023-Q1,96.96,,,,
ABS:LCI(1.0.0),1,115488,P3,50,Q,2023-Q2,96.45,,,,
ABS:LCI(1.0.0),1,115488,P3,50,Q,2023-Q3,98.42,,,,
ABS:LCI(1.0.0),1,115488,P3,50,Q,2023-Q4,98.73,,,,
ABS:LCI(1.0.0),1,115488,P3,50,Q,2024-Q1,98.43,,,,
ABS:LCI(1.0.0),1,115488,P3,50,Q,2024-Q2,97.71,,,,
ABS:LCI(1.0.0),1,115488,P3,50,Q,2024-Q3,98.23,,,,
ABS:LCI(1.0.0),1,115488,P3,50,Q,2024-Q4,98.76,,,,
ABS:LCI(1.0.0),1,115488,P3,50,Q,2025-Q1,98.45,,,,
ABS:LCI(1.0.0),1,115488,P3,50,Q,2025-Q2,98.63,,,,
ABS:LCI(1.0.0),1,115488,P3,50,Q,2025-Q3,100,,,,
ABS:LCI(1.0.0),1,115488,P3,50,Q,2025-Q4,100.03,,,,
ABS:LCI(1.0.0),1,115488,P3,50,Q,2026-Q1,100.06,,,,
ABS:LCI(1.0.0),1,115488,P3,50,Q,2026-Q2,100.59,,,,
ABS:LCI(1.0.0),1,115489,PBLCI,50,Q,2007-Q2,76.37,,,,
ABS:LCI(1.0.0),1,115489,PBLCI,50,Q,2007-Q3,77.29,,,,
ABS:LCI(1.0.0),1,115489,PBLCI,50,Q,2007-Q4,77.9,,,,
ABS:LCI(1.0.0),1,115489,PBLCI,50,Q,2008-Q1,77.67,,,,
ABS:LCI(1.0.0),1,115489,PBLCI,50,Q,2008-Q2,77.52,,,,
ABS:LCI(1.0.0),1,115489,PBLCI,50,Q,2008-Q3,78.36,,,,
ABS:LCI(1.0.0),1,115489,PBLCI,50,Q,2008-Q4,78.74,,,,
ABS:LCI(1.0.0),1,115489,PBLCI,50,Q,2009-Q1,78.21,,,,
ABS:LCI(1.0.0),1,115489,PBLCI,50,Q,2009-Q2,78.45,,,,
ABS:LCI(1.0.0),1,115489,PBLCI,50,Q,2009-Q3,79.13,,,,
ABS:LCI(1.0.0),1,115489,PBLCI,50,Q,2009-Q4,80.27,,,,
ABS:LCI(1.0.0),1,115489,PBLCI,50,Q,2010-Q1,79.49,,,,
ABS:LCI(1.0.0),1,115489,PBLCI,50,Q,2010-Q2,78.37,,,,
ABS:LCI(1.0.0),1,115489,PBLCI,50,Q,2010-Q3,78.8,,,,
ABS:LCI(1.0.0),1,115489,PBLCI,50,Q,2010-Q4,78.9,,,,
ABS:LCI(1.0.0),1,115489,PBLCI,50,Q,2011-Q1,78.44,,,,
ABS:LCI(1.0.0),1,115489,PBLCI,50,Q,2011-Q2,78.21,,,,
ABS:LCI(1.0.0),1,115489,PBLCI,50,Q,2011-Q3,78.68,,,,
ABS:LCI(1.0.0),1,115489,PBLCI,50,Q,2011-Q4,79.14,,,,
ABS:LCI(1.0.0),1,115489,PBLCI,50,Q,2012-Q1,77.91,,,,
ABS:LCI(1.0.0),1,115489,PBLCI,50,Q,2012-Q2,77.06,,,,
ABS:LCI(1.0.0),1,115489,PBLCI,50,Q,2012-Q3,77.55,,,,
ABS:LCI(1.0.0),1,115489,PBLCI,50,Q,2012-Q4,78,,,,
ABS:LCI(1.0.0),1,115489,PBLCI,50,Q,2013-Q1,77.6,,,,
ABS:LCI(1.0.0),1,115489,PBLCI,50,Q,2013-Q2,77.16,,,,
ABS:LCI(1.0.0),1,115489,PBLCI,50,Q,2013-Q3,78.3,,,,
ABS:LCI(1.0.0),1,115489,PBLCI,50,Q,2013-Q4,79.54,,,,
ABS:LCI(1.0.0),1,115489,PBLCI,50,Q,2014-Q1,79.49,,,,
ABS:LCI(1.0.0),1,115489,PBLCI,50,Q,2014-Q2,79.27,,,,
ABS:LCI(1.0.0),1,115489,PBLCI,50,Q,2014-Q3,79.6,,,,
ABS:LCI(1.0.0),1,115489,PBLCI,50,Q,2014-Q4,80.09,,,,
ABS:LCI(1.0.0),1,115489,PBLCI,50,Q,2015-Q1,80.75,,,,
ABS:LCI(1.0.0),1,115489,PBLCI,50,Q,2015-Q2,79.91,,,,
ABS:LCI(1.0.0),1,115489,PBLCI,50,Q,2015-Q3,80.33,,,,
ABS:LCI(1.0.0),1,115489,PBLCI,50,Q,2015-Q4,81.28,,,,
ABS:LCI(1.0.0),1,115489,PBLCI,50,Q,2016-Q1,80.66,,,,
ABS:LCI(1.0.0),1,115489,PBLCI,50,Q,2016-Q2,80.42,,,,
ABS:LCI(1.0.0),1,115489,PBLCI,50,Q,2016-Q3,80.79,,,,
ABS:LCI(1.0.0),1,115489,PBLCI,50,Q,2016-Q4,81.22,,,,
ABS:LCI(1.0.0),1,115489,PBLCI,50,Q,2017-Q1,80.94,,,,
ABS:LCI(1.0.0),1,115489,PBLCI,50,Q,2017-Q2,80.6,,,,
ABS:LCI(1.0.0),1,115489,PBLCI,50,Q,2017-Q3,81.36,,,,
ABS:LCI(1.0.0),1,115489,PBLCI,50,Q,2017-Q4,81.97,,,,
ABS:LCI(1.0.0),1,115489,PBLCI,50,Q,2018-Q1,81.41,,,,
ABS:LCI(1.0.0),1,115489,PBLCI,50,Q,2018-Q2,81.23,,,,
ABS:LCI(1.0.0),1,115489,PBLCI,50,Q,2018-Q3,82.22,,,,
ABS:LCI(1.0.0),1,115489,PBLCI,50,Q,2018-Q4,83.22,,,,
ABS:LCI(1.0.0),1,115489,PBLCI,50,Q,2019-Q1,82.21,,,,
ABS:LCI(1.0.0),1,115489,PBLCI,50,Q,2019-Q2,82.63,,,,
ABS:LCI(1.0.0),1,115489,PBLCI,50,Q,2019-Q3,83.68,,,,
ABS:LCI(1.0.0),1,115489,PBLCI,50,Q,2019-Q4,84.54,,,,
ABS:LCI(1.0.0),1,115489,PBLCI,50,Q,2020-Q1,83.43,,,,
ABS:LCI(1.0.0),1,115489,PBLCI,50,Q,2020-Q2,83,,,,
ABS:LCI(1.0.0),1,115489,PBLCI,50,Q,2020-Q3,83.57,,,,
ABS:LCI(1.0.0),1,115489,PBLCI,50,Q,2020-Q4,84.72,,,,
ABS:LCI(1.0.0),1,115489,PBLCI,50,Q,2021-Q1,84.7,,,,
ABS:LCI(1.0.0),1,115489,PBLCI,50,Q,2021-Q2,84.75,,,,
ABS:LCI(1.0.0),1,115489,PBLCI,50,Q,2021-Q3,85.5,,,,
ABS:LCI(1.0.0),1,115489,PBLCI,50,Q,2021-Q4,86.49,,,,
ABS:LCI(1.0.0),1,115489,PBLCI,50,Q,2022-Q1,87.48,,,,
ABS:LCI(1.0.0),1,115489,PBLCI,50,Q,2022-Q2,88.9,,,,
ABS:LCI(1.0.0),1,115489,PBLCI,50,Q,2022-Q3,90.08,,,,
ABS:LCI(1.0.0),1,115489,PBLCI,50,Q,2022-Q4,94.6,,,,
ABS:LCI(1.0.0),1,115489,PBLCI,50,Q,2023-Q1,95.16,,,,
ABS:LCI(1.0.0),1,115489,PBLCI,50,Q,2023-Q2,95.01,,,,
ABS:LCI(1.0.0),1,115489,PBLCI,50,Q,2023-Q3,95.27,,,,
ABS:LCI(1.0.0),1,115489,PBLCI,50,Q,2023-Q4,95.69,,,,
ABS:LCI(1.0.0),1,115489,PBLCI,50,Q,2024-Q1,96.09,,,,
ABS:LCI(1.0.0),1,115489,PBLCI,50,Q,2024-Q2,96.25,,,,
ABS:LCI(1.0.0),1,115489,PBLCI,50,Q,2024-Q3,97.59,,,,
ABS:LCI(1.0.0),1,115489,PBLCI,50,Q,2024-Q4,98.89,,,,
ABS:LCI(1.0.0),1,115489,PBLCI,50,Q,2025-Q1,97.94,,,,
ABS:LCI(1.0.0),1,115489,PBLCI,50,Q,2025-Q2,98.28,,,,
ABS:LCI(1.0.0),1,115489,PBLCI,50,Q,2025-Q3,100,,,,
ABS:LCI(1.0.0),1,115489,PBLCI,50,Q,2025-Q4,102.5,,,,
ABS:LCI(1.0.0),1,115489,PBLCI,50,Q,2026-Q1,101.71,,,,
ABS:LCI(1.0.0),1,115489,PBLCI,50,Q,2026-Q2,101.24,,,,
ABS:LCI(1.0.0),1,115493,P3,50,Q,2007-Q2,46.48,,,,
ABS:LCI(1.0.0),1,115493,P3,50,Q,2007-Q3,45.97,,,,
ABS:LCI(1.0.0),1,115493,P3,50,Q,2007-Q4,45.98,,,,
ABS:LCI(1.0.0),1,115493,P3,50,Q,2008-Q1,48.36,,,,
ABS:LCI(1.0.0),1,115493,P3,50,Q,2008-Q2,48.38,,,,
ABS:LCI(1.0.0),1,115493,P3,50,Q,2008-Q3,48.12,,,,
ABS:LCI(1.0.0),1,115493,P3,50,Q,2008-Q4,48.14,,,,
ABS:LCI(1.0.0),1,115493,P3,50,Q,2009-Q1,50.76,,,,
ABS:LCI(1.0.0),1,115493,P3,50,Q,2009-Q2,50.78,,,,
ABS:LCI(1.0.0),1,115493,P3,50,Q,2009-Q3,50.8,,,,
ABS:LCI(1.0.0),1,115493,P3,50,Q,2009-Q4,50.83,,,,
ABS:LCI(1.0.0),1,115493,P3,50,Q,2010-Q1,53.51,,,,
ABS:LCI(1.0.0),1,115493,P3,50,Q,2010-Q2,53.52,,,,
ABS:LCI(1.0.0),1,115493,P3,50,Q,2010-Q3,53.57,,,,
ABS:LCI(1.0.0),1,115493,P3,50,Q,2010-Q4,53.57,,,,
ABS:LCI(1.0.0),1,115493,P3,50,Q,2011-Q1,56.47,,,,
ABS:LCI(1.0.0),1,115493,P3,50,Q,2011-Q2,56.48,,,,
ABS:LCI(1.0.0),1,115493,P3,50,Q,2011-Q3,56.51,,,,
ABS:LCI(1.0.0),1,115493,P3,50,Q,2011-Q4,56.54,,,,
ABS:LCI(1.0.0),1,115493,P3,50,Q,2012-Q1,60.12,,,,
ABS:LCI(1.0.0),1,115493,P3,50,Q,2012-Q2,60.14,,,,
ABS:LCI(1.0.0),1,115493,P3,50,Q,2012-Q3,60.21,,,,
ABS:LCI(1.0.0),1,115493,P3,50,Q,2012-Q4,60.22,,,,
ABS:LCI(1.0.0),1,115493,P3,50,Q,2013-Q1,63.46,,,,
ABS:LCI(1.0.0),1,115493,P3,50,Q,2013-Q2,63.31,,,,
ABS:LCI(1.0.0),1,115493,P3,50,Q,2013-Q3,63.36,,,,
ABS:LCI(1.0.0),1,115493,P3,50,Q,2013-Q4,63.37,,,,
ABS:LCI(1.0.0),1,115493,P3,50,Q,2014-Q1,66.79,,,,
ABS:LCI(1.0.0),1,115493,P3,50,Q,2014-Q2,66.81,,,,
ABS:LCI(1.0.0),1,115493,P3,50,Q,2014-Q3,66.88,,,,
ABS:LCI(1.0.0),1,115493,P3,50,Q,2014-Q4,66.92,,,,
ABS:LCI(1.0.0),1,115493,P3,50,Q,2015-Q1,70.41,,,,
ABS:LCI(1.0.0),1,115493,P3,50,Q,2015-Q2,70.43,,,,
ABS:LCI(1.0.0),1,115493,P3,50,Q,2015-Q3,70.55,,,,
ABS:LCI(1.0.0),1,115493,P3,50,Q,2015-Q4,70.56,,,,
ABS:LCI(1.0.0),1,115493,P3,50,Q,2016-Q1,73.25,,,,
ABS:LCI(1.0.0),1,115493,P3,50,Q,2016-Q2,73.27,,,,
ABS:LCI(1.0.0),1,115493,P3,50,Q,2016-Q3,73.38,,,,
ABS:LCI(1.0.0),1,115493,P3,50,Q,2016-Q4,73.39,,,,
ABS:LCI(1.0.0),1,115493,P3,50,Q,2017-Q1,75.77,,,,
ABS:LCI(1.0.0),1,115493,P3,50,Q,2017-Q2,75.76,,,,
ABS:LCI(1.0.0),1,115493,P3,50,Q,2017-Q3,75.79,,,,
ABS:LCI(1.0.0),1,115493,P3,50,Q,2017-Q4,75.84,,,,
ABS:LCI(1.0.0),1,115493,P3,50,Q,2018-Q1,78.11,,,,
ABS:LCI(1.0.0),1,115493,P3,50,Q,2018-Q2,78.15,,,,
ABS:LCI(1.0.0),1,115493,P3,50,Q,2018-Q3,77.87,,,,
ABS:LCI(1.0.0),1,115493,P3,50,Q,2018-Q4,77.9,,,,
ABS:LCI(1.0.0),1,115493,P3,50,Q,2019-Q1,80.22,,,,
ABS:LCI(1.0.0),1,115493,P3,50,Q,2019-Q2,80.26,,,,
ABS:LCI(1.0.0),1,115493,P3,50,Q,2019-Q3,80.33,,,,
ABS:LCI(1.0.0),1,115493,P3,50,Q,2019-Q4,80.37,,,,
ABS:LCI(1.0.0),1,115493,P3,50,Q,2020-Q1,82.68,,,,
ABS:LCI(1.0.0),1,115493,P3,50,Q,2020-Q2,78.76,,,,
ABS:LCI(1.0.0),1,115493,P3,50,Q,2020-Q3,80.69,,,,
ABS:LCI(1.0.0),1,115493,P3,50,Q,2020-Q4,81.97,,,,
ABS:LCI(1.0.0),1,115493,P3,50,Q,2021-Q1,82.88,,,,
ABS:LCI(1.0.0),1,115493,P3,50,Q,2021-Q2,82.91,,,,
ABS:LCI(1.0.0),1,115493,P3,50,Q,2021-Q3,82.97,,,,
ABS:LCI(1.0.0),1,115493,P3,50,Q,2021-Q4,82.98,,,,
ABS:LCI(1.0.0),1,115493,P3,50,Q,2022-Q1,86.39,,,,
ABS:LCI(1.0.0),1,115493,P3,50,Q,2022-Q2,86.38,,,,
ABS:LCI(1.0.0),1,115493,P3,50,Q,2022-Q3,86.42,,,,
ABS:LCI(1.0.0),1,115493,P3,50,Q,2022-Q4,86.51,,,,
ABS:LCI(1.0.0),1,115493,P3,50,Q,2023-Q1,90.03,,,,
ABS:LCI(1.0.0),1,115493,P3,50,Q,2023-Q2,89.78,,,,
ABS:LCI(1.0.0),1,115493,P3,50,Q,2023-Q3,89.23,,,,
ABS:LCI(1.0.0),1,115493,P3,50,Q,2023-Q4,89.17,,,,
ABS:LCI(1.0.0),1,115493,P3,50,Q,2024-Q1,94.07,,,,
ABS:LCI(1.0.0),1,115493,P3,50,Q,2024-Q2,94.27,,,,
ABS:LCI(1.0.0),1,115493,P3,50,Q,2024-Q3,94.63,,,,
ABS:LCI(1.0.0),1,115493,P3,50,Q,2024-Q4,94.59,,,,
ABS:LCI(1.0.0),1,115493,P3,50,Q,2025-Q1,99.91,,,,
ABS:LCI(1.0.0),1,115493,P3,50,Q,2025-Q2,99.87,,,,
ABS:LCI(1.0.0),1,115493,P3,50,Q,2025-Q3,100,,,,
ABS:LCI(1.0.0),1,115493,P3,50,Q,2025-Q4,100.11,,,,
ABS:LCI(1.0.0),1,115493,P3,50,Q,2026-Q1,103.63,,,,
ABS:LCI(1.0.0),1,115493,P3,50,Q,2026-Q2,105.43,,,,
ABS:LCI(1.0.0),1,131279,P4,50,Q,1998-Q2,56.46,,,,
ABS:LCI(1.0.0),1,131279,P4,50,Q,1998-Q3,56.01,,,,
ABS:LCI(1.0.0),1,131279,P4,50,Q,1998-Q4,55.5,,,,
ABS:LCI(1.0.0),1,131279,P4,50,Q,1999-Q1,54.65,,,,
ABS:LCI(1.0.0),1,131279,P4,50,Q,1999-Q2,53.75,,,,
ABS:LCI(1.0.0),1,131279,P4,50,Q,1999-Q3,53.01,,,,
ABS:LCI(1.0.0),1,131279,P4,50,Q,1999-Q4,53.3,,,,
ABS:LCI(1.0.0),1,131279,P4,50,Q,2000-Q1,53.01,,,,
ABS:LCI(1.0.0),1,131279,P4,50,Q,2000-Q2,51.74,,,,
ABS:LCI(1.0.0),1,131279,P4,50,Q,2000-Q3,53.87,,,,
ABS:LCI(1.0.0),1,131279,P4,50,Q,2000-Q4,55.22,,,,
ABS:LCI(1.0.0),1,131279,P4,50,Q,2001-Q1,55.01,,,,
ABS:LCI(1.0.0),1,131279,P4,50,Q,2001-Q2,54.76,,,,
ABS:LCI(1.0.0),1,131279,P4,50,Q,2001-Q3,54.49,,,,
ABS:LCI(1.0.0),1,131279,P4,50,Q,2001-Q4,54.18,,,,
ABS:LCI(1.0.0),1,131279,P4,50,Q,2002-Q1,55.23,,,,
ABS:LCI(1.0.0),1,131279,P4,50,Q,2002-Q2,54.32,,,,
ABS:LCI(1.0.0),1,131279,P4,50,Q,2002-Q3,54.79,,,,
ABS:LCI(1.0.0),1,131279,P4,50,Q,2002-Q4,55,,,,
ABS:LCI(1.0.0),1,131279,P4,50,Q,2003-Q1,55.35,,,,
ABS:LCI(1.0.0),1,131279,P4,50,Q,2003-Q2,56.05,,,,
ABS:LCI(1.0.0),1,131279,P4,50,Q,2003-Q3,56.43,,,,
ABS:LCI(1.0.0),1,131279,P4,50,Q,2003-Q4,56.67,,,,
ABS:LCI(1.0.0),1,131279,P4,50,Q,2004-Q1,56.89,,,,
ABS:LCI(1.0.0),1,131279,P4,50,Q,2004-Q2,57.63,,,,
ABS:LCI(1.0.0),1,131279,P4,50,Q,2004-Q3,59.36,,,,
ABS:LCI(1.0.0),1,131279,P4,50,Q,2004-Q4,59.66,,,,
ABS:LCI(1.0.0),1,131279,P4,50,Q,2005-Q1,60.15,,,,
ABS:LCI(1.0.0),1,131279,P4,50,Q,2005-Q2,60.51,,,,
ABS:LCI(1.0.0),1,131279,P4,50,Q,2005-Q3,60.96,,,,
ABS:LCI(1.0.0),1,131279,P4,50,Q,2005-Q4,60.39,,,,
ABS:LCI(1.0.0),1,131279,P4,50,Q,2006-Q1,60.66,,,,
ABS:LCI(1.0.0),1,131279,P4,50,Q,2006-Q2,61.4,,,,
ABS:LCI(1.0.0),1,131279,P4,50,Q,2006-Q3,62.52,,,,
ABS:LCI(1.0.0),1,131279,P4,50,Q,2006-Q4,63.67,,,,
ABS:LCI(1.0.0),1,131279,P4,50,Q,2007-Q1,64.57,,,,
ABS:LCI(1.0.0),1,131279,P4,50,Q,2007-Q2,64.57,,,,
ABS:LCI(1.0.0),1,131279,P4,50,Q,2007-Q3,66.67,,,,
ABS:LCI(1.0.0),1,131279,P4,50,Q,2007-Q4,68.12,,,,
ABS:LCI(1.0.0),1,131279,P4,50,Q,2008-Q1,70.35,,,,
ABS:LCI(1.0.0),1,131279,P4,50,Q,2008-Q2,71.8,,,,
ABS:LCI(1.0.0),1,131279,P4,50,Q,2008-Q3,74.23,,,,
ABS:LCI(1.0.0),1,131279,P4,50,Q,2008-Q4,78.09,,,,
ABS:LCI(1.0.0),1,131279,P4,50,Q,2009-Q1,74.73,,,,
ABS:LCI(1.0.0),1,131279,P4,50,Q,2009-Q2,72.68,,,,
ABS:LCI(1.0.0),1,131279,P4,50,Q,2009-Q3,72.84,,,,
ABS:LCI(1.0.0),1,131279,P4,50,Q,2009-Q4,74.55,,,,
ABS:LCI(1.0.0),1,131279,P4,50,Q,2010-Q1,77.16,,,,
ABS:LCI(1.0.0),1,131279,P4,50,Q,2010-Q2,79.01,,,,
ABS:LCI(1.0.0),1,131279,P4,50,Q,2010-Q3,80.75,,,,
ABS:LCI(1.0.0),1,131279,P4,50,Q,2010-Q4,82.77,,,,
ABS:LCI(1.0.0),1,131279,P4,50,Q,2011-Q1,84.21,,,,
ABS:LCI(1.0.0),1,131279,P4,50,Q,2011-Q2,84.8,,,,
ABS:LCI(1.0.0),1,131279,P4,50,Q,2011-Q3,86.89,,,,
ABS:LCI(1.0.0),1,131279,P4,50,Q,2011-Q4,87.24,,,,
ABS:LCI(1.0.0),1,131279,P4,50,Q,2012-Q1,86.45,,,,
ABS:LCI(1.0.0),1,131279,P4,50,Q,2012-Q2,86.49,,,,
ABS:LCI(1.0.0),1,131279,P4,50,Q,2012-Q3,85.79,,,,
ABS:LCI(1.0.0),1,131279,P4,50,Q,2012-Q4,85.62,,,,
ABS:LCI(1.0.0),1,131279,P4,50,Q,2013-Q1,85.5,,,,
ABS:LCI(1.0.0),1,131279,P4,50,Q,2013-Q2,84.18,,,,
ABS:LCI(1.0.0),1,131279,P4,50,Q,2013-Q3,84.89,,,,
ABS:LCI(1.0.0),1,131279,P4,50,Q,2013-Q4,84.56,,,,
ABS:LCI(1.0.0),1,131279,P4,50,Q,2014-Q1,85.32,,,,
ABS:LCI(1.0.0),1,131279,P4,50,Q,2014-Q2,84.23,,,,
ABS:LCI(1.0.0),1,131279,P4,50,Q,2014-Q3,85,,,,
ABS:LCI(1.0.0),1,131279,P4,50,Q,2014-Q4,84.37,,,,
ABS:LCI(1.0.0),1,131279,P4,50,Q,2015-Q1,84.79,,,,
ABS:LCI(1.0.0),1,131279,P4,50,Q,2015-Q2,83.75,,,,
ABS:LCI(1.0.0),1,131279,P4,50,Q,2015-Q3,84.26,,,,
ABS:LCI(1.0.0),1,131279,P4,50,Q,2015-Q4,84.01,,,,
ABS:LCI(1.0.0),1,131279,P4,50,Q,2016-Q1,84.61,,,,
ABS:LCI(1.0.0),1,131279,P4,50,Q,2016-Q2,84.78,,,,
ABS:LCI(1.0.0),1,131279,P4,50,Q,2016-Q3,85.3,,,,
ABS:LCI(1.0.0),1,131279,P4,50,Q,2016-Q4,84.81,,,,
ABS:LCI(1.0.0),1,131279,P4,50,Q,2017-Q1,84.56,,,,
ABS:LCI(1.0.0),1,131279,P4,50,Q,2017-Q2,84.9,,,,
ABS:LCI(1.0.0),1,131279,P4,50,Q,2017-Q3,85.9,,,,
ABS:LCI(1.0.0),1,131279,P4,50,Q,2017-Q4,85.98,,,,
ABS:LCI(1.0.0),1,131279,P4,50,Q,2018-Q1,87.03,,,,
ABS:LCI(1.0.0),1,131279,P4,50,Q,2018-Q2,86.73,,,,
ABS:LCI(1.0.0),1,131279,P4,50,Q,2018-Q3,87.38,,,,
ABS:LCI(1.0.0),1,131279,P4,50,Q,2018-Q4,87.32,,,,
ABS:LCI(1.0.0),1,131279,P4,50,Q,2019-Q1,86.7,,,,
ABS:LCI(1.0.0),1,131279,P4,50,Q,2019-Q2,86.69,,,,
ABS:LCI(1.0.0),1,131279,P4,50,Q,2019-Q3,87.61,,,,
ABS:LCI(1.0.0),1,131279,P4,50,Q,2019-Q4,87.17,,,,
ABS:LCI(1.0.0),1,131279,P4,50,Q,2020-Q1,87.02,,,,
ABS:LCI(1.0.0),1,131279,P4,50,Q,2020-Q2,88.56,,,,
ABS:LCI(1.0.0),1,131279,P4,50,Q,2020-Q3,85.18,,,,
ABS:LCI(1.0.0),1,131279,P4,50,Q,2020-Q4,82.75,,,,
ABS:LCI(1.0.0),1,131279,P4,50,Q,2021-Q1,82.04,,,,
ABS:LCI(1.0.0),1,131279,P4,50,Q,2021-Q2,80.72,,,,
ABS:LCI(1.0.0),1,131279,P4,50,Q,2021-Q3,81.6,,,,
ABS:LCI(1.0.0),1,131279,P4,50,Q,2021-Q4,79.5,,,,
ABS:LCI(1.0.0),1,131279,P4,50,Q,2022-Q1,78.39,,,,
ABS:LCI(1.0.0),1,131279,P4,50,Q,2022-Q2,77.69,,,,
ABS:LCI(1.0.0),1,131279,P4,50,Q,2022-Q3,78.47,,,,
ABS:LCI(1.0.0),1,131279,P4,50,Q,2022-Q4,79.95,,,,
ABS:LCI(1.0.0),1,131279,P4,50,Q,2023-Q1,82.31,,,,
ABS:LCI(1.0.0),1,131279,P4,50,Q,2023-Q2,83.54,,,,
ABS:LCI(1.0.0),1,131279,P4,50,Q,2023-Q3,86.4,,,,
ABS:LCI(1.0.0),1,131279,P4,50,Q,2023-Q4,88.89,,,,
ABS:LCI(1.0.0),1,131279,P4,50,Q,2024-Q1,90.98,,,,
ABS:LCI(1.0.0),1,131279,P4,50,Q,2024-Q2,92.91,,,,
ABS:LCI(1.0.0),1,131279,P4,50,Q,2024-Q3,95.83,,,,
ABS:LCI(1.0.0),1,131279,P4,50,Q,2024-Q4,96.06,,,,
ABS:LCI(1.0.0),1,131279,P4,50,Q,2025-Q1,98.49,,,,
ABS:LCI(1.0.0),1,131279,P4,50,Q,2025-Q2,99.66,,,,
ABS:LCI(1.0.0),1,131279,P4,50,Q,2025-Q3,100,,,,
ABS:LCI(1.0.0),1,131279,P4,50,Q,2025-Q4,99.48,,,,
ABS:LCI(1.0.0),1,131279,P4,50,Q,2026-Q1,100.87,,,,
ABS:LCI(1.0.0),1,131279,P4,50,Q,2026-Q2,102.03,,,,
ABS:LCI(1.0.0),2,20001,P4,50,Q,2007-Q3,2.3,,,,
ABS:LCI(1.0.0),2,20001,P4,50,Q,2007-Q4,-0.8,,,,
ABS:LCI(1.0.0),2,20001,P4,50,Q,2008-Q1,2,,,,
ABS:LCI(1.0.0),2,20001,P4,50,Q,2008-Q2,-0.4,,,,
ABS:LCI(1.0.0),2,20001,P4,50,Q,2008-Q3,1.5,,,,
ABS:LCI(1.0.0),2,20001,P4,50,Q,2008-Q4,2.2,,,,
ABS:LCI(1.0.0),2,20001,P4,50,Q,2009-Q1,2.4,,,,
ABS:LCI(1.0.0),2,20001,P4,50,Q,2009-Q2,-1.3,,,,
ABS:LCI(1.0.0),2,20001,P4,50,Q,2009-Q3,-1.1,,,,
ABS:LCI(1.0.0),2,20001,P4,50,Q,2009-Q4,1.9,,,,
ABS:LCI(1.0.0),2,20001,P4,50,Q,2010-Q1,1,,,,
ABS:LCI(1.0.0),2,20001,P4,50,Q,2010-Q2,-0.6,,,,
ABS:LCI(1.0.0),2,20001,P4,50,Q,2010-Q3,-0.5,,,,
ABS:LCI(1.0.0),2,20001,P4,50,Q,2010-Q4,2.6,,,,
ABS:LCI(1.0.0),2,20001,P4,50,Q,2011-Q1,3.4,,,,
ABS:LCI(1.0.0),2,20001,P4,50,Q,2011-Q2,2,,,,
ABS:LCI(1.0.0),2,20001,P4,50,Q,2011-Q3,-0.4,,,,
ABS:LCI(1.0.0),2,20001,P4,50,Q,2011-Q4,-1.9,,,,
ABS:LCI(1.0.0),2,20001,P4,50,Q,2012-Q1,-2.9,,,,
ABS:LCI(1.0.0),2,20001,P4,50,Q,2012-Q2,0.6,,,,
ABS:LCI(1.0.0),2,20001,P4,50,Q,2012-Q3,2.1,,,,
ABS:LCI(1.0.0),2,20001,P4,50,Q,2012-Q4,-0.3,,,,
ABS:LCI(1.0.0),2,20001,P4,50,Q,2013-Q1,-1,,,,
ABS:LCI(1.0.0),2,20001,P4,50,Q,2013-Q2,0.1,,,,
ABS:LCI(1.0.0),2,20001,P4,50,Q,2013-Q3,0.2,,,,
ABS:LCI(1.0.0),2,20001,P4,50,Q,2013-Q4,1.8,,,,
ABS:LCI(1.0.0),2,20001,P4,50,Q,2014-Q1,0.2,,,,
ABS:LCI(1.0.0),2,20001,P4,50,Q,2014-Q2,0.5,,,,
ABS:LCI(1.0.0),2,20001,P4,50,Q,2014-Q3,1.5,,,,
ABS:LCI(1.0.0),2,20001,P4,50,Q,2014-Q4,0,,,,
ABS:LCI(1.0.0),2,20001,P4,50,Q,2015-Q1,0.1,,,,
ABS:LCI(1.0.0),2,20001,P4,50,Q,2015-Q2,-0.2,,,,
ABS:LCI(1.0.0),2,20001,P4,50,Q,2015-Q3,0.1,,,,
ABS:LCI(1.0.0),2,20001,P4,50,Q,2015-Q4,0.3,,,,
ABS:LCI(1.0.0),2,20001,P4,50,Q,2016-Q1,-0.4,,,,
ABS:LCI(1.0.0),2,20001,P4,50,Q,2016-Q2,-0.2,,,,
ABS:LCI(1.0.0),2,20001,P4,50,Q,2016-Q3,2.2,,,,
ABS:LCI(1.0.0),2,20001,P4,50,Q,2016-Q4,0.6,,,,
ABS:LCI(1.0.0),2,20001,P4,50,Q,2017-Q1,-0.3,,,,
ABS:LCI(1.0.0),2,20001,P4,50,Q,2017-Q2,-0.3,,,,
ABS:LCI(1.0.0),2,20001,P4,50,Q,2017-Q3,-1,,,,
ABS:LCI(1.0.0),2,20001,P4,50,Q,2017-Q4,1.3,,,,
ABS:LCI(1.0.0),2,20001,P4,50,Q,2018-Q1,0.4,,,,
ABS:LCI(1.0.0),2,20001,P4,50,Q,2018-Q2,-0.5,,,,
ABS:LCI(1.0.0),2,20001,P4,50,Q,2018-Q3,0.5,,,,
ABS:LCI(1.0.0),2,20001,P4,50,Q,2018-Q4,1,,,,
ABS:LCI(1.0.0),2,20001,P4,50,Q,2019-Q1,1.4,,,,
ABS:LCI(1.0.0),2,20001,P4,50,Q,2019-Q2,-0.5,,,,
ABS:LCI(1.0.0),2,20001,P4,50,Q,2019-Q3,0.4,,,,
ABS:LCI(1.0.0),2,20001,P4,50,Q,2019-Q4,1.4,,,,
ABS:LCI(1.0.0),2,20001,P4,50,Q,2020-Q1,2.1,,,,
ABS:LCI(1.0.0),2,20001,P4,50,Q,2020-Q2,0.5,,,,
ABS:LCI(1.0.0),2,20001,P4,50,Q,2020-Q3,-0.4,,,,
ABS:LCI(1.0.0),2,20001,P4,50,Q,2020-Q4,0.2,,,,
ABS:LCI(1.0.0),2,20001,P4,50,Q,2021-Q1,0.3,,,,
ABS:LCI(1.0.0),2,20001,P4,50,Q,2021-Q2,0.6,,,,
ABS:LCI(1.0.0),2,20001,P4,50,Q,2021-Q3,0.1,,,,
ABS:LCI(1.0.0),2,20001,P4,50,Q,2021-Q4,0.6,,,,
ABS:LCI(1.0.0),2,20001,P4,50,Q,2022-Q1,2.9,,,,
ABS:LCI(1.0.0),2,20001,P4,50,Q,2022-Q2,2.1,,,,
ABS:LCI(1.0.0),2,20001,P4,50,Q,2022-Q3,3.3,,,,
ABS:LCI(1.0.0),2,20001,P4,50,Q,2022-Q4,0.8,,,,
ABS:LCI(1.0.0),2,20001,P4,50,Q,2023-Q1,1.6,,,,
ABS:LCI(1.0.0),2,20001,P4,50,Q,2023-Q2,1.4,,,,
ABS:LCI(1.0.0),2,20001,P4,50,Q,2023-Q3,0.5,,,,
ABS:LCI(1.0.0),2,20001,P4,50,Q,2023-Q4,0.4,,,,
ABS:LCI(1.0.0),2,20001,P4,50,Q,2024-Q1,0.8,,,,
ABS:LCI(1.0.0),2,20001,P4,50,Q,2024-Q2,1.3,,,,
ABS:LCI(1.0.0),2,20001,P4,50,Q,2024-Q3,0.7,,,,
ABS:LCI(1.0.0),2,20001,P4,50,Q,2024-Q4,0.2,,,,
ABS:LCI(1.0.0),2,20001,P4,50,Q,2025-Q1,1.2,,,,
ABS:LCI(1.0.0),2,20001,P4,50,Q,2025-Q2,1,,,,
ABS:LCI(1.0.0),2,20001,P4,50,Q,2025-Q3,0.8,,,,
ABS:LCI(1.0.0),2,20001,P4,50,Q,2025-Q4,0.5,,,,
ABS:LCI(1.0.0),2,20001,P4,50,Q,2026-Q1,1,,,,
ABS:LCI(1.0.0),2,20001,P4,50,Q,2026-Q2,1,,,,
ABS:LCI(1.0.0),2,115528,P1,50,Q,2003-Q2,0.6,,,,
ABS:LCI(1.0.0),2,115528,P1,50,Q,2003-Q3,1.3,,,,
ABS:LCI(1.0.0),2,115528,P1,50,Q,2003-Q4,0.4,,,,
ABS:LCI(1.0.0),2,115528,P1,50,Q,2004-Q1,1,,,,
ABS:LCI(1.0.0),2,115528,P1,50,Q,2004-Q2,-0.2,,,,
ABS:LCI(1.0.0),2,115528,P1,50,Q,2004-Q3,1.1,,,,
ABS:LCI(1.0.0),2,115528,P1,50,Q,2004-Q4,0,,,,
ABS:LCI(1.0.0),2,115528,P1,50,Q,2005-Q1,0.4,,,,
ABS:LCI(1.0.0),2,115528,P1,50,Q,2005-Q2,0.6,,,,
ABS:LCI(1.0.0),2,115528,P1,50,Q,2005-Q3,0.9,,,,
ABS:LCI(1.0.0),2,115528,P1,50,Q,2005-Q4,0.9,,,,
ABS:LCI(1.0.0),2,115528,P1,50,Q,2006-Q1,0.4,,,,
ABS:LCI(1.0.0),2,115528,P1,50,Q,2006-Q2,0.4,,,,
ABS:LCI(1.0.0),2,115528,P1,50,Q,2006-Q3,0.8,,,,
ABS:LCI(1.0.0),2,115528,P1,50,Q,2006-Q4,0,,,,
ABS:LCI(1.0.0),2,115528,P1,50,Q,2007-Q1,0.4,,,,
ABS:LCI(1.0.0),2,115528,P1,50,Q,2007-Q2,0.5,,,,
ABS:LCI(1.0.0),2,115528,P1,50,Q,2007-Q3,1,,,,
ABS:LCI(1.0.0),2,115528,P1,50,Q,2007-Q4,1,,,,
ABS:LCI(1.0.0),2,115528,P1,50,Q,2008-Q1,1.9,,,,
ABS:LCI(1.0.0),2,115528,P1,50,Q,2008-Q2,2.1,,,,
ABS:LCI(1.0.0),2,115528,P1,50,Q,2008-Q3,3.4,,,,
ABS:LCI(1.0.0),2,115528,P1,50,Q,2008-Q4,2.1,,,,
ABS:LCI(1.0.0),2,115528,P1,50,Q,2009-Q1,3.2,,,,
ABS:LCI(1.0.0),2,115528,P1,50,Q,2009-Q2,1.7,,,,
ABS:LCI(1.0.0),2,115528,P1,50,Q,2009-Q3,2.7,,,,
ABS:LCI(1.0.0),2,115528,P1,50,Q,2009-Q4,0.7,,,,
ABS:LCI(1.0.0),2,115528,P1,50,Q,2010-Q1,2.1,,,,
ABS:LCI(1.0.0),2,115528,P1,50,Q,2010-Q2,-0.6,,,,
ABS:LCI(1.0.0),2,115528,P1,50,Q,2010-Q3,2.4,,,,
ABS:LCI(1.0.0),2,115528,P1,50,Q,2010-Q4,0.3,,,,
ABS:LCI(1.0.0),2,115528,P1,50,Q,2011-Q1,1.1,,,,
ABS:LCI(1.0.0),2,115528,P1,50,Q,2011-Q2,1.2,,,,
ABS:LCI(1.0.0),2,115528,P1,50,Q,2011-Q3,-1.4,,,,
ABS:LCI(1.0.0),2,115528,P1,50,Q,2011-Q4,1,,,,
ABS:LCI(1.0.0),2,115528,P1,50,Q,2012-Q1,0.3,,,,
ABS:LCI(1.0.0),2,115528,P1,50,Q,2012-Q2,0.5,,,,
ABS:LCI(1.0.0),2,115528,P1,50,Q,2012-Q3,1.7,,,,
ABS:LCI(1.0.0),2,115528,P1,50,Q,2012-Q4,1.7,,,,
ABS:LCI(1.0.0),2,115528,P1,50,Q,2013-Q1,3.2,,,,
ABS:LCI(1.0.0),2,115528,P1,50,Q,2013-Q2,-0.3,,,,
ABS:LCI(1.0.0),2,115528,P1,50,Q,2013-Q3,-1,,,,
ABS:LCI(1.0.0),2,115528,P1,50,Q,2013-Q4,-0.3,,,,
ABS:LCI(1.0.0),2,115528,P1,50,Q,2014-Q1,-0.1,,,,
ABS:LCI(1.0.0),2,115528,P1,50,Q,2014-Q2,-0.8,,,,
ABS:LCI(1.0.0),2,115528,P1,50,Q,2014-Q3,0.9,,,,
ABS:LCI(1.0.0),2,115528,P1,50,Q,2014-Q4,1.2,,,,
ABS:LCI(1.0.0),2,115528,P1,50,Q,2015-Q1,0.2,,,,
ABS:LCI(1.0.0),2,115528,P1,50,Q,2015-Q2,0.4,,,,
ABS:LCI(1.0.0),2,115528,P1,50,Q,2015-Q3,1.1,,,,
ABS:LCI(1.0.0),2,115528,P1,50,Q,2015-Q4,1.9,,,,
ABS:LCI(1.0.0),2,115528,P1,50,Q,2016-Q1,1.5,,,,
ABS:LCI(1.0.0),2,115528,P1,50,Q,2016-Q2,1.2,,,,
ABS:LCI(1.0.0),2,115528,P1,50,Q,2016-Q3,3.5,,,,
ABS:LCI(1.0.0),2,115528,P1,50,Q,2016-Q4,1.2,,,,
ABS:LCI(1.0.0),2,115528,P1,50,Q,2017-Q1,1.9,,,,
ABS:LCI(1.0.0),2,115528,P1,50,Q,2017-Q2,-0.5,,,,
ABS:LCI(1.0.0),2,115528,P1,50,Q,2017-Q3,1.2,,,,
ABS:LCI(1.0.0),2,115528,P1,50,Q,2017-Q4,1.4,,,,
ABS:LCI(1.0.0),2,115528,P1,50,Q,2018-Q1,0.3,,,,
ABS:LCI(1.0.0),2,115528,P1,50,Q,2018-Q2,0.8,,,,
ABS:LCI(1.0.0),2,115528,P1,50,Q,2018-Q3,1,,,,
ABS:LCI(1.0.0),2,115528,P1,50,Q,2018-Q4,0.8,,,,
ABS:LCI(1.0.0),2,115528,P1,50,Q,2019-Q1,-0.3,,,,
ABS:LCI(1.0.0),2,115528,P1,50,Q,2019-Q2,0,,,,
ABS:LCI(1.0.0),2,115528,P1,50,Q,2019-Q3,0.2,,,,
ABS:LCI(1.0.0),2,115528,P1,50,Q,2019-Q4,0.3,,,,
ABS:LCI(1.0.0),2,115528,P1,50,Q,2020-Q1,0.5,,,,
ABS:LCI(1.0.0),2,115528,P1,50,Q,2020-Q2,0.5,,,,
ABS:LCI(1.0.0),2,115528,P1,50,Q,2020-Q3,0.3,,,,
ABS:LCI(1.0.0),2,115528,P1,50,Q,2020-Q4,0.5,,,,
ABS:LCI(1.0.0),2,115528,P1,50,Q,2021-Q1,-0.1,,,,
ABS:LCI(1.0.0),2,115528,P1,50,Q,2021-Q2,1.7,,,,
ABS:LCI(1.0.0),2,115528,P1,50,Q,2021-Q3,1.5,,,,
ABS:LCI(1.0.0),2,115528,P1,50,Q,2021-Q4,0.8,,,,
ABS:LCI(1.0.0),2,115528,P1,50,Q,2022-Q1,1.2,,,,
ABS:LCI(1.0.0),2,115528,P1,50,Q,2022-Q2,0.6,,,,
ABS:LCI(1.0.0),2,115528,P1,50,Q,2022-Q3,2.1,,,,
ABS:LCI(1.0.0),2,115528,P1,50,Q,2022-Q4,2.3,,,,
ABS:LCI(1.0.0),2,115528,P1,50,Q,2023-Q1,3.9,,,,
ABS:LCI(1.0.0),2,115528,P1,50,Q,2023-Q2,4.8,,,,
ABS:LCI(1.0.0),2,115528,P1,50,Q,2023-Q3,2.8,,,,
ABS:LCI(1.0.0),2,115528,P1,50,Q,2023-Q4,4.4,,,,
ABS:LCI(1.0.0),2,115528,P1,50,Q,2024-Q1,4.1,,,,
ABS:LCI(1.0.0),2,115528,P1,50,Q,2024-Q2,3.2,,,,
ABS:LCI(1.0.0),2,115528,P1,50,Q,2024-Q3,2.4,,,,
ABS:LCI(1.0.0),2,115528,P1,50,Q,2024-Q4,0.7,,,,
ABS:LCI(1.0.0),2,115528,P1,50,Q,2025-Q1,0.1,,,,
ABS:LCI(1.0.0),2,115528,P1,50,Q,2025-Q2,-0.5,,,,
ABS:LCI(1.0.0),2,115528,P1,50,Q,2025-Q3,1.5,,,,
ABS:LCI(1.0.0),2,115528,P1,50,Q,2025-Q4,0.9,,,,
ABS:LCI(1.0.0),2,115528,P1,50,Q,2026-Q1,2.5,,,,
ABS:LCI(1.0.0),2,115528,P1,50,Q,2026-Q2,0.8,,,,
ABS:LCI(1.0.0),3,10001,P3,50,Q,1999-Q2,1.4,,,,
ABS:LCI(1.0.0),3,10001,P3,50,Q,1999-Q3,1.7,,,,
ABS:LCI(1.0.0),3,10001,P3,50,Q,1999-Q4,1.9,,,,
ABS:LCI(1.0.0),3,10001,P3,50,Q,2000-Q1,3,,,,
ABS:LCI(1.0.0),3,10001,P3,50,Q,2000-Q2,3.3,,,,
ABS:LCI(1.0.0),3,10001,P3,50,Q,2000-Q3,5.9,,,,
ABS:LCI(1.0.0),3,10001,P3,50,Q,2000-Q4,5.9,,,,
ABS:LCI(1.0.0),3,10001,P3,50,Q,2001-Q1,6.1,,,,
ABS:LCI(1.0.0),3,10001,P3,50,Q,2001-Q2,5.9,,,,
ABS:LCI(1.0.0),3,10001,P3,50,Q,2001-Q3,2.7,,,,
ABS:LCI(1.0.0),3,10001,P3,50,Q,2001-Q4,3,,,,
ABS:LCI(1.0.0),3,10001,P3,50,Q,2002-Q1,2.5,,,,
ABS:LCI(1.0.0),3,10001,P3,50,Q,2002-Q2,2.3,,,,
ABS:LCI(1.0.0),3,10001,P3,50,Q,2002-Q3,3,,,,
ABS:LCI(1.0.0),3,10001,P3,50,Q,2002-Q4,2.8,,,,
ABS:LCI(1.0.0),3,10001,P3,50,Q,2003-Q1,3.7,,,,
ABS:LCI(1.0.0),3,10001,P3,50,Q,2003-Q2,2.8,,,,
ABS:LCI(1.0.0),3,10001,P3,50,Q,2003-Q3,2.5,,,,
ABS:LCI(1.0.0),3,10001,P3,50,Q,2003-Q4,2.4,,,,
ABS:LCI(1.0.0),3,10001,P3,50,Q,2004-Q1,2,,,,
ABS:LCI(1.0.0),3,10001,P3,50,Q,2004-Q2,2.6,,,,
ABS:LCI(1.0.0),3,10001,P3,50,Q,2004-Q3,2.5,,,,
ABS:LCI(1.0.0),3,10001,P3,50,Q,2004-Q4,2.8,,,,
ABS:LCI(1.0.0),3,10001,P3,50,Q,2005-Q1,2.3,,,,
ABS:LCI(1.0.0),3,10001,P3,50,Q,2005-Q2,2.7,,,,
ABS:LCI(1.0.0),3,10001,P3,50,Q,2005-Q3,3.4,,,,
ABS:LCI(1.0.0),3,10001,P3,50,Q,2005-Q4,3.3,,,,
ABS:LCI(1.0.0),3,10001,P3,50,Q,2006-Q1,3.5,,,,
ABS:LCI(1.0.0),3,10001,P3,50,Q,2006-Q2,4.6,,,,
ABS:LCI(1.0.0),3,10001,P3,50,Q,2006-Q3,4.8,,,,
ABS:LCI(1.0.0),3,10001,P3,50,Q,2006-Q4,4.2,,,,
ABS:LCI(1.0.0),3,10001,P3,50,Q,2007-Q1,3.3,,,,
ABS:LCI(1.0.0),3,10001,P3,50,Q,2007-Q2,2.8,,,,
ABS:LCI(1.0.0),3,10001,P3,50,Q,2007-Q3,2.4,,,,
ABS:LCI(1.0.0),3,10001,P3,50,Q,2007-Q4,3.3,,,,
ABS:LCI(1.0.0),3,10001,P3,50,Q,2008-Q1,4.8,,,,
ABS:LCI(1.0.0),3,10001,P3,50,Q,2008-Q2,5,,,,
ABS:LCI(1.0.0),3,10001,P3,50,Q,2008-Q3,5.5,,,,
ABS:LCI(1.0.0),3,10001,P3,50,Q,2008-Q4,4.4,,,,
ABS:LCI(1.0.0),3,10001,P3,50,Q,2009-Q1,3.5,,,,
ABS:LCI(1.0.0),3,10001,P3,50,Q,2009-Q2,1.9,,,,
ABS:LCI(1.0.0),3,10001,P3,50,Q,2009-Q3,1.6,,,,
ABS:LCI(1.0.0),3,10001,P3,50,Q,2009-Q4,2.4,,,,
ABS:LCI(1.0.0),3,10001,P3,50,Q,2010-Q1,2.7,,,,
ABS:LCI(1.0.0),3,10001,P3,50,Q,2010-Q2,4.3,,,,
ABS:LCI(1.0.0),3,10001,P3,50,Q,2010-Q3,4.4,,,,
ABS:LCI(1.0.0),3,10001,P3,50,Q,2010-Q4,4.5,,,,
ABS:LCI(1.0.0),3,10001,P3,50,Q,2011-Q1,5.1,,,,
ABS:LCI(1.0.0),3,10001,P3,50,Q,2011-Q2,4.6,,,,
ABS:LCI(1.0.0),3,10001,P3,50,Q,2011-Q3,4.1,,,,
ABS:LCI(1.0.0),3,10001,P3,50,Q,2011-Q4,3.3,,,,
ABS:LCI(1.0.0),3,10001,P3,50,Q,2012-Q1,1.6,,,,
ABS:LCI(1.0.0),3,10001,P3,50,Q,2012-Q2,1.3,,,,
ABS:LCI(1.0.0),3,10001,P3,50,Q,2012-Q3,1.9,,,,
ABS:LCI(1.0.0),3,10001,P3,50,Q,2012-Q4,2,,,,
ABS:LCI(1.0.0),3,10001,P3,50,Q,2013-Q1,2.3,,,,
ABS:LCI(1.0.0),3,10001,P3,50,Q,2013-Q2,2.2,,,,
ABS:LCI(1.0.0),3,10001,P3,50,Q,2013-Q3,2,,,,
ABS:LCI(1.0.0),3,10001,P3,50,Q,2013-Q4,2.4,,,,
ABS:LCI(1.0.0),3,10001,P3,50,Q,2014-Q1,3.1,,,,
ABS:LCI(1.0.0),3,10001,P3,50,Q,2014-Q2,3.1,,,,
ABS:LCI(1.0.0),3,10001,P3,50,Q,2014-Q3,2.3,,,,
ABS:LCI(1.0.0),3,10001,P3,50,Q,2014-Q4,1.9,,,,
ABS:LCI(1.0.0),3,10001,P3,50,Q,2015-Q1,1,,,,
ABS:LCI(1.0.0),3,10001,P3,50,Q,2015-Q2,1.2,,,,
ABS:LCI(1.0.0),3,10001,P3,50,Q,2015-Q3,1,,,,
ABS:LCI(1.0.0),3,10001,P3,50,Q,2015-Q4,1.4,,,,
ABS:LCI(1.0.0),3,10001,P3,50,Q,2016-Q1,1.2,,,,
ABS:LCI(1.0.0),3,10001,P3,50,Q,2016-Q2,1.1,,,,
ABS:LCI(1.0.0),3,10001,P3,50,Q,2016-Q3,1.6,,,,
ABS:LCI(1.0.0),3,10001,P3,50,Q,2016-Q4,1.8,,,,
ABS:LCI(1.0.0),3,10001,P3,50,Q,2017-Q1,2.4,,,,
ABS:LCI(1.0.0),3,10001,P3,50,Q,2017-Q2,2.1,,,,
ABS:LCI(1.0.0),3,10001,P3,50,Q,2017-Q3,2.2,,,,
ABS:LCI(1.0.0),3,10001,P3,50,Q,2017-Q4,2.4,,,,
ABS:LCI(1.0.0),3,10001,P3,50,Q,2018-Q1,2.5,,,,
ABS:LCI(1.0.0),3,10001,P3,50,Q,2018-Q2,2.7,,,,
ABS:LCI(1.0.0),3,10001,P3,50,Q,2018-Q3,2.3,,,,
ABS:LCI(1.0.0),3,10001,P3,50,Q,2018-Q4,2.1,,,,
ABS:LCI(1.0.0),3,10001,P3,50,Q,2019-Q1,1.6,,,,
ABS:LCI(1.0.0),3,10001,P3,50,Q,2019-Q2,1.9,,,,
ABS:LCI(1.0.0),3,10001,P3,50,Q,2019-Q3,1.9,,,,
ABS:LCI(1.0.0),3,10001,P3,50,Q,2019-Q4,1.9,,,,
ABS:LCI(1.0.0),3,10001,P3,50,Q,2020-Q1,2.5,,,,
ABS:LCI(1.0.0),3,10001,P3,50,Q,2020-Q2,0,,,,
ABS:LCI(1.0.0),3,10001,P3,50,Q,2020-Q3,0.8,,,,
ABS:LCI(1.0.0),3,10001,P3,50,Q,2020-Q4,0.8,,,,
ABS:LCI(1.0.0),3,10001,P3,50,Q,2021-Q1,0.6,,,,
ABS:LCI(1.0.0),3,10001,P3,50,Q,2021-Q2,3.4,,,,
ABS:LCI(1.0.0),3,10001,P3,50,Q,2021-Q3,2.7,,,,
ABS:LCI(1.0.0),3,10001,P3,50,Q,2021-Q4,2.6,,,,
ABS:LCI(1.0.0),3,10001,P3,50,Q,2022-Q1,4.3,,,,
ABS:LCI(1.0.0),3,10001,P3,50,Q,2022-Q2,4.8,,,,
ABS:LCI(1.0.0),3,10001,P3,50,Q,2022-Q3,6.3,,,,
ABS:LCI(1.0.0),3,10001,P3,50,Q,2022-Q4,7.5,,,,
ABS:LCI(1.0.0),3,10001,P3,50,Q,2023-Q1,7.4,,,,
ABS:LCI(1.0.0),3,10001,P3,50,Q,2023-Q2,7.3,,,,
ABS:LCI(1.0.0),3,10001,P3,50,Q,2023-Q3,6,,,,
ABS:LCI(1.0.0),3,10001,P3,50,Q,2023-Q4,5.2,,,,
ABS:LCI(1.0.0),3,10001,P3,50,Q,2024-Q1,4.5,,,,
ABS:LCI(1.0.0),3,10001,P3,50,Q,2024-Q2,4.6,,,,
ABS:LCI(1.0.0),3,10001,P3,50,Q,2024-Q3,4.4,,,,
ABS:LCI(1.0.0),3,10001,P3,50,Q,2024-Q4,3.2,,,,
ABS:LCI(1.0.0),3,10001,P3,50,Q,2025-Q1,3.5,,,,
ABS:LCI(1.0.0),3,10001,P3,50,Q,2025-Q2,3.1,,,,
ABS:LCI(1.0.0),3,10001,P3,50,Q,2025-Q3,3.9,,,,
ABS:LCI(1.0.0),3,10001,P3,50,Q,2025-Q4,4,,,,
ABS:LCI(1.0.0),3,10001,P3,50,Q,2026-Q1,4.9,,,,
ABS:LCI(1.0.0),3,10001,P3,50,Q,2026-Q2,4.6,,,,
ABS:LCI(1.0.0),3,20006,P3,50,Q,2008-Q2,4.6,,,,
ABS:LCI(1.0.0),3,20006,P3,50,Q,2008-Q3,5.6,,,,
ABS:LCI(1.0.0),3,20006,P3,50,Q,2008-Q4,5.9,,,,
ABS:LCI(1.0.0),3,20006,P3,50,Q,2009-Q1,6.4,,,,
ABS:LCI(1.0.0),3,20006,P3,50,Q,2009-Q2,5.7,,,,
ABS:LCI(1.0.0),3,20006,P3,50,Q,2009-Q3,4.4,,,,
ABS:LCI(1.0.0),3,20006,P3,50,Q,2009-Q4,3.1,,,,
ABS:LCI(1.0.0),3,20006,P3,50,Q,2010-Q1,3.4,,,,
ABS:LCI(1.0.0),3,20006,P3,50,Q,2010-Q2,11.9,,,,
ABS:LCI(1.0.0),3,20006,P3,50,Q,2010-Q3,16.4,,,,
ABS:LCI(1.0.0),3,20006,P3,50,Q,2010-Q4,17.3,,,,
ABS:LCI(1.0.0),3,20006,P3,50,Q,2011-Q1,17.1,,,,
ABS:LCI(1.0.0),3,20006,P3,50,Q,2011-Q2,8.2,,,,
ABS:LCI(1.0.0),3,20006,P3,50,Q,2011-Q3,4.5,,,,
ABS:LCI(1.0.0),3,20006,P3,50,Q,2011-Q4,4.5,,,,
ABS:LCI(1.0.0),3,20006,P3,50,Q,2012-Q1,4.7,,,,
ABS:LCI(1.0.0),3,20006,P3,50,Q,2012-Q2,5,,,,
ABS:LCI(1.0.0),3,20006,P3,50,Q,2012-Q3,4.9,,,,
ABS:LCI(1.0.0),3,20006,P3,50,Q,2012-Q4,4.5,,,,
ABS:LCI(1.0.0),3,20006,P3,50,Q,2013-Q1,5.3,,,,
ABS:LCI(1.0.0),3,20006,P3,50,Q,2013-Q2,6.1,,,,
ABS:LCI(1.0.0),3,20006,P3,50,Q,2013-Q3,6.1,,,,
ABS:LCI(1.0.0),3,20006,P3,50,Q,2013-Q4,7.7,,,,
ABS:LCI(1.0.0),3,20006,P3,50,Q,2014-Q1,9.8,,,,
ABS:LCI(1.0.0),3,20006,P3,50,Q,2014-Q2,9.9,,,,
ABS:LCI(1.0.0),3,20006,P3,50,Q,2014-Q3,10.6,,,,
ABS:LCI(1.0.0),3,20006,P3,50,Q,2014-Q4,11.9,,,,
ABS:LCI(1.0.0),3,20006,P3,50,Q,2015-Q1,8,,,,
ABS:LCI(1.0.0),3,20006,P3,50,Q,2015-Q2,7.5,,,,
ABS:LCI(1.0.0),3,20006,P3,50,Q,2015-Q3,7.6,,,,
ABS:LCI(1.0.0),3,20006,P3,50,Q,2015-Q4,9.5,,,,
ABS:LCI(1.0.0),3,20006,P3,50,Q,2016-Q1,9.5,,,,
ABS:LCI(1.0.0),3,20006,P3,50,Q,2016-Q2,9.2,,,,
ABS:LCI(1.0.0),3,20006,P3,50,Q,2016-Q3,9.3,,,,
ABS:LCI(1.0.0),3,20006,P3,50,Q,2016-Q4,9.4,,,,
ABS:LCI(1.0.0),3,20006,P3,50,Q,2017-Q1,9.5,,,,
ABS:LCI(1.0.0),3,20006,P3,50,Q,2017-Q2,8.8,,,,
ABS:LCI(1.0.0),3,20006,P3,50,Q,2017-Q3,10.3,,,,
ABS:LCI(1.0.0),3,20006,P3,50,Q,2017-Q4,10.9,,,,
ABS:LCI(1.0.0),3,20006,P3,50,Q,2018-Q1,10.6,,,,
ABS:LCI(1.0.0),3,20006,P3,50,Q,2018-Q2,11.8,,,,
ABS:LCI(1.0.0),3,20006,P3,50,Q,2018-Q3,10.1,,,,
ABS:LCI(1.0.0),3,20006,P3,50,Q,2018-Q4,10.5,,,,
ABS:LCI(1.0.0),3,20006,P3,50,Q,2019-Q1,9.7,,,,
ABS:LCI(1.0.0),3,20006,P3,50,Q,2019-Q2,9.3,,,,
ABS:LCI(1.0.0),3,20006,P3,50,Q,2019-Q3,10.5,,,,
ABS:LCI(1.0.0),3,20006,P3,50,Q,2019-Q4,10.1,,,,
ABS:LCI(1.0.0),3,20006,P3,50,Q,2020-Q1,12.2,,,,
ABS:LCI(1.0.0),3,20006,P3,50,Q,2020-Q2,12.6,,,,
ABS:LCI(1.0.0),3,20006,P3,50,Q,2020-Q3,12.3,,,,
ABS:LCI(1.0.0),3,20006,P3,50,Q,2020-Q4,14.2,,,,
ABS:LCI(1.0.0),3,20006,P3,50,Q,2021-Q1,12,,,,
ABS:LCI(1.0.0),3,20006,P3,50,Q,2021-Q2,10.2,,,,
ABS:LCI(1.0.0),3,20006,P3,50,Q,2021-Q3,7,,,,
ABS:LCI(1.0.0),3,20006,P3,50,Q,2021-Q4,1.2,,,,
ABS:LCI(1.0.0),3,20006,P3,50,Q,2022-Q1,2.4,,,,
ABS:LCI(1.0.0),3,20006,P3,50,Q,2022-Q2,2.8,,,,
ABS:LCI(1.0.0),3,20006,P3,50,Q,2022-Q3,4.7,,,,
ABS:LCI(1.0.0),3,20006,P3,50,Q,2022-Q4,4.6,,,,
ABS:LCI(1.0.0),3,20006,P3,50,Q,2023-Q1,4.5,,,,
ABS:LCI(1.0.0),3,20006,P3,50,Q,2023-Q2,4.8,,,,
ABS:LCI(1.0.0),3,20006,P3,50,Q,2023-Q3,5.2,,,,
ABS:LCI(1.0.0),3,20006,P3,50,Q,2023-Q4,8.5,,,,
ABS:LCI(1.0.0),3,20006,P3,50,Q,2024-Q1,8.6,,,,
ABS:LCI(1.0.0),3,20006,P3,50,Q,2024-Q2,9.6,,,,
ABS:LCI(1.0.0),3,20006,P3,50,Q,2024-Q3,9.5,,,,
ABS:LCI(1.0.0),3,20006,P3,50,Q,2024-Q4,8.7,,,,
ABS:LCI(1.0.0),3,20006,P3,50,Q,2025-Q1,9.1,,,,
ABS:LCI(1.0.0),3,20006,P3,50,Q,2025-Q2,8.2,,,,
ABS:LCI(1.0.0),3,20006,P3,50,Q,2025-Q3,9,,,,
ABS:LCI(1.0.0),3,20006,P3,50,Q,2025-Q4,7.6,,,,
ABS:LCI(1.0.0),3,20006,P3,50,Q,2026-Q1,7.3,,,,
ABS:LCI(1.0.0),3,20006,P3,50,Q,2026-Q2,7.1,,,,
ABS:LCI(1.0.0),3,20003,P1,50,Q,2008-Q2,6.9,,,,
ABS:LCI(1.0.0),3,20003,P1,50,Q,2008-Q3,7.8,,,,
ABS:LCI(1.0.0),3,20003,P1,50,Q,2008-Q4,7.8,,,,
ABS:LCI(1.0.0),3,20003,P1,50,Q,2009-Q1,7.6,,,,
ABS:LCI(1.0.0),3,20003,P1,50,Q,2009-Q2,7.3,,,,
ABS:LCI(1.0.0),3,20003,P1,50,Q,2009-Q3,8,,,,
ABS:LCI(1.0.0),3,20003,P1,50,Q,2009-Q4,7.5,,,,
ABS:LCI(1.0.0),3,20003,P1,50,Q,2010-Q1,7.3,,,,
ABS:LCI(1.0.0),3,20003,P1,50,Q,2010-Q2,7.1,,,,
ABS:LCI(1.0.0),3,20003,P1,50,Q,2010-Q3,6.2,,,,
ABS:LCI(1.0.0),3,20003,P1,50,Q,2010-Q4,6,,,,
ABS:LCI(1.0.0),3,20003,P1,50,Q,2011-Q1,6,,,,
ABS:LCI(1.0.0),3,20003,P1,50,Q,2011-Q2,5.8,,,,
ABS:LCI(1.0.0),3,20003,P1,50,Q,2011-Q3,5.2,,,,
ABS:LCI(1.0.0),3,20003,P1,50,Q,2011-Q4,5.3,,,,
ABS:LCI(1.0.0),3,20003,P1,50,Q,2012-Q1,4.9,,,,
ABS:LCI(1.0.0),3,20003,P1,50,Q,2012-Q2,5.1,,,,
ABS:LCI(1.0.0),3,20003,P1,50,Q,2012-Q3,6.5,,,,
ABS:LCI(1.0.0),3,20003,P1,50,Q,2012-Q4,6.3,,,,
ABS:LCI(1.0.0),3,20003,P1,50,Q,2013-Q1,6.1,,,,
ABS:LCI(1.0.0),3,20003,P1,50,Q,2013-Q2,6,,,,
ABS:LCI(1.0.0),3,20003,P1,50,Q,2013-Q3,4.4,,,,
ABS:LCI(1.0.0),3,20003,P1,50,Q,2013-Q4,4.3,,,,
ABS:LCI(1.0.0),3,20003,P1,50,Q,2014-Q1,4.2,,,,
ABS:LCI(1.0.0),3,20003,P1,50,Q,2014-Q2,4,,,,
ABS:LCI(1.0.0),3,20003,P1,50,Q,2014-Q3,1.6,,,,
ABS:LCI(1.0.0),3,20003,P1,50,Q,2014-Q4,1.6,,,,
ABS:LCI(1.0.0),3,20003,P1,50,Q,2015-Q1,1.4,,,,
ABS:LCI(1.0.0),3,20003,P1,50,Q,2015-Q2,1.4,,,,
ABS:LCI(1.0.0),3,20003,P1,50,Q,2015-Q3,1.5,,,,
ABS:LCI(1.0.0),3,20003,P1,50,Q,2015-Q4,1.4,,,,
ABS:LCI(1.0.0),3,20003,P1,50,Q,2016-Q1,1,,,,
ABS:LCI(1.0.0),3,20003,P1,50,Q,2016-Q2,0.8,,,,
ABS:LCI(1.0.0),3,20003,P1,50,Q,2016-Q3,1.5,,,,
ABS:LCI(1.0.0),3,20003,P1,50,Q,2016-Q4,1.6,,,,
ABS:LCI(1.0.0),3,20003,P1,50,Q,2017-Q1,2,,,,
ABS:LCI(1.0.0),3,20003,P1,50,Q,2017-Q2,2,,,,
ABS:LCI(1.0.0),3,20003,P1,50,Q,2017-Q3,3,,,,
ABS:LCI(1.0.0),3,20003,P1,50,Q,2017-Q4,3.2,,,,
ABS:LCI(1.0.0),3,20003,P1,50,Q,2018-Q1,3.3,,,,
ABS:LCI(1.0.0),3,20003,P1,50,Q,2018-Q2,2.9,,,,
ABS:LCI(1.0.0),3,20003,P1,50,Q,2018-Q3,1.3,,,,
ABS:LCI(1.0.0),3,20003,P1,50,Q,2018-Q4,1.2,,,,
ABS:LCI(1.0.0),3,20003,P1,50,Q,2019-Q1,0.6,,,,
ABS:LCI(1.0.0),3,20003,P1,50,Q,2019-Q2,0.7,,,,
ABS:LCI(1.0.0),3,20003,P1,50,Q,2019-Q3,0.6,,,,
ABS:LCI(1.0.0),3,20003,P1,50,Q,2019-Q4,0.3,,,,
ABS:LCI(1.0.0),3,20003,P1,50,Q,2020-Q1,0.6,,,,
ABS:LCI(1.0.0),3,20003,P1,50,Q,2020-Q2,-0.2,,,,
ABS:LCI(1.0.0),3,20003,P1,50,Q,2020-Q3,-1.1,,,,
ABS:LCI(1.0.0),3,20003,P1,50,Q,2020-Q4,-2.3,,,,
ABS:LCI(1.0.0),3,20003,P1,50,Q,2021-Q1,-2.3,,,,
ABS:LCI(1.0.0),3,20003,P1,50,Q,2021-Q2,-0.8,,,,
ABS:LCI(1.0.0),3,20003,P1,50,Q,2021-Q3,0.4,,,,
ABS:LCI(1.0.0),3,20003,P1,50,Q,2021-Q4,2.2,,,,
ABS:LCI(1.0.0),3,20003,P1,50,Q,2022-Q1,2.5,,,,
ABS:LCI(1.0.0),3,20003,P1,50,Q,2022-Q2,2.3,,,,
ABS:LCI(1.0.0),3,20003,P1,50,Q,2022-Q3,3.9,,,,
ABS:LCI(1.0.0),3,20003,P1,50,Q,2022-Q4,5.7,,,,
ABS:LCI(1.0.0),3,20003,P1,50,Q,2023-Q1,7.2,,,,
ABS:LCI(1.0.0),3,20003,P1,50,Q,2023-Q2,7.8,,,,
ABS:LCI(1.0.0),3,20003,P1,50,Q,2023-Q3,9.2,,,,
ABS:LCI(1.0.0),3,20003,P1,50,Q,2023-Q4,8.3,,,,
ABS:LCI(1.0.0),3,20003,P1,50,Q,2024-Q1,6.9,,,,
ABS:LCI(1.0.0),3,20003,P1,50,Q,2024-Q2,7.1,,,,
ABS:LCI(1.0.0),3,20003,P1,50,Q,2024-Q3,2.1,,,,
ABS:LCI(1.0.0),3,20003,P1,50,Q,2024-Q4,0.3,,,,
ABS:LCI(1.0.0),3,20003,P1,50,Q,2025-Q1,2.3,,,,
ABS:LCI(1.0.0),3,20003,P1,50,Q,2025-Q2,2.8,,,,
ABS:LCI(1.0.0),3,20003,P1,50,Q,2025-Q3,6.9,,,,
ABS:LCI(1.0.0),3,20003,P1,50,Q,2025-Q4,7.5,,,,
ABS:LCI(1.0.0),3,20003,P1,50,Q,2026-Q1,8.3,,,,
ABS:LCI(1.0.0),3,20003,P1,50,Q,2026-Q2,7.2,,,,
ABS:LCI(1.0.0),3,20004,P3,50,Q,2008-Q2,0.6,,,,
ABS:LCI(1.0.0),3,20004,P3,50,Q,2008-Q3,1.5,,,,
ABS:LCI(1.0.0),3,20004,P3,50,Q,2008-Q4,1.1,,,,
ABS:LCI(1.0.0),3,20004,P3,50,Q,2009-Q1,2.6,,,,
ABS:LCI(1.0.0),3,20004,P3,50,Q,2009-Q2,3.3,,,,
ABS:LCI(1.0.0),3,20004,P3,50,Q,2009-Q3,4.2,,,,
ABS:LCI(1.0.0),3,20004,P3,50,Q,2009-Q4,3.7,,,,
ABS:LCI(1.0.0),3,20004,P3,50,Q,2010-Q1,1.5,,,,
ABS:LCI(1.0.0),3,20004,P3,50,Q,2010-Q2,0.1,,,,
ABS:LCI(1.0.0),3,20004,P3,50,Q,2010-Q3,0.2,,,,
ABS:LCI(1.0.0),3,20004,P3,50,Q,2010-Q4,-0.4,,,,
ABS:LCI(1.0.0),3,20004,P3,50,Q,2011-Q1,-0.6,,,,
ABS:LCI(1.0.0),3,20004,P3,50,Q,2011-Q2,-0.2,,,,
ABS:LCI(1.0.0),3,20004,P3,50,Q,2011-Q3,-0.6,,,,
ABS:LCI(1.0.0),3,20004,P3,50,Q,2011-Q4,-0.2,,,,
ABS:LCI(1.0.0),3,20004,P3,50,Q,2012-Q1,0.6,,,,
ABS:LCI(1.0.0),3,20004,P3,50,Q,2012-Q2,0.6,,,,
ABS:LCI(1.0.0),3,20004,P3,50,Q,2012-Q3,1.2,,,,
ABS:LCI(1.0.0),3,20004,P3,50,Q,2012-Q4,0.7,,,,
ABS:LCI(1.0.0),3,20004,P3,50,Q,2013-Q1,0.6,,,,
ABS:LCI(1.0.0),3,20004,P3,50,Q,2013-Q2,-0.1,,,,
ABS:LCI(1.0.0),3,20004,P3,50,Q,2013-Q3,0,,,,
ABS:LCI(1.0.0),3,20004,P3,50,Q,2013-Q4,0.9,,,,
ABS:LCI(1.0.0),3,20004,P3,50,Q,2014-Q1,0.5,,,,
ABS:LCI(1.0.0),3,20004,P3,50,Q,2014-Q2,0.9,,,,
ABS:LCI(1.0.0),3,20004,P3,50,Q,2014-Q3,0.2,,,,
ABS:LCI(1.0.0),3,20004,P3,50,Q,2014-Q4,0.5,,,,
ABS:LCI(1.0.0),3,20004,P3,50,Q,2015-Q1,1.4,,,,
ABS:LCI(1.0.0),3,20004,P3,50,Q,2015-Q2,1.2,,,,
ABS:LCI(1.0.0),3,20004,P3,50,Q,2015-Q3,1.5,,,,
ABS:LCI(1.0.0),3,20004,P3,50,Q,2015-Q4,1.5,,,,
ABS:LCI(1.0.0),3,20004,P3,50,Q,2016-Q1,1.6,,,,
ABS:LCI(1.0.0),3,20004,P3,50,Q,2016-Q2,1.3,,,,
ABS:LCI(1.0.0),3,20004,P3,50,Q,2016-Q3,1.6,,,,
ABS:LCI(1.0.0),3,20004,P3,50,Q,2016-Q4,0.2,,,,
ABS:LCI(1.0.0),3,20004,P3,50,Q,2017-Q1,-0.3,,,,
ABS:LCI(1.0.0),3,20004,P3,50,Q,2017-Q2,-0.2,,,,
ABS:LCI(1.0.0),3,20004,P3,50,Q,2017-Q3,-1,,,,
ABS:LCI(1.0.0),3,20004,P3,50,Q,2017-Q4,-0.9,,,,
ABS:LCI(1.0.0),3,20004,P3,50,Q,2018-Q1,-0.3,,,,
ABS:LCI(1.0.0),3,20004,P3,50,Q,2018-Q2,-0.7,,,,
ABS:LCI(1.0.0),3,20004,P3,50,Q,2018-Q3,-2.1,,,,
ABS:LCI(1.0.0),3,20004,P3,50,Q,2018-Q4,-0.9,,,,
ABS:LCI(1.0.0),3,20004,P3,50,Q,2019-Q1,-1,,,,
ABS:LCI(1.0.0),3,20004,P3,50,Q,2019-Q2,-0.5,,,,
ABS:LCI(1.0.0),3,20004,P3,50,Q,2019-Q3,1.7,,,,
ABS:LCI(1.0.0),3,20004,P3,50,Q,2019-Q4,1,,,,
ABS:LCI(1.0.0),3,20004,P3,50,Q,2020-Q1,2.3,,,,
ABS:LCI(1.0.0),3,20004,P3,50,Q,2020-Q2,-7.8,,,,
ABS:LCI(1.0.0),3,20004,P3,50,Q,2020-Q3,-0.2,,,,
ABS:LCI(1.0.0),3,20004,P3,50,Q,2020-Q4,3.6,,,,
ABS:LCI(1.0.0),3,20004,P3,50,Q,2021-Q1,2.3,,,,
ABS:LCI(1.0.0),3,20004,P3,50,Q,2021-Q2,13.9,,,,
ABS:LCI(1.0.0),3,20004,P3,50,Q,2021-Q3,5.6,,,,
ABS:LCI(1.0.0),3,20004,P3,50,Q,2021-Q4,3.2,,,,
ABS:LCI(1.0.0),3,20004,P3,50,Q,2022-Q1,5.1,,,,
ABS:LCI(1.0.0),3,20004,P3,50,Q,2022-Q2,6.7,,,,
ABS:LCI(1.0.0),3,20004,P3,50,Q,2022-Q3,8.1,,,,
ABS:LCI(1.0.0),3,20004,P3,50,Q,2022-Q4,8.8,,,,
ABS:LCI(1.0.0),3,20004,P3,50,Q,2023-Q1,6.9,,,,
ABS:LCI(1.0.0),3,20004,P3,50,Q,2023-Q2,6.2,,,,
ABS:LCI(1.0.0),3,20004,P3,50,Q,2023-Q3,2.5,,,,
ABS:LCI(1.0.0),3,20004,P3,50,Q,2023-Q4,-0.1,,,,
ABS:LCI(1.0.0),3,20004,P3,50,Q,2024-Q1,0,,,,
ABS:LCI(1.0.0),3,20004,P3,50,Q,2024-Q2,-1.1,,,,
ABS:LCI(1.0.0),3,20004,P3,50,Q,2024-Q3,0.6,,,,
ABS:LCI(1.0.0),3,20004,P3,50,Q,2024-Q4,1.1,,,,
ABS:LCI(1.0.0),3,20004,P3,50,Q,2025-Q1,0.5,,,,
ABS:LCI(1.0.0),3,20004,P3,50,Q,2025-Q2,0.7,,,,
ABS:LCI(1.0.0),3,20004,P3,50,Q,2025-Q3,0.8,,,,
ABS:LCI(1.0.0),3,20004,P3,50,Q,2025-Q4,1,,,,
ABS:LCI(1.0.0),3,20004,P3,50,Q,2026-Q1,1.5,,,,
ABS:LCI(1.0.0),3,20004,P3,50,Q,2026-Q2,0.7,,,,
ABS:LCI(1.0.0),3,115486,P1,50,Q,2008-Q2,4.8,,,,
ABS:LCI(1.0.0),3,115486,P1,50,Q,2008-Q3,5.1,,,,
ABS:LCI(1.0.0),3,115486,P1,50,Q,2008-Q4,5,,,,
ABS:LCI(1.0.0),3,115486,P1,50,Q,2009-Q1,5.3,,,,
ABS:LCI(1.0.0),3,115486,P1,50,Q,2009-Q2,5.1,,,,
ABS:LCI(1.0.0),3,115486,P1,50,Q,2009-Q3,4.3,,,,
ABS:LCI(1.0.0),3,115486,P1,50,Q,2009-Q4,4.6,,,,
ABS:LCI(1.0.0),3,115486,P1,50,Q,2010-Q1,5,,,,
ABS:LCI(1.0.0),3,115486,P1,50,Q,2010-Q2,4.9,,,,
ABS:LCI(1.0.0),3,115486,P1,50,Q,2010-Q3,5.2,,,,
ABS:LCI(1.0.0),3,115486,P1,50,Q,2010-Q4,4.9,,,,
ABS:LCI(1.0.0),3,115486,P1,50,Q,2011-Q1,4,,,,
ABS:LCI(1.0.0),3,115486,P1,50,Q,2011-Q2,3.9,,,,
ABS:LCI(1.0.0),3,115486,P1,50,Q,2011-Q3,3.7,,,,
ABS:LCI(1.0.0),3,115486,P1,50,Q,2011-Q4,3.8,,,,
ABS:LCI(1.0.0),3,115486,P1,50,Q,2012-Q1,4.4,,,,
ABS:LCI(1.0.0),3,115486,P1,50,Q,2012-Q2,3.5,,,,
ABS:LCI(1.0.0),3,115486,P1,50,Q,2012-Q3,6.8,,,,
ABS:LCI(1.0.0),3,115486,P1,50,Q,2012-Q4,7.3,,,,
ABS:LCI(1.0.0),3,115486,P1,50,Q,2013-Q1,5.7,,,,
ABS:LCI(1.0.0),3,115486,P1,50,Q,2013-Q2,6.1,,,,
ABS:LCI(1.0.0),3,115486,P1,50,Q,2013-Q3,3.9,,,,
ABS:LCI(1.0.0),3,115486,P1,50,Q,2013-Q4,4.3,,,,
ABS:LCI(1.0.0),3,115486,P1,50,Q,2014-Q1,3.9,,,,
ABS:LCI(1.0.0),3,115486,P1,50,Q,2014-Q2,4.7,,,,
ABS:LCI(1.0.0),3,115486,P1,50,Q,2014-Q3,4.6,,,,
ABS:LCI(1.0.0),3,115486,P1,50,Q,2014-Q4,4.1,,,,
ABS:LCI(1.0.0),3,115486,P1,50,Q,2015-Q1,4.2,,,,
ABS:LCI(1.0.0),3,115486,P1,50,Q,2015-Q2,4.1,,,,
ABS:LCI(1.0.0),3,115486,P1,50,Q,2015-Q3,4.7,,,,
ABS:LCI(1.0.0),3,115486,P1,50,Q,2015-Q4,5.2,,,,
ABS:LCI(1.0.0),3,115486,P1,50,Q,2016-Q1,4.5,,,,
ABS:LCI(1.0.0),3,115486,P1,50,Q,2016-Q2,4.4,,,,
ABS:LCI(1.0.0),3,115486,P1,50,Q,2016-Q3,3.7,,,,
ABS:LCI(1.0.0),3,115486,P1,50,Q,2016-Q4,3.4,,,,
ABS:LCI(1.0.0),3,115486,P1,50,Q,2017-Q1,3.5,,,,
ABS:LCI(1.0.0),3,115486,P1,50,Q,2017-Q2,3.6,,,,
ABS:LCI(1.0.0),3,115486,P1,50,Q,2017-Q3,3.6,,,,
ABS:LCI(1.0.0),3,115486,P1,50,Q,2017-Q4,3.8,,,,
ABS:LCI(1.0.0),3,115486,P1,50,Q,2018-Q1,3.7,,,,
ABS:LCI(1.0.0),3,115486,P1,50,Q,2018-Q2,3.3,,,,
ABS:LCI(1.0.0),3,115486,P1,50,Q,2018-Q3,3.1,,,,
ABS:LCI(1.0.0),3,115486,P1,50,Q,2018-Q4,3.2,,,,
ABS:LCI(1.0.0),3,115486,P1,50,Q,2019-Q1,3,,,,
ABS:LCI(1.0.0),3,115486,P1,50,Q,2019-Q2,2.9,,,,
ABS:LCI(1.0.0),3,115486,P1,50,Q,2019-Q3,3.1,,,,
ABS:LCI(1.0.0),3,115486,P1,50,Q,2019-Q4,3.2,,,,
ABS:LCI(1.0.0),3,115486,P1,50,Q,2020-Q1,2.9,,,,
ABS:LCI(1.0.0),3,115486,P1,50,Q,2020-Q2,0.9,,,,
ABS:LCI(1.0.0),3,115486,P1,50,Q,2020-Q3,1.1,,,,
ABS:LCI(1.0.0),3,115486,P1,50,Q,2020-Q4,2.7,,,,
ABS:LCI(1.0.0),3,115486,P1,50,Q,2021-Q1,3.1,,,,
ABS:LCI(1.0.0),3,115486,P1,50,Q,2021-Q2,4.9,,,,
ABS:LCI(1.0.0),3,115486,P1,50,Q,2021-Q3,5.1,,,,
ABS:LCI(1.0.0),3,115486,P1,50,Q,2021-Q4,3.4,,,,
ABS:LCI(1.0.0),3,115486,P1,50,Q,2022-Q1,3.6,,,,
ABS:LCI(1.0.0),3,115486,P1,50,Q,2022-Q2,2.7,,,,
ABS:LCI(1.0.0),3,115486,P1,50,Q,2022-Q3,3,,,,
ABS:LCI(1.0.0),3,115486,P1,50,Q,2022-Q4,4.1,,,,
ABS:LCI(1.0.0),3,115486,P1,50,Q,2023-Q1,5.7,,,,
ABS:LCI(1.0.0),3,115486,P1,50,Q,2023-Q2,4.9,,,,
ABS:LCI(1.0.0),3,115486,P1,50,Q,2023-Q3,5.7,,,,
ABS:LCI(1.0.0),3,115486,P1,50,Q,2023-Q4,5.4,,,,
ABS:LCI(1.0.0),3,115486,P1,50,Q,2024-Q1,4.4,,,,
ABS:LCI(1.0.0),3,115486,P1,50,Q,2024-Q2,6.1,,,,
ABS:LCI(1.0.0),3,115486,P1,50,Q,2024-Q3,4.9,,,,
ABS:LCI(1.0.0),3,115486,P1,50,Q,2024-Q4,4.1,,,,
ABS:LCI(1.0.0),3,115486,P1,50,Q,2025-Q1,4.3,,,,
ABS:LCI(1.0.0),3,115486,P1,50,Q,2025-Q2,4.3,,,,
ABS:LCI(1.0.0),3,115486,P1,50,Q,2025-Q3,4.4,,,,
ABS:LCI(1.0.0),3,115486,P1,50,Q,2025-Q4,4,,,,
ABS:LCI(1.0.0),3,115486,P1,50,Q,2026-Q1,3.3,,,,
ABS:LCI(1.0.0),3,115486,P1,50,Q,2026-Q2,3.9,,,,
ABS:LCI(1.0.0),3,115493,P2,50,Q,2008-Q2,4.9,,,,
ABS:LCI(1.0.0),3,115493,P2,50,Q,2008-Q3,5.1,,,,
ABS:LCI(1.0.0),3,115493,P2,50,Q,2008-Q4,5.1,,,,
ABS:LCI(1.0.0),3,115493,P2,50,Q,2009-Q1,5.4,,,,
ABS:LCI(1.0.0),3,115493,P2,50,Q,2009-Q2,5.4,,,,
ABS:LCI(1.0.0),3,115493,P2,50,Q,2009-Q3,5.6,,,,
ABS:LCI(1.0.0),3,115493,P2,50,Q,2009-Q4,5.6,,,,
ABS:LCI(1.0.0),3,115493,P2,50,Q,2010-Q1,5.6,,,,
ABS:LCI(1.0.0),3,115493,P2,50,Q,2010-Q2,5.5,,,,
ABS:LCI(1.0.0),3,115493,P2,50,Q,2010-Q3,5.6,,,,
ABS:LCI(1.0.0),3,115493,P2,50,Q,2010-Q4,5.6,,,,
ABS:LCI(1.0.0),3,115493,P2,50,Q,2011-Q1,5.8,,,,
ABS:LCI(1.0.0),3,115493,P2,50,Q,2011-Q2,5.8,,,,
ABS:LCI(1.0.0),3,115493,P2,50,Q,2011-Q3,5.8,,,,
ABS:LCI(1.0.0),3,115493,P2,50,Q,2011-Q4,5.8,,,,
ABS:LCI(1.0.0),3,115493,P2,50,Q,2012-Q1,6.6,,,,
ABS:LCI(1.0.0),3,115493,P2,50,Q,2012-Q2,6.6,,,,
ABS:LCI(1.0.0),3,115493,P2,50,Q,2012-Q3,6.6,,,,
ABS:LCI(1.0.0),3,115493,P2,50,Q,2012-Q4,6.6,,,,
ABS:LCI(1.0.0),3,115493,P2,50,Q,2013-Q1,5.6,,,,
ABS:LCI(1.0.0),3,115493,P2,50,Q,2013-Q2,5.4,,,,
ABS:LCI(1.0.0),3,115493,P2,50,Q,2013-Q3,5.4,,,,
ABS:LCI(1.0.0),3,115493,P2,50,Q,2013-Q4,5.4,,,,
ABS:LCI(1.0.0),3,115493,P2,50,Q,2014-Q1,5.4,,,,
ABS:LCI(1.0.0),3,115493,P2,50,Q,2014-Q2,5.6,,,,
ABS:LCI(1.0.0),3,115493,P2,50,Q,2014-Q3,5.6,,,,
ABS:LCI(1.0.0),3,115493,P2,50,Q,2014-Q4,5.6,,,,
ABS:LCI(1.0.0),3,115493,P2,50,Q,2015-Q1,5.3,,,,
ABS:LCI(1.0.0),3,115493,P2,50,Q,2015-Q2,5.3,,,,
ABS:LCI(1.0.0),3,115493,P2,50,Q,2015-Q3,5.4,,,,
ABS:LCI(1.0.0),3,115493,P2,50,Q,2015-Q4,5.3,,,,
ABS:LCI(1.0.0),3,115493,P2,50,Q,2016-Q1,4.1,,,,
ABS:LCI(1.0.0),3,115493,P2,50,Q,2016-Q2,4.1,,,,
ABS:LCI(1.0.0),3,115493,P2,50,Q,2016-Q3,4.1,,,,
ABS:LCI(1.0.0),3,115493,P2,50,Q,2016-Q4,4.1,,,,
ABS:LCI(1.0.0),3,115493,P2,50,Q,2017-Q1,3.6,,,,
ABS:LCI(1.0.0),3,115493,P2,50,Q,2017-Q2,3.6,,,,
ABS:LCI(1.0.0),3,115493,P2,50,Q,2017-Q3,3.5,,,,
ABS:LCI(1.0.0),3,115493,P2,50,Q,2017-Q4,3.5,,,,
ABS:LCI(1.0.0),3,115493,P2,50,Q,2018-Q1,1.7,,,,
ABS:LCI(1.0.0),3,115493,P2,50,Q,2018-Q2,1.7,,,,
ABS:LCI(1.0.0),3,115493,P2,50,Q,2018-Q3,2.4,,,,
ABS:LCI(1.0.0),3,115493,P2,50,Q,2018-Q4,2.4,,,,
ABS:LCI(1.0.0),3,115493,P2,50,Q,2019-Q1,2.5,,,,
ABS:LCI(1.0.0),3,115493,P2,50,Q,2019-Q2,2.5,,,,
ABS:LCI(1.0.0),3,115493,P2,50,Q,2019-Q3,1.8,,,,
ABS:LCI(1.0.0),3,115493,P2,50,Q,2019-Q4,1.8,,,,
ABS:LCI(1.0.0),3,115493,P2,50,Q,2020-Q1,1.7,,,,
ABS:LCI(1.0.0),3,115493,P2,50,Q,2020-Q2,1.2,,,,
ABS:LCI(1.0.0),3,115493,P2,50,Q,2020-Q3,1.3,,,,
ABS:LCI(1.0.0),3,115493,P2,50,Q,2020-Q4,1.4,,,,
ABS:LCI(1.0.0),3,115493,P2,50,Q,2021-Q1,-1.3,,,,
ABS:LCI(1.0.0),3,115493,P2,50,Q,2021-Q2,-0.9,,,,
ABS:LCI(1.0.0),3,115493,P2,50,Q,2021-Q3,-1,,,,
ABS:LCI(1.0.0),3,115493,P2,50,Q,2021-Q4,-1.1,,,,
ABS:LCI(1.0.0),3,115493,P2,50,Q,2022-Q1,5.9,,,,
ABS:LCI(1.0.0),3,115493,P2,50,Q,2022-Q2,5.9,,,,
ABS:LCI(1.0.0),3,115493,P2,50,Q,2022-Q3,5.8,,,,
ABS:LCI(1.0.0),3,115493,P2,50,Q,2022-Q4,5.8,,,,
ABS:LCI(1.0.0),3,115493,P2,50,Q,2023-Q1,8.7,,,,
ABS:LCI(1.0.0),3,115493,P2,50,Q,2023-Q2,8.7,,,,
ABS:LCI(1.0.0),3,115493,P2,50,Q,2023-Q3,9.1,,,,
ABS:LCI(1.0.0),3,115493,P2,50,Q,2023-Q4,9.1,,,,
ABS:LCI(1.0.0),3,115493,P2,50,Q,2024-Q1,6.7,,,,
ABS:LCI(1.0.0),3,115493,P2,50,Q,2024-Q2,6.7,,,,
ABS:LCI(1.0.0),3,115493,P2,50,Q,2024-Q3,6.5,,,,
ABS:LCI(1.0.0),3,115493,P2,50,Q,2024-Q4,6.5,,,,
ABS:LCI(1.0.0),3,115493,P2,50,Q,2025-Q1,4.1,,,,
ABS:LCI(1.0.0),3,115493,P2,50,Q,2025-Q2,4.1,,,,
ABS:LCI(1.0.0),3,115493,P2,50,Q,2025-Q3,4.1,,,,
ABS:LCI(1.0.0),3,115493,P2,50,Q,2025-Q4,4.2,,,,
ABS:LCI(1.0.0),3,115493,P2,50,Q,2026-Q1,2,,,,
ABS:LCI(1.0.0),3,115493,P2,50,Q,2026-Q2,2.9,,,,
ABS:LCI(1.0.0),3,126670,PBLCI,50,Q,2008-Q2,13.1,,,,
ABS:LCI(1.0.0),3,126670,PBLCI,50,Q,2008-Q3,13.8,,,,
ABS:LCI(1.0.0),3,126670,PBLCI,50,Q,2008-Q4,12,,,,
ABS:LCI(1.0.0),3,126670,PBLCI,50,Q,2009-Q1,5.5,,,,
ABS:LCI(1.0.0),3,126670,PBLCI,50,Q,2009-Q2,-5.3,,,,
ABS:LCI(1.0.0),3,126670,PBLCI,50,Q,2009-Q3,-6.4,,,,
ABS:LCI(1.0.0),3,126670,PBLCI,50,Q,2009-Q4,-4.9,,,,
ABS:LCI(1.0.0),3,126670,PBLCI,50,Q,2010-Q1,1.2,,,,
ABS:LCI(1.0.0),3,126670,PBLCI,50,Q,2010-Q2,11.2,,,,
ABS:LCI(1.0.0),3,126670,PBLCI,50,Q,2010-Q3,12.6,,,,
ABS:LCI(1.0.0),3,126670,PBLCI,50,Q,2010-Q4,12,,,,
ABS:LCI(1.0.0),3,126670,PBLCI,50,Q,2011-Q1,10.1,,,,
ABS:LCI(1.0.0),3,126670,PBLCI,50,Q,2011-Q2,8.4,,,,
ABS:LCI(1.0.0),3,126670,PBLCI,50,Q,2011-Q3,5.7,,,,
ABS:LCI(1.0.0),3,126670,PBLCI,50,Q,2011-Q4,4.9,,,,
ABS:LCI(1.0.0),3,126670,PBLCI,50,Q,2012-Q1,0.9,,,,
ABS:LCI(1.0.0),3,126670,PBLCI,50,Q,2012-Q2,-0.3,,,,
ABS:LCI(1.0.0),3,126670,PBLCI,50,Q,2012-Q3,-2.6,,,,
ABS:LCI(1.0.0),3,126670,PBLCI,50,Q,2012-Q4,-3.1,,,,
ABS:LCI(1.0.0),3,126670,PBLCI,50,Q,2013-Q1,-1.9,,,,
ABS:LCI(1.0.0),3,126670,PBLCI,50,Q,2013-Q2,-2.7,,,,
ABS:LCI(1.0.0),3,126670,PBLCI,50,Q,2013-Q3,-2.5,,,,
ABS:LCI(1.0.0),3,126670,PBLCI,50,Q,2013-Q4,-3.7,,,,
ABS:LCI(1.0.0),3,126670,PBLCI,50,Q,2014-Q1,-2.8,,,,
ABS:LCI(1.0.0),3,126670,PBLCI,50,Q,2014-Q2,-2.3,,,,
ABS:LCI(1.0.0),3,126670,PBLCI,50,Q,2014-Q3,-0.2,,,,
ABS:LCI(1.0.0),3,126670,PBLCI,50,Q,2014-Q4,1.8,,,,
ABS:LCI(1.0.0),3,126670,PBLCI,50,Q,2015-Q1,1.3,,,,
ABS:LCI(1.0.0),3,126670,PBLCI,50,Q,2015-Q2,0.2,,,,
ABS:LCI(1.0.0),3,126670,PBLCI,50,Q,2015-Q3,-0.4,,,,
ABS:LCI(1.0.0),3,126670,PBLCI,50,Q,2015-Q4,-0.1,,,,
ABS:LCI(1.0.0),3,126670,PBLCI,50,Q,2016-Q1,1.6,,,,
ABS:LCI(1.0.0),3,126670,PBLCI,50,Q,2016-Q2,3.4,,,,
ABS:LCI(1.0.0),3,126670,PBLCI,50,Q,2016-Q3,3.9,,,,
ABS:LCI(1.0.0),3,126670,PBLCI,50,Q,2016-Q4,2.4,,,,
ABS:LCI(1.0.0),3,126670,PBLCI,50,Q,2017-Q1,1.8,,,,
ABS:LCI(1.0.0),3,126670,PBLCI,50,Q,2017-Q2,1.1,,,,
ABS:LCI(1.0.0),3,126670,PBLCI,50,Q,2017-Q3,2.1,,,,
ABS:LCI(1.0.0),3,126670,PBLCI,50,Q,2017-Q4,3.7,,,,
ABS:LCI(1.0.0),3,126670,PBLCI,50,Q,2018-Q1,3,,,,
ABS:LCI(1.0.0),3,126670,PBLCI,50,Q,2018-Q2,3.8,,,,
ABS:LCI(1.0.0),3,126670,PBLCI,50,Q,2018-Q3,3.1,,,,
ABS:LCI(1.0.0),3,126670,PBLCI,50,Q,2018-Q4,2.6,,,,
ABS:LCI(1.0.0),3,126670,PBLCI,50,Q,2019-Q1,1.9,,,,
ABS:LCI(1.0.0),3,126670,PBLCI,50,Q,2019-Q2,1.4,,,,
ABS:LCI(1.0.0),3,126670,PBLCI,50,Q,2019-Q3,-0.9,,,,
ABS:LCI(1.0.0),3,126670,PBLCI,50,Q,2019-Q4,-2.4,,,,
ABS:LCI(1.0.0),3,126670,PBLCI,50,Q,2020-Q1,-2.3,,,,
ABS:LCI(1.0.0),3,126670,PBLCI,50,Q,2020-Q2,-2.8,,,,
ABS:LCI(1.0.0),3,126670,PBLCI,50,Q,2020-Q3,-2.6,,,,
ABS:LCI(1.0.0),3,126670,PBLCI,50,Q,2020-Q4,-1.9,,,,
ABS:LCI(1.0.0),3,126670,PBLCI,50,Q,2021-Q1,-2.5,,,,
ABS:LCI(1.0.0),3,126670,PBLCI,50,Q,2021-Q2,-1.5,,,,
ABS:LCI(1.0.0),3,126670,PBLCI,50,Q,2021-Q3,0.6,,,,
ABS:LCI(1.0.0),3,126670,PBLCI,50,Q,2021-Q4,1.1,,,,
ABS:LCI(1.0.0),3,126670,PBLCI,50,Q,2022-Q1,2.5,,,,
ABS:LCI(1.0.0),3,126670,PBLCI,50,Q,2022-Q2,2.6,,,,
ABS:LCI(1.0.0),3,126670,PBLCI,50,Q,2022-Q3,7.4,,,,
ABS:LCI(1.0.0),3,126670,PBLCI,50,Q,2022-Q4,14.2,,,,
ABS:LCI(1.0.0),3,126670,PBLCI,50,Q,2023-Q1,19.4,,,,
ABS:LCI(1.0.0),3,126670,PBLCI,50,Q,2023-Q2,25.6,,,,
ABS:LCI(1.0.0),3,126670,PBLCI,50,Q,2023-Q3,24.4,,,,
ABS:LCI(1.0.0),3,126670,PBLCI,50,Q,2023-Q4,22,,,,
ABS:LCI(1.0.0),3,126670,PBLCI,50,Q,2024-Q1,21.3,,,,
ABS:LCI(1.0.0),3,126670,PBLCI,50,Q,2024-Q2,17.8,,,,
ABS:LCI(1.0.0),3,126670,PBLCI,50,Q,2024-Q3,15.9,,,,
ABS:LCI(1.0.0),3,126670,PBLCI,50,Q,2024-Q4,12.1,,,,
ABS:LCI(1.0.0),3,126670,PBLCI,50,Q,2025-Q1,7.8,,,,
ABS:LCI(1.0.0),3,126670,PBLCI,50,Q,2025-Q2,4,,,,
ABS:LCI(1.0.0),3,126670,PBLCI,50,Q,2025-Q3,0.8,,,,
ABS:LCI(1.0.0),3,126670,PBLCI,50,Q,2025-Q4,-0.7,,,,
ABS:LCI(1.0.0),3,126670,PBLCI,50,Q,2026-Q1,0.3,,,,
ABS:LCI(1.0.0),3,126670,PBLCI,50,Q,2026-Q2,4.7,,,,
ABS:LCI(1.0.0),3,131279,P3,50,Q,1999-Q2,-4.8,,,,
ABS:LCI(1.0.0),3,131279,P3,50,Q,1999-Q3,-5.1,,,,
ABS:LCI(1.0.0),3,131279,P3,50,Q,1999-Q4,-3.9,,,,
ABS:LCI(1.0.0),3,131279,P3,50,Q,2000-Q1,-3,,,,
ABS:LCI(1.0.0),3,131279,P3,50,Q,2000-Q2,-3.7,,,,
ABS:LCI(1.0.0),3,131279,P3,50,Q,2000-Q3,1.5,,,,
ABS:LCI(1.0.0),3,131279,P3,50,Q,2000-Q4,3.5,,,,
ABS:LCI(1.0.0),3,131279,P3,50,Q,2001-Q1,3.7,,,,
ABS:LCI(1.0.0),3,131279,P3,50,Q,2001-Q2,5.7,,,,
ABS:LCI(1.0.0),3,131279,P3,50,Q,2001-Q3,1,,,,
ABS:LCI(1.0.0),3,131279,P3,50,Q,2001-Q4,-1.9,,,,
ABS:LCI(1.0.0),3,131279,P3,50,Q,2002-Q1,0.4,,,,
ABS:LCI(1.0.0),3,131279,P3,50,Q,2002-Q2,-0.5,,,,
ABS:LCI(1.0.0),3,131279,P3,50,Q,2002-Q3,0.9,,,,
ABS:LCI(1.0.0),3,131279,P3,50,Q,2002-Q4,1.8,,,,
ABS:LCI(1.0.0),3,131279,P3,50,Q,2003-Q1,0.5,,,,
ABS:LCI(1.0.0),3,131279,P3,50,Q,2003-Q2,3.2,,,,
ABS:LCI(1.0.0),3,131279,P3,50,Q,2003-Q3,3,,,,
ABS:LCI(1.0.0),3,131279,P3,50,Q,2003-Q4,3.1,,,,
ABS:LCI(1.0.0),3,131279,P3,50,Q,2004-Q1,2.8,,,,
ABS:LCI(1.0.0),3,131279,P3,50,Q,2004-Q2,3,,,,
ABS:LCI(1.0.0),3,131279,P3,50,Q,2004-Q3,5.2,,,,
ABS:LCI(1.0.0),3,131279,P3,50,Q,2004-Q4,5.3,,,,
ABS:LCI(1.0.0),3,131279,P3,50,Q,2005-Q1,5.7,,,,
ABS:LCI(1.0.0),3,131279,P3,50,Q,2005-Q2,4.9,,,,
ABS:LCI(1.0.0),3,131279,P3,50,Q,2005-Q3,2.6,,,,
ABS:LCI(1.0.0),3,131279,P3,50,Q,2005-Q4,1.2,,,,
ABS:LCI(1.0.0),3,131279,P3,50,Q,2006-Q1,0.9,,,,
ABS:LCI(1.0.0),3,131279,P3,50,Q,2006-Q2,1.5,,,,
ABS:LCI(1.0.0),3,131279,P3,50,Q,2006-Q3,2.6,,,,
ABS:LCI(1.0.0),3,131279,P3,50,Q,2006-Q4,5.4,,,,
ABS:LCI(1.0.0),3,131279,P3,50,Q,2007-Q1,6.4,,,,
ABS:LCI(1.0.0),3,131279,P3,50,Q,2007-Q2,5.2,,,,
ABS:LCI(1.0.0),3,131279,P3,50,Q,2007-Q3,6.6,,,,
ABS:LCI(1.0.0),3,131279,P3,50,Q,2007-Q4,7,,,,
ABS:LCI(1.0.0),3,131279,P3,50,Q,2008-Q1,9,,,,
ABS:LCI(1.0.0),3,131279,P3,50,Q,2008-Q2,11.2,,,,
ABS:LCI(1.0.0),3,131279,P3,50,Q,2008-Q3,11.3,,,,
ABS:LCI(1.0.0),3,131279,P3,50,Q,2008-Q4,14.6,,,,
ABS:LCI(1.0.0),3,131279,P3,50,Q,2009-Q1,6.2,,,,
ABS:LCI(1.0.0),3,131279,P3,50,Q,2009-Q2,1.2,,,,
ABS:LCI(1.0.0),3,131279,P3,50,Q,2009-Q3,-1.9,,,,
ABS:LCI(1.0.0),3,131279,P3,50,Q,2009-Q4,-4.5,,,,
ABS:LCI(1.0.0),3,131279,P3,50,Q,2010-Q1,3.3,,,,
ABS:LCI(1.0.0),3,131279,P3,50,Q,2010-Q2,8.7,,,,
ABS:LCI(1.0.0),3,131279,P3,50,Q,2010-Q3,10.9,,,,
ABS:LCI(1.0.0),3,131279,P3,50,Q,2010-Q4,11,,,,
ABS:LCI(1.0.0),3,131279,P3,50,Q,2011-Q1,9.1,,,,
ABS:LCI(1.0.0),3,131279,P3,50,Q,2011-Q2,7.3,,,,
ABS:LCI(1.0.0),3,131279,P3,50,Q,2011-Q3,7.6,,,,
ABS:LCI(1.0.0),3,131279,P3,50,Q,2011-Q4,5.4,,,,
ABS:LCI(1.0.0),3,131279,P3,50,Q,2012-Q1,2.7,,,,
ABS:LCI(1.0.0),3,131279,P3,50,Q,2012-Q2,2,,,,
ABS:LCI(1.0.0),3,131279,P3,50,Q,2012-Q3,-1.3,,,,
ABS:LCI(1.0.0),3,131279,P3,50,Q,2012-Q4,-1.9,,,,
ABS:LCI(1.0.0),3,131279,P3,50,Q,2013-Q1,-1.1,,,,
ABS:LCI(1.0.0),3,131279,P3,50,Q,2013-Q2,-2.7,,,,
ABS:LCI(1.0.0),3,131279,P3,50,Q,2013-Q3,-1,,,,
ABS:LCI(1.0.0),3,131279,P3,50,Q,2013-Q4,-1.2,,,,
ABS:LCI(1.0.0),3,131279,P3,50,Q,2014-Q1,-0.2,,,,
ABS:LCI(1.0.0),3,131279,P3,50,Q,2014-Q2,0.1,,,,
ABS:LCI(1.0.0),3,131279,P3,50,Q,2014-Q3,0.1,,,,
ABS:LCI(1.0.0),3,131279,P3,50,Q,2014-Q4,-0.2,,,,
ABS:LCI(1.0.0),3,131279,P3,50,Q,2015-Q1,-0.6,,,,
ABS:LCI(1.0.0),3,131279,P3,50,Q,2015-Q2,-0.6,,,,
ABS:LCI(1.0.0),3,131279,P3,50,Q,2015-Q3,-0.9,,,,
ABS:LCI(1.0.0),3,131279,P3,50,Q,2015-Q4,-0.4,,,,
ABS:LCI(1.0.0),3,131279,P3,50,Q,2016-Q1,-0.2,,,,
ABS:LCI(1.0.0),3,131279,P3,50,Q,2016-Q2,1.2,,,,
ABS:LCI(1.0.0),3,131279,P3,50,Q,2016-Q3,1.2,,,,
ABS:LCI(1.0.0),3,131279,P3,50,Q,2016-Q4,1,,,,
ABS:LCI(1.0.0),3,131279,P3,50,Q,2017-Q1,-0.1,,,,
ABS:LCI(1.0.0),3,131279,P3,50,Q,2017-Q2,0.1,,,,
ABS:LCI(1.0.0),3,131279,P3,50,Q,2017-Q3,0.7,,,,
ABS:LCI(1.0.0),3,131279,P3,50,Q,2017-Q4,1.4,,,,
ABS:LCI(1.0.0),3,131279,P3,50,Q,2018-Q1,2.9,,,,
ABS:LCI(1.0.0),3,131279,P3,50,Q,2018-Q2,2.2,,,,
ABS:LCI(1.0.0),3,131279,P3,50,Q,2018-Q3,1.7,,,,
ABS:LCI(1.0.0),3,131279,P3,50,Q,2018-Q4,1.6,,,,
ABS:LCI(1.0.0),3,131279,P3,50,Q,2019-Q1,-0.4,,,,
ABS:LCI(1.0.0),3,131279,P3,50,Q,2019-Q2,0,,,,
ABS:LCI(1.0.0),3,131279,P3,50,Q,2019-Q3,0.3,,,,
ABS:LCI(1.0.0),3,131279,P3,50,Q,2019-Q4,-0.2,,,,
ABS:LCI(1.0.0),3,131279,P3,50,Q,2020-Q1,0.4,,,,
ABS:LCI(1.0.0),3,131279,P3,50,Q,2020-Q2,2.2,,,,
ABS:LCI(1.0.0),3,131279,P3,50,Q,2020-Q3,-2.8,,,,
ABS:LCI(1.0.0),3,131279,P3,50,Q,2020-Q4,-5.1,,,,
ABS:LCI(1.0.0),3,131279,P3,50,Q,2021-Q1,-5.7,,,,
ABS:LCI(1.0.0),3,131279,P3,50,Q,2021-Q2,-8.9,,,,
ABS:LCI(1.0.0),3,131279,P3,50,Q,2021-Q3,-4.2,,,,
ABS:LCI(1.0.0),3,131279,P3,50,Q,2021-Q4,-3.9,,,,
ABS:LCI(1.0.0),3,131279,P3,50,Q,2022-Q1,-4.4,,,,
ABS:LCI(1.0.0),3,131279,P3,50,Q,2022-Q2,-3.8,,,,
ABS:LCI(1.0.0),3,131279,P3,50,Q,2022-Q3,-3.8,,,,
ABS:LCI(1.0.0),3,131279,P3,50,Q,2022-Q4,0.6,,,,
ABS:LCI(1.0.0),3,131279,P3,50,Q,2023-Q1,5,,,,
ABS:LCI(1.0.0),3,131279,P3,50,Q,2023-Q2,7.5,,,,
ABS:LCI(1.0.0),3,131279,P3,50,Q,2023-Q3,10.1,,,,
ABS:LCI(1.0.0),3,131279,P3,50,Q,2023-Q4,11.2,,,,
ABS:LCI(1.0.0),3,131279,P3,50,Q,2024-Q1,10.5,,,,
ABS:LCI(1.0.0),3,131279,P3,50,Q,2024-Q2,11.2,,,,
ABS:LCI(1.0.0),3,131279,P3,50,Q,2024-Q3,10.9,,,,
ABS:LCI(1.0.0),3,131279,P3,50,Q,2024-Q4,8.1,,,,
ABS:LCI(1.0.0),3,131279,P3,50,Q,2025-Q1,8.3,,,,
ABS:LCI(1.0.0),3,131279,P3,50,Q,2025-Q2,7.3,,,,
ABS:LCI(1.0.0),3,131279,P3,50,Q,2025-Q3,4.4,,,,
ABS:LCI(1.0.0),3,131279,P3,50,Q,2025-Q4,3.6,,,,
ABS:LCI(1.0.0),3,131279,P3,50,Q,2026-Q1,2.4,,,,
ABS:LCI(1.0.0),3,131279,P3,50,Q,2026-Q2,2.4,,,,
ABS:LCI(1.0.0),3,131278,P4,50,Q,1999-Q2,-0.1,,,,
ABS:LCI(1.0.0),3,131278,P4,50,Q,1999-Q3,0.2,,,,
ABS:LCI(1.0.0),3,131278,P4,50,Q,1999-Q4,1.1,,,,
ABS:LCI(1.0.0),3,131278,P4,50,Q,2000-Q1,8.8,,,,
ABS:LCI(1.0.0),3,131278,P4,50,Q,2000-Q2,10.4,,,,
ABS:LCI(1.0.0),3,131278,P4,50,Q,2000-Q3,26.6,,,,
ABS:LCI(1.0.0),3,131278,P4,50,Q,2000-Q4,29.3,,,,
ABS:LCI(1.0.0),3,131278,P4,50,Q,2001-Q1,23.5,,,,
ABS:LCI(1.0.0),3,131278,P4,50,Q,2001-Q2,8.2,,,,
ABS:LCI(1.0.0),3,131278,P4,50,Q,2001-Q3,-8.5,,,,
ABS:LCI(1.0.0),3,131278,P4,50,Q,2001-Q4,-15,,,,
ABS:LCI(1.0.0),3,131278,P4,50,Q,2002-Q1,-14.5,,,,
ABS:LCI(1.0.0),3,131278,P4,50,Q,2002-Q2,-6.8,,,,
ABS:LCI(1.0.0),3,131278,P4,50,Q,2002-Q3,3.9,,,,
ABS:LCI(1.0.0),3,131278,P4,50,Q,2002-Q4,10.7,,,,
ABS:LCI(1.0.0),3,131278,P4,50,Q,2003-Q1,11.4,,,,
ABS:LCI(1.0.0),3,131278,P4,50,Q,2003-Q2,18.2,,,,
ABS:LCI(1.0.0),3,131278,P4,50,Q,2003-Q3,11,,,,
ABS:LCI(1.0.0),3,131278,P4,50,Q,2003-Q4,11.6,,,,
ABS:LCI(1.0.0),3,131278,P4,50,Q,2004-Q1,18.5,,,,
ABS:LCI(1.0.0),3,131278,P4,50,Q,2004-Q2,20.1,,,,
ABS:LCI(1.0.0),3,131278,P4,50,Q,2004-Q3,19.9,,,,
ABS:LCI(1.0.0),3,131278,P4,50,Q,2004-Q4,18.7,,,,
ABS:LCI(1.0.0),3,131278,P4,50,Q,2005-Q1,11.3,,,,
ABS:LCI(1.0.0),3,131278,P4,50,Q,2005-Q2,12.7,,,,
ABS:LCI(1.0.0),3,131278,P4,50,Q,2005-Q3,12.2,,,,
ABS:LCI(1.0.0),3,131278,P4,50,Q,2005-Q4,9.7,,,,
ABS:LCI(1.0.0),3,131278,P4,50,Q,2006-Q1,11.2,,,,
ABS:LCI(1.0.0),3,131278,P4,50,Q,2006-Q2,8.4,,,,
ABS:LCI(1.0.0),3,131278,P4,50,Q,2006-Q3,11.3,,,,
ABS:LCI(1.0.0),3,131278,P4,50,Q,2006-Q4,16.9,,,,
ABS:LCI(1.0.0),3,131278,P4,50,Q,2007-Q1,17.1,,,,
ABS:LCI(1.0.0),3,131278,P4,50,Q,2007-Q2,17.1,,,,
ABS:LCI(1.0.0),3,131278,P4,50,Q,2007-Q3,16.9,,,,
ABS:LCI(1.0.0),3,131278,P4,50,Q,2007-Q4,14.2,,,,
ABS:LCI(1.0.0),3,131278,P4,50,Q,2008-Q1,18.2,,,,
ABS:LCI(1.0.0),3,131278,P4,50,Q,2008-Q2,25.3,,,,
ABS:LCI(1.0.0),3,131278,P4,50,Q,2008-Q3,22.6,,,,
ABS:LCI(1.0.0),3,131278,P4,50,Q,2008-Q4,15.3,,,,
ABS:LCI(1.0.0),3,131278,P4,50,Q,2009-Q1,-4.2,,,,
ABS:LCI(1.0.0),3,131278,P4,50,Q,2009-Q2,-31.9,,,,
ABS:LCI(1.0.0),3,131278,P4,50,Q,2009-Q3,-33.5,,,,
ABS:LCI(1.0.0),3,131278,P4,50,Q,2009-Q4,-28,,,,
ABS:LCI(1.0.0),3,131278,P4,50,Q,2010-Q1,-11.5,,,,
ABS:LCI(1.0.0),3,131278,P4,50,Q,2010-Q2,25.5,,,,
ABS:LCI(1.0.0),3,131278,P4,50,Q,2010-Q3,32.1,,,,
ABS:LCI(1.0.0),3,131278,P4,50,Q,2010-Q4,30.1,,,,
ABS:LCI(1.0.0),3,131278,P4,50,Q,2011-Q1,23.7,,,,
ABS:LCI(1.0.0),3,131278,P4,50,Q,2011-Q2,14.4,,,,
ABS:LCI(1.0.0),3,131278,P4,50,Q,2011-Q3,9.2,,,,
ABS:LCI(1.0.0),3,131278,P4,50,Q,2011-Q4,6.7,,,,
ABS:LCI(1.0.0),3,131278,P4,50,Q,2012-Q1,-2,,,,
ABS:LCI(1.0.0),3,131278,P4,50,Q,2012-Q2,-3.7,,,,
ABS:LCI(1.0.0),3,131278,P4,50,Q,2012-Q3,-10.3,,,,
ABS:LCI(1.0.0),3,131278,P4,50,Q,2012-Q4,-12.3,,,,
ABS:LCI(1.0.0),3,131278,P4,50,Q,2013-Q1,-12.2,,,,
ABS:LCI(1.0.0),3,131278,P4,50,Q,2013-Q2,-12.6,,,,
ABS:LCI(1.0.0),3,131278,P4,50,Q,2013-Q3,-10.3,,,,
ABS:LCI(1.0.0),3,131278,P4,50,Q,2013-Q4,-11.3,,,,
ABS:LCI(1.0.0),3,131278,P4,50,Q,2014-Q1,-6.5,,,,
ABS:LCI(1.0.0),3,131278,P4,50,Q,2014-Q2,-4.9,,,,
ABS:LCI(1.0.0),3,131278,P4,50,Q,2014-Q3,-0.8,,,,
ABS:LCI(1.0.0),3,131278,P4,50,Q,2014-Q4,3.3,,,,
ABS:LCI(1.0.0),3,131278,P4,50,Q,2015-Q1,2,,,,
ABS:LCI(1.0.0),3,131278,P4,50,Q,2015-Q2,-1.8,,,,
ABS:LCI(1.0.0),3,131278,P4,50,Q,2015-Q3,-4.3,,,,
ABS:LCI(1.0.0),3,131278,P4,50,Q,2015-Q4,-4,,,,
ABS:LCI(1.0.0),3,131278,P4,50,Q,2016-Q1,-1.2,,,,
ABS:LCI(1.0.0),3,131278,P4,50,Q,2016-Q2,1.6,,,,
ABS:LCI(1.0.0),3,131278,P4,50,Q,2016-Q3,-0.3,,,,
ABS:LCI(1.0.0),3,131278,P4,50,Q,2016-Q4,-4.2,,,,
ABS:LCI(1.0.0),3,131278,P4,50,Q,2017-Q1,-5.4,,,,
ABS:LCI(1.0.0),3,131278,P4,50,Q,2017-Q2,-4.9,,,,
ABS:LCI(1.0.0),3,131278,P4,50,Q,2017-Q3,1.1,,,,
ABS:LCI(1.0.0),3,131278,P4,50,Q,2017-Q4,4.6,,,,
ABS:LCI(1.0.0),3,131278,P4,50,Q,2018-Q1,3.4,,,,
ABS:LCI(1.0.0),3,131278,P4,50,Q,2018-Q2,3.7,,,,
ABS:LCI(1.0.0),3,131278,P4,50,Q,2018-Q3,2,,,,
ABS:LCI(1.0.0),3,131278,P4,50,Q,2018-Q4,2.7,,,,
ABS:LCI(1.0.0),3,131278,P4,50,Q,2019-Q1,2.5,,,,
ABS:LCI(1.0.0),3,131278,P4,50,Q,2019-Q2,2.2,,,,
ABS:LCI(1.0.0),3,131278,P4,50,Q,2019-Q3,-5.8,,,,
ABS:LCI(1.0.0),3,131278,P4,50,Q,2019-Q4,-11.5,,,,
ABS:LCI(1.0.0),3,131278,P4,50,Q,2020-Q1,-13.9,,,,
ABS:LCI(1.0.0),3,131278,P4,50,Q,2020-Q2,-18.2,,,,
ABS:LCI(1.0.0),3,131278,P4,50,Q,2020-Q3,-17.3,,,,
ABS:LCI(1.0.0),3,131278,P4,50,Q,2020-Q4,-14.9,,,,
ABS:LCI(1.0.0),3,131278,P4,50,Q,2021-Q1,-14.7,,,,
ABS:LCI(1.0.0),3,131278,P4,50,Q,2021-Q2,-12.4,,,,
ABS:LCI(1.0.0),3,131278,P4,50,Q,2021-Q3,-7.8,,,,
ABS:LCI(1.0.0),3,131278,P4,50,Q,2021-Q4,-7.3,,,,
ABS:LCI(1.0.0),3,131278,P4,50,Q,2022-Q1,-5.1,,,,
ABS:LCI(1.0.0),3,131278,P4,50,Q,2022-Q2,-0.5,,,,
ABS:LCI(1.0.0),3,131278,P4,50,Q,2022-Q3,25.5,,,,
ABS:LCI(1.0.0),3,131278,P4,50,Q,2022-Q4,61.3,,,,
ABS:LCI(1.0.0),3,131278,P4,50,Q,2023-Q1,78.8,,,,
ABS:LCI(1.0.0),3,131278,P4,50,Q,2023-Q2,91.3,,,,
ABS:LCI(1.0.0),3,131278,P4,50,Q,2023-Q3,68.4,,,,
ABS:LCI(1.0.0),3,131278,P4,50,Q,2023-Q4,40.1,,,,
ABS:LCI(1.0.0),3,131278,P4,50,Q,2024-Q1,35.1,,,,
ABS:LCI(1.0.0),3,131278,P4,50,Q,2024-Q2,26.2,,,,
ABS:LCI(1.0.0),3,131278,P4,50,Q,2024-Q3,18.6,,,,
ABS:LCI(1.0.0),3,131278,P4,50,Q,2024-Q4,14.4,,,,
ABS:LCI(1.0.0),3,131278,P4,50,Q,2025-Q1,8.3,,,,
ABS:LCI(1.0.0),3,131278,P4,50,Q,2025-Q2,4.1,,,,
ABS:LCI(1.0.0),3,131278,P4,50,Q,2025-Q3,-2.5,,,,
ABS:LCI(1.0.0),3,131278,P4,50,Q,2025-Q4,-6.8,,,,
ABS:LCI(1.0.0),3,131278,P4,50,Q,2026-Q1,-6.7,,,,
ABS:LCI(1.0.0),3,131278,P4,50,Q,2026-Q2,2.3,,,,
ABS:LCI(1.0.0),4,20002,P2,50,Q,2025-Q4,2.79,,,,
ABS:LCI(1.0.0),4,20002,P2,50,Q,2026-Q1,2.86,,,,
ABS:LCI(1.0.0),4,20002,P2,50,Q,2026-Q2,2.89,,,,
ABS:LCI(1.0.0),4,20003,P1,50,Q,2025-Q4,13.51,,,,
ABS:LCI(1.0.0),4,20003,P1,50,Q,2026-Q1,13.99,,,,
ABS:LCI(1.0.0),4,20003,P1,50,Q,2026-Q2,14.08,,,,
ABS:LCI(1.0.0),4,115488,P2,50,Q,2025-Q4,2.34,,,,
ABS:LCI(1.0.0),4,115488,P2,50,Q,2026-Q1,2.34,,,,
ABS:LCI(1.0.0),4,115488,P2,50,Q,2026-Q2,2.37,,,,
ABS:LCI(1.0.0),5,10001,P2,50,Q,2025-Q4,0.13,,,,
ABS:LCI(1.0.0),5,10001,P2,50,Q,2026-Q1,2.54,,,,
ABS:LCI(1.0.0),5,10001,P2,50,Q,2026-Q2,0.54,,,,
ABS:LCI(1.0.0),5,20001,P3,50,Q,2025-Q4,0.06,,,,
ABS:LCI(1.0.0),5,20001,P3,50,Q,2026-Q1,0.19,,,,
ABS:LCI(1.0.0),5,20001,P3,50,Q,2026-Q2,0.2,,,,
ABS:LCI(1.0.0),5,115489,P4,50,Q,2025-Q4,0.6,,,,
ABS:LCI(1.0.0),5,115489,P4,50,Q,2026-Q1,-0.46,,,,
ABS:LCI(1.0.0),5,115489,P4,50,Q,2026-Q2,-0.07,,,,
ABS:LCI(1.0.0),1,10001,P4,50,Q,1998-Q2,47.56,,,,
ABS:LCI(1.0.0),1,10001,P4,50,Q,1998-Q3,47.7,,,,
ABS:LCI(1.0.0),1,10001,P4,50,Q,1998-Q4,47.89,,,,
ABS:LCI(1.0.0),1,10001,P4,50,Q,1999-Q1,47.56,,,,
ABS:LCI(1.0.0),1,10001,P4,50,Q,1999-Q2,47.75,,,,
ABS:LCI(1.0.0),1,10001,P4,50,Q,1999-Q3,48.23,,,,
ABS:LCI(1.0.0),1,10001,P4,50,Q,1999-Q4,48.42,,,,
ABS:LCI(1.0.0),1,10001,P4,50,Q,2000-Q1,48.7,,,,
ABS:LCI(1.0.0),1,10001,P4,50,Q,2000-Q2,49.08,,,,
ABS:LCI(1.0.0),1,10001,P4,50,Q,2000-Q3,50.99,,,,
ABS:LCI(1.0.0),1,10001,P4,50,Q,2000-Q4,51.08,,,,
ABS:LCI(1.0.0),1,10001,P4,50,Q,2001-Q1,51.6,,,,
ABS:LCI(1.0.0),1,10001,P4,50,Q,2001-Q2,52.03,,,,
ABS:LCI(1.0.0),1,10001,P4,50,Q,2001-Q3,52.17,,,,
ABS:LCI(1.0.0),1,10001,P4,50,Q,2001-Q4,52.84,,,,
ABS:LCI(1.0.0),1,10001,P4,50,Q,2002-Q1,53.36,,,,
ABS:LCI(1.0.0),1,10001,P4,50,Q,2002-Q2,53.74,,,,
ABS:LCI(1.0.0),1,10001,P4,50,Q,2002-Q3,54.17,,,,
ABS:LCI(1.0.0),1,10001,P4,50,Q,2002-Q4,54.6,,,,
ABS:LCI(1.0.0),1,10001,P4,50,Q,2003-Q1,55.23,,,,
ABS:LCI(1.0.0),1,10001,P4,50,Q,2003-Q2,55.2,,,,
ABS:LCI(1.0.0),1,10001,P4,50,Q,2003-Q3,55.46,,,,
ABS:LCI(1.0.0),1,10001,P4,50,Q,2003-Q4,55.84,,,,
ABS:LCI(1.0.0),1,10001,P4,50,Q,2004-Q1,56.18,,,,
ABS:LCI(1.0.0),1,10001,P4,50,Q,2004-Q2,56.42,,,,
ABS:LCI(1.0.0),1,10001,P4,50,Q,2004-Q3,56.65,,,,
ABS:LCI(1.0.0),1,10001,P4,50,Q,2004-Q4,57.1,,,,
ABS:LCI(1.0.0),1,10001,P4,50,Q,2005-Q1,57.42,,,,
ABS:LCI(1.0.0),1,10001,P4,50,Q,2005-Q2,57.7,,,,
ABS:LCI(1.0.0),1,10001,P4,50,Q,2005-Q3,58.4,,,,
ABS:LCI(1.0.0),1,10001,P4,50,Q,2005-Q4,58.6,,,,
ABS:LCI(1.0.0),1,10001,P4,50,Q,2006-Q1,59.23,,,,
ABS:LCI(1.0.0),1,10001,P4,50,Q,2006-Q2,60.38,,,,
ABS:LCI(1.0.0),1,10001,P4,50,Q,2006-Q3,61.12,,,,
ABS:LCI(1.0.0),1,10001,P4,50,Q,2006-Q4,60.97,,,,
ABS:LCI(1.0.0),1,10001,P4,50,Q,2007-Q1,60.74,,,,
ABS:LCI(1.0.0),1,10001,P4,50,Q,2007-Q2,61.5,,,,
ABS:LCI(1.0.0),1,10001,P4,50,Q,2007-Q3,62.12,,,,
ABS:LCI(1.0.0),1,10001,P4,50,Q,2007-Q4,62.54,,,,
ABS:LCI(1.0.0),1,10001,P4,50,Q,2008-Q1,63.26,,,,
ABS:LCI(1.0.0),1,10001,P4,50,Q,2008-Q2,64.11,,,,
ABS:LCI(1.0.0),1,10001,P4,50,Q,2008-Q3,65.06,,,,
ABS:LCI(1.0.0),1,10001,P4,50,Q,2008-Q4,64.73,,,,
ABS:LCI(1.0.0),1,10001,P4,50,Q,2009-Q1,65.06,,,,
ABS:LCI(1.0.0),1,10001,P4,50,Q,2009-Q2,65.39,,,,
ABS:LCI(1.0.0),1,10001,P4,50,Q,2009-Q3,66.1,,,,
ABS:LCI(1.0.0),1,10001,P4,50,Q,2009-Q4,66.52,,,,
ABS:LCI(1.0.0),1,10001,P4,50,Q,2010-Q1,67,,,,
ABS:LCI(1.0.0),1,10001,P4,50,Q,2010-Q2,67.33,,,,
ABS:LCI(1.0.0),1,10001,P4,50,Q,2010-Q3,67.98,,,,
ABS:LCI(1.0.0),1,10001,P4,50,Q,2010-Q4,68.31,,,,
ABS:LCI(1.0.0),1,10001,P4,50,Q,2011-Q1,69.3,,,,
ABS:LCI(1.0.0),1,10001,P4,50,Q,2011-Q2,70.01,,,,
ABS:LCI(1.0.0),1,10001,P4,50,Q,2011-Q3,70.56,,,,
ABS:LCI(1.0.0),1,10001,P4,50,Q,2011-Q4,70.55,,,,
ABS:LCI(1.0.0),1,10001,P4,50,Q,2012-Q1,70.21,,,,
ABS:LCI(1.0.0),1,10001,P4,50,Q,2012-Q2,70.48,,,,
ABS:LCI(1.0.0),1,10001,P4,50,Q,2012-Q3,71.65,,,,
ABS:LCI(1.0.0),1,10001,P4,50,Q,2012-Q4,71.85,,,,
ABS:LCI(1.0.0),1,10001,P4,50,Q,2013-Q1,71.86,,,,
ABS:LCI(1.0.0),1,10001,P4,50,Q,2013-Q2,71.98,,,,
ABS:LCI(1.0.0),1,10001,P4,50,Q,2013-Q3,73.08,,,,
ABS:LCI(1.0.0),1,10001,P4,50,Q,2013-Q4,73.76,,,,
ABS:LCI(1.0.0),1,10001,P4,50,Q,2014-Q1,74,,,,
ABS:LCI(1.0.0),1,10001,P4,50,Q,2014-Q2,74.33,,,,
ABS:LCI(1.0.0),1,10001,P4,50,Q,2014-Q3,74.68,,,,
ABS:LCI(1.0.0),1,10001,P4,50,Q,2014-Q4,74.88,,,,
ABS:LCI(1.0.0),1,10001,P4,50,Q,2015-Q1,74.93,,,,
ABS:LCI(1.0.0),1,10001,P4,50,Q,2015-Q2,75.25,,,,
ABS:LCI(1.0.0),1,10001,P4,50,Q,2015-Q3,75.6,,,,
ABS:LCI(1.0.0),1,10001,P4,50,Q,2015-Q4,76.08,,,,
ABS:LCI(1.0.0),1,10001,P4,50,Q,2016-Q1,75.79,,,,
ABS:LCI(1.0.0),1,10001,P4,50,Q,2016-Q2,76.07,,,,
ABS:LCI(1.0.0),1,10001,P4,50,Q,2016-Q3,76.71,,,,
ABS:LCI(1.0.0),1,10001,P4,50,Q,2016-Q4,77.13,,,,
ABS:LCI(1.0.0),1,10001,P4,50,Q,2017-Q1,77.31,,,,
ABS:LCI(1.0.0),1,10001,P4,50,Q,2017-Q2,77.4,,,,
ABS:LCI(1.0.0),1,10001,P4,50,Q,2017-Q3,77.92,,,,
ABS:LCI(1.0.0),1,10001,P4,50,Q,2017-Q4,78.42,,,,
ABS:LCI(1.0.0),1,10001,P4,50,Q,2018-Q1,78.72,,,,
ABS:LCI(1.0.0),1,10001,P4,50,Q,2018-Q2,79,,,,
ABS:LCI(1.0.0),1,10001,P4,50,Q,2018-Q3,79.68,,,,
ABS:LCI(1.0.0),1,10001,P4,50,Q,2018-Q4,80.08,,,,
ABS:LCI(1.0.0),1,10001,P4,50,Q,2019-Q1,79.97,,,,
ABS:LCI(1.0.0),1,10001,P4,50,Q,2019-Q2,80.53,,,,
ABS:LCI(1.0.0),1,10001,P4,50,Q,2019-Q3,81.2,,,,
ABS:LCI(1.0.0),1,10001,P4,50,Q,2019-Q4,81.63,,,,
ABS:LCI(1.0.0),1,10001,P4,50,Q,2020-Q1,81.78,,,,
ABS:LCI(1.0.0),1,10001,P4,50,Q,2020-Q2,81.41,,,,
ABS:LCI(1.0.0),1,10001,P4,50,Q,2020-Q3,81.82,,,,
ABS:LCI(1.0.0),1,10001,P4,50,Q,2020-Q4,82.26,,,,
ABS:LCI(1.0.0),1,10001,P4,50,Q,2021-Q1,82.84,,,,
ABS:LCI(1.0.0),1,10001,P4,50,Q,2021-Q2,83.59,,,,
ABS:LCI(1.0.0),1,10001,P4,50,Q,2021-Q3,84.16,,,,
ABS:LCI(1.0.0),1,10001,P4,50,Q,2021-Q4,84.99,,,,
ABS:LCI(1.0.0),1,10001,P4,50,Q,2022-Q1,86.51,,,,
ABS:LCI(1.0.0),1,10001,P4,50,Q,2022-Q2,87.78,,,,
ABS:LCI(1.0.0),1,10001,P4,50,Q,2022-Q3,89.49,,,,
ABS:LCI(1.0.0),1,10001,P4,50,Q,2022-Q4,91.45,,,,
ABS:LCI(1.0.0),1,10001,P4,50,Q,2023-Q1,92.64,,,,
ABS:LCI(1.0.0),1,10001,P4,50,Q,2023-Q2,93.32,,,,
ABS:LCI(1.0.0),1,10001,P4,50,Q,2023-Q3,94.64,,,,
ABS:LCI(1.0.0),1,10001,P4,50,Q,2023-Q4,95.1,,,,
ABS:LCI(1.0.0),1,10001,P4,50,Q,2024-Q1,95.79,,,,
ABS:LCI(1.0.0),1,10001,P4,50,Q,2024-Q2,96.91,,,,
ABS:LCI(1.0.0),1,10001,P4,50,Q,2024-Q3,97.21,,,,
ABS:LCI(1.0.0),1,10001,P4,50,Q,2024-Q4,97.5,,,,
ABS:LCI(1.0.0),1,10001,P4,50,Q,2025-Q1,98.04,,,,
ABS:LCI(1.0.0),1,10001,P4,50,Q,2025-Q2,98.62,,,,
ABS:LCI(1.0.0),1,10001,P4,50,Q,2025-Q3,100,,,,
ABS:LCI(1.0.0),1,10001,P4,50,Q,2025-Q4,100.69,,,,
ABS:LCI(1.0.0),1,10001,P4,50,Q,2026-Q1,101.8,,,,
ABS:LCI(1.0.0),1,10001,P4,50,Q,2026-Q2,102.4,,,,
ABS:LCI(1.0.0),1,20006,P4,50,Q,2007-Q2,41.75,,,,
ABS:LCI(1.0.0),1,20006,P4,50,Q,2007-Q3,41.93,,,,
ABS:LCI(1.0.0),1,20006,P4,50,Q,2007-Q4,42.44,,,,
ABS:LCI(1.0.0),1,20006,P4,50,Q,2008-Q1,42.88,,,,
ABS:LCI(1.0.0),1,20006,P4,50,Q,2008-Q2,43.73,,,,
ABS:LCI(1.0.0),1,20006,P4,50,Q,2008-Q3,44.36,,,,
ABS:LCI(1.0.0),1,20006,P4,50,Q,2008-Q4,44.9,,,,
ABS:LCI(1.0.0),1,20006,P4,50,Q,2009-Q1,45.28,,,,
ABS:LCI(1.0.0),1,20006,P4,50,Q,2009-Q2,45.66,,,,
ABS:LCI(1.0.0),1,20006,P4,50,Q,2009-Q3,46.03,,,,
ABS:LCI(1.0.0),1,20006,P4,50,Q,2009-Q4,46.28,,,,
ABS:LCI(1.0.0),1,20006,P4,50,Q,2010-Q1,46.79,,,,
ABS:LCI(1.0.0),1,20006,P4,50,Q,2010-Q2,49.18,,,,
ABS:LCI(1.0.0),1,20006,P4,50,Q,2010-Q3,50.52,,,,
ABS:LCI(1.0.0),1,20006,P4,50,Q,2010-Q4,50.88,,,,
ABS:LCI(1.0.0),1,20006,P4,50,Q,2011-Q1,51.41,,,,
ABS:LCI(1.0.0),1,20006,P4,50,Q,2011-Q2,51.69,,,,
ABS:LCI(1.0.0),1,20006,P4,50,Q,2011-Q3,51.95,,,,
ABS:LCI(1.0.0),1,20006,P4,50,Q,2011-Q4,52.33,,,,
ABS:LCI(1.0.0),1,20006,P4,50,Q,2012-Q1,53,,,,
ABS:LCI(1.0.0),1,20006,P4,50,Q,2012-Q2,53.53,,,,
ABS:LCI(1.0.0),1,20006,P4,50,Q,2012-Q3,53.98,,,,
ABS:LCI(1.0.0),1,20006,P4,50,Q,2012-Q4,54.12,,,,
ABS:LCI(1.0.0),1,20006,P4,50,Q,2013-Q1,55.03,,,,
ABS:LCI(1.0.0),1,20006,P4,50,Q,2013-Q2,55.74,,,,
ABS:LCI(1.0.0),1,20006,P4,50,Q,2013-Q3,56.22,,,,
ABS:LCI(1.0.0),1,20006,P4,50,Q,2013-Q4,57.07,,,,
ABS:LCI(1.0.0),1,20006,P4,50,Q,2014-Q1,58.72,,,,
ABS:LCI(1.0.0),1,20006,P4,50,Q,2014-Q2,59.59,,,,
ABS:LCI(1.0.0),1,20006,P4,50,Q,2014-Q3,60.15,,,,
ABS:LCI(1.0.0),1,20006,P4,50,Q,2014-Q4,61.08,,,,
ABS:LCI(1.0.0),1,20006,P4,50,Q,2015-Q1,61.45,,,,
ABS:LCI(1.0.0),1,20006,P4,50,Q,2015-Q2,62.22,,,,
ABS:LCI(1.0.0),1,20006,P4,50,Q,2015-Q3,62.86,,,,
ABS:LCI(1.0.0),1,20006,P4,50,Q,2015-Q4,64.35,,,,
ABS:LCI(1.0.0),1,20006,P4,50,Q,2016-Q1,64.85,,,,
ABS:LCI(1.0.0),1,20006,P4,50,Q,2016-Q2,65.46,,,,
ABS:LCI(1.0.0),1,20006,P4,50,Q,2016-Q3,66.15,,,,
ABS:LCI(1.0.0),1,20006,P4,50,Q,2016-Q4,67.89,,,,
ABS:LCI(1.0.0),1,20006,P4,50,Q,2017-Q1,68.67,,,,
ABS:LCI(1.0.0),1,20006,P4,50,Q,2017-Q2,69.1,,,,
ABS:LCI(1.0.0),1,20006,P4,50,Q,2017-Q3,70.55,,,,
ABS:LCI(1.0.0),1,20006,P4,50,Q,2017-Q4,71.9,,,,
ABS:LCI(1.0.0),1,20006,P4,50,Q,2018-Q1,72.29,,,,
ABS:LCI(1.0.0),1,20006,P4,50,Q,2018-Q2,73.22,,,,
ABS:LCI(1.0.0),1,20006,P4,50,Q,2018-Q3,74.14,,,,
ABS:LCI(1.0.0),1,20006,P4,50,Q,2018-Q4,75.26,,,,
ABS:LCI(1.0.0),1,20006,P4,50,Q,2019-Q1,75.6,,,,
ABS:LCI(1.0.0),1,20006,P4,50,Q,2019-Q2,76.05,,,,
ABS:LCI(1.0.0),1,20006,P4,50,Q,2019-Q3,77.45,,,,
ABS:LCI(1.0.0),1,20006,P4,50,Q,2019-Q4,78.66,,,,
ABS:LCI(1.0.0),1,20006,P4,50,Q,2020-Q1,79.82,,,,
ABS:LCI(1.0.0),1,20006,P4,50,Q,2020-Q2,80.83,,,,
ABS:LCI(1.0.0),1,20006,P4,50,Q,2020-Q3,81.94,,,,
ABS:LCI(1.0.0),1,20006,P4,50,Q,2020-Q4,84.04,,,,
ABS:LCI(1.0.0),1,20006,P4,50,Q,2021-Q1,84.5,,,,
ABS:LCI(1.0.0),1,20006,P4,50,Q,2021-Q2,84.71,,,,
ABS:LCI(1.0.0),1,20006,P4,50,Q,2021-Q3,84.35,,,,
ABS:LCI(1.0.0),1,20006,P4,50,Q,2021-Q4,84.75,,,,
ABS:LCI(1.0.0),1,20006,P4,50,Q,2022-Q1,85.66,,,,
ABS:LCI(1.0.0),1,20006,P4,50,Q,2022-Q2,86.3,,,,
ABS:LCI(1.0.0),1,20006,P4,50,Q,2022-Q3,87.21,,,,
ABS:LCI(1.0.0),1,20006,P4,50,Q,2022-Q4,87.98,,,,
ABS:LCI(1.0.0),1,20006,P4,50,Q,2023-Q1,88.93,,,,
ABS:LCI(1.0.0),1,20006,P4,50,Q,2023-Q2,89.68,,,,
ABS:LCI(1.0.0),1,20006,P4,50,Q,2023-Q3,90.81,,,,
ABS:LCI(1.0.0),1,20006,P4,50,Q,2023-Q4,92.51,,,,
ABS:LCI(1.0.0),1,20006,P4,50,Q,2024-Q1,93.12,,,,
ABS:LCI(1.0.0),1,20006,P4,50,Q,2024-Q2,94.36,,,,
ABS:LCI(1.0.0),1,20006,P4,50,Q,2024-Q3,95.67,,,,
ABS:LCI(1.0.0),1,20006,P4,50,Q,2024-Q4,97.16,,,,
ABS:LCI(1.0.0),1,20006,P4,50,Q,2025-Q1,98.16,,,,
ABS:LCI(1.0.0),1,20006,P4,50,Q,2025-Q2,98.51,,,,
ABS:LCI(1.0.0),1,20006,P4,50,Q,2025-Q3,100,,,,
ABS:LCI(1.0.0),1,20006,P4,50,Q,2025-Q4,99.9,,,,
ABS:LCI(1.0.0),1,20006,P4,50,Q,2026-Q1,101.42,,,,
ABS:LCI(1.0.0),1,20006,P4,50,Q,2026-Q2,101.65,,,,
ABS:LCI(1.0.0),1,126670,P1,50,Q,2007-Q2,55.13,,,,
ABS:LCI(1.0.0),1,126670,P1,50,Q,2007-Q3,57.11,,,,
ABS:LCI(1.0.0),1,126670,P1,50,Q,2007-Q4,58.34,,,,
ABS:LCI(1.0.0),1,126670,P1,50,Q,2008-Q1,61.59,,,,
ABS:LCI(1.0.0),1,126670,P1,50,Q,2008-Q2,65.53,,,,
ABS:LCI(1.0.0),1,126670,P1,50,Q,2008-Q3,67.31,,,,
ABS:LCI(1.0.0),1,126670,P1,50,Q,2008-Q4,66.43,,,,
ABS:LCI(1.0.0),1,126670,P1,50,Q,2009-Q1,61.96,,,,
ABS:LCI(1.0.0),1,126670,P1,50,Q,2009-Q2,53.3,,,,
ABS:LCI(1.0.0),1,126670,P1,50,Q,2009-Q3,53.76,,,,
ABS:LCI(1.0.0),1,126670,P1,50,Q,2009-Q4,55.35,,,,
ABS:LCI(1.0.0),1,126670,P1,50,Q,2010-Q1,59.01,,,,
ABS:LCI(1.0.0),1,126670,P1,50,Q,2010-Q2,62.33,,,,
ABS:LCI(1.0.0),1,126670,P1,50,Q,2010-Q3,64.88,,,,
ABS:LCI(1.0.0),1,126670,P1,50,Q,2010-Q4,66.22,,,,
ABS:LCI(1.0.0),1,126670,P1,50,Q,2011-Q1,68.33,,,,
ABS:LCI(1.0.0),1,126670,P1,50,Q,2011-Q2,69.14,,,,
ABS:LCI(1.0.0),1,126670,P1,50,Q,2011-Q3,69.49,,,,
ABS:LCI(1.0.0),1,126670,P1,50,Q,2011-Q4,69.81,,,,
ABS:LCI(1.0.0),1,126670,P1,50,Q,2012-Q1,67.8,,,,
ABS:LCI(1.0.0),1,126670,P1,50,Q,2012-Q2,67.62,,,,
ABS:LCI(1.0.0),1,126670,P1,50,Q,2012-Q3,64.86,,,,
ABS:LCI(1.0.0),1,126670,P1,50,Q,2012-Q4,64.23,,,,
ABS:LCI(1.0.0),1,126670,P1,50,Q,2013-Q1,62.91,,,,
ABS:LCI(1.0.0),1,126670,P1,50,Q,2013-Q2,62.31,,,,
ABS:LCI(1.0.0),1,126670,P1,50,Q,2013-Q3,60.8,,,,
ABS:LCI(1.0.0),1,126670,P1,50,Q,2013-Q4,59.55,,,,
ABS:LCI(1.0.0),1,126670,P1,50,Q,2014-Q1,60.06,,,,
ABS:LCI(1.0.0),1,126670,P1,50,Q,2014-Q2,60.1,,,,
ABS:LCI(1.0.0),1,126670,P1,50,Q,2014-Q3,60.48,,,,
ABS:LCI(1.0.0),1,126670,P1,50,Q,2014-Q4,60.91,,,,
ABS:LCI(1.0.0),1,126670,P1,50,Q,2015-Q1,60.96,,,,
ABS:LCI(1.0.0),1,126670,P1,50,Q,2015-Q2,59.72,,,,
ABS:LCI(1.0.0),1,126670,P1,50,Q,2015-Q3,59.13,,,,
ABS:LCI(1.0.0),1,126670,P1,50,Q,2015-Q4,59.78,,,,
ABS:LCI(1.0.0),1,126670,P1,50,Q,2016-Q1,61.1,,,,
ABS:LCI(1.0.0),1,126670,P1,50,Q,2016-Q2,61.17,,,,
ABS:LCI(1.0.0),1,126670,P1,50,Q,2016-Q3,60.18,,,,
ABS:LCI(1.0.0),1,126670,P1,50,Q,2016-Q4,59.3,,,,
ABS:LCI(1.0.0),1,126670,P1,50,Q,2017-Q1,60.1,,,,
ABS:LCI(1.0.0),1,126670,P1,50,Q,2017-Q2,60.15,,,,
ABS:LCI(1.0.0),1,126670,P1,50,Q,2017-Q3,61.18,,,,
ABS:LCI(1.0.0),1,126670,P1,50,Q,2017-Q4,61.64,,,,
ABS:LCI(1.0.0),1,126670,P1,50,Q,2018-Q1,61.91,,,,
ABS:LCI(1.0.0),1,126670,P1,50,Q,2018-Q2,62.18,,,,
ABS:LCI(1.0.0),1,126670,P1,50,Q,2018-Q3,62.51,,,,
ABS:LCI(1.0.0),1,126670,P1,50,Q,2018-Q4,63.15,,,,
ABS:LCI(1.0.0),1,126670,P1,50,Q,2019-Q1,63.18,,,,
ABS:LCI(1.0.0),1,126670,P1,50,Q,2019-Q2,63.18,,,,
ABS:LCI(1.0.0),1,126670,P1,50,Q,2019-Q3,60.39,,,,
ABS:LCI(1.0.0),1,126670,P1,50,Q,2019-Q4,58.7,,,,
ABS:LCI(1.0.0),1,126670,P1,50,Q,2020-Q1,57.96,,,,
ABS:LCI(1.0.0),1,126670,P1,50,Q,2020-Q2,56.55,,,,
ABS:LCI(1.0.0),1,126670,P1,50,Q,2020-Q3,54.36,,,,
ABS:LCI(1.0.0),1,126670,P1,50,Q,2020-Q4,53.67,,,,
ABS:LCI(1.0.0),1,126670,P1,50,Q,2021-Q1,52.95,,,,
ABS:LCI(1.0.0),1,126670,P1,50,Q,2021-Q2,52.56,,,,
ABS:LCI(1.0.0),1,126670,P1,50,Q,2021-Q3,52.46,,,,
ABS:LCI(1.0.0),1,126670,P1,50,Q,2021-Q4,52.08,,,,
ABS:LCI(1.0.0),1,126670,P1,50,Q,2022-Q1,52.29,,,,
ABS:LCI(1.0.0),1,126670,P1,50,Q,2022-Q2,53.02,,,,
ABS:LCI(1.0.0),1,126670,P1,50,Q,2022-Q3,59.84,,,,
ABS:LCI(1.0.0),1,126670,P1,50,Q,2022-Q4,69.19,,,,
ABS:LCI(1.0.0),1,126670,P1,50,Q,2023-Q1,74.77,,,,
ABS:LCI(1.0.0),1,126670,P1,50,Q,2023-Q2,80.46,,,,
ABS:LCI(1.0.0),1,126670,P1,50,Q,2023-Q3,86,,,,
ABS:LCI(1.0.0),1,126670,P1,50,Q,2023-Q4,90.24,,,,
ABS:LCI(1.0.0),1,126670,P1,50,Q,2024-Q1,95.73,,,,
ABS:LCI(1.0.0),1,126670,P1,50,Q,2024-Q2,98.3,,,,
ABS:LCI(1.0.0),1,126670,P1,50,Q,2024-Q3,100.94,,,,
ABS:LCI(1.0.0),1,126670,P1,50,Q,2024-Q4,102.33,,,,
ABS:LCI(1.0.0),1,126670,P1,50,Q,2025-Q1,103.63,,,,
ABS:LCI(1.0.0),1,126670,P1,50,Q,2025-Q2,102.52,,,,
ABS:LCI(1.0.0),1,126670,P1,50,Q,2025-Q3,100,,,,
ABS:LCI(1.0.0),1,126670,P1,50,Q,2025-Q4,98.15,,,,
ABS:LCI(1.0.0),1,126670,P1,50,Q,2026-Q1,99.86,,,,
ABS:LCI(1.0.0),1,126670,P1,50,Q,2026-Q2,105.99,,,,
ABS:LCI(1.0.0),2,10001,P3,50,Q,1998-Q3,0.4,,,,
ABS:LCI(1.0.0),2,10001,P3,50,Q,1998-Q4,0.4,,,,
ABS:LCI(1.0.0),2,10001,P3,50,Q,1999-Q1,0.1,,,,
ABS:LCI(1.0.0),2,10001,P3,50,Q,1999-Q2,0.5,,,,
ABS:LCI(1.0.0),2,10001,P3,50,Q,1999-Q3,0.7,,,,
ABS:LCI(1.0.0),2,10001,P3,50,Q,1999-Q4,0.6,,,,
ABS:LCI(1.0.0),2,10001,P3,50,Q,2000-Q1,1.2,,,,
ABS:LCI(1.0.0),2,10001,P3,50,Q,2000-Q2,0.9,,,,
ABS:LCI(1.0.0),2,10001,P3,50,Q,2000-Q3,3.2,,,,
ABS:LCI(1.0.0),2,10001,P3,50,Q,2000-Q4,0.5,,,,
ABS:LCI(1.0.0),2,10001,P3,50,Q,2001-Q1,1.4,,,,
ABS:LCI(1.0.0),2,10001,P3,50,Q,2001-Q2,0.7,,,,
ABS:LCI(1.0.0),2,10001,P3,50,Q,2001-Q3,0.1,,,,
ABS:LCI(1.0.0),2,10001,P3,50,Q,2001-Q4,0.8,,,,
ABS:LCI(1.0.0),2,10001,P3,50,Q,2002-Q1,0.9,,,,
ABS:LCI(1.0.0),2,10001,P3,50,Q,2002-Q2,0.5,,,,
ABS:LCI(1.0.0),2,10001,P3,50,Q,2002-Q3,0.8,,,,
ABS:LCI(1.0.0),2,10001,P3,50,Q,2002-Q4,0.7,,,,
ABS:LCI(1.0.0),2,10001,P3,50,Q,2003-Q1,1.7,,,,
ABS:LCI(1.0.0),2,10001,P3,50,Q,2003-Q2,-0.3,,,,
ABS:LCI(1.0.0),2,10001,P3,50,Q,2003-Q3,0.5,,,,
ABS:LCI(1.0.0),2,10001,P3,50,Q,2003-Q4,0.5,,,,
ABS:LCI(1.0.0),2,10001,P3,50,Q,2004-Q1,1.3,,,,
ABS:LCI(1.0.0),2,10001,P3,50,Q,2004-Q2,0.3,,,,
ABS:LCI(1.0.0),2,10001,P3,50,Q,2004-Q3,0.4,,,,
ABS:LCI(1.0.0),2,10001,P3,50,Q,2004-Q4,0.8,,,,
ABS:LCI(1.0.0),2,10001,P3,50,Q,2005-Q1,0.8,,,,
ABS:LCI(1.0.0),2,10001,P3,50,Q,2005-Q2,0.7,,,,
ABS:LCI(1.0.0),2,10001,P3,50,Q,2005-Q3,1.1,,,,
ABS:LCI(1.0.0),2,10001,P3,50,Q,2005-Q4,0.7,,,,
ABS:LCI(1.0.0),2,10001,P3,50,Q,2006-Q1,1.1,,,,
ABS:LCI(1.0.0),2,10001,P3,50,Q,2006-Q2,1.8,,,,
ABS:LCI(1.0.0),2,10001,P3,50,Q,2006-Q3,1.3,,,,
ABS:LCI(1.0.0),2,10001,P3,50,Q,2006-Q4,0,,,,
ABS:LCI(1.0.0),2,10001,P3,50,Q,2007-Q1,0.2,,,,
ABS:LCI(1.0.0),2,10001,P3,50,Q,2007-Q2,1.3,,,,
ABS:LCI(1.0.0),2,10001,P3,50,Q,2007-Q3,0.8,,,,
ABS:LCI(1.0.0),2,10001,P3,50,Q,2007-Q4,0.9,,,,
ABS:LCI(1.0.0),2,10001,P3,50,Q,2008-Q1,1.7,,,,
ABS:LCI(1.0.0),2,10001,P3,50,Q,2008-Q2,1.5,,,,
ABS:LCI(1.0.0),2,10001,P3,50,Q,2008-Q3,1.3,,,,
ABS:LCI(1.0.0),2,10001,P3,50,Q,2008-Q4,-0.1,,,,
ABS:LCI(1.0.0),2,10001,P3,50,Q,2009-Q1,0.8,,,,
ABS:LCI(1.0.0),2,10001,P3,50,Q,2009-Q2,-0.1,,,,
ABS:LCI(1.0.0),2,10001,P3,50,Q,2009-Q3,1,,,,
ABS:LCI(1.0.0),2,10001,P3,50,Q,2009-Q4,0.6,,,,
ABS:LCI(1.0.0),2,10001,P3,50,Q,2010-Q1,1.2,,,,
ABS:LCI(1.0.0),2,10001,P3,50,Q,2010-Q2,1.4,,,,
ABS:LCI(1.0.0),2,10001,P3,50,Q,2010-Q3,1.1,,,,
ABS:LCI(1.0.0),2,10001,P3,50,Q,2010-Q4,0.7,,,,
ABS:LCI(1.0.0),2,10001,P3,50,Q,2011-Q1,1.8,,,,
ABS:LCI(1.0.0),2,10001,P3,50,Q,2011-Q2,0.9,,,,
ABS:LCI(1.0.0),2,10001,P3,50,Q,2011-Q3,0.7,,,,
ABS:LCI(1.0.0),2,10001,P3,50,Q,2011-Q4,0,,,,
ABS:LCI(1.0.0),2,10001,P3,50,Q,2012-Q1,0.1,,,,
ABS:LCI(1.0.0),2,10001,P3,50,Q,2012-Q2,0.5,,,,
ABS:LCI(1.0.0),2,10001,P3,50,Q,2012-Q3,1.2,,,,
ABS:LCI(1.0.0),2,10001,P3,50,Q,2012-Q4,0.1,,,,
ABS:LCI(1.0.0),2,10001,P3,50,Q,2013-Q1,0.4,,,,
ABS:LCI(1.0.0),2,10001,P3,50,Q,2013-Q2,0.4,,,,
ABS:LCI(1.0.0),2,10001,P3,50,Q,2013-Q3,1,,,,
ABS:LCI(1.0.0),2,10001,P3,50,Q,2013-Q4,0.6,,,,
ABS:LCI(1.0.0),2,10001,P3,50,Q,2014-Q1,1.1,,,,
ABS:LCI(1.0.0),2,10001,P3,50,Q,2014-Q2,0.4,,,,
ABS:LCI(1.0.0),2,10001,P3,50,Q,2014-Q3,0.3,,,,
ABS:LCI(1.0.0),2,10001,P3,50,Q,2014-Q4,0.2,,,,
ABS:LCI(1.0.0),2,10001,P3,50,Q,2015-Q1,0.2,,,,
ABS:LCI(1.0.0),2,10001,P3,50,Q,2015-Q2,0.5,,,,
ABS:LCI(1.0.0),2,10001,P3,50,Q,2015-Q3,0.1,,,,
ABS:LCI(1.0.0),2,10001,P3,50,Q,2015-Q4,0.6,,,,
ABS:LCI(1.0.0),2,10001,P3,50,Q,2016-Q1,0,,,,
ABS:LCI(1.0.0),2,10001,P3,50,Q,2016-Q2,0.4,,,,
ABS:LCI(1.0.0),2,10001,P3,50,Q,2016-Q3,0.6,,,,
ABS:LCI(1.0.0),2,10001,P3,50,Q,2016-Q4,0.8,,,,
ABS:LCI(1.0.0),2,10001,P3,50,Q,2017-Q1,0.6,,,,
ABS:LCI(1.0.0),2,10001,P3,50,Q,2017-Q2,0.1,,,,
ABS:LCI(1.0.0),2,10001,P3,50,Q,2017-Q3,0.7,,,,
ABS:LCI(1.0.0),2,10001,P3,50,Q,2017-Q4,1,,,,
ABS:LCI(1.0.0),2,10001,P3,50,Q,2018-Q1,0.7,,,,
ABS:LCI(1.0.0),2,10001,P3,50,Q,2018-Q2,0.3,,,,
ABS:LCI(1.0.0),2,10001,P3,50,Q,2018-Q3,0.3,,,,
ABS:LCI(1.0.0),2,10001,P3,50,Q,2018-Q4,0.8,,,,
ABS:LCI(1.0.0),2,10001,P3,50,Q,2019-Q1,0.2,,,,
ABS:LCI(1.0.0),2,10001,P3,50,Q,2019-Q2,0.6,,,,
ABS:LCI(1.0.0),2,10001,P3,50,Q,2019-Q3,0.3,,,,
ABS:LCI(1.0.0),2,10001,P3,50,Q,2019-Q4,0.8,,,,
ABS:LCI(1.0.0),2,10001,P3,50,Q,2020-Q1,0.7,,,,
ABS:LCI(1.0.0),2,10001,P3,50,Q,2020-Q2,-1.9,,,,
ABS:LCI(1.0.0),2,10001,P3,50,Q,2020-Q3,1.1,,,,
ABS:LCI(1.0.0),2,10001,P3,50,Q,2020-Q4,0.9,,,,
ABS:LCI(1.0.0),2,10001,P3,50,Q,2021-Q1,0.5,,,,
ABS:LCI(1.0.0),2,10001,P3,50,Q,2021-Q2,0.8,,,,
ABS:LCI(1.0.0),2,10001,P3,50,Q,2021-Q3,0.4,,,,
ABS:LCI(1.0.0),2,10001,P3,50,Q,2021-Q4,0.8,,,,
ABS:LCI(1.0.0),2,10001,P3,50,Q,2022-Q1,2.2,,,,
ABS:LCI(1.0.0),2,10001,P3,50,Q,2022-Q2,1.3,,,,
ABS:LCI(1.0.0),2,10001,P3,50,Q,2022-Q3,1.9,,,,
ABS:LCI(1.0.0),2,10001,P3,50,Q,2022-Q4,2,,,,
ABS:LCI(1.0.0),2,10001,P3,50,Q,2023-Q1,2,,,,
ABS:LCI(1.0.0),2,10001,P3,50,Q,2023-Q2,1.3,,,,
ABS:LCI(1.0.0),2,10001,P3,50,Q,2023-Q3,0.6,,,,
ABS:LCI(1.0.0),2,10001,P3,50,Q,2023-Q4,1.2,,,,
ABS:LCI(1.0.0),2,10001,P3,50,Q,2024-Q1,1.4,,,,
ABS:LCI(1.0.0),2,10001,P3,50,Q,2024-Q2,1.4,,,,
ABS:LCI(1.0.0),2,10001,P3,50,Q,2024-Q3,0.4,,,,
ABS:LCI(1.0.0),2,10001,P3,50,Q,2024-Q4,0,,,,
ABS:LCI(1.0.0),2,10001,P3,50,Q,2025-Q1,1.6,,,,
ABS:LCI(1.0.0),2,10001,P3,50,Q,2025-Q2,1,,,,
ABS:LCI(1.0.0),2,10001,P3,50,Q,2025-Q3,1.2,,,,
ABS:LCI(1.0.0),2,10001,P3,50,Q,2025-Q4,0.1,,,,
ABS:LCI(1.0.0),2,10001,P3,50,Q,2026-Q1,2.5,,,,
ABS:LCI(1.0.0),2,10001,P3,50,Q,2026-Q2,0.8,,,,
ABS:LCI(1.0.0),2,20002,P3,50,Q,2007-Q3,0.6,,,,
ABS:LCI(1.0.0),2,20002,P3,50,Q,2007-Q4,0.2,,,,
ABS:LCI(1.0.0),2,20002,P3,50,Q,2008-Q1,-2.2,,,,
ABS:LCI(1.0.0),2,20002,P3,50,Q,2008-Q2,2.7,,,,
ABS:LCI(1.0.0),2,20002,P3,50,Q,2008-Q3,-0.7,,,,
ABS:LCI(1.0.0),2,20002,P3,50,Q,2008-Q4,0.2,,,,
ABS:LCI(1.0.0),2,20002,P3,50,Q,2009-Q1,-0.6,,,,
ABS:LCI(1.0.0),2,20002,P3,50,Q,2009-Q2,2.2,,,,
ABS:LCI(1.0.0),2,20002,P3,50,Q,2009-Q3,0.5,,,,
ABS:LCI(1.0.0),2,20002,P3,50,Q,2009-Q4,0.2,,,,
ABS:LCI(1.0.0),2,20002,P3,50,Q,2010-Q1,-4.5,,,,
ABS:LCI(1.0.0),2,20002,P3,50,Q,2010-Q2,-0.1,,,,
ABS:LCI(1.0.0),2,20002,P3,50,Q,2010-Q3,1.4,,,,
ABS:LCI(1.0.0),2,20002,P3,50,Q,2010-Q4,-1.7,,,,
ABS:LCI(1.0.0),2,20002,P3,50,Q,2011-Q1,-1.3,,,,
ABS:LCI(1.0.0),2,20002,P3,50,Q,2011-Q2,2.3,,,,
ABS:LCI(1.0.0),2,20002,P3,50,Q,2011-Q3,1.2,,,,
ABS:LCI(1.0.0),2,20002,P3,50,Q,2011-Q4,-0.2,,,,
ABS:LCI(1.0.0),2,20002,P3,50,Q,2012-Q1,-2.4,,,,
ABS:LCI(1.0.0),2,20002,P3,50,Q,2012-Q2,1.7,,,,
ABS:LCI(1.0.0),2,20002,P3,50,Q,2012-Q3,0.5,,,,
ABS:LCI(1.0.0),2,20002,P3,50,Q,2012-Q4,0.2,,,,
ABS:LCI(1.0.0),2,20002,P3,50,Q,2013-Q1,-3.7,,,,
ABS:LCI(1.0.0),2,20002,P3,50,Q,2013-Q2,3,,,,
ABS:LCI(1.0.0),2,20002,P3,50,Q,2013-Q3,0.9,,,,
ABS:LCI(1.0.0),2,20002,P3,50,Q,2013-Q4,-1,,,,
ABS:LCI(1.0.0),2,20002,P3,50,Q,2014-Q1,-2.4,,,,
ABS:LCI(1.0.0),2,20002,P3,50,Q,2014-Q2,2,,,,
ABS:LCI(1.0.0),2,20002,P3,50,Q,2014-Q3,-1.3,,,,
ABS:LCI(1.0.0),2,20002,P3,50,Q,2014-Q4,0.3,,,,
ABS:LCI(1.0.0),2,20002,P3,50,Q,2015-Q1,-1.8,,,,
ABS:LCI(1.0.0),2,20002,P3,50,Q,2015-Q2,1.5,,,,
ABS:LCI(1.0.0),2,20002,P3,50,Q,2015-Q3,-1,,,,
ABS:LCI(1.0.0),2,20002,P3,50,Q,2015-Q4,1.3,,,,
ABS:LCI(1.0.0),2,20002,P3,50,Q,2016-Q1,-2.4,,,,
ABS:LCI(1.0.0),2,20002,P3,50,Q,2016-Q2,2.1,,,,
ABS:LCI(1.0.0),2,20002,P3,50,Q,2016-Q3,-0.5,,,,
ABS:LCI(1.0.0),2,20002,P3,50,Q,2016-Q4,0.1,,,,
ABS:LCI(1.0.0),2,20002,P3,50,Q,2017-Q1,-2.1,,,,
ABS:LCI(1.0.0),2,20002,P3,50,Q,2017-Q2,-0.4,,,,
ABS:LCI(1.0.0),2,20002,P3,50,Q,2017-Q3,-1.1,,,,
ABS:LCI(1.0.0),2,20002,P3,50,Q,2017-Q4,-0.4,,,,
ABS:LCI(1.0.0),2,20002,P3,50,Q,2018-Q1,-2.6,,,,
ABS:LCI(1.0.0),2,20002,P3,50,Q,2018-Q2,1.6,,,,
ABS:LCI(1.0.0),2,20002,P3,50,Q,2018-Q3,0,,,,
ABS:LCI(1.0.0),2,20002,P3,50,Q,2018-Q4,-0.1,,,,
ABS:LCI(1.0.0),2,20002,P3,50,Q,2019-Q1,-1.4,,,,
ABS:LCI(1.0.0),2,20002,P3,50,Q,2019-Q2,2,,,,
ABS:LCI(1.0.0),2,20002,P3,50,Q,2019-Q3,1.4,,,,
ABS:LCI(1.0.0),2,20002,P3,50,Q,2019-Q4,-1,,,,
ABS:LCI(1.0.0),2,20002,P3,50,Q,2020-Q1,-0.9,,,,
ABS:LCI(1.0.0),2,20002,P3,50,Q,2020-Q2,0.4,,,,
ABS:LCI(1.0.0),2,20002,P3,50,Q,2020-Q3,0.6,,,,
ABS:LCI(1.0.0),2,20002,P3,50,Q,2020-Q4,-1.4,,,,
ABS:LCI(1.0.0),2,20002,P3,50,Q,2021-Q1,-0.6,,,,
ABS:LCI(1.0.0),2,20002,P3,50,Q,2021-Q2,1,,,,
ABS:LCI(1.0.0),2,20002,P3,50,Q,2021-Q3,-4.7,,,,
ABS:LCI(1.0.0),2,20002,P3,50,Q,2021-Q4,2.7,,,,
ABS:LCI(1.0.0),2,20002,P3,50,Q,2022-Q1,-1.1,,,,
ABS:LCI(1.0.0),2,20002,P3,50,Q,2022-Q2,4.1,,,,
ABS:LCI(1.0.0),2,20002,P3,50,Q,2022-Q3,-0.3,,,,
ABS:LCI(1.0.0),2,20002,P3,50,Q,2022-Q4,2.5,,,,
ABS:LCI(1.0.0),2,20002,P3,50,Q,2023-Q1,-3.3,,,,
ABS:LCI(1.0.0),2,20002,P3,50,Q,2023-Q2,1.2,,,,
ABS:LCI(1.0.0),2,20002,P3,50,Q,2023-Q3,-0.2,,,,
ABS:LCI(1.0.0),2,20002,P3,50,Q,2023-Q4,1.1,,,,
ABS:LCI(1.0.0),2,20002,P3,50,Q,2024-Q1,-1,,,,
ABS:LCI(1.0.0),2,20002,P3,50,Q,2024-Q2,3,,,,
ABS:LCI(1.0.0),2,20002,P3,50,Q,2024-Q3,-1,,,,
ABS:LCI(1.0.0),2,20002,P3,50,Q,2024-Q4,0.1,,,,
ABS:LCI(1.0.0),2,20002,P3,50,Q,2025-Q1,-1.2,,,,
ABS:LCI(1.0.0),2,20002,P3,50,Q,2025-Q2,3.5,,,,
ABS:LCI(1.0.0),2,20002,P3,50,Q,2025-Q3,-0.4,,,,
ABS:LCI(1.0.0),2,20002,P3,50,Q,2025-Q4,-0.4,,,,
ABS:LCI(1.0.0),2,20002,P3,50,Q,2026-Q1,2,,,,
ABS:LCI(1.0.0),2,20002,P3,50,Q,2026-Q2,0.9,,,,
ABS:LCI(1.0.0),2,20004,P3,50,Q,2007-Q3,-1.2,,,,
ABS:LCI(1.0.0),2,20004,P3,50,Q,2007-Q4,0.8,,,,
ABS:LCI(1.0.0),2,20004,P3,50,Q,2008-Q1,-0.7,,,,
ABS:LCI(1.0.0),2,20004,P3,50,Q,2008-Q2,1.6,,,,
ABS:LCI(1.0.0),2,20004,P3,50,Q,2008-Q3,-0.2,,,,
ABS:LCI(1.0.0),2,20004,P3,50,Q,2008-Q4,0.4,,,,
ABS:LCI(1.0.0),2,20004,P3,50,Q,2009-Q1,0.8,,,,
ABS:LCI(1.0.0),2,20004,P3,50,Q,2009-Q2,2.3,,,,
ABS:LCI(1.0.0),2,20004,P3,50,Q,2009-Q3,0.6,,,,
ABS:LCI(1.0.0),2,20004,P3,50,Q,2009-Q4,-0.1,,,,
ABS:LCI(1.0.0),2,20004,P3,50,Q,2010-Q1,-1.3,,,,
ABS:LCI(1.0.0),2,20004,P3,50,Q,2010-Q2,0.9,,,,
ABS:LCI(1.0.0),2,20004,P3,50,Q,2010-Q3,0.8,,,,
ABS:LCI(1.0.0),2,20004,P3,50,Q,2010-Q4,-0.7,,,,
ABS:LCI(1.0.0),2,20004,P3,50,Q,2011-Q1,-1.5,,,,
ABS:LCI(1.0.0),2,20004,P3,50,Q,2011-Q2,1.3,,,,
ABS:LCI(1.0.0),2,20004,P3,50,Q,2011-Q3,0.3,,,,
ABS:LCI(1.0.0),2,20004,P3,50,Q,2011-Q4,-0.2,,,,
ABS:LCI(1.0.0),2,20004,P3,50,Q,2012-Q1,-0.8,,,,
ABS:LCI(1.0.0),2,20004,P3,50,Q,2012-Q2,1.3,,,,
ABS:LCI(1.0.0),2,20004,P3,50,Q,2012-Q3,0.9,,,,
ABS:LCI(1.0.0),2,20004,P3,50,Q,2012-Q4,-0.7,,,,
ABS:LCI(1.0.0),2,20004,P3,50,Q,2013-Q1,-1,,,,
ABS:LCI(1.0.0),2,20004,P3,50,Q,2013-Q2,0.7,,,,
ABS:LCI(1.0.0),2,20004,P3,50,Q,2013-Q3,1,,,,
ABS:LCI(1.0.0),2,20004,P3,50,Q,2013-Q4,0.2,,,,
ABS:LCI(1.0.0),2,20004,P3,50,Q,2014-Q1,-1.3,,,,
ABS:LCI(1.0.0),2,20004,P3,50,Q,2014-Q2,1,,,,
ABS:LCI(1.0.0),2,20004,P3,50,Q,2014-Q3,0.3,,,,
ABS:LCI(1.0.0),2,20004,P3,50,Q,2014-Q4,0.5,,,,
ABS:LCI(1.0.0),2,20004,P3,50,Q,2015-Q1,-0.5,,,,
ABS:LCI(1.0.0),2,20004,P3,50,Q,2015-Q2,0.9,,,,
ABS:LCI(1.0.0),2,20004,P3,50,Q,2015-Q3,0.6,,,,
ABS:LCI(1.0.0),2,20004,P3,50,Q,2015-Q4,0.5,,,,
ABS:LCI(1.0.0),2,20004,P3,50,Q,2016-Q1,-0.4,,,,
ABS:LCI(1.0.0),2,20004,P3,50,Q,2016-Q2,0.6,,,,
ABS:LCI(1.0.0),2,20004,P3,50,Q,2016-Q3,0.9,,,,
ABS:LCI(1.0.0),2,20004,P3,50,Q,2016-Q4,-0.9,,,,
ABS:LCI(1.0.0),2,20004,P3,50,Q,2017-Q1,-0.9,,,,
ABS:LCI(1.0.0),2,20004,P3,50,Q,2017-Q2,0.7,,,,
ABS:LCI(1.0.0),2,20004,P3,50,Q,2017-Q3,0.2,,,,
ABS:LCI(1.0.0),2,20004,P3,50,Q,2017-Q4,-0.8,,,,
ABS:LCI(1.0.0),2,20004,P3,50,Q,2018-Q1,-0.3,,,,
ABS:LCI(1.0.0),2,20004,P3,50,Q,2018-Q2,0.2,,,,
ABS:LCI(1.0.0),2,20004,P3,50,Q,2018-Q3,-1.3,,,,
ABS:LCI(1.0.0),2,20004,P3,50,Q,2018-Q4,0.5,,,,
ABS:LCI(1.0.0),2,20004,P3,50,Q,2019-Q1,-0.3,,,,
ABS:LCI(1.0.0),2,20004,P3,50,Q,2019-Q2,0.7,,,,
ABS:LCI(1.0.0),2,20004,P3,50,Q,2019-Q3,0.9,,,,
ABS:LCI(1.0.0),2,20004,P3,50,Q,2019-Q4,-0.2,,,,
ABS:LCI(1.0.0),2,20004,P3,50,Q,2020-Q1,0.9,,,,
ABS:LCI(1.0.0),2,20004,P3,50,Q,2020-Q2,-9.3,,,,
ABS:LCI(1.0.0),2,20004,P3,50,Q,2020-Q3,9.4,,,,
ABS:LCI(1.0.0),2,20004,P3,50,Q,2020-Q4,3.5,,,,
ABS:LCI(1.0.0),2,20004,P3,50,Q,2021-Q1,-0.3,,,,
ABS:LCI(1.0.0),2,20004,P3,50,Q,2021-Q2,0.9,,,,
ABS:LCI(1.0.0),2,20004,P3,50,Q,2021-Q3,1.4,,,,
ABS:LCI(1.0.0),2,20004,P3,50,Q,2021-Q4,1.1,,,,
ABS:LCI(1.0.0),2,20004,P3,50,Q,2022-Q1,1.5,,,,
ABS:LCI(1.0.0),2,20004,P3,50,Q,2022-Q2,2.5,,,,
ABS:LCI(1.0.0),2,20004,P3,50,Q,2022-Q3,2.8,,,,
ABS:LCI(1.0.0),2,20004,P3,50,Q,2022-Q4,1.8,,,,
ABS:LCI(1.0.0),2,20004,P3,50,Q,2023-Q1,-0.2,,,,
ABS:LCI(1.0.0),2,20004,P3,50,Q,2023-Q2,1.8,,,,
ABS:LCI(1.0.0),2,20004,P3,50,Q,2023-Q3,-0.9,,,,
ABS:LCI(1.0.0),2,20004,P3,50,Q,2023-Q4,-0.8,,,,
ABS:LCI(1.0.0),2,20004,P3,50,Q,2024-Q1,-0.1,,,,
ABS:LCI(1.0.0),2,20004,P3,50,Q,2024-Q2,0.7,,,,
ABS:LCI(1.0.0),2,20004,P3,50,Q,2024-Q3,0.8,,,,
ABS:LCI(1.0.0),2,20004,P3,50,Q,2024-Q4,-0.3,,,,
ABS:LCI(1.0.0),2,20004,P3,50,Q,2025-Q1,-0.7,,,,
ABS:LCI(1.0.0),2,20004,P3,50,Q,2025-Q2,0.9,,,,
ABS:LCI(1.0.0),2,20004,P3,50,Q,2025-Q3,0.9,,,,
ABS:LCI(1.0.0),2,20004,P3,50,Q,2025-Q4,-0.1,,,,
ABS:LCI(1.0.0),2,20004,P3,50,Q,2026-Q1,-0.2,,,,
ABS:LCI(1.0.0),2,20004,P3,50,Q,2026-Q2,0.2,,,,
ABS:LCI(1.0.0),2,115486,P1,50,Q,2007-Q3,-0.5,,,,
ABS:LCI(1.0.0),2,115486,P1,50,Q,2007-Q4,-1.1,,,,
ABS:LCI(1.0.0),2,115486,P1,50,Q,2008-Q1,3.8,,,,
ABS:LCI(1.0.0),2,115486,P1,50,Q,2008-Q2,2.6,,,,
ABS:LCI(1.0.0),2,115486,P1,50,Q,2008-Q3,-0.2,,,,
ABS:LCI(1.0.0),2,115486,P1,50,Q,2008-Q4,-1.1,,,,
ABS:LCI(1.0.0),2,115486,P1,50,Q,2009-Q1,4.1,,,,
ABS:LCI(1.0.0),2,115486,P1,50,Q,2009-Q2,2.3,,,,
ABS:LCI(1.0.0),2,115486,P1,50,Q,2009-Q3,-0.9,,,,
ABS:LCI(1.0.0),2,115486,P1,50,Q,2009-Q4,-0.9,,,,
ABS:LCI(1.0.0),2,115486,P1,50,Q,2010-Q1,4.4,,,,
ABS:LCI(1.0.0),2,115486,P1,50,Q,2010-Q2,2.3,,,,
ABS:LCI(1.0.0),2,115486,P1,50,Q,2010-Q3,-0.7,,,,
ABS:LCI(1.0.0),2,115486,P1,50,Q,2010-Q4,-1.2,,,,
ABS:LCI(1.0.0),2,115486,P1,50,Q,2011-Q1,3.6,,,,
ABS:LCI(1.0.0),2,115486,P1,50,Q,2011-Q2,2.1,,,,
ABS:LCI(1.0.0),2,115486,P1,50,Q,2011-Q3,-0.9,,,,
ABS:LCI(1.0.0),2,115486,P1,50,Q,2011-Q4,-1.1,,,,
ABS:LCI(1.0.0),2,115486,P1,50,Q,2012-Q1,4.2,,,,
ABS:LCI(1.0.0),2,115486,P1,50,Q,2012-Q2,1.3,,,,
ABS:LCI(1.0.0),2,115486,P1,50,Q,2012-Q3,2.3,,,,
ABS:LCI(1.0.0),2,115486,P1,50,Q,2012-Q4,-0.7,,,,
ABS:LCI(1.0.0),2,115486,P1,50,Q,2013-Q1,2.7,,,,
ABS:LCI(1.0.0),2,115486,P1,50,Q,2013-Q2,1.7,,,,
ABS:LCI(1.0.0),2,115486,P1,50,Q,2013-Q3,0.2,,,,
ABS:LCI(1.0.0),2,115486,P1,50,Q,2013-Q4,-0.3,,,,
ABS:LCI(1.0.0),2,115486,P1,50,Q,2014-Q1,2.3,,,,
ABS:LCI(1.0.0),2,115486,P1,50,Q,2014-Q2,2.5,,,,
ABS:LCI(1.0.0),2,115486,P1,50,Q,2014-Q3,0,,,,
ABS:LCI(1.0.0),2,115486,P1,50,Q,2014-Q4,-0.7,,,,
ABS:LCI(1.0.0),2,115486,P1,50,Q,2015-Q1,2.4,,,,
ABS:LCI(1.0.0),2,115486,P1,50,Q,2015-Q2,2.4,,,,
ABS:LCI(1.0.0),2,115486,P1,50,Q,2015-Q3,0.6,,,,
ABS:LCI(1.0.0),2,115486,P1,50,Q,2015-Q4,-0.2,,,,
ABS:LCI(1.0.0),2,115486,P1,50,Q,2016-Q1,1.7,,,,
ABS:LCI(1.0.0),2,115486,P1,50,Q,2016-Q2,2.3,,,,
ABS:LCI(1.0.0),2,115486,P1,50,Q,2016-Q3,-0.1,,,,
ABS:LCI(1.0.0),2,115486,P1,50,Q,2016-Q4,-0.5,,,,
ABS:LCI(1.0.0),2,115486,P1,50,Q,2017-Q1,1.8,,,,
ABS:LCI(1.0.0),2,115486,P1,50,Q,2017-Q2,2.4,,,,
ABS:LCI(1.0.0),2,115486,P1,50,Q,2017-Q3,-0.1,,,,
ABS:LCI(1.0.0),2,115486,P1,50,Q,2017-Q4,-0.3,,,,
ABS:LCI(1.0.0),2,115486,P1,50,Q,2018-Q1,1.7,,,,
ABS:LCI(1.0.0),2,115486,P1,50,Q,2018-Q2,1.9,,,,
ABS:LCI(1.0.0),2,115486,P1,50,Q,2018-Q3,-0.2,,,,
ABS:LCI(1.0.0),2,115486,P1,50,Q,2018-Q4,-0.2,,,,
ABS:LCI(1.0.0),2,115486,P1,50,Q,2019-Q1,1.5,,,,
ABS:LCI(1.0.0),2,115486,P1,50,Q,2019-Q2,1.8,,,,
ABS:LCI(1.0.0),2,115486,P1,50,Q,2019-Q3,0,,,,
ABS:LCI(1.0.0),2,115486,P1,50,Q,2019-Q4,-0.1,,,,
ABS:LCI(1.0.0),2,115486,P1,50,Q,2020-Q1,1.3,,,,
ABS:LCI(1.0.0),2,115486,P1,50,Q,2020-Q2,-0.2,,,,
ABS:LCI(1.0.0),2,115486,P1,50,Q,2020-Q3,0.1,,,,
ABS:LCI(1.0.0),2,115486,P1,50,Q,2020-Q4,1.5,,,,
ABS:LCI(1.0.0),2,115486,P1,50,Q,2021-Q1,1.6,,,,
ABS:LCI(1.0.0),2,115486,P1,50,Q,2021-Q2,1.6,,,,
ABS:LCI(1.0.0),2,115486,P1,50,Q,2021-Q3,0.3,,,,
ABS:LCI(1.0.0),2,115486,P1,50,Q,2021-Q4,-0.2,,,,
ABS:LCI(1.0.0),2,115486,P1,50,Q,2022-Q1,1.9,,,,
ABS:LCI(1.0.0),2,115486,P1,50,Q,2022-Q2,0.7,,,,
ABS:LCI(1.0.0),2,115486,P1,50,Q,2022-Q3,0.6,,,,
ABS:LCI(1.0.0),2,115486,P1,50,Q,2022-Q4,1,,,,
ABS:LCI(1.0.0),2,115486,P1,50,Q,2023-Q1,3.4,,,,
ABS:LCI(1.0.0),2,115486,P1,50,Q,2023-Q2,0,,,,
ABS:LCI(1.0.0),2,115486,P1,50,Q,2023-Q3,1.3,,,,
ABS:LCI(1.0.0),2,115486,P1,50,Q,2023-Q4,0.7,,,,
ABS:LCI(1.0.0),2,115486,P1,50,Q,2024-Q1,2.4,,,,
ABS:LCI(1.0.0),2,115486,P1,50,Q,2024-Q2,1.5,,,,
ABS:LCI(1.0.0),2,115486,P1,50,Q,2024-Q3,0.2,,,,
ABS:LCI(1.0.0),2,115486,P1,50,Q,2024-Q4,0,,,,
ABS:LCI(1.0.0),2,115486,P1,50,Q,2025-Q1,2.5,,,,
ABS:LCI(1.0.0),2,115486,P1,50,Q,2025-Q2,1.6,,,,
ABS:LCI(1.0.0),2,115486,P1,50,Q,2025-Q3,0.3,,,,
ABS:LCI(1.0.0),2,115486,P1,50,Q,2025-Q4,-0.4,,,,
ABS:LCI(1.0.0),2,115486,P1,50,Q,2026-Q1,1.8,,,,
ABS:LCI(1.0.0),2,115486,P1,50,Q,2026-Q2,2.2,,,,
ABS:LCI(1.0.0),2,115486,P2,50,Q,2007-Q3,-1.8,,,,
ABS:LCI(1.0.0),2,115486,P2,50,Q,2007-Q4,-1.9,,,,
ABS:LCI(1.0.0),2,115486,P2,50,Q,2008-Q1,6.4,,,,
ABS:LCI(1.0.0),2,115486,P2,50,Q,2008-Q2,1.9,,,,
ABS:LCI(1.0.0),2,115486,P2,50,Q,2008-Q3,-1.5,,,,
ABS:LCI(1.0.0),2,115486,P2,50,Q,2008-Q4,-2,,,,
ABS:LCI(1.0.0),2,115486,P2,50,Q,2009-Q1,6.8,,,,
ABS:LCI(1.0.0),2,115486,P2,50,Q,2009-Q2,1.8,,,,
ABS:LCI(1.0.0),2,115486,P2,50,Q,2009-Q3,-2,,,,
ABS:LCI(1.0.0),2,115486,P2,50,Q,2009-Q4,-2,,,,
ABS:LCI(1.0.0),2,115486,P2,50,Q,2010-Q1,6.9,,,,
ABS:LCI(1.0.0),2,115486,P2,50,Q,2010-Q2,1.7,,,,
ABS:LCI(1.0.0),2,115486,P2,50,Q,2010-Q3,-1.9,,,,
ABS:LCI(1.0.0),2,115486,P2,50,Q,2010-Q4,-2.1,,,,
ABS:LCI(1.0.0),2,115486,P2,50,Q,2011-Q1,6.4,,,,
ABS:LCI(1.0.0),2,115486,P2,50,Q,2011-Q2,1.9,,,,
ABS:LCI(1.0.0),2,115486,P2,50,Q,2011-Q3,-2.4,,,,
ABS:LCI(1.0.0),2,115486,P2,50,Q,2011-Q4,-2.5,,,,
ABS:LCI(1.0.0),2,115486,P2,50,Q,2012-Q1,8,,,,
ABS:LCI(1.0.0),2,115486,P2,50,Q,2012-Q2,0.8,,,,
ABS:LCI(1.0.0),2,115486,P2,50,Q,2012-Q3,0.4,,,,
ABS:LCI(1.0.0),2,115486,P2,50,Q,2012-Q4,-2.4,,,,
ABS:LCI(1.0.0),2,115486,P2,50,Q,2013-Q1,7.1,,,,
ABS:LCI(1.0.0),2,115486,P2,50,Q,2013-Q2,1,,,,
ABS:LCI(1.0.0),2,115486,P2,50,Q,2013-Q3,-1.8,,,,
ABS:LCI(1.0.0),2,115486,P2,50,Q,2013-Q4,-2,,,,
ABS:LCI(1.0.0),2,115486,P2,50,Q,2014-Q1,6.5,,,,
ABS:LCI(1.0.0),2,115486,P2,50,Q,2014-Q2,1.8,,,,
ABS:LCI(1.0.0),2,115486,P2,50,Q,2014-Q3,-1.5,,,,
ABS:LCI(1.0.0),2,115486,P2,50,Q,2014-Q4,-2.5,,,,
ABS:LCI(1.0.0),2,115486,P2,50,Q,2015-Q1,6.8,,,,
ABS:LCI(1.0.0),2,115486,P2,50,Q,2015-Q2,1.9,,,,
ABS:LCI(1.0.0),2,115486,P2,50,Q,2015-Q3,-1.7,,,,
ABS:LCI(1.0.0),2,115486,P2,50,Q,2015-Q4,-1.8,,,,
ABS:LCI(1.0.0),2,115486,P2,50,Q,2016-Q1,5.8,,,,
ABS:LCI(1.0.0),2,115486,P2,50,Q,2016-Q2,1.7,,,,
ABS:LCI(1.0.0),2,115486,P2,50,Q,2016-Q3,-1.7,,,,
ABS:LCI(1.0.0),2,115486,P2,50,Q,2016-Q4,-2,,,,
ABS:LCI(1.0.0),2,115486,P2,50,Q,2017-Q1,5.9,,,,
ABS:LCI(1.0.0),2,115486,P2,50,Q,2017-Q2,2,,,,
ABS:LCI(1.0.0),2,115486,P2,50,Q,2017-Q3,-1.2,,,,
ABS:LCI(1.0.0),2,115486,P2,50,Q,2017-Q4,-1.7,,,,
ABS:LCI(1.0.0),2,115486,P2,50,Q,2018-Q1,5.5,,,,
ABS:LCI(1.0.0),2,115486,P2,50,Q,2018-Q2,1,,,,
ABS:LCI(1.0.0),2,115486,P2,50,Q,2018-Q3,-1.6,,,,
ABS:LCI(1.0.0),2,115486,P2,50,Q,2018-Q4,-1.3,,,,
ABS:LCI(1.0.0),2,115486,P2,50,Q,2019-Q1,4.9,,,,
ABS:LCI(1.0.0),2,115486,P2,50,Q,2019-Q2,0.9,,,,
ABS:LCI(1.0.0),2,115486,P2,50,Q,2019-Q3,-1.1,,,,
ABS:LCI(1.0.0),2,115486,P2,50,Q,2019-Q4,-1.4,,,,
ABS:LCI(1.0.0),2,115486,P2,50,Q,2020-Q1,4.6,,,,
ABS:LCI(1.0.0),2,115486,P2,50,Q,2020-Q2,-1,,,,
ABS:LCI(1.0.0),2,115486,P2,50,Q,2020-Q3,-1.6,,,,
ABS:LCI(1.0.0),2,115486,P2,50,Q,2020-Q4,-0.3,,,,
ABS:LCI(1.0.0),2,115486,P2,50,Q,2021-Q1,5.6,,,,
ABS:LCI(1.0.0),2,115486,P2,50,Q,2021-Q2,0.2,,,,
ABS:LCI(1.0.0),2,115486,P2,50,Q,2021-Q3,-1,,,,
ABS:LCI(1.0.0),2,115486,P2,50,Q,2021-Q4,-1.2,,,,
ABS:LCI(1.0.0),2,115486,P2,50,Q,2022-Q1,5.5,,,,
ABS:LCI(1.0.0),2,115486,P2,50,Q,2022-Q2,-1,,,,
ABS:LCI(1.0.0),2,115486,P2,50,Q,2022-Q3,-0.9,,,,
ABS:LCI(1.0.0),2,115486,P2,50,Q,2022-Q4,-0.2,,,,
ABS:LCI(1.0.0),2,115486,P2,50,Q,2023-Q1,7.8,,,,
ABS:LCI(1.0.0),2,115486,P2,50,Q,2023-Q2,-0.7,,,,
ABS:LCI(1.0.0),2,115486,P2,50,Q,2023-Q3,-1.6,,,,
ABS:LCI(1.0.0),2,115486,P2,50,Q,2023-Q4,-0.4,,,,
ABS:LCI(1.0.0),2,115486,P2,50,Q,2024-Q1,6.3,,,,
ABS:LCI(1.0.0),2,115486,P2,50,Q,2024-Q2,0.3,,,,
ABS:LCI(1.0.0),2,115486,P2,50,Q,2024-Q3,-1.2,,,,
ABS:LCI(1.0.0),2,115486,P2,50,Q,2024-Q4,-0.9,,,,
ABS:LCI(1.0.0),2,115486,P2,50,Q,2025-Q1,7,,,,
ABS:LCI(1.0.0),2,115486,P2,50,Q,2025-Q2,-0.7,,,,
ABS:LCI(1.0.0),2,115486,P2,50,Q,2025-Q3,-1.4,,,,
ABS:LCI(1.0.0),2,115486,P2,50,Q,2025-Q4,-1.3,,,,
ABS:LCI(1.0.0),2,115486,P2,50,Q,2026-Q1,6.2,,,,
ABS:LCI(1.0.0),2,115486,P2,50,Q,2026-Q2,0.4,,,,
ABS:LCI(1.0.0),2,115488,P3,50,Q,2007-Q3,-0.1,,,,
ABS:LCI(1.0.0),2,115488,P3,50,Q,2007-Q4,-0.4,,,,
ABS:LCI(1.0.0),2,115488,P3,50,Q,2008-Q1,0,,,,
ABS:LCI(1.0.0),2,115488,P3,50,Q,2008-Q2,0,,,,
ABS:LCI(1.0.0),2,115488,P3,50,Q,2008-Q3,-0.1,,,,
ABS:LCI(1.0.0),2,115488,P3,50,Q,2008-Q4,0.3,,,,
ABS:LCI(1.0.0),2,115488,P3,50,Q,2009-Q1,0.4,,,,
ABS:LCI(1.0.0),2,115488,P3,50,Q,2009-Q2,0.2,,,,
ABS:LCI(1.0.0),2,115488,P3,50,Q,2009-Q3,0.1,,,,
ABS:LCI(1.0.0),2,115488,P3,50,Q,2009-Q4,-0.1,,,,
ABS:LCI(1.0.0),2,115488,P3,50,Q,2010-Q1,-0.1,,,,
ABS:LCI(1.0.0),2,115488,P3,50,Q,2010-Q2,0,,,,
ABS:LCI(1.0.0),2,115488,P3,50,Q,2010-Q3,-0.2,,,,
ABS:LCI(1.0.0),2,115488,P3,50,Q,2010-Q4,0,,,,
ABS:LCI(1.0.0),2,115488,P3,50,Q,2011-Q1,0.2,,,,
ABS:LCI(1.0.0),2,115488,P3,50,Q,2011-Q2,0.4,,,,
ABS:LCI(1.0.0),2,115488,P3,50,Q,2011-Q3,0,,,,
ABS:LCI(1.0.0),2,115488,P3,50,Q,2011-Q4,1,,,,
ABS:LCI(1.0.0),2,115488,P3,50,Q,2012-Q1,0.1,,,,
ABS:LCI(1.0.0),2,115488,P3,50,Q,2012-Q2,-0.3,,,,
ABS:LCI(1.0.0),2,115488,P3,50,Q,2012-Q3,0.5,,,,
ABS:LCI(1.0.0),2,115488,P3,50,Q,2012-Q4,1.3,,,,
ABS:LCI(1.0.0),2,115488,P3,50,Q,2013-Q1,0,,,,
ABS:LCI(1.0.0),2,115488,P3,50,Q,2013-Q2,0.4,,,,
ABS:LCI(1.0.0),2,115488,P3,50,Q,2013-Q3,0.1,,,,
ABS:LCI(1.0.0),2,115488,P3,50,Q,2013-Q4,1.2,,,,
ABS:LCI(1.0.0),2,115488,P3,50,Q,2014-Q1,0.2,,,,
ABS:LCI(1.0.0),2,115488,P3,50,Q,2014-Q2,-1.7,,,,
ABS:LCI(1.0.0),2,115488,P3,50,Q,2014-Q3,-1.4,,,,
ABS:LCI(1.0.0),2,115488,P3,50,Q,2014-Q4,-0.1,,,,
ABS:LCI(1.0.0),2,115488,P3,50,Q,2015-Q1,-1.3,,,,
ABS:LCI(1.0.0),2,115488,P3,50,Q,2015-Q2,-0.6,,,,
ABS:LCI(1.0.0),2,115488,P3,50,Q,2015-Q3,-2,,,,
ABS:LCI(1.0.0),2,115488,P3,50,Q,2015-Q4,-2.4,,,,
ABS:LCI(1.0.0),2,115488,P3,50,Q,2016-Q1,-1.6,,,,
ABS:LCI(1.0.0),2,115488,P3,50,Q,2016-Q2,-1.5,,,,
ABS:LCI(1.0.0),2,115488,P3,50,Q,2016-Q3,-2.4,,,,
ABS:LCI(1.0.0),2,115488,P3,50,Q,2016-Q4,-0.7,,,,
ABS:LCI(1.0.0),2,115488,P3,50,Q,2017-Q1,-0.4,,,,
ABS:LCI(1.0.0),2,115488,P3,50,Q,2017-Q2,-0.5,,,,
ABS:LCI(1.0.0),2,115488,P3,50,Q,2017-Q3,-1.5,,,,
ABS:LCI(1.0.0),2,115488,P3,50,Q,2017-Q4,-1.3,,,,
ABS:LCI(1.0.0),2,115488,P3,50,Q,2018-Q1,-0.3,,,,
ABS:LCI(1.0.0),2,115488,P3,50,Q,2018-Q2,-1.4,,,,
ABS:LCI(1.0.0),2,115488,P3,50,Q,2018-Q3,-1.4,,,,
ABS:LCI(1.0.0),2,115488,P3,50,Q,2018-Q4,-1.4,,,,
ABS:LCI(1.0.0),2,115488,P3,50,Q,2019-Q1,-0.6,,,,
ABS:LCI(1.0.0),2,115488,P3,50,Q,2019-Q2,-1.2,,,,
ABS:LCI(1.0.0),2,115488,P3,50,Q,2019-Q3,-1.1,,,,
ABS:LCI(1.0.0),2,115488,P3,50,Q,2019-Q4,-1,,,,
ABS:LCI(1.0.0),2,115488,P3,50,Q,2020-Q1,-0.3,,,,
ABS:LCI(1.0.0),2,115488,P3,50,Q,2020-Q2,-1.3,,,,
ABS:LCI(1.0.0),2,115488,P3,50,Q,2020-Q3,-0.8,,,,
ABS:LCI(1.0.0),2,115488,P3,50,Q,2020-Q4,-0.4,,,,
ABS:LCI(1.0.0),2,115488,P3,50,Q,2021-Q1,0.4,,,,
ABS:LCI(1.0.0),2,115488,P3,50,Q,2021-Q2,-0.6,,,,
ABS:LCI(1.0.0),2,115488,P3,50,Q,2021-Q3,-0.6,,,,
ABS:LCI(1.0.0),2,115488,P3,50,Q,2021-Q4,0.2,,,,
ABS:LCI(1.0.0),2,115488,P3,50,Q,2022-Q1,0.2,,,,
ABS:LCI(1.0.0),2,115488,P3,50,Q,2022-Q2,0.1,,,,
ABS:LCI(1.0.0),2,115488,P3,50,Q,2022-Q3,1.4,,,,
ABS:LCI(1.0.0),2,115488,P3,50,Q,2022-Q4,-0.4,,,,
ABS:LCI(1.0.0),2,115488,P3,50,Q,2023-Q1,0.1,,,,
ABS:LCI(1.0.0),2,115488,P3,50,Q,2023-Q2,-0.5,,,,
ABS:LCI(1.0.0),2,115488,P3,50,Q,2023-Q3,2,,,,
ABS:LCI(1.0.0),2,115488,P3,50,Q,2023-Q4,0.3,,,,
ABS:LCI(1.0.0),2,115488,P3,50,Q,2024-Q1,-0.3,,,,
ABS:LCI(1.0.0),2,115488,P3,50,Q,2024-Q2,-0.7,,,,
ABS:LCI(1.0.0),2,115488,P3,50,Q,2024-Q3,0.5,,,,
ABS:LCI(1.0.0),2,115488,P3,50,Q,2024-Q4,0.5,,,,
ABS:LCI(1.0.0),2,115488,P3,50,Q,2025-Q1,-0.3,,,,
ABS:LCI(1.0.0),2,115488,P3,50,Q,2025-Q2,0.2,,,,
ABS:LCI(1.0.0),2,115488,P3,50,Q,2025-Q3,1.4,,,,
ABS:LCI(1.0.0),2,115488,P3,50,Q,2025-Q4,0,,,,
ABS:LCI(1.0.0),2,115488,P3,50,Q,2026-Q1,0,,,,
ABS:LCI(1.0.0),2,115488,P3,50,Q,2026-Q2,0.5,,,,
ABS:LCI(1.0.0),2,115489,PBLCI,50,Q,2007-Q3,1.2,,,,
ABS:LCI(1.0.0),2,115489,PBLCI,50,Q,2007-Q4,0.8,,,,
ABS:LCI(1.0.0),2,115489,PBLCI,50,Q,2008-Q1,-0.3,,,,
ABS:LCI(1.0.0),2,115489,PBLCI,50,Q,2008-Q2,-0.2,,,,
ABS:LCI(1.0.0),2,115489,PBLCI,50,Q,2008-Q3,1.1,,,,
ABS:LCI(1.0.0),2,115489,PBLCI,50,Q,2008-Q4,0.5,,,,
ABS:LCI(1.0.0),2,115489,PBLCI,50,Q,2009-Q1,-0.7,,,,
ABS:LCI(1.0.0),2,115489,PBLCI,50,Q,2009-Q2,0.3,,,,
ABS:LCI(1.0.0),2,115489,PBLCI,50,Q,2009-Q3,0.9,,,,
ABS:LCI(1.0.0),2,115489,PBLCI,50,Q,2009-Q4,1.4,,,,
ABS:LCI(1.0.0),2,115489,PBLCI,50,Q,2010-Q1,-1,,,,
ABS:LCI(1.0.0),2,115489,PBLCI,50,Q,2010-Q2,-1.4,,,,
ABS:LCI(1.0.0),2,115489,PBLCI,50,Q,2010-Q3,0.5,,,,
ABS:LCI(1.0.0),2,115489,PBLCI,50,Q,2010-Q4,0.1,,,,
ABS:LCI(1.0.0),2,115489,PBLCI,50,Q,2011-Q1,-0.6,,,,
ABS:LCI(1.0.0),2,115489,PBLCI,50,Q,2011-Q2,-0.3,,,,
ABS:LCI(1.0.0),2,115489,PBLCI,50,Q,2011-Q3,0.6,,,,
ABS:LCI(1.0.0),2,115489,PBLCI,50,Q,2011-Q4,0.6,,,,
ABS:LCI(1.0.0),2,115489,PBLCI,50,Q,2012-Q1,-1.6,,,,
ABS:LCI(1.0.0),2,115489,PBLCI,50,Q,2012-Q2,-1.1,,,,
ABS:LCI(1.0.0),2,115489,PBLCI,50,Q,2012-Q3,0.6,,,,
ABS:LCI(1.0.0),2,115489,PBLCI,50,Q,2012-Q4,0.6,,,,
ABS:LCI(1.0.0),2,115489,PBLCI,50,Q,2013-Q1,-0.5,,,,
ABS:LCI(1.0.0),2,115489,PBLCI,50,Q,2013-Q2,-0.6,,,,
ABS:LCI(1.0.0),2,115489,PBLCI,50,Q,2013-Q3,1.5,,,,
ABS:LCI(1.0.0),2,115489,PBLCI,50,Q,2013-Q4,1.6,,,,
ABS:LCI(1.0.0),2,115489,PBLCI,50,Q,2014-Q1,-0.1,,,,
ABS:LCI(1.0.0),2,115489,PBLCI,50,Q,2014-Q2,-0.3,,,,
ABS:LCI(1.0.0),2,115489,PBLCI,50,Q,2014-Q3,0.4,,,,
ABS:LCI(1.0.0),2,115489,PBLCI,50,Q,2014-Q4,0.6,,,,
ABS:LCI(1.0.0),2,115489,PBLCI,50,Q,2015-Q1,0.8,,,,
ABS:LCI(1.0.0),2,115489,PBLCI,50,Q,2015-Q2,-1,,,,
ABS:LCI(1.0.0),2,115489,PBLCI,50,Q,2015-Q3,0.5,,,,
ABS:LCI(1.0.0),2,115489,PBLCI,50,Q,2015-Q4,1.2,,,,
ABS:LCI(1.0.0),2,115489,PBLCI,50,Q,2016-Q1,-0.8,,,,
ABS:LCI(1.0.0),2,115489,PBLCI,50,Q,2016-Q2,-0.3,,,,
ABS:LCI(1.0.0),2,115489,PBLCI,50,Q,2016-Q3,0.5,,,,
ABS:LCI(1.0.0),2,115489,PBLCI,50,Q,2016-Q4,0.5,,,,
ABS:LCI(1.0.0),2,115489,PBLCI,50,Q,2017-Q1,-0.3,,,,
ABS:LCI(1.0.0),2,115489,PBLCI,50,Q,2017-Q2,-0.4,,,,
ABS:LCI(1.0.0),2,115489,PBLCI,50,Q,2017-Q3,0.9,,,,
ABS:LCI(1.0.0),2,115489,PBLCI,50,Q,2017-Q4,0.7,,,,
ABS:LCI(1.0.0),2,115489,PBLCI,50,Q,2018-Q1,-0.7,,,,
ABS:LCI(1.0.0),2,115489,PBLCI,50,Q,2018-Q2,-0.2,,,,
ABS:LCI(1.0.0),2,115489,PBLCI,50,Q,2018-Q3,1.2,,,,
ABS:LCI(1.0.0),2,115489,PBLCI,50,Q,2018-Q4,1.2,,,,
ABS:LCI(1.0.0),2,115489,PBLCI,50,Q,2019-Q1,-1.2,,,,
ABS:LCI(1.0.0),2,115489,PBLCI,50,Q,2019-Q2,0.5,,,,
ABS:LCI(1.0.0),2,115489,PBLCI,50,Q,2019-Q3,1.3,,,,
ABS:LCI(1.0.0),2,115489,PBLCI,50,Q,2019-Q4,1,,,,
ABS:LCI(1.0.0),2,115489,PBLCI,50,Q,2020-Q1,-1.3,,,,
ABS:LCI(1.0.0),2,115489,PBLCI,50,Q,2020-Q2,-0.5,,,,
ABS:LCI(1.0.0),2,115489,PBLCI,50,Q,2020-Q3,0.7,,,,
ABS:LCI(1.0.0),2,115489,PBLCI,50,Q,2020-Q4,1.4,,,,
ABS:LCI(1.0.0),2,115489,PBLCI,50,Q,2021-Q1,0,,,,
ABS:LCI(1.0.0),2,115489,PBLCI,50,Q,2021-Q2,0.1,,,,
ABS:LCI(1.0.0),2,115489,PBLCI,50,Q,2021-Q3,0.9,,,,
ABS:LCI(1.0.0),2,115489,PBLCI,50,Q,2021-Q4,1.2,,,,
ABS:LCI(1.0.0),2,115489,PBLCI,50,Q,2022-Q1,1.1,,,,
ABS:LCI(1.0.0),2,115489,PBLCI,50,Q,2022-Q2,1.6,,,,
ABS:LCI(1.0.0),2,115489,PBLCI,50,Q,2022-Q3,1.3,,,,
ABS:LCI(1.0.0),2,115489,PBLCI,50,Q,2022-Q4,5,,,,
ABS:LCI(1.0.0),2,115489,PBLCI,50,Q,2023-Q1,0.6,,,,
ABS:LCI(1.0.0),2,115489,PBLCI,50,Q,2023-Q2,-0.2,,,,
ABS:LCI(1.0.0),2,115489,PBLCI,50,Q,2023-Q3,0.3,,,,
ABS:LCI(1.0.0),2,115489,PBLCI,50,Q,2023-Q4,0.4,,,,
ABS:LCI(1.0.0),2,115489,PBLCI,50,Q,2024-Q1,0.4,,,,
ABS:LCI(1.0.0),2,115489,PBLCI,50,Q,2024-Q2,0.2,,,,
ABS:LCI(1.0.0),2,115489,PBLCI,50,Q,2024-Q3,1.4,,,,
ABS:LCI(1.0.0),2,115489,PBLCI,50,Q,2024-Q4,1.3,,,,
ABS:LCI(1.0.0),2,115489,PBLCI,50,Q,2025-Q1,-1,,,,
ABS:LCI(1.0.0),2,115489,PBLCI,50,Q,2025-Q2,0.3,,,,
ABS:LCI(1.0.0),2,115489,PBLCI,50,Q,2025-Q3,1.8,,,,
ABS:LCI(1.0.0),2,115489,PBLCI,50,Q,2025-Q4,2.5,,,,
ABS:LCI(1.0.0),2,115489,PBLCI,50,Q,2026-Q1,-0.8,,,,
ABS:LCI(1.0.0),2,115489,PBLCI,50,Q,2026-Q2,-0.5,,,,
ABS:LCI(1.0.0),2,115493,P2,50,Q,2007-Q3,-0.3,,,,
ABS:LCI(1.0.0),2,115493,P2,50,Q,2007-Q4,0,,,,
ABS:LCI(1.0.0),2,115493,P2,50,Q,2008-Q1,5.2,,,,
ABS:LCI(1.0.0),2,115493,P2,50,Q,2008-Q2,0,,,,
ABS:LCI(1.0.0),2,115493,P2,50,Q,2008-Q3,-0.1,,,,
ABS:LCI(1.0.0),2,115493,P2,50,Q,2008-Q4,0,,,,
ABS:LCI(1.0.0),2,115493,P2,50,Q,2009-Q1,5.5,,,,
ABS:LCI(1.0.0),2,115493,P2,50,Q,2009-Q2,0,,,,
ABS:LCI(1.0.0),2,115493,P2,50,Q,2009-Q3,0,,,,
ABS:LCI(1.0.0),2,115493,P2,50,Q,2009-Q4,0,,,,
ABS:LCI(1.0.0),2,115493,P2,50,Q,2010-Q1,5.5,,,,
ABS:LCI(1.0.0),2,115493,P2,50,Q,2010-Q2,0,,,,
ABS:LCI(1.0.0),2,115493,P2,50,Q,2010-Q3,0,,,,
ABS:LCI(1.0.0),2,115493,P2,50,Q,2010-Q4,0,,,,
ABS:LCI(1.0.0),2,115493,P2,50,Q,2011-Q1,5.8,,,,
ABS:LCI(1.0.0),2,115493,P2,50,Q,2011-Q2,0,,,,
ABS:LCI(1.0.0),2,115493,P2,50,Q,2011-Q3,0,,,,
ABS:LCI(1.0.0),2,115493,P2,50,Q,2011-Q4,0,,,,
ABS:LCI(1.0.0),2,115493,P2,50,Q,2012-Q1,6.5,,,,
ABS:LCI(1.0.0),2,115493,P2,50,Q,2012-Q2,0,,,,
ABS:LCI(1.0.0),2,115493,P2,50,Q,2012-Q3,0.1,,,,
ABS:LCI(1.0.0),2,115493,P2,50,Q,2012-Q4,0,,,,
ABS:LCI(1.0.0),2,115493,P2,50,Q,2013-Q1,5.5,,,,
ABS:LCI(1.0.0),2,115493,P2,50,Q,2013-Q2,-0.2,,,,
ABS:LCI(1.0.0),2,115493,P2,50,Q,2013-Q3,0,,,,
ABS:LCI(1.0.0),2,115493,P2,50,Q,2013-Q4,0,,,,
ABS:LCI(1.0.0),2,115493,P2,50,Q,2014-Q1,5.5,,,,
ABS:LCI(1.0.0),2,115493,P2,50,Q,2014-Q2,0,,,,
ABS:LCI(1.0.0),2,115493,P2,50,Q,2014-Q3,0.1,,,,
ABS:LCI(1.0.0),2,115493,P2,50,Q,2014-Q4,0,,,,
ABS:LCI(1.0.0),2,115493,P2,50,Q,2015-Q1,5.2,,,,
ABS:LCI(1.0.0),2,115493,P2,50,Q,2015-Q2,0,,,,
ABS:LCI(1.0.0),2,115493,P2,50,Q,2015-Q3,0.1,,,,
ABS:LCI(1.0.0),2,115493,P2,50,Q,2015-Q4,0,,,,
ABS:LCI(1.0.0),2,115493,P2,50,Q,2016-Q1,4,,,,
ABS:LCI(1.0.0),2,115493,P2,50,Q,2016-Q2,0,,,,
ABS:LCI(1.0.0),2,115493,P2,50,Q,2016-Q3,0.1,,,,
ABS:LCI(1.0.0),2,115493,P2,50,Q,2016-Q4,0,,,,
ABS:LCI(1.0.0),2,115493,P2,50,Q,2017-Q1,3.5,,,,
ABS:LCI(1.0.0),2,115493,P2,50,Q,2017-Q2,0,,,,
ABS:LCI(1.0.0),2,115493,P2,50,Q,2017-Q3,0,,,,
ABS:LCI(1.0.0),2,115493,P2,50,Q,2017-Q4,0,,,,
ABS:LCI(1.0.0),2,115493,P2,50,Q,2018-Q1,1.6,,,,
ABS:LCI(1.0.0),2,115493,P2,50,Q,2018-Q2,0,,,,
ABS:LCI(1.0.0),2,115493,P2,50,Q,2018-Q3,0.7,,,,
ABS:LCI(1.0.0),2,115493,P2,50,Q,2018-Q4,0,,,,
ABS:LCI(1.0.0),2,115493,P2,50,Q,2019-Q1,1.7,,,,
ABS:LCI(1.0.0),2,115493,P2,50,Q,2019-Q2,0,,,,
ABS:LCI(1.0.0),2,115493,P2,50,Q,2019-Q3,0,,,,
ABS:LCI(1.0.0),2,115493,P2,50,Q,2019-Q4,0,,,,
ABS:LCI(1.0.0),2,115493,P2,50,Q,2020-Q1,1.6,,,,
ABS:LCI(1.0.0),2,115493,P2,50,Q,2020-Q2,-0.4,,,,
ABS:LCI(1.0.0),2,115493,P2,50,Q,2020-Q3,0.1,,,,
ABS:LCI(1.0.0),2,115493,P2,50,Q,2020-Q4,0.1,,,,
ABS:LCI(1.0.0),2,115493,P2,50,Q,2021-Q1,-1.1,,,,
ABS:LCI(1.0.0),2,115493,P2,50,Q,2021-Q2,0,,,,
ABS:LCI(1.0.0),2,115493,P2,50,Q,2021-Q3,0,,,,
ABS:LCI(1.0.0),2,115493,P2,50,Q,2021-Q4,0,,,,
ABS:LCI(1.0.0),2,115493,P2,50,Q,2022-Q1,5.9,,,,
ABS:LCI(1.0.0),2,115493,P2,50,Q,2022-Q2,0,,,,
ABS:LCI(1.0.0),2,115493,P2,50,Q,2022-Q3,-0.1,,,,
ABS:LCI(1.0.0),2,115493,P2,50,Q,2022-Q4,0,,,,
ABS:LCI(1.0.0),2,115493,P2,50,Q,2023-Q1,8.7,,,,
ABS:LCI(1.0.0),2,115493,P2,50,Q,2023-Q2,0,,,,
ABS:LCI(1.0.0),2,115493,P2,50,Q,2023-Q3,0.4,,,,
ABS:LCI(1.0.0),2,115493,P2,50,Q,2023-Q4,0,,,,
ABS:LCI(1.0.0),2,115493,P2,50,Q,2024-Q1,6.3,,,,
ABS:LCI(1.0.0),2,115493,P2,50,Q,2024-Q2,0,,,,
ABS:LCI(1.0.0),2,115493,P2,50,Q,2024-Q3,0.1,,,,
ABS:LCI(1.0.0),2,115493,P2,50,Q,2024-Q4,0,,,,
ABS:LCI(1.0.0),2,115493,P2,50,Q,2025-Q1,4,,,,
ABS:LCI(1.0.0),2,115493,P2,50,Q,2025-Q2,0,,,,
ABS:LCI(1.0.0),2,115493,P2,50,Q,2025-Q3,0.1,,,,
ABS:LCI(1.0.0),2,115493,P2,50,Q,2025-Q4,0.1,,,,
ABS:LCI(1.0.0),2,115493,P2,50,Q,2026-Q1,1.8,,,,
ABS:LCI(1.0.0),2,115493,P2,50,Q,2026-Q2,0.9,,,,
ABS:LCI(1.0.0),2,115493,P3,50,Q,2007-Q3,-1.1,,,,
ABS:LCI(1.0.0),2,115493,P3,50,Q,2007-Q4,0,,,,
ABS:LCI(1.0.0),2,115493,P3,50,Q,2008-Q1,5.2,,,,
ABS:LCI(1.0.0),2,115493,P3,50,Q,2008-Q2,0,,,,
ABS:LCI(1.0.0),2,115493,P3,50,Q,2008-Q3,-0.5,,,,
ABS:LCI(1.0.0),2,115493,P3,50,Q,2008-Q4,0,,,,
ABS:LCI(1.0.0),2,115493,P3,50,Q,2009-Q1,5.4,,,,
ABS:LCI(1.0.0),2,115493,P3,50,Q,2009-Q2,0,,,,
ABS:LCI(1.0.0),2,115493,P3,50,Q,2009-Q3,0,,,,
ABS:LCI(1.0.0),2,115493,P3,50,Q,2009-Q4,0.1,,,,
ABS:LCI(1.0.0),2,115493,P3,50,Q,2010-Q1,5.3,,,,
ABS:LCI(1.0.0),2,115493,P3,50,Q,2010-Q2,0,,,,
ABS:LCI(1.0.0),2,115493,P3,50,Q,2010-Q3,0.1,,,,
ABS:LCI(1.0.0),2,115493,P3,50,Q,2010-Q4,0,,,,
ABS:LCI(1.0.0),2,115493,P3,50,Q,2011-Q1,5.4,,,,
ABS:LCI(1.0.0),2,115493,P3,50,Q,2011-Q2,0,,,,
ABS:LCI(1.0.0),2,115493,P3,50,Q,2011-Q3,0.1,,,,
ABS:LCI(1.0.0),2,115493,P3,50,Q,2011-Q4,0.1,,,,
ABS:LCI(1.0.0),2,115493,P3,50,Q,2012-Q1,6.3,,,,
ABS:LCI(1.0.0),2,115493,P3,50,Q,2012-Q2,0,,,,
ABS:LCI(1.0.0),2,115493,P3,50,Q,2012-Q3,0.1,,,,
ABS:LCI(1.0.0),2,115493,P3,50,Q,2012-Q4,0,,,,
ABS:LCI(1.0.0),2,115493,P3,50,Q,2013-Q1,5.4,,,,
ABS:LCI(1.0.0),2,115493,P3,50,Q,2013-Q2,-0.2,,,,
ABS:LCI(1.0.0),2,115493,P3,50,Q,2013-Q3,0.1,,,,
ABS:LCI(1.0.0),2,115493,P3,50,Q,2013-Q4,0,,,,
ABS:LCI(1.0.0),2,115493,P3,50,Q,2014-Q1,5.4,,,,
ABS:LCI(1.0.0),2,115493,P3,50,Q,2014-Q2,0,,,,
ABS:LCI(1.0.0),2,115493,P3,50,Q,2014-Q3,0.1,,,,
ABS:LCI(1.0.0),2,115493,P3,50,Q,2014-Q4,0.1,,,,
ABS:LCI(1.0.0),2,115493,P3,50,Q,2015-Q1,5.2,,,,
ABS:LCI(1.0.0),2,115493,P3,50,Q,2015-Q2,0,,,,
ABS:LCI(1.0.0),2,115493,P3,50,Q,2015-Q3,0.2,,,,
ABS:LCI(1.0.0),2,115493,P3,50,Q,2015-Q4,0,,,,
ABS:LCI(1.0.0),2,115493,P3,50,Q,2016-Q1,3.8,,,,
ABS:LCI(1.0.0),2,115493,P3,50,Q,2016-Q2,0,,,,
ABS:LCI(1.0.0),2,115493,P3,50,Q,2016-Q3,0.2,,,,
ABS:LCI(1.0.0),2,115493,P3,50,Q,2016-Q4,0,,,,
ABS:LCI(1.0.0),2,115493,P3,50,Q,2017-Q1,3.2,,,,
ABS:LCI(1.0.0),2,115493,P3,50,Q,2017-Q2,0,,,,
ABS:LCI(1.0.0),2,115493,P3,50,Q,2017-Q3,0,,,,
ABS:LCI(1.0.0),2,115493,P3,50,Q,2017-Q4,0.1,,,,
ABS:LCI(1.0.0),2,115493,P3,50,Q,2018-Q1,3,,,,
ABS:LCI(1.0.0),2,115493,P3,50,Q,2018-Q2,0.1,,,,
ABS:LCI(1.0.0),2,115493,P3,50,Q,2018-Q3,-0.4,,,,
ABS:LCI(1.0.0),2,115493,P3,50,Q,2018-Q4,0,,,,
ABS:LCI(1.0.0),2,115493,P3,50,Q,2019-Q1,3,,,,
ABS:LCI(1.0.0),2,115493,P3,50,Q,2019-Q2,0,,,,
ABS:LCI(1.0.0),2,115493,P3,50,Q,2019-Q3,0.1,,,,
ABS:LCI(1.0.0),2,115493,P3,50,Q,2019-Q4,0,,,,
ABS:LCI(1.0.0),2,115493,P3,50,Q,2020-Q1,2.9,,,,
ABS:LCI(1.0.0),2,115493,P3,50,Q,2020-Q2,-4.7,,,,
ABS:LCI(1.0.0),2,115493,P3,50,Q,2020-Q3,2.5,,,,
ABS:LCI(1.0.0),2,115493,P3,50,Q,2020-Q4,1.6,,,,
ABS:LCI(1.0.0),2,115493,P3,50,Q,2021-Q1,1.1,,,,
ABS:LCI(1.0.0),2,115493,P3,50,Q,2021-Q2,0,,,,
ABS:LCI(1.0.0),2,115493,P3,50,Q,2021-Q3,0.1,,,,
ABS:LCI(1.0.0),2,115493,P3,50,Q,2021-Q4,0,,,,
ABS:LCI(1.0.0),2,115493,P3,50,Q,2022-Q1,4.1,,,,
ABS:LCI(1.0.0),2,115493,P3,50,Q,2022-Q2,0,,,,
ABS:LCI(1.0.0),2,115493,P3,50,Q,2022-Q3,0,,,,
ABS:LCI(1.0.0),2,115493,P3,50,Q,2022-Q4,0.1,,,,
ABS:LCI(1.0.0),2,115493,P3,50,Q,2023-Q1,4.1,,,,
ABS:LCI(1.0.0),2,115493,P3,50,Q,2023-Q2,-0.3,,,,
ABS:LCI(1.0.0),2,115493,P3,50,Q,2023-Q3,-0.6,,,,
ABS:LCI(1.0.0),2,115493,P3,50,Q,2023-Q4,-0.1,,,,
ABS:LCI(1.0.0),2,115493,P3,50,Q,2024-Q1,5.5,,,,
ABS:LCI(1.0.0),2,115493,P3,50,Q,2024-Q2,0.2,,,,
ABS:LCI(1.0.0),2,115493,P3,50,Q,2024-Q3,0.4,,,,
ABS:LCI(1.0.0),2,115493,P3,50,Q,2024-Q4,0,,,,
ABS:LCI(1.0.0),2,115493,P3,50,Q,2025-Q1,5.6,,,,
ABS:LCI(1.0.0),2,115493,P3,50,Q,2025-Q2,0,,,,
ABS:LCI(1.0.0),2,115493,P3,50,Q,2025-Q3,0.1,,,,
ABS:LCI(1.0.0),2,115493,P3,50,Q,2025-Q4,0.1,,,,
ABS:LCI(1.0.0),2,115493,P3,50,Q,2026-Q1,3.5,,,,
ABS:LCI(1.0.0),2,115493,P3,50,Q,2026-Q2,1.7,,,,
ABS:LCI(1.0.0),2,126670,PBLCI,50,Q,2007-Q3,2.4,,,,
ABS:LCI(1.0.0),2,126670,PBLCI,50,Q,2007-Q4,1.9,,,,
ABS:LCI(1.0.0),2,126670,PBLCI,50,Q,2008-Q1,3.8,,,,
ABS:LCI(1.0.0),2,126670,PBLCI,50,Q,2008-Q2,4.3,,,,
ABS:LCI(1.0.0),2,126670,PBLCI,50,Q,2008-Q3,3,,,,
ABS:LCI(1.0.0),2,126670,PBLCI,50,Q,2008-Q4,0.3,,,,
ABS:LCI(1.0.0),2,126670,PBLCI,50,Q,2009-Q1,-2.1,,,,
ABS:LCI(1.0.0),2,126670,PBLCI,50,Q,2009-Q2,-6.3,,,,
ABS:LCI(1.0.0),2,126670,PBLCI,50,Q,2009-Q3,1.8,,,,
ABS:LCI(1.0.0),2,126670,PBLCI,50,Q,2009-Q4,1.9,,,,
ABS:LCI(1.0.0),2,126670,PBLCI,50,Q,2010-Q1,4.2,,,,
ABS:LCI(1.0.0),2,126670,PBLCI,50,Q,2010-Q2,2.9,,,,
ABS:LCI(1.0.0),2,126670,PBLCI,50,Q,2010-Q3,3.1,,,,
ABS:LCI(1.0.0),2,126670,PBLCI,50,Q,2010-Q4,1.4,,,,
ABS:LCI(1.0.0),2,126670,PBLCI,50,Q,2011-Q1,2.4,,,,
ABS:LCI(1.0.0),2,126670,PBLCI,50,Q,2011-Q2,1.3,,,,
ABS:LCI(1.0.0),2,126670,PBLCI,50,Q,2011-Q3,0.6,,,,
ABS:LCI(1.0.0),2,126670,PBLCI,50,Q,2011-Q4,0.6,,,,
ABS:LCI(1.0.0),2,126670,PBLCI,50,Q,2012-Q1,-1.6,,,,
ABS:LCI(1.0.0),2,126670,PBLCI,50,Q,2012-Q2,0.2,,,,
ABS:LCI(1.0.0),2,126670,PBLCI,50,Q,2012-Q3,-1.8,,,,
ABS:LCI(1.0.0),2,126670,PBLCI,50,Q,2012-Q4,0.1,,,,
ABS:LCI(1.0.0),2,126670,PBLCI,50,Q,2013-Q1,-0.4,,,,
ABS:LCI(1.0.0),2,126670,PBLCI,50,Q,2013-Q2,-0.7,,,,
ABS:LCI(1.0.0),2,126670,PBLCI,50,Q,2013-Q3,-1.6,,,,
ABS:LCI(1.0.0),2,126670,PBLCI,50,Q,2013-Q4,-1.1,,,,
ABS:LCI(1.0.0),2,126670,PBLCI,50,Q,2014-Q1,0.6,,,,
ABS:LCI(1.0.0),2,126670,PBLCI,50,Q,2014-Q2,-0.2,,,,
ABS:LCI(1.0.0),2,126670,PBLCI,50,Q,2014-Q3,0.6,,,,
ABS:LCI(1.0.0),2,126670,PBLCI,50,Q,2014-Q4,0.8,,,,
ABS:LCI(1.0.0),2,126670,PBLCI,50,Q,2015-Q1,0.1,,,,
ABS:LCI(1.0.0),2,126670,PBLCI,50,Q,2015-Q2,-1.3,,,,
ABS:LCI(1.0.0),2,126670,PBLCI,50,Q,2015-Q3,-0.1,,,,
ABS:LCI(1.0.0),2,126670,PBLCI,50,Q,2015-Q4,1.2,,,,
ABS:LCI(1.0.0),2,126670,PBLCI,50,Q,2016-Q1,1.8,,,,
ABS:LCI(1.0.0),2,126670,PBLCI,50,Q,2016-Q2,0.5,,,,
ABS:LCI(1.0.0),2,126670,PBLCI,50,Q,2016-Q3,0.4,,,,
ABS:LCI(1.0.0),2,126670,PBLCI,50,Q,2016-Q4,-0.3,,,,
ABS:LCI(1.0.0),2,126670,PBLCI,50,Q,2017-Q1,1.2,,,,
ABS:LCI(1.0.0),2,126670,PBLCI,50,Q,2017-Q2,-0.2,,,,
ABS:LCI(1.0.0),2,126670,PBLCI,50,Q,2017-Q3,1.4,,,,
ABS:LCI(1.0.0),2,126670,PBLCI,50,Q,2017-Q4,1.2,,,,
ABS:LCI(1.0.0),2,126670,PBLCI,50,Q,2018-Q1,0.6,,,,
ABS:LCI(1.0.0),2,126670,PBLCI,50,Q,2018-Q2,0.6,,,,
ABS:LCI(1.0.0),2,126670,PBLCI,50,Q,2018-Q3,0.7,,,,
ABS:LCI(1.0.0),2,126670,PBLCI,50,Q,2018-Q4,0.7,,,,
ABS:LCI(1.0.0),2,126670,PBLCI,50,Q,2019-Q1,-0.2,,,,
ABS:LCI(1.0.0),2,126670,PBLCI,50,Q,2019-Q2,0.1,,,,
ABS:LCI(1.0.0),2,126670,PBLCI,50,Q,2019-Q3,-1.6,,,,
ABS:LCI(1.0.0),2,126670,PBLCI,50,Q,2019-Q4,-0.8,,,,
ABS:LCI(1.0.0),2,126670,PBLCI,50,Q,2020-Q1,0,,,,
ABS:LCI(1.0.0),2,126670,PBLCI,50,Q,2020-Q2,-0.4,,,,
ABS:LCI(1.0.0),2,126670,PBLCI,50,Q,2020-Q3,-1.4,,,,
ABS:LCI(1.0.0),2,126670,PBLCI,50,Q,2020-Q4,-0.2,,,,
ABS:LCI(1.0.0),2,126670,PBLCI,50,Q,2021-Q1,-0.6,,,,
ABS:LCI(1.0.0),2,126670,PBLCI,50,Q,2021-Q2,0.6,,,,
ABS:LCI(1.0.0),2,126670,PBLCI,50,Q,2021-Q3,0.8,,,,
ABS:LCI(1.0.0),2,126670,PBLCI,50,Q,2021-Q4,0.3,,,,
ABS:LCI(1.0.0),2,126670,PBLCI,50,Q,2022-Q1,0.8,,,,
ABS:LCI(1.0.0),2,126670,PBLCI,50,Q,2022-Q2,0.7,,,,
ABS:LCI(1.0.0),2,126670,PBLCI,50,Q,2022-Q3,5.5,,,,
ABS:LCI(1.0.0),2,126670,PBLCI,50,Q,2022-Q4,6.6,,,,
ABS:LCI(1.0.0),2,126670,PBLCI,50,Q,2023-Q1,5.5,,,,
ABS:LCI(1.0.0),2,126670,PBLCI,50,Q,2023-Q2,5.9,,,,
ABS:LCI(1.0.0),2,126670,PBLCI,50,Q,2023-Q3,4.5,,,,
ABS:LCI(1.0.0),2,126670,PBLCI,50,Q,2023-Q4,4.5,,,,
ABS:LCI(1.0.0),2,126670,PBLCI,50,Q,2024-Q1,4.9,,,,
ABS:LCI(1.0.0),2,126670,PBLCI,50,Q,2024-Q2,2.9,,,,
ABS:LCI(1.0.0),2,126670,PBLCI,50,Q,2024-Q3,2.7,,,,
ABS:LCI(1.0.0),2,126670,PBLCI,50,Q,2024-Q4,1.1,,,,
ABS:LCI(1.0.0),2,126670,PBLCI,50,Q,2025-Q1,0.9,,,,
ABS:LCI(1.0.0),2,126670,PBLCI,50,Q,2025-Q2,-0.7,,,,
ABS:LCI(1.0.0),2,126670,PBLCI,50,Q,2025-Q3,-0.4,,,,
ABS:LCI(1.0.0),2,126670,PBLCI,50,Q,2025-Q4,-0.4,,,,
ABS:LCI(1.0.0),2,126670,PBLCI,50,Q,2026-Q1,1.9,,,,
ABS:LCI(1.0.0),2,126670,PBLCI,50,Q,2026-Q2,3.6,,,,
ABS:LCI(1.0.0),3,20001,P4,50,Q,2008-Q2,3.1,,,,
ABS:LCI(1.0.0),3,20001,P4,50,Q,2008-Q3,2.3,,,,
ABS:LCI(1.0.0),3,20001,P4,50,Q,2008-Q4,5.4,,,,
ABS:LCI(1.0.0),3,20001,P4,50,Q,2009-Q1,5.8,,,,
ABS:LCI(1.0.0),3,20001,P4,50,Q,2009-Q2,4.9,,,,
ABS:LCI(1.0.0),3,20001,P4,50,Q,2009-Q3,2.2,,,,
ABS:LCI(1.0.0),3,20001,P4,50,Q,2009-Q4,1.9,,,,
ABS:LCI(1.0.0),3,20001,P4,50,Q,2010-Q1,0.5,,,,
ABS:LCI(1.0.0),3,20001,P4,50,Q,2010-Q2,1.2,,,,
ABS:LCI(1.0.0),3,20001,P4,50,Q,2010-Q3,1.8,,,,
ABS:LCI(1.0.0),3,20001,P4,50,Q,2010-Q4,2.5,,,,
ABS:LCI(1.0.0),3,20001,P4,50,Q,2011-Q1,5,,,,
ABS:LCI(1.0.0),3,20001,P4,50,Q,2011-Q2,7.7,,,,
ABS:LCI(1.0.0),3,20001,P4,50,Q,2011-Q3,7.9,,,,
ABS:LCI(1.0.0),3,20001,P4,50,Q,2011-Q4,3.1,,,,
ABS:LCI(1.0.0),3,20001,P4,50,Q,2012-Q1,-3.2,,,,
ABS:LCI(1.0.0),3,20001,P4,50,Q,2012-Q2,-4.5,,,,
ABS:LCI(1.0.0),3,20001,P4,50,Q,2012-Q3,-2.1,,,,
ABS:LCI(1.0.0),3,20001,P4,50,Q,2012-Q4,-0.5,,,,
ABS:LCI(1.0.0),3,20001,P4,50,Q,2013-Q1,1.4,,,,
ABS:LCI(1.0.0),3,20001,P4,50,Q,2013-Q2,0.9,,,,
ABS:LCI(1.0.0),3,20001,P4,50,Q,2013-Q3,-1.1,,,,
ABS:LCI(1.0.0),3,20001,P4,50,Q,2013-Q4,1,,,,
ABS:LCI(1.0.0),3,20001,P4,50,Q,2014-Q1,2.2,,,,
ABS:LCI(1.0.0),3,20001,P4,50,Q,2014-Q2,2.7,,,,
ABS:LCI(1.0.0),3,20001,P4,50,Q,2014-Q3,4,,,,
ABS:LCI(1.0.0),3,20001,P4,50,Q,2014-Q4,2.2,,,,
ABS:LCI(1.0.0),3,20001,P4,50,Q,2015-Q1,2.1,,,,
ABS:LCI(1.0.0),3,20001,P4,50,Q,2015-Q2,1.4,,,,
ABS:LCI(1.0.0),3,20001,P4,50,Q,2015-Q3,0,,,,
ABS:LCI(1.0.0),3,20001,P4,50,Q,2015-Q4,0.3,,,,
ABS:LCI(1.0.0),3,20001,P4,50,Q,2016-Q1,-0.2,,,,
ABS:LCI(1.0.0),3,20001,P4,50,Q,2016-Q2,-0.2,,,,
ABS:LCI(1.0.0),3,20001,P4,50,Q,2016-Q3,1.9,,,,
ABS:LCI(1.0.0),3,20001,P4,50,Q,2016-Q4,2.3,,,,
ABS:LCI(1.0.0),3,20001,P4,50,Q,2017-Q1,2.3,,,,
ABS:LCI(1.0.0),3,20001,P4,50,Q,2017-Q2,2.2,,,,
ABS:LCI(1.0.0),3,20001,P4,50,Q,2017-Q3,-1,,,,
ABS:LCI(1.0.0),3,20001,P4,50,Q,2017-Q4,-0.4,,,,
ABS:LCI(1.0.0),3,20001,P4,50,Q,2018-Q1,0.3,,,,
ABS:LCI(1.0.0),3,20001,P4,50,Q,2018-Q2,0.1,,,,
ABS:LCI(1.0.0),3,20001,P4,50,Q,2018-Q3,1.7,,,,
ABS:LCI(1.0.0),3,20001,P4,50,Q,2018-Q4,1.5,,,,
ABS:LCI(1.0.0),3,20001,P4,50,Q,2019-Q1,2.5,,,,
ABS:LCI(1.0.0),3,20001,P4,50,Q,2019-Q2,2.5,,,,
ABS:LCI(1.0.0),3,20001,P4,50,Q,2019-Q3,2.3,,,,
ABS:LCI(1.0.0),3,20001,P4,50,Q,2019-Q4,2.7,,,,
ABS:LCI(1.0.0),3,20001,P4,50,Q,2020-Q1,3.4,,,,
ABS:LCI(1.0.0),3,20001,P4,50,Q,2020-Q2,4.4,,,,
ABS:LCI(1.0.0),3,20001,P4,50,Q,2020-Q3,3.6,,,,
ABS:LCI(1.0.0),3,20001,P4,50,Q,2020-Q4,2.3,,,,
ABS:LCI(1.0.0),3,20001,P4,50,Q,2021-Q1,0.6,,,,
ABS:LCI(1.0.0),3,20001,P4,50,Q,2021-Q2,0.7,,,,
ABS:LCI(1.0.0),3,20001,P4,50,Q,2021-Q3,1.3,,,,
ABS:LCI(1.0.0),3,20001,P4,50,Q,2021-Q4,1.7,,,,
ABS:LCI(1.0.0),3,20001,P4,50,Q,2022-Q1,4.4,,,,
ABS:LCI(1.0.0),3,20001,P4,50,Q,2022-Q2,5.9,,,,
ABS:LCI(1.0.0),3,20001,P4,50,Q,2022-Q3,9.2,,,,
ABS:LCI(1.0.0),3,20001,P4,50,Q,2022-Q4,9.3,,,,
ABS:LCI(1.0.0),3,20001,P4,50,Q,2023-Q1,7.9,,,,
ABS:LCI(1.0.0),3,20001,P4,50,Q,2023-Q2,7.2,,,,
ABS:LCI(1.0.0),3,20001,P4,50,Q,2023-Q3,4.4,,,,
ABS:LCI(1.0.0),3,20001,P4,50,Q,2023-Q4,4,,,,
ABS:LCI(1.0.0),3,20001,P4,50,Q,2024-Q1,3.2,,,,
ABS:LCI(1.0.0),3,20001,P4,50,Q,2024-Q2,3.1,,,,
ABS:LCI(1.0.0),3,20001,P4,50,Q,2024-Q3,3.2,,,,
ABS:LCI(1.0.0),3,20001,P4,50,Q,2024-Q4,3,,,,
ABS:LCI(1.0.0),3,20001,P4,50,Q,2025-Q1,3.4,,,,
ABS:LCI(1.0.0),3,20001,P4,50,Q,2025-Q2,3.1,,,,
ABS:LCI(1.0.0),3,20001,P4,50,Q,2025-Q3,3.1,,,,
ABS:LCI(1.0.0),3,20001,P4,50,Q,2025-Q4,3.5,,,,
ABS:LCI(1.0.0),3,20001,P4,50,Q,2026-Q1,3.3,,,,
ABS:LCI(1.0.0),3,20001,P4,50,Q,2026-Q2,3.3,,,,
ABS:LCI(1.0.0),3,20002,P3,50,Q,2008-Q2,1.2,,,,
ABS:LCI(1.0.0),3,20002,P3,50,Q,2008-Q3,-0.1,,,,
ABS:LCI(1.0.0),3,20002,P3,50,Q,2008-Q4,-0.1,,,,
ABS:LCI(1.0.0),3,20002,P3,50,Q,2009-Q1,1.5,,,,
ABS:LCI(1.0.0),3,20002,P3,50,Q,2009-Q2,1.1,,,,
ABS:LCI(1.0.0),3,20002,P3,50,Q,2009-Q3,2.3,,,,
ABS:LCI(1.0.0),3,20002,P3,50,Q,2009-Q4,2.2,,,,
ABS:LCI(1.0.0),3,20002,P3,50,Q,2010-Q1,-1.8,,,,
ABS:LCI(1.0.0),3,20002,P3,50,Q,2010-Q2,-4.1,,,,
ABS:LCI(1.0.0),3,20002,P3,50,Q,2010-Q3,-3.1,,,,
ABS:LCI(1.0.0),3,20002,P3,50,Q,2010-Q4,-4.9,,,,
ABS:LCI(1.0.0),3,20002,P3,50,Q,2011-Q1,-1.7,,,,
ABS:LCI(1.0.0),3,20002,P3,50,Q,2011-Q2,0.7,,,,
ABS:LCI(1.0.0),3,20002,P3,50,Q,2011-Q3,0.5,,,,
ABS:LCI(1.0.0),3,20002,P3,50,Q,2011-Q4,2,,,,
ABS:LCI(1.0.0),3,20002,P3,50,Q,2012-Q1,0.8,,,,
ABS:LCI(1.0.0),3,20002,P3,50,Q,2012-Q2,0.1,,,,
ABS:LCI(1.0.0),3,20002,P3,50,Q,2012-Q3,-0.6,,,,
ABS:LCI(1.0.0),3,20002,P3,50,Q,2012-Q4,-0.1,,,,
ABS:LCI(1.0.0),3,20002,P3,50,Q,2013-Q1,-1.4,,,,
ABS:LCI(1.0.0),3,20002,P3,50,Q,2013-Q2,-0.2,,,,
ABS:LCI(1.0.0),3,20002,P3,50,Q,2013-Q3,0.3,,,,
ABS:LCI(1.0.0),3,20002,P3,50,Q,2013-Q4,-0.9,,,,
ABS:LCI(1.0.0),3,20002,P3,50,Q,2014-Q1,0.5,,,,
ABS:LCI(1.0.0),3,20002,P3,50,Q,2014-Q2,-0.5,,,,
ABS:LCI(1.0.0),3,20002,P3,50,Q,2014-Q3,-2.7,,,,
ABS:LCI(1.0.0),3,20002,P3,50,Q,2014-Q4,-1.5,,,,
ABS:LCI(1.0.0),3,20002,P3,50,Q,2015-Q1,-1,,,,
ABS:LCI(1.0.0),3,20002,P3,50,Q,2015-Q2,-1.4,,,,
ABS:LCI(1.0.0),3,20002,P3,50,Q,2015-Q3,-1.1,,,,
ABS:LCI(1.0.0),3,20002,P3,50,Q,2015-Q4,-0.1,,,,
ABS:LCI(1.0.0),3,20002,P3,50,Q,2016-Q1,-0.6,,,,
ABS:LCI(1.0.0),3,20002,P3,50,Q,2016-Q2,-0.1,,,,
ABS:LCI(1.0.0),3,20002,P3,50,Q,2016-Q3,0.5,,,,
ABS:LCI(1.0.0),3,20002,P3,50,Q,2016-Q4,-0.7,,,,
ABS:LCI(1.0.0),3,20002,P3,50,Q,2017-Q1,-0.4,,,,
ABS:LCI(1.0.0),3,20002,P3,50,Q,2017-Q2,-2.9,,,,
ABS:LCI(1.0.0),3,20002,P3,50,Q,2017-Q3,-3.6,,,,
ABS:LCI(1.0.0),3,20002,P3,50,Q,2017-Q4,-4,,,,
ABS:LCI(1.0.0),3,20002,P3,50,Q,2018-Q1,-4.5,,,,
ABS:LCI(1.0.0),3,20002,P3,50,Q,2018-Q2,-2.5,,,,
ABS:LCI(1.0.0),3,20002,P3,50,Q,2018-Q3,-1.4,,,,
ABS:LCI(1.0.0),3,20002,P3,50,Q,2018-Q4,-1.1,,,,
ABS:LCI(1.0.0),3,20002,P3,50,Q,2019-Q1,0,,,,
ABS:LCI(1.0.0),3,20002,P3,50,Q,2019-Q2,0.4,,,,
ABS:LCI(1.0.0),3,20002,P3,50,Q,2019-Q3,1.8,,,,
ABS:LCI(1.0.0),3,20002,P3,50,Q,2019-Q4,0.9,,,,
ABS:LCI(1.0.0),3,20002,P3,50,Q,2020-Q1,1.5,,,,
ABS:LCI(1.0.0),3,20002,P3,50,Q,2020-Q2,-0.1,,,,
ABS:LCI(1.0.0),3,20002,P3,50,Q,2020-Q3,-0.8,,,,
ABS:LCI(1.0.0),3,20002,P3,50,Q,2020-Q4,-1.3,,,,
ABS:LCI(1.0.0),3,20002,P3,50,Q,2021-Q1,-1,,,,
ABS:LCI(1.0.0),3,20002,P3,50,Q,2021-Q2,-0.4,,,,
ABS:LCI(1.0.0),3,20002,P3,50,Q,2021-Q3,-5.6,,,,
ABS:LCI(1.0.0),3,20002,P3,50,Q,2021-Q4,-1.7,,,,
ABS:LCI(1.0.0),3,20002,P3,50,Q,2022-Q1,-2.2,,,,
ABS:LCI(1.0.0),3,20002,P3,50,Q,2022-Q2,0.8,,,,
ABS:LCI(1.0.0),3,20002,P3,50,Q,2022-Q3,5.5,,,,
ABS:LCI(1.0.0),3,20002,P3,50,Q,2022-Q4,5.3,,,,
ABS:LCI(1.0.0),3,20002,P3,50,Q,2023-Q1,2.9,,,,
ABS:LCI(1.0.0),3,20002,P3,50,Q,2023-Q2,0.1,,,,
ABS:LCI(1.0.0),3,20002,P3,50,Q,2023-Q3,0.2,,,,
ABS:LCI(1.0.0),3,20002,P3,50,Q,2023-Q4,-1.2,,,,
ABS:LCI(1.0.0),3,20002,P3,50,Q,2024-Q1,1.1,,,,
ABS:LCI(1.0.0),3,20002,P3,50,Q,2024-Q2,2.9,,,,
ABS:LCI(1.0.0),3,20002,P3,50,Q,2024-Q3,2.1,,,,
ABS:LCI(1.0.0),3,20002,P3,50,Q,2024-Q4,1.1,,,,
ABS:LCI(1.0.0),3,20002,P3,50,Q,2025-Q1,0.9,,,,
ABS:LCI(1.0.0),3,20002,P3,50,Q,2025-Q2,1.3,,,,
ABS:LCI(1.0.0),3,20002,P3,50,Q,2025-Q3,1.9,,,,
ABS:LCI(1.0.0),3,20002,P3,50,Q,2025-Q4,1.4,,,,
ABS:LCI(1.0.0),3,20002,P3,50,Q,2026-Q1,4.6,,,,
ABS:LCI(1.0.0),3,20002,P3,50,Q,2026-Q2,2,,,,
ABS:LCI(1.0.0),3,20005,P1,50,Q,2008-Q2,7.1,,,,
ABS:LCI(1.0.0),3,20005,P1,50,Q,2008-Q3,9.1,,,,
ABS:LCI(1.0.0),3,20005,P1,50,Q,2008-Q4,-1.4,,,,
ABS:LCI(1.0.0),3,20005,P1,50,Q,2009-Q1,-5,,,,
ABS:LCI(1.0.0),3,20005,P1,50,Q,2009-Q2,-6.5,,,,
ABS:LCI(1.0.0),3,20005,P1,50,Q,2009-Q3,-5.5,,,,
ABS:LCI(1.0.0),3,20005,P1,50,Q,2009-Q4,1.1,,,,
ABS:LCI(1.0.0),3,20005,P1,50,Q,2010-Q1,4.3,,,,
ABS:LCI(1.0.0),3,20005,P1,50,Q,2010-Q2,3.5,,,,
ABS:LCI(1.0.0),3,20005,P1,50,Q,2010-Q3,0.6,,,,
ABS:LCI(1.0.0),3,20005,P1,50,Q,2010-Q4,1.9,,,,
ABS:LCI(1.0.0),3,20005,P1,50,Q,2011-Q1,3.3,,,,
ABS:LCI(1.0.0),3,20005,P1,50,Q,2011-Q2,3.8,,,,
ABS:LCI(1.0.0),3,20005,P1,50,Q,2011-Q3,4.5,,,,
ABS:LCI(1.0.0),3,20005,P1,50,Q,2011-Q4,4.1,,,,
ABS:LCI(1.0.0),3,20005,P1,50,Q,2012-Q1,2.4,,,,
ABS:LCI(1.0.0),3,20005,P1,50,Q,2012-Q2,2,,,,
ABS:LCI(1.0.0),3,20005,P1,50,Q,2012-Q3,1.2,,,,
ABS:LCI(1.0.0),3,20005,P1,50,Q,2012-Q4,1.8,,,,
ABS:LCI(1.0.0),3,20005,P1,50,Q,2013-Q1,1.2,,,,
ABS:LCI(1.0.0),3,20005,P1,50,Q,2013-Q2,-0.6,,,,
ABS:LCI(1.0.0),3,20005,P1,50,Q,2013-Q3,2.7,,,,
ABS:LCI(1.0.0),3,20005,P1,50,Q,2013-Q4,1.8,,,,
ABS:LCI(1.0.0),3,20005,P1,50,Q,2014-Q1,2.7,,,,
ABS:LCI(1.0.0),3,20005,P1,50,Q,2014-Q2,2.9,,,,
ABS:LCI(1.0.0),3,20005,P1,50,Q,2014-Q3,0.4,,,,
ABS:LCI(1.0.0),3,20005,P1,50,Q,2014-Q4,-1.8,,,,
ABS:LCI(1.0.0),3,20005,P1,50,Q,2015-Q1,-6.5,,,,
ABS:LCI(1.0.0),3,20005,P1,50,Q,2015-Q2,-2.6,,,,
ABS:LCI(1.0.0),3,20005,P1,50,Q,2015-Q3,-2.4,,,,
ABS:LCI(1.0.0),3,20005,P1,50,Q,2015-Q4,-1.6,,,,
ABS:LCI(1.0.0),3,20005,P1,50,Q,2016-Q1,-0.7,,,,
ABS:LCI(1.0.0),3,20005,P1,50,Q,2016-Q2,-2.9,,,,
ABS:LCI(1.0.0),3,20005,P1,50,Q,2016-Q3,-3.6,,,,
ABS:LCI(1.0.0),3,20005,P1,50,Q,2016-Q4,-0.4,,,,
ABS:LCI(1.0.0),3,20005,P1,50,Q,2017-Q1,3.9,,,,
ABS:LCI(1.0.0),3,20005,P1,50,Q,2017-Q2,2.1,,,,
ABS:LCI(1.0.0),3,20005,P1,50,Q,2017-Q3,2.7,,,,
ABS:LCI(1.0.0),3,20005,P1,50,Q,2017-Q4,3.6,,,,
ABS:LCI(1.0.0),3,20005,P1,50,Q,2018-Q1,3.1,,,,
ABS:LCI(1.0.0),3,20005,P1,50,Q,2018-Q2,5.4,,,,
ABS:LCI(1.0.0),3,20005,P1,50,Q,2018-Q3,6.3,,,,
ABS:LCI(1.0.0),3,20005,P1,50,Q,2018-Q4,2.8,,,,
ABS:LCI(1.0.0),3,20005,P1,50,Q,2019-Q1,-0.2,,,,
ABS:LCI(1.0.0),3,20005,P1,50,Q,2019-Q2,1.6,,,,
ABS:LCI(1.0.0),3,20005,P1,50,Q,2019-Q3,0.6,,,,
ABS:LCI(1.0.0),3,20005,P1,50,Q,2019-Q4,2.8,,,,
ABS:LCI(1.0.0),3,20005,P1,50,Q,2020-Q1,2.7,,,,
ABS:LCI(1.0.0),3,20005,P1,50,Q,2020-Q2,-8.1,,,,
ABS:LCI(1.0.0),3,20005,P1,50,Q,2020-Q3,-4.5,,,,
ABS:LCI(1.0.0),3,20005,P1,50,Q,2020-Q4,-5.1,,,,
ABS:LCI(1.0.0),3,20005,P1,50,Q,2021-Q1,0.1,,,,
ABS:LCI(1.0.0),3,20005,P1,50,Q,2021-Q2,11.2,,,,
ABS:LCI(1.0.0),3,20005,P1,50,Q,2021-Q3,10.8,,,,
ABS:LCI(1.0.0),3,20005,P1,50,Q,2021-Q4,13.1,,,,
ABS:LCI(1.0.0),3,20005,P1,50,Q,2022-Q1,14.2,,,,
ABS:LCI(1.0.0),3,20005,P1,50,Q,2022-Q2,13.5,,,,
ABS:LCI(1.0.0),3,20005,P1,50,Q,2022-Q3,9.3,,,,
ABS:LCI(1.0.0),3,20005,P1,50,Q,2022-Q4,8,,,,
ABS:LCI(1.0.0),3,20005,P1,50,Q,2023-Q1,4.2,,,,
ABS:LCI(1.0.0),3,20005,P1,50,Q,2023-Q2,1.7,,,,
ABS:LCI(1.0.0),3,20005,P1,50,Q,2023-Q3,5.8,,,,
ABS:LCI(1.0.0),3,20005,P1,50,Q,2023-Q4,3.7,,,,
ABS:LCI(1.0.0),3,20005,P1,50,Q,2024-Q1,3.5,,,,
ABS:LCI(1.0.0),3,20005,P1,50,Q,2024-Q2,4.6,,,,
ABS:LCI(1.0.0),3,20005,P1,50,Q,2024-Q3,-1.2,,,,
ABS:LCI(1.0.0),3,20005,P1,50,Q,2024-Q4,-1.8,,,,
ABS:LCI(1.0.0),3,20005,P1,50,Q,2025-Q1,-1.3,,,,
ABS:LCI(1.0.0),3,20005,P1,50,Q,2025-Q2,-2.9,,,,
ABS:LCI(1.0.0),3,20005,P1,50,Q,2025-Q3,0.6,,,,
ABS:LCI(1.0.0),3,20005,P1,50,Q,2025-Q4,2,,,,
ABS:LCI(1.0.0),3,20005,P1,50,Q,2026-Q1,3,,,,
ABS:LCI(1.0.0),3,20005,P1,50,Q,2026-Q2,2.8,,,,
ABS:LCI(1.0.0),3,115528,P1,50,Q,2004-Q1,3.2,,,,
ABS:LCI(1.0.0),3,115528,P1,50,Q,2004-Q2,2.4,,,,
ABS:LCI(1.0.0),3,115528,P1,50,Q,2004-Q3,2.2,,,,
ABS:LCI(1.0.0),3,115528,P1,50,Q,2004-Q4,1.8,,,,
ABS:LCI(1.0.0),3,115528,P1,50,Q,2005-Q1,1.2,,,,
ABS:LCI(1.0.0),3,115528,P1,50,Q,2005-Q2,2.1,,,,
ABS:LCI(1.0.0),3,115528,P1,50,Q,2005-Q3,2,,,,
ABS:LCI(1.0.0),3,115528,P1,50,Q,2005-Q4,2.8,,,,
ABS:LCI(1.0.0),3,115528,P1,50,Q,2006-Q1,2.9,,,,
ABS:LCI(1.0.0),3,115528,P1,50,Q,2006-Q2,2.7,,,,
ABS:LCI(1.0.0),3,115528,P1,50,Q,2006-Q3,2.6,,,,
ABS:LCI(1.0.0),3,115528,P1,50,Q,2006-Q4,1.7,,,,
ABS:LCI(1.0.0),3,115528,P1,50,Q,2007-Q1,1.7,,,,
ABS:LCI(1.0.0),3,115528,P1,50,Q,2007-Q2,1.8,,,,
ABS:LCI(1.0.0),3,115528,P1,50,Q,2007-Q3,2,,,,
ABS:LCI(1.0.0),3,115528,P1,50,Q,2007-Q4,3,,,,
ABS:LCI(1.0.0),3,115528,P1,50,Q,2008-Q1,4.5,,,,
ABS:LCI(1.0.0),3,115528,P1,50,Q,2008-Q2,6.1,,,,
ABS:LCI(1.0.0),3,115528,P1,50,Q,2008-Q3,8.6,,,,
ABS:LCI(1.0.0),3,115528,P1,50,Q,2008-Q4,9.8,,,,
ABS:LCI(1.0.0),3,115528,P1,50,Q,2009-Q1,11.2,,,,
ABS:LCI(1.0.0),3,115528,P1,50,Q,2009-Q2,10.8,,,,
ABS:LCI(1.0.0),3,115528,P1,50,Q,2009-Q3,10.1,,,,
ABS:LCI(1.0.0),3,115528,P1,50,Q,2009-Q4,8.6,,,,
ABS:LCI(1.0.0),3,115528,P1,50,Q,2010-Q1,7.4,,,,
ABS:LCI(1.0.0),3,115528,P1,50,Q,2010-Q2,5,,,,
ABS:LCI(1.0.0),3,115528,P1,50,Q,2010-Q3,4.7,,,,
ABS:LCI(1.0.0),3,115528,P1,50,Q,2010-Q4,4.2,,,,
ABS:LCI(1.0.0),3,115528,P1,50,Q,2011-Q1,3.1,,,,
ABS:LCI(1.0.0),3,115528,P1,50,Q,2011-Q2,5.1,,,,
ABS:LCI(1.0.0),3,115528,P1,50,Q,2011-Q3,1.2,,,,
ABS:LCI(1.0.0),3,115528,P1,50,Q,2011-Q4,1.9,,,,
ABS:LCI(1.0.0),3,115528,P1,50,Q,2012-Q1,1.2,,,,
ABS:LCI(1.0.0),3,115528,P1,50,Q,2012-Q2,0.5,,,,
ABS:LCI(1.0.0),3,115528,P1,50,Q,2012-Q3,3.6,,,,
ABS:LCI(1.0.0),3,115528,P1,50,Q,2012-Q4,4.3,,,,
ABS:LCI(1.0.0),3,115528,P1,50,Q,2013-Q1,7.3,,,,
ABS:LCI(1.0.0),3,115528,P1,50,Q,2013-Q2,6.4,,,,
ABS:LCI(1.0.0),3,115528,P1,50,Q,2013-Q3,3.7,,,,
ABS:LCI(1.0.0),3,115528,P1,50,Q,2013-Q4,1.7,,,,
ABS:LCI(1.0.0),3,115528,P1,50,Q,2014-Q1,-1.6,,,,
ABS:LCI(1.0.0),3,115528,P1,50,Q,2014-Q2,-2.1,,,,
ABS:LCI(1.0.0),3,115528,P1,50,Q,2014-Q3,-0.3,,,,
ABS:LCI(1.0.0),3,115528,P1,50,Q,2014-Q4,1.2,,,,
ABS:LCI(1.0.0),3,115528,P1,50,Q,2015-Q1,1.5,,,,
ABS:LCI(1.0.0),3,115528,P1,50,Q,2015-Q2,2.8,,,,
ABS:LCI(1.0.0),3,115528,P1,50,Q,2015-Q3,3,,,,
ABS:LCI(1.0.0),3,115528,P1,50,Q,2015-Q4,3.7,,,,
ABS:LCI(1.0.0),3,115528,P1,50,Q,2016-Q1,5,,,,
ABS:LCI(1.0.0),3,115528,P1,50,Q,2016-Q2,5.8,,,,
ABS:LCI(1.0.0),3,115528,P1,50,Q,2016-Q3,8.2,,,,
ABS:LCI(1.0.0),3,115528,P1,50,Q,2016-Q4,7.5,,,,
ABS:LCI(1.0.0),3,115528,P1,50,Q,2017-Q1,7.9,,,,
ABS:LCI(1.0.0),3,115528,P1,50,Q,2017-Q2,6.2,,,,
ABS:LCI(1.0.0),3,115528,P1,50,Q,2017-Q3,3.9,,,,
ABS:LCI(1.0.0),3,115528,P1,50,Q,2017-Q4,4.1,,,,
ABS:LCI(1.0.0),3,115528,P1,50,Q,2018-Q1,2.4,,,,
ABS:LCI(1.0.0),3,115528,P1,50,Q,2018-Q2,3.8,,,,
ABS:LCI(1.0.0),3,115528,P1,50,Q,2018-Q3,3.5,,,,
ABS:LCI(1.0.0),3,115528,P1,50,Q,2018-Q4,2.9,,,,
ABS:LCI(1.0.0),3,115528,P1,50,Q,2019-Q1,2.4,,,,
ABS:LCI(1.0.0),3,115528,P1,50,Q,2019-Q2,1.5,,,,
ABS:LCI(1.0.0),3,115528,P1,50,Q,2019-Q3,0.7,,,,
ABS:LCI(1.0.0),3,115528,P1,50,Q,2019-Q4,0.2,,,,
ABS:LCI(1.0.0),3,115528,P1,50,Q,2020-Q1,1,,,,
ABS:LCI(1.0.0),3,115528,P1,50,Q,2020-Q2,1.5,,,,
ABS:LCI(1.0.0),3,115528,P1,50,Q,2020-Q3,1.6,,,,
ABS:LCI(1.0.0),3,115528,P1,50,Q,2020-Q4,1.8,,,,
ABS:LCI(1.0.0),3,115528,P1,50,Q,2021-Q1,1.1,,,,
ABS:LCI(1.0.0),3,115528,P1,50,Q,2021-Q2,2.4,,,,
ABS:LCI(1.0.0),3,115528,P1,50,Q,2021-Q3,3.6,,,,
ABS:LCI(1.0.0),3,115528,P1,50,Q,2021-Q4,3.9,,,,
ABS:LCI(1.0.0),3,115528,P1,50,Q,2022-Q1,5.3,,,,
ABS:LCI(1.0.0),3,115528,P1,50,Q,2022-Q2,4.2,,,,
ABS:LCI(1.0.0),3,115528,P1,50,Q,2022-Q3,4.9,,,,
ABS:LCI(1.0.0),3,115528,P1,50,Q,2022-Q4,6.5,,,,
ABS:LCI(1.0.0),3,115528,P1,50,Q,2023-Q1,9.2,,,,
ABS:LCI(1.0.0),3,115528,P1,50,Q,2023-Q2,13.8,,,,
ABS:LCI(1.0.0),3,115528,P1,50,Q,2023-Q3,14.6,,,,
ABS:LCI(1.0.0),3,115528,P1,50,Q,2023-Q4,16.9,,,,
ABS:LCI(1.0.0),3,115528,P1,50,Q,2024-Q1,17.2,,,,
ABS:LCI(1.0.0),3,115528,P1,50,Q,2024-Q2,15.4,,,,
ABS:LCI(1.0.0),3,115528,P1,50,Q,2024-Q3,14.9,,,,
ABS:LCI(1.0.0),3,115528,P1,50,Q,2024-Q4,10.9,,,,
ABS:LCI(1.0.0),3,115528,P1,50,Q,2025-Q1,6.6,,,,
ABS:LCI(1.0.0),3,115528,P1,50,Q,2025-Q2,2.7,,,,
ABS:LCI(1.0.0),3,115528,P1,50,Q,2025-Q3,1.8,,,,
ABS:LCI(1.0.0),3,115528,P1,50,Q,2025-Q4,2,,,,
ABS:LCI(1.0.0),3,115528,P1,50,Q,2026-Q1,4.5,,,,
ABS:LCI(1.0.0),3,115528,P1,50,Q,2026-Q2,5.9,,,,
ABS:LCI(1.0.0),4,20004,P3,50,Q,2025-Q4,6.68,,,,
ABS:LCI(1.0.0),4,20004,P3,50,Q,2026-Q1,6.66,,,,
ABS:LCI(1.0.0),4,20004,P3,50,Q,2026-Q2,6.67,,,,
ABS:LCI(1.0.0),4,20005,P1,50,Q,2025-Q4,10.28,,,,
ABS:LCI(1.0.0),4,20005,P1,50,Q,2026-Q1,10.48,,,,
ABS:LCI(1.0.0),4,20005,P1,50,Q,2026-Q2,10.38,,,,
ABS:LCI(1.0.0),4,115489,P4,50,Q,2025-Q4,20.11,,,,
ABS:LCI(1.0.0),4,115489,P4,50,Q,2026-Q1,19.65,,,,
ABS:LCI(1.0.0),4,115489,P4,50,Q,2026-Q2,19.58,,,,
ABS:LCI(1.0.0),4,131279,P3,50,Q,2025-Q4,0.66,,,,
ABS:LCI(1.0.0),4,131279,P3,50,Q,2026-Q1,0.67,,,,
ABS:LCI(1.0.0),4,131279,P3,50,Q,2026-Q2,0.68,,,,
ABS:LCI(1.0.0),5,20006,P2,50,Q,2025-Q4,0.06,,,,
ABS:LCI(1.0.0),5,20006,P2,50,Q,2026-Q1,0.06,,,,
ABS:LCI(1.0.0),5,20006,P2,50,Q,2026-Q2,0.03,,,,
ABS:LCI(1.0.0),5,20003,PBLCI,50,Q,2025-Q4,-0.17,,,,
ABS:LCI(1.0.0),5,20003,PBLCI,50,Q,2026-Q1,1.23,,,,
ABS:LCI(1.0.0),5,20003,PBLCI,50,Q,2026-Q2,0.12,,,,
ABS:LCI(1.0.0),5,20003,P1,50,Q,2025-Q4,-0.01,,,,
ABS:LCI(1.0.0),5,20003,P1,50,Q,2026-Q1,0.48,,,,
ABS:LCI(1.0.0),5,20003,P1,50,Q,2026-Q2,0.09,,,,
ABS:LCI(1.0.0),5,20005,P1,50,Q,2025-Q4,0.06,,,,
ABS:LCI(1.0.0),5,20005,P1,50,Q,2026-Q1,0.2,,,,
ABS:LCI(1.0.0),5,20005,P1,50,Q,2026-Q2,-0.1,,,,
ABS:LCI(1.0.0),5,131279,P2,50,Q,2025-Q4,0,,,,
ABS:LCI(1.0.0),5,131279,P2,50,Q,2026-Q1,0,,,,
ABS:LCI(1.0.0),5,131279,P2,50,Q,2026-Q2,0.01,,,,
ABS:LCI(1.0.0),5,131279,P3,50,Q,2025-Q4,0,,,,
ABS:LCI(1.0.0),5,131279,P3,50,Q,2026-Q1,0.01,,,,
ABS:LCI(1.0.0),5,131279,P3,50,Q,2026-Q2,0.01,,,,
ABS:LCI(1.0.0),5,131278,P3,50,Q,2025-Q4,-0.13,,,,
ABS:LCI(1.0.0),5,131278,P3,50,Q,2026-Q1,0.08,,,,
ABS:LCI(1.0.0),5,131278,P3,50,Q,2026-Q2,0.38,,,,
ABS:LCI(1.0.0),1,10001,P3,50,Q,1998-Q2,43.87,,,,
ABS:LCI(1.0.0),1,10001,P3,50,Q,1998-Q3,44.04,,,,
ABS:LCI(1.0.0),1,10001,P3,50,Q,1998-Q4,44.22,,,,
ABS:LCI(1.0.0),1,10001,P3,50,Q,1999-Q1,44.26,,,,
ABS:LCI(1.0.0),1,10001,P3,50,Q,1999-Q2,44.48,,,,
ABS:LCI(1.0.0),1,10001,P3,50,Q,1999-Q3,44.79,,,,
ABS:LCI(1.0.0),1,10001,P3,50,Q,1999-Q4,45.05,,,,
ABS:LCI(1.0.0),1,10001,P3,50,Q,2000-Q1,45.58,,,,
ABS:LCI(1.0.0),1,10001,P3,50,Q,2000-Q2,45.97,,,,
ABS:LCI(1.0.0),1,10001,P3,50,Q,2000-Q3,47.44,,,,
ABS:LCI(1.0.0),1,10001,P3,50,Q,2000-Q4,47.69,,,,
ABS:LCI(1.0.0),1,10001,P3,50,Q,2001-Q1,48.34,,,,
ABS:LCI(1.0.0),1,10001,P3,50,Q,2001-Q2,48.69,,,,
ABS:LCI(1.0.0),1,10001,P3,50,Q,2001-Q3,48.73,,,,
ABS:LCI(1.0.0),1,10001,P3,50,Q,2001-Q4,49.14,,,,
ABS:LCI(1.0.0),1,10001,P3,50,Q,2002-Q1,49.56,,,,
ABS:LCI(1.0.0),1,10001,P3,50,Q,2002-Q2,49.79,,,,
ABS:LCI(1.0.0),1,10001,P3,50,Q,2002-Q3,50.18,,,,
ABS:LCI(1.0.0),1,10001,P3,50,Q,2002-Q4,50.53,,,,
ABS:LCI(1.0.0),1,10001,P3,50,Q,2003-Q1,51.37,,,,
ABS:LCI(1.0.0),1,10001,P3,50,Q,2003-Q2,51.2,,,,
ABS:LCI(1.0.0),1,10001,P3,50,Q,2003-Q3,51.45,,,,
ABS:LCI(1.0.0),1,10001,P3,50,Q,2003-Q4,51.72,,,,
ABS:LCI(1.0.0),1,10001,P3,50,Q,2004-Q1,52.38,,,,
ABS:LCI(1.0.0),1,10001,P3,50,Q,2004-Q2,52.52,,,,
ABS:LCI(1.0.0),1,10001,P3,50,Q,2004-Q3,52.73,,,,
ABS:LCI(1.0.0),1,10001,P3,50,Q,2004-Q4,53.15,,,,
ABS:LCI(1.0.0),1,10001,P3,50,Q,2005-Q1,53.57,,,,
ABS:LCI(1.0.0),1,10001,P3,50,Q,2005-Q2,53.94,,,,
ABS:LCI(1.0.0),1,10001,P3,50,Q,2005-Q3,54.52,,,,
ABS:LCI(1.0.0),1,10001,P3,50,Q,2005-Q4,54.88,,,,
ABS:LCI(1.0.0),1,10001,P3,50,Q,2006-Q1,55.46,,,,
ABS:LCI(1.0.0),1,10001,P3,50,Q,2006-Q2,56.44,,,,
ABS:LCI(1.0.0),1,10001,P3,50,Q,2006-Q3,57.16,,,,
ABS:LCI(1.0.0),1,10001,P3,50,Q,2006-Q4,57.16,,,,
ABS:LCI(1.0.0),1,10001,P3,50,Q,2007-Q1,57.29,,,,
ABS:LCI(1.0.0),1,10001,P3,50,Q,2007-Q2,58.03,,,,
ABS:LCI(1.0.0),1,10001,P3,50,Q,2007-Q3,58.52,,,,
ABS:LCI(1.0.0),1,10001,P3,50,Q,2007-Q4,59.04,,,,
ABS:LCI(1.0.0),1,10001,P3,50,Q,2008-Q1,60.04,,,,
ABS:LCI(1.0.0),1,10001,P3,50,Q,2008-Q2,60.92,,,,
ABS:LCI(1.0.0),1,10001,P3,50,Q,2008-Q3,61.72,,,,
ABS:LCI(1.0.0),1,10001,P3,50,Q,2008-Q4,61.63,,,,
ABS:LCI(1.0.0),1,10001,P3,50,Q,2009-Q1,62.13,,,,
ABS:LCI(1.0.0),1,10001,P3,50,Q,2009-Q2,62.06,,,,
ABS:LCI(1.0.0),1,10001,P3,50,Q,2009-Q3,62.7,,,,
ABS:LCI(1.0.0),1,10001,P3,50,Q,2009-Q4,63.08,,,,
ABS:LCI(1.0.0),1,10001,P3,50,Q,2010-Q1,63.83,,,,
ABS:LCI(1.0.0),1,10001,P3,50,Q,2010-Q2,64.7,,,,
ABS:LCI(1.0.0),1,10001,P3,50,Q,2010-Q3,65.43,,,,
ABS:LCI(1.0.0),1,10001,P3,50,Q,2010-Q4,65.91,,,,
ABS:LCI(1.0.0),1,10001,P3,50,Q,2011-Q1,67.09,,,,
ABS:LCI(1.0.0),1,10001,P3,50,Q,2011-Q2,67.68,,,,
ABS:LCI(1.0.0),1,10001,P3,50,Q,2011-Q3,68.12,,,,
ABS:LCI(1.0.0),1,10001,P3,50,Q,2011-Q4,68.11,,,,
ABS:LCI(1.0.0),1,10001,P3,50,Q,2012-Q1,68.18,,,,
ABS:LCI(1.0.0),1,10001,P3,50,Q,2012-Q2,68.54,,,,
ABS:LCI(1.0.0),1,10001,P3,50,Q,2012-Q3,69.39,,,,
ABS:LCI(1.0.0),1,10001,P3,50,Q,2012-Q4,69.47,,,,
ABS:LCI(1.0.0),1,10001,P3,50,Q,2013-Q1,69.76,,,,
ABS:LCI(1.0.0),1,10001,P3,50,Q,2013-Q2,70.03,,,,
ABS:LCI(1.0.0),1,10001,P3,50,Q,2013-Q3,70.75,,,,
ABS:LCI(1.0.0),1,10001,P3,50,Q,2013-Q4,71.14,,,,
ABS:LCI(1.0.0),1,10001,P3,50,Q,2014-Q1,71.92,,,,
ABS:LCI(1.0.0),1,10001,P3,50,Q,2014-Q2,72.19,,,,
ABS:LCI(1.0.0),1,10001,P3,50,Q,2014-Q3,72.39,,,,
ABS:LCI(1.0.0),1,10001,P3,50,Q,2014-Q4,72.52,,,,
ABS:LCI(1.0.0),1,10001,P3,50,Q,2015-Q1,72.67,,,,
ABS:LCI(1.0.0),1,10001,P3,50,Q,2015-Q2,73.04,,,,
ABS:LCI(1.0.0),1,10001,P3,50,Q,2015-Q3,73.13,,,,
ABS:LCI(1.0.0),1,10001,P3,50,Q,2015-Q4,73.55,,,,
ABS:LCI(1.0.0),1,10001,P3,50,Q,2016-Q1,73.52,,,,
ABS:LCI(1.0.0),1,10001,P3,50,Q,2016-Q2,73.81,,,,
ABS:LCI(1.0.0),1,10001,P3,50,Q,2016-Q3,74.28,,,,
ABS:LCI(1.0.0),1,10001,P3,50,Q,2016-Q4,74.85,,,,
ABS:LCI(1.0.0),1,10001,P3,50,Q,2017-Q1,75.3,,,,
ABS:LCI(1.0.0),1,10001,P3,50,Q,2017-Q2,75.34,,,,
ABS:LCI(1.0.0),1,10001,P3,50,Q,2017-Q3,75.9,,,,
ABS:LCI(1.0.0),1,10001,P3,50,Q,2017-Q4,76.65,,,,
ABS:LCI(1.0.0),1,10001,P3,50,Q,2018-Q1,77.15,,,,
ABS:LCI(1.0.0),1,10001,P3,50,Q,2018-Q2,77.38,,,,
ABS:LCI(1.0.0),1,10001,P3,50,Q,2018-Q3,77.61,,,,
ABS:LCI(1.0.0),1,10001,P3,50,Q,2018-Q4,78.24,,,,
ABS:LCI(1.0.0),1,10001,P3,50,Q,2019-Q1,78.4,,,,
ABS:LCI(1.0.0),1,10001,P3,50,Q,2019-Q2,78.84,,,,
ABS:LCI(1.0.0),1,10001,P3,50,Q,2019-Q3,79.11,,,,
ABS:LCI(1.0.0),1,10001,P3,50,Q,2019-Q4,79.76,,,,
ABS:LCI(1.0.0),1,10001,P3,50,Q,2020-Q1,80.33,,,,
ABS:LCI(1.0.0),1,10001,P3,50,Q,2020-Q2,78.81,,,,
ABS:LCI(1.0.0),1,10001,P3,50,Q,2020-Q3,79.71,,,,
ABS:LCI(1.0.0),1,10001,P3,50,Q,2020-Q4,80.42,,,,
ABS:LCI(1.0.0),1,10001,P3,50,Q,2021-Q1,80.85,,,,
ABS:LCI(1.0.0),1,10001,P3,50,Q,2021-Q2,81.52,,,,
ABS:LCI(1.0.0),1,10001,P3,50,Q,2021-Q3,81.85,,,,
ABS:LCI(1.0.0),1,10001,P3,50,Q,2021-Q4,82.53,,,,
ABS:LCI(1.0.0),1,10001,P3,50,Q,2022-Q1,84.34,,,,
ABS:LCI(1.0.0),1,10001,P3,50,Q,2022-Q2,85.43,,,,
ABS:LCI(1.0.0),1,10001,P3,50,Q,2022-Q3,87.02,,,,
ABS:LCI(1.0.0),1,10001,P3,50,Q,2022-Q4,88.73,,,,
ABS:LCI(1.0.0),1,10001,P3,50,Q,2023-Q1,90.54,,,,
ABS:LCI(1.0.0),1,10001,P3,50,Q,2023-Q2,91.68,,,,
ABS:LCI(1.0.0),1,10001,P3,50,Q,2023-Q3,92.23,,,,
ABS:LCI(1.0.0),1,10001,P3,50,Q,2023-Q4,93.31,,,,
ABS:LCI(1.0.0),1,10001,P3,50,Q,2024-Q1,94.58,,,,
ABS:LCI(1.0.0),1,10001,P3,50,Q,2024-Q2,95.92,,,,
ABS:LCI(1.0.0),1,10001,P3,50,Q,2024-Q3,96.27,,,,
ABS:LCI(1.0.0),1,10001,P3,50,Q,2024-Q4,96.29,,,,
ABS:LCI(1.0.0),1,10001,P3,50,Q,2025-Q1,97.86,,,,
ABS:LCI(1.0.0),1,10001,P3,50,Q,2025-Q2,98.85,,,,
ABS:LCI(1.0.0),1,10001,P3,50,Q,2025-Q3,100,,,,
ABS:LCI(1.0.0),1,10001,P3,50,Q,2025-Q4,100.13,,,,
ABS:LCI(1.0.0),1,10001,P3,50,Q,2026-Q1,102.61,,,,
ABS:LCI(1.0.0),1,10001,P3,50,Q,2026-Q2,103.43,,,,
ABS:LCI(1.0.0),1,20005,P3,50,Q,2007-Q2,68.98,,,,
ABS:LCI(1.0.0),1,20005,P3,50,Q,2007-Q3,68.18,,,,
ABS:LCI(1.0.0),1,20005,P3,50,Q,2007-Q4,70.45,,,,
ABS:LCI(1.0.0),1,20005,P3,50,Q,2008-Q1,72.39,,,,
ABS:LCI(1.0.0),1,20005,P3,50,Q,2008-Q2,75.48,,,,
ABS:LCI(1.0.0),1,20005,P3,50,Q,2008-Q3,76.54,,,,
ABS:LCI(1.0.0),1,20005,P3,50,Q,2008-Q4,69.59,,,,
ABS:LCI(1.0.0),1,20005,P3,50,Q,2009-Q1,67.66,,,,
ABS:LCI(1.0.0),1,20005,P3,50,Q,2009-Q2,68.95,,,,
ABS:LCI(1.0.0),1,20005,P3,50,Q,2009-Q3,70.85,,,,
ABS:LCI(1.0.0),1,20005,P3,50,Q,2009-Q4,70.06,,,,
ABS:LCI(1.0.0),1,20005,P3,50,Q,2010-Q1,71.4,,,,
ABS:LCI(1.0.0),1,20005,P3,50,Q,2010-Q2,72.17,,,,
ABS:LCI(1.0.0),1,20005,P3,50,Q,2010-Q3,71.41,,,,
ABS:LCI(1.0.0),1,20005,P3,50,Q,2010-Q4,71.9,,,,
ABS:LCI(1.0.0),1,20005,P3,50,Q,2011-Q1,74.61,,,,
ABS:LCI(1.0.0),1,20005,P3,50,Q,2011-Q2,75.94,,,,
ABS:LCI(1.0.0),1,20005,P3,50,Q,2011-Q3,75.88,,,,
ABS:LCI(1.0.0),1,20005,P3,50,Q,2011-Q4,75.95,,,,
ABS:LCI(1.0.0),1,20005,P3,50,Q,2012-Q1,76.88,,,,
ABS:LCI(1.0.0),1,20005,P3,50,Q,2012-Q2,77.55,,,,
ABS:LCI(1.0.0),1,20005,P3,50,Q,2012-Q3,76.64,,,,
ABS:LCI(1.0.0),1,20005,P3,50,Q,2012-Q4,77.35,,,,
ABS:LCI(1.0.0),1,20005,P3,50,Q,2013-Q1,77.78,,,,
ABS:LCI(1.0.0),1,20005,P3,50,Q,2013-Q2,76.91,,,,
ABS:LCI(1.0.0),1,20005,P3,50,Q,2013-Q3,79.23,,,,
ABS:LCI(1.0.0),1,20005,P3,50,Q,2013-Q4,79.02,,,,
ABS:LCI(1.0.0),1,20005,P3,50,Q,2014-Q1,80.21,,,,
ABS:LCI(1.0.0),1,20005,P3,50,Q,2014-Q2,79.46,,,,
ABS:LCI(1.0.0),1,20005,P3,50,Q,2014-Q3,79.18,,,,
ABS:LCI(1.0.0),1,20005,P3,50,Q,2014-Q4,76.95,,,,
ABS:LCI(1.0.0),1,20005,P3,50,Q,2015-Q1,73.61,,,,
ABS:LCI(1.0.0),1,20005,P3,50,Q,2015-Q2,76.7,,,,
ABS:LCI(1.0.0),1,20005,P3,50,Q,2015-Q3,76.69,,,,
ABS:LCI(1.0.0),1,20005,P3,50,Q,2015-Q4,75.28,,,,
ABS:LCI(1.0.0),1,20005,P3,50,Q,2016-Q1,72.78,,,,
ABS:LCI(1.0.0),1,20005,P3,50,Q,2016-Q2,73.86,,,,
ABS:LCI(1.0.0),1,20005,P3,50,Q,2016-Q3,73.29,,,,
ABS:LCI(1.0.0),1,20005,P3,50,Q,2016-Q4,74.87,,,,
ABS:LCI(1.0.0),1,20005,P3,50,Q,2017-Q1,76.37,,,,
ABS:LCI(1.0.0),1,20005,P3,50,Q,2017-Q2,75.77,,,,
ABS:LCI(1.0.0),1,20005,P3,50,Q,2017-Q3,75.57,,,,
ABS:LCI(1.0.0),1,20005,P3,50,Q,2017-Q4,78.28,,,,
ABS:LCI(1.0.0),1,20005,P3,50,Q,2018-Q1,79.1,,,,
ABS:LCI(1.0.0),1,20005,P3,50,Q,2018-Q2,81.03,,,,
ABS:LCI(1.0.0),1,20005,P3,50,Q,2018-Q3,81.68,,,,
ABS:LCI(1.0.0),1,20005,P3,50,Q,2018-Q4,81,,,,
ABS:LCI(1.0.0),1,20005,P3,50,Q,2019-Q1,78.64,,,,
ABS:LCI(1.0.0),1,20005,P3,50,Q,2019-Q2,82.12,,,,
ABS:LCI(1.0.0),1,20005,P3,50,Q,2019-Q3,81.76,,,,
ABS:LCI(1.0.0),1,20005,P3,50,Q,2019-Q4,83.31,,,,
ABS:LCI(1.0.0),1,20005,P3,50,Q,2020-Q1,81.08,,,,
ABS:LCI(1.0.0),1,20005,P3,50,Q,2020-Q2,73.71,,,,
ABS:LCI(1.0.0),1,20005,P3,50,Q,2020-Q3,77.03,,,,
ABS:LCI(1.0.0),1,20005,P3,50,Q,2020-Q4,77.47,,,,
ABS:LCI(1.0.0),1,20005,P3,50,Q,2021-Q1,80.74,,,,
ABS:LCI(1.0.0),1,20005,P3,50,Q,2021-Q2,83.4,,,,
ABS:LCI(1.0.0),1,20005,P3,50,Q,2021-Q3,86.61,,,,
ABS:LCI(1.0.0),1,20005,P3,50,Q,2021-Q4,89.64,,,,
ABS:LCI(1.0.0),1,20005,P3,50,Q,2022-Q1,94.56,,,,
ABS:LCI(1.0.0),1,20005,P3,50,Q,2022-Q2,97.14,,,,
ABS:LCI(1.0.0),1,20005,P3,50,Q,2022-Q3,96,,,,
ABS:LCI(1.0.0),1,20005,P3,50,Q,2022-Q4,97.78,,,,
ABS:LCI(1.0.0),1,20005,P3,50,Q,2023-Q1,98.18,,,,
ABS:LCI(1.0.0),1,20005,P3,50,Q,2023-Q2,98.09,,,,
ABS:LCI(1.0.0),1,20005,P3,50,Q,2023-Q3,101.9,,,,
ABS:LCI(1.0.0),1,20005,P3,50,Q,2023-Q4,101.63,,,,
ABS:LCI(1.0.0),1,20005,P3,50,Q,2024-Q1,101.83,,,,
ABS:LCI(1.0.0),1,20005,P3,50,Q,2024-Q2,102.83,,,,
ABS:LCI(1.0.0),1,20005,P3,50,Q,2024-Q3,99.78,,,,
ABS:LCI(1.0.0),1,20005,P3,50,Q,2024-Q4,98.87,,,,
ABS:LCI(1.0.0),1,20005,P3,50,Q,2025-Q1,99.86,,,,
ABS:LCI(1.0.0),1,20005,P3,50,Q,2025-Q2,98.83,,,,
ABS:LCI(1.0.0),1,20005,P3,50,Q,2025-Q3,100,,,,
ABS:LCI(1.0.0),1,20005,P3,50,Q,2025-Q4,100.64,,,,
ABS:LCI(1.0.0),1,20005,P3,50,Q,2026-Q1,102.95,,,,
ABS:LCI(1.0.0),1,20005,P3,50,Q,2026-Q2,102.13,,,,
ABS:LCI(1.0.0),1,115488,P4,50,Q,2007-Q2,116.52,,,,
ABS:LCI(1.0.0),1,115488,P4,50,Q,2007-Q3,116.52,,,,
ABS:LCI(1.0.0),1,115488,P4,50,Q,2007-Q4,116.4,,,,
ABS:LCI(1.0.0),1,115488,P4,50,Q,2008-Q1,116.4,,,,
ABS:LCI(1.0.0),1,115488,P4,50,Q,2008-Q2,116.52,,,,
ABS:LCI(1.0.0),1,115488,P4,50,Q,2008-Q3,116.86,,,,
ABS:LCI(1.0.0),1,115488,P4,50,Q,2008-Q4,117.55,,,,
ABS:LCI(1.0.0),1,115488,P4,50,Q,2009-Q1,118.01,,,,
ABS:LCI(1.0.0),1,115488,P4,50,Q,2009-Q2,118.2,,,,
ABS:LCI(1.0.0),1,115488,P4,50,Q,2009-Q3,118.41,,,,
ABS:LCI(1.0.0),1,115488,P4,50,Q,2009-Q4,118.34,,,,
ABS:LCI(1.0.0),1,115488,P4,50,Q,2010-Q1,118.24,,,,
ABS:LCI(1.0.0),1,115488,P4,50,Q,2010-Q2,118.19,,,,
ABS:LCI(1.0.0),1,115488,P4,50,Q,2010-Q3,118.44,,,,
ABS:LCI(1.0.0),1,115488,P4,50,Q,2010-Q4,118.45,,,,
ABS:LCI(1.0.0),1,115488,P4,50,Q,2011-Q1,118.63,,,,
ABS:LCI(1.0.0),1,115488,P4,50,Q,2011-Q2,119.29,,,,
ABS:LCI(1.0.0),1,115488,P4,50,Q,2011-Q3,119.38,,,,
ABS:LCI(1.0.0),1,115488,P4,50,Q,2011-Q4,120.58,,,,
ABS:LCI(1.0.0),1,115488,P4,50,Q,2012-Q1,120.68,,,,
ABS:LCI(1.0.0),1,115488,P4,50,Q,2012-Q2,120.46,,,,
ABS:LCI(1.0.0),1,115488,P4,50,Q,2012-Q3,121.03,,,,
ABS:LCI(1.0.0),1,115488,P4,50,Q,2012-Q4,122.53,,,,
ABS:LCI(1.0.0),1,115488,P4,50,Q,2013-Q1,122.54,,,,
ABS:LCI(1.0.0),1,115488,P4,50,Q,2013-Q2,123.14,,,,
ABS:LCI(1.0.0),1,115488,P4,50,Q,2013-Q3,123.27,,,,
ABS:LCI(1.0.0),1,115488,P4,50,Q,2013-Q4,124.64,,,,
ABS:LCI(1.0.0),1,115488,P4,50,Q,2014-Q1,125.27,,,,
ABS:LCI(1.0.0),1,115488,P4,50,Q,2014-Q2,123.1,,,,
ABS:LCI(1.0.0),1,115488,P4,50,Q,2014-Q3,121.43,,,,
ABS:LCI(1.0.0),1,115488,P4,50,Q,2014-Q4,121.37,,,,
ABS:LCI(1.0.0),1,115488,P4,50,Q,2015-Q1,119.78,,,,
ABS:LCI(1.0.0),1,115488,P4,50,Q,2015-Q2,119.09,,,,
ABS:LCI(1.0.0),1,115488,P4,50,Q,2015-Q3,116.86,,,,
ABS:LCI(1.0.0),1,115488,P4,50,Q,2015-Q4,114.08,,,,
ABS:LCI(1.0.0),1,115488,P4,50,Q,2016-Q1,112.43,,,,
ABS:LCI(1.0.0),1,115488,P4,50,Q,2016-Q2,110.92,,,,
ABS:LCI(1.0.0),1,115488,P4,50,Q,2016-Q3,108.52,,,,
ABS:LCI(1.0.0),1,115488,P4,50,Q,2016-Q4,107.86,,,,
ABS:LCI(1.0.0),1,115488,P4,50,Q,2017-Q1,107.56,,,,
ABS:LCI(1.0.0),1,115488,P4,50,Q,2017-Q2,107.1,,,,
ABS:LCI(1.0.0),1,115488,P4,50,Q,2017-Q3,105.67,,,,
ABS:LCI(1.0.0),1,115488,P4,50,Q,2017-Q4,104.44,,,,
ABS:LCI(1.0.0),1,115488,P4,50,Q,2018-Q1,104.12,,,,
ABS:LCI(1.0.0),1,115488,P4,50,Q,2018-Q2,103.04,,,,
ABS:LCI(1.0.0),1,115488,P4,50,Q,2018-Q3,101.82,,,,
ABS:LCI(1.0.0),1,115488,P4,50,Q,2018-Q4,100.54,,,,
ABS:LCI(1.0.0),1,115488,P4,50,Q,2019-Q1,100.03,,,,
ABS:LCI(1.0.0),1,115488,P4,50,Q,2019-Q2,98.9,,,,
ABS:LCI(1.0.0),1,115488,P4,50,Q,2019-Q3,97.84,,,,
ABS:LCI(1.0.0),1,115488,P4,50,Q,2019-Q4,96.85,,,,
ABS:LCI(1.0.0),1,115488,P4,50,Q,2020-Q1,96.7,,,,
ABS:LCI(1.0.0),1,115488,P4,50,Q,2020-Q2,95.44,,,,
ABS:LCI(1.0.0),1,115488,P4,50,Q,2020-Q3,94.7,,,,
ABS:LCI(1.0.0),1,115488,P4,50,Q,2020-Q4,94.39,,,,
ABS:LCI(1.0.0),1,115488,P4,50,Q,2021-Q1,94.85,,,,
ABS:LCI(1.0.0),1,115488,P4,50,Q,2021-Q2,94.46,,,,
ABS:LCI(1.0.0),1,115488,P4,50,Q,2021-Q3,93.97,,,,
ABS:LCI(1.0.0),1,115488,P4,50,Q,2021-Q4,94.14,,,,
ABS:LCI(1.0.0),1,115488,P4,50,Q,2022-Q1,94.6,,,,
ABS:LCI(1.0.0),1,115488,P4,50,Q,2022-Q2,94.66,,,,
ABS:LCI(1.0.0),1,115488,P4,50,Q,2022-Q3,96.07,,,,
ABS:LCI(1.0.0),1,115488,P4,50,Q,2022-Q4,95.69,,,,
ABS:LCI(1.0.0),1,115488,P4,50,Q,2023-Q1,95.93,,,,
ABS:LCI(1.0.0),1,115488,P4,50,Q,2023-Q2,95.67,,,,
ABS:LCI(1.0.0),1,115488,P4,50,Q,2023-Q3,98.03,,,,
ABS:LCI(1.0.0),1,115488,P4,50,Q,2023-Q4,98.47,,,,
ABS:LCI(1.0.0),1,115488,P4,50,Q,2024-Q1,98.27,,,,
ABS:LCI(1.0.0),1,115488,P4,50,Q,2024-Q2,97.51,,,,
ABS:LCI(1.0.0),1,115488,P4,50,Q,2024-Q3,98.12,,,,
ABS:LCI(1.0.0),1,115488,P4,50,Q,2024-Q4,98.51,,,,
ABS:LCI(1.0.0),1,115488,P4,50,Q,2025-Q1,98.3,,,,
ABS:LCI(1.0.0),1,115488,P4,50,Q,2025-Q2,98.62,,,,
ABS:LCI(1.0.0),1,115488,P4,50,Q,2025-Q3,100,,,,
ABS:LCI(1.0.0),1,115488,P4,50,Q,2025-Q4,100.11,,,,
ABS:LCI(1.0.0),1,115488,P4,50,Q,2026-Q1,100.21,,,,
ABS:LCI(1.0.0),1,115488,P4,50,Q,2026-Q2,101.24,,,,
ABS:LCI(1.0.0),1,115528,P1,50,Q,2003-Q1,37.21,,,,
ABS:LCI(1.0.0),1,115528,P1,50,Q,2003-Q2,37.43,,,,
ABS:LCI(1.0.0),1,115528,P1,50,Q,2003-Q3,37.9,,,,
ABS:LCI(1.0.0),1,115528,P1,50,Q,2003-Q4,38.04,,,,
ABS:LCI(1.0.0),1,115528,P1,50,Q,2004-Q1,38.41,,,,
ABS:LCI(1.0.0),1,115528,P1,50,Q,2004-Q2,38.32,,,,
ABS:LCI(1.0.0),1,115528,P1,50,Q,2004-Q3,38.73,,,,
ABS:LCI(1.0.0),1,115528,P1,50,Q,2004-Q4,38.73,,,,
ABS:LCI(1.0.0),1,115528,P1,50,Q,2005-Q1,38.88,,,,
ABS:LCI(1.0.0),1,115528,P1,50,Q,2005-Q2,39.12,,,,
ABS:LCI(1.0.0),1,115528,P1,50,Q,2005-Q3,39.49,,,,
ABS:LCI(1.0.0),1,115528,P1,50,Q,2005-Q4,39.83,,,,
ABS:LCI(1.0.0),1,115528,P1,50,Q,2006-Q1,40,,,,
ABS:LCI(1.0.0),1,115528,P1,50,Q,2006-Q2,40.16,,,,
ABS:LCI(1.0.0),1,115528,P1,50,Q,2006-Q3,40.5,,,,
ABS:LCI(1.0.0),1,115528,P1,50,Q,2006-Q4,40.5,,,,
ABS:LCI(1.0.0),1,115528,P1,50,Q,2007-Q1,40.66,,,,
ABS:LCI(1.0.0),1,115528,P1,50,Q,2007-Q2,40.87,,,,
ABS:LCI(1.0.0),1,115528,P1,50,Q,2007-Q3,41.29,,,,
ABS:LCI(1.0.0),1,115528,P1,50,Q,2007-Q4,41.71,,,,
ABS:LCI(1.0.0),1,115528,P1,50,Q,2008-Q1,42.49,,,,
ABS:LCI(1.0.0),1,115528,P1,50,Q,2008-Q2,43.37,,,,
ABS:LCI(1.0.0),1,115528,P1,50,Q,2008-Q3,44.86,,,,
ABS:LCI(1.0.0),1,115528,P1,50,Q,2008-Q4,45.79,,,,
ABS:LCI(1.0.0),1,115528,P1,50,Q,2009-Q1,47.26,,,,
ABS:LCI(1.0.0),1,115528,P1,50,Q,2009-Q2,48.07,,,,
ABS:LCI(1.0.0),1,115528,P1,50,Q,2009-Q3,49.38,,,,
ABS:LCI(1.0.0),1,115528,P1,50,Q,2009-Q4,49.72,,,,
ABS:LCI(1.0.0),1,115528,P1,50,Q,2010-Q1,50.78,,,,
ABS:LCI(1.0.0),1,115528,P1,50,Q,2010-Q2,50.45,,,,
ABS:LCI(1.0.0),1,115528,P1,50,Q,2010-Q3,51.68,,,,
ABS:LCI(1.0.0),1,115528,P1,50,Q,2010-Q4,51.81,,,,
ABS:LCI(1.0.0),1,115528,P1,50,Q,2011-Q1,52.36,,,,
ABS:LCI(1.0.0),1,115528,P1,50,Q,2011-Q2,53.01,,,,
ABS:LCI(1.0.0),1,115528,P1,50,Q,2011-Q3,52.28,,,,
ABS:LCI(1.0.0),1,115528,P1,50,Q,2011-Q4,52.8,,,,
ABS:LCI(1.0.0),1,115528,P1,50,Q,2012-Q1,52.98,,,,
ABS:LCI(1.0.0),1,115528,P1,50,Q,2012-Q2,53.26,,,,
ABS:LCI(1.0.0),1,115528,P1,50,Q,2012-Q3,54.14,,,,
ABS:LCI(1.0.0),1,115528,P1,50,Q,2012-Q4,55.07,,,,
ABS:LCI(1.0.0),1,115528,P1,50,Q,2013-Q1,56.83,,,,
ABS:LCI(1.0.0),1,115528,P1,50,Q,2013-Q2,56.68,,,,
ABS:LCI(1.0.0),1,115528,P1,50,Q,2013-Q3,56.14,,,,
ABS:LCI(1.0.0),1,115528,P1,50,Q,2013-Q4,55.98,,,,
ABS:LCI(1.0.0),1,115528,P1,50,Q,2014-Q1,55.92,,,,
ABS:LCI(1.0.0),1,115528,P1,50,Q,2014-Q2,55.47,,,,
ABS:LCI(1.0.0),1,115528,P1,50,Q,2014-Q3,55.98,,,,
ABS:LCI(1.0.0),1,115528,P1,50,Q,2014-Q4,56.65,,,,
ABS:LCI(1.0.0),1,115528,P1,50,Q,2015-Q1,56.75,,,,
ABS:LCI(1.0.0),1,115528,P1,50,Q,2015-Q2,57,,,,
ABS:LCI(1.0.0),1,115528,P1,50,Q,2015-Q3,57.65,,,,
ABS:LCI(1.0.0),1,115528,P1,50,Q,2015-Q4,58.72,,,,
ABS:LCI(1.0.0),1,115528,P1,50,Q,2016-Q1,59.6,,,,
ABS:LCI(1.0.0),1,115528,P1,50,Q,2016-Q2,60.29,,,,
ABS:LCI(1.0.0),1,115528,P1,50,Q,2016-Q3,62.38,,,,
ABS:LCI(1.0.0),1,115528,P1,50,Q,2016-Q4,63.14,,,,
ABS:LCI(1.0.0),1,115528,P1,50,Q,2017-Q1,64.32,,,,
ABS:LCI(1.0.0),1,115528,P1,50,Q,2017-Q2,64.01,,,,
ABS:LCI(1.0.0),1,115528,P1,50,Q,2017-Q3,64.81,,,,
ABS:LCI(1.0.0),1,115528,P1,50,Q,2017-Q4,65.72,,,,
ABS:LCI(1.0.0),1,115528,P1,50,Q,2018-Q1,65.89,,,,
ABS:LCI(1.0.0),1,115528,P1,50,Q,2018-Q2,66.44,,,,
ABS:LCI(1.0.0),1,115528,P1,50,Q,2018-Q3,67.1,,,,
ABS:LCI(1.0.0),1,115528,P1,50,Q,2018-Q4,67.61,,,,
ABS:LCI(1.0.0),1,115528,P1,50,Q,2019-Q1,67.44,,,,
ABS:LCI(1.0.0),1,115528,P1,50,Q,2019-Q2,67.43,,,,
ABS:LCI(1.0.0),1,115528,P1,50,Q,2019-Q3,67.58,,,,
ABS:LCI(1.0.0),1,115528,P1,50,Q,2019-Q4,67.77,,,,
ABS:LCI(1.0.0),1,115528,P1,50,Q,2020-Q1,68.14,,,,
ABS:LCI(1.0.0),1,115528,P1,50,Q,2020-Q2,68.46,,,,
ABS:LCI(1.0.0),1,115528,P1,50,Q,2020-Q3,68.65,,,,
ABS:LCI(1.0.0),1,115528,P1,50,Q,2020-Q4,68.98,,,,
ABS:LCI(1.0.0),1,115528,P1,50,Q,2021-Q1,68.9,,,,
ABS:LCI(1.0.0),1,115528,P1,50,Q,2021-Q2,70.08,,,,
ABS:LCI(1.0.0),1,115528,P1,50,Q,2021-Q3,71.1,,,,
ABS:LCI(1.0.0),1,115528,P1,50,Q,2021-Q4,71.68,,,,
ABS:LCI(1.0.0),1,115528,P1,50,Q,2022-Q1,72.57,,,,
ABS:LCI(1.0.0),1,115528,P1,50,Q,2022-Q2,73.03,,,,
ABS:LCI(1.0.0),1,115528,P1,50,Q,2022-Q3,74.58,,,,
ABS:LCI(1.0.0),1,115528,P1,50,Q,2022-Q4,76.31,,,,
ABS:LCI(1.0.0),1,115528,P1,50,Q,2023-Q1,79.28,,,,
ABS:LCI(1.0.0),1,115528,P1,50,Q,2023-Q2,83.11,,,,
ABS:LCI(1.0.0),1,115528,P1,50,Q,2023-Q3,85.45,,,,
ABS:LCI(1.0.0),1,115528,P1,50,Q,2023-Q4,89.19,,,,
ABS:LCI(1.0.0),1,115528,P1,50,Q,2024-Q1,92.89,,,,
ABS:LCI(1.0.0),1,115528,P1,50,Q,2024-Q2,95.88,,,,
ABS:LCI(1.0.0),1,115528,P1,50,Q,2024-Q3,98.22,,,,
ABS:LCI(1.0.0),1,115528,P1,50,Q,2024-Q4,98.94,,,,
ABS:LCI(1.0.0),1,115528,P1,50,Q,2025-Q1,99.02,,,,
ABS:LCI(1.0.0),1,115528,P1,50,Q,2025-Q2,98.49,,,,
ABS:LCI(1.0.0),1,115528,P1,50,Q,2025-Q3,100,,,,
ABS:LCI(1.0.0),1,115528,P1,50,Q,2025-Q4,100.94,,,,
ABS:LCI(1.0.0),1,115528,P1,50,Q,2026-Q1,103.49,,,,
ABS:LCI(1.0.0),1,115528,P1,50,Q,2026-Q2,104.35,,,,
ABS:LCI(1.0.0),2,10001,P4,50,Q,1998-Q3,0.3,,,,
ABS:LCI(1.0.0),2,10001,P4,50,Q,1998-Q4,0.4,,,,
ABS:LCI(1.0.0),2,10001,P4,50,Q,1999-Q1,-0.7,,,,
ABS:LCI(1.0.0),2,10001,P4,50,Q,1999-Q2,0.4,,,,
ABS:LCI(1.0.0),2,10001,P4,50,Q,1999-Q3,1,,,,
ABS:LCI(1.0.0),2,10001,P4,50,Q,1999-Q4,0.4,,,,
ABS:LCI(1.0.0),2,10001,P4,50,Q,2000-Q1,0.6,,,,
ABS:LCI(1.0.0),2,10001,P4,50,Q,2000-Q2,0.8,,,,
ABS:LCI(1.0.0),2,10001,P4,50,Q,2000-Q3,3.9,,,,
ABS:LCI(1.0.0),2,10001,P4,50,Q,2000-Q4,0.2,,,,
ABS:LCI(1.0.0),2,10001,P4,50,Q,2001-Q1,1,,,,
ABS:LCI(1.0.0),2,10001,P4,50,Q,2001-Q2,0.8,,,,
ABS:LCI(1.0.0),2,10001,P4,50,Q,2001-Q3,0.3,,,,
ABS:LCI(1.0.0),2,10001,P4,50,Q,2001-Q4,1.3,,,,
ABS:LCI(1.0.0),2,10001,P4,50,Q,2002-Q1,1,,,,
ABS:LCI(1.0.0),2,10001,P4,50,Q,2002-Q2,0.7,,,,
ABS:LCI(1.0.0),2,10001,P4,50,Q,2002-Q3,0.8,,,,
ABS:LCI(1.0.0),2,10001,P4,50,Q,2002-Q4,0.8,,,,
ABS:LCI(1.0.0),2,10001,P4,50,Q,2003-Q1,1.2,,,,
ABS:LCI(1.0.0),2,10001,P4,50,Q,2003-Q2,-0.1,,,,
ABS:LCI(1.0.0),2,10001,P4,50,Q,2003-Q3,0.5,,,,
ABS:LCI(1.0.0),2,10001,P4,50,Q,2003-Q4,0.7,,,,
ABS:LCI(1.0.0),2,10001,P4,50,Q,2004-Q1,0.6,,,,
ABS:LCI(1.0.0),2,10001,P4,50,Q,2004-Q2,0.4,,,,
ABS:LCI(1.0.0),2,10001,P4,50,Q,2004-Q3,0.4,,,,
ABS:LCI(1.0.0),2,10001,P4,50,Q,2004-Q4,0.8,,,,
ABS:LCI(1.0.0),2,10001,P4,50,Q,2005-Q1,0.6,,,,
ABS:LCI(1.0.0),2,10001,P4,50,Q,2005-Q2,0.5,,,,
ABS:LCI(1.0.0),2,10001,P4,50,Q,2005-Q3,1.2,,,,
ABS:LCI(1.0.0),2,10001,P4,50,Q,2005-Q4,0.3,,,,
ABS:LCI(1.0.0),2,10001,P4,50,Q,2006-Q1,1.1,,,,
ABS:LCI(1.0.0),2,10001,P4,50,Q,2006-Q2,1.9,,,,
ABS:LCI(1.0.0),2,10001,P4,50,Q,2006-Q3,1.2,,,,
ABS:LCI(1.0.0),2,10001,P4,50,Q,2006-Q4,-0.2,,,,
ABS:LCI(1.0.0),2,10001,P4,50,Q,2007-Q1,-0.4,,,,
ABS:LCI(1.0.0),2,10001,P4,50,Q,2007-Q2,1.3,,,,
ABS:LCI(1.0.0),2,10001,P4,50,Q,2007-Q3,1,,,,
ABS:LCI(1.0.0),2,10001,P4,50,Q,2007-Q4,0.7,,,,
ABS:LCI(1.0.0),2,10001,P4,50,Q,2008-Q1,1.2,,,,
ABS:LCI(1.0.0),2,10001,P4,50,Q,2008-Q2,1.3,,,,
ABS:LCI(1.0.0),2,10001,P4,50,Q,2008-Q3,1.5,,,,
ABS:LCI(1.0.0),2,10001,P4,50,Q,2008-Q4,-0.5,,,,
ABS:LCI(1.0.0),2,10001,P4,50,Q,2009-Q1,0.5,,,,
ABS:LCI(1.0.0),2,10001,P4,50,Q,2009-Q2,0.5,,,,
ABS:LCI(1.0.0),2,10001,P4,50,Q,2009-Q3,1.1,,,,
ABS:LCI(1.0.0),2,10001,P4,50,Q,2009-Q4,0.6,,,,
ABS:LCI(1.0.0),2,10001,P4,50,Q,2010-Q1,0.7,,,,
ABS:LCI(1.0.0),2,10001,P4,50,Q,2010-Q2,0.5,,,,
ABS:LCI(1.0.0),2,10001,P4,50,Q,2010-Q3,1,,,,
ABS:LCI(1.0.0),2,10001,P4,50,Q,2010-Q4,0.5,,,,
ABS:LCI(1.0.0),2,10001,P4,50,Q,2011-Q1,1.4,,,,
ABS:LCI(1.0.0),2,10001,P4,50,Q,2011-Q2,1,,,,
ABS:LCI(1.0.0),2,10001,P4,50,Q,2011-Q3,0.8,,,,
ABS:LCI(1.0.0),2,10001,P4,50,Q,2011-Q4,0,,,,
ABS:LCI(1.0.0),2,10001,P4,50,Q,2012-Q1,-0.5,,,,
ABS:LCI(1.0.0),2,10001,P4,50,Q,2012-Q2,0.4,,,,
ABS:LCI(1.0.0),2,10001,P4,50,Q,2012-Q3,1.7,,,,
ABS:LCI(1.0.0),2,10001,P4,50,Q,2012-Q4,0.3,,,,
ABS:LCI(1.0.0),2,10001,P4,50,Q,2013-Q1,0,,,,
ABS:LCI(1.0.0),2,10001,P4,50,Q,2013-Q2,0.2,,,,
ABS:LCI(1.0.0),2,10001,P4,50,Q,2013-Q3,1.5,,,,
ABS:LCI(1.0.0),2,10001,P4,50,Q,2013-Q4,0.9,,,,
ABS:LCI(1.0.0),2,10001,P4,50,Q,2014-Q1,0.3,,,,
ABS:LCI(1.0.0),2,10001,P4,50,Q,2014-Q2,0.4,,,,
ABS:LCI(1.0.0),2,10001,P4,50,Q,2014-Q3,0.5,,,,
ABS:LCI(1.0.0),2,10001,P4,50,Q,2014-Q4,0.3,,,,
ABS:LCI(1.0.0),2,10001,P4,50,Q,2015-Q1,0.1,,,,
ABS:LCI(1.0.0),2,10001,P4,50,Q,2015-Q2,0.4,,,,
ABS:LCI(1.0.0),2,10001,P4,50,Q,2015-Q3,0.5,,,,
ABS:LCI(1.0.0),2,10001,P4,50,Q,2015-Q4,0.6,,,,
ABS:LCI(1.0.0),2,10001,P4,50,Q,2016-Q1,-0.4,,,,
ABS:LCI(1.0.0),2,10001,P4,50,Q,2016-Q2,0.4,,,,
ABS:LCI(1.0.0),2,10001,P4,50,Q,2016-Q3,0.8,,,,
ABS:LCI(1.0.0),2,10001,P4,50,Q,2016-Q4,0.5,,,,
ABS:LCI(1.0.0),2,10001,P4,50,Q,2017-Q1,0.2,,,,
ABS:LCI(1.0.0),2,10001,P4,50,Q,2017-Q2,0.1,,,,
ABS:LCI(1.0.0),2,10001,P4,50,Q,2017-Q3,0.7,,,,
ABS:LCI(1.0.0),2,10001,P4,50,Q,2017-Q4,0.6,,,,
ABS:LCI(1.0.0),2,10001,P4,50,Q,2018-Q1,0.4,,,,
ABS:LCI(1.0.0),2,10001,P4,50,Q,2018-Q2,0.4,,,,
ABS:LCI(1.0.0),2,10001,P4,50,Q,2018-Q3,0.9,,,,
ABS:LCI(1.0.0),2,10001,P4,50,Q,2018-Q4,0.5,,,,
ABS:LCI(1.0.0),2,10001,P4,50,Q,2019-Q1,-0.1,,,,
ABS:LCI(1.0.0),2,10001,P4,50,Q,2019-Q2,0.7,,,,
ABS:LCI(1.0.0),2,10001,P4,50,Q,2019-Q3,0.8,,,,
ABS:LCI(1.0.0),2,10001,P4,50,Q,2019-Q4,0.5,,,,
ABS:LCI(1.0.0),2,10001,P4,50,Q,2020-Q1,0.2,,,,
ABS:LCI(1.0.0),2,10001,P4,50,Q,2020-Q2,-0.5,,,,
ABS:LCI(1.0.0),2,10001,P4,50,Q,2020-Q3,0.5,,,,
ABS:LCI(1.0.0),2,10001,P4,50,Q,2020-Q4,0.5,,,,
ABS:LCI(1.0.0),2,10001,P4,50,Q,2021-Q1,0.7,,,,
ABS:LCI(1.0.0),2,10001,P4,50,Q,2021-Q2,0.9,,,,
ABS:LCI(1.0.0),2,10001,P4,50,Q,2021-Q3,0.7,,,,
ABS:LCI(1.0.0),2,10001,P4,50,Q,2021-Q4,1,,,,
ABS:LCI(1.0.0),2,10001,P4,50,Q,2022-Q1,1.8,,,,
ABS:LCI(1.0.0),2,10001,P4,50,Q,2022-Q2,1.5,,,,
ABS:LCI(1.0.0),2,10001,P4,50,Q,2022-Q3,1.9,,,,
ABS:LCI(1.0.0),2,10001,P4,50,Q,2022-Q4,2.2,,,,
ABS:LCI(1.0.0),2,10001,P4,50,Q,2023-Q1,1.3,,,,
ABS:LCI(1.0.0),2,10001,P4,50,Q,2023-Q2,0.7,,,,
ABS:LCI(1.0.0),2,10001,P4,50,Q,2023-Q3,1.4,,,,
ABS:LCI(1.0.0),2,10001,P4,50,Q,2023-Q4,0.5,,,,
ABS:LCI(1.0.0),2,10001,P4,50,Q,2024-Q1,0.7,,,,
ABS:LCI(1.0.0),2,10001,P4,50,Q,2024-Q2,1.2,,,,
ABS:LCI(1.0.0),2,10001,P4,50,Q,2024-Q3,0.3,,,,
ABS:LCI(1.0.0),2,10001,P4,50,Q,2024-Q4,0.3,,,,
ABS:LCI(1.0.0),2,10001,P4,50,Q,2025-Q1,0.6,,,,
ABS:LCI(1.0.0),2,10001,P4,50,Q,2025-Q2,0.6,,,,
ABS:LCI(1.0.0),2,10001,P4,50,Q,2025-Q3,1.4,,,,
ABS:LCI(1.0.0),2,10001,P4,50,Q,2025-Q4,0.7,,,,
ABS:LCI(1.0.0),2,10001,P4,50,Q,2026-Q1,1.1,,,,
ABS:LCI(1.0.0),2,10001,P4,50,Q,2026-Q2,0.6,,,,
ABS:LCI(1.0.0),2,20006,P3,50,Q,2007-Q3,0.7,,,,
ABS:LCI(1.0.0),2,20006,P3,50,Q,2007-Q4,1.2,,,,
ABS:LCI(1.0.0),2,20006,P3,50,Q,2008-Q1,0.9,,,,
ABS:LCI(1.0.0),2,20006,P3,50,Q,2008-Q2,1.8,,,,
ABS:LCI(1.0.0),2,20006,P3,50,Q,2008-Q3,1.6,,,,
ABS:LCI(1.0.0),2,20006,P3,50,Q,2008-Q4,1.5,,,,
ABS:LCI(1.0.0),2,20006,P3,50,Q,2009-Q1,1.4,,,,
ABS:LCI(1.0.0),2,20006,P3,50,Q,2009-Q2,1.1,,,,
ABS:LCI(1.0.0),2,20006,P3,50,Q,2009-Q3,0.5,,,,
ABS:LCI(1.0.0),2,20006,P3,50,Q,2009-Q4,0.2,,,,
ABS:LCI(1.0.0),2,20006,P3,50,Q,2010-Q1,1.6,,,,
ABS:LCI(1.0.0),2,20006,P3,50,Q,2010-Q2,9.4,,,,
ABS:LCI(1.0.0),2,20006,P3,50,Q,2010-Q3,4.6,,,,
ABS:LCI(1.0.0),2,20006,P3,50,Q,2010-Q4,0.9,,,,
ABS:LCI(1.0.0),2,20006,P3,50,Q,2011-Q1,1.5,,,,
ABS:LCI(1.0.0),2,20006,P3,50,Q,2011-Q2,1,,,,
ABS:LCI(1.0.0),2,20006,P3,50,Q,2011-Q3,1.1,,,,
ABS:LCI(1.0.0),2,20006,P3,50,Q,2011-Q4,0.9,,,,
ABS:LCI(1.0.0),2,20006,P3,50,Q,2012-Q1,1.7,,,,
ABS:LCI(1.0.0),2,20006,P3,50,Q,2012-Q2,1.3,,,,
ABS:LCI(1.0.0),2,20006,P3,50,Q,2012-Q3,1,,,,
ABS:LCI(1.0.0),2,20006,P3,50,Q,2012-Q4,0.5,,,,
ABS:LCI(1.0.0),2,20006,P3,50,Q,2013-Q1,2.5,,,,
ABS:LCI(1.0.0),2,20006,P3,50,Q,2013-Q2,2.1,,,,
ABS:LCI(1.0.0),2,20006,P3,50,Q,2013-Q3,1,,,,
ABS:LCI(1.0.0),2,20006,P3,50,Q,2013-Q4,1.9,,,,
ABS:LCI(1.0.0),2,20006,P3,50,Q,2014-Q1,4.5,,,,
ABS:LCI(1.0.0),2,20006,P3,50,Q,2014-Q2,2.2,,,,
ABS:LCI(1.0.0),2,20006,P3,50,Q,2014-Q3,1.6,,,,
ABS:LCI(1.0.0),2,20006,P3,50,Q,2014-Q4,3.1,,,,
ABS:LCI(1.0.0),2,20006,P3,50,Q,2015-Q1,0.8,,,,
ABS:LCI(1.0.0),2,20006,P3,50,Q,2015-Q2,1.8,,,,
ABS:LCI(1.0.0),2,20006,P3,50,Q,2015-Q3,1.7,,,,
ABS:LCI(1.0.0),2,20006,P3,50,Q,2015-Q4,4.9,,,,
ABS:LCI(1.0.0),2,20006,P3,50,Q,2016-Q1,0.9,,,,
ABS:LCI(1.0.0),2,20006,P3,50,Q,2016-Q2,1.6,,,,
ABS:LCI(1.0.0),2,20006,P3,50,Q,2016-Q3,1.7,,,,
ABS:LCI(1.0.0),2,20006,P3,50,Q,2016-Q4,5,,,,
ABS:LCI(1.0.0),2,20006,P3,50,Q,2017-Q1,1,,,,
ABS:LCI(1.0.0),2,20006,P3,50,Q,2017-Q2,0.9,,,,
ABS:LCI(1.0.0),2,20006,P3,50,Q,2017-Q3,3.1,,,,
ABS:LCI(1.0.0),2,20006,P3,50,Q,2017-Q4,5.6,,,,
ABS:LCI(1.0.0),2,20006,P3,50,Q,2018-Q1,0.7,,,,
ABS:LCI(1.0.0),2,20006,P3,50,Q,2018-Q2,2.1,,,,
ABS:LCI(1.0.0),2,20006,P3,50,Q,2018-Q3,1.5,,,,
ABS:LCI(1.0.0),2,20006,P3,50,Q,2018-Q4,6,,,,
ABS:LCI(1.0.0),2,20006,P3,50,Q,2019-Q1,-0.1,,,,
ABS:LCI(1.0.0),2,20006,P3,50,Q,2019-Q2,1.7,,,,
ABS:LCI(1.0.0),2,20006,P3,50,Q,2019-Q3,2.6,,,,
ABS:LCI(1.0.0),2,20006,P3,50,Q,2019-Q4,5.6,,,,
ABS:LCI(1.0.0),2,20006,P3,50,Q,2020-Q1,1.8,,,,
ABS:LCI(1.0.0),2,20006,P3,50,Q,2020-Q2,2.1,,,,
ABS:LCI(1.0.0),2,20006,P3,50,Q,2020-Q3,2.3,,,,
ABS:LCI(1.0.0),2,20006,P3,50,Q,2020-Q4,7.3,,,,
ABS:LCI(1.0.0),2,20006,P3,50,Q,2021-Q1,-0.1,,,,
ABS:LCI(1.0.0),2,20006,P3,50,Q,2021-Q2,0.4,,,,
ABS:LCI(1.0.0),2,20006,P3,50,Q,2021-Q3,-0.7,,,,
ABS:LCI(1.0.0),2,20006,P3,50,Q,2021-Q4,1.5,,,,
ABS:LCI(1.0.0),2,20006,P3,50,Q,2022-Q1,1.1,,,,
ABS:LCI(1.0.0),2,20006,P3,50,Q,2022-Q2,0.9,,,,
ABS:LCI(1.0.0),2,20006,P3,50,Q,2022-Q3,1.2,,,,
ABS:LCI(1.0.0),2,20006,P3,50,Q,2022-Q4,1.4,,,,
ABS:LCI(1.0.0),2,20006,P3,50,Q,2023-Q1,1,,,,
ABS:LCI(1.0.0),2,20006,P3,50,Q,2023-Q2,1.1,,,,
ABS:LCI(1.0.0),2,20006,P3,50,Q,2023-Q3,1.6,,,,
ABS:LCI(1.0.0),2,20006,P3,50,Q,2023-Q4,4.6,,,,
ABS:LCI(1.0.0),2,20006,P3,50,Q,2024-Q1,1,,,,
ABS:LCI(1.0.0),2,20006,P3,50,Q,2024-Q2,2.1,,,,
ABS:LCI(1.0.0),2,20006,P3,50,Q,2024-Q3,1.5,,,,
ABS:LCI(1.0.0),2,20006,P3,50,Q,2024-Q4,3.9,,,,
ABS:LCI(1.0.0),2,20006,P3,50,Q,2025-Q1,1.4,,,,
ABS:LCI(1.0.0),2,20006,P3,50,Q,2025-Q2,1.2,,,,
ABS:LCI(1.0.0),2,20006,P3,50,Q,2025-Q3,2.2,,,,
ABS:LCI(1.0.0),2,20006,P3,50,Q,2025-Q4,2.6,,,,
ABS:LCI(1.0.0),2,20006,P3,50,Q,2026-Q1,1.2,,,,
ABS:LCI(1.0.0),2,20006,P3,50,Q,2026-Q2,1,,,,
ABS:LCI(1.0.0),2,115488,P2,50,Q,2007-Q3,-0.2,,,,
ABS:LCI(1.0.0),2,115488,P2,50,Q,2007-Q4,-0.4,,,,
ABS:LCI(1.0.0),2,115488,P2,50,Q,2008-Q1,0,,,,
ABS:LCI(1.0.0),2,115488,P2,50,Q,2008-Q2,0,,,,
ABS:LCI(1.0.0),2,115488,P2,50,Q,2008-Q3,0,,,,
ABS:LCI(1.0.0),2,115488,P2,50,Q,2008-Q4,0.5,,,,
ABS:LCI(1.0.0),2,115488,P2,50,Q,2009-Q1,0.4,,,,
ABS:LCI(1.0.0),2,115488,P2,50,Q,2009-Q2,0.2,,,,
ABS:LCI(1.0.0),2,115488,P2,50,Q,2009-Q3,0.2,,,,
ABS:LCI(1.0.0),2,115488,P2,50,Q,2009-Q4,-0.1,,,,
ABS:LCI(1.0.0),2,115488,P2,50,Q,2010-Q1,-0.1,,,,
ABS:LCI(1.0.0),2,115488,P2,50,Q,2010-Q2,0,,,,
ABS:LCI(1.0.0),2,115488,P2,50,Q,2010-Q3,0.1,,,,
ABS:LCI(1.0.0),2,115488,P2,50,Q,2010-Q4,0,,,,
ABS:LCI(1.0.0),2,115488,P2,50,Q,2011-Q1,0.2,,,,
ABS:LCI(1.0.0),2,115488,P2,50,Q,2011-Q2,0.5,,,,
ABS:LCI(1.0.0),2,115488,P2,50,Q,2011-Q3,0.1,,,,
ABS:LCI(1.0.0),2,115488,P2,50,Q,2011-Q4,1,,,,
ABS:LCI(1.0.0),2,115488,P2,50,Q,2012-Q1,0.1,,,,
ABS:LCI(1.0.0),2,115488,P2,50,Q,2012-Q2,-0.1,,,,
ABS:LCI(1.0.0),2,115488,P2,50,Q,2012-Q3,0.5,,,,
ABS:LCI(1.0.0),2,115488,P2,50,Q,2012-Q4,1.2,,,,
ABS:LCI(1.0.0),2,115488,P2,50,Q,2013-Q1,0,,,,
ABS:LCI(1.0.0),2,115488,P2,50,Q,2013-Q2,0.5,,,,
ABS:LCI(1.0.0),2,115488,P2,50,Q,2013-Q3,0.1,,,,
ABS:LCI(1.0.0),2,115488,P2,50,Q,2013-Q4,1.1,,,,
ABS:LCI(1.0.0),2,115488,P2,50,Q,2014-Q1,0.6,,,,
ABS:LCI(1.0.0),2,115488,P2,50,Q,2014-Q2,-1.7,,,,
ABS:LCI(1.0.0),2,115488,P2,50,Q,2014-Q3,-1.3,,,,
ABS:LCI(1.0.0),2,115488,P2,50,Q,2014-Q4,0,,,,
ABS:LCI(1.0.0),2,115488,P2,50,Q,2015-Q1,-1.3,,,,
ABS:LCI(1.0.0),2,115488,P2,50,Q,2015-Q2,-0.5,,,,
ABS:LCI(1.0.0),2,115488,P2,50,Q,2015-Q3,-1.8,,,,
ABS:LCI(1.0.0),2,115488,P2,50,Q,2015-Q4,-2.4,,,,
ABS:LCI(1.0.0),2,115488,P2,50,Q,2016-Q1,-1.4,,,,
ABS:LCI(1.0.0),2,115488,P2,50,Q,2016-Q2,-1.3,,,,
ABS:LCI(1.0.0),2,115488,P2,50,Q,2016-Q3,-2.1,,,,
ABS:LCI(1.0.0),2,115488,P2,50,Q,2016-Q4,-0.6,,,,
ABS:LCI(1.0.0),2,115488,P2,50,Q,2017-Q1,-0.2,,,,
ABS:LCI(1.0.0),2,115488,P2,50,Q,2017-Q2,-0.4,,,,
ABS:LCI(1.0.0),2,115488,P2,50,Q,2017-Q3,-1.3,,,,
ABS:LCI(1.0.0),2,115488,P2,50,Q,2017-Q4,-1.2,,,,
ABS:LCI(1.0.0),2,115488,P2,50,Q,2018-Q1,-0.3,,,,
ABS:LCI(1.0.0),2,115488,P2,50,Q,2018-Q2,-1.1,,,,
ABS:LCI(1.0.0),2,115488,P2,50,Q,2018-Q3,-1.3,,,,
ABS:LCI(1.0.0),2,115488,P2,50,Q,2018-Q4,-1.3,,,,
ABS:LCI(1.0.0),2,115488,P2,50,Q,2019-Q1,-0.5,,,,
ABS:LCI(1.0.0),2,115488,P2,50,Q,2019-Q2,-1.1,,,,
ABS:LCI(1.0.0),2,115488,P2,50,Q,2019-Q3,-1.1,,,,
ABS:LCI(1.0.0),2,115488,P2,50,Q,2019-Q4,-1,,,,
ABS:LCI(1.0.0),2,115488,P2,50,Q,2020-Q1,-0.2,,,,
ABS:LCI(1.0.0),2,115488,P2,50,Q,2020-Q2,-1.3,,,,
ABS:LCI(1.0.0),2,115488,P2,50,Q,2020-Q3,-0.8,,,,
ABS:LCI(1.0.0),2,115488,P2,50,Q,2020-Q4,-0.3,,,,
ABS:LCI(1.0.0),2,115488,P2,50,Q,2021-Q1,0.5,,,,
ABS:LCI(1.0.0),2,115488,P2,50,Q,2021-Q2,-0.4,,,,
ABS:LCI(1.0.0),2,115488,P2,50,Q,2021-Q3,-0.6,,,,
ABS:LCI(1.0.0),2,115488,P2,50,Q,2021-Q4,0.2,,,,
ABS:LCI(1.0.0),2,115488,P2,50,Q,2022-Q1,0.5,,,,
ABS:LCI(1.0.0),2,115488,P2,50,Q,2022-Q2,0.1,,,,
ABS:LCI(1.0.0),2,115488,P2,50,Q,2022-Q3,1.5,,,,
ABS:LCI(1.0.0),2,115488,P2,50,Q,2022-Q4,-0.4,,,,
ABS:LCI(1.0.0),2,115488,P2,50,Q,2023-Q1,0.2,,,,
ABS:LCI(1.0.0),2,115488,P2,50,Q,2023-Q2,-0.3,,,,
ABS:LCI(1.0.0),2,115488,P2,50,Q,2023-Q3,2.5,,,,
ABS:LCI(1.0.0),2,115488,P2,50,Q,2023-Q4,0.4,,,,
ABS:LCI(1.0.0),2,115488,P2,50,Q,2024-Q1,-0.2,,,,
ABS:LCI(1.0.0),2,115488,P2,50,Q,2024-Q2,-0.8,,,,
ABS:LCI(1.0.0),2,115488,P2,50,Q,2024-Q3,0.6,,,,
ABS:LCI(1.0.0),2,115488,P2,50,Q,2024-Q4,0.4,,,,
ABS:LCI(1.0.0),2,115488,P2,50,Q,2025-Q1,-0.2,,,,
ABS:LCI(1.0.0),2,115488,P2,50,Q,2025-Q2,0.3,,,,
ABS:LCI(1.0.0),2,115488,P2,50,Q,2025-Q3,1.4,,,,
ABS:LCI(1.0.0),2,115488,P2,50,Q,2025-Q4,0.1,,,,
ABS:LCI(1.0.0),2,115488,P2,50,Q,2026-Q1,0.1,,,,
ABS:LCI(1.0.0),2,115488,P2,50,Q,2026-Q2,1,,,,
ABS:LCI(1.0.0),2,115528,P2,50,Q,2003-Q2,0.2,,,,
ABS:LCI(1.0.0),2,115528,P2,50,Q,2003-Q3,0.5,,,,
ABS:LCI(1.0.0),2,115528,P2,50,Q,2003-Q4,0.4,,,,
ABS:LCI(1.0.0),2,115528,P2,50,Q,2004-Q1,1.1,,,,
ABS:LCI(1.0.0),2,115528,P2,50,Q,2004-Q2,-0.1,,,,
ABS:LCI(1.0.0),2,115528,P2,50,Q,2004-Q3,1.1,,,,
ABS:LCI(1.0.0),2,115528,P2,50,Q,2004-Q4,0.4,,,,
ABS:LCI(1.0.0),2,115528,P2,50,Q,2005-Q1,0.8,,,,
ABS:LCI(1.0.0),2,115528,P2,50,Q,2005-Q2,1.1,,,,
ABS:LCI(1.0.0),2,115528,P2,50,Q,2005-Q3,0.6,,,,
ABS:LCI(1.0.0),2,115528,P2,50,Q,2005-Q4,1.1,,,,
ABS:LCI(1.0.0),2,115528,P2,50,Q,2006-Q1,0.7,,,,
ABS:LCI(1.0.0),2,115528,P2,50,Q,2006-Q2,0.4,,,,
ABS:LCI(1.0.0),2,115528,P2,50,Q,2006-Q3,2.8,,,,
ABS:LCI(1.0.0),2,115528,P2,50,Q,2006-Q4,-0.3,,,,
ABS:LCI(1.0.0),2,115528,P2,50,Q,2007-Q1,-0.3,,,,
ABS:LCI(1.0.0),2,115528,P2,50,Q,2007-Q2,0.2,,,,
ABS:LCI(1.0.0),2,115528,P2,50,Q,2007-Q3,1.1,,,,
ABS:LCI(1.0.0),2,115528,P2,50,Q,2007-Q4,1.9,,,,
ABS:LCI(1.0.0),2,115528,P2,50,Q,2008-Q1,2.2,,,,
ABS:LCI(1.0.0),2,115528,P2,50,Q,2008-Q2,2.6,,,,
ABS:LCI(1.0.0),2,115528,P2,50,Q,2008-Q3,3.2,,,,
ABS:LCI(1.0.0),2,115528,P2,50,Q,2008-Q4,1,,,,
ABS:LCI(1.0.0),2,115528,P2,50,Q,2009-Q1,3.1,,,,
ABS:LCI(1.0.0),2,115528,P2,50,Q,2009-Q2,0.6,,,,
ABS:LCI(1.0.0),2,115528,P2,50,Q,2009-Q3,2.9,,,,
ABS:LCI(1.0.0),2,115528,P2,50,Q,2009-Q4,1,,,,
ABS:LCI(1.0.0),2,115528,P2,50,Q,2010-Q1,2.1,,,,
ABS:LCI(1.0.0),2,115528,P2,50,Q,2010-Q2,0.7,,,,
ABS:LCI(1.0.0),2,115528,P2,50,Q,2010-Q3,2.4,,,,
ABS:LCI(1.0.0),2,115528,P2,50,Q,2010-Q4,0.6,,,,
ABS:LCI(1.0.0),2,115528,P2,50,Q,2011-Q1,2,,,,
ABS:LCI(1.0.0),2,115528,P2,50,Q,2011-Q2,1.5,,,,
ABS:LCI(1.0.0),2,115528,P2,50,Q,2011-Q3,0.1,,,,
ABS:LCI(1.0.0),2,115528,P2,50,Q,2011-Q4,0.9,,,,
ABS:LCI(1.0.0),2,115528,P2,50,Q,2012-Q1,0.4,,,,
ABS:LCI(1.0.0),2,115528,P2,50,Q,2012-Q2,0.9,,,,
ABS:LCI(1.0.0),2,115528,P2,50,Q,2012-Q3,1.9,,,,
ABS:LCI(1.0.0),2,115528,P2,50,Q,2012-Q4,1.9,,,,
ABS:LCI(1.0.0),2,115528,P2,50,Q,2013-Q1,2.3,,,,
ABS:LCI(1.0.0),2,115528,P2,50,Q,2013-Q2,0,,,,
ABS:LCI(1.0.0),2,115528,P2,50,Q,2013-Q3,-1,,,,
ABS:LCI(1.0.0),2,115528,P2,50,Q,2013-Q4,0.1,,,,
ABS:LCI(1.0.0),2,115528,P2,50,Q,2014-Q1,0.3,,,,
ABS:LCI(1.0.0),2,115528,P2,50,Q,2014-Q2,-0.1,,,,
ABS:LCI(1.0.0),2,115528,P2,50,Q,2014-Q3,0.2,,,,
ABS:LCI(1.0.0),2,115528,P2,50,Q,2014-Q4,1.4,,,,
ABS:LCI(1.0.0),2,115528,P2,50,Q,2015-Q1,0,,,,
ABS:LCI(1.0.0),2,115528,P2,50,Q,2015-Q2,-0.2,,,,
ABS:LCI(1.0.0),2,115528,P2,50,Q,2015-Q3,1,,,,
ABS:LCI(1.0.0),2,115528,P2,50,Q,2015-Q4,1.6,,,,
ABS:LCI(1.0.0),2,115528,P2,50,Q,2016-Q1,1.5,,,,
ABS:LCI(1.0.0),2,115528,P2,50,Q,2016-Q2,1.2,,,,
ABS:LCI(1.0.0),2,115528,P2,50,Q,2016-Q3,2.8,,,,
ABS:LCI(1.0.0),2,115528,P2,50,Q,2016-Q4,1.2,,,,
ABS:LCI(1.0.0),2,115528,P2,50,Q,2017-Q1,1.6,,,,
ABS:LCI(1.0.0),2,115528,P2,50,Q,2017-Q2,-0.7,,,,
ABS:LCI(1.0.0),2,115528,P2,50,Q,2017-Q3,1.3,,,,
ABS:LCI(1.0.0),2,115528,P2,50,Q,2017-Q4,1.6,,,,
ABS:LCI(1.0.0),2,115528,P2,50,Q,2018-Q1,0.6,,,,
ABS:LCI(1.0.0),2,115528,P2,50,Q,2018-Q2,0.8,,,,
ABS:LCI(1.0.0),2,115528,P2,50,Q,2018-Q3,0.7,,,,
ABS:LCI(1.0.0),2,115528,P2,50,Q,2018-Q4,0.6,,,,
ABS:LCI(1.0.0),2,115528,P2,50,Q,2019-Q1,-0.3,,,,
ABS:LCI(1.0.0),2,115528,P2,50,Q,2019-Q2,0.1,,,,
ABS:LCI(1.0.0),2,115528,P2,50,Q,2019-Q3,0.3,,,,
ABS:LCI(1.0.0),2,115528,P2,50,Q,2019-Q4,0.4,,,,
ABS:LCI(1.0.0),2,115528,P2,50,Q,2020-Q1,0.7,,,,
ABS:LCI(1.0.0),2,115528,P2,50,Q,2020-Q2,0.7,,,,
ABS:LCI(1.0.0),2,115528,P2,50,Q,2020-Q3,0.3,,,,
ABS:LCI(1.0.0),2,115528,P2,50,Q,2020-Q4,0.7,,,,
ABS:LCI(1.0.0),2,115528,P2,50,Q,2021-Q1,-0.2,,,,
ABS:LCI(1.0.0),2,115528,P2,50,Q,2021-Q2,1.5,,,,
ABS:LCI(1.0.0),2,115528,P2,50,Q,2021-Q3,1.2,,,,
ABS:LCI(1.0.0),2,115528,P2,50,Q,2021-Q4,0.9,,,,
ABS:LCI(1.0.0),2,115528,P2,50,Q,2022-Q1,1.1,,,,
ABS:LCI(1.0.0),2,115528,P2,50,Q,2022-Q2,0.3,,,,
ABS:LCI(1.0.0),2,115528,P2,50,Q,2022-Q3,2.2,,,,
ABS:LCI(1.0.0),2,115528,P2,50,Q,2022-Q4,2,,,,
ABS:LCI(1.0.0),2,115528,P2,50,Q,2023-Q1,4,,,,
ABS:LCI(1.0.0),2,115528,P2,50,Q,2023-Q2,5.1,,,,
ABS:LCI(1.0.0),2,115528,P2,50,Q,2023-Q3,2.9,,,,
ABS:LCI(1.0.0),2,115528,P2,50,Q,2023-Q4,4.1,,,,
ABS:LCI(1.0.0),2,115528,P2,50,Q,2024-Q1,3.8,,,,
ABS:LCI(1.0.0),2,115528,P2,50,Q,2024-Q2,3.2,,,,
ABS:LCI(1.0.0),2,115528,P2,50,Q,2024-Q3,2.7,,,,
ABS:LCI(1.0.0),2,115528,P2,50,Q,2024-Q4,1,,,,
ABS:LCI(1.0.0),2,115528,P2,50,Q,2025-Q1,0.3,,,,
ABS:LCI(1.0.0),2,115528,P2,50,Q,2025-Q2,-0.6,,,,
ABS:LCI(1.0.0),2,115528,P2,50,Q,2025-Q3,1.4,,,,
ABS:LCI(1.0.0),2,115528,P2,50,Q,2025-Q4,0.9,,,,
ABS:LCI(1.0.0),2,115528,P2,50,Q,2026-Q1,2,,,,
ABS:LCI(1.0.0),2,115528,P2,50,Q,2026-Q2,1.4,,,,
ABS:LCI(1.0.0),3,10001,P2,50,Q,1999-Q2,1.2,,,,
ABS:LCI(1.0.0),3,10001,P2,50,Q,1999-Q3,1.5,,,,
ABS:LCI(1.0.0),3,10001,P2,50,Q,1999-Q4,1.5,,,,
ABS:LCI(1.0.0),3,10001,P2,50,Q,2000-Q1,2.6,,,,
ABS:LCI(1.0.0),3,10001,P2,50,Q,2000-Q2,2.9,,,,
ABS:LCI(1.0.0),3,10001,P2,50,Q,2000-Q3,5.7,,,,
ABS:LCI(1.0.0),3,10001,P2,50,Q,2000-Q4,5.7,,,,
ABS:LCI(1.0.0),3,10001,P2,50,Q,2001-Q1,6.1,,,,
ABS:LCI(1.0.0),3,10001,P2,50,Q,2001-Q2,6.1,,,,
ABS:LCI(1.0.0),3,10001,P2,50,Q,2001-Q3,2.9,,,,
ABS:LCI(1.0.0),3,10001,P2,50,Q,2001-Q4,3.8,,,,
ABS:LCI(1.0.0),3,10001,P2,50,Q,2002-Q1,3.5,,,,
ABS:LCI(1.0.0),3,10001,P2,50,Q,2002-Q2,3.2,,,,
ABS:LCI(1.0.0),3,10001,P2,50,Q,2002-Q3,3.5,,,,
ABS:LCI(1.0.0),3,10001,P2,50,Q,2002-Q4,3,,,,
ABS:LCI(1.0.0),3,10001,P2,50,Q,2003-Q1,3.6,,,,
ABS:LCI(1.0.0),3,10001,P2,50,Q,2003-Q2,2.8,,,,
ABS:LCI(1.0.0),3,10001,P2,50,Q,2003-Q3,2.5,,,,
ABS:LCI(1.0.0),3,10001,P2,50,Q,2003-Q4,2.4,,,,
ABS:LCI(1.0.0),3,10001,P2,50,Q,2004-Q1,1.9,,,,
ABS:LCI(1.0.0),3,10001,P2,50,Q,2004-Q2,2.3,,,,
ABS:LCI(1.0.0),3,10001,P2,50,Q,2004-Q3,2.2,,,,
ABS:LCI(1.0.0),3,10001,P2,50,Q,2004-Q4,2.4,,,,
ABS:LCI(1.0.0),3,10001,P2,50,Q,2005-Q1,2.2,,,,
ABS:LCI(1.0.0),3,10001,P2,50,Q,2005-Q2,2.5,,,,
ABS:LCI(1.0.0),3,10001,P2,50,Q,2005-Q3,3.3,,,,
ABS:LCI(1.0.0),3,10001,P2,50,Q,2005-Q4,3.1,,,,
ABS:LCI(1.0.0),3,10001,P2,50,Q,2006-Q1,3.4,,,,
ABS:LCI(1.0.0),3,10001,P2,50,Q,2006-Q2,5,,,,
ABS:LCI(1.0.0),3,10001,P2,50,Q,2006-Q3,5.4,,,,
ABS:LCI(1.0.0),3,10001,P2,50,Q,2006-Q4,4.6,,,,
ABS:LCI(1.0.0),3,10001,P2,50,Q,2007-Q1,3.1,,,,
ABS:LCI(1.0.0),3,10001,P2,50,Q,2007-Q2,2.2,,,,
ABS:LCI(1.0.0),3,10001,P2,50,Q,2007-Q3,1.8,,,,
ABS:LCI(1.0.0),3,10001,P2,50,Q,2007-Q4,2.5,,,,
ABS:LCI(1.0.0),3,10001,P2,50,Q,2008-Q1,4.4,,,,
ABS:LCI(1.0.0),3,10001,P2,50,Q,2008-Q2,4.3,,,,
ABS:LCI(1.0.0),3,10001,P2,50,Q,2008-Q3,4.7,,,,
ABS:LCI(1.0.0),3,10001,P2,50,Q,2008-Q4,4,,,,
ABS:LCI(1.0.0),3,10001,P2,50,Q,2009-Q1,3.6,,,,
ABS:LCI(1.0.0),3,10001,P2,50,Q,2009-Q2,2.8,,,,
ABS:LCI(1.0.0),3,10001,P2,50,Q,2009-Q3,2.4,,,,
ABS:LCI(1.0.0),3,10001,P2,50,Q,2009-Q4,3.1,,,,
ABS:LCI(1.0.0),3,10001,P2,50,Q,2010-Q1,3.1,,,,
ABS:LCI(1.0.0),3,10001,P2,50,Q,2010-Q2,3.2,,,,
ABS:LCI(1.0.0),3,10001,P2,50,Q,2010-Q3,3.1,,,,
ABS:LCI(1.0.0),3,10001,P2,50,Q,2010-Q4,3.2,,,,
ABS:LCI(1.0.0),3,10001,P2,50,Q,2011-Q1,4,,,,
ABS:LCI(1.0.0),3,10001,P2,50,Q,2011-Q2,4.4,,,,
ABS:LCI(1.0.0),3,10001,P2,50,Q,2011-Q3,4.2,,,,
ABS:LCI(1.0.0),3,10001,P2,50,Q,2011-Q4,3.1,,,,
ABS:LCI(1.0.0),3,10001,P2,50,Q,2012-Q1,1.1,,,,
ABS:LCI(1.0.0),3,10001,P2,50,Q,2012-Q2,0.7,,,,
ABS:LCI(1.0.0),3,10001,P2,50,Q,2012-Q3,2,,,,
ABS:LCI(1.0.0),3,10001,P2,50,Q,2012-Q4,2.4,,,,
ABS:LCI(1.0.0),3,10001,P2,50,Q,2013-Q1,2.8,,,,
ABS:LCI(1.0.0),3,10001,P2,50,Q,2013-Q2,2.6,,,,
ABS:LCI(1.0.0),3,10001,P2,50,Q,2013-Q3,2,,,,
ABS:LCI(1.0.0),3,10001,P2,50,Q,2013-Q4,2.5,,,,
ABS:LCI(1.0.0),3,10001,P2,50,Q,2014-Q1,3,,,,
ABS:LCI(1.0.0),3,10001,P2,50,Q,2014-Q2,3.1,,,,
ABS:LCI(1.0.0),3,10001,P2,50,Q,2014-Q3,2,,,,
ABS:LCI(1.0.0),3,10001,P2,50,Q,2014-Q4,1.2,,,,
ABS:LCI(1.0.0),3,10001,P2,50,Q,2015-Q1,0.8,,,,
ABS:LCI(1.0.0),3,10001,P2,50,Q,2015-Q2,0.9,,,,
ABS:LCI(1.0.0),3,10001,P2,50,Q,2015-Q3,0.9,,,,
ABS:LCI(1.0.0),3,10001,P2,50,Q,2015-Q4,1.2,,,,
ABS:LCI(1.0.0),3,10001,P2,50,Q,2016-Q1,0.8,,,,
ABS:LCI(1.0.0),3,10001,P2,50,Q,2016-Q2,0.7,,,,
ABS:LCI(1.0.0),3,10001,P2,50,Q,2016-Q3,1.5,,,,
ABS:LCI(1.0.0),3,10001,P2,50,Q,2016-Q4,1.6,,,,
ABS:LCI(1.0.0),3,10001,P2,50,Q,2017-Q1,2.4,,,,
ABS:LCI(1.0.0),3,10001,P2,50,Q,2017-Q2,2,,,,
ABS:LCI(1.0.0),3,10001,P2,50,Q,2017-Q3,1.7,,,,
ABS:LCI(1.0.0),3,10001,P2,50,Q,2017-Q4,2.1,,,,
ABS:LCI(1.0.0),3,10001,P2,50,Q,2018-Q1,2.1,,,,
ABS:LCI(1.0.0),3,10001,P2,50,Q,2018-Q2,2.2,,,,
ABS:LCI(1.0.0),3,10001,P2,50,Q,2018-Q3,2.2,,,,
ABS:LCI(1.0.0),3,10001,P2,50,Q,2018-Q4,2,,,,
ABS:LCI(1.0.0),3,10001,P2,50,Q,2019-Q1,1.5,,,,
ABS:LCI(1.0.0),3,10001,P2,50,Q,2019-Q2,1.8,,,,
ABS:LCI(1.0.0),3,10001,P2,50,Q,2019-Q3,1.7,,,,
ABS:LCI(1.0.0),3,10001,P2,50,Q,2019-Q4,1.8,,,,
ABS:LCI(1.0.0),3,10001,P2,50,Q,2020-Q1,2.4,,,,
ABS:LCI(1.0.0),3,10001,P2,50,Q,2020-Q2,1,,,,
ABS:LCI(1.0.0),3,10001,P2,50,Q,2020-Q3,0.9,,,,
ABS:LCI(1.0.0),3,10001,P2,50,Q,2020-Q4,0.4,,,,
ABS:LCI(1.0.0),3,10001,P2,50,Q,2021-Q1,0.5,,,,
ABS:LCI(1.0.0),3,10001,P2,50,Q,2021-Q2,2.3,,,,
ABS:LCI(1.0.0),3,10001,P2,50,Q,2021-Q3,2.6,,,,
ABS:LCI(1.0.0),3,10001,P2,50,Q,2021-Q4,3.4,,,,
ABS:LCI(1.0.0),3,10001,P2,50,Q,2022-Q1,4.9,,,,
ABS:LCI(1.0.0),3,10001,P2,50,Q,2022-Q2,5.2,,,,
ABS:LCI(1.0.0),3,10001,P2,50,Q,2022-Q3,6.4,,,,
ABS:LCI(1.0.0),3,10001,P2,50,Q,2022-Q4,7.4,,,,
ABS:LCI(1.0.0),3,10001,P2,50,Q,2023-Q1,7.2,,,,
ABS:LCI(1.0.0),3,10001,P2,50,Q,2023-Q2,6.7,,,,
ABS:LCI(1.0.0),3,10001,P2,50,Q,2023-Q3,5.3,,,,
ABS:LCI(1.0.0),3,10001,P2,50,Q,2023-Q4,4.4,,,,
ABS:LCI(1.0.0),3,10001,P2,50,Q,2024-Q1,3.3,,,,
ABS:LCI(1.0.0),3,10001,P2,50,Q,2024-Q2,3.7,,,,
ABS:LCI(1.0.0),3,10001,P2,50,Q,2024-Q3,3.5,,,,
ABS:LCI(1.0.0),3,10001,P2,50,Q,2024-Q4,2.5,,,,
ABS:LCI(1.0.0),3,10001,P2,50,Q,2025-Q1,3,,,,
ABS:LCI(1.0.0),3,10001,P2,50,Q,2025-Q2,2.7,,,,
ABS:LCI(1.0.0),3,10001,P2,50,Q,2025-Q3,3.9,,,,
ABS:LCI(1.0.0),3,10001,P2,50,Q,2025-Q4,4.2,,,,
ABS:LCI(1.0.0),3,10001,P2,50,Q,2026-Q1,5.2,,,,
ABS:LCI(1.0.0),3,10001,P2,50,Q,2026-Q2,4.7,,,,
ABS:LCI(1.0.0),3,20006,P4,50,Q,2008-Q2,4.7,,,,
ABS:LCI(1.0.0),3,20006,P4,50,Q,2008-Q3,5.8,,,,
ABS:LCI(1.0.0),3,20006,P4,50,Q,2008-Q4,5.8,,,,
ABS:LCI(1.0.0),3,20006,P4,50,Q,2009-Q1,5.6,,,,
ABS:LCI(1.0.0),3,20006,P4,50,Q,2009-Q2,4.4,,,,
ABS:LCI(1.0.0),3,20006,P4,50,Q,2009-Q3,3.8,,,,
ABS:LCI(1.0.0),3,20006,P4,50,Q,2009-Q4,3.1,,,,
ABS:LCI(1.0.0),3,20006,P4,50,Q,2010-Q1,3.3,,,,
ABS:LCI(1.0.0),3,20006,P4,50,Q,2010-Q2,7.7,,,,
ABS:LCI(1.0.0),3,20006,P4,50,Q,2010-Q3,9.8,,,,
ABS:LCI(1.0.0),3,20006,P4,50,Q,2010-Q4,9.9,,,,
ABS:LCI(1.0.0),3,20006,P4,50,Q,2011-Q1,9.9,,,,
ABS:LCI(1.0.0),3,20006,P4,50,Q,2011-Q2,5.1,,,,
ABS:LCI(1.0.0),3,20006,P4,50,Q,2011-Q3,2.8,,,,
ABS:LCI(1.0.0),3,20006,P4,50,Q,2011-Q4,2.8,,,,
ABS:LCI(1.0.0),3,20006,P4,50,Q,2012-Q1,3.1,,,,
ABS:LCI(1.0.0),3,20006,P4,50,Q,2012-Q2,3.6,,,,
ABS:LCI(1.0.0),3,20006,P4,50,Q,2012-Q3,3.9,,,,
ABS:LCI(1.0.0),3,20006,P4,50,Q,2012-Q4,3.4,,,,
ABS:LCI(1.0.0),3,20006,P4,50,Q,2013-Q1,3.8,,,,
ABS:LCI(1.0.0),3,20006,P4,50,Q,2013-Q2,4.1,,,,
ABS:LCI(1.0.0),3,20006,P4,50,Q,2013-Q3,4.1,,,,
ABS:LCI(1.0.0),3,20006,P4,50,Q,2013-Q4,5.5,,,,
ABS:LCI(1.0.0),3,20006,P4,50,Q,2014-Q1,6.7,,,,
ABS:LCI(1.0.0),3,20006,P4,50,Q,2014-Q2,6.9,,,,
ABS:LCI(1.0.0),3,20006,P4,50,Q,2014-Q3,7,,,,
ABS:LCI(1.0.0),3,20006,P4,50,Q,2014-Q4,7,,,,
ABS:LCI(1.0.0),3,20006,P4,50,Q,2015-Q1,4.6,,,,
ABS:LCI(1.0.0),3,20006,P4,50,Q,2015-Q2,4.4,,,,
ABS:LCI(1.0.0),3,20006,P4,50,Q,2015-Q3,4.5,,,,
ABS:LCI(1.0.0),3,20006,P4,50,Q,2015-Q4,5.4,,,,
ABS:LCI(1.0.0),3,20006,P4,50,Q,2016-Q1,5.5,,,,
ABS:LCI(1.0.0),3,20006,P4,50,Q,2016-Q2,5.2,,,,
ABS:LCI(1.0.0),3,20006,P4,50,Q,2016-Q3,5.2,,,,
ABS:LCI(1.0.0),3,20006,P4,50,Q,2016-Q4,5.5,,,,
ABS:LCI(1.0.0),3,20006,P4,50,Q,2017-Q1,5.9,,,,
ABS:LCI(1.0.0),3,20006,P4,50,Q,2017-Q2,5.6,,,,
ABS:LCI(1.0.0),3,20006,P4,50,Q,2017-Q3,6.7,,,,
ABS:LCI(1.0.0),3,20006,P4,50,Q,2017-Q4,5.9,,,,
ABS:LCI(1.0.0),3,20006,P4,50,Q,2018-Q1,5.3,,,,
ABS:LCI(1.0.0),3,20006,P4,50,Q,2018-Q2,6,,,,
ABS:LCI(1.0.0),3,20006,P4,50,Q,2018-Q3,5.1,,,,
ABS:LCI(1.0.0),3,20006,P4,50,Q,2018-Q4,4.7,,,,
ABS:LCI(1.0.0),3,20006,P4,50,Q,2019-Q1,4.6,,,,
ABS:LCI(1.0.0),3,20006,P4,50,Q,2019-Q2,3.9,,,,
ABS:LCI(1.0.0),3,20006,P4,50,Q,2019-Q3,4.5,,,,
ABS:LCI(1.0.0),3,20006,P4,50,Q,2019-Q4,4.5,,,,
ABS:LCI(1.0.0),3,20006,P4,50,Q,2020-Q1,5.6,,,,
ABS:LCI(1.0.0),3,20006,P4,50,Q,2020-Q2,6.3,,,,
ABS:LCI(1.0.0),3,20006,P4,50,Q,2020-Q3,5.8,,,,
ABS:LCI(1.0.0),3,20006,P4,50,Q,2020-Q4,6.8,,,,
ABS:LCI(1.0.0),3,20006,P4,50,Q,2021-Q1,5.9,,,,
ABS:LCI(1.0.0),3,20006,P4,50,Q,2021-Q2,4.8,,,,
ABS:LCI(1.0.0),3,20006,P4,50,Q,2021-Q3,2.9,,,,
ABS:LCI(1.0.0),3,20006,P4,50,Q,2021-Q4,0.8,,,,
ABS:LCI(1.0.0),3,20006,P4,50,Q,2022-Q1,1.4,,,,
ABS:LCI(1.0.0),3,20006,P4,50,Q,2022-Q2,1.9,,,,
ABS:LCI(1.0.0),3,20006,P4,50,Q,2022-Q3,3.4,,,,
ABS:LCI(1.0.0),3,20006,P4,50,Q,2022-Q4,3.8,,,,
ABS:LCI(1.0.0),3,20006,P4,50,Q,2023-Q1,3.8,,,,
ABS:LCI(1.0.0),3,20006,P4,50,Q,2023-Q2,3.9,,,,
ABS:LCI(1.0.0),3,20006,P4,50,Q,2023-Q3,4.1,,,,
ABS:LCI(1.0.0),3,20006,P4,50,Q,2023-Q4,5.1,,,,
ABS:LCI(1.0.0),3,20006,P4,50,Q,2024-Q1,4.7,,,,
ABS:LCI(1.0.0),3,20006,P4,50,Q,2024-Q2,5.2,,,,
ABS:LCI(1.0.0),3,20006,P4,50,Q,2024-Q3,5.4,,,,
ABS:LCI(1.0.0),3,20006,P4,50,Q,2024-Q4,5,,,,
ABS:LCI(1.0.0),3,20006,P4,50,Q,2025-Q1,5.4,,,,
ABS:LCI(1.0.0),3,20006,P4,50,Q,2025-Q2,4.4,,,,
ABS:LCI(1.0.0),3,20006,P4,50,Q,2025-Q3,4.5,,,,
ABS:LCI(1.0.0),3,20006,P4,50,Q,2025-Q4,2.8,,,,
ABS:LCI(1.0.0),3,20006,P4,50,Q,2026-Q1,3.3,,,,
ABS:LCI(1.0.0),3,20006,P4,50,Q,2026-Q2,3.2,,,,
ABS:LCI(1.0.0),3,20002,P2,50,Q,2008-Q2,1.3,,,,
ABS:LCI(1.0.0),3,20002,P2,50,Q,2008-Q3,-0.2,,,,
ABS:LCI(1.0.0),3,20002,P2,50,Q,2008-Q4,0,,,,
ABS:LCI(1.0.0),3,20002,P2,50,Q,2009-Q1,1.9,,,,
ABS:LCI(1.0.0),3,20002,P2,50,Q,2009-Q2,0.8,,,,
ABS:LCI(1.0.0),3,20002,P2,50,Q,2009-Q3,2.1,,,,
ABS:LCI(1.0.0),3,20002,P2,50,Q,2009-Q4,1.9,,,,
ABS:LCI(1.0.0),3,20002,P2,50,Q,2010-Q1,-1.7,,,,
ABS:LCI(1.0.0),3,20002,P2,50,Q,2010-Q2,-3.7,,,,
ABS:LCI(1.0.0),3,20002,P2,50,Q,2010-Q3,-2.9,,,,
ABS:LCI(1.0.0),3,20002,P2,50,Q,2010-Q4,-4.4,,,,
ABS:LCI(1.0.0),3,20002,P2,50,Q,2011-Q1,-1.8,,,,
ABS:LCI(1.0.0),3,20002,P2,50,Q,2011-Q2,0.5,,,,
ABS:LCI(1.0.0),3,20002,P2,50,Q,2011-Q3,0.6,,,,
ABS:LCI(1.0.0),3,20002,P2,50,Q,2011-Q4,2,,,,
ABS:LCI(1.0.0),3,20002,P2,50,Q,2012-Q1,1,,,,
ABS:LCI(1.0.0),3,20002,P2,50,Q,2012-Q2,0.5,,,,
ABS:LCI(1.0.0),3,20002,P2,50,Q,2012-Q3,-0.8,,,,
ABS:LCI(1.0.0),3,20002,P2,50,Q,2012-Q4,-0.3,,,,
ABS:LCI(1.0.0),3,20002,P2,50,Q,2013-Q1,-1.7,,,,
ABS:LCI(1.0.0),3,20002,P2,50,Q,2013-Q2,-0.4,,,,
ABS:LCI(1.0.0),3,20002,P2,50,Q,2013-Q3,0.4,,,,
ABS:LCI(1.0.0),3,20002,P2,50,Q,2013-Q4,-1.1,,,,
ABS:LCI(1.0.0),3,20002,P2,50,Q,2014-Q1,0.1,,,,
ABS:LCI(1.0.0),3,20002,P2,50,Q,2014-Q2,-0.7,,,,
ABS:LCI(1.0.0),3,20002,P2,50,Q,2014-Q3,-2.9,,,,
ABS:LCI(1.0.0),3,20002,P2,50,Q,2014-Q4,-1.6,,,,
ABS:LCI(1.0.0),3,20002,P2,50,Q,2015-Q1,-1.2,,,,
ABS:LCI(1.0.0),3,20002,P2,50,Q,2015-Q2,-1.6,,,,
ABS:LCI(1.0.0),3,20002,P2,50,Q,2015-Q3,-1.4,,,,
ABS:LCI(1.0.0),3,20002,P2,50,Q,2015-Q4,-0.2,,,,
ABS:LCI(1.0.0),3,20002,P2,50,Q,2016-Q1,-0.8,,,,
ABS:LCI(1.0.0),3,20002,P2,50,Q,2016-Q2,-0.2,,,,
ABS:LCI(1.0.0),3,20002,P2,50,Q,2016-Q3,0.5,,,,
ABS:LCI(1.0.0),3,20002,P2,50,Q,2016-Q4,-1,,,,
ABS:LCI(1.0.0),3,20002,P2,50,Q,2017-Q1,-0.4,,,,
ABS:LCI(1.0.0),3,20002,P2,50,Q,2017-Q2,-2.8,,,,
ABS:LCI(1.0.0),3,20002,P2,50,Q,2017-Q3,-3.5,,,,
ABS:LCI(1.0.0),3,20002,P2,50,Q,2017-Q4,-3.7,,,,
ABS:LCI(1.0.0),3,20002,P2,50,Q,2018-Q1,-3.9,,,,
ABS:LCI(1.0.0),3,20002,P2,50,Q,2018-Q2,-2.2,,,,
ABS:LCI(1.0.0),3,20002,P2,50,Q,2018-Q3,-1.2,,,,
ABS:LCI(1.0.0),3,20002,P2,50,Q,2018-Q4,-1.2,,,,
ABS:LCI(1.0.0),3,20002,P2,50,Q,2019-Q1,-0.5,,,,
ABS:LCI(1.0.0),3,20002,P2,50,Q,2019-Q2,0.3,,,,
ABS:LCI(1.0.0),3,20002,P2,50,Q,2019-Q3,1.6,,,,
ABS:LCI(1.0.0),3,20002,P2,50,Q,2019-Q4,1.1,,,,
ABS:LCI(1.0.0),3,20002,P2,50,Q,2020-Q1,1.7,,,,
ABS:LCI(1.0.0),3,20002,P2,50,Q,2020-Q2,0.2,,,,
ABS:LCI(1.0.0),3,20002,P2,50,Q,2020-Q3,-0.5,,,,
ABS:LCI(1.0.0),3,20002,P2,50,Q,2020-Q4,-1.4,,,,
ABS:LCI(1.0.0),3,20002,P2,50,Q,2021-Q1,-0.5,,,,
ABS:LCI(1.0.0),3,20002,P2,50,Q,2021-Q2,-0.5,,,,
ABS:LCI(1.0.0),3,20002,P2,50,Q,2021-Q3,-5,,,,
ABS:LCI(1.0.0),3,20002,P2,50,Q,2021-Q4,-0.8,,,,
ABS:LCI(1.0.0),3,20002,P2,50,Q,2022-Q1,-1.8,,,,
ABS:LCI(1.0.0),3,20002,P2,50,Q,2022-Q2,1.5,,,,
ABS:LCI(1.0.0),3,20002,P2,50,Q,2022-Q3,5.4,,,,
ABS:LCI(1.0.0),3,20002,P2,50,Q,2022-Q4,5.3,,,,
ABS:LCI(1.0.0),3,20002,P2,50,Q,2023-Q1,3.1,,,,
ABS:LCI(1.0.0),3,20002,P2,50,Q,2023-Q2,-0.4,,,,
ABS:LCI(1.0.0),3,20002,P2,50,Q,2023-Q3,0.2,,,,
ABS:LCI(1.0.0),3,20002,P2,50,Q,2023-Q4,-1.6,,,,
ABS:LCI(1.0.0),3,20002,P2,50,Q,2024-Q1,0.8,,,,
ABS:LCI(1.0.0),3,20002,P2,50,Q,2024-Q2,3.2,,,,
ABS:LCI(1.0.0),3,20002,P2,50,Q,2024-Q3,2,,,,
ABS:LCI(1.0.0),3,20002,P2,50,Q,2024-Q4,1.5,,,,
ABS:LCI(1.0.0),3,20002,P2,50,Q,2025-Q1,1.3,,,,
ABS:LCI(1.0.0),3,20002,P2,50,Q,2025-Q2,1.6,,,,
ABS:LCI(1.0.0),3,20002,P2,50,Q,2025-Q3,2.5,,,,
ABS:LCI(1.0.0),3,20002,P2,50,Q,2025-Q4,1.8,,,,
ABS:LCI(1.0.0),3,20002,P2,50,Q,2026-Q1,5.1,,,,
ABS:LCI(1.0.0),3,20002,P2,50,Q,2026-Q2,3.3,,,,
ABS:LCI(1.0.0),3,115486,P2,50,Q,2008-Q2,4.5,,,,
ABS:LCI(1.0.0),3,115486,P2,50,Q,2008-Q3,4.8,,,,
ABS:LCI(1.0.0),3,115486,P2,50,Q,2008-Q4,4.7,,,,
ABS:LCI(1.0.0),3,115486,P2,50,Q,2009-Q1,5.1,,,,
ABS:LCI(1.0.0),3,115486,P2,50,Q,2009-Q2,5,,,,
ABS:LCI(1.0.0),3,115486,P2,50,Q,2009-Q3,4.5,,,,
ABS:LCI(1.0.0),3,115486,P2,50,Q,2009-Q4,4.4,,,,
ABS:LCI(1.0.0),3,115486,P2,50,Q,2010-Q1,4.5,,,,
ABS:LCI(1.0.0),3,115486,P2,50,Q,2010-Q2,4.4,,,,
ABS:LCI(1.0.0),3,115486,P2,50,Q,2010-Q3,4.5,,,,
ABS:LCI(1.0.0),3,115486,P2,50,Q,2010-Q4,4.4,,,,
ABS:LCI(1.0.0),3,115486,P2,50,Q,2011-Q1,3.8,,,,
ABS:LCI(1.0.0),3,115486,P2,50,Q,2011-Q2,4,,,,
ABS:LCI(1.0.0),3,115486,P2,50,Q,2011-Q3,3.5,,,,
ABS:LCI(1.0.0),3,115486,P2,50,Q,2011-Q4,3.1,,,,
ABS:LCI(1.0.0),3,115486,P2,50,Q,2012-Q1,4.7,,,,
ABS:LCI(1.0.0),3,115486,P2,50,Q,2012-Q2,3.6,,,,
ABS:LCI(1.0.0),3,115486,P2,50,Q,2012-Q3,6.6,,,,
ABS:LCI(1.0.0),3,115486,P2,50,Q,2012-Q4,6.7,,,,
ABS:LCI(1.0.0),3,115486,P2,50,Q,2013-Q1,5.8,,,,
ABS:LCI(1.0.0),3,115486,P2,50,Q,2013-Q2,5.9,,,,
ABS:LCI(1.0.0),3,115486,P2,50,Q,2013-Q3,3.7,,,,
ABS:LCI(1.0.0),3,115486,P2,50,Q,2013-Q4,4.1,,,,
ABS:LCI(1.0.0),3,115486,P2,50,Q,2014-Q1,3.5,,,,
ABS:LCI(1.0.0),3,115486,P2,50,Q,2014-Q2,4.4,,,,
ABS:LCI(1.0.0),3,115486,P2,50,Q,2014-Q3,4.6,,,,
ABS:LCI(1.0.0),3,115486,P2,50,Q,2014-Q4,4.2,,,,
ABS:LCI(1.0.0),3,115486,P2,50,Q,2015-Q1,4.4,,,,
ABS:LCI(1.0.0),3,115486,P2,50,Q,2015-Q2,4.5,,,,
ABS:LCI(1.0.0),3,115486,P2,50,Q,2015-Q3,4.3,,,,
ABS:LCI(1.0.0),3,115486,P2,50,Q,2015-Q4,5,,,,
ABS:LCI(1.0.0),3,115486,P2,50,Q,2016-Q1,4,,,,
ABS:LCI(1.0.0),3,115486,P2,50,Q,2016-Q2,3.9,,,,
ABS:LCI(1.0.0),3,115486,P2,50,Q,2016-Q3,3.8,,,,
ABS:LCI(1.0.0),3,115486,P2,50,Q,2016-Q4,3.6,,,,
ABS:LCI(1.0.0),3,115486,P2,50,Q,2017-Q1,3.7,,,,
ABS:LCI(1.0.0),3,115486,P2,50,Q,2017-Q2,4,,,,
ABS:LCI(1.0.0),3,115486,P2,50,Q,2017-Q3,4.6,,,,
ABS:LCI(1.0.0),3,115486,P2,50,Q,2017-Q4,4.9,,,,
ABS:LCI(1.0.0),3,115486,P2,50,Q,2018-Q1,4.5,,,,
ABS:LCI(1.0.0),3,115486,P2,50,Q,2018-Q2,3.5,,,,
ABS:LCI(1.0.0),3,115486,P2,50,Q,2018-Q3,3,,,,
ABS:LCI(1.0.0),3,115486,P2,50,Q,2018-Q4,3.5,,,,
ABS:LCI(1.0.0),3,115486,P2,50,Q,2019-Q1,2.9,,,,
ABS:LCI(1.0.0),3,115486,P2,50,Q,2019-Q2,2.9,,,,
ABS:LCI(1.0.0),3,115486,P2,50,Q,2019-Q3,3.4,,,,
ABS:LCI(1.0.0),3,115486,P2,50,Q,2019-Q4,3.3,,,,
ABS:LCI(1.0.0),3,115486,P2,50,Q,2020-Q1,3,,,,
ABS:LCI(1.0.0),3,115486,P2,50,Q,2020-Q2,1,,,,
ABS:LCI(1.0.0),3,115486,P2,50,Q,2020-Q3,0.4,,,,
ABS:LCI(1.0.0),3,115486,P2,50,Q,2020-Q4,1.5,,,,
ABS:LCI(1.0.0),3,115486,P2,50,Q,2021-Q1,2.5,,,,
ABS:LCI(1.0.0),3,115486,P2,50,Q,2021-Q2,3.8,,,,
ABS:LCI(1.0.0),3,115486,P2,50,Q,2021-Q3,4.4,,,,
ABS:LCI(1.0.0),3,115486,P2,50,Q,2021-Q4,3.4,,,,
ABS:LCI(1.0.0),3,115486,P2,50,Q,2022-Q1,3.4,,,,
ABS:LCI(1.0.0),3,115486,P2,50,Q,2022-Q2,2.2,,,,
ABS:LCI(1.0.0),3,115486,P2,50,Q,2022-Q3,2.3,,,,
ABS:LCI(1.0.0),3,115486,P2,50,Q,2022-Q4,3.3,,,,
ABS:LCI(1.0.0),3,115486,P2,50,Q,2023-Q1,5.6,,,,
ABS:LCI(1.0.0),3,115486,P2,50,Q,2023-Q2,5.9,,,,
ABS:LCI(1.0.0),3,115486,P2,50,Q,2023-Q3,5.1,,,,
ABS:LCI(1.0.0),3,115486,P2,50,Q,2023-Q4,4.9,,,,
ABS:LCI(1.0.0),3,115486,P2,50,Q,2024-Q1,3.5,,,,
ABS:LCI(1.0.0),3,115486,P2,50,Q,2024-Q2,4.5,,,,
ABS:LCI(1.0.0),3,115486,P2,50,Q,2024-Q3,5,,,,
ABS:LCI(1.0.0),3,115486,P2,50,Q,2024-Q4,4.5,,,,
ABS:LCI(1.0.0),3,115486,P2,50,Q,2025-Q1,5.1,,,,
ABS:LCI(1.0.0),3,115486,P2,50,Q,2025-Q2,4.1,,,,
ABS:LCI(1.0.0),3,115486,P2,50,Q,2025-Q3,3.9,,,,
ABS:LCI(1.0.0),3,115486,P2,50,Q,2025-Q4,3.4,,,,
ABS:LCI(1.0.0),3,115486,P2,50,Q,2026-Q1,2.7,,,,
ABS:LCI(1.0.0),3,115486,P2,50,Q,2026-Q2,3.8,,,,
ABS:LCI(1.0.0),3,115488,P3,50,Q,2008-Q2,-0.5,,,,
ABS:LCI(1.0.0),3,115488,P3,50,Q,2008-Q3,-0.5,,,,
ABS:LCI(1.0.0),3,115488,P3,50,Q,2008-Q4,0.2,,,,
ABS:LCI(1.0.0),3,115488,P3,50,Q,2009-Q1,0.6,,,,
ABS:LCI(1.0.0),3,115488,P3,50,Q,2009-Q2,0.8,,,,
ABS:LCI(1.0.0),3,115488,P3,50,Q,2009-Q3,1,,,,
ABS:LCI(1.0.0),3,115488,P3,50,Q,2009-Q4,0.6,,,,
ABS:LCI(1.0.0),3,115488,P3,50,Q,2010-Q1,0.1,,,,
ABS:LCI(1.0.0),3,115488,P3,50,Q,2010-Q2,-0.1,,,,
ABS:LCI(1.0.0),3,115488,P3,50,Q,2010-Q3,-0.4,,,,
ABS:LCI(1.0.0),3,115488,P3,50,Q,2010-Q4,-0.4,,,,
ABS:LCI(1.0.0),3,115488,P3,50,Q,2011-Q1,-0.1,,,,
ABS:LCI(1.0.0),3,115488,P3,50,Q,2011-Q2,0.4,,,,
ABS:LCI(1.0.0),3,115488,P3,50,Q,2011-Q3,0.6,,,,
ABS:LCI(1.0.0),3,115488,P3,50,Q,2011-Q4,1.6,,,,
ABS:LCI(1.0.0),3,115488,P3,50,Q,2012-Q1,1.5,,,,
ABS:LCI(1.0.0),3,115488,P3,50,Q,2012-Q2,0.8,,,,
ABS:LCI(1.0.0),3,115488,P3,50,Q,2012-Q3,1.4,,,,
ABS:LCI(1.0.0),3,115488,P3,50,Q,2012-Q4,1.6,,,,
ABS:LCI(1.0.0),3,115488,P3,50,Q,2013-Q1,1.5,,,,
ABS:LCI(1.0.0),3,115488,P3,50,Q,2013-Q2,2.2,,,,
ABS:LCI(1.0.0),3,115488,P3,50,Q,2013-Q3,1.8,,,,
ABS:LCI(1.0.0),3,115488,P3,50,Q,2013-Q4,1.7,,,,
ABS:LCI(1.0.0),3,115488,P3,50,Q,2014-Q1,1.8,,,,
ABS:LCI(1.0.0),3,115488,P3,50,Q,2014-Q2,-0.3,,,,
ABS:LCI(1.0.0),3,115488,P3,50,Q,2014-Q3,-1.8,,,,
ABS:LCI(1.0.0),3,115488,P3,50,Q,2014-Q4,-3.1,,,,
ABS:LCI(1.0.0),3,115488,P3,50,Q,2015-Q1,-4.5,,,,
ABS:LCI(1.0.0),3,115488,P3,50,Q,2015-Q2,-3.5,,,,
ABS:LCI(1.0.0),3,115488,P3,50,Q,2015-Q3,-4,,,,
ABS:LCI(1.0.0),3,115488,P3,50,Q,2015-Q4,-6.2,,,,
ABS:LCI(1.0.0),3,115488,P3,50,Q,2016-Q1,-6.4,,,,
ABS:LCI(1.0.0),3,115488,P3,50,Q,2016-Q2,-7.2,,,,
ABS:LCI(1.0.0),3,115488,P3,50,Q,2016-Q3,-7.6,,,,
ABS:LCI(1.0.0),3,115488,P3,50,Q,2016-Q4,-6,,,,
ABS:LCI(1.0.0),3,115488,P3,50,Q,2017-Q1,-4.9,,,,
ABS:LCI(1.0.0),3,115488,P3,50,Q,2017-Q2,-3.9,,,,
ABS:LCI(1.0.0),3,115488,P3,50,Q,2017-Q3,-3,,,,
ABS:LCI(1.0.0),3,115488,P3,50,Q,2017-Q4,-3.5,,,,
ABS:LCI(1.0.0),3,115488,P3,50,Q,2018-Q1,-3.5,,,,
ABS:LCI(1.0.0),3,115488,P3,50,Q,2018-Q2,-4.4,,,,
ABS:LCI(1.0.0),3,115488,P3,50,Q,2018-Q3,-4.4,,,,
ABS:LCI(1.0.0),3,115488,P3,50,Q,2018-Q4,-4.4,,,,
ABS:LCI(1.0.0),3,115488,P3,50,Q,2019-Q1,-4.6,,,,
ABS:LCI(1.0.0),3,115488,P3,50,Q,2019-Q2,-4.5,,,,
ABS:LCI(1.0.0),3,115488,P3,50,Q,2019-Q3,-4.2,,,,
ABS:LCI(1.0.0),3,115488,P3,50,Q,2019-Q4,-3.8,,,,
ABS:LCI(1.0.0),3,115488,P3,50,Q,2020-Q1,-3.5,,,,
ABS:LCI(1.0.0),3,115488,P3,50,Q,2020-Q2,-3.6,,,,
ABS:LCI(1.0.0),3,115488,P3,50,Q,2020-Q3,-3.2,,,,
ABS:LCI(1.0.0),3,115488,P3,50,Q,2020-Q4,-2.6,,,,
ABS:LCI(1.0.0),3,115488,P3,50,Q,2021-Q1,-2,,,,
ABS:LCI(1.0.0),3,115488,P3,50,Q,2021-Q2,-1.3,,,,
ABS:LCI(1.0.0),3,115488,P3,50,Q,2021-Q3,-1.1,,,,
ABS:LCI(1.0.0),3,115488,P3,50,Q,2021-Q4,-0.6,,,,
ABS:LCI(1.0.0),3,115488,P3,50,Q,2022-Q1,-0.8,,,,
ABS:LCI(1.0.0),3,115488,P3,50,Q,2022-Q2,-0.2,,,,
ABS:LCI(1.0.0),3,115488,P3,50,Q,2022-Q3,1.8,,,,
ABS:LCI(1.0.0),3,115488,P3,50,Q,2022-Q4,1.2,,,,
ABS:LCI(1.0.0),3,115488,P3,50,Q,2023-Q1,1.1,,,,
ABS:LCI(1.0.0),3,115488,P3,50,Q,2023-Q2,0.5,,,,
ABS:LCI(1.0.0),3,115488,P3,50,Q,2023-Q3,1.2,,,,
ABS:LCI(1.0.0),3,115488,P3,50,Q,2023-Q4,2,,,,
ABS:LCI(1.0.0),3,115488,P3,50,Q,2024-Q1,1.5,,,,
ABS:LCI(1.0.0),3,115488,P3,50,Q,2024-Q2,1.3,,,,
ABS:LCI(1.0.0),3,115488,P3,50,Q,2024-Q3,-0.2,,,,
ABS:LCI(1.0.0),3,115488,P3,50,Q,2024-Q4,0,,,,
ABS:LCI(1.0.0),3,115488,P3,50,Q,2025-Q1,0,,,,
ABS:LCI(1.0.0),3,115488,P3,50,Q,2025-Q2,0.9,,,,
ABS:LCI(1.0.0),3,115488,P3,50,Q,2025-Q3,1.8,,,,
ABS:LCI(1.0.0),3,115488,P3,50,Q,2025-Q4,1.3,,,,
ABS:LCI(1.0.0),3,115488,P3,50,Q,2026-Q1,1.6,,,,
ABS:LCI(1.0.0),3,115488,P3,50,Q,2026-Q2,2,,,,
ABS:LCI(1.0.0),3,115528,PBLCI,50,Q,2008-Q2,7,,,,
ABS:LCI(1.0.0),3,115528,PBLCI,50,Q,2008-Q3,9.4,,,,
ABS:LCI(1.0.0),3,115528,PBLCI,50,Q,2008-Q4,9.6,,,,
ABS:LCI(1.0.0),3,115528,PBLCI,50,Q,2009-Q1,10.9,,,,
ABS:LCI(1.0.0),3,115528,PBLCI,50,Q,2009-Q2,9.5,,,,
ABS:LCI(1.0.0),3,115528,PBLCI,50,Q,2009-Q3,9,,,,
ABS:LCI(1.0.0),3,115528,PBLCI,50,Q,2009-Q4,8.2,,,,
ABS:LCI(1.0.0),3,115528,PBLCI,50,Q,2010-Q1,7.1,,,,
ABS:LCI(1.0.0),3,115528,PBLCI,50,Q,2010-Q2,6.3,,,,
ABS:LCI(1.0.0),3,115528,PBLCI,50,Q,2010-Q3,5.9,,,,
ABS:LCI(1.0.0),3,115528,PBLCI,50,Q,2010-Q4,5.3,,,,
ABS:LCI(1.0.0),3,115528,PBLCI,50,Q,2011-Q1,4.7,,,,
ABS:LCI(1.0.0),3,115528,PBLCI,50,Q,2011-Q2,5.9,,,,
ABS:LCI(1.0.0),3,115528,PBLCI,50,Q,2011-Q3,3.2,,,,
ABS:LCI(1.0.0),3,115528,PBLCI,50,Q,2011-Q4,3.8,,,,
ABS:LCI(1.0.0),3,115528,PBLCI,50,Q,2012-Q1,2.8,,,,
ABS:LCI(1.0.0),3,115528,PBLCI,50,Q,2012-Q2,2.1,,,,
ABS:LCI(1.0.0),3,115528,PBLCI,50,Q,2012-Q3,4.2,,,,
ABS:LCI(1.0.0),3,115528,PBLCI,50,Q,2012-Q4,5.1,,,,
ABS:LCI(1.0.0),3,115528,PBLCI,50,Q,2013-Q1,7.2,,,,
ABS:LCI(1.0.0),3,115528,PBLCI,50,Q,2013-Q2,6.3,,,,
ABS:LCI(1.0.0),3,115528,PBLCI,50,Q,2013-Q3,3.3,,,,
ABS:LCI(1.0.0),3,115528,PBLCI,50,Q,2013-Q4,1.4,,,,
ABS:LCI(1.0.0),3,115528,PBLCI,50,Q,2014-Q1,-0.9,,,,
ABS:LCI(1.0.0),3,115528,PBLCI,50,Q,2014-Q2,-1.3,,,,
ABS:LCI(1.0.0),3,115528,PBLCI,50,Q,2014-Q3,0.2,,,,
ABS:LCI(1.0.0),3,115528,PBLCI,50,Q,2014-Q4,1.5,,,,
ABS:LCI(1.0.0),3,115528,PBLCI,50,Q,2015-Q1,1.5,,,,
ABS:LCI(1.0.0),3,115528,PBLCI,50,Q,2015-Q2,2,,,,
ABS:LCI(1.0.0),3,115528,PBLCI,50,Q,2015-Q3,2.5,,,,
ABS:LCI(1.0.0),3,115528,PBLCI,50,Q,2015-Q4,2.9,,,,
ABS:LCI(1.0.0),3,115528,PBLCI,50,Q,2016-Q1,4.4,,,,
ABS:LCI(1.0.0),3,115528,PBLCI,50,Q,2016-Q2,5.5,,,,
ABS:LCI(1.0.0),3,115528,PBLCI,50,Q,2016-Q3,7.8,,,,
ABS:LCI(1.0.0),3,115528,PBLCI,50,Q,2016-Q4,7.3,,,,
ABS:LCI(1.0.0),3,115528,PBLCI,50,Q,2017-Q1,7.4,,,,
ABS:LCI(1.0.0),3,115528,PBLCI,50,Q,2017-Q2,5.5,,,,
ABS:LCI(1.0.0),3,115528,PBLCI,50,Q,2017-Q3,3.4,,,,
ABS:LCI(1.0.0),3,115528,PBLCI,50,Q,2017-Q4,3.7,,,,
ABS:LCI(1.0.0),3,115528,PBLCI,50,Q,2018-Q1,2.6,,,,
ABS:LCI(1.0.0),3,115528,PBLCI,50,Q,2018-Q2,4.1,,,,
ABS:LCI(1.0.0),3,115528,PBLCI,50,Q,2018-Q3,3.8,,,,
ABS:LCI(1.0.0),3,115528,PBLCI,50,Q,2018-Q4,2.9,,,,
ABS:LCI(1.0.0),3,115528,PBLCI,50,Q,2019-Q1,2.1,,,,
ABS:LCI(1.0.0),3,115528,PBLCI,50,Q,2019-Q2,1.3,,,,
ABS:LCI(1.0.0),3,115528,PBLCI,50,Q,2019-Q3,0.7,,,,
ABS:LCI(1.0.0),3,115528,PBLCI,50,Q,2019-Q4,0.4,,,,
ABS:LCI(1.0.0),3,115528,PBLCI,50,Q,2020-Q1,1.3,,,,
ABS:LCI(1.0.0),3,115528,PBLCI,50,Q,2020-Q2,1.8,,,,
ABS:LCI(1.0.0),3,115528,PBLCI,50,Q,2020-Q3,1.9,,,,
ABS:LCI(1.0.0),3,115528,PBLCI,50,Q,2020-Q4,2.2,,,,
ABS:LCI(1.0.0),3,115528,PBLCI,50,Q,2021-Q1,1.4,,,,
ABS:LCI(1.0.0),3,115528,PBLCI,50,Q,2021-Q2,2.2,,,,
ABS:LCI(1.0.0),3,115528,PBLCI,50,Q,2021-Q3,3.3,,,,
ABS:LCI(1.0.0),3,115528,PBLCI,50,Q,2021-Q4,3.7,,,,
ABS:LCI(1.0.0),3,115528,PBLCI,50,Q,2022-Q1,5.1,,,,
ABS:LCI(1.0.0),3,115528,PBLCI,50,Q,2022-Q2,4,,,,
ABS:LCI(1.0.0),3,115528,PBLCI,50,Q,2022-Q3,4.9,,,,
ABS:LCI(1.0.0),3,115528,PBLCI,50,Q,2022-Q4,6.1,,,,
ABS:LCI(1.0.0),3,115528,PBLCI,50,Q,2023-Q1,8.9,,,,
ABS:LCI(1.0.0),3,115528,PBLCI,50,Q,2023-Q2,13.9,,,,
ABS:LCI(1.0.0),3,115528,PBLCI,50,Q,2023-Q3,14.7,,,,
ABS:LCI(1.0.0),3,115528,PBLCI,50,Q,2023-Q4,17.3,,,,
ABS:LCI(1.0.0),3,115528,PBLCI,50,Q,2024-Q1,17.2,,,,
ABS:LCI(1.0.0),3,115528,PBLCI,50,Q,2024-Q2,15.1,,,,
ABS:LCI(1.0.0),3,115528,PBLCI,50,Q,2024-Q3,14.8,,,,
ABS:LCI(1.0.0),3,115528,PBLCI,50,Q,2024-Q4,11,,,,
ABS:LCI(1.0.0),3,115528,PBLCI,50,Q,2025-Q1,7.1,,,,
ABS:LCI(1.0.0),3,115528,PBLCI,50,Q,2025-Q2,3.2,,,,
ABS:LCI(1.0.0),3,115528,PBLCI,50,Q,2025-Q3,2.1,,,,
ABS:LCI(1.0.0),3,115528,PBLCI,50,Q,2025-Q4,2.2,,,,
ABS:LCI(1.0.0),3,115528,PBLCI,50,Q,2026-Q1,4.2,,,,
ABS:LCI(1.0.0),3,115528,PBLCI,50,Q,2026-Q2,6,,,,
ABS:LCI(1.0.0),4,20002,P3,50,Q,2025-Q4,3.26,,,,
ABS:LCI(1.0.0),4,20002,P3,50,Q,2026-Q1,3.33,,,,
ABS:LCI(1.0.0),4,20002,P3,50,Q,2026-Q2,3.36,,,,
ABS:LCI(1.0.0),4,20004,P2,50,Q,2025-Q4,8.14,,,,
ABS:LCI(1.0.0),4,20004,P2,50,Q,2026-Q1,8.13,,,,
ABS:LCI(1.0.0),4,20004,P2,50,Q,2026-Q2,8.13,,,,
ABS:LCI(1.0.0),4,115528,P1,50,Q,2025-Q4,3.75,,,,
ABS:LCI(1.0.0),4,115528,P1,50,Q,2026-Q1,3.84,,,,
ABS:LCI(1.0.0),4,115528,P1,50,Q,2026-Q2,3.87,,,,
ABS:LCI(1.0.0),5,20004,P3,50,Q,2025-Q4,0,,,,
ABS:LCI(1.0.0),5,20004,P3,50,Q,2026-Q1,-0.02,,,,
ABS:LCI(1.0.0),5,20004,P3,50,Q,2026-Q2,0.01,,,,
ABS:LCI(1.0.0),5,20005,PBLCI,50,Q,2025-Q4,0.06,,,,
ABS:LCI(1.0.0),5,20005,PBLCI,50,Q,2026-Q1,0.23,,,,
ABS:LCI(1.0.0),5,20005,PBLCI,50,Q,2026-Q2,-0.08,,,,
ABS:LCI(1.0.0),5,115488,P1,50,Q,2025-Q4,0,,,,
ABS:LCI(1.0.0),5,115488,P1,50,Q,2026-Q1,0.01,,,,
ABS:LCI(1.0.0),5,115488,P1,50,Q,2026-Q2,0.01,,,,
ABS:LCI(1.0.0),5,126670,P4,50,Q,2025-Q4,0.03,,,,
ABS:LCI(1.0.0),5,126670,P4,50,Q,2026-Q1,0.15,,,,
ABS:LCI(1.0.0),5,126670,P4,50,Q,2026-Q2,0.14,,,,
ABS:LCI(1.0.0),1,20003,P1,50,Q,2007-Q2,49.76,,,,
ABS:LCI(1.0.0),1,20003,P1,50,Q,2007-Q3,51.14,,,,
ABS:LCI(1.0.0),1,20003,P1,50,Q,2007-Q4,51.62,,,,
ABS:LCI(1.0.0),1,20003,P1,50,Q,2008-Q1,52.5,,,,
ABS:LCI(1.0.0),1,20003,P1,50,Q,2008-Q2,53.18,,,,
ABS:LCI(1.0.0),1,20003,P1,50,Q,2008-Q3,55.11,,,,
ABS:LCI(1.0.0),1,20003,P1,50,Q,2008-Q4,55.67,,,,
ABS:LCI(1.0.0),1,20003,P1,50,Q,2009-Q1,56.5,,,,
ABS:LCI(1.0.0),1,20003,P1,50,Q,2009-Q2,57.05,,,,
ABS:LCI(1.0.0),1,20003,P1,50,Q,2009-Q3,59.5,,,,
ABS:LCI(1.0.0),1,20003,P1,50,Q,2009-Q4,59.85,,,,
ABS:LCI(1.0.0),1,20003,P1,50,Q,2010-Q1,60.65,,,,
ABS:LCI(1.0.0),1,20003,P1,50,Q,2010-Q2,61.08,,,,
ABS:LCI(1.0.0),1,20003,P1,50,Q,2010-Q3,63.19,,,,
ABS:LCI(1.0.0),1,20003,P1,50,Q,2010-Q4,63.45,,,,
ABS:LCI(1.0.0),1,20003,P1,50,Q,2011-Q1,64.28,,,,
ABS:LCI(1.0.0),1,20003,P1,50,Q,2011-Q2,64.62,,,,
ABS:LCI(1.0.0),1,20003,P1,50,Q,2011-Q3,66.5,,,,
ABS:LCI(1.0.0),1,20003,P1,50,Q,2011-Q4,66.82,,,,
ABS:LCI(1.0.0),1,20003,P1,50,Q,2012-Q1,67.45,,,,
ABS:LCI(1.0.0),1,20003,P1,50,Q,2012-Q2,67.9,,,,
ABS:LCI(1.0.0),1,20003,P1,50,Q,2012-Q3,70.79,,,,
ABS:LCI(1.0.0),1,20003,P1,50,Q,2012-Q4,71,,,,
ABS:LCI(1.0.0),1,20003,P1,50,Q,2013-Q1,71.58,,,,
ABS:LCI(1.0.0),1,20003,P1,50,Q,2013-Q2,71.95,,,,
ABS:LCI(1.0.0),1,20003,P1,50,Q,2013-Q3,73.91,,,,
ABS:LCI(1.0.0),1,20003,P1,50,Q,2013-Q4,74.08,,,,
ABS:LCI(1.0.0),1,20003,P1,50,Q,2014-Q1,74.6,,,,
ABS:LCI(1.0.0),1,20003,P1,50,Q,2014-Q2,74.81,,,,
ABS:LCI(1.0.0),1,20003,P1,50,Q,2014-Q3,75.12,,,,
ABS:LCI(1.0.0),1,20003,P1,50,Q,2014-Q4,75.26,,,,
ABS:LCI(1.0.0),1,20003,P1,50,Q,2015-Q1,75.65,,,,
ABS:LCI(1.0.0),1,20003,P1,50,Q,2015-Q2,75.84,,,,
ABS:LCI(1.0.0),1,20003,P1,50,Q,2015-Q3,76.27,,,,
ABS:LCI(1.0.0),1,20003,P1,50,Q,2015-Q4,76.28,,,,
ABS:LCI(1.0.0),1,20003,P1,50,Q,2016-Q1,76.38,,,,
ABS:LCI(1.0.0),1,20003,P1,50,Q,2016-Q2,76.47,,,,
ABS:LCI(1.0.0),1,20003,P1,50,Q,2016-Q3,77.44,,,,
ABS:LCI(1.0.0),1,20003,P1,50,Q,2016-Q4,77.47,,,,
ABS:LCI(1.0.0),1,20003,P1,50,Q,2017-Q1,77.91,,,,
ABS:LCI(1.0.0),1,20003,P1,50,Q,2017-Q2,77.98,,,,
ABS:LCI(1.0.0),1,20003,P1,50,Q,2017-Q3,79.76,,,,
ABS:LCI(1.0.0),1,20003,P1,50,Q,2017-Q4,79.94,,,,
ABS:LCI(1.0.0),1,20003,P1,50,Q,2018-Q1,80.45,,,,
ABS:LCI(1.0.0),1,20003,P1,50,Q,2018-Q2,80.27,,,,
ABS:LCI(1.0.0),1,20003,P1,50,Q,2018-Q3,80.76,,,,
ABS:LCI(1.0.0),1,20003,P1,50,Q,2018-Q4,80.89,,,,
ABS:LCI(1.0.0),1,20003,P1,50,Q,2019-Q1,80.96,,,,
ABS:LCI(1.0.0),1,20003,P1,50,Q,2019-Q2,80.87,,,,
ABS:LCI(1.0.0),1,20003,P1,50,Q,2019-Q3,81.27,,,,
ABS:LCI(1.0.0),1,20003,P1,50,Q,2019-Q4,81.17,,,,
ABS:LCI(1.0.0),1,20003,P1,50,Q,2020-Q1,81.44,,,,
ABS:LCI(1.0.0),1,20003,P1,50,Q,2020-Q2,80.7,,,,
ABS:LCI(1.0.0),1,20003,P1,50,Q,2020-Q3,80.4,,,,
ABS:LCI(1.0.0),1,20003,P1,50,Q,2020-Q4,79.28,,,,
ABS:LCI(1.0.0),1,20003,P1,50,Q,2021-Q1,79.53,,,,
ABS:LCI(1.0.0),1,20003,P1,50,Q,2021-Q2,80.09,,,,
ABS:LCI(1.0.0),1,20003,P1,50,Q,2021-Q3,80.72,,,,
ABS:LCI(1.0.0),1,20003,P1,50,Q,2021-Q4,81.03,,,,
ABS:LCI(1.0.0),1,20003,P1,50,Q,2022-Q1,81.49,,,,
ABS:LCI(1.0.0),1,20003,P1,50,Q,2022-Q2,81.9,,,,
ABS:LCI(1.0.0),1,20003,P1,50,Q,2022-Q3,83.89,,,,
ABS:LCI(1.0.0),1,20003,P1,50,Q,2022-Q4,85.68,,,,
ABS:LCI(1.0.0),1,20003,P1,50,Q,2023-Q1,87.38,,,,
ABS:LCI(1.0.0),1,20003,P1,50,Q,2023-Q2,88.27,,,,
ABS:LCI(1.0.0),1,20003,P1,50,Q,2023-Q3,91.57,,,,
ABS:LCI(1.0.0),1,20003,P1,50,Q,2023-Q4,92.76,,,,
ABS:LCI(1.0.0),1,20003,P1,50,Q,2024-Q1,93.39,,,,
ABS:LCI(1.0.0),1,20003,P1,50,Q,2024-Q2,94.56,,,,
ABS:LCI(1.0.0),1,20003,P1,50,Q,2024-Q3,93.51,,,,
ABS:LCI(1.0.0),1,20003,P1,50,Q,2024-Q4,93,,,,
ABS:LCI(1.0.0),1,20003,P1,50,Q,2025-Q1,95.56,,,,
ABS:LCI(1.0.0),1,20003,P1,50,Q,2025-Q2,97.17,,,,
ABS:LCI(1.0.0),1,20003,P1,50,Q,2025-Q3,100,,,,
ABS:LCI(1.0.0),1,20003,P1,50,Q,2025-Q4,99.98,,,,
ABS:LCI(1.0.0),1,20003,P1,50,Q,2026-Q1,103.48,,,,
ABS:LCI(1.0.0),1,20003,P1,50,Q,2026-Q2,104.16,,,,
ABS:LCI(1.0.0),1,20004,P4,50,Q,2007-Q2,77.35,,,,
ABS:LCI(1.0.0),1,20004,P4,50,Q,2007-Q3,77.1,,,,
ABS:LCI(1.0.0),1,20004,P4,50,Q,2007-Q4,77.73,,,,
ABS:LCI(1.0.0),1,20004,P4,50,Q,2008-Q1,77.25,,,,
ABS:LCI(1.0.0),1,20004,P4,50,Q,2008-Q2,78.52,,,,
ABS:LCI(1.0.0),1,20004,P4,50,Q,2008-Q3,78.68,,,,
ABS:LCI(1.0.0),1,20004,P4,50,Q,2008-Q4,79,,,,
ABS:LCI(1.0.0),1,20004,P4,50,Q,2009-Q1,79.6,,,,
ABS:LCI(1.0.0),1,20004,P4,50,Q,2009-Q2,81.27,,,,
ABS:LCI(1.0.0),1,20004,P4,50,Q,2009-Q3,81.84,,,,
ABS:LCI(1.0.0),1,20004,P4,50,Q,2009-Q4,81.73,,,,
ABS:LCI(1.0.0),1,20004,P4,50,Q,2010-Q1,80.77,,,,
ABS:LCI(1.0.0),1,20004,P4,50,Q,2010-Q2,81.45,,,,
ABS:LCI(1.0.0),1,20004,P4,50,Q,2010-Q3,82.13,,,,
ABS:LCI(1.0.0),1,20004,P4,50,Q,2010-Q4,81.6,,,,
ABS:LCI(1.0.0),1,20004,P4,50,Q,2011-Q1,80.51,,,,
ABS:LCI(1.0.0),1,20004,P4,50,Q,2011-Q2,81.52,,,,
ABS:LCI(1.0.0),1,20004,P4,50,Q,2011-Q3,81.79,,,,
ABS:LCI(1.0.0),1,20004,P4,50,Q,2011-Q4,81.66,,,,
ABS:LCI(1.0.0),1,20004,P4,50,Q,2012-Q1,80.71,,,,
ABS:LCI(1.0.0),1,20004,P4,50,Q,2012-Q2,81.76,,,,
ABS:LCI(1.0.0),1,20004,P4,50,Q,2012-Q3,82.36,,,,
ABS:LCI(1.0.0),1,20004,P4,50,Q,2012-Q4,81.92,,,,
ABS:LCI(1.0.0),1,20004,P4,50,Q,2013-Q1,80.92,,,,
ABS:LCI(1.0.0),1,20004,P4,50,Q,2013-Q2,81.5,,,,
ABS:LCI(1.0.0),1,20004,P4,50,Q,2013-Q3,82.2,,,,
ABS:LCI(1.0.0),1,20004,P4,50,Q,2013-Q4,82.38,,,,
ABS:LCI(1.0.0),1,20004,P4,50,Q,2014-Q1,81.18,,,,
ABS:LCI(1.0.0),1,20004,P4,50,Q,2014-Q2,81.93,,,,
ABS:LCI(1.0.0),1,20004,P4,50,Q,2014-Q3,82.16,,,,
ABS:LCI(1.0.0),1,20004,P4,50,Q,2014-Q4,82.38,,,,
ABS:LCI(1.0.0),1,20004,P4,50,Q,2015-Q1,81.83,,,,
ABS:LCI(1.0.0),1,20004,P4,50,Q,2015-Q2,82.65,,,,
ABS:LCI(1.0.0),1,20004,P4,50,Q,2015-Q3,83.11,,,,
ABS:LCI(1.0.0),1,20004,P4,50,Q,2015-Q4,83.54,,,,
ABS:LCI(1.0.0),1,20004,P4,50,Q,2016-Q1,83.03,,,,
ABS:LCI(1.0.0),1,20004,P4,50,Q,2016-Q2,83.49,,,,
ABS:LCI(1.0.0),1,20004,P4,50,Q,2016-Q3,84.16,,,,
ABS:LCI(1.0.0),1,20004,P4,50,Q,2016-Q4,83.45,,,,
ABS:LCI(1.0.0),1,20004,P4,50,Q,2017-Q1,82.49,,,,
ABS:LCI(1.0.0),1,20004,P4,50,Q,2017-Q2,83.13,,,,
ABS:LCI(1.0.0),1,20004,P4,50,Q,2017-Q3,83.24,,,,
ABS:LCI(1.0.0),1,20004,P4,50,Q,2017-Q4,82.27,,,,
ABS:LCI(1.0.0),1,20004,P4,50,Q,2018-Q1,81.79,,,,
ABS:LCI(1.0.0),1,20004,P4,50,Q,2018-Q2,82.03,,,,
ABS:LCI(1.0.0),1,20004,P4,50,Q,2018-Q3,82.6,,,,
ABS:LCI(1.0.0),1,20004,P4,50,Q,2018-Q4,82.89,,,,
ABS:LCI(1.0.0),1,20004,P4,50,Q,2019-Q1,82.38,,,,
ABS:LCI(1.0.0),1,20004,P4,50,Q,2019-Q2,82.81,,,,
ABS:LCI(1.0.0),1,20004,P4,50,Q,2019-Q3,83.52,,,,
ABS:LCI(1.0.0),1,20004,P4,50,Q,2019-Q4,83.11,,,,
ABS:LCI(1.0.0),1,20004,P4,50,Q,2020-Q1,83.86,,,,
ABS:LCI(1.0.0),1,20004,P4,50,Q,2020-Q2,85.59,,,,
ABS:LCI(1.0.0),1,20004,P4,50,Q,2020-Q3,86.67,,,,
ABS:LCI(1.0.0),1,20004,P4,50,Q,2020-Q4,86.27,,,,
ABS:LCI(1.0.0),1,20004,P4,50,Q,2021-Q1,85.88,,,,
ABS:LCI(1.0.0),1,20004,P4,50,Q,2021-Q2,86.74,,,,
ABS:LCI(1.0.0),1,20004,P4,50,Q,2021-Q3,87.99,,,,
ABS:LCI(1.0.0),1,20004,P4,50,Q,2021-Q4,88.95,,,,
ABS:LCI(1.0.0),1,20004,P4,50,Q,2022-Q1,90.25,,,,
ABS:LCI(1.0.0),1,20004,P4,50,Q,2022-Q2,93.29,,,,
ABS:LCI(1.0.0),1,20004,P4,50,Q,2022-Q3,96.06,,,,
ABS:LCI(1.0.0),1,20004,P4,50,Q,2022-Q4,97.33,,,,
ABS:LCI(1.0.0),1,20004,P4,50,Q,2023-Q1,96.69,,,,
ABS:LCI(1.0.0),1,20004,P4,50,Q,2023-Q2,98.84,,,,
ABS:LCI(1.0.0),1,20004,P4,50,Q,2023-Q3,99.29,,,,
ABS:LCI(1.0.0),1,20004,P4,50,Q,2023-Q4,98.13,,,,
ABS:LCI(1.0.0),1,20004,P4,50,Q,2024-Q1,97.61,,,,
ABS:LCI(1.0.0),1,20004,P4,50,Q,2024-Q2,98.37,,,,
ABS:LCI(1.0.0),1,20004,P4,50,Q,2024-Q3,99.06,,,,
ABS:LCI(1.0.0),1,20004,P4,50,Q,2024-Q4,99.27,,,,
ABS:LCI(1.0.0),1,20004,P4,50,Q,2025-Q1,98.11,,,,
ABS:LCI(1.0.0),1,20004,P4,50,Q,2025-Q2,99.18,,,,
ABS:LCI(1.0.0),1,20004,P4,50,Q,2025-Q3,100,,,,
ABS:LCI(1.0.0),1,20004,P4,50,Q,2025-Q4,99.72,,,,
ABS:LCI(1.0.0),1,20004,P4,50,Q,2026-Q1,99.46,,,,
ABS:LCI(1.0.0),1,20004,P4,50,Q,2026-Q2,99.56,,,,
ABS:LCI(1.0.0),1,115486,P3,50,Q,2007-Q2,56.17,,,,
ABS:LCI(1.0.0),1,115486,P3,50,Q,2007-Q3,55.08,,,,
ABS:LCI(1.0.0),1,115486,P3,50,Q,2007-Q4,53.95,,,,
ABS:LCI(1.0.0),1,115486,P3,50,Q,2008-Q1,57.83,,,,
ABS:LCI(1.0.0),1,115486,P3,50,Q,2008-Q2,58.53,,,,
ABS:LCI(1.0.0),1,115486,P3,50,Q,2008-Q3,57.51,,,,
ABS:LCI(1.0.0),1,115486,P3,50,Q,2008-Q4,56.25,,,,
ABS:LCI(1.0.0),1,115486,P3,50,Q,2009-Q1,60.56,,,,
ABS:LCI(1.0.0),1,115486,P3,50,Q,2009-Q2,61.25,,,,
ABS:LCI(1.0.0),1,115486,P3,50,Q,2009-Q3,59.91,,,,
ABS:LCI(1.0.0),1,115486,P3,50,Q,2009-Q4,58.57,,,,
ABS:LCI(1.0.0),1,115486,P3,50,Q,2010-Q1,63.08,,,,
ABS:LCI(1.0.0),1,115486,P3,50,Q,2010-Q2,63.71,,,,
ABS:LCI(1.0.0),1,115486,P3,50,Q,2010-Q3,62.31,,,,
ABS:LCI(1.0.0),1,115486,P3,50,Q,2010-Q4,60.82,,,,
ABS:LCI(1.0.0),1,115486,P3,50,Q,2011-Q1,65.19,,,,
ABS:LCI(1.0.0),1,115486,P3,50,Q,2011-Q2,65.97,,,,
ABS:LCI(1.0.0),1,115486,P3,50,Q,2011-Q3,63.97,,,,
ABS:LCI(1.0.0),1,115486,P3,50,Q,2011-Q4,61.92,,,,
ABS:LCI(1.0.0),1,115486,P3,50,Q,2012-Q1,68.02,,,,
ABS:LCI(1.0.0),1,115486,P3,50,Q,2012-Q2,68.16,,,,
ABS:LCI(1.0.0),1,115486,P3,50,Q,2012-Q3,67.29,,,,
ABS:LCI(1.0.0),1,115486,P3,50,Q,2012-Q4,65.2,,,,
ABS:LCI(1.0.0),1,115486,P3,50,Q,2013-Q1,70.9,,,,
ABS:LCI(1.0.0),1,115486,P3,50,Q,2013-Q2,71.02,,,,
ABS:LCI(1.0.0),1,115486,P3,50,Q,2013-Q3,69.36,,,,
ABS:LCI(1.0.0),1,115486,P3,50,Q,2013-Q4,67.58,,,,
ABS:LCI(1.0.0),1,115486,P3,50,Q,2014-Q1,73,,,,
ABS:LCI(1.0.0),1,115486,P3,50,Q,2014-Q2,73.5,,,,
ABS:LCI(1.0.0),1,115486,P3,50,Q,2014-Q3,72.05,,,,
ABS:LCI(1.0.0),1,115486,P3,50,Q,2014-Q4,69.76,,,,
ABS:LCI(1.0.0),1,115486,P3,50,Q,2015-Q1,75.58,,,,
ABS:LCI(1.0.0),1,115486,P3,50,Q,2015-Q2,76.06,,,,
ABS:LCI(1.0.0),1,115486,P3,50,Q,2015-Q3,74.32,,,,
ABS:LCI(1.0.0),1,115486,P3,50,Q,2015-Q4,72.53,,,,
ABS:LCI(1.0.0),1,115486,P3,50,Q,2016-Q1,77.8,,,,
ABS:LCI(1.0.0),1,115486,P3,50,Q,2016-Q2,78.18,,,,
ABS:LCI(1.0.0),1,115486,P3,50,Q,2016-Q3,76.39,,,,
ABS:LCI(1.0.0),1,115486,P3,50,Q,2016-Q4,74.37,,,,
ABS:LCI(1.0.0),1,115486,P3,50,Q,2017-Q1,79.85,,,,
ABS:LCI(1.0.0),1,115486,P3,50,Q,2017-Q2,80.65,,,,
ABS:LCI(1.0.0),1,115486,P3,50,Q,2017-Q3,79.42,,,,
ABS:LCI(1.0.0),1,115486,P3,50,Q,2017-Q4,77.43,,,,
ABS:LCI(1.0.0),1,115486,P3,50,Q,2018-Q1,83.15,,,,
ABS:LCI(1.0.0),1,115486,P3,50,Q,2018-Q2,83.31,,,,
ABS:LCI(1.0.0),1,115486,P3,50,Q,2018-Q3,81.43,,,,
ABS:LCI(1.0.0),1,115486,P3,50,Q,2018-Q4,79.88,,,,
ABS:LCI(1.0.0),1,115486,P3,50,Q,2019-Q1,85.18,,,,
ABS:LCI(1.0.0),1,115486,P3,50,Q,2019-Q2,85.53,,,,
ABS:LCI(1.0.0),1,115486,P3,50,Q,2019-Q3,84.24,,,,
ABS:LCI(1.0.0),1,115486,P3,50,Q,2019-Q4,82.53,,,,
ABS:LCI(1.0.0),1,115486,P3,50,Q,2020-Q1,87.74,,,,
ABS:LCI(1.0.0),1,115486,P3,50,Q,2020-Q2,86.82,,,,
ABS:LCI(1.0.0),1,115486,P3,50,Q,2020-Q3,84.61,,,,
ABS:LCI(1.0.0),1,115486,P3,50,Q,2020-Q4,83.22,,,,
ABS:LCI(1.0.0),1,115486,P3,50,Q,2021-Q1,89.52,,,,
ABS:LCI(1.0.0),1,115486,P3,50,Q,2021-Q2,88.91,,,,
ABS:LCI(1.0.0),1,115486,P3,50,Q,2021-Q3,87.21,,,,
ABS:LCI(1.0.0),1,115486,P3,50,Q,2021-Q4,85.58,,,,
ABS:LCI(1.0.0),1,115486,P3,50,Q,2022-Q1,92.2,,,,
ABS:LCI(1.0.0),1,115486,P3,50,Q,2022-Q2,90.21,,,,
ABS:LCI(1.0.0),1,115486,P3,50,Q,2022-Q3,88.35,,,,
ABS:LCI(1.0.0),1,115486,P3,50,Q,2022-Q4,87.46,,,,
ABS:LCI(1.0.0),1,115486,P3,50,Q,2023-Q1,96.06,,,,
ABS:LCI(1.0.0),1,115486,P3,50,Q,2023-Q2,95.17,,,,
ABS:LCI(1.0.0),1,115486,P3,50,Q,2023-Q3,92.44,,,,
ABS:LCI(1.0.0),1,115486,P3,50,Q,2023-Q4,91.22,,,,
ABS:LCI(1.0.0),1,115486,P3,50,Q,2024-Q1,99.33,,,,
ABS:LCI(1.0.0),1,115486,P3,50,Q,2024-Q2,98.36,,,,
ABS:LCI(1.0.0),1,115486,P3,50,Q,2024-Q3,96.3,,,,
ABS:LCI(1.0.0),1,115486,P3,50,Q,2024-Q4,94.8,,,,
ABS:LCI(1.0.0),1,115486,P3,50,Q,2025-Q1,103.86,,,,
ABS:LCI(1.0.0),1,115486,P3,50,Q,2025-Q2,102.46,,,,
ABS:LCI(1.0.0),1,115486,P3,50,Q,2025-Q3,100,,,,
ABS:LCI(1.0.0),1,115486,P3,50,Q,2025-Q4,98.12,,,,
ABS:LCI(1.0.0),1,115486,P3,50,Q,2026-Q1,106.73,,,,
ABS:LCI(1.0.0),1,115486,P3,50,Q,2026-Q2,105.8,,,,
ABS:LCI(1.0.0),1,20005,P1,50,Q,2007-Q2,71.07,,,,
ABS:LCI(1.0.0),1,20005,P1,50,Q,2007-Q3,70.51,,,,
ABS:LCI(1.0.0),1,20005,P1,50,Q,2007-Q4,72.25,,,,
ABS:LCI(1.0.0),1,20005,P1,50,Q,2008-Q1,73.73,,,,
ABS:LCI(1.0.0),1,20005,P1,50,Q,2008-Q2,76.12,,,,
ABS:LCI(1.0.0),1,20005,P1,50,Q,2008-Q3,76.92,,,,
ABS:LCI(1.0.0),1,20005,P1,50,Q,2008-Q4,71.26,,,,
ABS:LCI(1.0.0),1,20005,P1,50,Q,2009-Q1,70.01,,,,
ABS:LCI(1.0.0),1,20005,P1,50,Q,2009-Q2,71.15,,,,
ABS:LCI(1.0.0),1,20005,P1,50,Q,2009-Q3,72.68,,,,
ABS:LCI(1.0.0),1,20005,P1,50,Q,2009-Q4,72.04,,,,
ABS:LCI(1.0.0),1,20005,P1,50,Q,2010-Q1,73.04,,,,
ABS:LCI(1.0.0),1,20005,P1,50,Q,2010-Q2,73.62,,,,
ABS:LCI(1.0.0),1,20005,P1,50,Q,2010-Q3,73.12,,,,
ABS:LCI(1.0.0),1,20005,P1,50,Q,2010-Q4,73.38,,,,
ABS:LCI(1.0.0),1,20005,P1,50,Q,2011-Q1,75.44,,,,
ABS:LCI(1.0.0),1,20005,P1,50,Q,2011-Q2,76.43,,,,
ABS:LCI(1.0.0),1,20005,P1,50,Q,2011-Q3,76.41,,,,
ABS:LCI(1.0.0),1,20005,P1,50,Q,2011-Q4,76.42,,,,
ABS:LCI(1.0.0),1,20005,P1,50,Q,2012-Q1,77.26,,,,
ABS:LCI(1.0.0),1,20005,P1,50,Q,2012-Q2,77.98,,,,
ABS:LCI(1.0.0),1,20005,P1,50,Q,2012-Q3,77.29,,,,
ABS:LCI(1.0.0),1,20005,P1,50,Q,2012-Q4,77.82,,,,
ABS:LCI(1.0.0),1,20005,P1,50,Q,2013-Q1,78.21,,,,
ABS:LCI(1.0.0),1,20005,P1,50,Q,2013-Q2,77.5,,,,
ABS:LCI(1.0.0),1,20005,P1,50,Q,2013-Q3,79.39,,,,
ABS:LCI(1.0.0),1,20005,P1,50,Q,2013-Q4,79.25,,,,
ABS:LCI(1.0.0),1,20005,P1,50,Q,2014-Q1,80.3,,,,
ABS:LCI(1.0.0),1,20005,P1,50,Q,2014-Q2,79.73,,,,
ABS:LCI(1.0.0),1,20005,P1,50,Q,2014-Q3,79.67,,,,
ABS:LCI(1.0.0),1,20005,P1,50,Q,2014-Q4,77.81,,,,
ABS:LCI(1.0.0),1,20005,P1,50,Q,2015-Q1,75.08,,,,
ABS:LCI(1.0.0),1,20005,P1,50,Q,2015-Q2,77.63,,,,
ABS:LCI(1.0.0),1,20005,P1,50,Q,2015-Q3,77.73,,,,
ABS:LCI(1.0.0),1,20005,P1,50,Q,2015-Q4,76.59,,,,
ABS:LCI(1.0.0),1,20005,P1,50,Q,2016-Q1,74.58,,,,
ABS:LCI(1.0.0),1,20005,P1,50,Q,2016-Q2,75.4,,,,
ABS:LCI(1.0.0),1,20005,P1,50,Q,2016-Q3,74.96,,,,
ABS:LCI(1.0.0),1,20005,P1,50,Q,2016-Q4,76.28,,,,
ABS:LCI(1.0.0),1,20005,P1,50,Q,2017-Q1,77.47,,,,
ABS:LCI(1.0.0),1,20005,P1,50,Q,2017-Q2,77,,,,
ABS:LCI(1.0.0),1,20005,P1,50,Q,2017-Q3,76.97,,,,
ABS:LCI(1.0.0),1,20005,P1,50,Q,2017-Q4,79.01,,,,
ABS:LCI(1.0.0),1,20005,P1,50,Q,2018-Q1,79.84,,,,
ABS:LCI(1.0.0),1,20005,P1,50,Q,2018-Q2,81.19,,,,
ABS:LCI(1.0.0),1,20005,P1,50,Q,2018-Q3,81.8,,,,
ABS:LCI(1.0.0),1,20005,P1,50,Q,2018-Q4,81.25,,,,
ABS:LCI(1.0.0),1,20005,P1,50,Q,2019-Q1,79.66,,,,
ABS:LCI(1.0.0),1,20005,P1,50,Q,2019-Q2,82.49,,,,
ABS:LCI(1.0.0),1,20005,P1,50,Q,2019-Q3,82.3,,,,
ABS:LCI(1.0.0),1,20005,P1,50,Q,2019-Q4,83.49,,,,
ABS:LCI(1.0.0),1,20005,P1,50,Q,2020-Q1,81.8,,,,
ABS:LCI(1.0.0),1,20005,P1,50,Q,2020-Q2,75.83,,,,
ABS:LCI(1.0.0),1,20005,P1,50,Q,2020-Q3,78.58,,,,
ABS:LCI(1.0.0),1,20005,P1,50,Q,2020-Q4,79.25,,,,
ABS:LCI(1.0.0),1,20005,P1,50,Q,2021-Q1,81.9,,,,
ABS:LCI(1.0.0),1,20005,P1,50,Q,2021-Q2,84.32,,,,
ABS:LCI(1.0.0),1,20005,P1,50,Q,2021-Q3,87.06,,,,
ABS:LCI(1.0.0),1,20005,P1,50,Q,2021-Q4,89.63,,,,
ABS:LCI(1.0.0),1,20005,P1,50,Q,2022-Q1,93.53,,,,
ABS:LCI(1.0.0),1,20005,P1,50,Q,2022-Q2,95.7,,,,
ABS:LCI(1.0.0),1,20005,P1,50,Q,2022-Q3,95.14,,,,
ABS:LCI(1.0.0),1,20005,P1,50,Q,2022-Q4,96.81,,,,
ABS:LCI(1.0.0),1,20005,P1,50,Q,2023-Q1,97.46,,,,
ABS:LCI(1.0.0),1,20005,P1,50,Q,2023-Q2,97.33,,,,
ABS:LCI(1.0.0),1,20005,P1,50,Q,2023-Q3,100.65,,,,
ABS:LCI(1.0.0),1,20005,P1,50,Q,2023-Q4,100.44,,,,
ABS:LCI(1.0.0),1,20005,P1,50,Q,2024-Q1,100.89,,,,
ABS:LCI(1.0.0),1,20005,P1,50,Q,2024-Q2,101.77,,,,
ABS:LCI(1.0.0),1,20005,P1,50,Q,2024-Q3,99.42,,,,
ABS:LCI(1.0.0),1,20005,P1,50,Q,2024-Q4,98.63,,,,
ABS:LCI(1.0.0),1,20005,P1,50,Q,2025-Q1,99.56,,,,
ABS:LCI(1.0.0),1,20005,P1,50,Q,2025-Q2,98.82,,,,
ABS:LCI(1.0.0),1,20005,P1,50,Q,2025-Q3,100,,,,
ABS:LCI(1.0.0),1,20005,P1,50,Q,2025-Q4,100.6,,,,
ABS:LCI(1.0.0),1,20005,P1,50,Q,2026-Q1,102.58,,,,
ABS:LCI(1.0.0),1,20005,P1,50,Q,2026-Q2,101.62,,,,
ABS:LCI(1.0.0),1,131279,P3,50,Q,1998-Q2,56.31,,,,
ABS:LCI(1.0.0),1,131279,P3,50,Q,1998-Q3,55.8,,,,
ABS:LCI(1.0.0),1,131279,P3,50,Q,1998-Q4,55.35,,,,
ABS:LCI(1.0.0),1,131279,P3,50,Q,1999-Q1,54.51,,,,
ABS:LCI(1.0.0),1,131279,P3,50,Q,1999-Q2,53.61,,,,
ABS:LCI(1.0.0),1,131279,P3,50,Q,1999-Q3,52.93,,,,
ABS:LCI(1.0.0),1,131279,P3,50,Q,1999-Q4,53.21,,,,
ABS:LCI(1.0.0),1,131279,P3,50,Q,2000-Q1,52.88,,,,
ABS:LCI(1.0.0),1,131279,P3,50,Q,2000-Q2,51.62,,,,
ABS:LCI(1.0.0),1,131279,P3,50,Q,2000-Q3,53.72,,,,
ABS:LCI(1.0.0),1,131279,P3,50,Q,2000-Q4,55.06,,,,
ABS:LCI(1.0.0),1,131279,P3,50,Q,2001-Q1,54.83,,,,
ABS:LCI(1.0.0),1,131279,P3,50,Q,2001-Q2,54.55,,,,
ABS:LCI(1.0.0),1,131279,P3,50,Q,2001-Q3,54.27,,,,
ABS:LCI(1.0.0),1,131279,P3,50,Q,2001-Q4,54.01,,,,
ABS:LCI(1.0.0),1,131279,P3,50,Q,2002-Q1,55.03,,,,
ABS:LCI(1.0.0),1,131279,P3,50,Q,2002-Q2,54.29,,,,
ABS:LCI(1.0.0),1,131279,P3,50,Q,2002-Q3,54.76,,,,
ABS:LCI(1.0.0),1,131279,P3,50,Q,2002-Q4,54.98,,,,
ABS:LCI(1.0.0),1,131279,P3,50,Q,2003-Q1,55.33,,,,
ABS:LCI(1.0.0),1,131279,P3,50,Q,2003-Q2,56.01,,,,
ABS:LCI(1.0.0),1,131279,P3,50,Q,2003-Q3,56.42,,,,
ABS:LCI(1.0.0),1,131279,P3,50,Q,2003-Q4,56.68,,,,
ABS:LCI(1.0.0),1,131279,P3,50,Q,2004-Q1,56.89,,,,
ABS:LCI(1.0.0),1,131279,P3,50,Q,2004-Q2,57.68,,,,
ABS:LCI(1.0.0),1,131279,P3,50,Q,2004-Q3,59.38,,,,
ABS:LCI(1.0.0),1,131279,P3,50,Q,2004-Q4,59.69,,,,
ABS:LCI(1.0.0),1,131279,P3,50,Q,2005-Q1,60.12,,,,
ABS:LCI(1.0.0),1,131279,P3,50,Q,2005-Q2,60.48,,,,
ABS:LCI(1.0.0),1,131279,P3,50,Q,2005-Q3,60.92,,,,
ABS:LCI(1.0.0),1,131279,P3,50,Q,2005-Q4,60.38,,,,
ABS:LCI(1.0.0),1,131279,P3,50,Q,2006-Q1,60.67,,,,
ABS:LCI(1.0.0),1,131279,P3,50,Q,2006-Q2,61.4,,,,
ABS:LCI(1.0.0),1,131279,P3,50,Q,2006-Q3,62.52,,,,
ABS:LCI(1.0.0),1,131279,P3,50,Q,2006-Q4,63.67,,,,
ABS:LCI(1.0.0),1,131279,P3,50,Q,2007-Q1,64.57,,,,
ABS:LCI(1.0.0),1,131279,P3,50,Q,2007-Q2,64.57,,,,
ABS:LCI(1.0.0),1,131279,P3,50,Q,2007-Q3,66.67,,,,
ABS:LCI(1.0.0),1,131279,P3,50,Q,2007-Q4,68.12,,,,
ABS:LCI(1.0.0),1,131279,P3,50,Q,2008-Q1,70.35,,,,
ABS:LCI(1.0.0),1,131279,P3,50,Q,2008-Q2,71.8,,,,
ABS:LCI(1.0.0),1,131279,P3,50,Q,2008-Q3,74.23,,,,
ABS:LCI(1.0.0),1,131279,P3,50,Q,2008-Q4,78.09,,,,
ABS:LCI(1.0.0),1,131279,P3,50,Q,2009-Q1,74.73,,,,
ABS:LCI(1.0.0),1,131279,P3,50,Q,2009-Q2,72.68,,,,
ABS:LCI(1.0.0),1,131279,P3,50,Q,2009-Q3,72.84,,,,
ABS:LCI(1.0.0),1,131279,P3,50,Q,2009-Q4,74.55,,,,
ABS:LCI(1.0.0),1,131279,P3,50,Q,2010-Q1,77.16,,,,
ABS:LCI(1.0.0),1,131279,P3,50,Q,2010-Q2,79.01,,,,
ABS:LCI(1.0.0),1,131279,P3,50,Q,2010-Q3,80.75,,,,
ABS:LCI(1.0.0),1,131279,P3,50,Q,2010-Q4,82.77,,,,
ABS:LCI(1.0.0),1,131279,P3,50,Q,2011-Q1,84.21,,,,
ABS:LCI(1.0.0),1,131279,P3,50,Q,2011-Q2,84.8,,,,
ABS:LCI(1.0.0),1,131279,P3,50,Q,2011-Q3,86.89,,,,
ABS:LCI(1.0.0),1,131279,P3,50,Q,2011-Q4,87.24,,,,
ABS:LCI(1.0.0),1,131279,P3,50,Q,2012-Q1,86.45,,,,
ABS:LCI(1.0.0),1,131279,P3,50,Q,2012-Q2,86.49,,,,
ABS:LCI(1.0.0),1,131279,P3,50,Q,2012-Q3,85.79,,,,
ABS:LCI(1.0.0),1,131279,P3,50,Q,2012-Q4,85.61,,,,
ABS:LCI(1.0.0),1,131279,P3,50,Q,2013-Q1,85.5,,,,
ABS:LCI(1.0.0),1,131279,P3,50,Q,2013-Q2,84.18,,,,
ABS:LCI(1.0.0),1,131279,P3,50,Q,2013-Q3,84.89,,,,
ABS:LCI(1.0.0),1,131279,P3,50,Q,2013-Q4,84.56,,,,
ABS:LCI(1.0.0),1,131279,P3,50,Q,2014-Q1,85.32,,,,
ABS:LCI(1.0.0),1,131279,P3,50,Q,2014-Q2,84.23,,,,
ABS:LCI(1.0.0),1,131279,P3,50,Q,2014-Q3,85,,,,
ABS:LCI(1.0.0),1,131279,P3,50,Q,2014-Q4,84.37,,,,
ABS:LCI(1.0.0),1,131279,P3,50,Q,2015-Q1,84.79,,,,
ABS:LCI(1.0.0),1,131279,P3,50,Q,2015-Q2,83.75,,,,
ABS:LCI(1.0.0),1,131279,P3,50,Q,2015-Q3,84.26,,,,
ABS:LCI(1.0.0),1,131279,P3,50,Q,2015-Q4,84.01,,,,
ABS:LCI(1.0.0),1,131279,P3,50,Q,2016-Q1,84.61,,,,
ABS:LCI(1.0.0),1,131279,P3,50,Q,2016-Q2,84.78,,,,
ABS:LCI(1.0.0),1,131279,P3,50,Q,2016-Q3,85.3,,,,
ABS:LCI(1.0.0),1,131279,P3,50,Q,2016-Q4,84.81,,,,
ABS:LCI(1.0.0),1,131279,P3,50,Q,2017-Q1,84.56,,,,
ABS:LCI(1.0.0),1,131279,P3,50,Q,2017-Q2,84.9,,,,
ABS:LCI(1.0.0),1,131279,P3,50,Q,2017-Q3,85.9,,,,
ABS:LCI(1.0.0),1,131279,P3,50,Q,2017-Q4,85.98,,,,
ABS:LCI(1.0.0),1,131279,P3,50,Q,2018-Q1,87.03,,,,
ABS:LCI(1.0.0),1,131279,P3,50,Q,2018-Q2,86.73,,,,
ABS:LCI(1.0.0),1,131279,P3,50,Q,2018-Q3,87.38,,,,
ABS:LCI(1.0.0),1,131279,P3,50,Q,2018-Q4,87.32,,,,
ABS:LCI(1.0.0),1,131279,P3,50,Q,2019-Q1,86.7,,,,
ABS:LCI(1.0.0),1,131279,P3,50,Q,2019-Q2,86.69,,,,
ABS:LCI(1.0.0),1,131279,P3,50,Q,2019-Q3,87.61,,,,
ABS:LCI(1.0.0),1,131279,P3,50,Q,2019-Q4,87.17,,,,
ABS:LCI(1.0.0),1,131279,P3,50,Q,2020-Q1,87.02,,,,
ABS:LCI(1.0.0),1,131279,P3,50,Q,2020-Q2,88.56,,,,
ABS:LCI(1.0.0),1,131279,P3,50,Q,2020-Q3,85.18,,,,
ABS:LCI(1.0.0),1,131279,P3,50,Q,2020-Q4,82.75,,,,
ABS:LCI(1.0.0),1,131279,P3,50,Q,2021-Q1,82.04,,,,
ABS:LCI(1.0.0),1,131279,P3,50,Q,2021-Q2,80.72,,,,
ABS:LCI(1.0.0),1,131279,P3,50,Q,2021-Q3,81.6,,,,
ABS:LCI(1.0.0),1,131279,P3,50,Q,2021-Q4,79.5,,,,
ABS:LCI(1.0.0),1,131279,P3,50,Q,2022-Q1,78.39,,,,
ABS:LCI(1.0.0),1,131279,P3,50,Q,2022-Q2,77.69,,,,
ABS:LCI(1.0.0),1,131279,P3,50,Q,2022-Q3,78.47,,,,
ABS:LCI(1.0.0),1,131279,P3,50,Q,2022-Q4,79.95,,,,
ABS:LCI(1.0.0),1,131279,P3,50,Q,2023-Q1,82.31,,,,
ABS:LCI(1.0.0),1,131279,P3,50,Q,2023-Q2,83.54,,,,
ABS:LCI(1.0.0),1,131279,P3,50,Q,2023-Q3,86.4,,,,
ABS:LCI(1.0.0),1,131279,P3,50,Q,2023-Q4,88.89,,,,
ABS:LCI(1.0.0),1,131279,P3,50,Q,2024-Q1,90.98,,,,
ABS:LCI(1.0.0),1,131279,P3,50,Q,2024-Q2,92.91,,,,
ABS:LCI(1.0.0),1,131279,P3,50,Q,2024-Q3,95.83,,,,
ABS:LCI(1.0.0),1,131279,P3,50,Q,2024-Q4,96.06,,,,
ABS:LCI(1.0.0),1,131279,P3,50,Q,2025-Q1,98.49,,,,
ABS:LCI(1.0.0),1,131279,P3,50,Q,2025-Q2,99.66,,,,
ABS:LCI(1.0.0),1,131279,P3,50,Q,2025-Q3,100,,,,
ABS:LCI(1.0.0),1,131279,P3,50,Q,2025-Q4,99.48,,,,
ABS:LCI(1.0.0),1,131279,P3,50,Q,2026-Q1,100.87,,,,
ABS:LCI(1.0.0),1,131279,P3,50,Q,2026-Q2,102.03,,,,
ABS:LCI(1.0.0),2,20003,P2,50,Q,2007-Q3,2.5,,,,
ABS:LCI(1.0.0),2,20003,P2,50,Q,2007-Q4,1.2,,,,
ABS:LCI(1.0.0),2,20003,P2,50,Q,2008-Q1,2,,,,
ABS:LCI(1.0.0),2,20003,P2,50,Q,2008-Q2,0.3,,,,
ABS:LCI(1.0.0),2,20003,P2,50,Q,2008-Q3,3.4,,,,
ABS:LCI(1.0.0),2,20003,P2,50,Q,2008-Q4,1.4,,,,
ABS:LCI(1.0.0),2,20003,P2,50,Q,2009-Q1,1.7,,,,
ABS:LCI(1.0.0),2,20003,P2,50,Q,2009-Q2,0.2,,,,
ABS:LCI(1.0.0),2,20003,P2,50,Q,2009-Q3,4.4,,,,
ABS:LCI(1.0.0),2,20003,P2,50,Q,2009-Q4,1,,,,
ABS:LCI(1.0.0),2,20003,P2,50,Q,2010-Q1,1.8,,,,
ABS:LCI(1.0.0),2,20003,P2,50,Q,2010-Q2,0,,,,
ABS:LCI(1.0.0),2,20003,P2,50,Q,2010-Q3,3.5,,,,
ABS:LCI(1.0.0),2,20003,P2,50,Q,2010-Q4,1.1,,,,
ABS:LCI(1.0.0),2,20003,P2,50,Q,2011-Q1,1.7,,,,
ABS:LCI(1.0.0),2,20003,P2,50,Q,2011-Q2,-0.2,,,,
ABS:LCI(1.0.0),2,20003,P2,50,Q,2011-Q3,3.7,,,,
ABS:LCI(1.0.0),2,20003,P2,50,Q,2011-Q4,0.6,,,,
ABS:LCI(1.0.0),2,20003,P2,50,Q,2012-Q1,1.3,,,,
ABS:LCI(1.0.0),2,20003,P2,50,Q,2012-Q2,0.2,,,,
ABS:LCI(1.0.0),2,20003,P2,50,Q,2012-Q3,6.2,,,,
ABS:LCI(1.0.0),2,20003,P2,50,Q,2012-Q4,0.1,,,,
ABS:LCI(1.0.0),2,20003,P2,50,Q,2013-Q1,1.1,,,,
ABS:LCI(1.0.0),2,20003,P2,50,Q,2013-Q2,0.3,,,,
ABS:LCI(1.0.0),2,20003,P2,50,Q,2013-Q3,4,,,,
ABS:LCI(1.0.0),2,20003,P2,50,Q,2013-Q4,0.3,,,,
ABS:LCI(1.0.0),2,20003,P2,50,Q,2014-Q1,0.8,,,,
ABS:LCI(1.0.0),2,20003,P2,50,Q,2014-Q2,0.1,,,,
ABS:LCI(1.0.0),2,20003,P2,50,Q,2014-Q3,-0.2,,,,
ABS:LCI(1.0.0),2,20003,P2,50,Q,2014-Q4,0.2,,,,
ABS:LCI(1.0.0),2,20003,P2,50,Q,2015-Q1,0.8,,,,
ABS:LCI(1.0.0),2,20003,P2,50,Q,2015-Q2,0.1,,,,
ABS:LCI(1.0.0),2,20003,P2,50,Q,2015-Q3,0.8,,,,
ABS:LCI(1.0.0),2,20003,P2,50,Q,2015-Q4,0.1,,,,
ABS:LCI(1.0.0),2,20003,P2,50,Q,2016-Q1,0.1,,,,
ABS:LCI(1.0.0),2,20003,P2,50,Q,2016-Q2,0.1,,,,
ABS:LCI(1.0.0),2,20003,P2,50,Q,2016-Q3,2,,,,
ABS:LCI(1.0.0),2,20003,P2,50,Q,2016-Q4,0.1,,,,
ABS:LCI(1.0.0),2,20003,P2,50,Q,2017-Q1,1,,,,
ABS:LCI(1.0.0),2,20003,P2,50,Q,2017-Q2,0.2,,,,
ABS:LCI(1.0.0),2,20003,P2,50,Q,2017-Q3,3.6,,,,
ABS:LCI(1.0.0),2,20003,P2,50,Q,2017-Q4,0.2,,,,
ABS:LCI(1.0.0),2,20003,P2,50,Q,2018-Q1,0.7,,,,
ABS:LCI(1.0.0),2,20003,P2,50,Q,2018-Q2,-0.3,,,,
ABS:LCI(1.0.0),2,20003,P2,50,Q,2018-Q3,1.2,,,,
ABS:LCI(1.0.0),2,20003,P2,50,Q,2018-Q4,0.3,,,,
ABS:LCI(1.0.0),2,20003,P2,50,Q,2019-Q1,0,,,,
ABS:LCI(1.0.0),2,20003,P2,50,Q,2019-Q2,-0.2,,,,
ABS:LCI(1.0.0),2,20003,P2,50,Q,2019-Q3,0.9,,,,
ABS:LCI(1.0.0),2,20003,P2,50,Q,2019-Q4,0,,,,
ABS:LCI(1.0.0),2,20003,P2,50,Q,2020-Q1,0.4,,,,
ABS:LCI(1.0.0),2,20003,P2,50,Q,2020-Q2,-1.4,,,,
ABS:LCI(1.0.0),2,20003,P2,50,Q,2020-Q3,0.5,,,,
ABS:LCI(1.0.0),2,20003,P2,50,Q,2020-Q4,-1.7,,,,
ABS:LCI(1.0.0),2,20003,P2,50,Q,2021-Q1,-0.8,,,,
ABS:LCI(1.0.0),2,20003,P2,50,Q,2021-Q2,1.6,,,,
ABS:LCI(1.0.0),2,20003,P2,50,Q,2021-Q3,1.6,,,,
ABS:LCI(1.0.0),2,20003,P2,50,Q,2021-Q4,0.6,,,,
ABS:LCI(1.0.0),2,20003,P2,50,Q,2022-Q1,0.8,,,,
ABS:LCI(1.0.0),2,20003,P2,50,Q,2022-Q2,0.4,,,,
ABS:LCI(1.0.0),2,20003,P2,50,Q,2022-Q3,2.7,,,,
ABS:LCI(1.0.0),2,20003,P2,50,Q,2022-Q4,2,,,,
ABS:LCI(1.0.0),2,20003,P2,50,Q,2023-Q1,3,,,,
ABS:LCI(1.0.0),2,20003,P2,50,Q,2023-Q2,0.4,,,,
ABS:LCI(1.0.0),2,20003,P2,50,Q,2023-Q3,-1.4,,,,
ABS:LCI(1.0.0),2,20003,P2,50,Q,2023-Q4,1.8,,,,
ABS:LCI(1.0.0),2,20003,P2,50,Q,2024-Q1,-1,,,,
ABS:LCI(1.0.0),2,20003,P2,50,Q,2024-Q2,2,,,,
ABS:LCI(1.0.0),2,20003,P2,50,Q,2024-Q3,0.1,,,,
ABS:LCI(1.0.0),2,20003,P2,50,Q,2024-Q4,-2.2,,,,
ABS:LCI(1.0.0),2,20003,P2,50,Q,2025-Q1,2.4,,,,
ABS:LCI(1.0.0),2,20003,P2,50,Q,2025-Q2,4.1,,,,
ABS:LCI(1.0.0),2,20003,P2,50,Q,2025-Q3,4.9,,,,
ABS:LCI(1.0.0),2,20003,P2,50,Q,2025-Q4,-0.8,,,,
ABS:LCI(1.0.0),2,20003,P2,50,Q,2026-Q1,6.1,,,,
ABS:LCI(1.0.0),2,20003,P2,50,Q,2026-Q2,0.4,,,,
ABS:LCI(1.0.0),2,20005,P2,50,Q,2007-Q3,-1,,,,
ABS:LCI(1.0.0),2,20005,P2,50,Q,2007-Q4,3.1,,,,
ABS:LCI(1.0.0),2,20005,P2,50,Q,2008-Q1,2.5,,,,
ABS:LCI(1.0.0),2,20005,P2,50,Q,2008-Q2,3.9,,,,
ABS:LCI(1.0.0),2,20005,P2,50,Q,2008-Q3,1.3,,,,
ABS:LCI(1.0.0),2,20005,P2,50,Q,2008-Q4,-8.3,,,,
ABS:LCI(1.0.0),2,20005,P2,50,Q,2009-Q1,-2.3,,,,
ABS:LCI(1.0.0),2,20005,P2,50,Q,2009-Q2,1.8,,,,
ABS:LCI(1.0.0),2,20005,P2,50,Q,2009-Q3,2.5,,,,
ABS:LCI(1.0.0),2,20005,P2,50,Q,2009-Q4,-1,,,,
ABS:LCI(1.0.0),2,20005,P2,50,Q,2010-Q1,1.7,,,,
ABS:LCI(1.0.0),2,20005,P2,50,Q,2010-Q2,1,,,,
ABS:LCI(1.0.0),2,20005,P2,50,Q,2010-Q3,-0.9,,,,
ABS:LCI(1.0.0),2,20005,P2,50,Q,2010-Q4,0.5,,,,
ABS:LCI(1.0.0),2,20005,P2,50,Q,2011-Q1,3.4,,,,
ABS:LCI(1.0.0),2,20005,P2,50,Q,2011-Q2,1.5,,,,
ABS:LCI(1.0.0),2,20005,P2,50,Q,2011-Q3,0.1,,,,
ABS:LCI(1.0.0),2,20005,P2,50,Q,2011-Q4,0.1,,,,
ABS:LCI(1.0.0),2,20005,P2,50,Q,2012-Q1,1.2,,,,
ABS:LCI(1.0.0),2,20005,P2,50,Q,2012-Q2,1,,,,
ABS:LCI(1.0.0),2,20005,P2,50,Q,2012-Q3,-1.1,,,,
ABS:LCI(1.0.0),2,20005,P2,50,Q,2012-Q4,1,,,,
ABS:LCI(1.0.0),2,20005,P2,50,Q,2013-Q1,0.6,,,,
ABS:LCI(1.0.0),2,20005,P2,50,Q,2013-Q2,-1.1,,,,
ABS:LCI(1.0.0),2,20005,P2,50,Q,2013-Q3,3.1,,,,
ABS:LCI(1.0.0),2,20005,P2,50,Q,2013-Q4,-0.2,,,,
ABS:LCI(1.0.0),2,20005,P2,50,Q,2014-Q1,1.3,,,,
ABS:LCI(1.0.0),2,20005,P2,50,Q,2014-Q2,-1,,,,
ABS:LCI(1.0.0),2,20005,P2,50,Q,2014-Q3,-0.3,,,,
ABS:LCI(1.0.0),2,20005,P2,50,Q,2014-Q4,-2.6,,,,
ABS:LCI(1.0.0),2,20005,P2,50,Q,2015-Q1,-4.1,,,,
ABS:LCI(1.0.0),2,20005,P2,50,Q,2015-Q2,4.2,,,,
ABS:LCI(1.0.0),2,20005,P2,50,Q,2015-Q3,0,,,,
ABS:LCI(1.0.0),2,20005,P2,50,Q,2015-Q4,-1.6,,,,
ABS:LCI(1.0.0),2,20005,P2,50,Q,2016-Q1,-3.3,,,,
ABS:LCI(1.0.0),2,20005,P2,50,Q,2016-Q2,1.6,,,,
ABS:LCI(1.0.0),2,20005,P2,50,Q,2016-Q3,-0.8,,,,
ABS:LCI(1.0.0),2,20005,P2,50,Q,2016-Q4,2.1,,,,
ABS:LCI(1.0.0),2,20005,P2,50,Q,2017-Q1,2,,,,
ABS:LCI(1.0.0),2,20005,P2,50,Q,2017-Q2,-0.8,,,,
ABS:LCI(1.0.0),2,20005,P2,50,Q,2017-Q3,-0.2,,,,
ABS:LCI(1.0.0),2,20005,P2,50,Q,2017-Q4,3.3,,,,
ABS:LCI(1.0.0),2,20005,P2,50,Q,2018-Q1,1,,,,
ABS:LCI(1.0.0),2,20005,P2,50,Q,2018-Q2,2.3,,,,
ABS:LCI(1.0.0),2,20005,P2,50,Q,2018-Q3,0.8,,,,
ABS:LCI(1.0.0),2,20005,P2,50,Q,2018-Q4,-0.9,,,,
ABS:LCI(1.0.0),2,20005,P2,50,Q,2019-Q1,-2.6,,,,
ABS:LCI(1.0.0),2,20005,P2,50,Q,2019-Q2,4.2,,,,
ABS:LCI(1.0.0),2,20005,P2,50,Q,2019-Q3,-0.5,,,,
ABS:LCI(1.0.0),2,20005,P2,50,Q,2019-Q4,1.8,,,,
ABS:LCI(1.0.0),2,20005,P2,50,Q,2020-Q1,-2.5,,,,
ABS:LCI(1.0.0),2,20005,P2,50,Q,2020-Q2,-8.3,,,,
ABS:LCI(1.0.0),2,20005,P2,50,Q,2020-Q3,4.2,,,,
ABS:LCI(1.0.0),2,20005,P2,50,Q,2020-Q4,0.7,,,,
ABS:LCI(1.0.0),2,20005,P2,50,Q,2021-Q1,3.9,,,,
ABS:LCI(1.0.0),2,20005,P2,50,Q,2021-Q2,3.3,,,,
ABS:LCI(1.0.0),2,20005,P2,50,Q,2021-Q3,3.6,,,,
ABS:LCI(1.0.0),2,20005,P2,50,Q,2021-Q4,3.2,,,,
ABS:LCI(1.0.0),2,20005,P2,50,Q,2022-Q1,4.9,,,,
ABS:LCI(1.0.0),2,20005,P2,50,Q,2022-Q2,2.5,,,,
ABS:LCI(1.0.0),2,20005,P2,50,Q,2022-Q3,-0.9,,,,
ABS:LCI(1.0.0),2,20005,P2,50,Q,2022-Q4,1.8,,,,
ABS:LCI(1.0.0),2,20005,P2,50,Q,2023-Q1,0.5,,,,
ABS:LCI(1.0.0),2,20005,P2,50,Q,2023-Q2,-0.1,,,,
ABS:LCI(1.0.0),2,20005,P2,50,Q,2023-Q3,3.6,,,,
ABS:LCI(1.0.0),2,20005,P2,50,Q,2023-Q4,-0.1,,,,
ABS:LCI(1.0.0),2,20005,P2,50,Q,2024-Q1,0.3,,,,
ABS:LCI(1.0.0),2,20005,P2,50,Q,2024-Q2,1,,,,
ABS:LCI(1.0.0),2,20005,P2,50,Q,2024-Q3,-2.6,,,,
ABS:LCI(1.0.0),2,20005,P2,50,Q,2024-Q4,-0.7,,,,
ABS:LCI(1.0.0),2,20005,P2,50,Q,2025-Q1,1,,,,
ABS:LCI(1.0.0),2,20005,P2,50,Q,2025-Q2,-0.8,,,,
ABS:LCI(1.0.0),2,20005,P2,50,Q,2025-Q3,1.2,,,,
ABS:LCI(1.0.0),2,20005,P2,50,Q,2025-Q4,0.6,,,,
ABS:LCI(1.0.0),2,20005,P2,50,Q,2026-Q1,2.4,,,,
ABS:LCI(1.0.0),2,20005,P2,50,Q,2026-Q2,-0.7,,,,
ABS:LCI(1.0.0),2,131279,P4,50,Q,1998-Q3,-0.8,,,,
ABS:LCI(1.0.0),2,131279,P4,50,Q,1998-Q4,-0.9,,,,
ABS:LCI(1.0.0),2,131279,P4,50,Q,1999-Q1,-1.5,,,,
ABS:LCI(1.0.0),2,131279,P4,50,Q,1999-Q2,-1.6,,,,
ABS:LCI(1.0.0),2,131279,P4,50,Q,1999-Q3,-1.4,,,,
ABS:LCI(1.0.0),2,131279,P4,50,Q,1999-Q4,0.5,,,,
ABS:LCI(1.0.0),2,131279,P4,50,Q,2000-Q1,-0.5,,,,
ABS:LCI(1.0.0),2,131279,P4,50,Q,2000-Q2,-2.4,,,,
ABS:LCI(1.0.0),2,131279,P4,50,Q,2000-Q3,4.1,,,,
ABS:LCI(1.0.0),2,131279,P4,50,Q,2000-Q4,2.5,,,,
ABS:LCI(1.0.0),2,131279,P4,50,Q,2001-Q1,-0.4,,,,
ABS:LCI(1.0.0),2,131279,P4,50,Q,2001-Q2,-0.5,,,,
ABS:LCI(1.0.0),2,131279,P4,50,Q,2001-Q3,-0.5,,,,
ABS:LCI(1.0.0),2,131279,P4,50,Q,2001-Q4,-0.6,,,,
ABS:LCI(1.0.0),2,131279,P4,50,Q,2002-Q1,1.9,,,,
ABS:LCI(1.0.0),2,131279,P4,50,Q,2002-Q2,-1.6,,,,
ABS:LCI(1.0.0),2,131279,P4,50,Q,2002-Q3,0.9,,,,
ABS:LCI(1.0.0),2,131279,P4,50,Q,2002-Q4,0.4,,,,
ABS:LCI(1.0.0),2,131279,P4,50,Q,2003-Q1,0.6,,,,
ABS:LCI(1.0.0),2,131279,P4,50,Q,2003-Q2,1.3,,,,
ABS:LCI(1.0.0),2,131279,P4,50,Q,2003-Q3,0.7,,,,
ABS:LCI(1.0.0),2,131279,P4,50,Q,2003-Q4,0.4,,,,
ABS:LCI(1.0.0),2,131279,P4,50,Q,2004-Q1,0.4,,,,
ABS:LCI(1.0.0),2,131279,P4,50,Q,2004-Q2,1.3,,,,
ABS:LCI(1.0.0),2,131279,P4,50,Q,2004-Q3,3,,,,
ABS:LCI(1.0.0),2,131279,P4,50,Q,2004-Q4,0.5,,,,
ABS:LCI(1.0.0),2,131279,P4,50,Q,2005-Q1,0.8,,,,
ABS:LCI(1.0.0),2,131279,P4,50,Q,2005-Q2,0.6,,,,
ABS:LCI(1.0.0),2,131279,P4,50,Q,2005-Q3,0.7,,,,
ABS:LCI(1.0.0),2,131279,P4,50,Q,2005-Q4,-0.9,,,,
ABS:LCI(1.0.0),2,131279,P4,50,Q,2006-Q1,0.4,,,,
ABS:LCI(1.0.0),2,131279,P4,50,Q,2006-Q2,1.2,,,,
ABS:LCI(1.0.0),2,131279,P4,50,Q,2006-Q3,1.8,,,,
ABS:LCI(1.0.0),2,131279,P4,50,Q,2006-Q4,1.8,,,,
ABS:LCI(1.0.0),2,131279,P4,50,Q,2007-Q1,1.4,,,,
ABS:LCI(1.0.0),2,131279,P4,50,Q,2007-Q2,0,,,,
ABS:LCI(1.0.0),2,131279,P4,50,Q,2007-Q3,3.3,,,,
ABS:LCI(1.0.0),2,131279,P4,50,Q,2007-Q4,2.2,,,,
ABS:LCI(1.0.0),2,131279,P4,50,Q,2008-Q1,3.3,,,,
ABS:LCI(1.0.0),2,131279,P4,50,Q,2008-Q2,2.1,,,,
ABS:LCI(1.0.0),2,131279,P4,50,Q,2008-Q3,3.4,,,,
ABS:LCI(1.0.0),2,131279,P4,50,Q,2008-Q4,5.2,,,,
ABS:LCI(1.0.0),2,131279,P4,50,Q,2009-Q1,-4.3,,,,
ABS:LCI(1.0.0),2,131279,P4,50,Q,2009-Q2,-2.7,,,,
ABS:LCI(1.0.0),2,131279,P4,50,Q,2009-Q3,0.2,,,,
ABS:LCI(1.0.0),2,131279,P4,50,Q,2009-Q4,2.3,,,,
ABS:LCI(1.0.0),2,131279,P4,50,Q,2010-Q1,3.5,,,,
ABS:LCI(1.0.0),2,131279,P4,50,Q,2010-Q2,2.4,,,,
ABS:LCI(1.0.0),2,131279,P4,50,Q,2010-Q3,2.2,,,,
ABS:LCI(1.0.0),2,131279,P4,50,Q,2010-Q4,2.5,,,,
ABS:LCI(1.0.0),2,131279,P4,50,Q,2011-Q1,1.7,,,,
ABS:LCI(1.0.0),2,131279,P4,50,Q,2011-Q2,0.7,,,,
ABS:LCI(1.0.0),2,131279,P4,50,Q,2011-Q3,2.5,,,,
ABS:LCI(1.0.0),2,131279,P4,50,Q,2011-Q4,0.4,,,,
ABS:LCI(1.0.0),2,131279,P4,50,Q,2012-Q1,-0.9,,,,
ABS:LCI(1.0.0),2,131279,P4,50,Q,2012-Q2,0,,,,
ABS:LCI(1.0.0),2,131279,P4,50,Q,2012-Q3,-0.8,,,,
ABS:LCI(1.0.0),2,131279,P4,50,Q,2012-Q4,-0.2,,,,
ABS:LCI(1.0.0),2,131279,P4,50,Q,2013-Q1,-0.1,,,,
ABS:LCI(1.0.0),2,131279,P4,50,Q,2013-Q2,-1.5,,,,
ABS:LCI(1.0.0),2,131279,P4,50,Q,2013-Q3,0.8,,,,
ABS:LCI(1.0.0),2,131279,P4,50,Q,2013-Q4,-0.4,,,,
ABS:LCI(1.0.0),2,131279,P4,50,Q,2014-Q1,0.9,,,,
ABS:LCI(1.0.0),2,131279,P4,50,Q,2014-Q2,-1.3,,,,
ABS:LCI(1.0.0),2,131279,P4,50,Q,2014-Q3,0.9,,,,
ABS:LCI(1.0.0),2,131279,P4,50,Q,2014-Q4,-0.7,,,,
ABS:LCI(1.0.0),2,131279,P4,50,Q,2015-Q1,0.5,,,,
ABS:LCI(1.0.0),2,131279,P4,50,Q,2015-Q2,-1.2,,,,
ABS:LCI(1.0.0),2,131279,P4,50,Q,2015-Q3,0.6,,,,
ABS:LCI(1.0.0),2,131279,P4,50,Q,2015-Q4,-0.3,,,,
ABS:LCI(1.0.0),2,131279,P4,50,Q,2016-Q1,0.7,,,,
ABS:LCI(1.0.0),2,131279,P4,50,Q,2016-Q2,0.2,,,,
ABS:LCI(1.0.0),2,131279,P4,50,Q,2016-Q3,0.6,,,,
ABS:LCI(1.0.0),2,131279,P4,50,Q,2016-Q4,-0.6,,,,
ABS:LCI(1.0.0),2,131279,P4,50,Q,2017-Q1,-0.3,,,,
ABS:LCI(1.0.0),2,131279,P4,50,Q,2017-Q2,0.4,,,,
ABS:LCI(1.0.0),2,131279,P4,50,Q,2017-Q3,1.2,,,,
ABS:LCI(1.0.0),2,131279,P4,50,Q,2017-Q4,0.1,,,,
ABS:LCI(1.0.0),2,131279,P4,50,Q,2018-Q1,1.2,,,,
ABS:LCI(1.0.0),2,131279,P4,50,Q,2018-Q2,-0.3,,,,
ABS:LCI(1.0.0),2,131279,P4,50,Q,2018-Q3,0.7,,,,
ABS:LCI(1.0.0),2,131279,P4,50,Q,2018-Q4,-0.1,,,,
ABS:LCI(1.0.0),2,131279,P4,50,Q,2019-Q1,-0.7,,,,
ABS:LCI(1.0.0),2,131279,P4,50,Q,2019-Q2,0,,,,
ABS:LCI(1.0.0),2,131279,P4,50,Q,2019-Q3,1.1,,,,
ABS:LCI(1.0.0),2,131279,P4,50,Q,2019-Q4,-0.5,,,,
ABS:LCI(1.0.0),2,131279,P4,50,Q,2020-Q1,-0.2,,,,
ABS:LCI(1.0.0),2,131279,P4,50,Q,2020-Q2,1.8,,,,
ABS:LCI(1.0.0),2,131279,P4,50,Q,2020-Q3,-3.8,,,,
ABS:LCI(1.0.0),2,131279,P4,50,Q,2020-Q4,-2.9,,,,
ABS:LCI(1.0.0),2,131279,P4,50,Q,2021-Q1,-0.9,,,,
ABS:LCI(1.0.0),2,131279,P4,50,Q,2021-Q2,-1.6,,,,
ABS:LCI(1.0.0),2,131279,P4,50,Q,2021-Q3,1.1,,,,
ABS:LCI(1.0.0),2,131279,P4,50,Q,2021-Q4,-2.6,,,,
ABS:LCI(1.0.0),2,131279,P4,50,Q,2022-Q1,-1.4,,,,
ABS:LCI(1.0.0),2,131279,P4,50,Q,2022-Q2,-0.9,,,,
ABS:LCI(1.0.0),2,131279,P4,50,Q,2022-Q3,1,,,,
ABS:LCI(1.0.0),2,131279,P4,50,Q,2022-Q4,1.9,,,,
ABS:LCI(1.0.0),2,131279,P4,50,Q,2023-Q1,3,,,,
ABS:LCI(1.0.0),2,131279,P4,50,Q,2023-Q2,1.5,,,,
ABS:LCI(1.0.0),2,131279,P4,50,Q,2023-Q3,3.4,,,,
ABS:LCI(1.0.0),2,131279,P4,50,Q,2023-Q4,2.9,,,,
ABS:LCI(1.0.0),2,131279,P4,50,Q,2024-Q1,2.4,,,,
ABS:LCI(1.0.0),2,131279,P4,50,Q,2024-Q2,2.1,,,,
ABS:LCI(1.0.0),2,131279,P4,50,Q,2024-Q3,3.1,,,,
ABS:LCI(1.0.0),2,131279,P4,50,Q,2024-Q4,0.2,,,,
ABS:LCI(1.0.0),2,131279,P4,50,Q,2025-Q1,2.5,,,,
ABS:LCI(1.0.0),2,131279,P4,50,Q,2025-Q2,1.2,,,,
ABS:LCI(1.0.0),2,131279,P4,50,Q,2025-Q3,0.3,,,,
ABS:LCI(1.0.0),2,131279,P4,50,Q,2025-Q4,-0.5,,,,
ABS:LCI(1.0.0),2,131279,P4,50,Q,2026-Q1,1.4,,,,
ABS:LCI(1.0.0),2,131279,P4,50,Q,2026-Q2,1.1,,,,
ABS:LCI(1.0.0),2,131278,P4,50,Q,1998-Q3,0.8,,,,
ABS:LCI(1.0.0),2,131278,P4,50,Q,1998-Q4,0.8,,,,
ABS:LCI(1.0.0),2,131278,P4,50,Q,1999-Q1,-1.5,,,,
ABS:LCI(1.0.0),2,131278,P4,50,Q,1999-Q2,-0.2,,,,
ABS:LCI(1.0.0),2,131278,P4,50,Q,1999-Q3,1.1,,,,
ABS:LCI(1.0.0),2,131278,P4,50,Q,1999-Q4,1.7,,,,
ABS:LCI(1.0.0),2,131278,P4,50,Q,2000-Q1,6,,,,
ABS:LCI(1.0.0),2,131278,P4,50,Q,2000-Q2,1.3,,,,
ABS:LCI(1.0.0),2,131278,P4,50,Q,2000-Q3,15.9,,,,
ABS:LCI(1.0.0),2,131278,P4,50,Q,2000-Q4,3.8,,,,
ABS:LCI(1.0.0),2,131278,P4,50,Q,2001-Q1,1.3,,,,
ABS:LCI(1.0.0),2,131278,P4,50,Q,2001-Q2,-11.2,,,,
ABS:LCI(1.0.0),2,131278,P4,50,Q,2001-Q3,-2,,,,
ABS:LCI(1.0.0),2,131278,P4,50,Q,2001-Q4,-3.6,,,,
ABS:LCI(1.0.0),2,131278,P4,50,Q,2002-Q1,1.9,,,,
ABS:LCI(1.0.0),2,131278,P4,50,Q,2002-Q2,-3.3,,,,
ABS:LCI(1.0.0),2,131278,P4,50,Q,2002-Q3,9.3,,,,
ABS:LCI(1.0.0),2,131278,P4,50,Q,2002-Q4,2.7,,,,
ABS:LCI(1.0.0),2,131278,P4,50,Q,2003-Q1,2.6,,,,
ABS:LCI(1.0.0),2,131278,P4,50,Q,2003-Q2,2.5,,,,
ABS:LCI(1.0.0),2,131278,P4,50,Q,2003-Q3,2.7,,,,
ABS:LCI(1.0.0),2,131278,P4,50,Q,2003-Q4,3.4,,,,
ABS:LCI(1.0.0),2,131278,P4,50,Q,2004-Q1,8.9,,,,
ABS:LCI(1.0.0),2,131278,P4,50,Q,2004-Q2,3.9,,,,
ABS:LCI(1.0.0),2,131278,P4,50,Q,2004-Q3,2.5,,,,
ABS:LCI(1.0.0),2,131278,P4,50,Q,2004-Q4,2.3,,,,
ABS:LCI(1.0.0),2,131278,P4,50,Q,2005-Q1,2.1,,,,
ABS:LCI(1.0.0),2,131278,P4,50,Q,2005-Q2,5.2,,,,
ABS:LCI(1.0.0),2,131278,P4,50,Q,2005-Q3,2.1,,,,
ABS:LCI(1.0.0),2,131278,P4,50,Q,2005-Q4,0,,,,
ABS:LCI(1.0.0),2,131278,P4,50,Q,2006-Q1,3.5,,,,
ABS:LCI(1.0.0),2,131278,P4,50,Q,2006-Q2,2.6,,,,
ABS:LCI(1.0.0),2,131278,P4,50,Q,2006-Q3,4.9,,,,
ABS:LCI(1.0.0),2,131278,P4,50,Q,2006-Q4,5,,,,
ABS:LCI(1.0.0),2,131278,P4,50,Q,2007-Q1,3.7,,,,
ABS:LCI(1.0.0),2,131278,P4,50,Q,2007-Q2,2.5,,,,
ABS:LCI(1.0.0),2,131278,P4,50,Q,2007-Q3,4.7,,,,
ABS:LCI(1.0.0),2,131278,P4,50,Q,2007-Q4,2.5,,,,
ABS:LCI(1.0.0),2,131278,P4,50,Q,2008-Q1,7.4,,,,
ABS:LCI(1.0.0),2,131278,P4,50,Q,2008-Q2,8.7,,,,
ABS:LCI(1.0.0),2,131278,P4,50,Q,2008-Q3,2.4,,,,
ABS:LCI(1.0.0),2,131278,P4,50,Q,2008-Q4,-3.6,,,,
ABS:LCI(1.0.0),2,131278,P4,50,Q,2009-Q1,-10.7,,,,
ABS:LCI(1.0.0),2,131278,P4,50,Q,2009-Q2,-22.8,,,,
ABS:LCI(1.0.0),2,131278,P4,50,Q,2009-Q3,0,,,,
ABS:LCI(1.0.0),2,131278,P4,50,Q,2009-Q4,4.4,,,,
ABS:LCI(1.0.0),2,131278,P4,50,Q,2010-Q1,9.8,,,,
ABS:LCI(1.0.0),2,131278,P4,50,Q,2010-Q2,9.5,,,,
ABS:LCI(1.0.0),2,131278,P4,50,Q,2010-Q3,5.2,,,,
ABS:LCI(1.0.0),2,131278,P4,50,Q,2010-Q4,2.8,,,,
ABS:LCI(1.0.0),2,131278,P4,50,Q,2011-Q1,4.4,,,,
ABS:LCI(1.0.0),2,131278,P4,50,Q,2011-Q2,1.3,,,,
ABS:LCI(1.0.0),2,131278,P4,50,Q,2011-Q3,0.5,,,,
ABS:LCI(1.0.0),2,131278,P4,50,Q,2011-Q4,0.4,,,,
ABS:LCI(1.0.0),2,131278,P4,50,Q,2012-Q1,-4.1,,,,
ABS:LCI(1.0.0),2,131278,P4,50,Q,2012-Q2,-0.5,,,,
ABS:LCI(1.0.0),2,131278,P4,50,Q,2012-Q3,-6.3,,,,
ABS:LCI(1.0.0),2,131278,P4,50,Q,2012-Q4,-1.9,,,,
ABS:LCI(1.0.0),2,131278,P4,50,Q,2013-Q1,-4,,,,
ABS:LCI(1.0.0),2,131278,P4,50,Q,2013-Q2,-1,,,,
ABS:LCI(1.0.0),2,131278,P4,50,Q,2013-Q3,-3.7,,,,
ABS:LCI(1.0.0),2,131278,P4,50,Q,2013-Q4,-3,,,,
ABS:LCI(1.0.0),2,131278,P4,50,Q,2014-Q1,1.1,,,,
ABS:LCI(1.0.0),2,131278,P4,50,Q,2014-Q2,0.7,,,,
ABS:LCI(1.0.0),2,131278,P4,50,Q,2014-Q3,0.5,,,,
ABS:LCI(1.0.0),2,131278,P4,50,Q,2014-Q4,0.9,,,,
ABS:LCI(1.0.0),2,131278,P4,50,Q,2015-Q1,-0.1,,,,
ABS:LCI(1.0.0),2,131278,P4,50,Q,2015-Q2,-3,,,,
ABS:LCI(1.0.0),2,131278,P4,50,Q,2015-Q3,-2.1,,,,
ABS:LCI(1.0.0),2,131278,P4,50,Q,2015-Q4,1.2,,,,
ABS:LCI(1.0.0),2,131278,P4,50,Q,2016-Q1,2.9,,,,
ABS:LCI(1.0.0),2,131278,P4,50,Q,2016-Q2,-0.3,,,,
ABS:LCI(1.0.0),2,131278,P4,50,Q,2016-Q3,-4,,,,
ABS:LCI(1.0.0),2,131278,P4,50,Q,2016-Q4,-2.7,,,,
ABS:LCI(1.0.0),2,131278,P4,50,Q,2017-Q1,1.6,,,,
ABS:LCI(1.0.0),2,131278,P4,50,Q,2017-Q2,0.2,,,,
ABS:LCI(1.0.0),2,131278,P4,50,Q,2017-Q3,2,,,,
ABS:LCI(1.0.0),2,131278,P4,50,Q,2017-Q4,0.7,,,,
ABS:LCI(1.0.0),2,131278,P4,50,Q,2018-Q1,0.5,,,,
ABS:LCI(1.0.0),2,131278,P4,50,Q,2018-Q2,0.4,,,,
ABS:LCI(1.0.0),2,131278,P4,50,Q,2018-Q3,0.4,,,,
ABS:LCI(1.0.0),2,131278,P4,50,Q,2018-Q4,1.4,,,,
ABS:LCI(1.0.0),2,131278,P4,50,Q,2019-Q1,0.3,,,,
ABS:LCI(1.0.0),2,131278,P4,50,Q,2019-Q2,0.1,,,,
ABS:LCI(1.0.0),2,131278,P4,50,Q,2019-Q3,-7.4,,,,
ABS:LCI(1.0.0),2,131278,P4,50,Q,2019-Q4,-4.8,,,,
ABS:LCI(1.0.0),2,131278,P4,50,Q,2020-Q1,-2.4,,,,
ABS:LCI(1.0.0),2,131278,P4,50,Q,2020-Q2,-4.8,,,,
ABS:LCI(1.0.0),2,131278,P4,50,Q,2020-Q3,-6.4,,,,
ABS:LCI(1.0.0),2,131278,P4,50,Q,2020-Q4,-2,,,,
ABS:LCI(1.0.0),2,131278,P4,50,Q,2021-Q1,-2.2,,,,
ABS:LCI(1.0.0),2,131278,P4,50,Q,2021-Q2,-2.2,,,,
ABS:LCI(1.0.0),2,131278,P4,50,Q,2021-Q3,-1.6,,,,
ABS:LCI(1.0.0),2,131278,P4,50,Q,2021-Q4,-1.5,,,,
ABS:LCI(1.0.0),2,131278,P4,50,Q,2022-Q1,0.1,,,,
ABS:LCI(1.0.0),2,131278,P4,50,Q,2022-Q2,2.5,,,,
ABS:LCI(1.0.0),2,131278,P4,50,Q,2022-Q3,24.1,,,,
ABS:LCI(1.0.0),2,131278,P4,50,Q,2022-Q4,26.7,,,,
ABS:LCI(1.0.0),2,131278,P4,50,Q,2023-Q1,10.9,,,,
ABS:LCI(1.0.0),2,131278,P4,50,Q,2023-Q2,9.7,,,,
ABS:LCI(1.0.0),2,131278,P4,50,Q,2023-Q3,9.2,,,,
ABS:LCI(1.0.0),2,131278,P4,50,Q,2023-Q4,5.4,,,,
ABS:LCI(1.0.0),2,131278,P4,50,Q,2024-Q1,7,,,,
ABS:LCI(1.0.0),2,131278,P4,50,Q,2024-Q2,2.5,,,,
ABS:LCI(1.0.0),2,131278,P4,50,Q,2024-Q3,2.6,,,,
ABS:LCI(1.0.0),2,131278,P4,50,Q,2024-Q4,1.6,,,,
ABS:LCI(1.0.0),2,131278,P4,50,Q,2025-Q1,1.4,,,,
ABS:LCI(1.0.0),2,131278,P4,50,Q,2025-Q2,-1.5,,,,
ABS:LCI(1.0.0),2,131278,P4,50,Q,2025-Q3,-3.9,,,,
ABS:LCI(1.0.0),2,131278,P4,50,Q,2025-Q4,-2.9,,,,
ABS:LCI(1.0.0),2,131278,P4,50,Q,2026-Q1,1.4,,,,
ABS:LCI(1.0.0),2,131278,P4,50,Q,2026-Q2,8,,,,
ABS:LCI(1.0.0),3,20006,P2,50,Q,2008-Q2,4.7,,,,
ABS:LCI(1.0.0),3,20006,P2,50,Q,2008-Q3,5.7,,,,
ABS:LCI(1.0.0),3,20006,P2,50,Q,2008-Q4,5.7,,,,
ABS:LCI(1.0.0),3,20006,P2,50,Q,2009-Q1,5.6,,,,
ABS:LCI(1.0.0),3,20006,P2,50,Q,2009-Q2,4.7,,,,
ABS:LCI(1.0.0),3,20006,P2,50,Q,2009-Q3,4.1,,,,
ABS:LCI(1.0.0),3,20006,P2,50,Q,2009-Q4,3.3,,,,
ABS:LCI(1.0.0),3,20006,P2,50,Q,2010-Q1,3.6,,,,
ABS:LCI(1.0.0),3,20006,P2,50,Q,2010-Q2,8.5,,,,
ABS:LCI(1.0.0),3,20006,P2,50,Q,2010-Q3,10.8,,,,
ABS:LCI(1.0.0),3,20006,P2,50,Q,2010-Q4,11,,,,
ABS:LCI(1.0.0),3,20006,P2,50,Q,2011-Q1,10.8,,,,
ABS:LCI(1.0.0),3,20006,P2,50,Q,2011-Q2,5.5,,,,
ABS:LCI(1.0.0),3,20006,P2,50,Q,2011-Q3,2.9,,,,
ABS:LCI(1.0.0),3,20006,P2,50,Q,2011-Q4,3,,,,
ABS:LCI(1.0.0),3,20006,P2,50,Q,2012-Q1,3.3,,,,
ABS:LCI(1.0.0),3,20006,P2,50,Q,2012-Q2,3.6,,,,
ABS:LCI(1.0.0),3,20006,P2,50,Q,2012-Q3,4,,,,
ABS:LCI(1.0.0),3,20006,P2,50,Q,2012-Q4,3.3,,,,
ABS:LCI(1.0.0),3,20006,P2,50,Q,2013-Q1,3.5,,,,
ABS:LCI(1.0.0),3,20006,P2,50,Q,2013-Q2,3.9,,,,
ABS:LCI(1.0.0),3,20006,P2,50,Q,2013-Q3,3.9,,,,
ABS:LCI(1.0.0),3,20006,P2,50,Q,2013-Q4,5.3,,,,
ABS:LCI(1.0.0),3,20006,P2,50,Q,2014-Q1,6.5,,,,
ABS:LCI(1.0.0),3,20006,P2,50,Q,2014-Q2,6.7,,,,
ABS:LCI(1.0.0),3,20006,P2,50,Q,2014-Q3,6.8,,,,
ABS:LCI(1.0.0),3,20006,P2,50,Q,2014-Q4,6.7,,,,
ABS:LCI(1.0.0),3,20006,P2,50,Q,2015-Q1,4.7,,,,
ABS:LCI(1.0.0),3,20006,P2,50,Q,2015-Q2,4.3,,,,
ABS:LCI(1.0.0),3,20006,P2,50,Q,2015-Q3,4.4,,,,
ABS:LCI(1.0.0),3,20006,P2,50,Q,2015-Q4,5.3,,,,
ABS:LCI(1.0.0),3,20006,P2,50,Q,2016-Q1,5.5,,,,
ABS:LCI(1.0.0),3,20006,P2,50,Q,2016-Q2,5.2,,,,
ABS:LCI(1.0.0),3,20006,P2,50,Q,2016-Q3,5.2,,,,
ABS:LCI(1.0.0),3,20006,P2,50,Q,2016-Q4,5.3,,,,
ABS:LCI(1.0.0),3,20006,P2,50,Q,2017-Q1,5.6,,,,
ABS:LCI(1.0.0),3,20006,P2,50,Q,2017-Q2,5.5,,,,
ABS:LCI(1.0.0),3,20006,P2,50,Q,2017-Q3,6.5,,,,
ABS:LCI(1.0.0),3,20006,P2,50,Q,2017-Q4,7.5,,,,
ABS:LCI(1.0.0),3,20006,P2,50,Q,2018-Q1,7,,,,
ABS:LCI(1.0.0),3,20006,P2,50,Q,2018-Q2,7.9,,,,
ABS:LCI(1.0.0),3,20006,P2,50,Q,2018-Q3,7.1,,,,
ABS:LCI(1.0.0),3,20006,P2,50,Q,2018-Q4,7,,,,
ABS:LCI(1.0.0),3,20006,P2,50,Q,2019-Q1,6.5,,,,
ABS:LCI(1.0.0),3,20006,P2,50,Q,2019-Q2,6.1,,,,
ABS:LCI(1.0.0),3,20006,P2,50,Q,2019-Q3,6.8,,,,
ABS:LCI(1.0.0),3,20006,P2,50,Q,2019-Q4,6.7,,,,
ABS:LCI(1.0.0),3,20006,P2,50,Q,2020-Q1,8.1,,,,
ABS:LCI(1.0.0),3,20006,P2,50,Q,2020-Q2,8.7,,,,
ABS:LCI(1.0.0),3,20006,P2,50,Q,2020-Q3,8.3,,,,
ABS:LCI(1.0.0),3,20006,P2,50,Q,2020-Q4,9.6,,,,
ABS:LCI(1.0.0),3,20006,P2,50,Q,2021-Q1,8.2,,,,
ABS:LCI(1.0.0),3,20006,P2,50,Q,2021-Q2,6.9,,,,
ABS:LCI(1.0.0),3,20006,P2,50,Q,2021-Q3,4.5,,,,
ABS:LCI(1.0.0),3,20006,P2,50,Q,2021-Q4,1,,,,
ABS:LCI(1.0.0),3,20006,P2,50,Q,2022-Q1,1.8,,,,
ABS:LCI(1.0.0),3,20006,P2,50,Q,2022-Q2,2.2,,,,
ABS:LCI(1.0.0),3,20006,P2,50,Q,2022-Q3,4,,,,
ABS:LCI(1.0.0),3,20006,P2,50,Q,2022-Q4,4.3,,,,
ABS:LCI(1.0.0),3,20006,P2,50,Q,2023-Q1,4.3,,,,
ABS:LCI(1.0.0),3,20006,P2,50,Q,2023-Q2,4.6,,,,
ABS:LCI(1.0.0),3,20006,P2,50,Q,2023-Q3,4.8,,,,
ABS:LCI(1.0.0),3,20006,P2,50,Q,2023-Q4,6.7,,,,
ABS:LCI(1.0.0),3,20006,P2,50,Q,2024-Q1,6.4,,,,
ABS:LCI(1.0.0),3,20006,P2,50,Q,2024-Q2,7,,,,
ABS:LCI(1.0.0),3,20006,P2,50,Q,2024-Q3,6.9,,,,
ABS:LCI(1.0.0),3,20006,P2,50,Q,2024-Q4,6.4,,,,
ABS:LCI(1.0.0),3,20006,P2,50,Q,2025-Q1,6.8,,,,
ABS:LCI(1.0.0),3,20006,P2,50,Q,2025-Q2,5.9,,,,
ABS:LCI(1.0.0),3,20006,P2,50,Q,2025-Q3,6.2,,,,
ABS:LCI(1.0.0),3,20006,P2,50,Q,2025-Q4,4.7,,,,
ABS:LCI(1.0.0),3,20006,P2,50,Q,2026-Q1,4.7,,,,
ABS:LCI(1.0.0),3,20006,P2,50,Q,2026-Q2,4.6,,,,
ABS:LCI(1.0.0),3,115486,PBLCI,50,Q,2008-Q2,4.4,,,,
ABS:LCI(1.0.0),3,115486,PBLCI,50,Q,2008-Q3,4.6,,,,
ABS:LCI(1.0.0),3,115486,PBLCI,50,Q,2008-Q4,4.6,,,,
ABS:LCI(1.0.0),3,115486,PBLCI,50,Q,2009-Q1,5,,,,
ABS:LCI(1.0.0),3,115486,PBLCI,50,Q,2009-Q2,4.8,,,,
ABS:LCI(1.0.0),3,115486,PBLCI,50,Q,2009-Q3,4.4,,,,
ABS:LCI(1.0.0),3,115486,PBLCI,50,Q,2009-Q4,4.3,,,,
ABS:LCI(1.0.0),3,115486,PBLCI,50,Q,2010-Q1,4.4,,,,
ABS:LCI(1.0.0),3,115486,PBLCI,50,Q,2010-Q2,4.3,,,,
ABS:LCI(1.0.0),3,115486,PBLCI,50,Q,2010-Q3,4.3,,,,
ABS:LCI(1.0.0),3,115486,PBLCI,50,Q,2010-Q4,4.2,,,,
ABS:LCI(1.0.0),3,115486,PBLCI,50,Q,2011-Q1,3.7,,,,
ABS:LCI(1.0.0),3,115486,PBLCI,50,Q,2011-Q2,3.8,,,,
ABS:LCI(1.0.0),3,115486,PBLCI,50,Q,2011-Q3,3.2,,,,
ABS:LCI(1.0.0),3,115486,PBLCI,50,Q,2011-Q4,2.6,,,,
ABS:LCI(1.0.0),3,115486,PBLCI,50,Q,2012-Q1,4.5,,,,
ABS:LCI(1.0.0),3,115486,PBLCI,50,Q,2012-Q2,3.5,,,,
ABS:LCI(1.0.0),3,115486,PBLCI,50,Q,2012-Q3,6.1,,,,
ABS:LCI(1.0.0),3,115486,PBLCI,50,Q,2012-Q4,6.2,,,,
ABS:LCI(1.0.0),3,115486,PBLCI,50,Q,2013-Q1,5.3,,,,
ABS:LCI(1.0.0),3,115486,PBLCI,50,Q,2013-Q2,5.3,,,,
ABS:LCI(1.0.0),3,115486,PBLCI,50,Q,2013-Q3,3.5,,,,
ABS:LCI(1.0.0),3,115486,PBLCI,50,Q,2013-Q4,4,,,,
ABS:LCI(1.0.0),3,115486,PBLCI,50,Q,2014-Q1,3.3,,,,
ABS:LCI(1.0.0),3,115486,PBLCI,50,Q,2014-Q2,4.1,,,,
ABS:LCI(1.0.0),3,115486,PBLCI,50,Q,2014-Q3,4.4,,,,
ABS:LCI(1.0.0),3,115486,PBLCI,50,Q,2014-Q4,3.8,,,,
ABS:LCI(1.0.0),3,115486,PBLCI,50,Q,2015-Q1,4.1,,,,
ABS:LCI(1.0.0),3,115486,PBLCI,50,Q,2015-Q2,4.2,,,,
ABS:LCI(1.0.0),3,115486,PBLCI,50,Q,2015-Q3,3.9,,,,
ABS:LCI(1.0.0),3,115486,PBLCI,50,Q,2015-Q4,4.7,,,,
ABS:LCI(1.0.0),3,115486,PBLCI,50,Q,2016-Q1,3.7,,,,
ABS:LCI(1.0.0),3,115486,PBLCI,50,Q,2016-Q2,3.5,,,,
ABS:LCI(1.0.0),3,115486,PBLCI,50,Q,2016-Q3,3.5,,,,
ABS:LCI(1.0.0),3,115486,PBLCI,50,Q,2016-Q4,3.2,,,,
ABS:LCI(1.0.0),3,115486,PBLCI,50,Q,2017-Q1,3.3,,,,
ABS:LCI(1.0.0),3,115486,PBLCI,50,Q,2017-Q2,3.7,,,,
ABS:LCI(1.0.0),3,115486,PBLCI,50,Q,2017-Q3,4.4,,,,
ABS:LCI(1.0.0),3,115486,PBLCI,50,Q,2017-Q4,4.6,,,,
ABS:LCI(1.0.0),3,115486,PBLCI,50,Q,2018-Q1,4.4,,,,
ABS:LCI(1.0.0),3,115486,PBLCI,50,Q,2018-Q2,3.4,,,,
ABS:LCI(1.0.0),3,115486,PBLCI,50,Q,2018-Q3,2.8,,,,
ABS:LCI(1.0.0),3,115486,PBLCI,50,Q,2018-Q4,3.4,,,,
ABS:LCI(1.0.0),3,115486,PBLCI,50,Q,2019-Q1,2.7,,,,
ABS:LCI(1.0.0),3,115486,PBLCI,50,Q,2019-Q2,2.8,,,,
ABS:LCI(1.0.0),3,115486,PBLCI,50,Q,2019-Q3,3.4,,,,
ABS:LCI(1.0.0),3,115486,PBLCI,50,Q,2019-Q4,3.3,,,,
ABS:LCI(1.0.0),3,115486,PBLCI,50,Q,2020-Q1,3,,,,
ABS:LCI(1.0.0),3,115486,PBLCI,50,Q,2020-Q2,1.1,,,,
ABS:LCI(1.0.0),3,115486,PBLCI,50,Q,2020-Q3,0.4,,,,
ABS:LCI(1.0.0),3,115486,PBLCI,50,Q,2020-Q4,1.3,,,,
ABS:LCI(1.0.0),3,115486,PBLCI,50,Q,2021-Q1,2.3,,,,
ABS:LCI(1.0.0),3,115486,PBLCI,50,Q,2021-Q2,3.3,,,,
ABS:LCI(1.0.0),3,115486,PBLCI,50,Q,2021-Q3,4,,,,
ABS:LCI(1.0.0),3,115486,PBLCI,50,Q,2021-Q4,3.2,,,,
ABS:LCI(1.0.0),3,115486,PBLCI,50,Q,2022-Q1,3.4,,,,
ABS:LCI(1.0.0),3,115486,PBLCI,50,Q,2022-Q2,2,,,,
ABS:LCI(1.0.0),3,115486,PBLCI,50,Q,2022-Q3,1.9,,,,
ABS:LCI(1.0.0),3,115486,PBLCI,50,Q,2022-Q4,2.9,,,,
ABS:LCI(1.0.0),3,115486,PBLCI,50,Q,2023-Q1,5,,,,
ABS:LCI(1.0.0),3,115486,PBLCI,50,Q,2023-Q2,5.7,,,,
ABS:LCI(1.0.0),3,115486,PBLCI,50,Q,2023-Q3,4.9,,,,
ABS:LCI(1.0.0),3,115486,PBLCI,50,Q,2023-Q4,4.6,,,,
ABS:LCI(1.0.0),3,115486,PBLCI,50,Q,2024-Q1,3.4,,,,
ABS:LCI(1.0.0),3,115486,PBLCI,50,Q,2024-Q2,4,,,,
ABS:LCI(1.0.0),3,115486,PBLCI,50,Q,2024-Q3,4.7,,,,
ABS:LCI(1.0.0),3,115486,PBLCI,50,Q,2024-Q4,4.3,,,,
ABS:LCI(1.0.0),3,115486,PBLCI,50,Q,2025-Q1,4.9,,,,
ABS:LCI(1.0.0),3,115486,PBLCI,50,Q,2025-Q2,4.1,,,,
ABS:LCI(1.0.0),3,115486,PBLCI,50,Q,2025-Q3,3.8,,,,
ABS:LCI(1.0.0),3,115486,PBLCI,50,Q,2025-Q4,3.4,,,,
ABS:LCI(1.0.0),3,115486,PBLCI,50,Q,2026-Q1,2.7,,,,
ABS:LCI(1.0.0),3,115486,PBLCI,50,Q,2026-Q2,3.6,,,,
ABS:LCI(1.0.0),3,131278,P3,50,Q,1999-Q2,0,,,,
ABS:LCI(1.0.0),3,131278,P3,50,Q,1999-Q3,0.2,,,,
ABS:LCI(1.0.0),3,131278,P3,50,Q,1999-Q4,1.1,,,,
ABS:LCI(1.0.0),3,131278,P3,50,Q,2000-Q1,8.8,,,,
ABS:LCI(1.0.0),3,131278,P3,50,Q,2000-Q2,10.3,,,,
ABS:LCI(1.0.0),3,131278,P3,50,Q,2000-Q3,26.4,,,,
ABS:LCI(1.0.0),3,131278,P3,50,Q,2000-Q4,29,,,,
ABS:LCI(1.0.0),3,131278,P3,50,Q,2001-Q1,23.1,,,,
ABS:LCI(1.0.0),3,131278,P3,50,Q,2001-Q2,7.7,,,,
ABS:LCI(1.0.0),3,131278,P3,50,Q,2001-Q3,-8.9,,,,
ABS:LCI(1.0.0),3,131278,P3,50,Q,2001-Q4,-15.5,,,,
ABS:LCI(1.0.0),3,131278,P3,50,Q,2002-Q1,-15,,,,
ABS:LCI(1.0.0),3,131278,P3,50,Q,2002-Q2,-7.5,,,,
ABS:LCI(1.0.0),3,131278,P3,50,Q,2002-Q3,3.3,,,,
ABS:LCI(1.0.0),3,131278,P3,50,Q,2002-Q4,10.1,,,,
ABS:LCI(1.0.0),3,131278,P3,50,Q,2003-Q1,10.8,,,,
ABS:LCI(1.0.0),3,131278,P3,50,Q,2003-Q2,17.6,,,,
ABS:LCI(1.0.0),3,131278,P3,50,Q,2003-Q3,10.6,,,,
ABS:LCI(1.0.0),3,131278,P3,50,Q,2003-Q4,11.3,,,,
ABS:LCI(1.0.0),3,131278,P3,50,Q,2004-Q1,18.5,,,,
ABS:LCI(1.0.0),3,131278,P3,50,Q,2004-Q2,20.2,,,,
ABS:LCI(1.0.0),3,131278,P3,50,Q,2004-Q3,20.1,,,,
ABS:LCI(1.0.0),3,131278,P3,50,Q,2004-Q4,19.1,,,,
ABS:LCI(1.0.0),3,131278,P3,50,Q,2005-Q1,11.7,,,,
ABS:LCI(1.0.0),3,131278,P3,50,Q,2005-Q2,13.2,,,,
ABS:LCI(1.0.0),3,131278,P3,50,Q,2005-Q3,12.7,,,,
ABS:LCI(1.0.0),3,131278,P3,50,Q,2005-Q4,10,,,,
ABS:LCI(1.0.0),3,131278,P3,50,Q,2006-Q1,11.5,,,,
ABS:LCI(1.0.0),3,131278,P3,50,Q,2006-Q2,8.7,,,,
ABS:LCI(1.0.0),3,131278,P3,50,Q,2006-Q3,11.7,,,,
ABS:LCI(1.0.0),3,131278,P3,50,Q,2006-Q4,17.4,,,,
ABS:LCI(1.0.0),3,131278,P3,50,Q,2007-Q1,17.6,,,,
ABS:LCI(1.0.0),3,131278,P3,50,Q,2007-Q2,17.5,,,,
ABS:LCI(1.0.0),3,131278,P3,50,Q,2007-Q3,17.3,,,,
ABS:LCI(1.0.0),3,131278,P3,50,Q,2007-Q4,14.6,,,,
ABS:LCI(1.0.0),3,131278,P3,50,Q,2008-Q1,18.6,,,,
ABS:LCI(1.0.0),3,131278,P3,50,Q,2008-Q2,25.7,,,,
ABS:LCI(1.0.0),3,131278,P3,50,Q,2008-Q3,22.9,,,,
ABS:LCI(1.0.0),3,131278,P3,50,Q,2008-Q4,15.4,,,,
ABS:LCI(1.0.0),3,131278,P3,50,Q,2009-Q1,-4.1,,,,
ABS:LCI(1.0.0),3,131278,P3,50,Q,2009-Q2,-31.8,,,,
ABS:LCI(1.0.0),3,131278,P3,50,Q,2009-Q3,-33.4,,,,
ABS:LCI(1.0.0),3,131278,P3,50,Q,2009-Q4,-27.9,,,,
ABS:LCI(1.0.0),3,131278,P3,50,Q,2010-Q1,-11.3,,,,
ABS:LCI(1.0.0),3,131278,P3,50,Q,2010-Q2,25.6,,,,
ABS:LCI(1.0.0),3,131278,P3,50,Q,2010-Q3,32.1,,,,
ABS:LCI(1.0.0),3,131278,P3,50,Q,2010-Q4,30,,,,
ABS:LCI(1.0.0),3,131278,P3,50,Q,2011-Q1,23.5,,,,
ABS:LCI(1.0.0),3,131278,P3,50,Q,2011-Q2,14.3,,,,
ABS:LCI(1.0.0),3,131278,P3,50,Q,2011-Q3,9.2,,,,
ABS:LCI(1.0.0),3,131278,P3,50,Q,2011-Q4,6.7,,,,
ABS:LCI(1.0.0),3,131278,P3,50,Q,2012-Q1,-2,,,,
ABS:LCI(1.0.0),3,131278,P3,50,Q,2012-Q2,-3.7,,,,
ABS:LCI(1.0.0),3,131278,P3,50,Q,2012-Q3,-10.2,,,,
ABS:LCI(1.0.0),3,131278,P3,50,Q,2012-Q4,-12.2,,,,
ABS:LCI(1.0.0),3,131278,P3,50,Q,2013-Q1,-12.2,,,,
ABS:LCI(1.0.0),3,131278,P3,50,Q,2013-Q2,-12.6,,,,
ABS:LCI(1.0.0),3,131278,P3,50,Q,2013-Q3,-10.2,,,,
ABS:LCI(1.0.0),3,131278,P3,50,Q,2013-Q4,-11.3,,,,
ABS:LCI(1.0.0),3,131278,P3,50,Q,2014-Q1,-6.5,,,,
ABS:LCI(1.0.0),3,131278,P3,50,Q,2014-Q2,-4.9,,,,
ABS:LCI(1.0.0),3,131278,P3,50,Q,2014-Q3,-0.8,,,,
ABS:LCI(1.0.0),3,131278,P3,50,Q,2014-Q4,3.3,,,,
ABS:LCI(1.0.0),3,131278,P3,50,Q,2015-Q1,2,,,,
ABS:LCI(1.0.0),3,131278,P3,50,Q,2015-Q2,-1.8,,,,
ABS:LCI(1.0.0),3,131278,P3,50,Q,2015-Q3,-4.4,,,,
ABS:LCI(1.0.0),3,131278,P3,50,Q,2015-Q4,-4.2,,,,
ABS:LCI(1.0.0),3,131278,P3,50,Q,2016-Q1,-1.4,,,,
ABS:LCI(1.0.0),3,131278,P3,50,Q,2016-Q2,1.4,,,,
ABS:LCI(1.0.0),3,131278,P3,50,Q,2016-Q3,-0.5,,,,
ABS:LCI(1.0.0),3,131278,P3,50,Q,2016-Q4,-4.3,,,,
ABS:LCI(1.0.0),3,131278,P3,50,Q,2017-Q1,-5.5,,,,
ABS:LCI(1.0.0),3,131278,P3,50,Q,2017-Q2,-5.1,,,,
ABS:LCI(1.0.0),3,131278,P3,50,Q,2017-Q3,0.9,,,,
ABS:LCI(1.0.0),3,131278,P3,50,Q,2017-Q4,4.3,,,,
ABS:LCI(1.0.0),3,131278,P3,50,Q,2018-Q1,3.1,,,,
ABS:LCI(1.0.0),3,131278,P3,50,Q,2018-Q2,3.3,,,,
ABS:LCI(1.0.0),3,131278,P3,50,Q,2018-Q3,1.6,,,,
ABS:LCI(1.0.0),3,131278,P3,50,Q,2018-Q4,2.4,,,,
ABS:LCI(1.0.0),3,131278,P3,50,Q,2019-Q1,2.3,,,,
ABS:LCI(1.0.0),3,131278,P3,50,Q,2019-Q2,2,,,,
ABS:LCI(1.0.0),3,131278,P3,50,Q,2019-Q3,-5.9,,,,
ABS:LCI(1.0.0),3,131278,P3,50,Q,2019-Q4,-11.7,,,,
ABS:LCI(1.0.0),3,131278,P3,50,Q,2020-Q1,-14.1,,,,
ABS:LCI(1.0.0),3,131278,P3,50,Q,2020-Q2,-18.5,,,,
ABS:LCI(1.0.0),3,131278,P3,50,Q,2020-Q3,-17.7,,,,
ABS:LCI(1.0.0),3,131278,P3,50,Q,2020-Q4,-15.3,,,,
ABS:LCI(1.0.0),3,131278,P3,50,Q,2021-Q1,-15.1,,,,
ABS:LCI(1.0.0),3,131278,P3,50,Q,2021-Q2,-12.7,,,,
ABS:LCI(1.0.0),3,131278,P3,50,Q,2021-Q3,-8.2,,,,
ABS:LCI(1.0.0),3,131278,P3,50,Q,2021-Q4,-7.7,,,,
ABS:LCI(1.0.0),3,131278,P3,50,Q,2022-Q1,-5.5,,,,
ABS:LCI(1.0.0),3,131278,P3,50,Q,2022-Q2,-0.9,,,,
ABS:LCI(1.0.0),3,131278,P3,50,Q,2022-Q3,25.3,,,,
ABS:LCI(1.0.0),3,131278,P3,50,Q,2022-Q4,61.5,,,,
ABS:LCI(1.0.0),3,131278,P3,50,Q,2023-Q1,79.4,,,,
ABS:LCI(1.0.0),3,131278,P3,50,Q,2023-Q2,92.3,,,,
ABS:LCI(1.0.0),3,131278,P3,50,Q,2023-Q3,69.2,,,,
ABS:LCI(1.0.0),3,131278,P3,50,Q,2023-Q4,40.6,,,,
ABS:LCI(1.0.0),3,131278,P3,50,Q,2024-Q1,35.6,,,,
ABS:LCI(1.0.0),3,131278,P3,50,Q,2024-Q2,26.7,,,,
ABS:LCI(1.0.0),3,131278,P3,50,Q,2024-Q3,19.2,,,,
ABS:LCI(1.0.0),3,131278,P3,50,Q,2024-Q4,15,,,,
ABS:LCI(1.0.0),3,131278,P3,50,Q,2025-Q1,9,,,,
ABS:LCI(1.0.0),3,131278,P3,50,Q,2025-Q2,4.8,,,,
ABS:LCI(1.0.0),3,131278,P3,50,Q,2025-Q3,-1.9,,,,
ABS:LCI(1.0.0),3,131278,P3,50,Q,2025-Q4,-6.2,,,,
ABS:LCI(1.0.0),3,131278,P3,50,Q,2026-Q1,-6.2,,,,
ABS:LCI(1.0.0),3,131278,P3,50,Q,2026-Q2,3,,,,
ABS:LCI(1.0.0),4,10001,P3,50,Q,2025-Q4,100.13,,,,
ABS:LCI(1.0.0),4,10001,P3,50,Q,2026-Q1,102.61,,,,
ABS:LCI(1.0.0),4,10001,P3,50,Q,2026-Q2,103.43,,,,
ABS:LCI(1.0.0),4,20001,P3,50,Q,2025-Q4,18.82,,,,
ABS:LCI(1.0.0),4,20001,P3,50,Q,2026-Q1,19.01,,,,
ABS:LCI(1.0.0),4,20001,P3,50,Q,2026-Q2,19.21,,,,
ABS:LCI(1.0.0),4,20006,P3,50,Q,2025-Q4,8.35,,,,
ABS:LCI(1.0.0),4,20006,P3,50,Q,2026-Q1,8.45,,,,
ABS:LCI(1.0.0),4,20006,P3,50,Q,2026-Q2,8.53,,,,
ABS:LCI(1.0.0),4,20002,P1,50,Q,2025-Q4,3.14,,,,
ABS:LCI(1.0.0),4,20002,P1,50,Q,2026-Q1,3.22,,,,
ABS:LCI(1.0.0),4,20002,P1,50,Q,2026-Q2,3.25,,,,
ABS:LCI(1.0.0),4,115486,P1,50,Q,2025-Q4,6.26,,,,
ABS:LCI(1.0.0),4,115486,P1,50,Q,2026-Q1,6.37,,,,
ABS:LCI(1.0.0),4,115486,P1,50,Q,2026-Q2,6.51,,,,
ABS:LCI(1.0.0),4,115489,PBLCI,50,Q,2025-Q4,9.42,,,,
ABS:LCI(1.0.0),4,115489,PBLCI,50,Q,2026-Q1,9.35,,,,
ABS:LCI(1.0.0),4,115489,PBLCI,50,Q,2026-Q2,9.3,,,,
ABS:LCI(1.0.0),4,115493,P1,50,Q,2025-Q4,4.42,,,,
ABS:LCI(1.0.0),4,115493,P1,50,Q,2026-Q1,4.57,,,,
ABS:LCI(1.0.0),4,115493,P1,50,Q,2026-Q2,4.64,,,,
ABS:LCI(1.0.0),4,131278,P4,50,Q,2025-Q4,0.77,,,,
ABS:LCI(1.0.0),4,131278,P4,50,Q,2026-Q1,0.78,,,,
ABS:LCI(1.0.0),4,131278,P4,50,Q,2026-Q2,0.84,,,,
ABS:LCI(1.0.0),5,20001,P2,50,Q,2025-Q4,0.08,,,,
ABS:LCI(1.0.0),5,20001,P2,50,Q,2026-Q1,0.2,,,,
ABS:LCI(1.0.0),5,20001,P2,50,Q,2026-Q2,0.21,,,,
ABS:LCI(1.0.0),5,20001,P4,50,Q,2025-Q4,0.08,,,,
ABS:LCI(1.0.0),5,20001,P4,50,Q,2026-Q1,0.16,,,,
ABS:LCI(1.0.0),5,20001,P4,50,Q,2026-Q2,0.17,,,,
ABS:LCI(1.0.0),5,20002,P2,50,Q,2025-Q4,-0.01,,,,
ABS:LCI(1.0.0),5,20002,P2,50,Q,2026-Q1,0.07,,,,
ABS:LCI(1.0.0),5,20002,P2,50,Q,2026-Q2,0.03,,,,
ABS:LCI(1.0.0),5,20004,P1,50,Q,2025-Q4,0.01,,,,
ABS:LCI(1.0.0),5,20004,P1,50,Q,2026-Q1,-0.01,,,,
ABS:LCI(1.0.0),5,20004,P1,50,Q,2026-Q2,0.01,,,,
ABS:LCI(1.0.0),5,115486,PBLCI,50,Q,2025-Q4,-0.12,,,,
ABS:LCI(1.0.0),5,115486,PBLCI,50,Q,2026-Q1,0.56,,,,
ABS:LCI(1.0.0),5,115486,PBLCI,50,Q,2026-Q2,-0.01,,,,
ABS:LCI(1.0.0),5,115489,P3,50,Q,2025-Q4,0.17,,,,
ABS:LCI(1.0.0),5,115489,P3,50,Q,2026-Q1,-0.02,,,,
ABS:LCI(1.0.0),5,115489,P3,50,Q,2026-Q2,-0.03,,,,
ABS:LCI(1.0.0),5,115493,P2,50,Q,2025-Q4,0,,,,
ABS:LCI(1.0.0),5,115493,P2,50,Q,2026-Q1,0,,,,
ABS:LCI(1.0.0),5,115493,P2,50,Q,2026-Q2,0,,,,
ABS:LCI(1.0.0),5,126670,PBLCI,50,Q,2025-Q4,-0.04,,,,
ABS:LCI(1.0.0),5,126670,PBLCI,50,Q,2026-Q1,0.17,,,,
ABS:LCI(1.0.0),5,126670,PBLCI,50,Q,2026-Q2,0.32,,,,
ABS:LCI(1.0.0),5,115528,PBLCI,50,Q,2025-Q4,0.05,,,,
ABS:LCI(1.0.0),5,115528,PBLCI,50,Q,2026-Q1,0.11,,,,
ABS:LCI(1.0.0),5,115528,PBLCI,50,Q,2026-Q2,0.07,,,,
ABS:LCI(1.0.0),1,20001,P3,50,Q,2007-Q2,63.82,,,,
ABS:LCI(1.0.0),1,20001,P3,50,Q,2007-Q3,65.08,,,,
ABS:LCI(1.0.0),1,20001,P3,50,Q,2007-Q4,64.96,,,,
ABS:LCI(1.0.0),1,20001,P3,50,Q,2008-Q1,66.44,,,,
ABS:LCI(1.0.0),1,20001,P3,50,Q,2008-Q2,66.33,,,,
ABS:LCI(1.0.0),1,20001,P3,50,Q,2008-Q3,67.22,,,,
ABS:LCI(1.0.0),1,20001,P3,50,Q,2008-Q4,68.71,,,,
ABS:LCI(1.0.0),1,20001,P3,50,Q,2009-Q1,70.29,,,,
ABS:LCI(1.0.0),1,20001,P3,50,Q,2009-Q2,69.39,,,,
ABS:LCI(1.0.0),1,20001,P3,50,Q,2009-Q3,68.72,,,,
ABS:LCI(1.0.0),1,20001,P3,50,Q,2009-Q4,69.76,,,,
ABS:LCI(1.0.0),1,20001,P3,50,Q,2010-Q1,70.58,,,,
ABS:LCI(1.0.0),1,20001,P3,50,Q,2010-Q2,70.25,,,,
ABS:LCI(1.0.0),1,20001,P3,50,Q,2010-Q3,69.82,,,,
ABS:LCI(1.0.0),1,20001,P3,50,Q,2010-Q4,71.44,,,,
ABS:LCI(1.0.0),1,20001,P3,50,Q,2011-Q1,73.69,,,,
ABS:LCI(1.0.0),1,20001,P3,50,Q,2011-Q2,74.51,,,,
ABS:LCI(1.0.0),1,20001,P3,50,Q,2011-Q3,74.2,,,,
ABS:LCI(1.0.0),1,20001,P3,50,Q,2011-Q4,72.92,,,,
ABS:LCI(1.0.0),1,20001,P3,50,Q,2012-Q1,71.15,,,,
ABS:LCI(1.0.0),1,20001,P3,50,Q,2012-Q2,71.58,,,,
ABS:LCI(1.0.0),1,20001,P3,50,Q,2012-Q3,73.12,,,,
ABS:LCI(1.0.0),1,20001,P3,50,Q,2012-Q4,72.9,,,,
ABS:LCI(1.0.0),1,20001,P3,50,Q,2013-Q1,72.17,,,,
ABS:LCI(1.0.0),1,20001,P3,50,Q,2013-Q2,72.22,,,,
ABS:LCI(1.0.0),1,20001,P3,50,Q,2013-Q3,72.26,,,,
ABS:LCI(1.0.0),1,20001,P3,50,Q,2013-Q4,73.5,,,,
ABS:LCI(1.0.0),1,20001,P3,50,Q,2014-Q1,73.73,,,,
ABS:LCI(1.0.0),1,20001,P3,50,Q,2014-Q2,74.06,,,,
ABS:LCI(1.0.0),1,20001,P3,50,Q,2014-Q3,74.91,,,,
ABS:LCI(1.0.0),1,20001,P3,50,Q,2014-Q4,74.9,,,,
ABS:LCI(1.0.0),1,20001,P3,50,Q,2015-Q1,75.09,,,,
ABS:LCI(1.0.0),1,20001,P3,50,Q,2015-Q2,74.81,,,,
ABS:LCI(1.0.0),1,20001,P3,50,Q,2015-Q3,74.72,,,,
ABS:LCI(1.0.0),1,20001,P3,50,Q,2015-Q4,74.94,,,,
ABS:LCI(1.0.0),1,20001,P3,50,Q,2016-Q1,74.77,,,,
ABS:LCI(1.0.0),1,20001,P3,50,Q,2016-Q2,74.49,,,,
ABS:LCI(1.0.0),1,20001,P3,50,Q,2016-Q3,75.87,,,,
ABS:LCI(1.0.0),1,20001,P3,50,Q,2016-Q4,76.29,,,,
ABS:LCI(1.0.0),1,20001,P3,50,Q,2017-Q1,76.06,,,,
ABS:LCI(1.0.0),1,20001,P3,50,Q,2017-Q2,75.83,,,,
ABS:LCI(1.0.0),1,20001,P3,50,Q,2017-Q3,74.89,,,,
ABS:LCI(1.0.0),1,20001,P3,50,Q,2017-Q4,75.79,,,,
ABS:LCI(1.0.0),1,20001,P3,50,Q,2018-Q1,76.12,,,,
ABS:LCI(1.0.0),1,20001,P3,50,Q,2018-Q2,75.65,,,,
ABS:LCI(1.0.0),1,20001,P3,50,Q,2018-Q3,76.06,,,,
ABS:LCI(1.0.0),1,20001,P3,50,Q,2018-Q4,76.8,,,,
ABS:LCI(1.0.0),1,20001,P3,50,Q,2019-Q1,77.99,,,,
ABS:LCI(1.0.0),1,20001,P3,50,Q,2019-Q2,77.59,,,,
ABS:LCI(1.0.0),1,20001,P3,50,Q,2019-Q3,77.9,,,,
ABS:LCI(1.0.0),1,20001,P3,50,Q,2019-Q4,78.96,,,,
ABS:LCI(1.0.0),1,20001,P3,50,Q,2020-Q1,80.74,,,,
ABS:LCI(1.0.0),1,20001,P3,50,Q,2020-Q2,81.24,,,,
ABS:LCI(1.0.0),1,20001,P3,50,Q,2020-Q3,80.88,,,,
ABS:LCI(1.0.0),1,20001,P3,50,Q,2020-Q4,80.92,,,,
ABS:LCI(1.0.0),1,20001,P3,50,Q,2021-Q1,81.19,,,,
ABS:LCI(1.0.0),1,20001,P3,50,Q,2021-Q2,81.84,,,,
ABS:LCI(1.0.0),1,20001,P3,50,Q,2021-Q3,81.87,,,,
ABS:LCI(1.0.0),1,20001,P3,50,Q,2021-Q4,82.35,,,,
ABS:LCI(1.0.0),1,20001,P3,50,Q,2022-Q1,85.04,,,,
ABS:LCI(1.0.0),1,20001,P3,50,Q,2022-Q2,86.9,,,,
ABS:LCI(1.0.0),1,20001,P3,50,Q,2022-Q3,89.84,,,,
ABS:LCI(1.0.0),1,20001,P3,50,Q,2022-Q4,90.42,,,,
ABS:LCI(1.0.0),1,20001,P3,50,Q,2023-Q1,92.07,,,,
ABS:LCI(1.0.0),1,20001,P3,50,Q,2023-Q2,93.59,,,,
ABS:LCI(1.0.0),1,20001,P3,50,Q,2023-Q3,93.85,,,,
ABS:LCI(1.0.0),1,20001,P3,50,Q,2023-Q4,94.33,,,,
ABS:LCI(1.0.0),1,20001,P3,50,Q,2024-Q1,95.27,,,,
ABS:LCI(1.0.0),1,20001,P3,50,Q,2024-Q2,96.4,,,,
ABS:LCI(1.0.0),1,20001,P3,50,Q,2024-Q3,96.97,,,,
ABS:LCI(1.0.0),1,20001,P3,50,Q,2024-Q4,97.08,,,,
ABS:LCI(1.0.0),1,20001,P3,50,Q,2025-Q1,98.44,,,,
ABS:LCI(1.0.0),1,20001,P3,50,Q,2025-Q2,99.43,,,,
ABS:LCI(1.0.0),1,20001,P3,50,Q,2025-Q3,100,,,,
ABS:LCI(1.0.0),1,20001,P3,50,Q,2025-Q4,100.28,,,,
ABS:LCI(1.0.0),1,20001,P3,50,Q,2026-Q1,101.31,,,,
ABS:LCI(1.0.0),1,20001,P3,50,Q,2026-Q2,102.38,,,,
ABS:LCI(1.0.0),1,131279,PBLCI,50,Q,2007-Q2,64.58,,,,
ABS:LCI(1.0.0),1,131279,PBLCI,50,Q,2007-Q3,66.67,,,,
ABS:LCI(1.0.0),1,131279,PBLCI,50,Q,2007-Q4,68.14,,,,
ABS:LCI(1.0.0),1,131279,PBLCI,50,Q,2008-Q1,70.4,,,,
ABS:LCI(1.0.0),1,131279,PBLCI,50,Q,2008-Q2,71.79,,,,
ABS:LCI(1.0.0),1,131279,PBLCI,50,Q,2008-Q3,74.22,,,,
ABS:LCI(1.0.0),1,131279,PBLCI,50,Q,2008-Q4,78.12,,,,
ABS:LCI(1.0.0),1,131279,PBLCI,50,Q,2009-Q1,74.74,,,,
ABS:LCI(1.0.0),1,131279,PBLCI,50,Q,2009-Q2,72.74,,,,
ABS:LCI(1.0.0),1,131279,PBLCI,50,Q,2009-Q3,72.83,,,,
ABS:LCI(1.0.0),1,131279,PBLCI,50,Q,2009-Q4,74.57,,,,
ABS:LCI(1.0.0),1,131279,PBLCI,50,Q,2010-Q1,77.17,,,,
ABS:LCI(1.0.0),1,131279,PBLCI,50,Q,2010-Q2,79.08,,,,
ABS:LCI(1.0.0),1,131279,PBLCI,50,Q,2010-Q3,80.82,,,,
ABS:LCI(1.0.0),1,131279,PBLCI,50,Q,2010-Q4,82.81,,,,
ABS:LCI(1.0.0),1,131279,PBLCI,50,Q,2011-Q1,84.29,,,,
ABS:LCI(1.0.0),1,131279,PBLCI,50,Q,2011-Q2,84.81,,,,
ABS:LCI(1.0.0),1,131279,PBLCI,50,Q,2011-Q3,86.89,,,,
ABS:LCI(1.0.0),1,131279,PBLCI,50,Q,2011-Q4,87.24,,,,
ABS:LCI(1.0.0),1,131279,PBLCI,50,Q,2012-Q1,86.45,,,,
ABS:LCI(1.0.0),1,131279,PBLCI,50,Q,2012-Q2,86.49,,,,
ABS:LCI(1.0.0),1,131279,PBLCI,50,Q,2012-Q3,85.79,,,,
ABS:LCI(1.0.0),1,131279,PBLCI,50,Q,2012-Q4,85.62,,,,
ABS:LCI(1.0.0),1,131279,PBLCI,50,Q,2013-Q1,85.5,,,,
ABS:LCI(1.0.0),1,131279,PBLCI,50,Q,2013-Q2,84.18,,,,
ABS:LCI(1.0.0),1,131279,PBLCI,50,Q,2013-Q3,84.89,,,,
ABS:LCI(1.0.0),1,131279,PBLCI,50,Q,2013-Q4,84.56,,,,
ABS:LCI(1.0.0),1,131279,PBLCI,50,Q,2014-Q1,85.32,,,,
ABS:LCI(1.0.0),1,131279,PBLCI,50,Q,2014-Q2,84.23,,,,
ABS:LCI(1.0.0),1,131279,PBLCI,50,Q,2014-Q3,85,,,,
ABS:LCI(1.0.0),1,131279,PBLCI,50,Q,2014-Q4,84.37,,,,
ABS:LCI(1.0.0),1,131279,PBLCI,50,Q,2015-Q1,84.79,,,,
ABS:LCI(1.0.0),1,131279,PBLCI,50,Q,2015-Q2,83.75,,,,
ABS:LCI(1.0.0),1,131279,PBLCI,50,Q,2015-Q3,84.26,,,,
ABS:LCI(1.0.0),1,131279,PBLCI,50,Q,2015-Q4,84.01,,,,
ABS:LCI(1.0.0),1,131279,PBLCI,50,Q,2016-Q1,84.61,,,,
ABS:LCI(1.0.0),1,131279,PBLCI,50,Q,2016-Q2,84.78,,,,
ABS:LCI(1.0.0),1,131279,PBLCI,50,Q,2016-Q3,85.3,,,,
ABS:LCI(1.0.0),1,131279,PBLCI,50,Q,2016-Q4,84.81,,,,
ABS:LCI(1.0.0),1,131279,PBLCI,50,Q,2017-Q1,84.56,,,,
ABS:LCI(1.0.0),1,131279,PBLCI,50,Q,2017-Q2,84.9,,,,
ABS:LCI(1.0.0),1,131279,PBLCI,50,Q,2017-Q3,85.9,,,,
ABS:LCI(1.0.0),1,131279,PBLCI,50,Q,2017-Q4,85.98,,,,
ABS:LCI(1.0.0),1,131279,PBLCI,50,Q,2018-Q1,87.03,,,,
ABS:LCI(1.0.0),1,131279,PBLCI,50,Q,2018-Q2,86.73,,,,
ABS:LCI(1.0.0),1,131279,PBLCI,50,Q,2018-Q3,87.38,,,,
ABS:LCI(1.0.0),1,131279,PBLCI,50,Q,2018-Q4,87.32,,,,
ABS:LCI(1.0.0),1,131279,PBLCI,50,Q,2019-Q1,86.7,,,,
ABS:LCI(1.0.0),1,131279,PBLCI,50,Q,2019-Q2,86.69,,,,
ABS:LCI(1.0.0),1,131279,PBLCI,50,Q,2019-Q3,87.61,,,,
ABS:LCI(1.0.0),1,131279,PBLCI,50,Q,2019-Q4,87.17,,,,
ABS:LCI(1.0.0),1,131279,PBLCI,50,Q,2020-Q1,87.02,,,,
ABS:LCI(1.0.0),1,131279,PBLCI,50,Q,2020-Q2,88.56,,,,
ABS:LCI(1.0.0),1,131279,PBLCI,50,Q,2020-Q3,85.18,,,,
ABS:LCI(1.0.0),1,131279,PBLCI,50,Q,2020-Q4,82.75,,,,
ABS:LCI(1.0.0),1,131279,PBLCI,50,Q,2021-Q1,82.04,,,,
ABS:LCI(1.0.0),1,131279,PBLCI,50,Q,2021-Q2,80.72,,,,
ABS:LCI(1.0.0),1,131279,PBLCI,50,Q,2021-Q3,81.6,,,,
ABS:LCI(1.0.0),1,131279,PBLCI,50,Q,2021-Q4,79.5,,,,
ABS:LCI(1.0.0),1,131279,PBLCI,50,Q,2022-Q1,78.39,,,,
ABS:LCI(1.0.0),1,131279,PBLCI,50,Q,2022-Q2,77.69,,,,
ABS:LCI(1.0.0),1,131279,PBLCI,50,Q,2022-Q3,78.47,,,,
ABS:LCI(1.0.0),1,131279,PBLCI,50,Q,2022-Q4,79.95,,,,
ABS:LCI(1.0.0),1,131279,PBLCI,50,Q,2023-Q1,82.31,,,,
ABS:LCI(1.0.0),1,131279,PBLCI,50,Q,2023-Q2,83.54,,,,
ABS:LCI(1.0.0),1,131279,PBLCI,50,Q,2023-Q3,86.4,,,,
ABS:LCI(1.0.0),1,131279,PBLCI,50,Q,2023-Q4,88.89,,,,
ABS:LCI(1.0.0),1,131279,PBLCI,50,Q,2024-Q1,90.98,,,,
ABS:LCI(1.0.0),1,131279,PBLCI,50,Q,2024-Q2,92.91,,,,
ABS:LCI(1.0.0),1,131279,PBLCI,50,Q,2024-Q3,95.83,,,,
ABS:LCI(1.0.0),1,131279,PBLCI,50,Q,2024-Q4,96.06,,,,
ABS:LCI(1.0.0),1,131279,PBLCI,50,Q,2025-Q1,98.49,,,,
ABS:LCI(1.0.0),1,131279,PBLCI,50,Q,2025-Q2,99.66,,,,
ABS:LCI(1.0.0),1,131279,PBLCI,50,Q,2025-Q3,100,,,,
ABS:LCI(1.0.0),1,131279,PBLCI,50,Q,2025-Q4,99.48,,,,
ABS:LCI(1.0.0),1,131279,PBLCI,50,Q,2026-Q1,100.87,,,,
ABS:LCI(1.0.0),1,131279,PBLCI,50,Q,2026-Q2,102.03,,,,
ABS:LCI(1.0.0),2,20006,P2,50,Q,2007-Q3,0.5,,,,
ABS:LCI(1.0.0),2,20006,P2,50,Q,2007-Q4,1.3,,,,
ABS:LCI(1.0.0),2,20006,P2,50,Q,2008-Q1,1,,,,
ABS:LCI(1.0.0),2,20006,P2,50,Q,2008-Q2,1.8,,,,
ABS:LCI(1.0.0),2,20006,P2,50,Q,2008-Q3,1.4,,,,
ABS:LCI(1.0.0),2,20006,P2,50,Q,2008-Q4,1.3,,,,
ABS:LCI(1.0.0),2,20006,P2,50,Q,2009-Q1,0.9,,,,
ABS:LCI(1.0.0),2,20006,P2,50,Q,2009-Q2,1,,,,
ABS:LCI(1.0.0),2,20006,P2,50,Q,2009-Q3,0.8,,,,
ABS:LCI(1.0.0),2,20006,P2,50,Q,2009-Q4,0.6,,,,
ABS:LCI(1.0.0),2,20006,P2,50,Q,2010-Q1,1.2,,,,
ABS:LCI(1.0.0),2,20006,P2,50,Q,2010-Q2,5.7,,,,
ABS:LCI(1.0.0),2,20006,P2,50,Q,2010-Q3,3,,,,
ABS:LCI(1.0.0),2,20006,P2,50,Q,2010-Q4,0.8,,,,
ABS:LCI(1.0.0),2,20006,P2,50,Q,2011-Q1,1,,,,
ABS:LCI(1.0.0),2,20006,P2,50,Q,2011-Q2,0.7,,,,
ABS:LCI(1.0.0),2,20006,P2,50,Q,2011-Q3,0.4,,,,
ABS:LCI(1.0.0),2,20006,P2,50,Q,2011-Q4,0.8,,,,
ABS:LCI(1.0.0),2,20006,P2,50,Q,2012-Q1,1.4,,,,
ABS:LCI(1.0.0),2,20006,P2,50,Q,2012-Q2,0.9,,,,
ABS:LCI(1.0.0),2,20006,P2,50,Q,2012-Q3,0.8,,,,
ABS:LCI(1.0.0),2,20006,P2,50,Q,2012-Q4,0.2,,,,
ABS:LCI(1.0.0),2,20006,P2,50,Q,2013-Q1,1.5,,,,
ABS:LCI(1.0.0),2,20006,P2,50,Q,2013-Q2,1.3,,,,
ABS:LCI(1.0.0),2,20006,P2,50,Q,2013-Q3,0.8,,,,
ABS:LCI(1.0.0),2,20006,P2,50,Q,2013-Q4,1.5,,,,
ABS:LCI(1.0.0),2,20006,P2,50,Q,2014-Q1,2.7,,,,
ABS:LCI(1.0.0),2,20006,P2,50,Q,2014-Q2,1.5,,,,
ABS:LCI(1.0.0),2,20006,P2,50,Q,2014-Q3,0.9,,,,
ABS:LCI(1.0.0),2,20006,P2,50,Q,2014-Q4,1.4,,,,
ABS:LCI(1.0.0),2,20006,P2,50,Q,2015-Q1,0.7,,,,
ABS:LCI(1.0.0),2,20006,P2,50,Q,2015-Q2,1.2,,,,
ABS:LCI(1.0.0),2,20006,P2,50,Q,2015-Q3,1.1,,,,
ABS:LCI(1.0.0),2,20006,P2,50,Q,2015-Q4,2.3,,,,
ABS:LCI(1.0.0),2,20006,P2,50,Q,2016-Q1,0.9,,,,
ABS:LCI(1.0.0),2,20006,P2,50,Q,2016-Q2,0.8,,,,
ABS:LCI(1.0.0),2,20006,P2,50,Q,2016-Q3,1.1,,,,
ABS:LCI(1.0.0),2,20006,P2,50,Q,2016-Q4,2.4,,,,
ABS:LCI(1.0.0),2,20006,P2,50,Q,2017-Q1,1.2,,,,
ABS:LCI(1.0.0),2,20006,P2,50,Q,2017-Q2,0.7,,,,
ABS:LCI(1.0.0),2,20006,P2,50,Q,2017-Q3,2.1,,,,
ABS:LCI(1.0.0),2,20006,P2,50,Q,2017-Q4,3.4,,,,
ABS:LCI(1.0.0),2,20006,P2,50,Q,2018-Q1,0.7,,,,
ABS:LCI(1.0.0),2,20006,P2,50,Q,2018-Q2,1.5,,,,
ABS:LCI(1.0.0),2,20006,P2,50,Q,2018-Q3,1.3,,,,
ABS:LCI(1.0.0),2,20006,P2,50,Q,2018-Q4,3.3,,,,
ABS:LCI(1.0.0),2,20006,P2,50,Q,2019-Q1,0.3,,,,
ABS:LCI(1.0.0),2,20006,P2,50,Q,2019-Q2,1.1,,,,
ABS:LCI(1.0.0),2,20006,P2,50,Q,2019-Q3,2,,,,
ABS:LCI(1.0.0),2,20006,P2,50,Q,2019-Q4,3.2,,,,
ABS:LCI(1.0.0),2,20006,P2,50,Q,2020-Q1,1.6,,,,
ABS:LCI(1.0.0),2,20006,P2,50,Q,2020-Q2,1.6,,,,
ABS:LCI(1.0.0),2,20006,P2,50,Q,2020-Q3,1.7,,,,
ABS:LCI(1.0.0),2,20006,P2,50,Q,2020-Q4,4.4,,,,
ABS:LCI(1.0.0),2,20006,P2,50,Q,2021-Q1,0.3,,,,
ABS:LCI(1.0.0),2,20006,P2,50,Q,2021-Q2,0.4,,,,
ABS:LCI(1.0.0),2,20006,P2,50,Q,2021-Q3,-0.6,,,,
ABS:LCI(1.0.0),2,20006,P2,50,Q,2021-Q4,0.9,,,,
ABS:LCI(1.0.0),2,20006,P2,50,Q,2022-Q1,1.1,,,,
ABS:LCI(1.0.0),2,20006,P2,50,Q,2022-Q2,0.8,,,,
ABS:LCI(1.0.0),2,20006,P2,50,Q,2022-Q3,1.2,,,,
ABS:LCI(1.0.0),2,20006,P2,50,Q,2022-Q4,1.2,,,,
ABS:LCI(1.0.0),2,20006,P2,50,Q,2023-Q1,1.1,,,,
ABS:LCI(1.0.0),2,20006,P2,50,Q,2023-Q2,1,,,,
ABS:LCI(1.0.0),2,20006,P2,50,Q,2023-Q3,1.5,,,,
ABS:LCI(1.0.0),2,20006,P2,50,Q,2023-Q4,3,,,,
ABS:LCI(1.0.0),2,20006,P2,50,Q,2024-Q1,0.9,,,,
ABS:LCI(1.0.0),2,20006,P2,50,Q,2024-Q2,1.5,,,,
ABS:LCI(1.0.0),2,20006,P2,50,Q,2024-Q3,1.4,,,,
ABS:LCI(1.0.0),2,20006,P2,50,Q,2024-Q4,2.5,,,,
ABS:LCI(1.0.0),2,20006,P2,50,Q,2025-Q1,1.2,,,,
ABS:LCI(1.0.0),2,20006,P2,50,Q,2025-Q2,0.7,,,,
ABS:LCI(1.0.0),2,20006,P2,50,Q,2025-Q3,1.7,,,,
ABS:LCI(1.0.0),2,20006,P2,50,Q,2025-Q4,1,,,,
ABS:LCI(1.0.0),2,20006,P2,50,Q,2026-Q1,1.2,,,,
ABS:LCI(1.0.0),2,20006,P2,50,Q,2026-Q2,0.6,,,,
ABS:LCI(1.0.0),2,20003,P3,50,Q,2007-Q3,2.1,,,,
ABS:LCI(1.0.0),2,20003,P3,50,Q,2007-Q4,1.5,,,,
ABS:LCI(1.0.0),2,20003,P3,50,Q,2008-Q1,2.2,,,,
ABS:LCI(1.0.0),2,20003,P3,50,Q,2008-Q2,1,,,,
ABS:LCI(1.0.0),2,20003,P3,50,Q,2008-Q3,2.8,,,,
ABS:LCI(1.0.0),2,20003,P3,50,Q,2008-Q4,1.6,,,,
ABS:LCI(1.0.0),2,20003,P3,50,Q,2009-Q1,1.7,,,,
ABS:LCI(1.0.0),2,20003,P3,50,Q,2009-Q2,0.6,,,,
ABS:LCI(1.0.0),2,20003,P3,50,Q,2009-Q3,3.4,,,,
ABS:LCI(1.0.0),2,20003,P3,50,Q,2009-Q4,1.1,,,,
ABS:LCI(1.0.0),2,20003,P3,50,Q,2010-Q1,1.6,,,,
ABS:LCI(1.0.0),2,20003,P3,50,Q,2010-Q2,0.6,,,,
ABS:LCI(1.0.0),2,20003,P3,50,Q,2010-Q3,2.5,,,,
ABS:LCI(1.0.0),2,20003,P3,50,Q,2010-Q4,1.1,,,,
ABS:LCI(1.0.0),2,20003,P3,50,Q,2011-Q1,1.6,,,,
ABS:LCI(1.0.0),2,20003,P3,50,Q,2011-Q2,0.2,,,,
ABS:LCI(1.0.0),2,20003,P3,50,Q,2011-Q3,2.5,,,,
ABS:LCI(1.0.0),2,20003,P3,50,Q,2011-Q4,0.9,,,,
ABS:LCI(1.0.0),2,20003,P3,50,Q,2012-Q1,1.3,,,,
ABS:LCI(1.0.0),2,20003,P3,50,Q,2012-Q2,0.6,,,,
ABS:LCI(1.0.0),2,20003,P3,50,Q,2012-Q3,4,,,,
ABS:LCI(1.0.0),2,20003,P3,50,Q,2012-Q4,0.4,,,,
ABS:LCI(1.0.0),2,20003,P3,50,Q,2013-Q1,1,,,,
ABS:LCI(1.0.0),2,20003,P3,50,Q,2013-Q2,0.7,,,,
ABS:LCI(1.0.0),2,20003,P3,50,Q,2013-Q3,2.4,,,,
ABS:LCI(1.0.0),2,20003,P3,50,Q,2013-Q4,0.4,,,,
ABS:LCI(1.0.0),2,20003,P3,50,Q,2014-Q1,0.8,,,,
ABS:LCI(1.0.0),2,20003,P3,50,Q,2014-Q2,0.3,,,,
ABS:LCI(1.0.0),2,20003,P3,50,Q,2014-Q3,0,,,,
ABS:LCI(1.0.0),2,20003,P3,50,Q,2014-Q4,0.3,,,,
ABS:LCI(1.0.0),2,20003,P3,50,Q,2015-Q1,0.6,,,,
ABS:LCI(1.0.0),2,20003,P3,50,Q,2015-Q2,0.2,,,,
ABS:LCI(1.0.0),2,20003,P3,50,Q,2015-Q3,0.4,,,,
ABS:LCI(1.0.0),2,20003,P3,50,Q,2015-Q4,0.1,,,,
ABS:LCI(1.0.0),2,20003,P3,50,Q,2016-Q1,0,,,,
ABS:LCI(1.0.0),2,20003,P3,50,Q,2016-Q2,0.2,,,,
ABS:LCI(1.0.0),2,20003,P3,50,Q,2016-Q3,1.1,,,,
ABS:LCI(1.0.0),2,20003,P3,50,Q,2016-Q4,0,,,,
ABS:LCI(1.0.0),2,20003,P3,50,Q,2017-Q1,0.6,,,,
ABS:LCI(1.0.0),2,20003,P3,50,Q,2017-Q2,0.2,,,,
ABS:LCI(1.0.0),2,20003,P3,50,Q,2017-Q3,2.1,,,,
ABS:LCI(1.0.0),2,20003,P3,50,Q,2017-Q4,0.2,,,,
ABS:LCI(1.0.0),2,20003,P3,50,Q,2018-Q1,0.8,,,,
ABS:LCI(1.0.0),2,20003,P3,50,Q,2018-Q2,-0.3,,,,
ABS:LCI(1.0.0),2,20003,P3,50,Q,2018-Q3,0.4,,,,
ABS:LCI(1.0.0),2,20003,P3,50,Q,2018-Q4,0.2,,,,
ABS:LCI(1.0.0),2,20003,P3,50,Q,2019-Q1,0.1,,,,
ABS:LCI(1.0.0),2,20003,P3,50,Q,2019-Q2,-0.2,,,,
ABS:LCI(1.0.0),2,20003,P3,50,Q,2019-Q3,0.4,,,,
ABS:LCI(1.0.0),2,20003,P3,50,Q,2019-Q4,0,,,,
ABS:LCI(1.0.0),2,20003,P3,50,Q,2020-Q1,0.4,,,,
ABS:LCI(1.0.0),2,20003,P3,50,Q,2020-Q2,-1.4,,,,
ABS:LCI(1.0.0),2,20003,P3,50,Q,2020-Q3,0.1,,,,
ABS:LCI(1.0.0),2,20003,P3,50,Q,2020-Q4,-1.1,,,,
ABS:LCI(1.0.0),2,20003,P3,50,Q,2021-Q1,-0.6,,,,
ABS:LCI(1.0.0),2,20003,P3,50,Q,2021-Q2,1.1,,,,
ABS:LCI(1.0.0),2,20003,P3,50,Q,2021-Q3,0.8,,,,
ABS:LCI(1.0.0),2,20003,P3,50,Q,2021-Q4,0.2,,,,
ABS:LCI(1.0.0),2,20003,P3,50,Q,2022-Q1,1,,,,
ABS:LCI(1.0.0),2,20003,P3,50,Q,2022-Q2,0.6,,,,
ABS:LCI(1.0.0),2,20003,P3,50,Q,2022-Q3,2.2,,,,
ABS:LCI(1.0.0),2,20003,P3,50,Q,2022-Q4,1.8,,,,
ABS:LCI(1.0.0),2,20003,P3,50,Q,2023-Q1,2.9,,,,
ABS:LCI(1.0.0),2,20003,P3,50,Q,2023-Q2,1.2,,,,
ABS:LCI(1.0.0),2,20003,P3,50,Q,2023-Q3,-0.9,,,,
ABS:LCI(1.0.0),2,20003,P3,50,Q,2023-Q4,1.3,,,,
ABS:LCI(1.0.0),2,20003,P3,50,Q,2024-Q1,0.2,,,,
ABS:LCI(1.0.0),2,20003,P3,50,Q,2024-Q2,2.2,,,,
ABS:LCI(1.0.0),2,20003,P3,50,Q,2024-Q3,0.4,,,,
ABS:LCI(1.0.0),2,20003,P3,50,Q,2024-Q4,-1.7,,,,
ABS:LCI(1.0.0),2,20003,P3,50,Q,2025-Q1,2.4,,,,
ABS:LCI(1.0.0),2,20003,P3,50,Q,2025-Q2,3,,,,
ABS:LCI(1.0.0),2,20003,P3,50,Q,2025-Q3,3.1,,,,
ABS:LCI(1.0.0),2,20003,P3,50,Q,2025-Q4,-0.7,,,,
ABS:LCI(1.0.0),2,20003,P3,50,Q,2026-Q1,4.9,,,,
ABS:LCI(1.0.0),2,20003,P3,50,Q,2026-Q2,0.5,,,,
ABS:LCI(1.0.0),2,20004,P2,50,Q,2007-Q3,-0.3,,,,
ABS:LCI(1.0.0),2,20004,P2,50,Q,2007-Q4,0.8,,,,
ABS:LCI(1.0.0),2,20004,P2,50,Q,2008-Q1,-0.5,,,,
ABS:LCI(1.0.0),2,20004,P2,50,Q,2008-Q2,1.6,,,,
ABS:LCI(1.0.0),2,20004,P2,50,Q,2008-Q3,0.2,,,,
ABS:LCI(1.0.0),2,20004,P2,50,Q,2008-Q4,0.4,,,,
ABS:LCI(1.0.0),2,20004,P2,50,Q,2009-Q1,0.8,,,,
ABS:LCI(1.0.0),2,20004,P2,50,Q,2009-Q2,2,,,,
ABS:LCI(1.0.0),2,20004,P2,50,Q,2009-Q3,0.7,,,,
ABS:LCI(1.0.0),2,20004,P2,50,Q,2009-Q4,-0.2,,,,
ABS:LCI(1.0.0),2,20004,P2,50,Q,2010-Q1,-1,,,,
ABS:LCI(1.0.0),2,20004,P2,50,Q,2010-Q2,0.9,,,,
ABS:LCI(1.0.0),2,20004,P2,50,Q,2010-Q3,0.8,,,,
ABS:LCI(1.0.0),2,20004,P2,50,Q,2010-Q4,-0.8,,,,
ABS:LCI(1.0.0),2,20004,P2,50,Q,2011-Q1,-1.1,,,,
ABS:LCI(1.0.0),2,20004,P2,50,Q,2011-Q2,0.9,,,,
ABS:LCI(1.0.0),2,20004,P2,50,Q,2011-Q3,0.3,,,,
ABS:LCI(1.0.0),2,20004,P2,50,Q,2011-Q4,-0.2,,,,
ABS:LCI(1.0.0),2,20004,P2,50,Q,2012-Q1,-1,,,,
ABS:LCI(1.0.0),2,20004,P2,50,Q,2012-Q2,1.3,,,,
ABS:LCI(1.0.0),2,20004,P2,50,Q,2012-Q3,0.9,,,,
ABS:LCI(1.0.0),2,20004,P2,50,Q,2012-Q4,-0.5,,,,
ABS:LCI(1.0.0),2,20004,P2,50,Q,2013-Q1,-1,,,,
ABS:LCI(1.0.0),2,20004,P2,50,Q,2013-Q2,0.6,,,,
ABS:LCI(1.0.0),2,20004,P2,50,Q,2013-Q3,0.9,,,,
ABS:LCI(1.0.0),2,20004,P2,50,Q,2013-Q4,0.2,,,,
ABS:LCI(1.0.0),2,20004,P2,50,Q,2014-Q1,-1.5,,,,
ABS:LCI(1.0.0),2,20004,P2,50,Q,2014-Q2,0.9,,,,
ABS:LCI(1.0.0),2,20004,P2,50,Q,2014-Q3,0.2,,,,
ABS:LCI(1.0.0),2,20004,P2,50,Q,2014-Q4,0.4,,,,
ABS:LCI(1.0.0),2,20004,P2,50,Q,2015-Q1,-0.5,,,,
ABS:LCI(1.0.0),2,20004,P2,50,Q,2015-Q2,0.9,,,,
ABS:LCI(1.0.0),2,20004,P2,50,Q,2015-Q3,0.4,,,,
ABS:LCI(1.0.0),2,20004,P2,50,Q,2015-Q4,0.5,,,,
ABS:LCI(1.0.0),2,20004,P2,50,Q,2016-Q1,-0.6,,,,
ABS:LCI(1.0.0),2,20004,P2,50,Q,2016-Q2,0.6,,,,
ABS:LCI(1.0.0),2,20004,P2,50,Q,2016-Q3,0.8,,,,
ABS:LCI(1.0.0),2,20004,P2,50,Q,2016-Q4,-0.8,,,,
ABS:LCI(1.0.0),2,20004,P2,50,Q,2017-Q1,-1,,,,
ABS:LCI(1.0.0),2,20004,P2,50,Q,2017-Q2,0.7,,,,
ABS:LCI(1.0.0),2,20004,P2,50,Q,2017-Q3,0.2,,,,
ABS:LCI(1.0.0),2,20004,P2,50,Q,2017-Q4,-1.2,,,,
ABS:LCI(1.0.0),2,20004,P2,50,Q,2018-Q1,-0.6,,,,
ABS:LCI(1.0.0),2,20004,P2,50,Q,2018-Q2,0.1,,,,
ABS:LCI(1.0.0),2,20004,P2,50,Q,2018-Q3,0.5,,,,
ABS:LCI(1.0.0),2,20004,P2,50,Q,2018-Q4,0.2,,,,
ABS:LCI(1.0.0),2,20004,P2,50,Q,2019-Q1,-0.6,,,,
ABS:LCI(1.0.0),2,20004,P2,50,Q,2019-Q2,0.6,,,,
ABS:LCI(1.0.0),2,20004,P2,50,Q,2019-Q3,0.6,,,,
ABS:LCI(1.0.0),2,20004,P2,50,Q,2019-Q4,-0.5,,,,
ABS:LCI(1.0.0),2,20004,P2,50,Q,2020-Q1,1.2,,,,
ABS:LCI(1.0.0),2,20004,P2,50,Q,2020-Q2,2.4,,,,
ABS:LCI(1.0.0),2,20004,P2,50,Q,2020-Q3,0.7,,,,
ABS:LCI(1.0.0),2,20004,P2,50,Q,2020-Q4,-0.6,,,,
ABS:LCI(1.0.0),2,20004,P2,50,Q,2021-Q1,-0.4,,,,
ABS:LCI(1.0.0),2,20004,P2,50,Q,2021-Q2,0.8,,,,
ABS:LCI(1.0.0),2,20004,P2,50,Q,2021-Q3,1.3,,,,
ABS:LCI(1.0.0),2,20004,P2,50,Q,2021-Q4,1.1,,,,
ABS:LCI(1.0.0),2,20004,P2,50,Q,2022-Q1,1.9,,,,
ABS:LCI(1.0.0),2,20004,P2,50,Q,2022-Q2,3.2,,,,
ABS:LCI(1.0.0),2,20004,P2,50,Q,2022-Q3,2.7,,,,
ABS:LCI(1.0.0),2,20004,P2,50,Q,2022-Q4,1.6,,,,
ABS:LCI(1.0.0),2,20004,P2,50,Q,2023-Q1,-0.4,,,,
ABS:LCI(1.0.0),2,20004,P2,50,Q,2023-Q2,2,,,,
ABS:LCI(1.0.0),2,20004,P2,50,Q,2023-Q3,0.2,,,,
ABS:LCI(1.0.0),2,20004,P2,50,Q,2023-Q4,-1.2,,,,
ABS:LCI(1.0.0),2,20004,P2,50,Q,2024-Q1,-0.1,,,,
ABS:LCI(1.0.0),2,20004,P2,50,Q,2024-Q2,0.6,,,,
ABS:LCI(1.0.0),2,20004,P2,50,Q,2024-Q3,0.6,,,,
ABS:LCI(1.0.0),2,20004,P2,50,Q,2024-Q4,0,,,,
ABS:LCI(1.0.0),2,20004,P2,50,Q,2025-Q1,-0.9,,,,
ABS:LCI(1.0.0),2,20004,P2,50,Q,2025-Q2,0.9,,,,
ABS:LCI(1.0.0),2,20004,P2,50,Q,2025-Q3,0.8,,,,
ABS:LCI(1.0.0),2,20004,P2,50,Q,2025-Q4,-0.4,,,,
ABS:LCI(1.0.0),2,20004,P2,50,Q,2026-Q1,-0.2,,,,
ABS:LCI(1.0.0),2,20004,P2,50,Q,2026-Q2,0.1,,,,
ABS:LCI(1.0.0),2,115486,P3,50,Q,2007-Q3,-1.9,,,,
ABS:LCI(1.0.0),2,115486,P3,50,Q,2007-Q4,-2.1,,,,
ABS:LCI(1.0.0),2,115486,P3,50,Q,2008-Q1,7.2,,,,
ABS:LCI(1.0.0),2,115486,P3,50,Q,2008-Q2,1.2,,,,
ABS:LCI(1.0.0),2,115486,P3,50,Q,2008-Q3,-1.7,,,,
ABS:LCI(1.0.0),2,115486,P3,50,Q,2008-Q4,-2.2,,,,
ABS:LCI(1.0.0),2,115486,P3,50,Q,2009-Q1,7.7,,,,
ABS:LCI(1.0.0),2,115486,P3,50,Q,2009-Q2,1.1,,,,
ABS:LCI(1.0.0),2,115486,P3,50,Q,2009-Q3,-2.2,,,,
ABS:LCI(1.0.0),2,115486,P3,50,Q,2009-Q4,-2.2,,,,
ABS:LCI(1.0.0),2,115486,P3,50,Q,2010-Q1,7.7,,,,
ABS:LCI(1.0.0),2,115486,P3,50,Q,2010-Q2,1,,,,
ABS:LCI(1.0.0),2,115486,P3,50,Q,2010-Q3,-2.2,,,,
ABS:LCI(1.0.0),2,115486,P3,50,Q,2010-Q4,-2.4,,,,
ABS:LCI(1.0.0),2,115486,P3,50,Q,2011-Q1,7.2,,,,
ABS:LCI(1.0.0),2,115486,P3,50,Q,2011-Q2,1.2,,,,
ABS:LCI(1.0.0),2,115486,P3,50,Q,2011-Q3,-3,,,,
ABS:LCI(1.0.0),2,115486,P3,50,Q,2011-Q4,-3.2,,,,
ABS:LCI(1.0.0),2,115486,P3,50,Q,2012-Q1,9.9,,,,
ABS:LCI(1.0.0),2,115486,P3,50,Q,2012-Q2,0.2,,,,
ABS:LCI(1.0.0),2,115486,P3,50,Q,2012-Q3,-1.3,,,,
ABS:LCI(1.0.0),2,115486,P3,50,Q,2012-Q4,-3.1,,,,
ABS:LCI(1.0.0),2,115486,P3,50,Q,2013-Q1,8.7,,,,
ABS:LCI(1.0.0),2,115486,P3,50,Q,2013-Q2,0.2,,,,
ABS:LCI(1.0.0),2,115486,P3,50,Q,2013-Q3,-2.3,,,,
ABS:LCI(1.0.0),2,115486,P3,50,Q,2013-Q4,-2.6,,,,
ABS:LCI(1.0.0),2,115486,P3,50,Q,2014-Q1,8,,,,
ABS:LCI(1.0.0),2,115486,P3,50,Q,2014-Q2,0.7,,,,
ABS:LCI(1.0.0),2,115486,P3,50,Q,2014-Q3,-2,,,,
ABS:LCI(1.0.0),2,115486,P3,50,Q,2014-Q4,-3.2,,,,
ABS:LCI(1.0.0),2,115486,P3,50,Q,2015-Q1,8.3,,,,
ABS:LCI(1.0.0),2,115486,P3,50,Q,2015-Q2,0.6,,,,
ABS:LCI(1.0.0),2,115486,P3,50,Q,2015-Q3,-2.3,,,,
ABS:LCI(1.0.0),2,115486,P3,50,Q,2015-Q4,-2.4,,,,
ABS:LCI(1.0.0),2,115486,P3,50,Q,2016-Q1,7.3,,,,
ABS:LCI(1.0.0),2,115486,P3,50,Q,2016-Q2,0.5,,,,
ABS:LCI(1.0.0),2,115486,P3,50,Q,2016-Q3,-2.3,,,,
ABS:LCI(1.0.0),2,115486,P3,50,Q,2016-Q4,-2.6,,,,
ABS:LCI(1.0.0),2,115486,P3,50,Q,2017-Q1,7.4,,,,
ABS:LCI(1.0.0),2,115486,P3,50,Q,2017-Q2,1,,,,
ABS:LCI(1.0.0),2,115486,P3,50,Q,2017-Q3,-1.5,,,,
ABS:LCI(1.0.0),2,115486,P3,50,Q,2017-Q4,-2.5,,,,
ABS:LCI(1.0.0),2,115486,P3,50,Q,2018-Q1,7.4,,,,
ABS:LCI(1.0.0),2,115486,P3,50,Q,2018-Q2,0.2,,,,
ABS:LCI(1.0.0),2,115486,P3,50,Q,2018-Q3,-2.3,,,,
ABS:LCI(1.0.0),2,115486,P3,50,Q,2018-Q4,-1.9,,,,
ABS:LCI(1.0.0),2,115486,P3,50,Q,2019-Q1,6.6,,,,
ABS:LCI(1.0.0),2,115486,P3,50,Q,2019-Q2,0.4,,,,
ABS:LCI(1.0.0),2,115486,P3,50,Q,2019-Q3,-1.5,,,,
ABS:LCI(1.0.0),2,115486,P3,50,Q,2019-Q4,-2,,,,
ABS:LCI(1.0.0),2,115486,P3,50,Q,2020-Q1,6.3,,,,
ABS:LCI(1.0.0),2,115486,P3,50,Q,2020-Q2,-1,,,,
ABS:LCI(1.0.0),2,115486,P3,50,Q,2020-Q3,-2.5,,,,
ABS:LCI(1.0.0),2,115486,P3,50,Q,2020-Q4,-1.6,,,,
ABS:LCI(1.0.0),2,115486,P3,50,Q,2021-Q1,7.6,,,,
ABS:LCI(1.0.0),2,115486,P3,50,Q,2021-Q2,-0.7,,,,
ABS:LCI(1.0.0),2,115486,P3,50,Q,2021-Q3,-1.9,,,,
ABS:LCI(1.0.0),2,115486,P3,50,Q,2021-Q4,-1.9,,,,
ABS:LCI(1.0.0),2,115486,P3,50,Q,2022-Q1,7.7,,,,
ABS:LCI(1.0.0),2,115486,P3,50,Q,2022-Q2,-2.2,,,,
ABS:LCI(1.0.0),2,115486,P3,50,Q,2022-Q3,-2.1,,,,
ABS:LCI(1.0.0),2,115486,P3,50,Q,2022-Q4,-1,,,,
ABS:LCI(1.0.0),2,115486,P3,50,Q,2023-Q1,9.8,,,,
ABS:LCI(1.0.0),2,115486,P3,50,Q,2023-Q2,-0.9,,,,
ABS:LCI(1.0.0),2,115486,P3,50,Q,2023-Q3,-2.9,,,,
ABS:LCI(1.0.0),2,115486,P3,50,Q,2023-Q4,-1.3,,,,
ABS:LCI(1.0.0),2,115486,P3,50,Q,2024-Q1,8.9,,,,
ABS:LCI(1.0.0),2,115486,P3,50,Q,2024-Q2,-1,,,,
ABS:LCI(1.0.0),2,115486,P3,50,Q,2024-Q3,-2.1,,,,
ABS:LCI(1.0.0),2,115486,P3,50,Q,2024-Q4,-1.6,,,,
ABS:LCI(1.0.0),2,115486,P3,50,Q,2025-Q1,9.6,,,,
ABS:LCI(1.0.0),2,115486,P3,50,Q,2025-Q2,-1.3,,,,
ABS:LCI(1.0.0),2,115486,P3,50,Q,2025-Q3,-2.4,,,,
ABS:LCI(1.0.0),2,115486,P3,50,Q,2025-Q4,-1.9,,,,
ABS:LCI(1.0.0),2,115486,P3,50,Q,2026-Q1,8.8,,,,
ABS:LCI(1.0.0),2,115486,P3,50,Q,2026-Q2,-0.9,,,,
ABS:LCI(1.0.0),2,115489,P4,50,Q,2007-Q3,1.8,,,,
ABS:LCI(1.0.0),2,115489,P4,50,Q,2007-Q4,1.4,,,,
ABS:LCI(1.0.0),2,115489,P4,50,Q,2008-Q1,-0.4,,,,
ABS:LCI(1.0.0),2,115489,P4,50,Q,2008-Q2,-0.2,,,,
ABS:LCI(1.0.0),2,115489,P4,50,Q,2008-Q3,2,,,,
ABS:LCI(1.0.0),2,115489,P4,50,Q,2008-Q4,1,,,,
ABS:LCI(1.0.0),2,115489,P4,50,Q,2009-Q1,-2.2,,,,
ABS:LCI(1.0.0),2,115489,P4,50,Q,2009-Q2,-0.3,,,,
ABS:LCI(1.0.0),2,115489,P4,50,Q,2009-Q3,0.6,,,,
ABS:LCI(1.0.0),2,115489,P4,50,Q,2009-Q4,2.4,,,,
ABS:LCI(1.0.0),2,115489,P4,50,Q,2010-Q1,-1.2,,,,
ABS:LCI(1.0.0),2,115489,P4,50,Q,2010-Q2,-2.3,,,,
ABS:LCI(1.0.0),2,115489,P4,50,Q,2010-Q3,1,,,,
ABS:LCI(1.0.0),2,115489,P4,50,Q,2010-Q4,0.6,,,,
ABS:LCI(1.0.0),2,115489,P4,50,Q,2011-Q1,-0.8,,,,
ABS:LCI(1.0.0),2,115489,P4,50,Q,2011-Q2,-0.8,,,,
ABS:LCI(1.0.0),2,115489,P4,50,Q,2011-Q3,1.5,,,,
ABS:LCI(1.0.0),2,115489,P4,50,Q,2011-Q4,1.6,,,,
ABS:LCI(1.0.0),2,115489,P4,50,Q,2012-Q1,-2.1,,,,
ABS:LCI(1.0.0),2,115489,P4,50,Q,2012-Q2,-1.5,,,,
ABS:LCI(1.0.0),2,115489,P4,50,Q,2012-Q3,1.3,,,,
ABS:LCI(1.0.0),2,115489,P4,50,Q,2012-Q4,1.3,,,,
ABS:LCI(1.0.0),2,115489,P4,50,Q,2013-Q1,-0.8,,,,
ABS:LCI(1.0.0),2,115489,P4,50,Q,2013-Q2,-1.2,,,,
ABS:LCI(1.0.0),2,115489,P4,50,Q,2013-Q3,2.7,,,,
ABS:LCI(1.0.0),2,115489,P4,50,Q,2013-Q4,2.9,,,,
ABS:LCI(1.0.0),2,115489,P4,50,Q,2014-Q1,-1,,,,
ABS:LCI(1.0.0),2,115489,P4,50,Q,2014-Q2,-0.3,,,,
ABS:LCI(1.0.0),2,115489,P4,50,Q,2014-Q3,0.6,,,,
ABS:LCI(1.0.0),2,115489,P4,50,Q,2014-Q4,2,,,,
ABS:LCI(1.0.0),2,115489,P4,50,Q,2015-Q1,0.8,,,,
ABS:LCI(1.0.0),2,115489,P4,50,Q,2015-Q2,-1.9,,,,
ABS:LCI(1.0.0),2,115489,P4,50,Q,2015-Q3,1,,,,
ABS:LCI(1.0.0),2,115489,P4,50,Q,2015-Q4,2.5,,,,
ABS:LCI(1.0.0),2,115489,P4,50,Q,2016-Q1,-1.1,,,,
ABS:LCI(1.0.0),2,115489,P4,50,Q,2016-Q2,-1,,,,
ABS:LCI(1.0.0),2,115489,P4,50,Q,2016-Q3,0.7,,,,
ABS:LCI(1.0.0),2,115489,P4,50,Q,2016-Q4,1,,,,
ABS:LCI(1.0.0),2,115489,P4,50,Q,2017-Q1,-0.9,,,,
ABS:LCI(1.0.0),2,115489,P4,50,Q,2017-Q2,-0.8,,,,
ABS:LCI(1.0.0),2,115489,P4,50,Q,2017-Q3,1.3,,,,
ABS:LCI(1.0.0),2,115489,P4,50,Q,2017-Q4,0.9,,,,
ABS:LCI(1.0.0),2,115489,P4,50,Q,2018-Q1,-0.5,,,,
ABS:LCI(1.0.0),2,115489,P4,50,Q,2018-Q2,-0.3,,,,
ABS:LCI(1.0.0),2,115489,P4,50,Q,2018-Q3,2.2,,,,
ABS:LCI(1.0.0),2,115489,P4,50,Q,2018-Q4,1.4,,,,
ABS:LCI(1.0.0),2,115489,P4,50,Q,2019-Q1,-1.8,,,,
ABS:LCI(1.0.0),2,115489,P4,50,Q,2019-Q2,0.6,,,,
ABS:LCI(1.0.0),2,115489,P4,50,Q,2019-Q3,2.3,,,,
ABS:LCI(1.0.0),2,115489,P4,50,Q,2019-Q4,1,,,,
ABS:LCI(1.0.0),2,115489,P4,50,Q,2020-Q1,-2,,,,
ABS:LCI(1.0.0),2,115489,P4,50,Q,2020-Q2,-0.2,,,,
ABS:LCI(1.0.0),2,115489,P4,50,Q,2020-Q3,0.6,,,,
ABS:LCI(1.0.0),2,115489,P4,50,Q,2020-Q4,2.3,,,,
ABS:LCI(1.0.0),2,115489,P4,50,Q,2021-Q1,-0.2,,,,
ABS:LCI(1.0.0),2,115489,P4,50,Q,2021-Q2,-0.2,,,,
ABS:LCI(1.0.0),2,115489,P4,50,Q,2021-Q3,0.7,,,,
ABS:LCI(1.0.0),2,115489,P4,50,Q,2021-Q4,2.1,,,,
ABS:LCI(1.0.0),2,115489,P4,50,Q,2022-Q1,0.5,,,,
ABS:LCI(1.0.0),2,115489,P4,50,Q,2022-Q2,1.4,,,,
ABS:LCI(1.0.0),2,115489,P4,50,Q,2022-Q3,2,,,,
ABS:LCI(1.0.0),2,115489,P4,50,Q,2022-Q4,6.7,,,,
ABS:LCI(1.0.0),2,115489,P4,50,Q,2023-Q1,-0.2,,,,
ABS:LCI(1.0.0),2,115489,P4,50,Q,2023-Q2,-0.4,,,,
ABS:LCI(1.0.0),2,115489,P4,50,Q,2023-Q3,-0.1,,,,
ABS:LCI(1.0.0),2,115489,P4,50,Q,2023-Q4,0.4,,,,
ABS:LCI(1.0.0),2,115489,P4,50,Q,2024-Q1,-0.8,,,,
ABS:LCI(1.0.0),2,115489,P4,50,Q,2024-Q2,1,,,,
ABS:LCI(1.0.0),2,115489,P4,50,Q,2024-Q3,1.3,,,,
ABS:LCI(1.0.0),2,115489,P4,50,Q,2024-Q4,1.9,,,,
ABS:LCI(1.0.0),2,115489,P4,50,Q,2025-Q1,-2.4,,,,
ABS:LCI(1.0.0),2,115489,P4,50,Q,2025-Q2,0.6,,,,
ABS:LCI(1.0.0),2,115489,P4,50,Q,2025-Q3,2.2,,,,
ABS:LCI(1.0.0),2,115489,P4,50,Q,2025-Q4,3.1,,,,
ABS:LCI(1.0.0),2,115489,P4,50,Q,2026-Q1,-2.3,,,,
ABS:LCI(1.0.0),2,115489,P4,50,Q,2026-Q2,-0.3,,,,
ABS:LCI(1.0.0),2,131279,P2,50,Q,1998-Q3,-0.9,,,,
ABS:LCI(1.0.0),2,131279,P2,50,Q,1998-Q4,-0.9,,,,
ABS:LCI(1.0.0),2,131279,P2,50,Q,1999-Q1,-1.5,,,,
ABS:LCI(1.0.0),2,131279,P2,50,Q,1999-Q2,-1.5,,,,
ABS:LCI(1.0.0),2,131279,P2,50,Q,1999-Q3,-1.4,,,,
ABS:LCI(1.0.0),2,131279,P2,50,Q,1999-Q4,0.5,,,,
ABS:LCI(1.0.0),2,131279,P2,50,Q,2000-Q1,-0.5,,,,
ABS:LCI(1.0.0),2,131279,P2,50,Q,2000-Q2,-2.4,,,,
ABS:LCI(1.0.0),2,131279,P2,50,Q,2000-Q3,4.1,,,,
ABS:LCI(1.0.0),2,131279,P2,50,Q,2000-Q4,2.5,,,,
ABS:LCI(1.0.0),2,131279,P2,50,Q,2001-Q1,-0.4,,,,
ABS:LCI(1.0.0),2,131279,P2,50,Q,2001-Q2,-0.5,,,,
ABS:LCI(1.0.0),2,131279,P2,50,Q,2001-Q3,-0.5,,,,
ABS:LCI(1.0.0),2,131279,P2,50,Q,2001-Q4,-0.4,,,,
ABS:LCI(1.0.0),2,131279,P2,50,Q,2002-Q1,1.9,,,,
ABS:LCI(1.0.0),2,131279,P2,50,Q,2002-Q2,-1.5,,,,
ABS:LCI(1.0.0),2,131279,P2,50,Q,2002-Q3,0.9,,,,
ABS:LCI(1.0.0),2,131279,P2,50,Q,2002-Q4,0.4,,,,
ABS:LCI(1.0.0),2,131279,P2,50,Q,2003-Q1,0.6,,,,
ABS:LCI(1.0.0),2,131279,P2,50,Q,2003-Q2,1.3,,,,
ABS:LCI(1.0.0),2,131279,P2,50,Q,2003-Q3,0.7,,,,
ABS:LCI(1.0.0),2,131279,P2,50,Q,2003-Q4,0.4,,,,
ABS:LCI(1.0.0),2,131279,P2,50,Q,2004-Q1,0.4,,,,
ABS:LCI(1.0.0),2,131279,P2,50,Q,2004-Q2,1.3,,,,
ABS:LCI(1.0.0),2,131279,P2,50,Q,2004-Q3,2.9,,,,
ABS:LCI(1.0.0),2,131279,P2,50,Q,2004-Q4,0.5,,,,
ABS:LCI(1.0.0),2,131279,P2,50,Q,2005-Q1,0.8,,,,
ABS:LCI(1.0.0),2,131279,P2,50,Q,2005-Q2,0.6,,,,
ABS:LCI(1.0.0),2,131279,P2,50,Q,2005-Q3,0.7,,,,
ABS:LCI(1.0.0),2,131279,P2,50,Q,2005-Q4,-1,,,,
ABS:LCI(1.0.0),2,131279,P2,50,Q,2006-Q1,0.4,,,,
ABS:LCI(1.0.0),2,131279,P2,50,Q,2006-Q2,1.2,,,,
ABS:LCI(1.0.0),2,131279,P2,50,Q,2006-Q3,1.8,,,,
ABS:LCI(1.0.0),2,131279,P2,50,Q,2006-Q4,1.9,,,,
ABS:LCI(1.0.0),2,131279,P2,50,Q,2007-Q1,1.4,,,,
ABS:LCI(1.0.0),2,131279,P2,50,Q,2007-Q2,0,,,,
ABS:LCI(1.0.0),2,131279,P2,50,Q,2007-Q3,3.3,,,,
ABS:LCI(1.0.0),2,131279,P2,50,Q,2007-Q4,2.2,,,,
ABS:LCI(1.0.0),2,131279,P2,50,Q,2008-Q1,3.3,,,,
ABS:LCI(1.0.0),2,131279,P2,50,Q,2008-Q2,2.1,,,,
ABS:LCI(1.0.0),2,131279,P2,50,Q,2008-Q3,3.4,,,,
ABS:LCI(1.0.0),2,131279,P2,50,Q,2008-Q4,5.2,,,,
ABS:LCI(1.0.0),2,131279,P2,50,Q,2009-Q1,-4.3,,,,
ABS:LCI(1.0.0),2,131279,P2,50,Q,2009-Q2,-2.7,,,,
ABS:LCI(1.0.0),2,131279,P2,50,Q,2009-Q3,0.2,,,,
ABS:LCI(1.0.0),2,131279,P2,50,Q,2009-Q4,2.3,,,,
ABS:LCI(1.0.0),2,131279,P2,50,Q,2010-Q1,3.5,,,,
ABS:LCI(1.0.0),2,131279,P2,50,Q,2010-Q2,2.4,,,,
ABS:LCI(1.0.0),2,131279,P2,50,Q,2010-Q3,2.2,,,,
ABS:LCI(1.0.0),2,131279,P2,50,Q,2010-Q4,2.5,,,,
ABS:LCI(1.0.0),2,131279,P2,50,Q,2011-Q1,1.7,,,,
ABS:LCI(1.0.0),2,131279,P2,50,Q,2011-Q2,0.7,,,,
ABS:LCI(1.0.0),2,131279,P2,50,Q,2011-Q3,2.5,,,,
ABS:LCI(1.0.0),2,131279,P2,50,Q,2011-Q4,0.4,,,,
ABS:LCI(1.0.0),2,131279,P2,50,Q,2012-Q1,-0.9,,,,
ABS:LCI(1.0.0),2,131279,P2,50,Q,2012-Q2,0,,,,
ABS:LCI(1.0.0),2,131279,P2,50,Q,2012-Q3,-0.8,,,,
ABS:LCI(1.0.0),2,131279,P2,50,Q,2012-Q4,-0.2,,,,
ABS:LCI(1.0.0),2,131279,P2,50,Q,2013-Q1,-0.1,,,,
ABS:LCI(1.0.0),2,131279,P2,50,Q,2013-Q2,-1.5,,,,
ABS:LCI(1.0.0),2,131279,P2,50,Q,2013-Q3,0.8,,,,
ABS:LCI(1.0.0),2,131279,P2,50,Q,2013-Q4,-0.4,,,,
ABS:LCI(1.0.0),2,131279,P2,50,Q,2014-Q1,0.9,,,,
ABS:LCI(1.0.0),2,131279,P2,50,Q,2014-Q2,-1.3,,,,
ABS:LCI(1.0.0),2,131279,P2,50,Q,2014-Q3,0.9,,,,
ABS:LCI(1.0.0),2,131279,P2,50,Q,2014-Q4,-0.7,,,,
ABS:LCI(1.0.0),2,131279,P2,50,Q,2015-Q1,0.5,,,,
ABS:LCI(1.0.0),2,131279,P2,50,Q,2015-Q2,-1.2,,,,
ABS:LCI(1.0.0),2,131279,P2,50,Q,2015-Q3,0.6,,,,
ABS:LCI(1.0.0),2,131279,P2,50,Q,2015-Q4,-0.3,,,,
ABS:LCI(1.0.0),2,131279,P2,50,Q,2016-Q1,0.7,,,,
ABS:LCI(1.0.0),2,131279,P2,50,Q,2016-Q2,0.2,,,,
ABS:LCI(1.0.0),2,131279,P2,50,Q,2016-Q3,0.6,,,,
ABS:LCI(1.0.0),2,131279,P2,50,Q,2016-Q4,-0.6,,,,
ABS:LCI(1.0.0),2,131279,P2,50,Q,2017-Q1,-0.3,,,,
ABS:LCI(1.0.0),2,131279,P2,50,Q,2017-Q2,0.4,,,,
ABS:LCI(1.0.0),2,131279,P2,50,Q,2017-Q3,1.2,,,,
ABS:LCI(1.0.0),2,131279,P2,50,Q,2017-Q4,0.1,,,,
ABS:LCI(1.0.0),2,131279,P2,50,Q,2018-Q1,1.2,,,,
ABS:LCI(1.0.0),2,131279,P2,50,Q,2018-Q2,-0.3,,,,
ABS:LCI(1.0.0),2,131279,P2,50,Q,2018-Q3,0.7,,,,
ABS:LCI(1.0.0),2,131279,P2,50,Q,2018-Q4,-0.1,,,,
ABS:LCI(1.0.0),2,131279,P2,50,Q,2019-Q1,-0.7,,,,
ABS:LCI(1.0.0),2,131279,P2,50,Q,2019-Q2,0,,,,
ABS:LCI(1.0.0),2,131279,P2,50,Q,2019-Q3,1.1,,,,
ABS:LCI(1.0.0),2,131279,P2,50,Q,2019-Q4,-0.5,,,,
ABS:LCI(1.0.0),2,131279,P2,50,Q,2020-Q1,-0.2,,,,
ABS:LCI(1.0.0),2,131279,P2,50,Q,2020-Q2,1.8,,,,
ABS:LCI(1.0.0),2,131279,P2,50,Q,2020-Q3,-3.8,,,,
ABS:LCI(1.0.0),2,131279,P2,50,Q,2020-Q4,-2.9,,,,
ABS:LCI(1.0.0),2,131279,P2,50,Q,2021-Q1,-0.9,,,,
ABS:LCI(1.0.0),2,131279,P2,50,Q,2021-Q2,-1.6,,,,
ABS:LCI(1.0.0),2,131279,P2,50,Q,2021-Q3,1.1,,,,
ABS:LCI(1.0.0),2,131279,P2,50,Q,2021-Q4,-2.6,,,,
ABS:LCI(1.0.0),2,131279,P2,50,Q,2022-Q1,-1.4,,,,
ABS:LCI(1.0.0),2,131279,P2,50,Q,2022-Q2,-0.9,,,,
ABS:LCI(1.0.0),2,131279,P2,50,Q,2022-Q3,1,,,,
ABS:LCI(1.0.0),2,131279,P2,50,Q,2022-Q4,1.9,,,,
ABS:LCI(1.0.0),2,131279,P2,50,Q,2023-Q1,3,,,,
ABS:LCI(1.0.0),2,131279,P2,50,Q,2023-Q2,1.5,,,,
ABS:LCI(1.0.0),2,131279,P2,50,Q,2023-Q3,3.4,,,,
ABS:LCI(1.0.0),2,131279,P2,50,Q,2023-Q4,2.9,,,,
ABS:LCI(1.0.0),2,131279,P2,50,Q,2024-Q1,2.4,,,,
ABS:LCI(1.0.0),2,131279,P2,50,Q,2024-Q2,2.1,,,,
ABS:LCI(1.0.0),2,131279,P2,50,Q,2024-Q3,3.1,,,,
ABS:LCI(1.0.0),2,131279,P2,50,Q,2024-Q4,0.2,,,,
ABS:LCI(1.0.0),2,131279,P2,50,Q,2025-Q1,2.5,,,,
ABS:LCI(1.0.0),2,131279,P2,50,Q,2025-Q2,1.2,,,,
ABS:LCI(1.0.0),2,131279,P2,50,Q,2025-Q3,0.3,,,,
ABS:LCI(1.0.0),2,131279,P2,50,Q,2025-Q4,-0.5,,,,
ABS:LCI(1.0.0),2,131279,P2,50,Q,2026-Q1,1.4,,,,
ABS:LCI(1.0.0),2,131279,P2,50,Q,2026-Q2,1.1,,,,
ABS:LCI(1.0.0),2,131278,PBLCI,50,Q,2007-Q3,4.7,,,,
ABS:LCI(1.0.0),2,131278,PBLCI,50,Q,2007-Q4,2.5,,,,
ABS:LCI(1.0.0),2,131278,PBLCI,50,Q,2008-Q1,7.5,,,,
ABS:LCI(1.0.0),2,131278,PBLCI,50,Q,2008-Q2,8.8,,,,
ABS:LCI(1.0.0),2,131278,PBLCI,50,Q,2008-Q3,2.4,,,,
ABS:LCI(1.0.0),2,131278,PBLCI,50,Q,2008-Q4,-3.6,,,,
ABS:LCI(1.0.0),2,131278,PBLCI,50,Q,2009-Q1,-10.8,,,,
ABS:LCI(1.0.0),2,131278,PBLCI,50,Q,2009-Q2,-22.6,,,,
ABS:LCI(1.0.0),2,131278,PBLCI,50,Q,2009-Q3,0,,,,
ABS:LCI(1.0.0),2,131278,PBLCI,50,Q,2009-Q4,4.4,,,,
ABS:LCI(1.0.0),2,131278,PBLCI,50,Q,2010-Q1,9.9,,,,
ABS:LCI(1.0.0),2,131278,PBLCI,50,Q,2010-Q2,9.4,,,,
ABS:LCI(1.0.0),2,131278,PBLCI,50,Q,2010-Q3,5.3,,,,
ABS:LCI(1.0.0),2,131278,PBLCI,50,Q,2010-Q4,2.7,,,,
ABS:LCI(1.0.0),2,131278,PBLCI,50,Q,2011-Q1,4.5,,,,
ABS:LCI(1.0.0),2,131278,PBLCI,50,Q,2011-Q2,1.3,,,,
ABS:LCI(1.0.0),2,131278,PBLCI,50,Q,2011-Q3,0.5,,,,
ABS:LCI(1.0.0),2,131278,PBLCI,50,Q,2011-Q4,0.4,,,,
ABS:LCI(1.0.0),2,131278,PBLCI,50,Q,2012-Q1,-4.1,,,,
ABS:LCI(1.0.0),2,131278,PBLCI,50,Q,2012-Q2,-0.5,,,,
ABS:LCI(1.0.0),2,131278,PBLCI,50,Q,2012-Q3,-6.3,,,,
ABS:LCI(1.0.0),2,131278,PBLCI,50,Q,2012-Q4,-1.9,,,,
ABS:LCI(1.0.0),2,131278,PBLCI,50,Q,2013-Q1,-4,,,,
ABS:LCI(1.0.0),2,131278,PBLCI,50,Q,2013-Q2,-1,,,,
ABS:LCI(1.0.0),2,131278,PBLCI,50,Q,2013-Q3,-3.7,,,,
ABS:LCI(1.0.0),2,131278,PBLCI,50,Q,2013-Q4,-3.1,,,,
ABS:LCI(1.0.0),2,131278,PBLCI,50,Q,2014-Q1,1.1,,,,
ABS:LCI(1.0.0),2,131278,PBLCI,50,Q,2014-Q2,0.7,,,,
ABS:LCI(1.0.0),2,131278,PBLCI,50,Q,2014-Q3,0.4,,,,
ABS:LCI(1.0.0),2,131278,PBLCI,50,Q,2014-Q4,0.9,,,,
ABS:LCI(1.0.0),2,131278,PBLCI,50,Q,2015-Q1,-0.1,,,,
ABS:LCI(1.0.0),2,131278,PBLCI,50,Q,2015-Q2,-3.1,,,,
ABS:LCI(1.0.0),2,131278,PBLCI,50,Q,2015-Q3,-2.2,,,,
ABS:LCI(1.0.0),2,131278,PBLCI,50,Q,2015-Q4,1.1,,,,
ABS:LCI(1.0.0),2,131278,PBLCI,50,Q,2016-Q1,2.8,,,,
ABS:LCI(1.0.0),2,131278,PBLCI,50,Q,2016-Q2,-0.3,,,,
ABS:LCI(1.0.0),2,131278,PBLCI,50,Q,2016-Q3,-4,,,,
ABS:LCI(1.0.0),2,131278,PBLCI,50,Q,2016-Q4,-2.8,,,,
ABS:LCI(1.0.0),2,131278,PBLCI,50,Q,2017-Q1,1.5,,,,
ABS:LCI(1.0.0),2,131278,PBLCI,50,Q,2017-Q2,0.2,,,,
ABS:LCI(1.0.0),2,131278,PBLCI,50,Q,2017-Q3,2,,,,
ABS:LCI(1.0.0),2,131278,PBLCI,50,Q,2017-Q4,0.5,,,,
ABS:LCI(1.0.0),2,131278,PBLCI,50,Q,2018-Q1,0.4,,,,
ABS:LCI(1.0.0),2,131278,PBLCI,50,Q,2018-Q2,0.3,,,,
ABS:LCI(1.0.0),2,131278,PBLCI,50,Q,2018-Q3,0.3,,,,
ABS:LCI(1.0.0),2,131278,PBLCI,50,Q,2018-Q4,1.3,,,,
ABS:LCI(1.0.0),2,131278,PBLCI,50,Q,2019-Q1,0.3,,,,
ABS:LCI(1.0.0),2,131278,PBLCI,50,Q,2019-Q2,0.1,,,,
ABS:LCI(1.0.0),2,131278,PBLCI,50,Q,2019-Q3,-7.5,,,,
ABS:LCI(1.0.0),2,131278,PBLCI,50,Q,2019-Q4,-4.9,,,,
ABS:LCI(1.0.0),2,131278,PBLCI,50,Q,2020-Q1,-2.5,,,,
ABS:LCI(1.0.0),2,131278,PBLCI,50,Q,2020-Q2,-5,,,,
ABS:LCI(1.0.0),2,131278,PBLCI,50,Q,2020-Q3,-6.5,,,,
ABS:LCI(1.0.0),2,131278,PBLCI,50,Q,2020-Q4,-2.1,,,,
ABS:LCI(1.0.0),2,131278,PBLCI,50,Q,2021-Q1,-2.3,,,,
ABS:LCI(1.0.0),2,131278,PBLCI,50,Q,2021-Q2,-2.4,,,,
ABS:LCI(1.0.0),2,131278,PBLCI,50,Q,2021-Q3,-1.7,,,,
ABS:LCI(1.0.0),2,131278,PBLCI,50,Q,2021-Q4,-1.6,,,,
ABS:LCI(1.0.0),2,131278,PBLCI,50,Q,2022-Q1,0,,,,
ABS:LCI(1.0.0),2,131278,PBLCI,50,Q,2022-Q2,2.5,,,,
ABS:LCI(1.0.0),2,131278,PBLCI,50,Q,2022-Q3,24.2,,,,
ABS:LCI(1.0.0),2,131278,PBLCI,50,Q,2022-Q4,26.9,,,,
ABS:LCI(1.0.0),2,131278,PBLCI,50,Q,2023-Q1,11.1,,,,
ABS:LCI(1.0.0),2,131278,PBLCI,50,Q,2023-Q2,9.8,,,,
ABS:LCI(1.0.0),2,131278,PBLCI,50,Q,2023-Q3,9.3,,,,
ABS:LCI(1.0.0),2,131278,PBLCI,50,Q,2023-Q4,5.4,,,,
ABS:LCI(1.0.0),2,131278,PBLCI,50,Q,2024-Q1,7.1,,,,
ABS:LCI(1.0.0),2,131278,PBLCI,50,Q,2024-Q2,2.6,,,,
ABS:LCI(1.0.0),2,131278,PBLCI,50,Q,2024-Q3,2.8,,,,
ABS:LCI(1.0.0),2,131278,PBLCI,50,Q,2024-Q4,1.7,,,,
ABS:LCI(1.0.0),2,131278,PBLCI,50,Q,2025-Q1,1.5,,,,
ABS:LCI(1.0.0),2,131278,PBLCI,50,Q,2025-Q2,-1.4,,,,
ABS:LCI(1.0.0),2,131278,PBLCI,50,Q,2025-Q3,-3.8,,,,
ABS:LCI(1.0.0),2,131278,PBLCI,50,Q,2025-Q4,-2.7,,,,
ABS:LCI(1.0.0),2,131278,PBLCI,50,Q,2026-Q1,1.6,,,,
ABS:LCI(1.0.0),2,131278,PBLCI,50,Q,2026-Q2,8.2,,,,
ABS:LCI(1.0.0),3,20002,P1,50,Q,2008-Q2,1.3,,,,
ABS:LCI(1.0.0),3,20002,P1,50,Q,2008-Q3,0.2,,,,
ABS:LCI(1.0.0),3,20002,P1,50,Q,2008-Q4,0.2,,,,
ABS:LCI(1.0.0),3,20002,P1,50,Q,2009-Q1,2.1,,,,
ABS:LCI(1.0.0),3,20002,P1,50,Q,2009-Q2,1.3,,,,
ABS:LCI(1.0.0),3,20002,P1,50,Q,2009-Q3,2.4,,,,
ABS:LCI(1.0.0),3,20002,P1,50,Q,2009-Q4,2.3,,,,
ABS:LCI(1.0.0),3,20002,P1,50,Q,2010-Q1,-1.6,,,,
ABS:LCI(1.0.0),3,20002,P1,50,Q,2010-Q2,-3.8,,,,
ABS:LCI(1.0.0),3,20002,P1,50,Q,2010-Q3,-2.9,,,,
ABS:LCI(1.0.0),3,20002,P1,50,Q,2010-Q4,-4.8,,,,
ABS:LCI(1.0.0),3,20002,P1,50,Q,2011-Q1,-1.3,,,,
ABS:LCI(1.0.0),3,20002,P1,50,Q,2011-Q2,1.1,,,,
ABS:LCI(1.0.0),3,20002,P1,50,Q,2011-Q3,1.3,,,,
ABS:LCI(1.0.0),3,20002,P1,50,Q,2011-Q4,2.5,,,,
ABS:LCI(1.0.0),3,20002,P1,50,Q,2012-Q1,1.6,,,,
ABS:LCI(1.0.0),3,20002,P1,50,Q,2012-Q2,0.7,,,,
ABS:LCI(1.0.0),3,20002,P1,50,Q,2012-Q3,-0.8,,,,
ABS:LCI(1.0.0),3,20002,P1,50,Q,2012-Q4,0.7,,,,
ABS:LCI(1.0.0),3,20002,P1,50,Q,2013-Q1,-1.4,,,,
ABS:LCI(1.0.0),3,20002,P1,50,Q,2013-Q2,-0.4,,,,
ABS:LCI(1.0.0),3,20002,P1,50,Q,2013-Q3,0.6,,,,
ABS:LCI(1.0.0),3,20002,P1,50,Q,2013-Q4,-1.4,,,,
ABS:LCI(1.0.0),3,20002,P1,50,Q,2014-Q1,0.2,,,,
ABS:LCI(1.0.0),3,20002,P1,50,Q,2014-Q2,-0.7,,,,
ABS:LCI(1.0.0),3,20002,P1,50,Q,2014-Q3,-2.7,,,,
ABS:LCI(1.0.0),3,20002,P1,50,Q,2014-Q4,-1.5,,,,
ABS:LCI(1.0.0),3,20002,P1,50,Q,2015-Q1,-0.7,,,,
ABS:LCI(1.0.0),3,20002,P1,50,Q,2015-Q2,-0.9,,,,
ABS:LCI(1.0.0),3,20002,P1,50,Q,2015-Q3,-1.1,,,,
ABS:LCI(1.0.0),3,20002,P1,50,Q,2015-Q4,0.4,,,,
ABS:LCI(1.0.0),3,20002,P1,50,Q,2016-Q1,-0.8,,,,
ABS:LCI(1.0.0),3,20002,P1,50,Q,2016-Q2,-0.2,,,,
ABS:LCI(1.0.0),3,20002,P1,50,Q,2016-Q3,1.2,,,,
ABS:LCI(1.0.0),3,20002,P1,50,Q,2016-Q4,-0.9,,,,
ABS:LCI(1.0.0),3,20002,P1,50,Q,2017-Q1,0.3,,,,
ABS:LCI(1.0.0),3,20002,P1,50,Q,2017-Q2,-2,,,,
ABS:LCI(1.0.0),3,20002,P1,50,Q,2017-Q3,-3.2,,,,
ABS:LCI(1.0.0),3,20002,P1,50,Q,2017-Q4,-3,,,,
ABS:LCI(1.0.0),3,20002,P1,50,Q,2018-Q1,-3.5,,,,
ABS:LCI(1.0.0),3,20002,P1,50,Q,2018-Q2,-1.9,,,,
ABS:LCI(1.0.0),3,20002,P1,50,Q,2018-Q3,-0.8,,,,
ABS:LCI(1.0.0),3,20002,P1,50,Q,2018-Q4,-0.7,,,,
ABS:LCI(1.0.0),3,20002,P1,50,Q,2019-Q1,-0.1,,,,
ABS:LCI(1.0.0),3,20002,P1,50,Q,2019-Q2,0.2,,,,
ABS:LCI(1.0.0),3,20002,P1,50,Q,2019-Q3,1.5,,,,
ABS:LCI(1.0.0),3,20002,P1,50,Q,2019-Q4,1.3,,,,
ABS:LCI(1.0.0),3,20002,P1,50,Q,2020-Q1,1.9,,,,
ABS:LCI(1.0.0),3,20002,P1,50,Q,2020-Q2,0.4,,,,
ABS:LCI(1.0.0),3,20002,P1,50,Q,2020-Q3,-0.5,,,,
ABS:LCI(1.0.0),3,20002,P1,50,Q,2020-Q4,-1.2,,,,
ABS:LCI(1.0.0),3,20002,P1,50,Q,2021-Q1,0,,,,
ABS:LCI(1.0.0),3,20002,P1,50,Q,2021-Q2,0.4,,,,
ABS:LCI(1.0.0),3,20002,P1,50,Q,2021-Q3,-3.9,,,,
ABS:LCI(1.0.0),3,20002,P1,50,Q,2021-Q4,-0.4,,,,
ABS:LCI(1.0.0),3,20002,P1,50,Q,2022-Q1,-1.5,,,,
ABS:LCI(1.0.0),3,20002,P1,50,Q,2022-Q2,1.5,,,,
ABS:LCI(1.0.0),3,20002,P1,50,Q,2022-Q3,5.3,,,,
ABS:LCI(1.0.0),3,20002,P1,50,Q,2022-Q4,5.2,,,,
ABS:LCI(1.0.0),3,20002,P1,50,Q,2023-Q1,3.2,,,,
ABS:LCI(1.0.0),3,20002,P1,50,Q,2023-Q2,0.3,,,,
ABS:LCI(1.0.0),3,20002,P1,50,Q,2023-Q3,0.9,,,,
ABS:LCI(1.0.0),3,20002,P1,50,Q,2023-Q4,-1,,,,
ABS:LCI(1.0.0),3,20002,P1,50,Q,2024-Q1,0.5,,,,
ABS:LCI(1.0.0),3,20002,P1,50,Q,2024-Q2,3,,,,
ABS:LCI(1.0.0),3,20002,P1,50,Q,2024-Q3,1.7,,,,
ABS:LCI(1.0.0),3,20002,P1,50,Q,2024-Q4,1.3,,,,
ABS:LCI(1.0.0),3,20002,P1,50,Q,2025-Q1,1.6,,,,
ABS:LCI(1.0.0),3,20002,P1,50,Q,2025-Q2,1.2,,,,
ABS:LCI(1.0.0),3,20002,P1,50,Q,2025-Q3,2.5,,,,
ABS:LCI(1.0.0),3,20002,P1,50,Q,2025-Q4,2.2,,,,
ABS:LCI(1.0.0),3,20002,P1,50,Q,2026-Q1,5.5,,,,
ABS:LCI(1.0.0),3,20002,P1,50,Q,2026-Q2,3.7,,,,
ABS:LCI(1.0.0),3,20005,PBLCI,50,Q,2008-Q2,9.1,,,,
ABS:LCI(1.0.0),3,20005,PBLCI,50,Q,2008-Q3,11.8,,,,
ABS:LCI(1.0.0),3,20005,PBLCI,50,Q,2008-Q4,-1.2,,,,
ABS:LCI(1.0.0),3,20005,PBLCI,50,Q,2009-Q1,-6.2,,,,
ABS:LCI(1.0.0),3,20005,PBLCI,50,Q,2009-Q2,-8.2,,,,
ABS:LCI(1.0.0),3,20005,PBLCI,50,Q,2009-Q3,-7.1,,,,
ABS:LCI(1.0.0),3,20005,PBLCI,50,Q,2009-Q4,0.8,,,,
ABS:LCI(1.0.0),3,20005,PBLCI,50,Q,2010-Q1,5.3,,,,
ABS:LCI(1.0.0),3,20005,PBLCI,50,Q,2010-Q2,4.5,,,,
ABS:LCI(1.0.0),3,20005,PBLCI,50,Q,2010-Q3,0.8,,,,
ABS:LCI(1.0.0),3,20005,PBLCI,50,Q,2010-Q4,2.5,,,,
ABS:LCI(1.0.0),3,20005,PBLCI,50,Q,2011-Q1,4.3,,,,
ABS:LCI(1.0.0),3,20005,PBLCI,50,Q,2011-Q2,4.9,,,,
ABS:LCI(1.0.0),3,20005,PBLCI,50,Q,2011-Q3,6,,,,
ABS:LCI(1.0.0),3,20005,PBLCI,50,Q,2011-Q4,5.5,,,,
ABS:LCI(1.0.0),3,20005,PBLCI,50,Q,2012-Q1,3,,,,
ABS:LCI(1.0.0),3,20005,PBLCI,50,Q,2012-Q2,2.3,,,,
ABS:LCI(1.0.0),3,20005,PBLCI,50,Q,2012-Q3,1.1,,,,
ABS:LCI(1.0.0),3,20005,PBLCI,50,Q,2012-Q4,2,,,,
ABS:LCI(1.0.0),3,20005,PBLCI,50,Q,2013-Q1,1.3,,,,
ABS:LCI(1.0.0),3,20005,PBLCI,50,Q,2013-Q2,-0.7,,,,
ABS:LCI(1.0.0),3,20005,PBLCI,50,Q,2013-Q3,3.5,,,,
ABS:LCI(1.0.0),3,20005,PBLCI,50,Q,2013-Q4,2.3,,,,
ABS:LCI(1.0.0),3,20005,PBLCI,50,Q,2014-Q1,3.1,,,,
ABS:LCI(1.0.0),3,20005,PBLCI,50,Q,2014-Q2,3.3,,,,
ABS:LCI(1.0.0),3,20005,PBLCI,50,Q,2014-Q3,-0.1,,,,
ABS:LCI(1.0.0),3,20005,PBLCI,50,Q,2014-Q4,-2.6,,,,
ABS:LCI(1.0.0),3,20005,PBLCI,50,Q,2015-Q1,-8,,,,
ABS:LCI(1.0.0),3,20005,PBLCI,50,Q,2015-Q2,-3.2,,,,
ABS:LCI(1.0.0),3,20005,PBLCI,50,Q,2015-Q3,-2.9,,,,
ABS:LCI(1.0.0),3,20005,PBLCI,50,Q,2015-Q4,-2,,,,
ABS:LCI(1.0.0),3,20005,PBLCI,50,Q,2016-Q1,-1,,,,
ABS:LCI(1.0.0),3,20005,PBLCI,50,Q,2016-Q2,-3.6,,,,
ABS:LCI(1.0.0),3,20005,PBLCI,50,Q,2016-Q3,-4.3,,,,
ABS:LCI(1.0.0),3,20005,PBLCI,50,Q,2016-Q4,-0.5,,,,
ABS:LCI(1.0.0),3,20005,PBLCI,50,Q,2017-Q1,5,,,,
ABS:LCI(1.0.0),3,20005,PBLCI,50,Q,2017-Q2,2.6,,,,
ABS:LCI(1.0.0),3,20005,PBLCI,50,Q,2017-Q3,3.1,,,,
ABS:LCI(1.0.0),3,20005,PBLCI,50,Q,2017-Q4,4.4,,,,
ABS:LCI(1.0.0),3,20005,PBLCI,50,Q,2018-Q1,3.4,,,,
ABS:LCI(1.0.0),3,20005,PBLCI,50,Q,2018-Q2,6.7,,,,
ABS:LCI(1.0.0),3,20005,PBLCI,50,Q,2018-Q3,7.8,,,,
ABS:LCI(1.0.0),3,20005,PBLCI,50,Q,2018-Q4,3.4,,,,
ABS:LCI(1.0.0),3,20005,PBLCI,50,Q,2019-Q1,-0.5,,,,
ABS:LCI(1.0.0),3,20005,PBLCI,50,Q,2019-Q2,1.4,,,,
ABS:LCI(1.0.0),3,20005,PBLCI,50,Q,2019-Q3,0.2,,,,
ABS:LCI(1.0.0),3,20005,PBLCI,50,Q,2019-Q4,2.9,,,,
ABS:LCI(1.0.0),3,20005,PBLCI,50,Q,2020-Q1,3.1,,,,
ABS:LCI(1.0.0),3,20005,PBLCI,50,Q,2020-Q2,-9.9,,,,
ABS:LCI(1.0.0),3,20005,PBLCI,50,Q,2020-Q3,-5.5,,,,
ABS:LCI(1.0.0),3,20005,PBLCI,50,Q,2020-Q4,-6.7,,,,
ABS:LCI(1.0.0),3,20005,PBLCI,50,Q,2021-Q1,-0.3,,,,
ABS:LCI(1.0.0),3,20005,PBLCI,50,Q,2021-Q2,12.9,,,,
ABS:LCI(1.0.0),3,20005,PBLCI,50,Q,2021-Q3,12.2,,,,
ABS:LCI(1.0.0),3,20005,PBLCI,50,Q,2021-Q4,15.3,,,,
ABS:LCI(1.0.0),3,20005,PBLCI,50,Q,2022-Q1,16.6,,,,
ABS:LCI(1.0.0),3,20005,PBLCI,50,Q,2022-Q2,16,,,,
ABS:LCI(1.0.0),3,20005,PBLCI,50,Q,2022-Q3,10.5,,,,
ABS:LCI(1.0.0),3,20005,PBLCI,50,Q,2022-Q4,8.9,,,,
ABS:LCI(1.0.0),3,20005,PBLCI,50,Q,2023-Q1,3.8,,,,
ABS:LCI(1.0.0),3,20005,PBLCI,50,Q,2023-Q2,1,,,,
ABS:LCI(1.0.0),3,20005,PBLCI,50,Q,2023-Q3,6.1,,,,
ABS:LCI(1.0.0),3,20005,PBLCI,50,Q,2023-Q4,3.9,,,,
ABS:LCI(1.0.0),3,20005,PBLCI,50,Q,2024-Q1,3.7,,,,
ABS:LCI(1.0.0),3,20005,PBLCI,50,Q,2024-Q2,4.9,,,,
ABS:LCI(1.0.0),3,20005,PBLCI,50,Q,2024-Q3,-1.9,,,,
ABS:LCI(1.0.0),3,20005,PBLCI,50,Q,2024-Q4,-2.5,,,,
ABS:LCI(1.0.0),3,20005,PBLCI,50,Q,2025-Q1,-1.8,,,,
ABS:LCI(1.0.0),3,20005,PBLCI,50,Q,2025-Q2,-3.7,,,,
ABS:LCI(1.0.0),3,20005,PBLCI,50,Q,2025-Q3,0.3,,,,
ABS:LCI(1.0.0),3,20005,PBLCI,50,Q,2025-Q4,1.9,,,,
ABS:LCI(1.0.0),3,20005,PBLCI,50,Q,2026-Q1,3.2,,,,
ABS:LCI(1.0.0),3,20005,PBLCI,50,Q,2026-Q2,3.4,,,,
ABS:LCI(1.0.0),3,115488,P1,50,Q,2008-Q2,0.1,,,,
ABS:LCI(1.0.0),3,115488,P1,50,Q,2008-Q3,0.3,,,,
ABS:LCI(1.0.0),3,115488,P1,50,Q,2008-Q4,0.6,,,,
ABS:LCI(1.0.0),3,115488,P1,50,Q,2009-Q1,1,,,,
ABS:LCI(1.0.0),3,115488,P1,50,Q,2009-Q2,1.2,,,,
ABS:LCI(1.0.0),3,115488,P1,50,Q,2009-Q3,0.9,,,,
ABS:LCI(1.0.0),3,115488,P1,50,Q,2009-Q4,0.6,,,,
ABS:LCI(1.0.0),3,115488,P1,50,Q,2010-Q1,0.1,,,,
ABS:LCI(1.0.0),3,115488,P1,50,Q,2010-Q2,-0.2,,,,
ABS:LCI(1.0.0),3,115488,P1,50,Q,2010-Q3,-0.5,,,,
ABS:LCI(1.0.0),3,115488,P1,50,Q,2010-Q4,-0.4,,,,
ABS:LCI(1.0.0),3,115488,P1,50,Q,2011-Q1,-0.2,,,,
ABS:LCI(1.0.0),3,115488,P1,50,Q,2011-Q2,0.3,,,,
ABS:LCI(1.0.0),3,115488,P1,50,Q,2011-Q3,0.6,,,,
ABS:LCI(1.0.0),3,115488,P1,50,Q,2011-Q4,1.6,,,,
ABS:LCI(1.0.0),3,115488,P1,50,Q,2012-Q1,1.5,,,,
ABS:LCI(1.0.0),3,115488,P1,50,Q,2012-Q2,0.8,,,,
ABS:LCI(1.0.0),3,115488,P1,50,Q,2012-Q3,1.4,,,,
ABS:LCI(1.0.0),3,115488,P1,50,Q,2012-Q4,1.6,,,,
ABS:LCI(1.0.0),3,115488,P1,50,Q,2013-Q1,1.5,,,,
ABS:LCI(1.0.0),3,115488,P1,50,Q,2013-Q2,2.2,,,,
ABS:LCI(1.0.0),3,115488,P1,50,Q,2013-Q3,1.8,,,,
ABS:LCI(1.0.0),3,115488,P1,50,Q,2013-Q4,1.7,,,,
ABS:LCI(1.0.0),3,115488,P1,50,Q,2014-Q1,1.9,,,,
ABS:LCI(1.0.0),3,115488,P1,50,Q,2014-Q2,-0.3,,,,
ABS:LCI(1.0.0),3,115488,P1,50,Q,2014-Q3,-1.8,,,,
ABS:LCI(1.0.0),3,115488,P1,50,Q,2014-Q4,-3.1,,,,
ABS:LCI(1.0.0),3,115488,P1,50,Q,2015-Q1,-4.5,,,,
ABS:LCI(1.0.0),3,115488,P1,50,Q,2015-Q2,-3.5,,,,
ABS:LCI(1.0.0),3,115488,P1,50,Q,2015-Q3,-4,,,,
ABS:LCI(1.0.0),3,115488,P1,50,Q,2015-Q4,-6.2,,,,
ABS:LCI(1.0.0),3,115488,P1,50,Q,2016-Q1,-6.4,,,,
ABS:LCI(1.0.0),3,115488,P1,50,Q,2016-Q2,-7.2,,,,
ABS:LCI(1.0.0),3,115488,P1,50,Q,2016-Q3,-7.6,,,,
ABS:LCI(1.0.0),3,115488,P1,50,Q,2016-Q4,-6,,,,
ABS:LCI(1.0.0),3,115488,P1,50,Q,2017-Q1,-4.8,,,,
ABS:LCI(1.0.0),3,115488,P1,50,Q,2017-Q2,-3.9,,,,
ABS:LCI(1.0.0),3,115488,P1,50,Q,2017-Q3,-3,,,,
ABS:LCI(1.0.0),3,115488,P1,50,Q,2017-Q4,-3.5,,,,
ABS:LCI(1.0.0),3,115488,P1,50,Q,2018-Q1,-3.5,,,,
ABS:LCI(1.0.0),3,115488,P1,50,Q,2018-Q2,-4.3,,,,
ABS:LCI(1.0.0),3,115488,P1,50,Q,2018-Q3,-4.3,,,,
ABS:LCI(1.0.0),3,115488,P1,50,Q,2018-Q4,-4.4,,,,
ABS:LCI(1.0.0),3,115488,P1,50,Q,2019-Q1,-4.6,,,,
ABS:LCI(1.0.0),3,115488,P1,50,Q,2019-Q2,-4.4,,,,
ABS:LCI(1.0.0),3,115488,P1,50,Q,2019-Q3,-4.2,,,,
ABS:LCI(1.0.0),3,115488,P1,50,Q,2019-Q4,-3.8,,,,
ABS:LCI(1.0.0),3,115488,P1,50,Q,2020-Q1,-3.5,,,,
ABS:LCI(1.0.0),3,115488,P1,50,Q,2020-Q2,-3.6,,,,
ABS:LCI(1.0.0),3,115488,P1,50,Q,2020-Q3,-3.2,,,,
ABS:LCI(1.0.0),3,115488,P1,50,Q,2020-Q4,-2.6,,,,
ABS:LCI(1.0.0),3,115488,P1,50,Q,2021-Q1,-2,,,,
ABS:LCI(1.0.0),3,115488,P1,50,Q,2021-Q2,-1.3,,,,
ABS:LCI(1.0.0),3,115488,P1,50,Q,2021-Q3,-1.1,,,,
ABS:LCI(1.0.0),3,115488,P1,50,Q,2021-Q4,-0.6,,,,
ABS:LCI(1.0.0),3,115488,P1,50,Q,2022-Q1,-0.8,,,,
ABS:LCI(1.0.0),3,115488,P1,50,Q,2022-Q2,-0.1,,,,
ABS:LCI(1.0.0),3,115488,P1,50,Q,2022-Q3,1.9,,,,
ABS:LCI(1.0.0),3,115488,P1,50,Q,2022-Q4,1.3,,,,
ABS:LCI(1.0.0),3,115488,P1,50,Q,2023-Q1,1.2,,,,
ABS:LCI(1.0.0),3,115488,P1,50,Q,2023-Q2,0.6,,,,
ABS:LCI(1.0.0),3,115488,P1,50,Q,2023-Q3,1.3,,,,
ABS:LCI(1.0.0),3,115488,P1,50,Q,2023-Q4,2,,,,
ABS:LCI(1.0.0),3,115488,P1,50,Q,2024-Q1,1.6,,,,
ABS:LCI(1.0.0),3,115488,P1,50,Q,2024-Q2,1.3,,,,
ABS:LCI(1.0.0),3,115488,P1,50,Q,2024-Q3,-0.2,,,,
ABS:LCI(1.0.0),3,115488,P1,50,Q,2024-Q4,0,,,,
ABS:LCI(1.0.0),3,115488,P1,50,Q,2025-Q1,0,,,,
ABS:LCI(1.0.0),3,115488,P1,50,Q,2025-Q2,1,,,,
ABS:LCI(1.0.0),3,115488,P1,50,Q,2025-Q3,1.8,,,,
ABS:LCI(1.0.0),3,115488,P1,50,Q,2025-Q4,1.3,,,,
ABS:LCI(1.0.0),3,115488,P1,50,Q,2026-Q1,1.7,,,,
ABS:LCI(1.0.0),3,115488,P1,50,Q,2026-Q2,2,,,,
ABS:LCI(1.0.0),3,131279,P2,50,Q,1999-Q2,-4.8,,,,
ABS:LCI(1.0.0),3,131279,P2,50,Q,1999-Q3,-5.3,,,,
ABS:LCI(1.0.0),3,131279,P2,50,Q,1999-Q4,-3.9,,,,
ABS:LCI(1.0.0),3,131279,P2,50,Q,2000-Q1,-2.9,,,,
ABS:LCI(1.0.0),3,131279,P2,50,Q,2000-Q2,-3.7,,,,
ABS:LCI(1.0.0),3,131279,P2,50,Q,2000-Q3,1.6,,,,
ABS:LCI(1.0.0),3,131279,P2,50,Q,2000-Q4,3.6,,,,
ABS:LCI(1.0.0),3,131279,P2,50,Q,2001-Q1,3.7,,,,
ABS:LCI(1.0.0),3,131279,P2,50,Q,2001-Q2,5.7,,,,
ABS:LCI(1.0.0),3,131279,P2,50,Q,2001-Q3,1.1,,,,
ABS:LCI(1.0.0),3,131279,P2,50,Q,2001-Q4,-1.8,,,,
ABS:LCI(1.0.0),3,131279,P2,50,Q,2002-Q1,0.5,,,,
ABS:LCI(1.0.0),3,131279,P2,50,Q,2002-Q2,-0.5,,,,
ABS:LCI(1.0.0),3,131279,P2,50,Q,2002-Q3,0.8,,,,
ABS:LCI(1.0.0),3,131279,P2,50,Q,2002-Q4,1.7,,,,
ABS:LCI(1.0.0),3,131279,P2,50,Q,2003-Q1,0.4,,,,
ABS:LCI(1.0.0),3,131279,P2,50,Q,2003-Q2,3.2,,,,
ABS:LCI(1.0.0),3,131279,P2,50,Q,2003-Q3,3,,,,
ABS:LCI(1.0.0),3,131279,P2,50,Q,2003-Q4,3.1,,,,
ABS:LCI(1.0.0),3,131279,P2,50,Q,2004-Q1,2.8,,,,
ABS:LCI(1.0.0),3,131279,P2,50,Q,2004-Q2,2.9,,,,
ABS:LCI(1.0.0),3,131279,P2,50,Q,2004-Q3,5.1,,,,
ABS:LCI(1.0.0),3,131279,P2,50,Q,2004-Q4,5.2,,,,
ABS:LCI(1.0.0),3,131279,P2,50,Q,2005-Q1,5.7,,,,
ABS:LCI(1.0.0),3,131279,P2,50,Q,2005-Q2,4.9,,,,
ABS:LCI(1.0.0),3,131279,P2,50,Q,2005-Q3,2.7,,,,
ABS:LCI(1.0.0),3,131279,P2,50,Q,2005-Q4,1.1,,,,
ABS:LCI(1.0.0),3,131279,P2,50,Q,2006-Q1,0.7,,,,
ABS:LCI(1.0.0),3,131279,P2,50,Q,2006-Q2,1.4,,,,
ABS:LCI(1.0.0),3,131279,P2,50,Q,2006-Q3,2.4,,,,
ABS:LCI(1.0.0),3,131279,P2,50,Q,2006-Q4,5.4,,,,
ABS:LCI(1.0.0),3,131279,P2,50,Q,2007-Q1,6.5,,,,
ABS:LCI(1.0.0),3,131279,P2,50,Q,2007-Q2,5.2,,,,
ABS:LCI(1.0.0),3,131279,P2,50,Q,2007-Q3,6.7,,,,
ABS:LCI(1.0.0),3,131279,P2,50,Q,2007-Q4,7,,,,
ABS:LCI(1.0.0),3,131279,P2,50,Q,2008-Q1,9,,,,
ABS:LCI(1.0.0),3,131279,P2,50,Q,2008-Q2,11.2,,,,
ABS:LCI(1.0.0),3,131279,P2,50,Q,2008-Q3,11.3,,,,
ABS:LCI(1.0.0),3,131279,P2,50,Q,2008-Q4,14.6,,,,
ABS:LCI(1.0.0),3,131279,P2,50,Q,2009-Q1,6.2,,,,
ABS:LCI(1.0.0),3,131279,P2,50,Q,2009-Q2,1.2,,,,
ABS:LCI(1.0.0),3,131279,P2,50,Q,2009-Q3,-1.9,,,,
ABS:LCI(1.0.0),3,131279,P2,50,Q,2009-Q4,-4.5,,,,
ABS:LCI(1.0.0),3,131279,P2,50,Q,2010-Q1,3.3,,,,
ABS:LCI(1.0.0),3,131279,P2,50,Q,2010-Q2,8.7,,,,
ABS:LCI(1.0.0),3,131279,P2,50,Q,2010-Q3,10.9,,,,
ABS:LCI(1.0.0),3,131279,P2,50,Q,2010-Q4,11,,,,
ABS:LCI(1.0.0),3,131279,P2,50,Q,2011-Q1,9.1,,,,
ABS:LCI(1.0.0),3,131279,P2,50,Q,2011-Q2,7.3,,,,
ABS:LCI(1.0.0),3,131279,P2,50,Q,2011-Q3,7.6,,,,
ABS:LCI(1.0.0),3,131279,P2,50,Q,2011-Q4,5.4,,,,
ABS:LCI(1.0.0),3,131279,P2,50,Q,2012-Q1,2.7,,,,
ABS:LCI(1.0.0),3,131279,P2,50,Q,2012-Q2,2,,,,
ABS:LCI(1.0.0),3,131279,P2,50,Q,2012-Q3,-1.3,,,,
ABS:LCI(1.0.0),3,131279,P2,50,Q,2012-Q4,-1.9,,,,
ABS:LCI(1.0.0),3,131279,P2,50,Q,2013-Q1,-1.1,,,,
ABS:LCI(1.0.0),3,131279,P2,50,Q,2013-Q2,-2.7,,,,
ABS:LCI(1.0.0),3,131279,P2,50,Q,2013-Q3,-1,,,,
ABS:LCI(1.0.0),3,131279,P2,50,Q,2013-Q4,-1.2,,,,
ABS:LCI(1.0.0),3,131279,P2,50,Q,2014-Q1,-0.2,,,,
ABS:LCI(1.0.0),3,131279,P2,50,Q,2014-Q2,0.1,,,,
ABS:LCI(1.0.0),3,131279,P2,50,Q,2014-Q3,0.1,,,,
ABS:LCI(1.0.0),3,131279,P2,50,Q,2014-Q4,-0.2,,,,
ABS:LCI(1.0.0),3,131279,P2,50,Q,2015-Q1,-0.6,,,,
ABS:LCI(1.0.0),3,131279,P2,50,Q,2015-Q2,-0.6,,,,
ABS:LCI(1.0.0),3,131279,P2,50,Q,2015-Q3,-0.9,,,,
ABS:LCI(1.0.0),3,131279,P2,50,Q,2015-Q4,-0.4,,,,
ABS:LCI(1.0.0),3,131279,P2,50,Q,2016-Q1,-0.2,,,,
ABS:LCI(1.0.0),3,131279,P2,50,Q,2016-Q2,1.2,,,,
ABS:LCI(1.0.0),3,131279,P2,50,Q,2016-Q3,1.2,,,,
ABS:LCI(1.0.0),3,131279,P2,50,Q,2016-Q4,1,,,,
ABS:LCI(1.0.0),3,131279,P2,50,Q,2017-Q1,-0.1,,,,
ABS:LCI(1.0.0),3,131279,P2,50,Q,2017-Q2,0.1,,,,
ABS:LCI(1.0.0),3,131279,P2,50,Q,2017-Q3,0.7,,,,
ABS:LCI(1.0.0),3,131279,P2,50,Q,2017-Q4,1.4,,,,
ABS:LCI(1.0.0),3,131279,P2,50,Q,2018-Q1,2.9,,,,
ABS:LCI(1.0.0),3,131279,P2,50,Q,2018-Q2,2.2,,,,
ABS:LCI(1.0.0),3,131279,P2,50,Q,2018-Q3,1.7,,,,
ABS:LCI(1.0.0),3,131279,P2,50,Q,2018-Q4,1.6,,,,
ABS:LCI(1.0.0),3,131279,P2,50,Q,2019-Q1,-0.4,,,,
ABS:LCI(1.0.0),3,131279,P2,50,Q,2019-Q2,0,,,,
ABS:LCI(1.0.0),3,131279,P2,50,Q,2019-Q3,0.3,,,,
ABS:LCI(1.0.0),3,131279,P2,50,Q,2019-Q4,-0.2,,,,
ABS:LCI(1.0.0),3,131279,P2,50,Q,2020-Q1,0.4,,,,
ABS:LCI(1.0.0),3,131279,P2,50,Q,2020-Q2,2.2,,,,
ABS:LCI(1.0.0),3,131279,P2,50,Q,2020-Q3,-2.8,,,,
ABS:LCI(1.0.0),3,131279,P2,50,Q,2020-Q4,-5.1,,,,
ABS:LCI(1.0.0),3,131279,P2,50,Q,2021-Q1,-5.7,,,,
ABS:LCI(1.0.0),3,131279,P2,50,Q,2021-Q2,-8.9,,,,
ABS:LCI(1.0.0),3,131279,P2,50,Q,2021-Q3,-4.2,,,,
ABS:LCI(1.0.0),3,131279,P2,50,Q,2021-Q4,-3.9,,,,
ABS:LCI(1.0.0),3,131279,P2,50,Q,2022-Q1,-4.4,,,,
ABS:LCI(1.0.0),3,131279,P2,50,Q,2022-Q2,-3.8,,,,
ABS:LCI(1.0.0),3,131279,P2,50,Q,2022-Q3,-3.8,,,,
ABS:LCI(1.0.0),3,131279,P2,50,Q,2022-Q4,0.6,,,,
ABS:LCI(1.0.0),3,131279,P2,50,Q,2023-Q1,5,,,,
ABS:LCI(1.0.0),3,131279,P2,50,Q,2023-Q2,7.5,,,,
ABS:LCI(1.0.0),3,131279,P2,50,Q,2023-Q3,10.1,,,,
ABS:LCI(1.0.0),3,131279,P2,50,Q,2023-Q4,11.2,,,,
ABS:LCI(1.0.0),3,131279,P2,50,Q,2024-Q1,10.5,,,,
ABS:LCI(1.0.0),3,131279,P2,50,Q,2024-Q2,11.2,,,,
ABS:LCI(1.0.0),3,131279,P2,50,Q,2024-Q3,10.9,,,,
ABS:LCI(1.0.0),3,131279,P2,50,Q,2024-Q4,8.1,,,,
ABS:LCI(1.0.0),3,131279,P2,50,Q,2025-Q1,8.3,,,,
ABS:LCI(1.0.0),3,131279,P2,50,Q,2025-Q2,7.3,,,,
ABS:LCI(1.0.0),3,131279,P2,50,Q,2025-Q3,4.4,,,,
ABS:LCI(1.0.0),3,131279,P2,50,Q,2025-Q4,3.6,,,,
ABS:LCI(1.0.0),3,131279,P2,50,Q,2026-Q1,2.4,,,,
ABS:LCI(1.0.0),3,131279,P2,50,Q,2026-Q2,2.4,,,,
ABS:LCI(1.0.0),4,10001,P1,50,Q,2025-Q4,100.15,,,,
ABS:LCI(1.0.0),4,10001,P1,50,Q,2026-Q1,101.54,,,,
ABS:LCI(1.0.0),4,10001,P1,50,Q,2026-Q2,103.05,,,,
ABS:LCI(1.0.0),4,126670,P1,50,Q,2025-Q4,17.55,,,,
ABS:LCI(1.0.0),4,126670,P1,50,Q,2026-Q1,17.85,,,,
ABS:LCI(1.0.0),4,126670,P1,50,Q,2026-Q2,18.95,,,,
ABS:LCI(1.0.0),4,131279,P4,50,Q,2025-Q4,0.34,,,,
ABS:LCI(1.0.0),4,131279,P4,50,Q,2026-Q1,0.35,,,,
ABS:LCI(1.0.0),4,131279,P4,50,Q,2026-Q2,0.35,,,,
ABS:LCI(1.0.0),5,10001,P1,50,Q,2025-Q4,0.15,,,,
ABS:LCI(1.0.0),5,10001,P1,50,Q,2026-Q1,1.39,,,,
ABS:LCI(1.0.0),5,10001,P1,50,Q,2026-Q2,1.51,,,,
ABS:LCI(1.0.0),5,20002,P3,50,Q,2025-Q4,-0.02,,,,
ABS:LCI(1.0.0),5,20002,P3,50,Q,2026-Q1,0.07,,,,
ABS:LCI(1.0.0),5,20002,P3,50,Q,2026-Q2,0.03,,,,
ABS:LCI(1.0.0),5,20005,P2,50,Q,2025-Q4,0.06,,,,
ABS:LCI(1.0.0),5,20005,P2,50,Q,2026-Q1,0.23,,,,
ABS:LCI(1.0.0),5,20005,P2,50,Q,2026-Q2,-0.07,,,,
ABS:LCI(1.0.0),5,115489,PBLCI,50,Q,2025-Q4,0.23,,,,
ABS:LCI(1.0.0),5,115489,PBLCI,50,Q,2026-Q1,-0.07,,,,
ABS:LCI(1.0.0),5,115489,PBLCI,50,Q,2026-Q2,-0.05,,,,
ABS:LCI(1.0.0),5,126670,P3,50,Q,2025-Q4,-0.09,,,,
ABS:LCI(1.0.0),5,126670,P3,50,Q,2026-Q1,0.17,,,,
ABS:LCI(1.0.0),5,126670,P3,50,Q,2026-Q2,0.43,,,,
ABS:LCI(1.0.0),1,10001,P2,50,Q,1998-Q2,45.43,,,,
ABS:LCI(1.0.0),1,10001,P2,50,Q,1998-Q3,45.66,,,,
ABS:LCI(1.0.0),1,10001,P2,50,Q,1998-Q4,45.84,,,,
ABS:LCI(1.0.0),1,10001,P2,50,Q,1999-Q1,45.8,,,,
ABS:LCI(1.0.0),1,10001,P2,50,Q,1999-Q2,45.98,,,,
ABS:LCI(1.0.0),1,10001,P2,50,Q,1999-Q3,46.34,,,,
ABS:LCI(1.0.0),1,10001,P2,50,Q,1999-Q4,46.52,,,,
ABS:LCI(1.0.0),1,10001,P2,50,Q,2000-Q1,46.98,,,,
ABS:LCI(1.0.0),1,10001,P2,50,Q,2000-Q2,47.3,,,,
ABS:LCI(1.0.0),1,10001,P2,50,Q,2000-Q3,48.98,,,,
ABS:LCI(1.0.0),1,10001,P2,50,Q,2000-Q4,49.16,,,,
ABS:LCI(1.0.0),1,10001,P2,50,Q,2001-Q1,49.84,,,,
ABS:LCI(1.0.0),1,10001,P2,50,Q,2001-Q2,50.2,,,,
ABS:LCI(1.0.0),1,10001,P2,50,Q,2001-Q3,50.38,,,,
ABS:LCI(1.0.0),1,10001,P2,50,Q,2001-Q4,51.02,,,,
ABS:LCI(1.0.0),1,10001,P2,50,Q,2002-Q1,51.57,,,,
ABS:LCI(1.0.0),1,10001,P2,50,Q,2002-Q2,51.79,,,,
ABS:LCI(1.0.0),1,10001,P2,50,Q,2002-Q3,52.16,,,,
ABS:LCI(1.0.0),1,10001,P2,50,Q,2002-Q4,52.57,,,,
ABS:LCI(1.0.0),1,10001,P2,50,Q,2003-Q1,53.44,,,,
ABS:LCI(1.0.0),1,10001,P2,50,Q,2003-Q2,53.26,,,,
ABS:LCI(1.0.0),1,10001,P2,50,Q,2003-Q3,53.47,,,,
ABS:LCI(1.0.0),1,10001,P2,50,Q,2003-Q4,53.85,,,,
ABS:LCI(1.0.0),1,10001,P2,50,Q,2004-Q1,54.43,,,,
ABS:LCI(1.0.0),1,10001,P2,50,Q,2004-Q2,54.51,,,,
ABS:LCI(1.0.0),1,10001,P2,50,Q,2004-Q3,54.66,,,,
ABS:LCI(1.0.0),1,10001,P2,50,Q,2004-Q4,55.13,,,,
ABS:LCI(1.0.0),1,10001,P2,50,Q,2005-Q1,55.62,,,,
ABS:LCI(1.0.0),1,10001,P2,50,Q,2005-Q2,55.89,,,,
ABS:LCI(1.0.0),1,10001,P2,50,Q,2005-Q3,56.47,,,,
ABS:LCI(1.0.0),1,10001,P2,50,Q,2005-Q4,56.82,,,,
ABS:LCI(1.0.0),1,10001,P2,50,Q,2006-Q1,57.5,,,,
ABS:LCI(1.0.0),1,10001,P2,50,Q,2006-Q2,58.69,,,,
ABS:LCI(1.0.0),1,10001,P2,50,Q,2006-Q3,59.5,,,,
ABS:LCI(1.0.0),1,10001,P2,50,Q,2006-Q4,59.41,,,,
ABS:LCI(1.0.0),1,10001,P2,50,Q,2007-Q1,59.29,,,,
ABS:LCI(1.0.0),1,10001,P2,50,Q,2007-Q2,59.97,,,,
ABS:LCI(1.0.0),1,10001,P2,50,Q,2007-Q3,60.56,,,,
ABS:LCI(1.0.0),1,10001,P2,50,Q,2007-Q4,60.91,,,,
ABS:LCI(1.0.0),1,10001,P2,50,Q,2008-Q1,61.88,,,,
ABS:LCI(1.0.0),1,10001,P2,50,Q,2008-Q2,62.54,,,,
ABS:LCI(1.0.0),1,10001,P2,50,Q,2008-Q3,63.42,,,,
ABS:LCI(1.0.0),1,10001,P2,50,Q,2008-Q4,63.37,,,,
ABS:LCI(1.0.0),1,10001,P2,50,Q,2009-Q1,64.11,,,,
ABS:LCI(1.0.0),1,10001,P2,50,Q,2009-Q2,64.31,,,,
ABS:LCI(1.0.0),1,10001,P2,50,Q,2009-Q3,64.96,,,,
ABS:LCI(1.0.0),1,10001,P2,50,Q,2009-Q4,65.36,,,,
ABS:LCI(1.0.0),1,10001,P2,50,Q,2010-Q1,66.08,,,,
ABS:LCI(1.0.0),1,10001,P2,50,Q,2010-Q2,66.39,,,,
ABS:LCI(1.0.0),1,10001,P2,50,Q,2010-Q3,66.95,,,,
ABS:LCI(1.0.0),1,10001,P2,50,Q,2010-Q4,67.42,,,,
ABS:LCI(1.0.0),1,10001,P2,50,Q,2011-Q1,68.72,,,,
ABS:LCI(1.0.0),1,10001,P2,50,Q,2011-Q2,69.34,,,,
ABS:LCI(1.0.0),1,10001,P2,50,Q,2011-Q3,69.75,,,,
ABS:LCI(1.0.0),1,10001,P2,50,Q,2011-Q4,69.49,,,,
ABS:LCI(1.0.0),1,10001,P2,50,Q,2012-Q1,69.49,,,,
ABS:LCI(1.0.0),1,10001,P2,50,Q,2012-Q2,69.85,,,,
ABS:LCI(1.0.0),1,10001,P2,50,Q,2012-Q3,71.15,,,,
ABS:LCI(1.0.0),1,10001,P2,50,Q,2012-Q4,71.15,,,,
ABS:LCI(1.0.0),1,10001,P2,50,Q,2013-Q1,71.47,,,,
ABS:LCI(1.0.0),1,10001,P2,50,Q,2013-Q2,71.66,,,,
ABS:LCI(1.0.0),1,10001,P2,50,Q,2013-Q3,72.57,,,,
ABS:LCI(1.0.0),1,10001,P2,50,Q,2013-Q4,72.96,,,,
ABS:LCI(1.0.0),1,10001,P2,50,Q,2014-Q1,73.59,,,,
ABS:LCI(1.0.0),1,10001,P2,50,Q,2014-Q2,73.88,,,,
ABS:LCI(1.0.0),1,10001,P2,50,Q,2014-Q3,73.99,,,,
ABS:LCI(1.0.0),1,10001,P2,50,Q,2014-Q4,73.87,,,,
ABS:LCI(1.0.0),1,10001,P2,50,Q,2015-Q1,74.17,,,,
ABS:LCI(1.0.0),1,10001,P2,50,Q,2015-Q2,74.58,,,,
ABS:LCI(1.0.0),1,10001,P2,50,Q,2015-Q3,74.68,,,,
ABS:LCI(1.0.0),1,10001,P2,50,Q,2015-Q4,74.79,,,,
ABS:LCI(1.0.0),1,10001,P2,50,Q,2016-Q1,74.79,,,,
ABS:LCI(1.0.0),1,10001,P2,50,Q,2016-Q2,75.13,,,,
ABS:LCI(1.0.0),1,10001,P2,50,Q,2016-Q3,75.77,,,,
ABS:LCI(1.0.0),1,10001,P2,50,Q,2016-Q4,76.01,,,,
ABS:LCI(1.0.0),1,10001,P2,50,Q,2017-Q1,76.58,,,,
ABS:LCI(1.0.0),1,10001,P2,50,Q,2017-Q2,76.67,,,,
ABS:LCI(1.0.0),1,10001,P2,50,Q,2017-Q3,77.09,,,,
ABS:LCI(1.0.0),1,10001,P2,50,Q,2017-Q4,77.6,,,,
ABS:LCI(1.0.0),1,10001,P2,50,Q,2018-Q1,78.19,,,,
ABS:LCI(1.0.0),1,10001,P2,50,Q,2018-Q2,78.38,,,,
ABS:LCI(1.0.0),1,10001,P2,50,Q,2018-Q3,78.8,,,,
ABS:LCI(1.0.0),1,10001,P2,50,Q,2018-Q4,79.12,,,,
ABS:LCI(1.0.0),1,10001,P2,50,Q,2019-Q1,79.35,,,,
ABS:LCI(1.0.0),1,10001,P2,50,Q,2019-Q2,79.81,,,,
ABS:LCI(1.0.0),1,10001,P2,50,Q,2019-Q3,80.17,,,,
ABS:LCI(1.0.0),1,10001,P2,50,Q,2019-Q4,80.58,,,,
ABS:LCI(1.0.0),1,10001,P2,50,Q,2020-Q1,81.22,,,,
ABS:LCI(1.0.0),1,10001,P2,50,Q,2020-Q2,80.57,,,,
ABS:LCI(1.0.0),1,10001,P2,50,Q,2020-Q3,80.88,,,,
ABS:LCI(1.0.0),1,10001,P2,50,Q,2020-Q4,80.91,,,,
ABS:LCI(1.0.0),1,10001,P2,50,Q,2021-Q1,81.62,,,,
ABS:LCI(1.0.0),1,10001,P2,50,Q,2021-Q2,82.44,,,,
ABS:LCI(1.0.0),1,10001,P2,50,Q,2021-Q3,82.97,,,,
ABS:LCI(1.0.0),1,10001,P2,50,Q,2021-Q4,83.64,,,,
ABS:LCI(1.0.0),1,10001,P2,50,Q,2022-Q1,85.62,,,,
ABS:LCI(1.0.0),1,10001,P2,50,Q,2022-Q2,86.74,,,,
ABS:LCI(1.0.0),1,10001,P2,50,Q,2022-Q3,88.27,,,,
ABS:LCI(1.0.0),1,10001,P2,50,Q,2022-Q4,89.8,,,,
ABS:LCI(1.0.0),1,10001,P2,50,Q,2023-Q1,91.76,,,,
ABS:LCI(1.0.0),1,10001,P2,50,Q,2023-Q2,92.58,,,,
ABS:LCI(1.0.0),1,10001,P2,50,Q,2023-Q3,92.97,,,,
ABS:LCI(1.0.0),1,10001,P2,50,Q,2023-Q4,93.74,,,,
ABS:LCI(1.0.0),1,10001,P2,50,Q,2024-Q1,94.77,,,,
ABS:LCI(1.0.0),1,10001,P2,50,Q,2024-Q2,95.99,,,,
ABS:LCI(1.0.0),1,10001,P2,50,Q,2024-Q3,96.23,,,,
ABS:LCI(1.0.0),1,10001,P2,50,Q,2024-Q4,96.08,,,,
ABS:LCI(1.0.0),1,10001,P2,50,Q,2025-Q1,97.58,,,,
ABS:LCI(1.0.0),1,10001,P2,50,Q,2025-Q2,98.56,,,,
ABS:LCI(1.0.0),1,10001,P2,50,Q,2025-Q3,100,,,,
ABS:LCI(1.0.0),1,10001,P2,50,Q,2025-Q4,100.13,,,,
ABS:LCI(1.0.0),1,10001,P2,50,Q,2026-Q1,102.67,,,,
ABS:LCI(1.0.0),1,10001,P2,50,Q,2026-Q2,103.21,,,,
ABS:LCI(1.0.0),1,20001,PBLCI,50,Q,2007-Q2,63.89,,,,
ABS:LCI(1.0.0),1,20001,PBLCI,50,Q,2007-Q3,65.23,,,,
ABS:LCI(1.0.0),1,20001,PBLCI,50,Q,2007-Q4,64.97,,,,
ABS:LCI(1.0.0),1,20001,PBLCI,50,Q,2008-Q1,66.38,,,,
ABS:LCI(1.0.0),1,20001,PBLCI,50,Q,2008-Q2,66.19,,,,
ABS:LCI(1.0.0),1,20001,PBLCI,50,Q,2008-Q3,67.08,,,,
ABS:LCI(1.0.0),1,20001,PBLCI,50,Q,2008-Q4,68.68,,,,
ABS:LCI(1.0.0),1,20001,PBLCI,50,Q,2009-Q1,70.28,,,,
ABS:LCI(1.0.0),1,20001,PBLCI,50,Q,2009-Q2,69.29,,,,
ABS:LCI(1.0.0),1,20001,PBLCI,50,Q,2009-Q3,68.55,,,,
ABS:LCI(1.0.0),1,20001,PBLCI,50,Q,2009-Q4,69.71,,,,
ABS:LCI(1.0.0),1,20001,PBLCI,50,Q,2010-Q1,70.49,,,,
ABS:LCI(1.0.0),1,20001,PBLCI,50,Q,2010-Q2,70.07,,,,
ABS:LCI(1.0.0),1,20001,PBLCI,50,Q,2010-Q3,69.64,,,,
ABS:LCI(1.0.0),1,20001,PBLCI,50,Q,2010-Q4,71.41,,,,
ABS:LCI(1.0.0),1,20001,PBLCI,50,Q,2011-Q1,73.8,,,,
ABS:LCI(1.0.0),1,20001,PBLCI,50,Q,2011-Q2,74.82,,,,
ABS:LCI(1.0.0),1,20001,PBLCI,50,Q,2011-Q3,74.49,,,,
ABS:LCI(1.0.0),1,20001,PBLCI,50,Q,2011-Q4,73.09,,,,
ABS:LCI(1.0.0),1,20001,PBLCI,50,Q,2012-Q1,71.07,,,,
ABS:LCI(1.0.0),1,20001,PBLCI,50,Q,2012-Q2,71.51,,,,
ABS:LCI(1.0.0),1,20001,PBLCI,50,Q,2012-Q3,73.1,,,,
ABS:LCI(1.0.0),1,20001,PBLCI,50,Q,2012-Q4,72.89,,,,
ABS:LCI(1.0.0),1,20001,PBLCI,50,Q,2013-Q1,72.07,,,,
ABS:LCI(1.0.0),1,20001,PBLCI,50,Q,2013-Q2,72.1,,,,
ABS:LCI(1.0.0),1,20001,PBLCI,50,Q,2013-Q3,72.16,,,,
ABS:LCI(1.0.0),1,20001,PBLCI,50,Q,2013-Q4,73.45,,,,
ABS:LCI(1.0.0),1,20001,PBLCI,50,Q,2014-Q1,73.66,,,,
ABS:LCI(1.0.0),1,20001,PBLCI,50,Q,2014-Q2,74.01,,,,
ABS:LCI(1.0.0),1,20001,PBLCI,50,Q,2014-Q3,74.96,,,,
ABS:LCI(1.0.0),1,20001,PBLCI,50,Q,2014-Q4,74.91,,,,
ABS:LCI(1.0.0),1,20001,PBLCI,50,Q,2015-Q1,75.06,,,,
ABS:LCI(1.0.0),1,20001,PBLCI,50,Q,2015-Q2,74.8,,,,
ABS:LCI(1.0.0),1,20001,PBLCI,50,Q,2015-Q3,74.75,,,,
ABS:LCI(1.0.0),1,20001,PBLCI,50,Q,2015-Q4,74.96,,,,
ABS:LCI(1.0.0),1,20001,PBLCI,50,Q,2016-Q1,74.71,,,,
ABS:LCI(1.0.0),1,20001,PBLCI,50,Q,2016-Q2,74.47,,,,
ABS:LCI(1.0.0),1,20001,PBLCI,50,Q,2016-Q3,76.01,,,,
ABS:LCI(1.0.0),1,20001,PBLCI,50,Q,2016-Q4,76.46,,,,
ABS:LCI(1.0.0),1,20001,PBLCI,50,Q,2017-Q1,76.18,,,,
ABS:LCI(1.0.0),1,20001,PBLCI,50,Q,2017-Q2,75.9,,,,
ABS:LCI(1.0.0),1,20001,PBLCI,50,Q,2017-Q3,74.92,,,,
ABS:LCI(1.0.0),1,20001,PBLCI,50,Q,2017-Q4,75.88,,,,
ABS:LCI(1.0.0),1,20001,PBLCI,50,Q,2018-Q1,76.17,,,,
ABS:LCI(1.0.0),1,20001,PBLCI,50,Q,2018-Q2,75.69,,,,
ABS:LCI(1.0.0),1,20001,PBLCI,50,Q,2018-Q3,76.11,,,,
ABS:LCI(1.0.0),1,20001,PBLCI,50,Q,2018-Q4,76.9,,,,
ABS:LCI(1.0.0),1,20001,PBLCI,50,Q,2019-Q1,78.07,,,,
ABS:LCI(1.0.0),1,20001,PBLCI,50,Q,2019-Q2,77.66,,,,
ABS:LCI(1.0.0),1,20001,PBLCI,50,Q,2019-Q3,77.96,,,,
ABS:LCI(1.0.0),1,20001,PBLCI,50,Q,2019-Q4,79.06,,,,
ABS:LCI(1.0.0),1,20001,PBLCI,50,Q,2020-Q1,80.84,,,,
ABS:LCI(1.0.0),1,20001,PBLCI,50,Q,2020-Q2,81.33,,,,
ABS:LCI(1.0.0),1,20001,PBLCI,50,Q,2020-Q3,80.96,,,,
ABS:LCI(1.0.0),1,20001,PBLCI,50,Q,2020-Q4,81.02,,,,
ABS:LCI(1.0.0),1,20001,PBLCI,50,Q,2021-Q1,81.3,,,,
ABS:LCI(1.0.0),1,20001,PBLCI,50,Q,2021-Q2,81.94,,,,
ABS:LCI(1.0.0),1,20001,PBLCI,50,Q,2021-Q3,81.94,,,,
ABS:LCI(1.0.0),1,20001,PBLCI,50,Q,2021-Q4,82.43,,,,
ABS:LCI(1.0.0),1,20001,PBLCI,50,Q,2022-Q1,85.13,,,,
ABS:LCI(1.0.0),1,20001,PBLCI,50,Q,2022-Q2,86.99,,,,
ABS:LCI(1.0.0),1,20001,PBLCI,50,Q,2022-Q3,89.94,,,,
ABS:LCI(1.0.0),1,20001,PBLCI,50,Q,2022-Q4,90.51,,,,
ABS:LCI(1.0.0),1,20001,PBLCI,50,Q,2023-Q1,92.13,,,,
ABS:LCI(1.0.0),1,20001,PBLCI,50,Q,2023-Q2,93.57,,,,
ABS:LCI(1.0.0),1,20001,PBLCI,50,Q,2023-Q3,93.85,,,,
ABS:LCI(1.0.0),1,20001,PBLCI,50,Q,2023-Q4,94.31,,,,
ABS:LCI(1.0.0),1,20001,PBLCI,50,Q,2024-Q1,95.17,,,,
ABS:LCI(1.0.0),1,20001,PBLCI,50,Q,2024-Q2,96.37,,,,
ABS:LCI(1.0.0),1,20001,PBLCI,50,Q,2024-Q3,96.97,,,,
ABS:LCI(1.0.0),1,20001,PBLCI,50,Q,2024-Q4,97.1,,,,
ABS:LCI(1.0.0),1,20001,PBLCI,50,Q,2025-Q1,98.43,,,,
ABS:LCI(1.0.0),1,20001,PBLCI,50,Q,2025-Q2,99.42,,,,
ABS:LCI(1.0.0),1,20001,PBLCI,50,Q,2025-Q3,100,,,,
ABS:LCI(1.0.0),1,20001,PBLCI,50,Q,2025-Q4,100.32,,,,
ABS:LCI(1.0.0),1,20001,PBLCI,50,Q,2026-Q1,101.34,,,,
ABS:LCI(1.0.0),1,20001,PBLCI,50,Q,2026-Q2,102.39,,,,
ABS:LCI(1.0.0),1,20006,P3,50,Q,2007-Q2,24.1,,,,
ABS:LCI(1.0.0),1,20006,P3,50,Q,2007-Q3,24.27,,,,
ABS:LCI(1.0.0),1,20006,P3,50,Q,2007-Q4,24.55,,,,
ABS:LCI(1.0.0),1,20006,P3,50,Q,2008-Q1,24.77,,,,
ABS:LCI(1.0.0),1,20006,P3,50,Q,2008-Q2,25.21,,,,
ABS:LCI(1.0.0),1,20006,P3,50,Q,2008-Q3,25.62,,,,
ABS:LCI(1.0.0),1,20006,P3,50,Q,2008-Q4,26,,,,
ABS:LCI(1.0.0),1,20006,P3,50,Q,2009-Q1,26.36,,,,
ABS:LCI(1.0.0),1,20006,P3,50,Q,2009-Q2,26.64,,,,
ABS:LCI(1.0.0),1,20006,P3,50,Q,2009-Q3,26.76,,,,
ABS:LCI(1.0.0),1,20006,P3,50,Q,2009-Q4,26.81,,,,
ABS:LCI(1.0.0),1,20006,P3,50,Q,2010-Q1,27.25,,,,
ABS:LCI(1.0.0),1,20006,P3,50,Q,2010-Q2,29.8,,,,
ABS:LCI(1.0.0),1,20006,P3,50,Q,2010-Q3,31.16,,,,
ABS:LCI(1.0.0),1,20006,P3,50,Q,2010-Q4,31.45,,,,
ABS:LCI(1.0.0),1,20006,P3,50,Q,2011-Q1,31.91,,,,
ABS:LCI(1.0.0),1,20006,P3,50,Q,2011-Q2,32.23,,,,
ABS:LCI(1.0.0),1,20006,P3,50,Q,2011-Q3,32.57,,,,
ABS:LCI(1.0.0),1,20006,P3,50,Q,2011-Q4,32.86,,,,
ABS:LCI(1.0.0),1,20006,P3,50,Q,2012-Q1,33.42,,,,
ABS:LCI(1.0.0),1,20006,P3,50,Q,2012-Q2,33.85,,,,
ABS:LCI(1.0.0),1,20006,P3,50,Q,2012-Q3,34.18,,,,
ABS:LCI(1.0.0),1,20006,P3,50,Q,2012-Q4,34.34,,,,
ABS:LCI(1.0.0),1,20006,P3,50,Q,2013-Q1,35.19,,,,
ABS:LCI(1.0.0),1,20006,P3,50,Q,2013-Q2,35.93,,,,
ABS:LCI(1.0.0),1,20006,P3,50,Q,2013-Q3,36.28,,,,
ABS:LCI(1.0.0),1,20006,P3,50,Q,2013-Q4,36.97,,,,
ABS:LCI(1.0.0),1,20006,P3,50,Q,2014-Q1,38.64,,,,
ABS:LCI(1.0.0),1,20006,P3,50,Q,2014-Q2,39.49,,,,
ABS:LCI(1.0.0),1,20006,P3,50,Q,2014-Q3,40.13,,,,
ABS:LCI(1.0.0),1,20006,P3,50,Q,2014-Q4,41.37,,,,
ABS:LCI(1.0.0),1,20006,P3,50,Q,2015-Q1,41.72,,,,
ABS:LCI(1.0.0),1,20006,P3,50,Q,2015-Q2,42.46,,,,
ABS:LCI(1.0.0),1,20006,P3,50,Q,2015-Q3,43.17,,,,
ABS:LCI(1.0.0),1,20006,P3,50,Q,2015-Q4,45.28,,,,
ABS:LCI(1.0.0),1,20006,P3,50,Q,2016-Q1,45.67,,,,
ABS:LCI(1.0.0),1,20006,P3,50,Q,2016-Q2,46.38,,,,
ABS:LCI(1.0.0),1,20006,P3,50,Q,2016-Q3,47.17,,,,
ABS:LCI(1.0.0),1,20006,P3,50,Q,2016-Q4,49.53,,,,
ABS:LCI(1.0.0),1,20006,P3,50,Q,2017-Q1,50.03,,,,
ABS:LCI(1.0.0),1,20006,P3,50,Q,2017-Q2,50.48,,,,
ABS:LCI(1.0.0),1,20006,P3,50,Q,2017-Q3,52.03,,,,
ABS:LCI(1.0.0),1,20006,P3,50,Q,2017-Q4,54.95,,,,
ABS:LCI(1.0.0),1,20006,P3,50,Q,2018-Q1,55.31,,,,
ABS:LCI(1.0.0),1,20006,P3,50,Q,2018-Q2,56.46,,,,
ABS:LCI(1.0.0),1,20006,P3,50,Q,2018-Q3,57.3,,,,
ABS:LCI(1.0.0),1,20006,P3,50,Q,2018-Q4,60.74,,,,
ABS:LCI(1.0.0),1,20006,P3,50,Q,2019-Q1,60.68,,,,
ABS:LCI(1.0.0),1,20006,P3,50,Q,2019-Q2,61.71,,,,
ABS:LCI(1.0.0),1,20006,P3,50,Q,2019-Q3,63.32,,,,
ABS:LCI(1.0.0),1,20006,P3,50,Q,2019-Q4,66.85,,,,
ABS:LCI(1.0.0),1,20006,P3,50,Q,2020-Q1,68.07,,,,
ABS:LCI(1.0.0),1,20006,P3,50,Q,2020-Q2,69.48,,,,
ABS:LCI(1.0.0),1,20006,P3,50,Q,2020-Q3,71.11,,,,
ABS:LCI(1.0.0),1,20006,P3,50,Q,2020-Q4,76.32,,,,
ABS:LCI(1.0.0),1,20006,P3,50,Q,2021-Q1,76.26,,,,
ABS:LCI(1.0.0),1,20006,P3,50,Q,2021-Q2,76.6,,,,
ABS:LCI(1.0.0),1,20006,P3,50,Q,2021-Q3,76.09,,,,
ABS:LCI(1.0.0),1,20006,P3,50,Q,2021-Q4,77.22,,,,
ABS:LCI(1.0.0),1,20006,P3,50,Q,2022-Q1,78.07,,,,
ABS:LCI(1.0.0),1,20006,P3,50,Q,2022-Q2,78.76,,,,
ABS:LCI(1.0.0),1,20006,P3,50,Q,2022-Q3,79.69,,,,
ABS:LCI(1.0.0),1,20006,P3,50,Q,2022-Q4,80.8,,,,
ABS:LCI(1.0.0),1,20006,P3,50,Q,2023-Q1,81.61,,,,
ABS:LCI(1.0.0),1,20006,P3,50,Q,2023-Q2,82.52,,,,
ABS:LCI(1.0.0),1,20006,P3,50,Q,2023-Q3,83.83,,,,
ABS:LCI(1.0.0),1,20006,P3,50,Q,2023-Q4,87.7,,,,
ABS:LCI(1.0.0),1,20006,P3,50,Q,2024-Q1,88.59,,,,
ABS:LCI(1.0.0),1,20006,P3,50,Q,2024-Q2,90.43,,,,
ABS:LCI(1.0.0),1,20006,P3,50,Q,2024-Q3,91.78,,,,
ABS:LCI(1.0.0),1,20006,P3,50,Q,2024-Q4,95.35,,,,
ABS:LCI(1.0.0),1,20006,P3,50,Q,2025-Q1,96.68,,,,
ABS:LCI(1.0.0),1,20006,P3,50,Q,2025-Q2,97.86,,,,
ABS:LCI(1.0.0),1,20006,P3,50,Q,2025-Q3,100,,,,
ABS:LCI(1.0.0),1,20006,P3,50,Q,2025-Q4,102.58,,,,
ABS:LCI(1.0.0),1,20006,P3,50,Q,2026-Q1,103.77,,,,
ABS:LCI(1.0.0),1,20006,P3,50,Q,2026-Q2,104.78,,,,
ABS:LCI(1.0.0),1,20003,P4,50,Q,2007-Q2,46.3,,,,
ABS:LCI(1.0.0),1,20003,P4,50,Q,2007-Q3,47.82,,,,
ABS:LCI(1.0.0),1,20003,P4,50,Q,2007-Q4,48.05,,,,
ABS:LCI(1.0.0),1,20003,P4,50,Q,2008-Q1,48.69,,,,
ABS:LCI(1.0.0),1,20003,P4,50,Q,2008-Q2,48.96,,,,
ABS:LCI(1.0.0),1,20003,P4,50,Q,2008-Q3,51.17,,,,
ABS:LCI(1.0.0),1,20003,P4,50,Q,2008-Q4,51.43,,,,
ABS:LCI(1.0.0),1,20003,P4,50,Q,2009-Q1,52.12,,,,
ABS:LCI(1.0.0),1,20003,P4,50,Q,2009-Q2,52.41,,,,
ABS:LCI(1.0.0),1,20003,P4,50,Q,2009-Q3,55.57,,,,
ABS:LCI(1.0.0),1,20003,P4,50,Q,2009-Q4,55.73,,,,
ABS:LCI(1.0.0),1,20003,P4,50,Q,2010-Q1,56.45,,,,
ABS:LCI(1.0.0),1,20003,P4,50,Q,2010-Q2,56.67,,,,
ABS:LCI(1.0.0),1,20003,P4,50,Q,2010-Q3,59.4,,,,
ABS:LCI(1.0.0),1,20003,P4,50,Q,2010-Q4,59.55,,,,
ABS:LCI(1.0.0),1,20003,P4,50,Q,2011-Q1,60.24,,,,
ABS:LCI(1.0.0),1,20003,P4,50,Q,2011-Q2,60.38,,,,
ABS:LCI(1.0.0),1,20003,P4,50,Q,2011-Q3,62.85,,,,
ABS:LCI(1.0.0),1,20003,P4,50,Q,2011-Q4,62.95,,,,
ABS:LCI(1.0.0),1,20003,P4,50,Q,2012-Q1,63.36,,,,
ABS:LCI(1.0.0),1,20003,P4,50,Q,2012-Q2,63.57,,,,
ABS:LCI(1.0.0),1,20003,P4,50,Q,2012-Q3,67.48,,,,
ABS:LCI(1.0.0),1,20003,P4,50,Q,2012-Q4,67.54,,,,
ABS:LCI(1.0.0),1,20003,P4,50,Q,2013-Q1,68.02,,,,
ABS:LCI(1.0.0),1,20003,P4,50,Q,2013-Q2,68.16,,,,
ABS:LCI(1.0.0),1,20003,P4,50,Q,2013-Q3,71.09,,,,
ABS:LCI(1.0.0),1,20003,P4,50,Q,2013-Q4,71.18,,,,
ABS:LCI(1.0.0),1,20003,P4,50,Q,2014-Q1,71.63,,,,
ABS:LCI(1.0.0),1,20003,P4,50,Q,2014-Q2,71.73,,,,
ABS:LCI(1.0.0),1,20003,P4,50,Q,2014-Q3,72.41,,,,
ABS:LCI(1.0.0),1,20003,P4,50,Q,2014-Q4,72.47,,,,
ABS:LCI(1.0.0),1,20003,P4,50,Q,2015-Q1,72.86,,,,
ABS:LCI(1.0.0),1,20003,P4,50,Q,2015-Q2,72.99,,,,
ABS:LCI(1.0.0),1,20003,P4,50,Q,2015-Q3,73.91,,,,
ABS:LCI(1.0.0),1,20003,P4,50,Q,2015-Q4,73.92,,,,
ABS:LCI(1.0.0),1,20003,P4,50,Q,2016-Q1,74.11,,,,
ABS:LCI(1.0.0),1,20003,P4,50,Q,2016-Q2,74.21,,,,
ABS:LCI(1.0.0),1,20003,P4,50,Q,2016-Q3,75.75,,,,
ABS:LCI(1.0.0),1,20003,P4,50,Q,2016-Q4,75.88,,,,
ABS:LCI(1.0.0),1,20003,P4,50,Q,2017-Q1,76.43,,,,
ABS:LCI(1.0.0),1,20003,P4,50,Q,2017-Q2,76.48,,,,
ABS:LCI(1.0.0),1,20003,P4,50,Q,2017-Q3,79.14,,,,
ABS:LCI(1.0.0),1,20003,P4,50,Q,2017-Q4,79.36,,,,
ABS:LCI(1.0.0),1,20003,P4,50,Q,2018-Q1,80.04,,,,
ABS:LCI(1.0.0),1,20003,P4,50,Q,2018-Q2,79.89,,,,
ABS:LCI(1.0.0),1,20003,P4,50,Q,2018-Q3,80.74,,,,
ABS:LCI(1.0.0),1,20003,P4,50,Q,2018-Q4,80.89,,,,
ABS:LCI(1.0.0),1,20003,P4,50,Q,2019-Q1,80.98,,,,
ABS:LCI(1.0.0),1,20003,P4,50,Q,2019-Q2,80.92,,,,
ABS:LCI(1.0.0),1,20003,P4,50,Q,2019-Q3,81.79,,,,
ABS:LCI(1.0.0),1,20003,P4,50,Q,2019-Q4,81.68,,,,
ABS:LCI(1.0.0),1,20003,P4,50,Q,2020-Q1,82.02,,,,
ABS:LCI(1.0.0),1,20003,P4,50,Q,2020-Q2,81.75,,,,
ABS:LCI(1.0.0),1,20003,P4,50,Q,2020-Q3,81.37,,,,
ABS:LCI(1.0.0),1,20003,P4,50,Q,2020-Q4,80.37,,,,
ABS:LCI(1.0.0),1,20003,P4,50,Q,2021-Q1,80.5,,,,
ABS:LCI(1.0.0),1,20003,P4,50,Q,2021-Q2,81.01,,,,
ABS:LCI(1.0.0),1,20003,P4,50,Q,2021-Q3,82.1,,,,
ABS:LCI(1.0.0),1,20003,P4,50,Q,2021-Q4,82.67,,,,
ABS:LCI(1.0.0),1,20003,P4,50,Q,2022-Q1,83.09,,,,
ABS:LCI(1.0.0),1,20003,P4,50,Q,2022-Q2,83.45,,,,
ABS:LCI(1.0.0),1,20003,P4,50,Q,2022-Q3,87.01,,,,
ABS:LCI(1.0.0),1,20003,P4,50,Q,2022-Q4,88.47,,,,
ABS:LCI(1.0.0),1,20003,P4,50,Q,2023-Q1,90.06,,,,
ABS:LCI(1.0.0),1,20003,P4,50,Q,2023-Q2,90.13,,,,
ABS:LCI(1.0.0),1,20003,P4,50,Q,2023-Q3,94.64,,,,
ABS:LCI(1.0.0),1,20003,P4,50,Q,2023-Q4,94.6,,,,
ABS:LCI(1.0.0),1,20003,P4,50,Q,2024-Q1,94.47,,,,
ABS:LCI(1.0.0),1,20003,P4,50,Q,2024-Q2,94.86,,,,
ABS:LCI(1.0.0),1,20003,P4,50,Q,2024-Q3,93.86,,,,
ABS:LCI(1.0.0),1,20003,P4,50,Q,2024-Q4,91.99,,,,
ABS:LCI(1.0.0),1,20003,P4,50,Q,2025-Q1,94.59,,,,
ABS:LCI(1.0.0),1,20003,P4,50,Q,2025-Q2,95.69,,,,
ABS:LCI(1.0.0),1,20003,P4,50,Q,2025-Q3,100,,,,
ABS:LCI(1.0.0),1,20003,P4,50,Q,2025-Q4,100.14,,,,
ABS:LCI(1.0.0),1,20003,P4,50,Q,2026-Q1,104.56,,,,
ABS:LCI(1.0.0),1,20003,P4,50,Q,2026-Q2,104.9,,,,
ABS:LCI(1.0.0),1,115486,PBLCI,50,Q,2007-Q2,52.21,,,,
ABS:LCI(1.0.0),1,115486,PBLCI,50,Q,2007-Q3,51.27,,,,
ABS:LCI(1.0.0),1,115486,PBLCI,50,Q,2007-Q4,50.23,,,,
ABS:LCI(1.0.0),1,115486,PBLCI,50,Q,2008-Q1,53.62,,,,
ABS:LCI(1.0.0),1,115486,PBLCI,50,Q,2008-Q2,54.51,,,,
ABS:LCI(1.0.0),1,115486,PBLCI,50,Q,2008-Q3,53.62,,,,
ABS:LCI(1.0.0),1,115486,PBLCI,50,Q,2008-Q4,52.52,,,,
ABS:LCI(1.0.0),1,115486,PBLCI,50,Q,2009-Q1,56.28,,,,
ABS:LCI(1.0.0),1,115486,PBLCI,50,Q,2009-Q2,57.14,,,,
ABS:LCI(1.0.0),1,115486,PBLCI,50,Q,2009-Q3,55.97,,,,
ABS:LCI(1.0.0),1,115486,PBLCI,50,Q,2009-Q4,54.79,,,,
ABS:LCI(1.0.0),1,115486,PBLCI,50,Q,2010-Q1,58.74,,,,
ABS:LCI(1.0.0),1,115486,PBLCI,50,Q,2010-Q2,59.59,,,,
ABS:LCI(1.0.0),1,115486,PBLCI,50,Q,2010-Q3,58.38,,,,
ABS:LCI(1.0.0),1,115486,PBLCI,50,Q,2010-Q4,57.08,,,,
ABS:LCI(1.0.0),1,115486,PBLCI,50,Q,2011-Q1,60.89,,,,
ABS:LCI(1.0.0),1,115486,PBLCI,50,Q,2011-Q2,61.87,,,,
ABS:LCI(1.0.0),1,115486,PBLCI,50,Q,2011-Q3,60.25,,,,
ABS:LCI(1.0.0),1,115486,PBLCI,50,Q,2011-Q4,58.58,,,,
ABS:LCI(1.0.0),1,115486,PBLCI,50,Q,2012-Q1,63.65,,,,
ABS:LCI(1.0.0),1,115486,PBLCI,50,Q,2012-Q2,64.05,,,,
ABS:LCI(1.0.0),1,115486,PBLCI,50,Q,2012-Q3,63.94,,,,
ABS:LCI(1.0.0),1,115486,PBLCI,50,Q,2012-Q4,62.24,,,,
ABS:LCI(1.0.0),1,115486,PBLCI,50,Q,2013-Q1,67.01,,,,
ABS:LCI(1.0.0),1,115486,PBLCI,50,Q,2013-Q2,67.47,,,,
ABS:LCI(1.0.0),1,115486,PBLCI,50,Q,2013-Q3,66.16,,,,
ABS:LCI(1.0.0),1,115486,PBLCI,50,Q,2013-Q4,64.71,,,,
ABS:LCI(1.0.0),1,115486,PBLCI,50,Q,2014-Q1,69.23,,,,
ABS:LCI(1.0.0),1,115486,PBLCI,50,Q,2014-Q2,70.22,,,,
ABS:LCI(1.0.0),1,115486,PBLCI,50,Q,2014-Q3,69.06,,,,
ABS:LCI(1.0.0),1,115486,PBLCI,50,Q,2014-Q4,67.19,,,,
ABS:LCI(1.0.0),1,115486,PBLCI,50,Q,2015-Q1,72.1,,,,
ABS:LCI(1.0.0),1,115486,PBLCI,50,Q,2015-Q2,73.14,,,,
ABS:LCI(1.0.0),1,115486,PBLCI,50,Q,2015-Q3,71.77,,,,
ABS:LCI(1.0.0),1,115486,PBLCI,50,Q,2015-Q4,70.34,,,,
ABS:LCI(1.0.0),1,115486,PBLCI,50,Q,2016-Q1,74.74,,,,
ABS:LCI(1.0.0),1,115486,PBLCI,50,Q,2016-Q2,75.72,,,,
ABS:LCI(1.0.0),1,115486,PBLCI,50,Q,2016-Q3,74.26,,,,
ABS:LCI(1.0.0),1,115486,PBLCI,50,Q,2016-Q4,72.62,,,,
ABS:LCI(1.0.0),1,115486,PBLCI,50,Q,2017-Q1,77.24,,,,
ABS:LCI(1.0.0),1,115486,PBLCI,50,Q,2017-Q2,78.52,,,,
ABS:LCI(1.0.0),1,115486,PBLCI,50,Q,2017-Q3,77.52,,,,
ABS:LCI(1.0.0),1,115486,PBLCI,50,Q,2017-Q4,75.98,,,,
ABS:LCI(1.0.0),1,115486,PBLCI,50,Q,2018-Q1,80.61,,,,
ABS:LCI(1.0.0),1,115486,PBLCI,50,Q,2018-Q2,81.21,,,,
ABS:LCI(1.0.0),1,115486,PBLCI,50,Q,2018-Q3,79.72,,,,
ABS:LCI(1.0.0),1,115486,PBLCI,50,Q,2018-Q4,78.55,,,,
ABS:LCI(1.0.0),1,115486,PBLCI,50,Q,2019-Q1,82.82,,,,
ABS:LCI(1.0.0),1,115486,PBLCI,50,Q,2019-Q2,83.47,,,,
ABS:LCI(1.0.0),1,115486,PBLCI,50,Q,2019-Q3,82.47,,,,
ABS:LCI(1.0.0),1,115486,PBLCI,50,Q,2019-Q4,81.16,,,,
ABS:LCI(1.0.0),1,115486,PBLCI,50,Q,2020-Q1,85.3,,,,
ABS:LCI(1.0.0),1,115486,PBLCI,50,Q,2020-Q2,84.41,,,,
ABS:LCI(1.0.0),1,115486,PBLCI,50,Q,2020-Q3,82.82,,,,
ABS:LCI(1.0.0),1,115486,PBLCI,50,Q,2020-Q4,82.21,,,,
ABS:LCI(1.0.0),1,115486,PBLCI,50,Q,2021-Q1,87.29,,,,
ABS:LCI(1.0.0),1,115486,PBLCI,50,Q,2021-Q2,87.23,,,,
ABS:LCI(1.0.0),1,115486,PBLCI,50,Q,2021-Q3,86.1,,,,
ABS:LCI(1.0.0),1,115486,PBLCI,50,Q,2021-Q4,84.84,,,,
ABS:LCI(1.0.0),1,115486,PBLCI,50,Q,2022-Q1,90.27,,,,
ABS:LCI(1.0.0),1,115486,PBLCI,50,Q,2022-Q2,88.95,,,,
ABS:LCI(1.0.0),1,115486,PBLCI,50,Q,2022-Q3,87.73,,,,
ABS:LCI(1.0.0),1,115486,PBLCI,50,Q,2022-Q4,87.3,,,,
ABS:LCI(1.0.0),1,115486,PBLCI,50,Q,2023-Q1,94.8,,,,
ABS:LCI(1.0.0),1,115486,PBLCI,50,Q,2023-Q2,94.02,,,,
ABS:LCI(1.0.0),1,115486,PBLCI,50,Q,2023-Q3,92.02,,,,
ABS:LCI(1.0.0),1,115486,PBLCI,50,Q,2023-Q4,91.33,,,,
ABS:LCI(1.0.0),1,115486,PBLCI,50,Q,2024-Q1,98,,,,
ABS:LCI(1.0.0),1,115486,PBLCI,50,Q,2024-Q2,97.82,,,,
ABS:LCI(1.0.0),1,115486,PBLCI,50,Q,2024-Q3,96.32,,,,
ABS:LCI(1.0.0),1,115486,PBLCI,50,Q,2024-Q4,95.22,,,,
ABS:LCI(1.0.0),1,115486,PBLCI,50,Q,2025-Q1,102.8,,,,
ABS:LCI(1.0.0),1,115486,PBLCI,50,Q,2025-Q2,101.8,,,,
ABS:LCI(1.0.0),1,115486,PBLCI,50,Q,2025-Q3,100,,,,
ABS:LCI(1.0.0),1,115486,PBLCI,50,Q,2025-Q4,98.46,,,,
ABS:LCI(1.0.0),1,115486,PBLCI,50,Q,2026-Q1,105.56,,,,
ABS:LCI(1.0.0),1,115486,PBLCI,50,Q,2026-Q2,105.43,,,,
ABS:LCI(1.0.0),1,115488,P2,50,Q,2007-Q2,117.64,,,,
ABS:LCI(1.0.0),1,115488,P2,50,Q,2007-Q3,117.42,,,,
ABS:LCI(1.0.0),1,115488,P2,50,Q,2007-Q4,116.98,,,,
ABS:LCI(1.0.0),1,115488,P2,50,Q,2008-Q1,116.98,,,,
ABS:LCI(1.0.0),1,115488,P2,50,Q,2008-Q2,116.98,,,,
ABS:LCI(1.0.0),1,115488,P2,50,Q,2008-Q3,116.98,,,,
ABS:LCI(1.0.0),1,115488,P2,50,Q,2008-Q4,117.53,,,,
ABS:LCI(1.0.0),1,115488,P2,50,Q,2009-Q1,117.98,,,,
ABS:LCI(1.0.0),1,115488,P2,50,Q,2009-Q2,118.19,,,,
ABS:LCI(1.0.0),1,115488,P2,50,Q,2009-Q3,118.37,,,,
ABS:LCI(1.0.0),1,115488,P2,50,Q,2009-Q4,118.29,,,,
ABS:LCI(1.0.0),1,115488,P2,50,Q,2010-Q1,118.19,,,,
ABS:LCI(1.0.0),1,115488,P2,50,Q,2010-Q2,118.14,,,,
ABS:LCI(1.0.0),1,115488,P2,50,Q,2010-Q3,118.26,,,,
ABS:LCI(1.0.0),1,115488,P2,50,Q,2010-Q4,118.28,,,,
ABS:LCI(1.0.0),1,115488,P2,50,Q,2011-Q1,118.46,,,,
ABS:LCI(1.0.0),1,115488,P2,50,Q,2011-Q2,119.08,,,,
ABS:LCI(1.0.0),1,115488,P2,50,Q,2011-Q3,119.23,,,,
ABS:LCI(1.0.0),1,115488,P2,50,Q,2011-Q4,120.39,,,,
ABS:LCI(1.0.0),1,115488,P2,50,Q,2012-Q1,120.49,,,,
ABS:LCI(1.0.0),1,115488,P2,50,Q,2012-Q2,120.32,,,,
ABS:LCI(1.0.0),1,115488,P2,50,Q,2012-Q3,120.88,,,,
ABS:LCI(1.0.0),1,115488,P2,50,Q,2012-Q4,122.36,,,,
ABS:LCI(1.0.0),1,115488,P2,50,Q,2013-Q1,122.38,,,,
ABS:LCI(1.0.0),1,115488,P2,50,Q,2013-Q2,123.02,,,,
ABS:LCI(1.0.0),1,115488,P2,50,Q,2013-Q3,123.14,,,,
ABS:LCI(1.0.0),1,115488,P2,50,Q,2013-Q4,124.49,,,,
ABS:LCI(1.0.0),1,115488,P2,50,Q,2014-Q1,125.27,,,,
ABS:LCI(1.0.0),1,115488,P2,50,Q,2014-Q2,123.1,,,,
ABS:LCI(1.0.0),1,115488,P2,50,Q,2014-Q3,121.46,,,,
ABS:LCI(1.0.0),1,115488,P2,50,Q,2014-Q4,121.43,,,,
ABS:LCI(1.0.0),1,115488,P2,50,Q,2015-Q1,119.84,,,,
ABS:LCI(1.0.0),1,115488,P2,50,Q,2015-Q2,119.19,,,,
ABS:LCI(1.0.0),1,115488,P2,50,Q,2015-Q3,117.02,,,,
ABS:LCI(1.0.0),1,115488,P2,50,Q,2015-Q4,114.24,,,,
ABS:LCI(1.0.0),1,115488,P2,50,Q,2016-Q1,112.64,,,,
ABS:LCI(1.0.0),1,115488,P2,50,Q,2016-Q2,111.16,,,,
ABS:LCI(1.0.0),1,115488,P2,50,Q,2016-Q3,108.81,,,,
ABS:LCI(1.0.0),1,115488,P2,50,Q,2016-Q4,108.21,,,,
ABS:LCI(1.0.0),1,115488,P2,50,Q,2017-Q1,107.95,,,,
ABS:LCI(1.0.0),1,115488,P2,50,Q,2017-Q2,107.5,,,,
ABS:LCI(1.0.0),1,115488,P2,50,Q,2017-Q3,106.12,,,,
ABS:LCI(1.0.0),1,115488,P2,50,Q,2017-Q4,104.83,,,,
ABS:LCI(1.0.0),1,115488,P2,50,Q,2018-Q1,104.5,,,,
ABS:LCI(1.0.0),1,115488,P2,50,Q,2018-Q2,103.31,,,,
ABS:LCI(1.0.0),1,115488,P2,50,Q,2018-Q3,102.01,,,,
ABS:LCI(1.0.0),1,115488,P2,50,Q,2018-Q4,100.69,,,,
ABS:LCI(1.0.0),1,115488,P2,50,Q,2019-Q1,100.17,,,,
ABS:LCI(1.0.0),1,115488,P2,50,Q,2019-Q2,99.03,,,,
ABS:LCI(1.0.0),1,115488,P2,50,Q,2019-Q3,97.95,,,,
ABS:LCI(1.0.0),1,115488,P2,50,Q,2019-Q4,96.97,,,,
ABS:LCI(1.0.0),1,115488,P2,50,Q,2020-Q1,96.8,,,,
ABS:LCI(1.0.0),1,115488,P2,50,Q,2020-Q2,95.54,,,,
ABS:LCI(1.0.0),1,115488,P2,50,Q,2020-Q3,94.8,,,,
ABS:LCI(1.0.0),1,115488,P2,50,Q,2020-Q4,94.49,,,,
ABS:LCI(1.0.0),1,115488,P2,50,Q,2021-Q1,94.93,,,,
ABS:LCI(1.0.0),1,115488,P2,50,Q,2021-Q2,94.51,,,,
ABS:LCI(1.0.0),1,115488,P2,50,Q,2021-Q3,93.99,,,,
ABS:LCI(1.0.0),1,115488,P2,50,Q,2021-Q4,94.17,,,,
ABS:LCI(1.0.0),1,115488,P2,50,Q,2022-Q1,94.62,,,,
ABS:LCI(1.0.0),1,115488,P2,50,Q,2022-Q2,94.68,,,,
ABS:LCI(1.0.0),1,115488,P2,50,Q,2022-Q3,96.09,,,,
ABS:LCI(1.0.0),1,115488,P2,50,Q,2022-Q4,95.71,,,,
ABS:LCI(1.0.0),1,115488,P2,50,Q,2023-Q1,95.94,,,,
ABS:LCI(1.0.0),1,115488,P2,50,Q,2023-Q2,95.68,,,,
ABS:LCI(1.0.0),1,115488,P2,50,Q,2023-Q3,98.03,,,,
ABS:LCI(1.0.0),1,115488,P2,50,Q,2023-Q4,98.47,,,,
ABS:LCI(1.0.0),1,115488,P2,50,Q,2024-Q1,98.28,,,,
ABS:LCI(1.0.0),1,115488,P2,50,Q,2024-Q2,97.51,,,,
ABS:LCI(1.0.0),1,115488,P2,50,Q,2024-Q3,98.12,,,,
ABS:LCI(1.0.0),1,115488,P2,50,Q,2024-Q4,98.52,,,,
ABS:LCI(1.0.0),1,115488,P2,50,Q,2025-Q1,98.3,,,,
ABS:LCI(1.0.0),1,115488,P2,50,Q,2025-Q2,98.62,,,,
ABS:LCI(1.0.0),1,115488,P2,50,Q,2025-Q3,100,,,,
ABS:LCI(1.0.0),1,115488,P2,50,Q,2025-Q4,100.11,,,,
ABS:LCI(1.0.0),1,115488,P2,50,Q,2026-Q1,100.21,,,,
ABS:LCI(1.0.0),1,115488,P2,50,Q,2026-Q2,101.22,,,,
ABS:LCI(1.0.0),1,115489,P1,50,Q,2007-Q2,78.73,,,,
ABS:LCI(1.0.0),1,115489,P1,50,Q,2007-Q3,79.72,,,,
ABS:LCI(1.0.0),1,115489,P1,50,Q,2007-Q4,80.42,,,,
ABS:LCI(1.0.0),1,115489,P1,50,Q,2008-Q1,80.09,,,,
ABS:LCI(1.0.0),1,115489,P1,50,Q,2008-Q2,79.89,,,,
ABS:LCI(1.0.0),1,115489,P1,50,Q,2008-Q3,80.85,,,,
ABS:LCI(1.0.0),1,115489,P1,50,Q,2008-Q4,81.23,,,,
ABS:LCI(1.0.0),1,115489,P1,50,Q,2009-Q1,80.38,,,,
ABS:LCI(1.0.0),1,115489,P1,50,Q,2009-Q2,80.47,,,,
ABS:LCI(1.0.0),1,115489,P1,50,Q,2009-Q3,81.07,,,,
ABS:LCI(1.0.0),1,115489,P1,50,Q,2009-Q4,82.37,,,,
ABS:LCI(1.0.0),1,115489,P1,50,Q,2010-Q1,81.46,,,,
ABS:LCI(1.0.0),1,115489,P1,50,Q,2010-Q2,79.99,,,,
ABS:LCI(1.0.0),1,115489,P1,50,Q,2010-Q3,80.52,,,,
ABS:LCI(1.0.0),1,115489,P1,50,Q,2010-Q4,80.68,,,,
ABS:LCI(1.0.0),1,115489,P1,50,Q,2011-Q1,80.16,,,,
ABS:LCI(1.0.0),1,115489,P1,50,Q,2011-Q2,79.73,,,,
ABS:LCI(1.0.0),1,115489,P1,50,Q,2011-Q3,80.36,,,,
ABS:LCI(1.0.0),1,115489,P1,50,Q,2011-Q4,80.96,,,,
ABS:LCI(1.0.0),1,115489,P1,50,Q,2012-Q1,79.47,,,,
ABS:LCI(1.0.0),1,115489,P1,50,Q,2012-Q2,78.46,,,,
ABS:LCI(1.0.0),1,115489,P1,50,Q,2012-Q3,79.09,,,,
ABS:LCI(1.0.0),1,115489,P1,50,Q,2012-Q4,79.62,,,,
ABS:LCI(1.0.0),1,115489,P1,50,Q,2013-Q1,79.01,,,,
ABS:LCI(1.0.0),1,115489,P1,50,Q,2013-Q2,78.39,,,,
ABS:LCI(1.0.0),1,115489,P1,50,Q,2013-Q3,79.85,,,,
ABS:LCI(1.0.0),1,115489,P1,50,Q,2013-Q4,81.43,,,,
ABS:LCI(1.0.0),1,115489,P1,50,Q,2014-Q1,81.08,,,,
ABS:LCI(1.0.0),1,115489,P1,50,Q,2014-Q2,80.83,,,,
ABS:LCI(1.0.0),1,115489,P1,50,Q,2014-Q3,81.25,,,,
ABS:LCI(1.0.0),1,115489,P1,50,Q,2014-Q4,82.03,,,,
ABS:LCI(1.0.0),1,115489,P1,50,Q,2015-Q1,82.56,,,,
ABS:LCI(1.0.0),1,115489,P1,50,Q,2015-Q2,81.49,,,,
ABS:LCI(1.0.0),1,115489,P1,50,Q,2015-Q3,82.1,,,,
ABS:LCI(1.0.0),1,115489,P1,50,Q,2015-Q4,83.41,,,,
ABS:LCI(1.0.0),1,115489,P1,50,Q,2016-Q1,82.6,,,,
ABS:LCI(1.0.0),1,115489,P1,50,Q,2016-Q2,82.12,,,,
ABS:LCI(1.0.0),1,115489,P1,50,Q,2016-Q3,82.56,,,,
ABS:LCI(1.0.0),1,115489,P1,50,Q,2016-Q4,83.04,,,,
ABS:LCI(1.0.0),1,115489,P1,50,Q,2017-Q1,82.49,,,,
ABS:LCI(1.0.0),1,115489,P1,50,Q,2017-Q2,82.07,,,,
ABS:LCI(1.0.0),1,115489,P1,50,Q,2017-Q3,83.05,,,,
ABS:LCI(1.0.0),1,115489,P1,50,Q,2017-Q4,83.61,,,,
ABS:LCI(1.0.0),1,115489,P1,50,Q,2018-Q1,83.05,,,,
ABS:LCI(1.0.0),1,115489,P1,50,Q,2018-Q2,82.76,,,,
ABS:LCI(1.0.0),1,115489,P1,50,Q,2018-Q3,84.08,,,,
ABS:LCI(1.0.0),1,115489,P1,50,Q,2018-Q4,85.13,,,,
ABS:LCI(1.0.0),1,115489,P1,50,Q,2019-Q1,83.88,,,,
ABS:LCI(1.0.0),1,115489,P1,50,Q,2019-Q2,84.32,,,,
ABS:LCI(1.0.0),1,115489,P1,50,Q,2019-Q3,85.62,,,,
ABS:LCI(1.0.0),1,115489,P1,50,Q,2019-Q4,86.44,,,,
ABS:LCI(1.0.0),1,115489,P1,50,Q,2020-Q1,84.98,,,,
ABS:LCI(1.0.0),1,115489,P1,50,Q,2020-Q2,83.67,,,,
ABS:LCI(1.0.0),1,115489,P1,50,Q,2020-Q3,84.53,,,,
ABS:LCI(1.0.0),1,115489,P1,50,Q,2020-Q4,85.97,,,,
ABS:LCI(1.0.0),1,115489,P1,50,Q,2021-Q1,85.79,,,,
ABS:LCI(1.0.0),1,115489,P1,50,Q,2021-Q2,85.77,,,,
ABS:LCI(1.0.0),1,115489,P1,50,Q,2021-Q3,86.48,,,,
ABS:LCI(1.0.0),1,115489,P1,50,Q,2021-Q4,87.7,,,,
ABS:LCI(1.0.0),1,115489,P1,50,Q,2022-Q1,88.33,,,,
ABS:LCI(1.0.0),1,115489,P1,50,Q,2022-Q2,89.61,,,,
ABS:LCI(1.0.0),1,115489,P1,50,Q,2022-Q3,90.77,,,,
ABS:LCI(1.0.0),1,115489,P1,50,Q,2022-Q4,95.66,,,,
ABS:LCI(1.0.0),1,115489,P1,50,Q,2023-Q1,95.9,,,,
ABS:LCI(1.0.0),1,115489,P1,50,Q,2023-Q2,95.7,,,,
ABS:LCI(1.0.0),1,115489,P1,50,Q,2023-Q3,95.81,,,,
ABS:LCI(1.0.0),1,115489,P1,50,Q,2023-Q4,96.19,,,,
ABS:LCI(1.0.0),1,115489,P1,50,Q,2024-Q1,96.1,,,,
ABS:LCI(1.0.0),1,115489,P1,50,Q,2024-Q2,96.52,,,,
ABS:LCI(1.0.0),1,115489,P1,50,Q,2024-Q3,97.81,,,,
ABS:LCI(1.0.0),1,115489,P1,50,Q,2024-Q4,99.34,,,,
ABS:LCI(1.0.0),1,115489,P1,50,Q,2025-Q1,97.79,,,,
ABS:LCI(1.0.0),1,115489,P1,50,Q,2025-Q2,98.21,,,,
ABS:LCI(1.0.0),1,115489,P1,50,Q,2025-Q3,100,,,,
ABS:LCI(1.0.0),1,115489,P1,50,Q,2025-Q4,102.64,,,,
ABS:LCI(1.0.0),1,115489,P1,50,Q,2026-Q1,101.31,,,,
ABS:LCI(1.0.0),1,115489,P1,50,Q,2026-Q2,100.91,,,,
ABS:LCI(1.0.0),2,20001,P3,50,Q,2007-Q3,2,,,,
ABS:LCI(1.0.0),2,20001,P3,50,Q,2007-Q4,-0.2,,,,
ABS:LCI(1.0.0),2,20001,P3,50,Q,2008-Q1,2.3,,,,
ABS:LCI(1.0.0),2,20001,P3,50,Q,2008-Q2,-0.2,,,,
ABS:LCI(1.0.0),2,20001,P3,50,Q,2008-Q3,1.3,,,,
ABS:LCI(1.0.0),2,20001,P3,50,Q,2008-Q4,2.2,,,,
ABS:LCI(1.0.0),2,20001,P3,50,Q,2009-Q1,2.3,,,,
ABS:LCI(1.0.0),2,20001,P3,50,Q,2009-Q2,-1.3,,,,
ABS:LCI(1.0.0),2,20001,P3,50,Q,2009-Q3,-1,,,,
ABS:LCI(1.0.0),2,20001,P3,50,Q,2009-Q4,1.5,,,,
ABS:LCI(1.0.0),2,20001,P3,50,Q,2010-Q1,1.2,,,,
ABS:LCI(1.0.0),2,20001,P3,50,Q,2010-Q2,-0.5,,,,
ABS:LCI(1.0.0),2,20001,P3,50,Q,2010-Q3,-0.6,,,,
ABS:LCI(1.0.0),2,20001,P3,50,Q,2010-Q4,2.3,,,,
ABS:LCI(1.0.0),2,20001,P3,50,Q,2011-Q1,3.1,,,,
ABS:LCI(1.0.0),2,20001,P3,50,Q,2011-Q2,1.1,,,,
ABS:LCI(1.0.0),2,20001,P3,50,Q,2011-Q3,-0.4,,,,
ABS:LCI(1.0.0),2,20001,P3,50,Q,2011-Q4,-1.7,,,,
ABS:LCI(1.0.0),2,20001,P3,50,Q,2012-Q1,-2.4,,,,
ABS:LCI(1.0.0),2,20001,P3,50,Q,2012-Q2,0.6,,,,
ABS:LCI(1.0.0),2,20001,P3,50,Q,2012-Q3,2.2,,,,
ABS:LCI(1.0.0),2,20001,P3,50,Q,2012-Q4,-0.3,,,,
ABS:LCI(1.0.0),2,20001,P3,50,Q,2013-Q1,-1,,,,
ABS:LCI(1.0.0),2,20001,P3,50,Q,2013-Q2,0.1,,,,
ABS:LCI(1.0.0),2,20001,P3,50,Q,2013-Q3,0.1,,,,
ABS:LCI(1.0.0),2,20001,P3,50,Q,2013-Q4,1.7,,,,
ABS:LCI(1.0.0),2,20001,P3,50,Q,2014-Q1,0.3,,,,
ABS:LCI(1.0.0),2,20001,P3,50,Q,2014-Q2,0.4,,,,
ABS:LCI(1.0.0),2,20001,P3,50,Q,2014-Q3,1.1,,,,
ABS:LCI(1.0.0),2,20001,P3,50,Q,2014-Q4,0,,,,
ABS:LCI(1.0.0),2,20001,P3,50,Q,2015-Q1,0.3,,,,
ABS:LCI(1.0.0),2,20001,P3,50,Q,2015-Q2,-0.4,,,,
ABS:LCI(1.0.0),2,20001,P3,50,Q,2015-Q3,-0.1,,,,
ABS:LCI(1.0.0),2,20001,P3,50,Q,2015-Q4,0.3,,,,
ABS:LCI(1.0.0),2,20001,P3,50,Q,2016-Q1,-0.2,,,,
ABS:LCI(1.0.0),2,20001,P3,50,Q,2016-Q2,-0.4,,,,
ABS:LCI(1.0.0),2,20001,P3,50,Q,2016-Q3,1.9,,,,
ABS:LCI(1.0.0),2,20001,P3,50,Q,2016-Q4,0.6,,,,
ABS:LCI(1.0.0),2,20001,P3,50,Q,2017-Q1,-0.3,,,,
ABS:LCI(1.0.0),2,20001,P3,50,Q,2017-Q2,-0.3,,,,
ABS:LCI(1.0.0),2,20001,P3,50,Q,2017-Q3,-1.2,,,,
ABS:LCI(1.0.0),2,20001,P3,50,Q,2017-Q4,1.2,,,,
ABS:LCI(1.0.0),2,20001,P3,50,Q,2018-Q1,0.4,,,,
ABS:LCI(1.0.0),2,20001,P3,50,Q,2018-Q2,-0.6,,,,
ABS:LCI(1.0.0),2,20001,P3,50,Q,2018-Q3,0.5,,,,
ABS:LCI(1.0.0),2,20001,P3,50,Q,2018-Q4,1,,,,
ABS:LCI(1.0.0),2,20001,P3,50,Q,2019-Q1,1.5,,,,
ABS:LCI(1.0.0),2,20001,P3,50,Q,2019-Q2,-0.5,,,,
ABS:LCI(1.0.0),2,20001,P3,50,Q,2019-Q3,0.4,,,,
ABS:LCI(1.0.0),2,20001,P3,50,Q,2019-Q4,1.4,,,,
ABS:LCI(1.0.0),2,20001,P3,50,Q,2020-Q1,2.3,,,,
ABS:LCI(1.0.0),2,20001,P3,50,Q,2020-Q2,0.6,,,,
ABS:LCI(1.0.0),2,20001,P3,50,Q,2020-Q3,-0.4,,,,
ABS:LCI(1.0.0),2,20001,P3,50,Q,2020-Q4,0,,,,
ABS:LCI(1.0.0),2,20001,P3,50,Q,2021-Q1,0.3,,,,
ABS:LCI(1.0.0),2,20001,P3,50,Q,2021-Q2,0.8,,,,
ABS:LCI(1.0.0),2,20001,P3,50,Q,2021-Q3,0,,,,
ABS:LCI(1.0.0),2,20001,P3,50,Q,2021-Q4,0.6,,,,
ABS:LCI(1.0.0),2,20001,P3,50,Q,2022-Q1,3.3,,,,
ABS:LCI(1.0.0),2,20001,P3,50,Q,2022-Q2,2.2,,,,
ABS:LCI(1.0.0),2,20001,P3,50,Q,2022-Q3,3.4,,,,
ABS:LCI(1.0.0),2,20001,P3,50,Q,2022-Q4,0.6,,,,
ABS:LCI(1.0.0),2,20001,P3,50,Q,2023-Q1,1.8,,,,
ABS:LCI(1.0.0),2,20001,P3,50,Q,2023-Q2,1.7,,,,
ABS:LCI(1.0.0),2,20001,P3,50,Q,2023-Q3,0.3,,,,
ABS:LCI(1.0.0),2,20001,P3,50,Q,2023-Q4,0.5,,,,
ABS:LCI(1.0.0),2,20001,P3,50,Q,2024-Q1,1,,,,
ABS:LCI(1.0.0),2,20001,P3,50,Q,2024-Q2,1.2,,,,
ABS:LCI(1.0.0),2,20001,P3,50,Q,2024-Q3,0.6,,,,
ABS:LCI(1.0.0),2,20001,P3,50,Q,2024-Q4,0.1,,,,
ABS:LCI(1.0.0),2,20001,P3,50,Q,2025-Q1,1.4,,,,
ABS:LCI(1.0.0),2,20001,P3,50,Q,2025-Q2,1,,,,
ABS:LCI(1.0.0),2,20001,P3,50,Q,2025-Q3,0.6,,,,
ABS:LCI(1.0.0),2,20001,P3,50,Q,2025-Q4,0.3,,,,
ABS:LCI(1.0.0),2,20001,P3,50,Q,2026-Q1,1,,,,
ABS:LCI(1.0.0),2,20001,P3,50,Q,2026-Q2,1.1,,,,
ABS:LCI(1.0.0),2,20002,P2,50,Q,2007-Q3,0.7,,,,
ABS:LCI(1.0.0),2,20002,P2,50,Q,2007-Q4,0.1,,,,
ABS:LCI(1.0.0),2,20002,P2,50,Q,2008-Q1,-2.2,,,,
ABS:LCI(1.0.0),2,20002,P2,50,Q,2008-Q2,2.6,,,,
ABS:LCI(1.0.0),2,20002,P2,50,Q,2008-Q3,-0.7,,,,
ABS:LCI(1.0.0),2,20002,P2,50,Q,2008-Q4,0.3,,,,
ABS:LCI(1.0.0),2,20002,P2,50,Q,2009-Q1,-0.3,,,,
ABS:LCI(1.0.0),2,20002,P2,50,Q,2009-Q2,1.5,,,,
ABS:LCI(1.0.0),2,20002,P2,50,Q,2009-Q3,0.6,,,,
ABS:LCI(1.0.0),2,20002,P2,50,Q,2009-Q4,0.1,,,,
ABS:LCI(1.0.0),2,20002,P2,50,Q,2010-Q1,-3.8,,,,
ABS:LCI(1.0.0),2,20002,P2,50,Q,2010-Q2,-0.5,,,,
ABS:LCI(1.0.0),2,20002,P2,50,Q,2010-Q3,1.5,,,,
ABS:LCI(1.0.0),2,20002,P2,50,Q,2010-Q4,-1.5,,,,
ABS:LCI(1.0.0),2,20002,P2,50,Q,2011-Q1,-1.2,,,,
ABS:LCI(1.0.0),2,20002,P2,50,Q,2011-Q2,1.7,,,,
ABS:LCI(1.0.0),2,20002,P2,50,Q,2011-Q3,1.6,,,,
ABS:LCI(1.0.0),2,20002,P2,50,Q,2011-Q4,-0.2,,,,
ABS:LCI(1.0.0),2,20002,P2,50,Q,2012-Q1,-2.2,,,,
ABS:LCI(1.0.0),2,20002,P2,50,Q,2012-Q2,1.2,,,,
ABS:LCI(1.0.0),2,20002,P2,50,Q,2012-Q3,0.3,,,,
ABS:LCI(1.0.0),2,20002,P2,50,Q,2012-Q4,0.4,,,,
ABS:LCI(1.0.0),2,20002,P2,50,Q,2013-Q1,-3.5,,,,
ABS:LCI(1.0.0),2,20002,P2,50,Q,2013-Q2,2.5,,,,
ABS:LCI(1.0.0),2,20002,P2,50,Q,2013-Q3,1.1,,,,
ABS:LCI(1.0.0),2,20002,P2,50,Q,2013-Q4,-1.1,,,,
ABS:LCI(1.0.0),2,20002,P2,50,Q,2014-Q1,-2.4,,,,
ABS:LCI(1.0.0),2,20002,P2,50,Q,2014-Q2,1.8,,,,
ABS:LCI(1.0.0),2,20002,P2,50,Q,2014-Q3,-1.2,,,,
ABS:LCI(1.0.0),2,20002,P2,50,Q,2014-Q4,0.2,,,,
ABS:LCI(1.0.0),2,20002,P2,50,Q,2015-Q1,-1.9,,,,
ABS:LCI(1.0.0),2,20002,P2,50,Q,2015-Q2,1.3,,,,
ABS:LCI(1.0.0),2,20002,P2,50,Q,2015-Q3,-1,,,,
ABS:LCI(1.0.0),2,20002,P2,50,Q,2015-Q4,1.4,,,,
ABS:LCI(1.0.0),2,20002,P2,50,Q,2016-Q1,-2.5,,,,
ABS:LCI(1.0.0),2,20002,P2,50,Q,2016-Q2,2,,,,
ABS:LCI(1.0.0),2,20002,P2,50,Q,2016-Q3,-0.3,,,,
ABS:LCI(1.0.0),2,20002,P2,50,Q,2016-Q4,-0.2,,,,
ABS:LCI(1.0.0),2,20002,P2,50,Q,2017-Q1,-1.9,,,,
ABS:LCI(1.0.0),2,20002,P2,50,Q,2017-Q2,-0.5,,,,
ABS:LCI(1.0.0),2,20002,P2,50,Q,2017-Q3,-1,,,,
ABS:LCI(1.0.0),2,20002,P2,50,Q,2017-Q4,-0.4,,,,
ABS:LCI(1.0.0),2,20002,P2,50,Q,2018-Q1,-2.1,,,,
ABS:LCI(1.0.0),2,20002,P2,50,Q,2018-Q2,1.2,,,,
ABS:LCI(1.0.0),2,20002,P2,50,Q,2018-Q3,0.1,,,,
ABS:LCI(1.0.0),2,20002,P2,50,Q,2018-Q4,-0.3,,,,
ABS:LCI(1.0.0),2,20002,P2,50,Q,2019-Q1,-1.4,,,,
ABS:LCI(1.0.0),2,20002,P2,50,Q,2019-Q2,2,,,,
ABS:LCI(1.0.0),2,20002,P2,50,Q,2019-Q3,1.4,,,,
ABS:LCI(1.0.0),2,20002,P2,50,Q,2019-Q4,-0.8,,,,
ABS:LCI(1.0.0),2,20002,P2,50,Q,2020-Q1,-0.8,,,,
ABS:LCI(1.0.0),2,20002,P2,50,Q,2020-Q2,0.5,,,,
ABS:LCI(1.0.0),2,20002,P2,50,Q,2020-Q3,0.6,,,,
ABS:LCI(1.0.0),2,20002,P2,50,Q,2020-Q4,-1.6,,,,
ABS:LCI(1.0.0),2,20002,P2,50,Q,2021-Q1,0.1,,,,
ABS:LCI(1.0.0),2,20002,P2,50,Q,2021-Q2,0.5,,,,
ABS:LCI(1.0.0),2,20002,P2,50,Q,2021-Q3,-4,,,,
ABS:LCI(1.0.0),2,20002,P2,50,Q,2021-Q4,2.8,,,,
ABS:LCI(1.0.0),2,20002,P2,50,Q,2022-Q1,-1,,,,
ABS:LCI(1.0.0),2,20002,P2,50,Q,2022-Q2,3.9,,,,
ABS:LCI(1.0.0),2,20002,P2,50,Q,2022-Q3,-0.3,,,,
ABS:LCI(1.0.0),2,20002,P2,50,Q,2022-Q4,2.7,,,,
ABS:LCI(1.0.0),2,20002,P2,50,Q,2023-Q1,-3.1,,,,
ABS:LCI(1.0.0),2,20002,P2,50,Q,2023-Q2,0.3,,,,
ABS:LCI(1.0.0),2,20002,P2,50,Q,2023-Q3,0.3,,,,
ABS:LCI(1.0.0),2,20002,P2,50,Q,2023-Q4,0.9,,,,
ABS:LCI(1.0.0),2,20002,P2,50,Q,2024-Q1,-0.7,,,,
ABS:LCI(1.0.0),2,20002,P2,50,Q,2024-Q2,2.7,,,,
ABS:LCI(1.0.0),2,20002,P2,50,Q,2024-Q3,-0.8,,,,
ABS:LCI(1.0.0),2,20002,P2,50,Q,2024-Q4,0.3,,,,
ABS:LCI(1.0.0),2,20002,P2,50,Q,2025-Q1,-0.8,,,,
ABS:LCI(1.0.0),2,20002,P2,50,Q,2025-Q2,2.9,,,,
ABS:LCI(1.0.0),2,20002,P2,50,Q,2025-Q3,0.1,,,,
ABS:LCI(1.0.0),2,20002,P2,50,Q,2025-Q4,-0.4,,,,
ABS:LCI(1.0.0),2,20002,P2,50,Q,2026-Q1,2.3,,,,
ABS:LCI(1.0.0),2,20002,P2,50,Q,2026-Q2,1.2,,,,
ABS:LCI(1.0.0),2,20005,PBLCI,50,Q,2007-Q3,-1.1,,,,
ABS:LCI(1.0.0),2,20005,PBLCI,50,Q,2007-Q4,3.2,,,,
ABS:LCI(1.0.0),2,20005,PBLCI,50,Q,2008-Q1,2.6,,,,
ABS:LCI(1.0.0),2,20005,PBLCI,50,Q,2008-Q2,4.1,,,,
ABS:LCI(1.0.0),2,20005,PBLCI,50,Q,2008-Q3,1.4,,,,
ABS:LCI(1.0.0),2,20005,PBLCI,50,Q,2008-Q4,-8.8,,,,
ABS:LCI(1.0.0),2,20005,PBLCI,50,Q,2009-Q1,-2.6,,,,
ABS:LCI(1.0.0),2,20005,PBLCI,50,Q,2009-Q2,1.9,,,,
ABS:LCI(1.0.0),2,20005,PBLCI,50,Q,2009-Q3,2.6,,,,
ABS:LCI(1.0.0),2,20005,PBLCI,50,Q,2009-Q4,-1.1,,,,
ABS:LCI(1.0.0),2,20005,PBLCI,50,Q,2010-Q1,1.8,,,,
ABS:LCI(1.0.0),2,20005,PBLCI,50,Q,2010-Q2,1.1,,,,
ABS:LCI(1.0.0),2,20005,PBLCI,50,Q,2010-Q3,-1,,,,
ABS:LCI(1.0.0),2,20005,PBLCI,50,Q,2010-Q4,0.6,,,,
ABS:LCI(1.0.0),2,20005,PBLCI,50,Q,2011-Q1,3.6,,,,
ABS:LCI(1.0.0),2,20005,PBLCI,50,Q,2011-Q2,1.7,,,,
ABS:LCI(1.0.0),2,20005,PBLCI,50,Q,2011-Q3,0,,,,
ABS:LCI(1.0.0),2,20005,PBLCI,50,Q,2011-Q4,0.1,,,,
ABS:LCI(1.0.0),2,20005,PBLCI,50,Q,2012-Q1,1.2,,,,
ABS:LCI(1.0.0),2,20005,PBLCI,50,Q,2012-Q2,0.9,,,,
ABS:LCI(1.0.0),2,20005,PBLCI,50,Q,2012-Q3,-1.1,,,,
ABS:LCI(1.0.0),2,20005,PBLCI,50,Q,2012-Q4,1,,,,
ABS:LCI(1.0.0),2,20005,PBLCI,50,Q,2013-Q1,0.6,,,,
ABS:LCI(1.0.0),2,20005,PBLCI,50,Q,2013-Q2,-1.1,,,,
ABS:LCI(1.0.0),2,20005,PBLCI,50,Q,2013-Q3,3.1,,,,
ABS:LCI(1.0.0),2,20005,PBLCI,50,Q,2013-Q4,-0.2,,,,
ABS:LCI(1.0.0),2,20005,PBLCI,50,Q,2014-Q1,1.4,,,,
ABS:LCI(1.0.0),2,20005,PBLCI,50,Q,2014-Q2,-1,,,,
ABS:LCI(1.0.0),2,20005,PBLCI,50,Q,2014-Q3,-0.3,,,,
ABS:LCI(1.0.0),2,20005,PBLCI,50,Q,2014-Q4,-2.7,,,,
ABS:LCI(1.0.0),2,20005,PBLCI,50,Q,2015-Q1,-4.2,,,,
ABS:LCI(1.0.0),2,20005,PBLCI,50,Q,2015-Q2,4.2,,,,
ABS:LCI(1.0.0),2,20005,PBLCI,50,Q,2015-Q3,0,,,,
ABS:LCI(1.0.0),2,20005,PBLCI,50,Q,2015-Q4,-1.8,,,,
ABS:LCI(1.0.0),2,20005,PBLCI,50,Q,2016-Q1,-3.3,,,,
ABS:LCI(1.0.0),2,20005,PBLCI,50,Q,2016-Q2,1.5,,,,
ABS:LCI(1.0.0),2,20005,PBLCI,50,Q,2016-Q3,-0.8,,,,
ABS:LCI(1.0.0),2,20005,PBLCI,50,Q,2016-Q4,2.2,,,,
ABS:LCI(1.0.0),2,20005,PBLCI,50,Q,2017-Q1,2,,,,
ABS:LCI(1.0.0),2,20005,PBLCI,50,Q,2017-Q2,-0.8,,,,
ABS:LCI(1.0.0),2,20005,PBLCI,50,Q,2017-Q3,-0.3,,,,
ABS:LCI(1.0.0),2,20005,PBLCI,50,Q,2017-Q4,3.4,,,,
ABS:LCI(1.0.0),2,20005,PBLCI,50,Q,2018-Q1,1,,,,
ABS:LCI(1.0.0),2,20005,PBLCI,50,Q,2018-Q2,2.4,,,,
ABS:LCI(1.0.0),2,20005,PBLCI,50,Q,2018-Q3,0.8,,,,
ABS:LCI(1.0.0),2,20005,PBLCI,50,Q,2018-Q4,-0.8,,,,
ABS:LCI(1.0.0),2,20005,PBLCI,50,Q,2019-Q1,-2.8,,,,
ABS:LCI(1.0.0),2,20005,PBLCI,50,Q,2019-Q2,4.3,,,,
ABS:LCI(1.0.0),2,20005,PBLCI,50,Q,2019-Q3,-0.4,,,,
ABS:LCI(1.0.0),2,20005,PBLCI,50,Q,2019-Q4,1.9,,,,
ABS:LCI(1.0.0),2,20005,PBLCI,50,Q,2020-Q1,-2.6,,,,
ABS:LCI(1.0.0),2,20005,PBLCI,50,Q,2020-Q2,-8.7,,,,
ABS:LCI(1.0.0),2,20005,PBLCI,50,Q,2020-Q3,4.4,,,,
ABS:LCI(1.0.0),2,20005,PBLCI,50,Q,2020-Q4,0.6,,,,
ABS:LCI(1.0.0),2,20005,PBLCI,50,Q,2021-Q1,4.1,,,,
ABS:LCI(1.0.0),2,20005,PBLCI,50,Q,2021-Q2,3.3,,,,
ABS:LCI(1.0.0),2,20005,PBLCI,50,Q,2021-Q3,3.7,,,,
ABS:LCI(1.0.0),2,20005,PBLCI,50,Q,2021-Q4,3.4,,,,
ABS:LCI(1.0.0),2,20005,PBLCI,50,Q,2022-Q1,5.3,,,,
ABS:LCI(1.0.0),2,20005,PBLCI,50,Q,2022-Q2,2.7,,,,
ABS:LCI(1.0.0),2,20005,PBLCI,50,Q,2022-Q3,-1.1,,,,
ABS:LCI(1.0.0),2,20005,PBLCI,50,Q,2022-Q4,1.9,,,,
ABS:LCI(1.0.0),2,20005,PBLCI,50,Q,2023-Q1,0.4,,,,
ABS:LCI(1.0.0),2,20005,PBLCI,50,Q,2023-Q2,-0.1,,,,
ABS:LCI(1.0.0),2,20005,PBLCI,50,Q,2023-Q3,3.8,,,,
ABS:LCI(1.0.0),2,20005,PBLCI,50,Q,2023-Q4,-0.2,,,,
ABS:LCI(1.0.0),2,20005,PBLCI,50,Q,2024-Q1,0.2,,,,
ABS:LCI(1.0.0),2,20005,PBLCI,50,Q,2024-Q2,1,,,,
ABS:LCI(1.0.0),2,20005,PBLCI,50,Q,2024-Q3,-2.9,,,,
ABS:LCI(1.0.0),2,20005,PBLCI,50,Q,2024-Q4,-0.9,,,,
ABS:LCI(1.0.0),2,20005,PBLCI,50,Q,2025-Q1,1,,,,
ABS:LCI(1.0.0),2,20005,PBLCI,50,Q,2025-Q2,-1,,,,
ABS:LCI(1.0.0),2,20005,PBLCI,50,Q,2025-Q3,1.2,,,,
ABS:LCI(1.0.0),2,20005,PBLCI,50,Q,2025-Q4,0.6,,,,
ABS:LCI(1.0.0),2,20005,PBLCI,50,Q,2026-Q1,2.4,,,,
ABS:LCI(1.0.0),2,20005,PBLCI,50,Q,2026-Q2,-0.8,,,,
ABS:LCI(1.0.0),2,126670,P2,50,Q,2007-Q3,1.6,,,,
ABS:LCI(1.0.0),2,126670,P2,50,Q,2007-Q4,1.9,,,,
ABS:LCI(1.0.0),2,126670,P2,50,Q,2008-Q1,2.6,,,,
ABS:LCI(1.0.0),2,126670,P2,50,Q,2008-Q2,2.9,,,,
ABS:LCI(1.0.0),2,126670,P2,50,Q,2008-Q3,3.2,,,,
ABS:LCI(1.0.0),2,126670,P2,50,Q,2008-Q4,1.2,,,,
ABS:LCI(1.0.0),2,126670,P2,50,Q,2009-Q1,1.2,,,,
ABS:LCI(1.0.0),2,126670,P2,50,Q,2009-Q2,-1.2,,,,
ABS:LCI(1.0.0),2,126670,P2,50,Q,2009-Q3,2.4,,,,
ABS:LCI(1.0.0),2,126670,P2,50,Q,2009-Q4,1.3,,,,
ABS:LCI(1.0.0),2,126670,P2,50,Q,2010-Q1,2.6,,,,
ABS:LCI(1.0.0),2,126670,P2,50,Q,2010-Q2,1.4,,,,
ABS:LCI(1.0.0),2,126670,P2,50,Q,2010-Q3,2.5,,,,
ABS:LCI(1.0.0),2,126670,P2,50,Q,2010-Q4,0.9,,,,
ABS:LCI(1.0.0),2,126670,P2,50,Q,2011-Q1,2.1,,,,
ABS:LCI(1.0.0),2,126670,P2,50,Q,2011-Q2,1.4,,,,
ABS:LCI(1.0.0),2,126670,P2,50,Q,2011-Q3,0.5,,,,
ABS:LCI(1.0.0),2,126670,P2,50,Q,2011-Q4,0.8,,,,
ABS:LCI(1.0.0),2,126670,P2,50,Q,2012-Q1,-0.1,,,,
ABS:LCI(1.0.0),2,126670,P2,50,Q,2012-Q2,0.7,,,,
ABS:LCI(1.0.0),2,126670,P2,50,Q,2012-Q3,0.9,,,,
ABS:LCI(1.0.0),2,126670,P2,50,Q,2012-Q4,1.4,,,,
ABS:LCI(1.0.0),2,126670,P2,50,Q,2013-Q1,1.6,,,,
ABS:LCI(1.0.0),2,126670,P2,50,Q,2013-Q2,-0.3,,,,
ABS:LCI(1.0.0),2,126670,P2,50,Q,2013-Q3,-0.8,,,,
ABS:LCI(1.0.0),2,126670,P2,50,Q,2013-Q4,-0.1,,,,
ABS:LCI(1.0.0),2,126670,P2,50,Q,2014-Q1,0.4,,,,
ABS:LCI(1.0.0),2,126670,P2,50,Q,2014-Q2,-0.2,,,,
ABS:LCI(1.0.0),2,126670,P2,50,Q,2014-Q3,0.3,,,,
ABS:LCI(1.0.0),2,126670,P2,50,Q,2014-Q4,1.1,,,,
ABS:LCI(1.0.0),2,126670,P2,50,Q,2015-Q1,0,,,,
ABS:LCI(1.0.0),2,126670,P2,50,Q,2015-Q2,-0.5,,,,
ABS:LCI(1.0.0),2,126670,P2,50,Q,2015-Q3,0.8,,,,
ABS:LCI(1.0.0),2,126670,P2,50,Q,2015-Q4,1.3,,,,
ABS:LCI(1.0.0),2,126670,P2,50,Q,2016-Q1,1.5,,,,
ABS:LCI(1.0.0),2,126670,P2,50,Q,2016-Q2,1,,,,
ABS:LCI(1.0.0),2,126670,P2,50,Q,2016-Q3,2.2,,,,
ABS:LCI(1.0.0),2,126670,P2,50,Q,2016-Q4,0.8,,,,
ABS:LCI(1.0.0),2,126670,P2,50,Q,2017-Q1,1.3,,,,
ABS:LCI(1.0.0),2,126670,P2,50,Q,2017-Q2,-0.5,,,,
ABS:LCI(1.0.0),2,126670,P2,50,Q,2017-Q3,1.3,,,,
ABS:LCI(1.0.0),2,126670,P2,50,Q,2017-Q4,1.4,,,,
ABS:LCI(1.0.0),2,126670,P2,50,Q,2018-Q1,0.6,,,,
ABS:LCI(1.0.0),2,126670,P2,50,Q,2018-Q2,0.7,,,,
ABS:LCI(1.0.0),2,126670,P2,50,Q,2018-Q3,0.7,,,,
ABS:LCI(1.0.0),2,126670,P2,50,Q,2018-Q4,0.6,,,,
ABS:LCI(1.0.0),2,126670,P2,50,Q,2019-Q1,-0.3,,,,
ABS:LCI(1.0.0),2,126670,P2,50,Q,2019-Q2,0.1,,,,
ABS:LCI(1.0.0),2,126670,P2,50,Q,2019-Q3,-0.1,,,,
ABS:LCI(1.0.0),2,126670,P2,50,Q,2019-Q4,0,,,,
ABS:LCI(1.0.0),2,126670,P2,50,Q,2020-Q1,0.4,,,,
ABS:LCI(1.0.0),2,126670,P2,50,Q,2020-Q2,0.4,,,,
ABS:LCI(1.0.0),2,126670,P2,50,Q,2020-Q3,-0.4,,,,
ABS:LCI(1.0.0),2,126670,P2,50,Q,2020-Q4,0.3,,,,
ABS:LCI(1.0.0),2,126670,P2,50,Q,2021-Q1,-0.4,,,,
ABS:LCI(1.0.0),2,126670,P2,50,Q,2021-Q2,1,,,,
ABS:LCI(1.0.0),2,126670,P2,50,Q,2021-Q3,1,,,,
ABS:LCI(1.0.0),2,126670,P2,50,Q,2021-Q4,0.6,,,,
ABS:LCI(1.0.0),2,126670,P2,50,Q,2022-Q1,0.9,,,,
ABS:LCI(1.0.0),2,126670,P2,50,Q,2022-Q2,0.3,,,,
ABS:LCI(1.0.0),2,126670,P2,50,Q,2022-Q3,3.2,,,,
ABS:LCI(1.0.0),2,126670,P2,50,Q,2022-Q4,3.5,,,,
ABS:LCI(1.0.0),2,126670,P2,50,Q,2023-Q1,4.5,,,,
ABS:LCI(1.0.0),2,126670,P2,50,Q,2023-Q2,5.2,,,,
ABS:LCI(1.0.0),2,126670,P2,50,Q,2023-Q3,3.5,,,,
ABS:LCI(1.0.0),2,126670,P2,50,Q,2023-Q4,4.1,,,,
ABS:LCI(1.0.0),2,126670,P2,50,Q,2024-Q1,4.1,,,,
ABS:LCI(1.0.0),2,126670,P2,50,Q,2024-Q2,3.1,,,,
ABS:LCI(1.0.0),2,126670,P2,50,Q,2024-Q3,2.8,,,,
ABS:LCI(1.0.0),2,126670,P2,50,Q,2024-Q4,1,,,,
ABS:LCI(1.0.0),2,126670,P2,50,Q,2025-Q1,0.6,,,,
ABS:LCI(1.0.0),2,126670,P2,50,Q,2025-Q2,-0.5,,,,
ABS:LCI(1.0.0),2,126670,P2,50,Q,2025-Q3,0.6,,,,
ABS:LCI(1.0.0),2,126670,P2,50,Q,2025-Q4,0.3,,,,
ABS:LCI(1.0.0),2,126670,P2,50,Q,2026-Q1,1.9,,,,
ABS:LCI(1.0.0),2,126670,P2,50,Q,2026-Q2,2.3,,,,
ABS:LCI(1.0.0),2,115528,PBLCI,50,Q,2007-Q3,1,,,,
ABS:LCI(1.0.0),2,115528,PBLCI,50,Q,2007-Q4,1.5,,,,
ABS:LCI(1.0.0),2,115528,PBLCI,50,Q,2008-Q1,2,,,,
ABS:LCI(1.0.0),2,115528,PBLCI,50,Q,2008-Q2,2.4,,,,
ABS:LCI(1.0.0),2,115528,PBLCI,50,Q,2008-Q3,3.3,,,,
ABS:LCI(1.0.0),2,115528,PBLCI,50,Q,2008-Q4,1.6,,,,
ABS:LCI(1.0.0),2,115528,PBLCI,50,Q,2009-Q1,3.2,,,,
ABS:LCI(1.0.0),2,115528,PBLCI,50,Q,2009-Q2,1.1,,,,
ABS:LCI(1.0.0),2,115528,PBLCI,50,Q,2009-Q3,2.8,,,,
ABS:LCI(1.0.0),2,115528,PBLCI,50,Q,2009-Q4,0.8,,,,
ABS:LCI(1.0.0),2,115528,PBLCI,50,Q,2010-Q1,2.2,,,,
ABS:LCI(1.0.0),2,115528,PBLCI,50,Q,2010-Q2,0.3,,,,
ABS:LCI(1.0.0),2,115528,PBLCI,50,Q,2010-Q3,2.4,,,,
ABS:LCI(1.0.0),2,115528,PBLCI,50,Q,2010-Q4,0.4,,,,
ABS:LCI(1.0.0),2,115528,PBLCI,50,Q,2011-Q1,1.5,,,,
ABS:LCI(1.0.0),2,115528,PBLCI,50,Q,2011-Q2,1.5,,,,
ABS:LCI(1.0.0),2,115528,PBLCI,50,Q,2011-Q3,-0.1,,,,
ABS:LCI(1.0.0),2,115528,PBLCI,50,Q,2011-Q4,1,,,,
ABS:LCI(1.0.0),2,115528,PBLCI,50,Q,2012-Q1,0.5,,,,
ABS:LCI(1.0.0),2,115528,PBLCI,50,Q,2012-Q2,0.8,,,,
ABS:LCI(1.0.0),2,115528,PBLCI,50,Q,2012-Q3,1.9,,,,
ABS:LCI(1.0.0),2,115528,PBLCI,50,Q,2012-Q4,1.9,,,,
ABS:LCI(1.0.0),2,115528,PBLCI,50,Q,2013-Q1,2.4,,,,
ABS:LCI(1.0.0),2,115528,PBLCI,50,Q,2013-Q2,-0.1,,,,
ABS:LCI(1.0.0),2,115528,PBLCI,50,Q,2013-Q3,-1,,,,
ABS:LCI(1.0.0),2,115528,PBLCI,50,Q,2013-Q4,0,,,,
ABS:LCI(1.0.0),2,115528,PBLCI,50,Q,2014-Q1,0.1,,,,
ABS:LCI(1.0.0),2,115528,PBLCI,50,Q,2014-Q2,-0.4,,,,
ABS:LCI(1.0.0),2,115528,PBLCI,50,Q,2014-Q3,0.5,,,,
ABS:LCI(1.0.0),2,115528,PBLCI,50,Q,2014-Q4,1.3,,,,
ABS:LCI(1.0.0),2,115528,PBLCI,50,Q,2015-Q1,0.1,,,,
ABS:LCI(1.0.0),2,115528,PBLCI,50,Q,2015-Q2,0,,,,
ABS:LCI(1.0.0),2,115528,PBLCI,50,Q,2015-Q3,1.1,,,,
ABS:LCI(1.0.0),2,115528,PBLCI,50,Q,2015-Q4,1.7,,,,
ABS:LCI(1.0.0),2,115528,PBLCI,50,Q,2016-Q1,1.5,,,,
ABS:LCI(1.0.0),2,115528,PBLCI,50,Q,2016-Q2,1.2,,,,
ABS:LCI(1.0.0),2,115528,PBLCI,50,Q,2016-Q3,3.2,,,,
ABS:LCI(1.0.0),2,115528,PBLCI,50,Q,2016-Q4,1.2,,,,
ABS:LCI(1.0.0),2,115528,PBLCI,50,Q,2017-Q1,1.6,,,,
ABS:LCI(1.0.0),2,115528,PBLCI,50,Q,2017-Q2,-0.7,,,,
ABS:LCI(1.0.0),2,115528,PBLCI,50,Q,2017-Q3,1.2,,,,
ABS:LCI(1.0.0),2,115528,PBLCI,50,Q,2017-Q4,1.5,,,,
ABS:LCI(1.0.0),2,115528,PBLCI,50,Q,2018-Q1,0.6,,,,
ABS:LCI(1.0.0),2,115528,PBLCI,50,Q,2018-Q2,0.8,,,,
ABS:LCI(1.0.0),2,115528,PBLCI,50,Q,2018-Q3,0.9,,,,
ABS:LCI(1.0.0),2,115528,PBLCI,50,Q,2018-Q4,0.6,,,,
ABS:LCI(1.0.0),2,115528,PBLCI,50,Q,2019-Q1,-0.2,,,,
ABS:LCI(1.0.0),2,115528,PBLCI,50,Q,2019-Q2,0.1,,,,
ABS:LCI(1.0.0),2,115528,PBLCI,50,Q,2019-Q3,0.2,,,,
ABS:LCI(1.0.0),2,115528,PBLCI,50,Q,2019-Q4,0.4,,,,
ABS:LCI(1.0.0),2,115528,PBLCI,50,Q,2020-Q1,0.7,,,,
ABS:LCI(1.0.0),2,115528,PBLCI,50,Q,2020-Q2,0.6,,,,
ABS:LCI(1.0.0),2,115528,PBLCI,50,Q,2020-Q3,0.2,,,,
ABS:LCI(1.0.0),2,115528,PBLCI,50,Q,2020-Q4,0.6,,,,
ABS:LCI(1.0.0),2,115528,PBLCI,50,Q,2021-Q1,-0.1,,,,
ABS:LCI(1.0.0),2,115528,PBLCI,50,Q,2021-Q2,1.5,,,,
ABS:LCI(1.0.0),2,115528,PBLCI,50,Q,2021-Q3,1.3,,,,
ABS:LCI(1.0.0),2,115528,PBLCI,50,Q,2021-Q4,1,,,,
ABS:LCI(1.0.0),2,115528,PBLCI,50,Q,2022-Q1,1.2,,,,
ABS:LCI(1.0.0),2,115528,PBLCI,50,Q,2022-Q2,0.4,,,,
ABS:LCI(1.0.0),2,115528,PBLCI,50,Q,2022-Q3,2.2,,,,
ABS:LCI(1.0.0),2,115528,PBLCI,50,Q,2022-Q4,2.1,,,,
ABS:LCI(1.0.0),2,115528,PBLCI,50,Q,2023-Q1,4,,,,
ABS:LCI(1.0.0),2,115528,PBLCI,50,Q,2023-Q2,5.1,,,,
ABS:LCI(1.0.0),2,115528,PBLCI,50,Q,2023-Q3,2.9,,,,
ABS:LCI(1.0.0),2,115528,PBLCI,50,Q,2023-Q4,4.3,,,,
ABS:LCI(1.0.0),2,115528,PBLCI,50,Q,2024-Q1,3.9,,,,
ABS:LCI(1.0.0),2,115528,PBLCI,50,Q,2024-Q2,3.2,,,,
ABS:LCI(1.0.0),2,115528,PBLCI,50,Q,2024-Q3,2.7,,,,
ABS:LCI(1.0.0),2,115528,PBLCI,50,Q,2024-Q4,0.9,,,,
ABS:LCI(1.0.0),2,115528,PBLCI,50,Q,2025-Q1,0.3,,,,
ABS:LCI(1.0.0),2,115528,PBLCI,50,Q,2025-Q2,-0.6,,,,
ABS:LCI(1.0.0),2,115528,PBLCI,50,Q,2025-Q3,1.5,,,,
ABS:LCI(1.0.0),2,115528,PBLCI,50,Q,2025-Q4,0.9,,,,
ABS:LCI(1.0.0),2,115528,PBLCI,50,Q,2026-Q1,2.2,,,,
ABS:LCI(1.0.0),2,115528,PBLCI,50,Q,2026-Q2,1.2,,,,
ABS:LCI(1.0.0),3,10001,P4,50,Q,1999-Q2,0.4,,,,
ABS:LCI(1.0.0),3,10001,P4,50,Q,1999-Q3,1.1,,,,
ABS:LCI(1.0.0),3,10001,P4,50,Q,1999-Q4,1.1,,,,
ABS:LCI(1.0.0),3,10001,P4,50,Q,2000-Q1,2.4,,,,
ABS:LCI(1.0.0),3,10001,P4,50,Q,2000-Q2,2.8,,,,
ABS:LCI(1.0.0),3,10001,P4,50,Q,2000-Q3,5.7,,,,
ABS:LCI(1.0.0),3,10001,P4,50,Q,2000-Q4,5.5,,,,
ABS:LCI(1.0.0),3,10001,P4,50,Q,2001-Q1,6,,,,
ABS:LCI(1.0.0),3,10001,P4,50,Q,2001-Q2,6,,,,
ABS:LCI(1.0.0),3,10001,P4,50,Q,2001-Q3,2.3,,,,
ABS:LCI(1.0.0),3,10001,P4,50,Q,2001-Q4,3.4,,,,
ABS:LCI(1.0.0),3,10001,P4,50,Q,2002-Q1,3.4,,,,
ABS:LCI(1.0.0),3,10001,P4,50,Q,2002-Q2,3.3,,,,
ABS:LCI(1.0.0),3,10001,P4,50,Q,2002-Q3,3.8,,,,
ABS:LCI(1.0.0),3,10001,P4,50,Q,2002-Q4,3.3,,,,
ABS:LCI(1.0.0),3,10001,P4,50,Q,2003-Q1,3.5,,,,
ABS:LCI(1.0.0),3,10001,P4,50,Q,2003-Q2,2.7,,,,
ABS:LCI(1.0.0),3,10001,P4,50,Q,2003-Q3,2.4,,,,
ABS:LCI(1.0.0),3,10001,P4,50,Q,2003-Q4,2.3,,,,
ABS:LCI(1.0.0),3,10001,P4,50,Q,2004-Q1,1.7,,,,
ABS:LCI(1.0.0),3,10001,P4,50,Q,2004-Q2,2.2,,,,
ABS:LCI(1.0.0),3,10001,P4,50,Q,2004-Q3,2.1,,,,
ABS:LCI(1.0.0),3,10001,P4,50,Q,2004-Q4,2.3,,,,
ABS:LCI(1.0.0),3,10001,P4,50,Q,2005-Q1,2.2,,,,
ABS:LCI(1.0.0),3,10001,P4,50,Q,2005-Q2,2.3,,,,
ABS:LCI(1.0.0),3,10001,P4,50,Q,2005-Q3,3.1,,,,
ABS:LCI(1.0.0),3,10001,P4,50,Q,2005-Q4,2.6,,,,
ABS:LCI(1.0.0),3,10001,P4,50,Q,2006-Q1,3.2,,,,
ABS:LCI(1.0.0),3,10001,P4,50,Q,2006-Q2,4.6,,,,
ABS:LCI(1.0.0),3,10001,P4,50,Q,2006-Q3,4.7,,,,
ABS:LCI(1.0.0),3,10001,P4,50,Q,2006-Q4,4,,,,
ABS:LCI(1.0.0),3,10001,P4,50,Q,2007-Q1,2.5,,,,
ABS:LCI(1.0.0),3,10001,P4,50,Q,2007-Q2,1.9,,,,
ABS:LCI(1.0.0),3,10001,P4,50,Q,2007-Q3,1.6,,,,
ABS:LCI(1.0.0),3,10001,P4,50,Q,2007-Q4,2.6,,,,
ABS:LCI(1.0.0),3,10001,P4,50,Q,2008-Q1,4.1,,,,
ABS:LCI(1.0.0),3,10001,P4,50,Q,2008-Q2,4.2,,,,
ABS:LCI(1.0.0),3,10001,P4,50,Q,2008-Q3,4.7,,,,
ABS:LCI(1.0.0),3,10001,P4,50,Q,2008-Q4,3.5,,,,
ABS:LCI(1.0.0),3,10001,P4,50,Q,2009-Q1,2.8,,,,
ABS:LCI(1.0.0),3,10001,P4,50,Q,2009-Q2,2,,,,
ABS:LCI(1.0.0),3,10001,P4,50,Q,2009-Q3,1.6,,,,
ABS:LCI(1.0.0),3,10001,P4,50,Q,2009-Q4,2.8,,,,
ABS:LCI(1.0.0),3,10001,P4,50,Q,2010-Q1,3,,,,
ABS:LCI(1.0.0),3,10001,P4,50,Q,2010-Q2,3,,,,
ABS:LCI(1.0.0),3,10001,P4,50,Q,2010-Q3,2.8,,,,
ABS:LCI(1.0.0),3,10001,P4,50,Q,2010-Q4,2.7,,,,
ABS:LCI(1.0.0),3,10001,P4,50,Q,2011-Q1,3.4,,,,
ABS:LCI(1.0.0),3,10001,P4,50,Q,2011-Q2,4,,,,
ABS:LCI(1.0.0),3,10001,P4,50,Q,2011-Q3,3.8,,,,
ABS:LCI(1.0.0),3,10001,P4,50,Q,2011-Q4,3.3,,,,
ABS:LCI(1.0.0),3,10001,P4,50,Q,2012-Q1,1.3,,,,
ABS:LCI(1.0.0),3,10001,P4,50,Q,2012-Q2,0.7,,,,
ABS:LCI(1.0.0),3,10001,P4,50,Q,2012-Q3,1.5,,,,
ABS:LCI(1.0.0),3,10001,P4,50,Q,2012-Q4,1.8,,,,
ABS:LCI(1.0.0),3,10001,P4,50,Q,2013-Q1,2.4,,,,
ABS:LCI(1.0.0),3,10001,P4,50,Q,2013-Q2,2.1,,,,
ABS:LCI(1.0.0),3,10001,P4,50,Q,2013-Q3,2,,,,
ABS:LCI(1.0.0),3,10001,P4,50,Q,2013-Q4,2.7,,,,
ABS:LCI(1.0.0),3,10001,P4,50,Q,2014-Q1,3,,,,
ABS:LCI(1.0.0),3,10001,P4,50,Q,2014-Q2,3.3,,,,
ABS:LCI(1.0.0),3,10001,P4,50,Q,2014-Q3,2.2,,,,
ABS:LCI(1.0.0),3,10001,P4,50,Q,2014-Q4,1.5,,,,
ABS:LCI(1.0.0),3,10001,P4,50,Q,2015-Q1,1.3,,,,
ABS:LCI(1.0.0),3,10001,P4,50,Q,2015-Q2,1.2,,,,
ABS:LCI(1.0.0),3,10001,P4,50,Q,2015-Q3,1.2,,,,
ABS:LCI(1.0.0),3,10001,P4,50,Q,2015-Q4,1.6,,,,
ABS:LCI(1.0.0),3,10001,P4,50,Q,2016-Q1,1.1,,,,
ABS:LCI(1.0.0),3,10001,P4,50,Q,2016-Q2,1.1,,,,
ABS:LCI(1.0.0),3,10001,P4,50,Q,2016-Q3,1.5,,,,
ABS:LCI(1.0.0),3,10001,P4,50,Q,2016-Q4,1.4,,,,
ABS:LCI(1.0.0),3,10001,P4,50,Q,2017-Q1,2,,,,
ABS:LCI(1.0.0),3,10001,P4,50,Q,2017-Q2,1.7,,,,
ABS:LCI(1.0.0),3,10001,P4,50,Q,2017-Q3,1.6,,,,
ABS:LCI(1.0.0),3,10001,P4,50,Q,2017-Q4,1.7,,,,
ABS:LCI(1.0.0),3,10001,P4,50,Q,2018-Q1,1.8,,,,
ABS:LCI(1.0.0),3,10001,P4,50,Q,2018-Q2,2.1,,,,
ABS:LCI(1.0.0),3,10001,P4,50,Q,2018-Q3,2.3,,,,
ABS:LCI(1.0.0),3,10001,P4,50,Q,2018-Q4,2.1,,,,
ABS:LCI(1.0.0),3,10001,P4,50,Q,2019-Q1,1.6,,,,
ABS:LCI(1.0.0),3,10001,P4,50,Q,2019-Q2,1.9,,,,
ABS:LCI(1.0.0),3,10001,P4,50,Q,2019-Q3,1.9,,,,
ABS:LCI(1.0.0),3,10001,P4,50,Q,2019-Q4,1.9,,,,
ABS:LCI(1.0.0),3,10001,P4,50,Q,2020-Q1,2.3,,,,
ABS:LCI(1.0.0),3,10001,P4,50,Q,2020-Q2,1.1,,,,
ABS:LCI(1.0.0),3,10001,P4,50,Q,2020-Q3,0.8,,,,
ABS:LCI(1.0.0),3,10001,P4,50,Q,2020-Q4,0.8,,,,
ABS:LCI(1.0.0),3,10001,P4,50,Q,2021-Q1,1.3,,,,
ABS:LCI(1.0.0),3,10001,P4,50,Q,2021-Q2,2.7,,,,
ABS:LCI(1.0.0),3,10001,P4,50,Q,2021-Q3,2.9,,,,
ABS:LCI(1.0.0),3,10001,P4,50,Q,2021-Q4,3.3,,,,
ABS:LCI(1.0.0),3,10001,P4,50,Q,2022-Q1,4.4,,,,
ABS:LCI(1.0.0),3,10001,P4,50,Q,2022-Q2,5,,,,
ABS:LCI(1.0.0),3,10001,P4,50,Q,2022-Q3,6.3,,,,
ABS:LCI(1.0.0),3,10001,P4,50,Q,2022-Q4,7.6,,,,
ABS:LCI(1.0.0),3,10001,P4,50,Q,2023-Q1,7.1,,,,
ABS:LCI(1.0.0),3,10001,P4,50,Q,2023-Q2,6.3,,,,
ABS:LCI(1.0.0),3,10001,P4,50,Q,2023-Q3,5.8,,,,
ABS:LCI(1.0.0),3,10001,P4,50,Q,2023-Q4,4,,,,
ABS:LCI(1.0.0),3,10001,P4,50,Q,2024-Q1,3.4,,,,
ABS:LCI(1.0.0),3,10001,P4,50,Q,2024-Q2,3.8,,,,
ABS:LCI(1.0.0),3,10001,P4,50,Q,2024-Q3,2.7,,,,
ABS:LCI(1.0.0),3,10001,P4,50,Q,2024-Q4,2.5,,,,
ABS:LCI(1.0.0),3,10001,P4,50,Q,2025-Q1,2.3,,,,
ABS:LCI(1.0.0),3,10001,P4,50,Q,2025-Q2,1.8,,,,
ABS:LCI(1.0.0),3,10001,P4,50,Q,2025-Q3,2.9,,,,
ABS:LCI(1.0.0),3,10001,P4,50,Q,2025-Q4,3.3,,,,
ABS:LCI(1.0.0),3,10001,P4,50,Q,2026-Q1,3.8,,,,
ABS:LCI(1.0.0),3,10001,P4,50,Q,2026-Q2,3.8,,,,
ABS:LCI(1.0.0),3,20004,P4,50,Q,2008-Q2,1.5,,,,
ABS:LCI(1.0.0),3,20004,P4,50,Q,2008-Q3,2,,,,
ABS:LCI(1.0.0),3,20004,P4,50,Q,2008-Q4,1.6,,,,
ABS:LCI(1.0.0),3,20004,P4,50,Q,2009-Q1,3,,,,
ABS:LCI(1.0.0),3,20004,P4,50,Q,2009-Q2,3.5,,,,
ABS:LCI(1.0.0),3,20004,P4,50,Q,2009-Q3,4,,,,
ABS:LCI(1.0.0),3,20004,P4,50,Q,2009-Q4,3.5,,,,
ABS:LCI(1.0.0),3,20004,P4,50,Q,2010-Q1,1.5,,,,
ABS:LCI(1.0.0),3,20004,P4,50,Q,2010-Q2,0.2,,,,
ABS:LCI(1.0.0),3,20004,P4,50,Q,2010-Q3,0.4,,,,
ABS:LCI(1.0.0),3,20004,P4,50,Q,2010-Q4,-0.2,,,,
ABS:LCI(1.0.0),3,20004,P4,50,Q,2011-Q1,-0.3,,,,
ABS:LCI(1.0.0),3,20004,P4,50,Q,2011-Q2,0.1,,,,
ABS:LCI(1.0.0),3,20004,P4,50,Q,2011-Q3,-0.4,,,,
ABS:LCI(1.0.0),3,20004,P4,50,Q,2011-Q4,0.1,,,,
ABS:LCI(1.0.0),3,20004,P4,50,Q,2012-Q1,0.2,,,,
ABS:LCI(1.0.0),3,20004,P4,50,Q,2012-Q2,0.3,,,,
ABS:LCI(1.0.0),3,20004,P4,50,Q,2012-Q3,0.7,,,,
ABS:LCI(1.0.0),3,20004,P4,50,Q,2012-Q4,0.3,,,,
ABS:LCI(1.0.0),3,20004,P4,50,Q,2013-Q1,0.3,,,,
ABS:LCI(1.0.0),3,20004,P4,50,Q,2013-Q2,-0.3,,,,
ABS:LCI(1.0.0),3,20004,P4,50,Q,2013-Q3,-0.2,,,,
ABS:LCI(1.0.0),3,20004,P4,50,Q,2013-Q4,0.6,,,,
ABS:LCI(1.0.0),3,20004,P4,50,Q,2014-Q1,0.3,,,,
ABS:LCI(1.0.0),3,20004,P4,50,Q,2014-Q2,0.5,,,,
ABS:LCI(1.0.0),3,20004,P4,50,Q,2014-Q3,0,,,,
ABS:LCI(1.0.0),3,20004,P4,50,Q,2014-Q4,0,,,,
ABS:LCI(1.0.0),3,20004,P4,50,Q,2015-Q1,0.8,,,,
ABS:LCI(1.0.0),3,20004,P4,50,Q,2015-Q2,0.9,,,,
ABS:LCI(1.0.0),3,20004,P4,50,Q,2015-Q3,1.2,,,,
ABS:LCI(1.0.0),3,20004,P4,50,Q,2015-Q4,1.4,,,,
ABS:LCI(1.0.0),3,20004,P4,50,Q,2016-Q1,1.5,,,,
ABS:LCI(1.0.0),3,20004,P4,50,Q,2016-Q2,1,,,,
ABS:LCI(1.0.0),3,20004,P4,50,Q,2016-Q3,1.3,,,,
ABS:LCI(1.0.0),3,20004,P4,50,Q,2016-Q4,-0.1,,,,
ABS:LCI(1.0.0),3,20004,P4,50,Q,2017-Q1,-0.7,,,,
ABS:LCI(1.0.0),3,20004,P4,50,Q,2017-Q2,-0.4,,,,
ABS:LCI(1.0.0),3,20004,P4,50,Q,2017-Q3,-1.1,,,,
ABS:LCI(1.0.0),3,20004,P4,50,Q,2017-Q4,-1.4,,,,
ABS:LCI(1.0.0),3,20004,P4,50,Q,2018-Q1,-0.8,,,,
ABS:LCI(1.0.0),3,20004,P4,50,Q,2018-Q2,-1.3,,,,
ABS:LCI(1.0.0),3,20004,P4,50,Q,2018-Q3,-0.8,,,,
ABS:LCI(1.0.0),3,20004,P4,50,Q,2018-Q4,0.8,,,,
ABS:LCI(1.0.0),3,20004,P4,50,Q,2019-Q1,0.7,,,,
ABS:LCI(1.0.0),3,20004,P4,50,Q,2019-Q2,1,,,,
ABS:LCI(1.0.0),3,20004,P4,50,Q,2019-Q3,1.1,,,,
ABS:LCI(1.0.0),3,20004,P4,50,Q,2019-Q4,0.3,,,,
ABS:LCI(1.0.0),3,20004,P4,50,Q,2020-Q1,1.8,,,,
ABS:LCI(1.0.0),3,20004,P4,50,Q,2020-Q2,3.4,,,,
ABS:LCI(1.0.0),3,20004,P4,50,Q,2020-Q3,3.8,,,,
ABS:LCI(1.0.0),3,20004,P4,50,Q,2020-Q4,3.8,,,,
ABS:LCI(1.0.0),3,20004,P4,50,Q,2021-Q1,2.4,,,,
ABS:LCI(1.0.0),3,20004,P4,50,Q,2021-Q2,1.3,,,,
ABS:LCI(1.0.0),3,20004,P4,50,Q,2021-Q3,1.5,,,,
ABS:LCI(1.0.0),3,20004,P4,50,Q,2021-Q4,3.1,,,,
ABS:LCI(1.0.0),3,20004,P4,50,Q,2022-Q1,5.1,,,,
ABS:LCI(1.0.0),3,20004,P4,50,Q,2022-Q2,7.6,,,,
ABS:LCI(1.0.0),3,20004,P4,50,Q,2022-Q3,9.2,,,,
ABS:LCI(1.0.0),3,20004,P4,50,Q,2022-Q4,9.4,,,,
ABS:LCI(1.0.0),3,20004,P4,50,Q,2023-Q1,7.1,,,,
ABS:LCI(1.0.0),3,20004,P4,50,Q,2023-Q2,5.9,,,,
ABS:LCI(1.0.0),3,20004,P4,50,Q,2023-Q3,3.4,,,,
ABS:LCI(1.0.0),3,20004,P4,50,Q,2023-Q4,0.8,,,,
ABS:LCI(1.0.0),3,20004,P4,50,Q,2024-Q1,1,,,,
ABS:LCI(1.0.0),3,20004,P4,50,Q,2024-Q2,-0.5,,,,
ABS:LCI(1.0.0),3,20004,P4,50,Q,2024-Q3,-0.2,,,,
ABS:LCI(1.0.0),3,20004,P4,50,Q,2024-Q4,1.2,,,,
ABS:LCI(1.0.0),3,20004,P4,50,Q,2025-Q1,0.5,,,,
ABS:LCI(1.0.0),3,20004,P4,50,Q,2025-Q2,0.8,,,,
ABS:LCI(1.0.0),3,20004,P4,50,Q,2025-Q3,0.9,,,,
ABS:LCI(1.0.0),3,20004,P4,50,Q,2025-Q4,0.5,,,,
ABS:LCI(1.0.0),3,20004,P4,50,Q,2026-Q1,1.4,,,,
ABS:LCI(1.0.0),3,20004,P4,50,Q,2026-Q2,0.4,,,,
ABS:LCI(1.0.0),3,115488,P4,50,Q,2008-Q2,0,,,,
ABS:LCI(1.0.0),3,115488,P4,50,Q,2008-Q3,0.3,,,,
ABS:LCI(1.0.0),3,115488,P4,50,Q,2008-Q4,1,,,,
ABS:LCI(1.0.0),3,115488,P4,50,Q,2009-Q1,1.4,,,,
ABS:LCI(1.0.0),3,115488,P4,50,Q,2009-Q2,1.4,,,,
ABS:LCI(1.0.0),3,115488,P4,50,Q,2009-Q3,1.3,,,,
ABS:LCI(1.0.0),3,115488,P4,50,Q,2009-Q4,0.7,,,,
ABS:LCI(1.0.0),3,115488,P4,50,Q,2010-Q1,0.2,,,,
ABS:LCI(1.0.0),3,115488,P4,50,Q,2010-Q2,0,,,,
ABS:LCI(1.0.0),3,115488,P4,50,Q,2010-Q3,0,,,,
ABS:LCI(1.0.0),3,115488,P4,50,Q,2010-Q4,0.1,,,,
ABS:LCI(1.0.0),3,115488,P4,50,Q,2011-Q1,0.3,,,,
ABS:LCI(1.0.0),3,115488,P4,50,Q,2011-Q2,0.9,,,,
ABS:LCI(1.0.0),3,115488,P4,50,Q,2011-Q3,0.8,,,,
ABS:LCI(1.0.0),3,115488,P4,50,Q,2011-Q4,1.8,,,,
ABS:LCI(1.0.0),3,115488,P4,50,Q,2012-Q1,1.7,,,,
ABS:LCI(1.0.0),3,115488,P4,50,Q,2012-Q2,1,,,,
ABS:LCI(1.0.0),3,115488,P4,50,Q,2012-Q3,1.4,,,,
ABS:LCI(1.0.0),3,115488,P4,50,Q,2012-Q4,1.6,,,,
ABS:LCI(1.0.0),3,115488,P4,50,Q,2013-Q1,1.5,,,,
ABS:LCI(1.0.0),3,115488,P4,50,Q,2013-Q2,2.2,,,,
ABS:LCI(1.0.0),3,115488,P4,50,Q,2013-Q3,1.9,,,,
ABS:LCI(1.0.0),3,115488,P4,50,Q,2013-Q4,1.7,,,,
ABS:LCI(1.0.0),3,115488,P4,50,Q,2014-Q1,2.2,,,,
ABS:LCI(1.0.0),3,115488,P4,50,Q,2014-Q2,0,,,,
ABS:LCI(1.0.0),3,115488,P4,50,Q,2014-Q3,-1.5,,,,
ABS:LCI(1.0.0),3,115488,P4,50,Q,2014-Q4,-2.6,,,,
ABS:LCI(1.0.0),3,115488,P4,50,Q,2015-Q1,-4.4,,,,
ABS:LCI(1.0.0),3,115488,P4,50,Q,2015-Q2,-3.3,,,,
ABS:LCI(1.0.0),3,115488,P4,50,Q,2015-Q3,-3.8,,,,
ABS:LCI(1.0.0),3,115488,P4,50,Q,2015-Q4,-6,,,,
ABS:LCI(1.0.0),3,115488,P4,50,Q,2016-Q1,-6.1,,,,
ABS:LCI(1.0.0),3,115488,P4,50,Q,2016-Q2,-6.9,,,,
ABS:LCI(1.0.0),3,115488,P4,50,Q,2016-Q3,-7.1,,,,
ABS:LCI(1.0.0),3,115488,P4,50,Q,2016-Q4,-5.5,,,,
ABS:LCI(1.0.0),3,115488,P4,50,Q,2017-Q1,-4.3,,,,
ABS:LCI(1.0.0),3,115488,P4,50,Q,2017-Q2,-3.4,,,,
ABS:LCI(1.0.0),3,115488,P4,50,Q,2017-Q3,-2.6,,,,
ABS:LCI(1.0.0),3,115488,P4,50,Q,2017-Q4,-3.2,,,,
ABS:LCI(1.0.0),3,115488,P4,50,Q,2018-Q1,-3.2,,,,
ABS:LCI(1.0.0),3,115488,P4,50,Q,2018-Q2,-3.8,,,,
ABS:LCI(1.0.0),3,115488,P4,50,Q,2018-Q3,-3.6,,,,
ABS:LCI(1.0.0),3,115488,P4,50,Q,2018-Q4,-3.7,,,,
ABS:LCI(1.0.0),3,115488,P4,50,Q,2019-Q1,-3.9,,,,
ABS:LCI(1.0.0),3,115488,P4,50,Q,2019-Q2,-4,,,,
ABS:LCI(1.0.0),3,115488,P4,50,Q,2019-Q3,-3.9,,,,
ABS:LCI(1.0.0),3,115488,P4,50,Q,2019-Q4,-3.7,,,,
ABS:LCI(1.0.0),3,115488,P4,50,Q,2020-Q1,-3.3,,,,
ABS:LCI(1.0.0),3,115488,P4,50,Q,2020-Q2,-3.5,,,,
ABS:LCI(1.0.0),3,115488,P4,50,Q,2020-Q3,-3.2,,,,
ABS:LCI(1.0.0),3,115488,P4,50,Q,2020-Q4,-2.5,,,,
ABS:LCI(1.0.0),3,115488,P4,50,Q,2021-Q1,-1.9,,,,
ABS:LCI(1.0.0),3,115488,P4,50,Q,2021-Q2,-1,,,,
ABS:LCI(1.0.0),3,115488,P4,50,Q,2021-Q3,-0.8,,,,
ABS:LCI(1.0.0),3,115488,P4,50,Q,2021-Q4,-0.3,,,,
ABS:LCI(1.0.0),3,115488,P4,50,Q,2022-Q1,-0.3,,,,
ABS:LCI(1.0.0),3,115488,P4,50,Q,2022-Q2,0.2,,,,
ABS:LCI(1.0.0),3,115488,P4,50,Q,2022-Q3,2.2,,,,
ABS:LCI(1.0.0),3,115488,P4,50,Q,2022-Q4,1.6,,,,
ABS:LCI(1.0.0),3,115488,P4,50,Q,2023-Q1,1.4,,,,
ABS:LCI(1.0.0),3,115488,P4,50,Q,2023-Q2,1.1,,,,
ABS:LCI(1.0.0),3,115488,P4,50,Q,2023-Q3,2,,,,
ABS:LCI(1.0.0),3,115488,P4,50,Q,2023-Q4,2.9,,,,
ABS:LCI(1.0.0),3,115488,P4,50,Q,2024-Q1,2.4,,,,
ABS:LCI(1.0.0),3,115488,P4,50,Q,2024-Q2,1.9,,,,
ABS:LCI(1.0.0),3,115488,P4,50,Q,2024-Q3,0.1,,,,
ABS:LCI(1.0.0),3,115488,P4,50,Q,2024-Q4,0,,,,
ABS:LCI(1.0.0),3,115488,P4,50,Q,2025-Q1,0,,,,
ABS:LCI(1.0.0),3,115488,P4,50,Q,2025-Q2,1.1,,,,
ABS:LCI(1.0.0),3,115488,P4,50,Q,2025-Q3,1.9,,,,
ABS:LCI(1.0.0),3,115488,P4,50,Q,2025-Q4,1.6,,,,
ABS:LCI(1.0.0),3,115488,P4,50,Q,2026-Q1,1.9,,,,
ABS:LCI(1.0.0),3,115488,P4,50,Q,2026-Q2,2.7,,,,
ABS:LCI(1.0.0),3,115489,P3,50,Q,2008-Q2,1.2,,,,
ABS:LCI(1.0.0),3,115489,P3,50,Q,2008-Q3,1,,,,
ABS:LCI(1.0.0),3,115489,P3,50,Q,2008-Q4,0.7,,,,
ABS:LCI(1.0.0),3,115489,P3,50,Q,2009-Q1,0.7,,,,
ABS:LCI(1.0.0),3,115489,P3,50,Q,2009-Q2,1.2,,,,
ABS:LCI(1.0.0),3,115489,P3,50,Q,2009-Q3,1.2,,,,
ABS:LCI(1.0.0),3,115489,P3,50,Q,2009-Q4,2,,,,
ABS:LCI(1.0.0),3,115489,P3,50,Q,2010-Q1,1.4,,,,
ABS:LCI(1.0.0),3,115489,P3,50,Q,2010-Q2,-0.1,,,,
ABS:LCI(1.0.0),3,115489,P3,50,Q,2010-Q3,-0.7,,,,
ABS:LCI(1.0.0),3,115489,P3,50,Q,2010-Q4,-1.9,,,,
ABS:LCI(1.0.0),3,115489,P3,50,Q,2011-Q1,-1.6,,,,
ABS:LCI(1.0.0),3,115489,P3,50,Q,2011-Q2,-0.6,,,,
ABS:LCI(1.0.0),3,115489,P3,50,Q,2011-Q3,-0.6,,,,
ABS:LCI(1.0.0),3,115489,P3,50,Q,2011-Q4,0,,,,
ABS:LCI(1.0.0),3,115489,P3,50,Q,2012-Q1,-0.7,,,,
ABS:LCI(1.0.0),3,115489,P3,50,Q,2012-Q2,-1.6,,,,
ABS:LCI(1.0.0),3,115489,P3,50,Q,2012-Q3,-1.6,,,,
ABS:LCI(1.0.0),3,115489,P3,50,Q,2012-Q4,-1.6,,,,
ABS:LCI(1.0.0),3,115489,P3,50,Q,2013-Q1,-0.6,,,,
ABS:LCI(1.0.0),3,115489,P3,50,Q,2013-Q2,-0.1,,,,
ABS:LCI(1.0.0),3,115489,P3,50,Q,2013-Q3,0.8,,,,
ABS:LCI(1.0.0),3,115489,P3,50,Q,2013-Q4,1.7,,,,
ABS:LCI(1.0.0),3,115489,P3,50,Q,2014-Q1,2.2,,,,
ABS:LCI(1.0.0),3,115489,P3,50,Q,2014-Q2,2.4,,,,
ABS:LCI(1.0.0),3,115489,P3,50,Q,2014-Q3,1.5,,,,
ABS:LCI(1.0.0),3,115489,P3,50,Q,2014-Q4,0.5,,,,
ABS:LCI(1.0.0),3,115489,P3,50,Q,2015-Q1,1.3,,,,
ABS:LCI(1.0.0),3,115489,P3,50,Q,2015-Q2,0.7,,,,
ABS:LCI(1.0.0),3,115489,P3,50,Q,2015-Q3,0.7,,,,
ABS:LCI(1.0.0),3,115489,P3,50,Q,2015-Q4,1.4,,,,
ABS:LCI(1.0.0),3,115489,P3,50,Q,2016-Q1,-0.2,,,,
ABS:LCI(1.0.0),3,115489,P3,50,Q,2016-Q2,0.5,,,,
ABS:LCI(1.0.0),3,115489,P3,50,Q,2016-Q3,0.5,,,,
ABS:LCI(1.0.0),3,115489,P3,50,Q,2016-Q4,0,,,,
ABS:LCI(1.0.0),3,115489,P3,50,Q,2017-Q1,0.5,,,,
ABS:LCI(1.0.0),3,115489,P3,50,Q,2017-Q2,0.3,,,,
ABS:LCI(1.0.0),3,115489,P3,50,Q,2017-Q3,0.7,,,,
ABS:LCI(1.0.0),3,115489,P3,50,Q,2017-Q4,0.7,,,,
ABS:LCI(1.0.0),3,115489,P3,50,Q,2018-Q1,0.1,,,,
ABS:LCI(1.0.0),3,115489,P3,50,Q,2018-Q2,0.3,,,,
ABS:LCI(1.0.0),3,115489,P3,50,Q,2018-Q3,0.4,,,,
ABS:LCI(1.0.0),3,115489,P3,50,Q,2018-Q4,0.9,,,,
ABS:LCI(1.0.0),3,115489,P3,50,Q,2019-Q1,0.7,,,,
ABS:LCI(1.0.0),3,115489,P3,50,Q,2019-Q2,1.2,,,,
ABS:LCI(1.0.0),3,115489,P3,50,Q,2019-Q3,1.2,,,,
ABS:LCI(1.0.0),3,115489,P3,50,Q,2019-Q4,1.2,,,,
ABS:LCI(1.0.0),3,115489,P3,50,Q,2020-Q1,1,,,,
ABS:LCI(1.0.0),3,115489,P3,50,Q,2020-Q2,-0.1,,,,
ABS:LCI(1.0.0),3,115489,P3,50,Q,2020-Q3,-0.2,,,,
ABS:LCI(1.0.0),3,115489,P3,50,Q,2020-Q4,0,,,,
ABS:LCI(1.0.0),3,115489,P3,50,Q,2021-Q1,1.3,,,,
ABS:LCI(1.0.0),3,115489,P3,50,Q,2021-Q2,2,,,,
ABS:LCI(1.0.0),3,115489,P3,50,Q,2021-Q3,2,,,,
ABS:LCI(1.0.0),3,115489,P3,50,Q,2021-Q4,1.9,,,,
ABS:LCI(1.0.0),3,115489,P3,50,Q,2022-Q1,2.9,,,,
ABS:LCI(1.0.0),3,115489,P3,50,Q,2022-Q2,4.4,,,,
ABS:LCI(1.0.0),3,115489,P3,50,Q,2022-Q3,4.3,,,,
ABS:LCI(1.0.0),3,115489,P3,50,Q,2022-Q4,7.8,,,,
ABS:LCI(1.0.0),3,115489,P3,50,Q,2023-Q1,7.4,,,,
ABS:LCI(1.0.0),3,115489,P3,50,Q,2023-Q2,5.9,,,,
ABS:LCI(1.0.0),3,115489,P3,50,Q,2023-Q3,5.4,,,,
ABS:LCI(1.0.0),3,115489,P3,50,Q,2023-Q4,1.3,,,,
ABS:LCI(1.0.0),3,115489,P3,50,Q,2024-Q1,1.4,,,,
ABS:LCI(1.0.0),3,115489,P3,50,Q,2024-Q2,1.4,,,,
ABS:LCI(1.0.0),3,115489,P3,50,Q,2024-Q3,2.4,,,,
ABS:LCI(1.0.0),3,115489,P3,50,Q,2024-Q4,3.3,,,,
ABS:LCI(1.0.0),3,115489,P3,50,Q,2025-Q1,1.9,,,,
ABS:LCI(1.0.0),3,115489,P3,50,Q,2025-Q2,2.2,,,,
ABS:LCI(1.0.0),3,115489,P3,50,Q,2025-Q3,2.3,,,,
ABS:LCI(1.0.0),3,115489,P3,50,Q,2025-Q4,3.4,,,,
ABS:LCI(1.0.0),3,115489,P3,50,Q,2026-Q1,3.8,,,,
ABS:LCI(1.0.0),3,115489,P3,50,Q,2026-Q2,3,,,,
ABS:LCI(1.0.0),3,126670,P1,50,Q,2008-Q2,18.9,,,,
ABS:LCI(1.0.0),3,126670,P1,50,Q,2008-Q3,17.9,,,,
ABS:LCI(1.0.0),3,126670,P1,50,Q,2008-Q4,13.9,,,,
ABS:LCI(1.0.0),3,126670,P1,50,Q,2009-Q1,0.6,,,,
ABS:LCI(1.0.0),3,126670,P1,50,Q,2009-Q2,-18.7,,,,
ABS:LCI(1.0.0),3,126670,P1,50,Q,2009-Q3,-20.1,,,,
ABS:LCI(1.0.0),3,126670,P1,50,Q,2009-Q4,-16.7,,,,
ABS:LCI(1.0.0),3,126670,P1,50,Q,2010-Q1,-4.8,,,,
ABS:LCI(1.0.0),3,126670,P1,50,Q,2010-Q2,16.9,,,,
ABS:LCI(1.0.0),3,126670,P1,50,Q,2010-Q3,20.7,,,,
ABS:LCI(1.0.0),3,126670,P1,50,Q,2010-Q4,19.6,,,,
ABS:LCI(1.0.0),3,126670,P1,50,Q,2011-Q1,15.8,,,,
ABS:LCI(1.0.0),3,126670,P1,50,Q,2011-Q2,10.9,,,,
ABS:LCI(1.0.0),3,126670,P1,50,Q,2011-Q3,7.1,,,,
ABS:LCI(1.0.0),3,126670,P1,50,Q,2011-Q4,5.4,,,,
ABS:LCI(1.0.0),3,126670,P1,50,Q,2012-Q1,-0.8,,,,
ABS:LCI(1.0.0),3,126670,P1,50,Q,2012-Q2,-2.2,,,,
ABS:LCI(1.0.0),3,126670,P1,50,Q,2012-Q3,-6.7,,,,
ABS:LCI(1.0.0),3,126670,P1,50,Q,2012-Q4,-8,,,,
ABS:LCI(1.0.0),3,126670,P1,50,Q,2013-Q1,-7.2,,,,
ABS:LCI(1.0.0),3,126670,P1,50,Q,2013-Q2,-7.9,,,,
ABS:LCI(1.0.0),3,126670,P1,50,Q,2013-Q3,-6.3,,,,
ABS:LCI(1.0.0),3,126670,P1,50,Q,2013-Q4,-7.3,,,,
ABS:LCI(1.0.0),3,126670,P1,50,Q,2014-Q1,-4.5,,,,
ABS:LCI(1.0.0),3,126670,P1,50,Q,2014-Q2,-3.5,,,,
ABS:LCI(1.0.0),3,126670,P1,50,Q,2014-Q3,-0.5,,,,
ABS:LCI(1.0.0),3,126670,P1,50,Q,2014-Q4,2.3,,,,
ABS:LCI(1.0.0),3,126670,P1,50,Q,2015-Q1,1.5,,,,
ABS:LCI(1.0.0),3,126670,P1,50,Q,2015-Q2,-0.6,,,,
ABS:LCI(1.0.0),3,126670,P1,50,Q,2015-Q3,-2.2,,,,
ABS:LCI(1.0.0),3,126670,P1,50,Q,2015-Q4,-1.9,,,,
ABS:LCI(1.0.0),3,126670,P1,50,Q,2016-Q1,0.2,,,,
ABS:LCI(1.0.0),3,126670,P1,50,Q,2016-Q2,2.4,,,,
ABS:LCI(1.0.0),3,126670,P1,50,Q,2016-Q3,1.8,,,,
ABS:LCI(1.0.0),3,126670,P1,50,Q,2016-Q4,-0.8,,,,
ABS:LCI(1.0.0),3,126670,P1,50,Q,2017-Q1,-1.6,,,,
ABS:LCI(1.0.0),3,126670,P1,50,Q,2017-Q2,-1.7,,,,
ABS:LCI(1.0.0),3,126670,P1,50,Q,2017-Q3,1.7,,,,
ABS:LCI(1.0.0),3,126670,P1,50,Q,2017-Q4,3.9,,,,
ABS:LCI(1.0.0),3,126670,P1,50,Q,2018-Q1,3,,,,
ABS:LCI(1.0.0),3,126670,P1,50,Q,2018-Q2,3.4,,,,
ABS:LCI(1.0.0),3,126670,P1,50,Q,2018-Q3,2.2,,,,
ABS:LCI(1.0.0),3,126670,P1,50,Q,2018-Q4,2.4,,,,
ABS:LCI(1.0.0),3,126670,P1,50,Q,2019-Q1,2.1,,,,
ABS:LCI(1.0.0),3,126670,P1,50,Q,2019-Q2,1.6,,,,
ABS:LCI(1.0.0),3,126670,P1,50,Q,2019-Q3,-3.4,,,,
ABS:LCI(1.0.0),3,126670,P1,50,Q,2019-Q4,-7,,,,
ABS:LCI(1.0.0),3,126670,P1,50,Q,2020-Q1,-8.3,,,,
ABS:LCI(1.0.0),3,126670,P1,50,Q,2020-Q2,-10.5,,,,
ABS:LCI(1.0.0),3,126670,P1,50,Q,2020-Q3,-10,,,,
ABS:LCI(1.0.0),3,126670,P1,50,Q,2020-Q4,-8.6,,,,
ABS:LCI(1.0.0),3,126670,P1,50,Q,2021-Q1,-8.6,,,,
ABS:LCI(1.0.0),3,126670,P1,50,Q,2021-Q2,-7.1,,,,
ABS:LCI(1.0.0),3,126670,P1,50,Q,2021-Q3,-3.5,,,,
ABS:LCI(1.0.0),3,126670,P1,50,Q,2021-Q4,-3,,,,
ABS:LCI(1.0.0),3,126670,P1,50,Q,2022-Q1,-1.2,,,,
ABS:LCI(1.0.0),3,126670,P1,50,Q,2022-Q2,0.9,,,,
ABS:LCI(1.0.0),3,126670,P1,50,Q,2022-Q3,14.1,,,,
ABS:LCI(1.0.0),3,126670,P1,50,Q,2022-Q4,32.9,,,,
ABS:LCI(1.0.0),3,126670,P1,50,Q,2023-Q1,43,,,,
ABS:LCI(1.0.0),3,126670,P1,50,Q,2023-Q2,51.8,,,,
ABS:LCI(1.0.0),3,126670,P1,50,Q,2023-Q3,43.7,,,,
ABS:LCI(1.0.0),3,126670,P1,50,Q,2023-Q4,30.4,,,,
ABS:LCI(1.0.0),3,126670,P1,50,Q,2024-Q1,28,,,,
ABS:LCI(1.0.0),3,126670,P1,50,Q,2024-Q2,22.2,,,,
ABS:LCI(1.0.0),3,126670,P1,50,Q,2024-Q3,17.4,,,,
ABS:LCI(1.0.0),3,126670,P1,50,Q,2024-Q4,13.4,,,,
ABS:LCI(1.0.0),3,126670,P1,50,Q,2025-Q1,8.3,,,,
ABS:LCI(1.0.0),3,126670,P1,50,Q,2025-Q2,4.3,,,,
ABS:LCI(1.0.0),3,126670,P1,50,Q,2025-Q3,-0.9,,,,
ABS:LCI(1.0.0),3,126670,P1,50,Q,2025-Q4,-4.1,,,,
ABS:LCI(1.0.0),3,126670,P1,50,Q,2026-Q1,-3.6,,,,
ABS:LCI(1.0.0),3,126670,P1,50,Q,2026-Q2,3.4,,,,
ABS:LCI(1.0.0),3,131278,PBLCI,50,Q,2008-Q2,25.6,,,,
ABS:LCI(1.0.0),3,131278,PBLCI,50,Q,2008-Q3,22.8,,,,
ABS:LCI(1.0.0),3,131278,PBLCI,50,Q,2008-Q4,15.5,,,,
ABS:LCI(1.0.0),3,131278,PBLCI,50,Q,2009-Q1,-4.1,,,,
ABS:LCI(1.0.0),3,131278,PBLCI,50,Q,2009-Q2,-31.8,,,,
ABS:LCI(1.0.0),3,131278,PBLCI,50,Q,2009-Q3,-33.4,,,,
ABS:LCI(1.0.0),3,131278,PBLCI,50,Q,2009-Q4,-27.9,,,,
ABS:LCI(1.0.0),3,131278,PBLCI,50,Q,2010-Q1,-11.2,,,,
ABS:LCI(1.0.0),3,131278,PBLCI,50,Q,2010-Q2,25.5,,,,
ABS:LCI(1.0.0),3,131278,PBLCI,50,Q,2010-Q3,32.1,,,,
ABS:LCI(1.0.0),3,131278,PBLCI,50,Q,2010-Q4,30,,,,
ABS:LCI(1.0.0),3,131278,PBLCI,50,Q,2011-Q1,23.6,,,,
ABS:LCI(1.0.0),3,131278,PBLCI,50,Q,2011-Q2,14.5,,,,
ABS:LCI(1.0.0),3,131278,PBLCI,50,Q,2011-Q3,9.2,,,,
ABS:LCI(1.0.0),3,131278,PBLCI,50,Q,2011-Q4,6.8,,,,
ABS:LCI(1.0.0),3,131278,PBLCI,50,Q,2012-Q1,-2,,,,
ABS:LCI(1.0.0),3,131278,PBLCI,50,Q,2012-Q2,-3.7,,,,
ABS:LCI(1.0.0),3,131278,PBLCI,50,Q,2012-Q3,-10.2,,,,
ABS:LCI(1.0.0),3,131278,PBLCI,50,Q,2012-Q4,-12.2,,,,
ABS:LCI(1.0.0),3,131278,PBLCI,50,Q,2013-Q1,-12.2,,,,
ABS:LCI(1.0.0),3,131278,PBLCI,50,Q,2013-Q2,-12.6,,,,
ABS:LCI(1.0.0),3,131278,PBLCI,50,Q,2013-Q3,-10.2,,,,
ABS:LCI(1.0.0),3,131278,PBLCI,50,Q,2013-Q4,-11.3,,,,
ABS:LCI(1.0.0),3,131278,PBLCI,50,Q,2014-Q1,-6.6,,,,
ABS:LCI(1.0.0),3,131278,PBLCI,50,Q,2014-Q2,-4.9,,,,
ABS:LCI(1.0.0),3,131278,PBLCI,50,Q,2014-Q3,-0.8,,,,
ABS:LCI(1.0.0),3,131278,PBLCI,50,Q,2014-Q4,3.3,,,,
ABS:LCI(1.0.0),3,131278,PBLCI,50,Q,2015-Q1,2,,,,
ABS:LCI(1.0.0),3,131278,PBLCI,50,Q,2015-Q2,-1.8,,,,
ABS:LCI(1.0.0),3,131278,PBLCI,50,Q,2015-Q3,-4.4,,,,
ABS:LCI(1.0.0),3,131278,PBLCI,50,Q,2015-Q4,-4.2,,,,
ABS:LCI(1.0.0),3,131278,PBLCI,50,Q,2016-Q1,-1.4,,,,
ABS:LCI(1.0.0),3,131278,PBLCI,50,Q,2016-Q2,1.4,,,,
ABS:LCI(1.0.0),3,131278,PBLCI,50,Q,2016-Q3,-0.5,,,,
ABS:LCI(1.0.0),3,131278,PBLCI,50,Q,2016-Q4,-4.3,,,,
ABS:LCI(1.0.0),3,131278,PBLCI,50,Q,2017-Q1,-5.5,,,,
ABS:LCI(1.0.0),3,131278,PBLCI,50,Q,2017-Q2,-5.1,,,,
ABS:LCI(1.0.0),3,131278,PBLCI,50,Q,2017-Q3,0.9,,,,
ABS:LCI(1.0.0),3,131278,PBLCI,50,Q,2017-Q4,4.3,,,,
ABS:LCI(1.0.0),3,131278,PBLCI,50,Q,2018-Q1,3.1,,,,
ABS:LCI(1.0.0),3,131278,PBLCI,50,Q,2018-Q2,3.3,,,,
ABS:LCI(1.0.0),3,131278,PBLCI,50,Q,2018-Q3,1.6,,,,
ABS:LCI(1.0.0),3,131278,PBLCI,50,Q,2018-Q4,2.4,,,,
ABS:LCI(1.0.0),3,131278,PBLCI,50,Q,2019-Q1,2.3,,,,
ABS:LCI(1.0.0),3,131278,PBLCI,50,Q,2019-Q2,2,,,,
ABS:LCI(1.0.0),3,131278,PBLCI,50,Q,2019-Q3,-5.9,,,,
ABS:LCI(1.0.0),3,131278,PBLCI,50,Q,2019-Q4,-11.7,,,,
ABS:LCI(1.0.0),3,131278,PBLCI,50,Q,2020-Q1,-14.1,,,,
ABS:LCI(1.0.0),3,131278,PBLCI,50,Q,2020-Q2,-18.5,,,,
ABS:LCI(1.0.0),3,131278,PBLCI,50,Q,2020-Q3,-17.7,,,,
ABS:LCI(1.0.0),3,131278,PBLCI,50,Q,2020-Q4,-15.3,,,,
ABS:LCI(1.0.0),3,131278,PBLCI,50,Q,2021-Q1,-15.1,,,,
ABS:LCI(1.0.0),3,131278,PBLCI,50,Q,2021-Q2,-12.7,,,,
ABS:LCI(1.0.0),3,131278,PBLCI,50,Q,2021-Q3,-8.2,,,,
ABS:LCI(1.0.0),3,131278,PBLCI,50,Q,2021-Q4,-7.7,,,,
ABS:LCI(1.0.0),3,131278,PBLCI,50,Q,2022-Q1,-5.5,,,,
ABS:LCI(1.0.0),3,131278,PBLCI,50,Q,2022-Q2,-0.9,,,,
ABS:LCI(1.0.0),3,131278,PBLCI,50,Q,2022-Q3,25.3,,,,
ABS:LCI(1.0.0),3,131278,PBLCI,50,Q,2022-Q4,61.5,,,,
ABS:LCI(1.0.0),3,131278,PBLCI,50,Q,2023-Q1,79.4,,,,
ABS:LCI(1.0.0),3,131278,PBLCI,50,Q,2023-Q2,92.2,,,,
ABS:LCI(1.0.0),3,131278,PBLCI,50,Q,2023-Q3,69.2,,,,
ABS:LCI(1.0.0),3,131278,PBLCI,50,Q,2023-Q4,40.6,,,,
ABS:LCI(1.0.0),3,131278,PBLCI,50,Q,2024-Q1,35.6,,,,
ABS:LCI(1.0.0),3,131278,PBLCI,50,Q,2024-Q2,26.7,,,,
ABS:LCI(1.0.0),3,131278,PBLCI,50,Q,2024-Q3,19.1,,,,
ABS:LCI(1.0.0),3,131278,PBLCI,50,Q,2024-Q4,14.9,,,,
ABS:LCI(1.0.0),3,131278,PBLCI,50,Q,2025-Q1,8.9,,,,
ABS:LCI(1.0.0),3,131278,PBLCI,50,Q,2025-Q2,4.7,,,,
ABS:LCI(1.0.0),3,131278,PBLCI,50,Q,2025-Q3,-1.9,,,,
ABS:LCI(1.0.0),3,131278,PBLCI,50,Q,2025-Q4,-6.2,,,,
ABS:LCI(1.0.0),3,131278,PBLCI,50,Q,2026-Q1,-6.2,,,,
ABS:LCI(1.0.0),3,131278,PBLCI,50,Q,2026-Q2,2.9,,,,
ABS:LCI(1.0.0),4,20003,PBLCI,50,Q,2025-Q4,23.03,,,,
ABS:LCI(1.0.0),4,20003,PBLCI,50,Q,2026-Q1,24.26,,,,
ABS:LCI(1.0.0),4,20003,PBLCI,50,Q,2026-Q2,24.38,,,,
ABS:LCI(1.0.0),4,20004,P4,50,Q,2025-Q4,8.8,,,,
ABS:LCI(1.0.0),4,20004,P4,50,Q,2026-Q1,8.78,,,,
ABS:LCI(1.0.0),4,20004,P4,50,Q,2026-Q2,8.79,,,,
ABS:LCI(1.0.0),4,20005,P2,50,Q,2025-Q4,9.92,,,,
ABS:LCI(1.0.0),4,20005,P2,50,Q,2026-Q1,10.15,,,,
ABS:LCI(1.0.0),4,20005,P2,50,Q,2026-Q2,10.08,,,,
ABS:LCI(1.0.0),4,126670,P4,50,Q,2025-Q4,6.83,,,,
ABS:LCI(1.0.0),4,126670,P4,50,Q,2026-Q1,6.98,,,,
ABS:LCI(1.0.0),4,126670,P4,50,Q,2026-Q2,7.12,,,,
ABS:LCI(1.0.0),4,115528,P2,50,Q,2025-Q4,6.5,,,,
ABS:LCI(1.0.0),4,115528,P2,50,Q,2026-Q1,6.63,,,,
ABS:LCI(1.0.0),4,115528,P2,50,Q,2026-Q2,6.72,,,,
ABS:LCI(1.0.0),4,131279,P1,50,Q,2025-Q4,1.16,,,,
ABS:LCI(1.0.0),4,131279,P1,50,Q,2026-Q1,1.17,,,,
ABS:LCI(1.0.0),4,131279,P1,50,Q,2026-Q2,1.19,,,,
ABS:LCI(1.0.0),4,131278,P2,50,Q,2025-Q4,1.05,,,,
ABS:LCI(1.0.0),4,131278,P2,50,Q,2026-Q1,1.06,,,,
ABS:LCI(1.0.0),4,131278,P2,50,Q,2026-Q2,1.15,,,,
ABS:LCI(1.0.0),5,131279,P4,50,Q,2025-Q4,0,,,,
ABS:LCI(1.0.0),5,131279,P4,50,Q,2026-Q1,0.01,,,,
ABS:LCI(1.0.0),5,131279,P4,50,Q,2026-Q2,0,,,,
ABS:LCI(1.0.0),5,131278,P2,50,Q,2025-Q4,-0.03,,,,
ABS:LCI(1.0.0),5,131278,P2,50,Q,2026-Q1,0.01,,,,
ABS:LCI(1.0.0),5,131278,P2,50,Q,2026-Q2,0.09,,,,
ABS:LCI(1.0.0),1,20001,P4,50,Q,2007-Q2,63.3,,,,
ABS:LCI(1.0.0),1,20001,P4,50,Q,2007-Q3,64.74,,,,
ABS:LCI(1.0.0),1,20001,P4,50,Q,2007-Q4,64.2,,,,
ABS:LCI(1.0.0),1,20001,P4,50,Q,2008-Q1,65.5,,,,
ABS:LCI(1.0.0),1,20001,P4,50,Q,2008-Q2,65.24,,,,
ABS:LCI(1.0.0),1,20001,P4,50,Q,2008-Q3,66.21,,,,
ABS:LCI(1.0.0),1,20001,P4,50,Q,2008-Q4,67.68,,,,
ABS:LCI(1.0.0),1,20001,P4,50,Q,2009-Q1,69.29,,,,
ABS:LCI(1.0.0),1,20001,P4,50,Q,2009-Q2,68.41,,,,
ABS:LCI(1.0.0),1,20001,P4,50,Q,2009-Q3,67.69,,,,
ABS:LCI(1.0.0),1,20001,P4,50,Q,2009-Q4,68.98,,,,
ABS:LCI(1.0.0),1,20001,P4,50,Q,2010-Q1,69.65,,,,
ABS:LCI(1.0.0),1,20001,P4,50,Q,2010-Q2,69.23,,,,
ABS:LCI(1.0.0),1,20001,P4,50,Q,2010-Q3,68.88,,,,
ABS:LCI(1.0.0),1,20001,P4,50,Q,2010-Q4,70.69,,,,
ABS:LCI(1.0.0),1,20001,P4,50,Q,2011-Q1,73.11,,,,
ABS:LCI(1.0.0),1,20001,P4,50,Q,2011-Q2,74.59,,,,
ABS:LCI(1.0.0),1,20001,P4,50,Q,2011-Q3,74.31,,,,
ABS:LCI(1.0.0),1,20001,P4,50,Q,2011-Q4,72.89,,,,
ABS:LCI(1.0.0),1,20001,P4,50,Q,2012-Q1,70.79,,,,
ABS:LCI(1.0.0),1,20001,P4,50,Q,2012-Q2,71.25,,,,
ABS:LCI(1.0.0),1,20001,P4,50,Q,2012-Q3,72.75,,,,
ABS:LCI(1.0.0),1,20001,P4,50,Q,2012-Q4,72.55,,,,
ABS:LCI(1.0.0),1,20001,P4,50,Q,2013-Q1,71.81,,,,
ABS:LCI(1.0.0),1,20001,P4,50,Q,2013-Q2,71.86,,,,
ABS:LCI(1.0.0),1,20001,P4,50,Q,2013-Q3,71.98,,,,
ABS:LCI(1.0.0),1,20001,P4,50,Q,2013-Q4,73.24,,,,
ABS:LCI(1.0.0),1,20001,P4,50,Q,2014-Q1,73.42,,,,
ABS:LCI(1.0.0),1,20001,P4,50,Q,2014-Q2,73.77,,,,
ABS:LCI(1.0.0),1,20001,P4,50,Q,2014-Q3,74.85,,,,
ABS:LCI(1.0.0),1,20001,P4,50,Q,2014-Q4,74.82,,,,
ABS:LCI(1.0.0),1,20001,P4,50,Q,2015-Q1,74.93,,,,
ABS:LCI(1.0.0),1,20001,P4,50,Q,2015-Q2,74.78,,,,
ABS:LCI(1.0.0),1,20001,P4,50,Q,2015-Q3,74.86,,,,
ABS:LCI(1.0.0),1,20001,P4,50,Q,2015-Q4,75.06,,,,
ABS:LCI(1.0.0),1,20001,P4,50,Q,2016-Q1,74.78,,,,
ABS:LCI(1.0.0),1,20001,P4,50,Q,2016-Q2,74.65,,,,
ABS:LCI(1.0.0),1,20001,P4,50,Q,2016-Q3,76.28,,,,
ABS:LCI(1.0.0),1,20001,P4,50,Q,2016-Q4,76.76,,,,
ABS:LCI(1.0.0),1,20001,P4,50,Q,2017-Q1,76.5,,,,
ABS:LCI(1.0.0),1,20001,P4,50,Q,2017-Q2,76.27,,,,
ABS:LCI(1.0.0),1,20001,P4,50,Q,2017-Q3,75.49,,,,
ABS:LCI(1.0.0),1,20001,P4,50,Q,2017-Q4,76.44,,,,
ABS:LCI(1.0.0),1,20001,P4,50,Q,2018-Q1,76.71,,,,
ABS:LCI(1.0.0),1,20001,P4,50,Q,2018-Q2,76.34,,,,
ABS:LCI(1.0.0),1,20001,P4,50,Q,2018-Q3,76.75,,,,
ABS:LCI(1.0.0),1,20001,P4,50,Q,2018-Q4,77.55,,,,
ABS:LCI(1.0.0),1,20001,P4,50,Q,2019-Q1,78.62,,,,
ABS:LCI(1.0.0),1,20001,P4,50,Q,2019-Q2,78.24,,,,
ABS:LCI(1.0.0),1,20001,P4,50,Q,2019-Q3,78.54,,,,
ABS:LCI(1.0.0),1,20001,P4,50,Q,2019-Q4,79.64,,,,
ABS:LCI(1.0.0),1,20001,P4,50,Q,2020-Q1,81.29,,,,
ABS:LCI(1.0.0),1,20001,P4,50,Q,2020-Q2,81.7,,,,
ABS:LCI(1.0.0),1,20001,P4,50,Q,2020-Q3,81.37,,,,
ABS:LCI(1.0.0),1,20001,P4,50,Q,2020-Q4,81.51,,,,
ABS:LCI(1.0.0),1,20001,P4,50,Q,2021-Q1,81.76,,,,
ABS:LCI(1.0.0),1,20001,P4,50,Q,2021-Q2,82.29,,,,
ABS:LCI(1.0.0),1,20001,P4,50,Q,2021-Q3,82.41,,,,
ABS:LCI(1.0.0),1,20001,P4,50,Q,2021-Q4,82.93,,,,
ABS:LCI(1.0.0),1,20001,P4,50,Q,2022-Q1,85.33,,,,
ABS:LCI(1.0.0),1,20001,P4,50,Q,2022-Q2,87.13,,,,
ABS:LCI(1.0.0),1,20001,P4,50,Q,2022-Q3,89.99,,,,
ABS:LCI(1.0.0),1,20001,P4,50,Q,2022-Q4,90.67,,,,
ABS:LCI(1.0.0),1,20001,P4,50,Q,2023-Q1,92.09,,,,
ABS:LCI(1.0.0),1,20001,P4,50,Q,2023-Q2,93.42,,,,
ABS:LCI(1.0.0),1,20001,P4,50,Q,2023-Q3,93.93,,,,
ABS:LCI(1.0.0),1,20001,P4,50,Q,2023-Q4,94.3,,,,
ABS:LCI(1.0.0),1,20001,P4,50,Q,2024-Q1,95.02,,,,
ABS:LCI(1.0.0),1,20001,P4,50,Q,2024-Q2,96.27,,,,
ABS:LCI(1.0.0),1,20001,P4,50,Q,2024-Q3,96.98,,,,
ABS:LCI(1.0.0),1,20001,P4,50,Q,2024-Q4,97.14,,,,
ABS:LCI(1.0.0),1,20001,P4,50,Q,2025-Q1,98.28,,,,
ABS:LCI(1.0.0),1,20001,P4,50,Q,2025-Q2,99.25,,,,
ABS:LCI(1.0.0),1,20001,P4,50,Q,2025-Q3,100,,,,
ABS:LCI(1.0.0),1,20001,P4,50,Q,2025-Q4,100.5,,,,
ABS:LCI(1.0.0),1,20001,P4,50,Q,2026-Q1,101.49,,,,
ABS:LCI(1.0.0),1,20001,P4,50,Q,2026-Q2,102.51,,,,
ABS:LCI(1.0.0),1,20002,P4,50,Q,2007-Q2,98.44,,,,
ABS:LCI(1.0.0),1,20002,P4,50,Q,2007-Q3,98.98,,,,
ABS:LCI(1.0.0),1,20002,P4,50,Q,2007-Q4,99.28,,,,
ABS:LCI(1.0.0),1,20002,P4,50,Q,2008-Q1,97.12,,,,
ABS:LCI(1.0.0),1,20002,P4,50,Q,2008-Q2,99.87,,,,
ABS:LCI(1.0.0),1,20002,P4,50,Q,2008-Q3,99.33,,,,
ABS:LCI(1.0.0),1,20002,P4,50,Q,2008-Q4,99.63,,,,
ABS:LCI(1.0.0),1,20002,P4,50,Q,2009-Q1,99.32,,,,
ABS:LCI(1.0.0),1,20002,P4,50,Q,2009-Q2,101.44,,,,
ABS:LCI(1.0.0),1,20002,P4,50,Q,2009-Q3,101.97,,,,
ABS:LCI(1.0.0),1,20002,P4,50,Q,2009-Q4,102.04,,,,
ABS:LCI(1.0.0),1,20002,P4,50,Q,2010-Q1,98.24,,,,
ABS:LCI(1.0.0),1,20002,P4,50,Q,2010-Q2,97.99,,,,
ABS:LCI(1.0.0),1,20002,P4,50,Q,2010-Q3,99.32,,,,
ABS:LCI(1.0.0),1,20002,P4,50,Q,2010-Q4,97.59,,,,
ABS:LCI(1.0.0),1,20002,P4,50,Q,2011-Q1,97.03,,,,
ABS:LCI(1.0.0),1,20002,P4,50,Q,2011-Q2,99.18,,,,
ABS:LCI(1.0.0),1,20002,P4,50,Q,2011-Q3,100.6,,,,
ABS:LCI(1.0.0),1,20002,P4,50,Q,2011-Q4,100.22,,,,
ABS:LCI(1.0.0),1,20002,P4,50,Q,2012-Q1,98.57,,,,
ABS:LCI(1.0.0),1,20002,P4,50,Q,2012-Q2,100,,,,
ABS:LCI(1.0.0),1,20002,P4,50,Q,2012-Q3,100.24,,,,
ABS:LCI(1.0.0),1,20002,P4,50,Q,2012-Q4,100.67,,,,
ABS:LCI(1.0.0),1,20002,P4,50,Q,2013-Q1,97.13,,,,
ABS:LCI(1.0.0),1,20002,P4,50,Q,2013-Q2,99.58,,,,
ABS:LCI(1.0.0),1,20002,P4,50,Q,2013-Q3,100.62,,,,
ABS:LCI(1.0.0),1,20002,P4,50,Q,2013-Q4,99.56,,,,
ABS:LCI(1.0.0),1,20002,P4,50,Q,2014-Q1,97.58,,,,
ABS:LCI(1.0.0),1,20002,P4,50,Q,2014-Q2,98.85,,,,
ABS:LCI(1.0.0),1,20002,P4,50,Q,2014-Q3,97.87,,,,
ABS:LCI(1.0.0),1,20002,P4,50,Q,2014-Q4,98.1,,,,
ABS:LCI(1.0.0),1,20002,P4,50,Q,2015-Q1,96.53,,,,
ABS:LCI(1.0.0),1,20002,P4,50,Q,2015-Q2,97.82,,,,
ABS:LCI(1.0.0),1,20002,P4,50,Q,2015-Q3,96.91,,,,
ABS:LCI(1.0.0),1,20002,P4,50,Q,2015-Q4,98.04,,,,
ABS:LCI(1.0.0),1,20002,P4,50,Q,2016-Q1,95.68,,,,
ABS:LCI(1.0.0),1,20002,P4,50,Q,2016-Q2,97.61,,,,
ABS:LCI(1.0.0),1,20002,P4,50,Q,2016-Q3,97.41,,,,
ABS:LCI(1.0.0),1,20002,P4,50,Q,2016-Q4,97.37,,,,
ABS:LCI(1.0.0),1,20002,P4,50,Q,2017-Q1,95.74,,,,
ABS:LCI(1.0.0),1,20002,P4,50,Q,2017-Q2,95.35,,,,
ABS:LCI(1.0.0),1,20002,P4,50,Q,2017-Q3,94.49,,,,
ABS:LCI(1.0.0),1,20002,P4,50,Q,2017-Q4,93.95,,,,
ABS:LCI(1.0.0),1,20002,P4,50,Q,2018-Q1,92.24,,,,
ABS:LCI(1.0.0),1,20002,P4,50,Q,2018-Q2,93.5,,,,
ABS:LCI(1.0.0),1,20002,P4,50,Q,2018-Q3,93.52,,,,
ABS:LCI(1.0.0),1,20002,P4,50,Q,2018-Q4,93.14,,,,
ABS:LCI(1.0.0),1,20002,P4,50,Q,2019-Q1,91.8,,,,
ABS:LCI(1.0.0),1,20002,P4,50,Q,2019-Q2,93.63,,,,
ABS:LCI(1.0.0),1,20002,P4,50,Q,2019-Q3,94.96,,,,
ABS:LCI(1.0.0),1,20002,P4,50,Q,2019-Q4,94.29,,,,
ABS:LCI(1.0.0),1,20002,P4,50,Q,2020-Q1,93.45,,,,
ABS:LCI(1.0.0),1,20002,P4,50,Q,2020-Q2,93.97,,,,
ABS:LCI(1.0.0),1,20002,P4,50,Q,2020-Q3,94.6,,,,
ABS:LCI(1.0.0),1,20002,P4,50,Q,2020-Q4,92.95,,,,
ABS:LCI(1.0.0),1,20002,P4,50,Q,2021-Q1,93.24,,,,
ABS:LCI(1.0.0),1,20002,P4,50,Q,2021-Q2,93.79,,,,
ABS:LCI(1.0.0),1,20002,P4,50,Q,2021-Q3,90.21,,,,
ABS:LCI(1.0.0),1,20002,P4,50,Q,2021-Q4,92.57,,,,
ABS:LCI(1.0.0),1,20002,P4,50,Q,2022-Q1,91.87,,,,
ABS:LCI(1.0.0),1,20002,P4,50,Q,2022-Q2,95.57,,,,
ABS:LCI(1.0.0),1,20002,P4,50,Q,2022-Q3,95.35,,,,
ABS:LCI(1.0.0),1,20002,P4,50,Q,2022-Q4,97.71,,,,
ABS:LCI(1.0.0),1,20002,P4,50,Q,2023-Q1,94.93,,,,
ABS:LCI(1.0.0),1,20002,P4,50,Q,2023-Q2,95.18,,,,
ABS:LCI(1.0.0),1,20002,P4,50,Q,2023-Q3,95.57,,,,
ABS:LCI(1.0.0),1,20002,P4,50,Q,2023-Q4,96.28,,,,
ABS:LCI(1.0.0),1,20002,P4,50,Q,2024-Q1,95.39,,,,
ABS:LCI(1.0.0),1,20002,P4,50,Q,2024-Q2,98.17,,,,
ABS:LCI(1.0.0),1,20002,P4,50,Q,2024-Q3,97.43,,,,
ABS:LCI(1.0.0),1,20002,P4,50,Q,2024-Q4,97.69,,,,
ABS:LCI(1.0.0),1,20002,P4,50,Q,2025-Q1,96.94,,,,
ABS:LCI(1.0.0),1,20002,P4,50,Q,2025-Q2,99.64,,,,
ABS:LCI(1.0.0),1,20002,P4,50,Q,2025-Q3,100,,,,
ABS:LCI(1.0.0),1,20002,P4,50,Q,2025-Q4,99.65,,,,
ABS:LCI(1.0.0),1,20002,P4,50,Q,2026-Q1,102.02,,,,
ABS:LCI(1.0.0),1,20002,P4,50,Q,2026-Q2,103.4,,,,
ABS:LCI(1.0.0),1,20004,P3,50,Q,2007-Q2,78.64,,,,
ABS:LCI(1.0.0),1,20004,P3,50,Q,2007-Q3,77.73,,,,
ABS:LCI(1.0.0),1,20004,P3,50,Q,2007-Q4,78.39,,,,
ABS:LCI(1.0.0),1,20004,P3,50,Q,2008-Q1,77.83,,,,
ABS:LCI(1.0.0),1,20004,P3,50,Q,2008-Q2,79.1,,,,
ABS:LCI(1.0.0),1,20004,P3,50,Q,2008-Q3,78.92,,,,
ABS:LCI(1.0.0),1,20004,P3,50,Q,2008-Q4,79.24,,,,
ABS:LCI(1.0.0),1,20004,P3,50,Q,2009-Q1,79.88,,,,
ABS:LCI(1.0.0),1,20004,P3,50,Q,2009-Q2,81.71,,,,
ABS:LCI(1.0.0),1,20004,P3,50,Q,2009-Q3,82.22,,,,
ABS:LCI(1.0.0),1,20004,P3,50,Q,2009-Q4,82.15,,,,
ABS:LCI(1.0.0),1,20004,P3,50,Q,2010-Q1,81.05,,,,
ABS:LCI(1.0.0),1,20004,P3,50,Q,2010-Q2,81.77,,,,
ABS:LCI(1.0.0),1,20004,P3,50,Q,2010-Q3,82.39,,,,
ABS:LCI(1.0.0),1,20004,P3,50,Q,2010-Q4,81.84,,,,
ABS:LCI(1.0.0),1,20004,P3,50,Q,2011-Q1,80.59,,,,
ABS:LCI(1.0.0),1,20004,P3,50,Q,2011-Q2,81.6,,,,
ABS:LCI(1.0.0),1,20004,P3,50,Q,2011-Q3,81.88,,,,
ABS:LCI(1.0.0),1,20004,P3,50,Q,2011-Q4,81.7,,,,
ABS:LCI(1.0.0),1,20004,P3,50,Q,2012-Q1,81.05,,,,
ABS:LCI(1.0.0),1,20004,P3,50,Q,2012-Q2,82.13,,,,
ABS:LCI(1.0.0),1,20004,P3,50,Q,2012-Q3,82.83,,,,
ABS:LCI(1.0.0),1,20004,P3,50,Q,2012-Q4,82.29,,,,
ABS:LCI(1.0.0),1,20004,P3,50,Q,2013-Q1,81.5,,,,
ABS:LCI(1.0.0),1,20004,P3,50,Q,2013-Q2,82.03,,,,
ABS:LCI(1.0.0),1,20004,P3,50,Q,2013-Q3,82.86,,,,
ABS:LCI(1.0.0),1,20004,P3,50,Q,2013-Q4,83.01,,,,
ABS:LCI(1.0.0),1,20004,P3,50,Q,2014-Q1,81.91,,,,
ABS:LCI(1.0.0),1,20004,P3,50,Q,2014-Q2,82.76,,,,
ABS:LCI(1.0.0),1,20004,P3,50,Q,2014-Q3,83.02,,,,
ABS:LCI(1.0.0),1,20004,P3,50,Q,2014-Q4,83.42,,,,
ABS:LCI(1.0.0),1,20004,P3,50,Q,2015-Q1,83.03,,,,
ABS:LCI(1.0.0),1,20004,P3,50,Q,2015-Q2,83.79,,,,
ABS:LCI(1.0.0),1,20004,P3,50,Q,2015-Q3,84.29,,,,
ABS:LCI(1.0.0),1,20004,P3,50,Q,2015-Q4,84.68,,,,
ABS:LCI(1.0.0),1,20004,P3,50,Q,2016-Q1,84.34,,,,
ABS:LCI(1.0.0),1,20004,P3,50,Q,2016-Q2,84.86,,,,
ABS:LCI(1.0.0),1,20004,P3,50,Q,2016-Q3,85.62,,,,
ABS:LCI(1.0.0),1,20004,P3,50,Q,2016-Q4,84.85,,,,
ABS:LCI(1.0.0),1,20004,P3,50,Q,2017-Q1,84.09,,,,
ABS:LCI(1.0.0),1,20004,P3,50,Q,2017-Q2,84.65,,,,
ABS:LCI(1.0.0),1,20004,P3,50,Q,2017-Q3,84.78,,,,
ABS:LCI(1.0.0),1,20004,P3,50,Q,2017-Q4,84.12,,,,
ABS:LCI(1.0.0),1,20004,P3,50,Q,2018-Q1,83.87,,,,
ABS:LCI(1.0.0),1,20004,P3,50,Q,2018-Q2,84.05,,,,
ABS:LCI(1.0.0),1,20004,P3,50,Q,2018-Q3,82.97,,,,
ABS:LCI(1.0.0),1,20004,P3,50,Q,2018-Q4,83.35,,,,
ABS:LCI(1.0.0),1,20004,P3,50,Q,2019-Q1,83.06,,,,
ABS:LCI(1.0.0),1,20004,P3,50,Q,2019-Q2,83.61,,,,
ABS:LCI(1.0.0),1,20004,P3,50,Q,2019-Q3,84.4,,,,
ABS:LCI(1.0.0),1,20004,P3,50,Q,2019-Q4,84.19,,,,
ABS:LCI(1.0.0),1,20004,P3,50,Q,2020-Q1,84.98,,,,
ABS:LCI(1.0.0),1,20004,P3,50,Q,2020-Q2,77.06,,,,
ABS:LCI(1.0.0),1,20004,P3,50,Q,2020-Q3,84.27,,,,
ABS:LCI(1.0.0),1,20004,P3,50,Q,2020-Q4,87.21,,,,
ABS:LCI(1.0.0),1,20004,P3,50,Q,2021-Q1,86.96,,,,
ABS:LCI(1.0.0),1,20004,P3,50,Q,2021-Q2,87.76,,,,
ABS:LCI(1.0.0),1,20004,P3,50,Q,2021-Q3,89.03,,,,
ABS:LCI(1.0.0),1,20004,P3,50,Q,2021-Q4,90.02,,,,
ABS:LCI(1.0.0),1,20004,P3,50,Q,2022-Q1,91.38,,,,
ABS:LCI(1.0.0),1,20004,P3,50,Q,2022-Q2,93.65,,,,
ABS:LCI(1.0.0),1,20004,P3,50,Q,2022-Q3,96.24,,,,
ABS:LCI(1.0.0),1,20004,P3,50,Q,2022-Q4,97.95,,,,
ABS:LCI(1.0.0),1,20004,P3,50,Q,2023-Q1,97.73,,,,
ABS:LCI(1.0.0),1,20004,P3,50,Q,2023-Q2,99.5,,,,
ABS:LCI(1.0.0),1,20004,P3,50,Q,2023-Q3,98.61,,,,
ABS:LCI(1.0.0),1,20004,P3,50,Q,2023-Q4,97.83,,,,
ABS:LCI(1.0.0),1,20004,P3,50,Q,2024-Q1,97.71,,,,
ABS:LCI(1.0.0),1,20004,P3,50,Q,2024-Q2,98.44,,,,
ABS:LCI(1.0.0),1,20004,P3,50,Q,2024-Q3,99.21,,,,
ABS:LCI(1.0.0),1,20004,P3,50,Q,2024-Q4,98.91,,,,
ABS:LCI(1.0.0),1,20004,P3,50,Q,2025-Q1,98.24,,,,
ABS:LCI(1.0.0),1,20004,P3,50,Q,2025-Q2,99.15,,,,
ABS:LCI(1.0.0),1,20004,P3,50,Q,2025-Q3,100,,,,
ABS:LCI(1.0.0),1,20004,P3,50,Q,2025-Q4,99.94,,,,
ABS:LCI(1.0.0),1,20004,P3,50,Q,2026-Q1,99.72,,,,
ABS:LCI(1.0.0),1,20004,P3,50,Q,2026-Q2,99.89,,,,
ABS:LCI(1.0.0),1,115486,P4,50,Q,2007-Q2,47.6,,,,
ABS:LCI(1.0.0),1,115486,P4,50,Q,2007-Q3,47.3,,,,
ABS:LCI(1.0.0),1,115486,P4,50,Q,2007-Q4,46.84,,,,
ABS:LCI(1.0.0),1,115486,P4,50,Q,2008-Q1,48.6,,,,
ABS:LCI(1.0.0),1,115486,P4,50,Q,2008-Q2,49.94,,,,
ABS:LCI(1.0.0),1,115486,P4,50,Q,2008-Q3,49.8,,,,
ABS:LCI(1.0.0),1,115486,P4,50,Q,2008-Q4,49.24,,,,
ABS:LCI(1.0.0),1,115486,P4,50,Q,2009-Q1,51.27,,,,
ABS:LCI(1.0.0),1,115486,P4,50,Q,2009-Q2,52.58,,,,
ABS:LCI(1.0.0),1,115486,P4,50,Q,2009-Q3,52.06,,,,
ABS:LCI(1.0.0),1,115486,P4,50,Q,2009-Q4,51.57,,,,
ABS:LCI(1.0.0),1,115486,P4,50,Q,2010-Q1,53.87,,,,
ABS:LCI(1.0.0),1,115486,P4,50,Q,2010-Q2,55.23,,,,
ABS:LCI(1.0.0),1,115486,P4,50,Q,2010-Q3,54.79,,,,
ABS:LCI(1.0.0),1,115486,P4,50,Q,2010-Q4,54.17,,,,
ABS:LCI(1.0.0),1,115486,P4,50,Q,2011-Q1,56.2,,,,
ABS:LCI(1.0.0),1,115486,P4,50,Q,2011-Q2,57.55,,,,
ABS:LCI(1.0.0),1,115486,P4,50,Q,2011-Q3,56.99,,,,
ABS:LCI(1.0.0),1,115486,P4,50,Q,2011-Q4,56.27,,,,
ABS:LCI(1.0.0),1,115486,P4,50,Q,2012-Q1,58.72,,,,
ABS:LCI(1.0.0),1,115486,P4,50,Q,2012-Q2,59.66,,,,
ABS:LCI(1.0.0),1,115486,P4,50,Q,2012-Q3,61.26,,,,
ABS:LCI(1.0.0),1,115486,P4,50,Q,2012-Q4,60.66,,,,
ABS:LCI(1.0.0),1,115486,P4,50,Q,2013-Q1,62.54,,,,
ABS:LCI(1.0.0),1,115486,P4,50,Q,2013-Q2,63.8,,,,
ABS:LCI(1.0.0),1,115486,P4,50,Q,2013-Q3,63.66,,,,
ABS:LCI(1.0.0),1,115486,P4,50,Q,2013-Q4,63.29,,,,
ABS:LCI(1.0.0),1,115486,P4,50,Q,2014-Q1,65.01,,,,
ABS:LCI(1.0.0),1,115486,P4,50,Q,2014-Q2,66.97,,,,
ABS:LCI(1.0.0),1,115486,P4,50,Q,2014-Q3,66.74,,,,
ABS:LCI(1.0.0),1,115486,P4,50,Q,2014-Q4,66.08,,,,
ABS:LCI(1.0.0),1,115486,P4,50,Q,2015-Q1,67.91,,,,
ABS:LCI(1.0.0),1,115486,P4,50,Q,2015-Q2,69.96,,,,
ABS:LCI(1.0.0),1,115486,P4,50,Q,2015-Q3,69.9,,,,
ABS:LCI(1.0.0),1,115486,P4,50,Q,2015-Q4,69.54,,,,
ABS:LCI(1.0.0),1,115486,P4,50,Q,2016-Q1,71.06,,,,
ABS:LCI(1.0.0),1,115486,P4,50,Q,2016-Q2,73.14,,,,
ABS:LCI(1.0.0),1,115486,P4,50,Q,2016-Q3,72.83,,,,
ABS:LCI(1.0.0),1,115486,P4,50,Q,2016-Q4,72.29,,,,
ABS:LCI(1.0.0),1,115486,P4,50,Q,2017-Q1,73.89,,,,
ABS:LCI(1.0.0),1,115486,P4,50,Q,2017-Q2,76.07,,,,
ABS:LCI(1.0.0),1,115486,P4,50,Q,2017-Q3,75.85,,,,
ABS:LCI(1.0.0),1,115486,P4,50,Q,2017-Q4,75.36,,,,
ABS:LCI(1.0.0),1,115486,P4,50,Q,2018-Q1,77.22,,,,
ABS:LCI(1.0.0),1,115486,P4,50,Q,2018-Q2,78.7,,,,
ABS:LCI(1.0.0),1,115486,P4,50,Q,2018-Q3,78.29,,,,
ABS:LCI(1.0.0),1,115486,P4,50,Q,2018-Q4,77.95,,,,
ABS:LCI(1.0.0),1,115486,P4,50,Q,2019-Q1,79.63,,,,
ABS:LCI(1.0.0),1,115486,P4,50,Q,2019-Q2,81.07,,,,
ABS:LCI(1.0.0),1,115486,P4,50,Q,2019-Q3,80.81,,,,
ABS:LCI(1.0.0),1,115486,P4,50,Q,2019-Q4,80.47,,,,
ABS:LCI(1.0.0),1,115486,P4,50,Q,2020-Q1,82.05,,,,
ABS:LCI(1.0.0),1,115486,P4,50,Q,2020-Q2,81.7,,,,
ABS:LCI(1.0.0),1,115486,P4,50,Q,2020-Q3,81.37,,,,
ABS:LCI(1.0.0),1,115486,P4,50,Q,2020-Q4,82.37,,,,
ABS:LCI(1.0.0),1,115486,P4,50,Q,2021-Q1,84.35,,,,
ABS:LCI(1.0.0),1,115486,P4,50,Q,2021-Q2,85.61,,,,
ABS:LCI(1.0.0),1,115486,P4,50,Q,2021-Q3,85.52,,,,
ABS:LCI(1.0.0),1,115486,P4,50,Q,2021-Q4,85.15,,,,
ABS:LCI(1.0.0),1,115486,P4,50,Q,2022-Q1,87.35,,,,
ABS:LCI(1.0.0),1,115486,P4,50,Q,2022-Q2,87.62,,,,
ABS:LCI(1.0.0),1,115486,P4,50,Q,2022-Q3,87.57,,,,
ABS:LCI(1.0.0),1,115486,P4,50,Q,2022-Q4,88.26,,,,
ABS:LCI(1.0.0),1,115486,P4,50,Q,2023-Q1,92.11,,,,
ABS:LCI(1.0.0),1,115486,P4,50,Q,2023-Q2,91.85,,,,
ABS:LCI(1.0.0),1,115486,P4,50,Q,2023-Q3,91.83,,,,
ABS:LCI(1.0.0),1,115486,P4,50,Q,2023-Q4,92.31,,,,
ABS:LCI(1.0.0),1,115486,P4,50,Q,2024-Q1,95.27,,,,
ABS:LCI(1.0.0),1,115486,P4,50,Q,2024-Q2,96.8,,,,
ABS:LCI(1.0.0),1,115486,P4,50,Q,2024-Q3,96.52,,,,
ABS:LCI(1.0.0),1,115486,P4,50,Q,2024-Q4,96.23,,,,
ABS:LCI(1.0.0),1,115486,P4,50,Q,2025-Q1,99.38,,,,
ABS:LCI(1.0.0),1,115486,P4,50,Q,2025-Q2,100.21,,,,
ABS:LCI(1.0.0),1,115486,P4,50,Q,2025-Q3,100,,,,
ABS:LCI(1.0.0),1,115486,P4,50,Q,2025-Q4,99.43,,,,
ABS:LCI(1.0.0),1,115486,P4,50,Q,2026-Q1,102.13,,,,
ABS:LCI(1.0.0),1,115486,P4,50,Q,2026-Q2,104.19,,,,
ABS:LCI(1.0.0),1,126670,PBLCI,50,Q,2007-Q2,49.18,,,,
ABS:LCI(1.0.0),1,126670,PBLCI,50,Q,2007-Q3,50.36,,,,
ABS:LCI(1.0.0),1,126670,PBLCI,50,Q,2007-Q4,51.34,,,,
ABS:LCI(1.0.0),1,126670,PBLCI,50,Q,2008-Q1,53.31,,,,
ABS:LCI(1.0.0),1,126670,PBLCI,50,Q,2008-Q2,55.62,,,,
ABS:LCI(1.0.0),1,126670,PBLCI,50,Q,2008-Q3,57.29,,,,
ABS:LCI(1.0.0),1,126670,PBLCI,50,Q,2008-Q4,57.49,,,,
ABS:LCI(1.0.0),1,126670,PBLCI,50,Q,2009-Q1,56.26,,,,
ABS:LCI(1.0.0),1,126670,PBLCI,50,Q,2009-Q2,52.69,,,,
ABS:LCI(1.0.0),1,126670,PBLCI,50,Q,2009-Q3,53.65,,,,
ABS:LCI(1.0.0),1,126670,PBLCI,50,Q,2009-Q4,54.66,,,,
ABS:LCI(1.0.0),1,126670,PBLCI,50,Q,2010-Q1,56.94,,,,
ABS:LCI(1.0.0),1,126670,PBLCI,50,Q,2010-Q2,58.6,,,,
ABS:LCI(1.0.0),1,126670,PBLCI,50,Q,2010-Q3,60.42,,,,
ABS:LCI(1.0.0),1,126670,PBLCI,50,Q,2010-Q4,61.24,,,,
ABS:LCI(1.0.0),1,126670,PBLCI,50,Q,2011-Q1,62.68,,,,
ABS:LCI(1.0.0),1,126670,PBLCI,50,Q,2011-Q2,63.5,,,,
ABS:LCI(1.0.0),1,126670,PBLCI,50,Q,2011-Q3,63.88,,,,
ABS:LCI(1.0.0),1,126670,PBLCI,50,Q,2011-Q4,64.27,,,,
ABS:LCI(1.0.0),1,126670,PBLCI,50,Q,2012-Q1,63.24,,,,
ABS:LCI(1.0.0),1,126670,PBLCI,50,Q,2012-Q2,63.34,,,,
ABS:LCI(1.0.0),1,126670,PBLCI,50,Q,2012-Q3,62.22,,,,
ABS:LCI(1.0.0),1,126670,PBLCI,50,Q,2012-Q4,62.29,,,,
ABS:LCI(1.0.0),1,126670,PBLCI,50,Q,2013-Q1,62.07,,,,
ABS:LCI(1.0.0),1,126670,PBLCI,50,Q,2013-Q2,61.66,,,,
ABS:LCI(1.0.0),1,126670,PBLCI,50,Q,2013-Q3,60.67,,,,
ABS:LCI(1.0.0),1,126670,PBLCI,50,Q,2013-Q4,59.99,,,,
ABS:LCI(1.0.0),1,126670,PBLCI,50,Q,2014-Q1,60.35,,,,
ABS:LCI(1.0.0),1,126670,PBLCI,50,Q,2014-Q2,60.23,,,,
ABS:LCI(1.0.0),1,126670,PBLCI,50,Q,2014-Q3,60.57,,,,
ABS:LCI(1.0.0),1,126670,PBLCI,50,Q,2014-Q4,61.06,,,,
ABS:LCI(1.0.0),1,126670,PBLCI,50,Q,2015-Q1,61.12,,,,
ABS:LCI(1.0.0),1,126670,PBLCI,50,Q,2015-Q2,60.35,,,,
ABS:LCI(1.0.0),1,126670,PBLCI,50,Q,2015-Q3,60.3,,,,
ABS:LCI(1.0.0),1,126670,PBLCI,50,Q,2015-Q4,61,,,,
ABS:LCI(1.0.0),1,126670,PBLCI,50,Q,2016-Q1,62.09,,,,
ABS:LCI(1.0.0),1,126670,PBLCI,50,Q,2016-Q2,62.41,,,,
ABS:LCI(1.0.0),1,126670,PBLCI,50,Q,2016-Q3,62.65,,,,
ABS:LCI(1.0.0),1,126670,PBLCI,50,Q,2016-Q4,62.44,,,,
ABS:LCI(1.0.0),1,126670,PBLCI,50,Q,2017-Q1,63.22,,,,
ABS:LCI(1.0.0),1,126670,PBLCI,50,Q,2017-Q2,63.08,,,,
ABS:LCI(1.0.0),1,126670,PBLCI,50,Q,2017-Q3,63.99,,,,
ABS:LCI(1.0.0),1,126670,PBLCI,50,Q,2017-Q4,64.73,,,,
ABS:LCI(1.0.0),1,126670,PBLCI,50,Q,2018-Q1,65.1,,,,
ABS:LCI(1.0.0),1,126670,PBLCI,50,Q,2018-Q2,65.49,,,,
ABS:LCI(1.0.0),1,126670,PBLCI,50,Q,2018-Q3,65.95,,,,
ABS:LCI(1.0.0),1,126670,PBLCI,50,Q,2018-Q4,66.44,,,,
ABS:LCI(1.0.0),1,126670,PBLCI,50,Q,2019-Q1,66.34,,,,
ABS:LCI(1.0.0),1,126670,PBLCI,50,Q,2019-Q2,66.38,,,,
ABS:LCI(1.0.0),1,126670,PBLCI,50,Q,2019-Q3,65.35,,,,
ABS:LCI(1.0.0),1,126670,PBLCI,50,Q,2019-Q4,64.82,,,,
ABS:LCI(1.0.0),1,126670,PBLCI,50,Q,2020-Q1,64.81,,,,
ABS:LCI(1.0.0),1,126670,PBLCI,50,Q,2020-Q2,64.55,,,,
ABS:LCI(1.0.0),1,126670,PBLCI,50,Q,2020-Q3,63.67,,,,
ABS:LCI(1.0.0),1,126670,PBLCI,50,Q,2020-Q4,63.56,,,,
ABS:LCI(1.0.0),1,126670,PBLCI,50,Q,2021-Q1,63.2,,,,
ABS:LCI(1.0.0),1,126670,PBLCI,50,Q,2021-Q2,63.56,,,,
ABS:LCI(1.0.0),1,126670,PBLCI,50,Q,2021-Q3,64.04,,,,
ABS:LCI(1.0.0),1,126670,PBLCI,50,Q,2021-Q4,64.25,,,,
ABS:LCI(1.0.0),1,126670,PBLCI,50,Q,2022-Q1,64.79,,,,
ABS:LCI(1.0.0),1,126670,PBLCI,50,Q,2022-Q2,65.22,,,,
ABS:LCI(1.0.0),1,126670,PBLCI,50,Q,2022-Q3,68.8,,,,
ABS:LCI(1.0.0),1,126670,PBLCI,50,Q,2022-Q4,73.36,,,,
ABS:LCI(1.0.0),1,126670,PBLCI,50,Q,2023-Q1,77.36,,,,
ABS:LCI(1.0.0),1,126670,PBLCI,50,Q,2023-Q2,81.94,,,,
ABS:LCI(1.0.0),1,126670,PBLCI,50,Q,2023-Q3,85.61,,,,
ABS:LCI(1.0.0),1,126670,PBLCI,50,Q,2023-Q4,89.48,,,,
ABS:LCI(1.0.0),1,126670,PBLCI,50,Q,2024-Q1,93.83,,,,
ABS:LCI(1.0.0),1,126670,PBLCI,50,Q,2024-Q2,96.56,,,,
ABS:LCI(1.0.0),1,126670,PBLCI,50,Q,2024-Q3,99.2,,,,
ABS:LCI(1.0.0),1,126670,PBLCI,50,Q,2024-Q4,100.3,,,,
ABS:LCI(1.0.0),1,126670,PBLCI,50,Q,2025-Q1,101.17,,,,
ABS:LCI(1.0.0),1,126670,PBLCI,50,Q,2025-Q2,100.44,,,,
ABS:LCI(1.0.0),1,126670,PBLCI,50,Q,2025-Q3,100,,,,
ABS:LCI(1.0.0),1,126670,PBLCI,50,Q,2025-Q4,99.57,,,,
ABS:LCI(1.0.0),1,126670,PBLCI,50,Q,2026-Q1,101.48,,,,
ABS:LCI(1.0.0),1,126670,PBLCI,50,Q,2026-Q2,105.12,,,,
ABS:LCI(1.0.0),1,115528,P2,50,Q,2003-Q1,35.62,,,,
ABS:LCI(1.0.0),1,115528,P2,50,Q,2003-Q2,35.69,,,,
ABS:LCI(1.0.0),1,115528,P2,50,Q,2003-Q3,35.88,,,,
ABS:LCI(1.0.0),1,115528,P2,50,Q,2003-Q4,36.01,,,,
ABS:LCI(1.0.0),1,115528,P2,50,Q,2004-Q1,36.39,,,,
ABS:LCI(1.0.0),1,115528,P2,50,Q,2004-Q2,36.37,,,,
ABS:LCI(1.0.0),1,115528,P2,50,Q,2004-Q3,36.77,,,,
ABS:LCI(1.0.0),1,115528,P2,50,Q,2004-Q4,36.91,,,,
ABS:LCI(1.0.0),1,115528,P2,50,Q,2005-Q1,37.21,,,,
ABS:LCI(1.0.0),1,115528,P2,50,Q,2005-Q2,37.62,,,,
ABS:LCI(1.0.0),1,115528,P2,50,Q,2005-Q3,37.86,,,,
ABS:LCI(1.0.0),1,115528,P2,50,Q,2005-Q4,38.26,,,,
ABS:LCI(1.0.0),1,115528,P2,50,Q,2006-Q1,38.54,,,,
ABS:LCI(1.0.0),1,115528,P2,50,Q,2006-Q2,38.7,,,,
ABS:LCI(1.0.0),1,115528,P2,50,Q,2006-Q3,39.8,,,,
ABS:LCI(1.0.0),1,115528,P2,50,Q,2006-Q4,39.69,,,,
ABS:LCI(1.0.0),1,115528,P2,50,Q,2007-Q1,39.58,,,,
ABS:LCI(1.0.0),1,115528,P2,50,Q,2007-Q2,39.64,,,,
ABS:LCI(1.0.0),1,115528,P2,50,Q,2007-Q3,40.09,,,,
ABS:LCI(1.0.0),1,115528,P2,50,Q,2007-Q4,40.84,,,,
ABS:LCI(1.0.0),1,115528,P2,50,Q,2008-Q1,41.72,,,,
ABS:LCI(1.0.0),1,115528,P2,50,Q,2008-Q2,42.81,,,,
ABS:LCI(1.0.0),1,115528,P2,50,Q,2008-Q3,44.17,,,,
ABS:LCI(1.0.0),1,115528,P2,50,Q,2008-Q4,44.61,,,,
ABS:LCI(1.0.0),1,115528,P2,50,Q,2009-Q1,46,,,,
ABS:LCI(1.0.0),1,115528,P2,50,Q,2009-Q2,46.26,,,,
ABS:LCI(1.0.0),1,115528,P2,50,Q,2009-Q3,47.59,,,,
ABS:LCI(1.0.0),1,115528,P2,50,Q,2009-Q4,48.08,,,,
ABS:LCI(1.0.0),1,115528,P2,50,Q,2010-Q1,49.09,,,,
ABS:LCI(1.0.0),1,115528,P2,50,Q,2010-Q2,49.43,,,,
ABS:LCI(1.0.0),1,115528,P2,50,Q,2010-Q3,50.6,,,,
ABS:LCI(1.0.0),1,115528,P2,50,Q,2010-Q4,50.89,,,,
ABS:LCI(1.0.0),1,115528,P2,50,Q,2011-Q1,51.89,,,,
ABS:LCI(1.0.0),1,115528,P2,50,Q,2011-Q2,52.69,,,,
ABS:LCI(1.0.0),1,115528,P2,50,Q,2011-Q3,52.73,,,,
ABS:LCI(1.0.0),1,115528,P2,50,Q,2011-Q4,53.2,,,,
ABS:LCI(1.0.0),1,115528,P2,50,Q,2012-Q1,53.41,,,,
ABS:LCI(1.0.0),1,115528,P2,50,Q,2012-Q2,53.88,,,,
ABS:LCI(1.0.0),1,115528,P2,50,Q,2012-Q3,54.89,,,,
ABS:LCI(1.0.0),1,115528,P2,50,Q,2012-Q4,55.95,,,,
ABS:LCI(1.0.0),1,115528,P2,50,Q,2013-Q1,57.24,,,,
ABS:LCI(1.0.0),1,115528,P2,50,Q,2013-Q2,57.25,,,,
ABS:LCI(1.0.0),1,115528,P2,50,Q,2013-Q3,56.7,,,,
ABS:LCI(1.0.0),1,115528,P2,50,Q,2013-Q4,56.77,,,,
ABS:LCI(1.0.0),1,115528,P2,50,Q,2014-Q1,56.92,,,,
ABS:LCI(1.0.0),1,115528,P2,50,Q,2014-Q2,56.87,,,,
ABS:LCI(1.0.0),1,115528,P2,50,Q,2014-Q3,57,,,,
ABS:LCI(1.0.0),1,115528,P2,50,Q,2014-Q4,57.82,,,,
ABS:LCI(1.0.0),1,115528,P2,50,Q,2015-Q1,57.8,,,,
ABS:LCI(1.0.0),1,115528,P2,50,Q,2015-Q2,57.66,,,,
ABS:LCI(1.0.0),1,115528,P2,50,Q,2015-Q3,58.26,,,,
ABS:LCI(1.0.0),1,115528,P2,50,Q,2015-Q4,59.19,,,,
ABS:LCI(1.0.0),1,115528,P2,50,Q,2016-Q1,60.1,,,,
ABS:LCI(1.0.0),1,115528,P2,50,Q,2016-Q2,60.81,,,,
ABS:LCI(1.0.0),1,115528,P2,50,Q,2016-Q3,62.53,,,,
ABS:LCI(1.0.0),1,115528,P2,50,Q,2016-Q4,63.28,,,,
ABS:LCI(1.0.0),1,115528,P2,50,Q,2017-Q1,64.27,,,,
ABS:LCI(1.0.0),1,115528,P2,50,Q,2017-Q2,63.83,,,,
ABS:LCI(1.0.0),1,115528,P2,50,Q,2017-Q3,64.63,,,,
ABS:LCI(1.0.0),1,115528,P2,50,Q,2017-Q4,65.68,,,,
ABS:LCI(1.0.0),1,115528,P2,50,Q,2018-Q1,66.08,,,,
ABS:LCI(1.0.0),1,115528,P2,50,Q,2018-Q2,66.59,,,,
ABS:LCI(1.0.0),1,115528,P2,50,Q,2018-Q3,67.07,,,,
ABS:LCI(1.0.0),1,115528,P2,50,Q,2018-Q4,67.45,,,,
ABS:LCI(1.0.0),1,115528,P2,50,Q,2019-Q1,67.28,,,,
ABS:LCI(1.0.0),1,115528,P2,50,Q,2019-Q2,67.34,,,,
ABS:LCI(1.0.0),1,115528,P2,50,Q,2019-Q3,67.56,,,,
ABS:LCI(1.0.0),1,115528,P2,50,Q,2019-Q4,67.84,,,,
ABS:LCI(1.0.0),1,115528,P2,50,Q,2020-Q1,68.32,,,,
ABS:LCI(1.0.0),1,115528,P2,50,Q,2020-Q2,68.77,,,,
ABS:LCI(1.0.0),1,115528,P2,50,Q,2020-Q3,68.97,,,,
ABS:LCI(1.0.0),1,115528,P2,50,Q,2020-Q4,69.44,,,,
ABS:LCI(1.0.0),1,115528,P2,50,Q,2021-Q1,69.29,,,,
ABS:LCI(1.0.0),1,115528,P2,50,Q,2021-Q2,70.3,,,,
ABS:LCI(1.0.0),1,115528,P2,50,Q,2021-Q3,71.15,,,,
ABS:LCI(1.0.0),1,115528,P2,50,Q,2021-Q4,71.8,,,,
ABS:LCI(1.0.0),1,115528,P2,50,Q,2022-Q1,72.57,,,,
ABS:LCI(1.0.0),1,115528,P2,50,Q,2022-Q2,72.79,,,,
ABS:LCI(1.0.0),1,115528,P2,50,Q,2022-Q3,74.42,,,,
ABS:LCI(1.0.0),1,115528,P2,50,Q,2022-Q4,75.94,,,,
ABS:LCI(1.0.0),1,115528,P2,50,Q,2023-Q1,79.01,,,,
ABS:LCI(1.0.0),1,115528,P2,50,Q,2023-Q2,83.05,,,,
ABS:LCI(1.0.0),1,115528,P2,50,Q,2023-Q3,85.48,,,,
ABS:LCI(1.0.0),1,115528,P2,50,Q,2023-Q4,88.99,,,,
ABS:LCI(1.0.0),1,115528,P2,50,Q,2024-Q1,92.35,,,,
ABS:LCI(1.0.0),1,115528,P2,50,Q,2024-Q2,95.33,,,,
ABS:LCI(1.0.0),1,115528,P2,50,Q,2024-Q3,97.94,,,,
ABS:LCI(1.0.0),1,115528,P2,50,Q,2024-Q4,98.88,,,,
ABS:LCI(1.0.0),1,115528,P2,50,Q,2025-Q1,99.16,,,,
ABS:LCI(1.0.0),1,115528,P2,50,Q,2025-Q2,98.6,,,,
ABS:LCI(1.0.0),1,115528,P2,50,Q,2025-Q3,100,,,,
ABS:LCI(1.0.0),1,115528,P2,50,Q,2025-Q4,100.94,,,,
ABS:LCI(1.0.0),1,115528,P2,50,Q,2026-Q1,102.94,,,,
ABS:LCI(1.0.0),1,115528,P2,50,Q,2026-Q2,104.41,,,,
ABS:LCI(1.0.0),2,20001,P2,50,Q,2007-Q3,2.4,,,,
ABS:LCI(1.0.0),2,20001,P2,50,Q,2007-Q4,-0.8,,,,
ABS:LCI(1.0.0),2,20001,P2,50,Q,2008-Q1,2.1,,,,
ABS:LCI(1.0.0),2,20001,P2,50,Q,2008-Q2,-0.5,,,,
ABS:LCI(1.0.0),2,20001,P2,50,Q,2008-Q3,1.5,,,,
ABS:LCI(1.0.0),2,20001,P2,50,Q,2008-Q4,2.4,,,,
ABS:LCI(1.0.0),2,20001,P2,50,Q,2009-Q1,2.4,,,,
ABS:LCI(1.0.0),2,20001,P2,50,Q,2009-Q2,-1.5,,,,
ABS:LCI(1.0.0),2,20001,P2,50,Q,2009-Q3,-1.2,,,,
ABS:LCI(1.0.0),2,20001,P2,50,Q,2009-Q4,1.9,,,,
ABS:LCI(1.0.0),2,20001,P2,50,Q,2010-Q1,1,,,,
ABS:LCI(1.0.0),2,20001,P2,50,Q,2010-Q2,-0.7,,,,
ABS:LCI(1.0.0),2,20001,P2,50,Q,2010-Q3,-0.6,,,,
ABS:LCI(1.0.0),2,20001,P2,50,Q,2010-Q4,2.8,,,,
ABS:LCI(1.0.0),2,20001,P2,50,Q,2011-Q1,3.6,,,,
ABS:LCI(1.0.0),2,20001,P2,50,Q,2011-Q2,1.7,,,,
ABS:LCI(1.0.0),2,20001,P2,50,Q,2011-Q3,-0.5,,,,
ABS:LCI(1.0.0),2,20001,P2,50,Q,2011-Q4,-2.1,,,,
ABS:LCI(1.0.0),2,20001,P2,50,Q,2012-Q1,-3.2,,,,
ABS:LCI(1.0.0),2,20001,P2,50,Q,2012-Q2,0.6,,,,
ABS:LCI(1.0.0),2,20001,P2,50,Q,2012-Q3,2.3,,,,
ABS:LCI(1.0.0),2,20001,P2,50,Q,2012-Q4,-0.3,,,,
ABS:LCI(1.0.0),2,20001,P2,50,Q,2013-Q1,-1.3,,,,
ABS:LCI(1.0.0),2,20001,P2,50,Q,2013-Q2,0,,,,
ABS:LCI(1.0.0),2,20001,P2,50,Q,2013-Q3,0.1,,,,
ABS:LCI(1.0.0),2,20001,P2,50,Q,2013-Q4,1.9,,,,
ABS:LCI(1.0.0),2,20001,P2,50,Q,2014-Q1,0.3,,,,
ABS:LCI(1.0.0),2,20001,P2,50,Q,2014-Q2,0.5,,,,
ABS:LCI(1.0.0),2,20001,P2,50,Q,2014-Q3,1.4,,,,
ABS:LCI(1.0.0),2,20001,P2,50,Q,2014-Q4,-0.1,,,,
ABS:LCI(1.0.0),2,20001,P2,50,Q,2015-Q1,0.1,,,,
ABS:LCI(1.0.0),2,20001,P2,50,Q,2015-Q2,-0.3,,,,
ABS:LCI(1.0.0),2,20001,P2,50,Q,2015-Q3,0,,,,
ABS:LCI(1.0.0),2,20001,P2,50,Q,2015-Q4,0.2,,,,
ABS:LCI(1.0.0),2,20001,P2,50,Q,2016-Q1,-0.5,,,,
ABS:LCI(1.0.0),2,20001,P2,50,Q,2016-Q2,-0.3,,,,
ABS:LCI(1.0.0),2,20001,P2,50,Q,2016-Q3,2.4,,,,
ABS:LCI(1.0.0),2,20001,P2,50,Q,2016-Q4,0.7,,,,
ABS:LCI(1.0.0),2,20001,P2,50,Q,2017-Q1,-0.5,,,,
ABS:LCI(1.0.0),2,20001,P2,50,Q,2017-Q2,-0.4,,,,
ABS:LCI(1.0.0),2,20001,P2,50,Q,2017-Q3,-1.3,,,,
ABS:LCI(1.0.0),2,20001,P2,50,Q,2017-Q4,1.4,,,,
ABS:LCI(1.0.0),2,20001,P2,50,Q,2018-Q1,0.3,,,,
ABS:LCI(1.0.0),2,20001,P2,50,Q,2018-Q2,-0.6,,,,
ABS:LCI(1.0.0),2,20001,P2,50,Q,2018-Q3,0.6,,,,
ABS:LCI(1.0.0),2,20001,P2,50,Q,2018-Q4,1.1,,,,
ABS:LCI(1.0.0),2,20001,P2,50,Q,2019-Q1,1.5,,,,
ABS:LCI(1.0.0),2,20001,P2,50,Q,2019-Q2,-0.6,,,,
ABS:LCI(1.0.0),2,20001,P2,50,Q,2019-Q3,0.4,,,,
ABS:LCI(1.0.0),2,20001,P2,50,Q,2019-Q4,1.5,,,,
ABS:LCI(1.0.0),2,20001,P2,50,Q,2020-Q1,2.2,,,,
ABS:LCI(1.0.0),2,20001,P2,50,Q,2020-Q2,0.6,,,,
ABS:LCI(1.0.0),2,20001,P2,50,Q,2020-Q3,-0.5,,,,
ABS:LCI(1.0.0),2,20001,P2,50,Q,2020-Q4,0.1,,,,
ABS:LCI(1.0.0),2,20001,P2,50,Q,2021-Q1,0.3,,,,
ABS:LCI(1.0.0),2,20001,P2,50,Q,2021-Q2,0.8,,,,
ABS:LCI(1.0.0),2,20001,P2,50,Q,2021-Q3,0,,,,
ABS:LCI(1.0.0),2,20001,P2,50,Q,2021-Q4,0.6,,,,
ABS:LCI(1.0.0),2,20001,P2,50,Q,2022-Q1,3.3,,,,
ABS:LCI(1.0.0),2,20001,P2,50,Q,2022-Q2,2.2,,,,
ABS:LCI(1.0.0),2,20001,P2,50,Q,2022-Q3,3.4,,,,
ABS:LCI(1.0.0),2,20001,P2,50,Q,2022-Q4,0.6,,,,
ABS:LCI(1.0.0),2,20001,P2,50,Q,2023-Q1,1.8,,,,
ABS:LCI(1.0.0),2,20001,P2,50,Q,2023-Q2,1.5,,,,
ABS:LCI(1.0.0),2,20001,P2,50,Q,2023-Q3,0.3,,,,
ABS:LCI(1.0.0),2,20001,P2,50,Q,2023-Q4,0.4,,,,
ABS:LCI(1.0.0),2,20001,P2,50,Q,2024-Q1,0.8,,,,
ABS:LCI(1.0.0),2,20001,P2,50,Q,2024-Q2,1.3,,,,
ABS:LCI(1.0.0),2,20001,P2,50,Q,2024-Q3,0.7,,,,
ABS:LCI(1.0.0),2,20001,P2,50,Q,2024-Q4,0.1,,,,
ABS:LCI(1.0.0),2,20001,P2,50,Q,2025-Q1,1.3,,,,
ABS:LCI(1.0.0),2,20001,P2,50,Q,2025-Q2,1,,,,
ABS:LCI(1.0.0),2,20001,P2,50,Q,2025-Q3,0.6,,,,
ABS:LCI(1.0.0),2,20001,P2,50,Q,2025-Q4,0.4,,,,
ABS:LCI(1.0.0),2,20001,P2,50,Q,2026-Q1,1,,,,
ABS:LCI(1.0.0),2,20001,P2,50,Q,2026-Q2,1,,,,
ABS:LCI(1.0.0),2,20005,P1,50,Q,2007-Q3,-0.8,,,,
ABS:LCI(1.0.0),2,20005,P1,50,Q,2007-Q4,2.5,,,,
ABS:LCI(1.0.0),2,20005,P1,50,Q,2008-Q1,2,,,,
ABS:LCI(1.0.0),2,20005,P1,50,Q,2008-Q2,3.2,,,,
ABS:LCI(1.0.0),2,20005,P1,50,Q,2008-Q3,1.1,,,,
ABS:LCI(1.0.0),2,20005,P1,50,Q,2008-Q4,-7.4,,,,
ABS:LCI(1.0.0),2,20005,P1,50,Q,2009-Q1,-1.8,,,,
ABS:LCI(1.0.0),2,20005,P1,50,Q,2009-Q2,1.6,,,,
ABS:LCI(1.0.0),2,20005,P1,50,Q,2009-Q3,2.2,,,,
ABS:LCI(1.0.0),2,20005,P1,50,Q,2009-Q4,-0.9,,,,
ABS:LCI(1.0.0),2,20005,P1,50,Q,2010-Q1,1.4,,,,
ABS:LCI(1.0.0),2,20005,P1,50,Q,2010-Q2,0.8,,,,
ABS:LCI(1.0.0),2,20005,P1,50,Q,2010-Q3,-0.7,,,,
ABS:LCI(1.0.0),2,20005,P1,50,Q,2010-Q4,0.4,,,,
ABS:LCI(1.0.0),2,20005,P1,50,Q,2011-Q1,2.8,,,,
ABS:LCI(1.0.0),2,20005,P1,50,Q,2011-Q2,1.3,,,,
ABS:LCI(1.0.0),2,20005,P1,50,Q,2011-Q3,0,,,,
ABS:LCI(1.0.0),2,20005,P1,50,Q,2011-Q4,0,,,,
ABS:LCI(1.0.0),2,20005,P1,50,Q,2012-Q1,1.1,,,,
ABS:LCI(1.0.0),2,20005,P1,50,Q,2012-Q2,0.9,,,,
ABS:LCI(1.0.0),2,20005,P1,50,Q,2012-Q3,-0.9,,,,
ABS:LCI(1.0.0),2,20005,P1,50,Q,2012-Q4,0.7,,,,
ABS:LCI(1.0.0),2,20005,P1,50,Q,2013-Q1,0.5,,,,
ABS:LCI(1.0.0),2,20005,P1,50,Q,2013-Q2,-0.9,,,,
ABS:LCI(1.0.0),2,20005,P1,50,Q,2013-Q3,2.4,,,,
ABS:LCI(1.0.0),2,20005,P1,50,Q,2013-Q4,-0.2,,,,
ABS:LCI(1.0.0),2,20005,P1,50,Q,2014-Q1,1.3,,,,
ABS:LCI(1.0.0),2,20005,P1,50,Q,2014-Q2,-0.7,,,,
ABS:LCI(1.0.0),2,20005,P1,50,Q,2014-Q3,-0.1,,,,
ABS:LCI(1.0.0),2,20005,P1,50,Q,2014-Q4,-2.3,,,,
ABS:LCI(1.0.0),2,20005,P1,50,Q,2015-Q1,-3.5,,,,
ABS:LCI(1.0.0),2,20005,P1,50,Q,2015-Q2,3.4,,,,
ABS:LCI(1.0.0),2,20005,P1,50,Q,2015-Q3,0.1,,,,
ABS:LCI(1.0.0),2,20005,P1,50,Q,2015-Q4,-1.5,,,,
ABS:LCI(1.0.0),2,20005,P1,50,Q,2016-Q1,-2.6,,,,
ABS:LCI(1.0.0),2,20005,P1,50,Q,2016-Q2,1.1,,,,
ABS:LCI(1.0.0),2,20005,P1,50,Q,2016-Q3,-0.6,,,,
ABS:LCI(1.0.0),2,20005,P1,50,Q,2016-Q4,1.8,,,,
ABS:LCI(1.0.0),2,20005,P1,50,Q,2017-Q1,1.6,,,,
ABS:LCI(1.0.0),2,20005,P1,50,Q,2017-Q2,-0.6,,,,
ABS:LCI(1.0.0),2,20005,P1,50,Q,2017-Q3,0,,,,
ABS:LCI(1.0.0),2,20005,P1,50,Q,2017-Q4,2.7,,,,
ABS:LCI(1.0.0),2,20005,P1,50,Q,2018-Q1,1.1,,,,
ABS:LCI(1.0.0),2,20005,P1,50,Q,2018-Q2,1.7,,,,
ABS:LCI(1.0.0),2,20005,P1,50,Q,2018-Q3,0.8,,,,
ABS:LCI(1.0.0),2,20005,P1,50,Q,2018-Q4,-0.7,,,,
ABS:LCI(1.0.0),2,20005,P1,50,Q,2019-Q1,-2,,,,
ABS:LCI(1.0.0),2,20005,P1,50,Q,2019-Q2,3.6,,,,
ABS:LCI(1.0.0),2,20005,P1,50,Q,2019-Q3,-0.2,,,,
ABS:LCI(1.0.0),2,20005,P1,50,Q,2019-Q4,1.4,,,,
ABS:LCI(1.0.0),2,20005,P1,50,Q,2020-Q1,-2,,,,
ABS:LCI(1.0.0),2,20005,P1,50,Q,2020-Q2,-7.3,,,,
ABS:LCI(1.0.0),2,20005,P1,50,Q,2020-Q3,3.6,,,,
ABS:LCI(1.0.0),2,20005,P1,50,Q,2020-Q4,0.9,,,,
ABS:LCI(1.0.0),2,20005,P1,50,Q,2021-Q1,3.3,,,,
ABS:LCI(1.0.0),2,20005,P1,50,Q,2021-Q2,3,,,,
ABS:LCI(1.0.0),2,20005,P1,50,Q,2021-Q3,3.2,,,,
ABS:LCI(1.0.0),2,20005,P1,50,Q,2021-Q4,3,,,,
ABS:LCI(1.0.0),2,20005,P1,50,Q,2022-Q1,4.4,,,,
ABS:LCI(1.0.0),2,20005,P1,50,Q,2022-Q2,2.3,,,,
ABS:LCI(1.0.0),2,20005,P1,50,Q,2022-Q3,-0.6,,,,
ABS:LCI(1.0.0),2,20005,P1,50,Q,2022-Q4,1.8,,,,
ABS:LCI(1.0.0),2,20005,P1,50,Q,2023-Q1,0.7,,,,
ABS:LCI(1.0.0),2,20005,P1,50,Q,2023-Q2,-0.1,,,,
ABS:LCI(1.0.0),2,20005,P1,50,Q,2023-Q3,3.4,,,,
ABS:LCI(1.0.0),2,20005,P1,50,Q,2023-Q4,-0.2,,,,
ABS:LCI(1.0.0),2,20005,P1,50,Q,2024-Q1,0.4,,,,
ABS:LCI(1.0.0),2,20005,P1,50,Q,2024-Q2,0.9,,,,
ABS:LCI(1.0.0),2,20005,P1,50,Q,2024-Q3,-2.3,,,,
ABS:LCI(1.0.0),2,20005,P1,50,Q,2024-Q4,-0.8,,,,
ABS:LCI(1.0.0),2,20005,P1,50,Q,2025-Q1,0.9,,,,
ABS:LCI(1.0.0),2,20005,P1,50,Q,2025-Q2,-0.7,,,,
ABS:LCI(1.0.0),2,20005,P1,50,Q,2025-Q3,1.2,,,,
ABS:LCI(1.0.0),2,20005,P1,50,Q,2025-Q4,0.6,,,,
ABS:LCI(1.0.0),2,20005,P1,50,Q,2026-Q1,2,,,,
ABS:LCI(1.0.0),2,20005,P1,50,Q,2026-Q2,-0.9,,,,
ABS:LCI(1.0.0),2,131278,P1,50,Q,1998-Q3,0.8,,,,
ABS:LCI(1.0.0),2,131278,P1,50,Q,1998-Q4,0.8,,,,
ABS:LCI(1.0.0),2,131278,P1,50,Q,1999-Q1,-1.5,,,,
ABS:LCI(1.0.0),2,131278,P1,50,Q,1999-Q2,-0.2,,,,
ABS:LCI(1.0.0),2,131278,P1,50,Q,1999-Q3,1.1,,,,
ABS:LCI(1.0.0),2,131278,P1,50,Q,1999-Q4,1.7,,,,
ABS:LCI(1.0.0),2,131278,P1,50,Q,2000-Q1,6,,,,
ABS:LCI(1.0.0),2,131278,P1,50,Q,2000-Q2,1.3,,,,
ABS:LCI(1.0.0),2,131278,P1,50,Q,2000-Q3,15.8,,,,
ABS:LCI(1.0.0),2,131278,P1,50,Q,2000-Q4,3.8,,,,
ABS:LCI(1.0.0),2,131278,P1,50,Q,2001-Q1,1.3,,,,
ABS:LCI(1.0.0),2,131278,P1,50,Q,2001-Q2,-11.3,,,,
ABS:LCI(1.0.0),2,131278,P1,50,Q,2001-Q3,-2.1,,,,
ABS:LCI(1.0.0),2,131278,P1,50,Q,2001-Q4,-3.7,,,,
ABS:LCI(1.0.0),2,131278,P1,50,Q,2002-Q1,1.8,,,,
ABS:LCI(1.0.0),2,131278,P1,50,Q,2002-Q2,-3.4,,,,
ABS:LCI(1.0.0),2,131278,P1,50,Q,2002-Q3,9.3,,,,
ABS:LCI(1.0.0),2,131278,P1,50,Q,2002-Q4,2.7,,,,
ABS:LCI(1.0.0),2,131278,P1,50,Q,2003-Q1,2.5,,,,
ABS:LCI(1.0.0),2,131278,P1,50,Q,2003-Q2,2.5,,,,
ABS:LCI(1.0.0),2,131278,P1,50,Q,2003-Q3,2.7,,,,
ABS:LCI(1.0.0),2,131278,P1,50,Q,2003-Q4,3.3,,,,
ABS:LCI(1.0.0),2,131278,P1,50,Q,2004-Q1,8.9,,,,
ABS:LCI(1.0.0),2,131278,P1,50,Q,2004-Q2,3.9,,,,
ABS:LCI(1.0.0),2,131278,P1,50,Q,2004-Q3,2.6,,,,
ABS:LCI(1.0.0),2,131278,P1,50,Q,2004-Q4,2.4,,,,
ABS:LCI(1.0.0),2,131278,P1,50,Q,2005-Q1,2.2,,,,
ABS:LCI(1.0.0),2,131278,P1,50,Q,2005-Q2,5.2,,,,
ABS:LCI(1.0.0),2,131278,P1,50,Q,2005-Q3,2.1,,,,
ABS:LCI(1.0.0),2,131278,P1,50,Q,2005-Q4,0,,,,
ABS:LCI(1.0.0),2,131278,P1,50,Q,2006-Q1,3.5,,,,
ABS:LCI(1.0.0),2,131278,P1,50,Q,2006-Q2,2.6,,,,
ABS:LCI(1.0.0),2,131278,P1,50,Q,2006-Q3,4.9,,,,
ABS:LCI(1.0.0),2,131278,P1,50,Q,2006-Q4,5,,,,
ABS:LCI(1.0.0),2,131278,P1,50,Q,2007-Q1,3.8,,,,
ABS:LCI(1.0.0),2,131278,P1,50,Q,2007-Q2,2.6,,,,
ABS:LCI(1.0.0),2,131278,P1,50,Q,2007-Q3,4.7,,,,
ABS:LCI(1.0.0),2,131278,P1,50,Q,2007-Q4,2.6,,,,
ABS:LCI(1.0.0),2,131278,P1,50,Q,2008-Q1,7.4,,,,
ABS:LCI(1.0.0),2,131278,P1,50,Q,2008-Q2,8.7,,,,
ABS:LCI(1.0.0),2,131278,P1,50,Q,2008-Q3,2.4,,,,
ABS:LCI(1.0.0),2,131278,P1,50,Q,2008-Q4,-3.6,,,,
ABS:LCI(1.0.0),2,131278,P1,50,Q,2009-Q1,-10.7,,,,
ABS:LCI(1.0.0),2,131278,P1,50,Q,2009-Q2,-22.8,,,,
ABS:LCI(1.0.0),2,131278,P1,50,Q,2009-Q3,0,,,,
ABS:LCI(1.0.0),2,131278,P1,50,Q,2009-Q4,4.4,,,,
ABS:LCI(1.0.0),2,131278,P1,50,Q,2010-Q1,9.8,,,,
ABS:LCI(1.0.0),2,131278,P1,50,Q,2010-Q2,9.5,,,,
ABS:LCI(1.0.0),2,131278,P1,50,Q,2010-Q3,5.2,,,,
ABS:LCI(1.0.0),2,131278,P1,50,Q,2010-Q4,2.8,,,,
ABS:LCI(1.0.0),2,131278,P1,50,Q,2011-Q1,4.4,,,,
ABS:LCI(1.0.0),2,131278,P1,50,Q,2011-Q2,1.3,,,,
ABS:LCI(1.0.0),2,131278,P1,50,Q,2011-Q3,0.5,,,,
ABS:LCI(1.0.0),2,131278,P1,50,Q,2011-Q4,0.4,,,,
ABS:LCI(1.0.0),2,131278,P1,50,Q,2012-Q1,-4.1,,,,
ABS:LCI(1.0.0),2,131278,P1,50,Q,2012-Q2,-0.5,,,,
ABS:LCI(1.0.0),2,131278,P1,50,Q,2012-Q3,-6.3,,,,
ABS:LCI(1.0.0),2,131278,P1,50,Q,2012-Q4,-1.9,,,,
ABS:LCI(1.0.0),2,131278,P1,50,Q,2013-Q1,-4,,,,
ABS:LCI(1.0.0),2,131278,P1,50,Q,2013-Q2,-1,,,,
ABS:LCI(1.0.0),2,131278,P1,50,Q,2013-Q3,-3.7,,,,
ABS:LCI(1.0.0),2,131278,P1,50,Q,2013-Q4,-3.1,,,,
ABS:LCI(1.0.0),2,131278,P1,50,Q,2014-Q1,1.2,,,,
ABS:LCI(1.0.0),2,131278,P1,50,Q,2014-Q2,0.7,,,,
ABS:LCI(1.0.0),2,131278,P1,50,Q,2014-Q3,0.4,,,,
ABS:LCI(1.0.0),2,131278,P1,50,Q,2014-Q4,1,,,,
ABS:LCI(1.0.0),2,131278,P1,50,Q,2015-Q1,-0.1,,,,
ABS:LCI(1.0.0),2,131278,P1,50,Q,2015-Q2,-3,,,,
ABS:LCI(1.0.0),2,131278,P1,50,Q,2015-Q3,-2.1,,,,
ABS:LCI(1.0.0),2,131278,P1,50,Q,2015-Q4,1.2,,,,
ABS:LCI(1.0.0),2,131278,P1,50,Q,2016-Q1,2.9,,,,
ABS:LCI(1.0.0),2,131278,P1,50,Q,2016-Q2,-0.3,,,,
ABS:LCI(1.0.0),2,131278,P1,50,Q,2016-Q3,-4,,,,
ABS:LCI(1.0.0),2,131278,P1,50,Q,2016-Q4,-2.7,,,,
ABS:LCI(1.0.0),2,131278,P1,50,Q,2017-Q1,1.6,,,,
ABS:LCI(1.0.0),2,131278,P1,50,Q,2017-Q2,0.2,,,,
ABS:LCI(1.0.0),2,131278,P1,50,Q,2017-Q3,2.1,,,,
ABS:LCI(1.0.0),2,131278,P1,50,Q,2017-Q4,0.6,,,,
ABS:LCI(1.0.0),2,131278,P1,50,Q,2018-Q1,0.4,,,,
ABS:LCI(1.0.0),2,131278,P1,50,Q,2018-Q2,0.4,,,,
ABS:LCI(1.0.0),2,131278,P1,50,Q,2018-Q3,0.3,,,,
ABS:LCI(1.0.0),2,131278,P1,50,Q,2018-Q4,1.3,,,,
ABS:LCI(1.0.0),2,131278,P1,50,Q,2019-Q1,0.3,,,,
ABS:LCI(1.0.0),2,131278,P1,50,Q,2019-Q2,0,,,,
ABS:LCI(1.0.0),2,131278,P1,50,Q,2019-Q3,-7.4,,,,
ABS:LCI(1.0.0),2,131278,P1,50,Q,2019-Q4,-4.9,,,,
ABS:LCI(1.0.0),2,131278,P1,50,Q,2020-Q1,-2.5,,,,
ABS:LCI(1.0.0),2,131278,P1,50,Q,2020-Q2,-5,,,,
ABS:LCI(1.0.0),2,131278,P1,50,Q,2020-Q3,-6.5,,,,
ABS:LCI(1.0.0),2,131278,P1,50,Q,2020-Q4,-2.1,,,,
ABS:LCI(1.0.0),2,131278,P1,50,Q,2021-Q1,-2.3,,,,
ABS:LCI(1.0.0),2,131278,P1,50,Q,2021-Q2,-2.3,,,,
ABS:LCI(1.0.0),2,131278,P1,50,Q,2021-Q3,-1.7,,,,
ABS:LCI(1.0.0),2,131278,P1,50,Q,2021-Q4,-1.6,,,,
ABS:LCI(1.0.0),2,131278,P1,50,Q,2022-Q1,0.1,,,,
ABS:LCI(1.0.0),2,131278,P1,50,Q,2022-Q2,2.5,,,,
ABS:LCI(1.0.0),2,131278,P1,50,Q,2022-Q3,24.1,,,,
ABS:LCI(1.0.0),2,131278,P1,50,Q,2022-Q4,26.7,,,,
ABS:LCI(1.0.0),2,131278,P1,50,Q,2023-Q1,11,,,,
ABS:LCI(1.0.0),2,131278,P1,50,Q,2023-Q2,9.8,,,,
ABS:LCI(1.0.0),2,131278,P1,50,Q,2023-Q3,9.2,,,,
ABS:LCI(1.0.0),2,131278,P1,50,Q,2023-Q4,5.4,,,,
ABS:LCI(1.0.0),2,131278,P1,50,Q,2024-Q1,7.1,,,,
ABS:LCI(1.0.0),2,131278,P1,50,Q,2024-Q2,2.6,,,,
ABS:LCI(1.0.0),2,131278,P1,50,Q,2024-Q3,2.7,,,,
ABS:LCI(1.0.0),2,131278,P1,50,Q,2024-Q4,1.7,,,,
ABS:LCI(1.0.0),2,131278,P1,50,Q,2025-Q1,1.5,,,,
ABS:LCI(1.0.0),2,131278,P1,50,Q,2025-Q2,-1.4,,,,
ABS:LCI(1.0.0),2,131278,P1,50,Q,2025-Q3,-3.8,,,,
ABS:LCI(1.0.0),2,131278,P1,50,Q,2025-Q4,-2.8,,,,
ABS:LCI(1.0.0),2,131278,P1,50,Q,2026-Q1,1.5,,,,
ABS:LCI(1.0.0),2,131278,P1,50,Q,2026-Q2,8.2,,,,
ABS:LCI(1.0.0),3,20006,P1,50,Q,2008-Q2,4.9,,,,
ABS:LCI(1.0.0),3,20006,P1,50,Q,2008-Q3,5.9,,,,
ABS:LCI(1.0.0),3,20006,P1,50,Q,2008-Q4,6,,,,
ABS:LCI(1.0.0),3,20006,P1,50,Q,2009-Q1,5.9,,,,
ABS:LCI(1.0.0),3,20006,P1,50,Q,2009-Q2,4.9,,,,
ABS:LCI(1.0.0),3,20006,P1,50,Q,2009-Q3,4.2,,,,
ABS:LCI(1.0.0),3,20006,P1,50,Q,2009-Q4,3.4,,,,
ABS:LCI(1.0.0),3,20006,P1,50,Q,2010-Q1,3.6,,,,
ABS:LCI(1.0.0),3,20006,P1,50,Q,2010-Q2,8.5,,,,
ABS:LCI(1.0.0),3,20006,P1,50,Q,2010-Q3,10.9,,,,
ABS:LCI(1.0.0),3,20006,P1,50,Q,2010-Q4,11,,,,
ABS:LCI(1.0.0),3,20006,P1,50,Q,2011-Q1,10.9,,,,
ABS:LCI(1.0.0),3,20006,P1,50,Q,2011-Q2,5.6,,,,
ABS:LCI(1.0.0),3,20006,P1,50,Q,2011-Q3,3,,,,
ABS:LCI(1.0.0),3,20006,P1,50,Q,2011-Q4,3.1,,,,
ABS:LCI(1.0.0),3,20006,P1,50,Q,2012-Q1,3.5,,,,
ABS:LCI(1.0.0),3,20006,P1,50,Q,2012-Q2,3.8,,,,
ABS:LCI(1.0.0),3,20006,P1,50,Q,2012-Q3,4.2,,,,
ABS:LCI(1.0.0),3,20006,P1,50,Q,2012-Q4,3.5,,,,
ABS:LCI(1.0.0),3,20006,P1,50,Q,2013-Q1,3.6,,,,
ABS:LCI(1.0.0),3,20006,P1,50,Q,2013-Q2,3.9,,,,
ABS:LCI(1.0.0),3,20006,P1,50,Q,2013-Q3,3.8,,,,
ABS:LCI(1.0.0),3,20006,P1,50,Q,2013-Q4,5.3,,,,
ABS:LCI(1.0.0),3,20006,P1,50,Q,2014-Q1,6.6,,,,
ABS:LCI(1.0.0),3,20006,P1,50,Q,2014-Q2,6.8,,,,
ABS:LCI(1.0.0),3,20006,P1,50,Q,2014-Q3,7.1,,,,
ABS:LCI(1.0.0),3,20006,P1,50,Q,2014-Q4,7.1,,,,
ABS:LCI(1.0.0),3,20006,P1,50,Q,2015-Q1,5,,,,
ABS:LCI(1.0.0),3,20006,P1,50,Q,2015-Q2,4.6,,,,
ABS:LCI(1.0.0),3,20006,P1,50,Q,2015-Q3,4.8,,,,
ABS:LCI(1.0.0),3,20006,P1,50,Q,2015-Q4,5.8,,,,
ABS:LCI(1.0.0),3,20006,P1,50,Q,2016-Q1,5.9,,,,
ABS:LCI(1.0.0),3,20006,P1,50,Q,2016-Q2,5.7,,,,
ABS:LCI(1.0.0),3,20006,P1,50,Q,2016-Q3,5.6,,,,
ABS:LCI(1.0.0),3,20006,P1,50,Q,2016-Q4,5.7,,,,
ABS:LCI(1.0.0),3,20006,P1,50,Q,2017-Q1,5.9,,,,
ABS:LCI(1.0.0),3,20006,P1,50,Q,2017-Q2,5.7,,,,
ABS:LCI(1.0.0),3,20006,P1,50,Q,2017-Q3,6.7,,,,
ABS:LCI(1.0.0),3,20006,P1,50,Q,2017-Q4,7.2,,,,
ABS:LCI(1.0.0),3,20006,P1,50,Q,2018-Q1,6.8,,,,
ABS:LCI(1.0.0),3,20006,P1,50,Q,2018-Q2,7.6,,,,
ABS:LCI(1.0.0),3,20006,P1,50,Q,2018-Q3,6.7,,,,
ABS:LCI(1.0.0),3,20006,P1,50,Q,2018-Q4,6.6,,,,
ABS:LCI(1.0.0),3,20006,P1,50,Q,2019-Q1,6.2,,,,
ABS:LCI(1.0.0),3,20006,P1,50,Q,2019-Q2,5.7,,,,
ABS:LCI(1.0.0),3,20006,P1,50,Q,2019-Q3,6.4,,,,
ABS:LCI(1.0.0),3,20006,P1,50,Q,2019-Q4,6.3,,,,
ABS:LCI(1.0.0),3,20006,P1,50,Q,2020-Q1,7.6,,,,
ABS:LCI(1.0.0),3,20006,P1,50,Q,2020-Q2,8.1,,,,
ABS:LCI(1.0.0),3,20006,P1,50,Q,2020-Q3,7.7,,,,
ABS:LCI(1.0.0),3,20006,P1,50,Q,2020-Q4,8.9,,,,
ABS:LCI(1.0.0),3,20006,P1,50,Q,2021-Q1,7.6,,,,
ABS:LCI(1.0.0),3,20006,P1,50,Q,2021-Q2,6.4,,,,
ABS:LCI(1.0.0),3,20006,P1,50,Q,2021-Q3,4.2,,,,
ABS:LCI(1.0.0),3,20006,P1,50,Q,2021-Q4,1.1,,,,
ABS:LCI(1.0.0),3,20006,P1,50,Q,2022-Q1,1.8,,,,
ABS:LCI(1.0.0),3,20006,P1,50,Q,2022-Q2,2.2,,,,
ABS:LCI(1.0.0),3,20006,P1,50,Q,2022-Q3,4,,,,
ABS:LCI(1.0.0),3,20006,P1,50,Q,2022-Q4,4.4,,,,
ABS:LCI(1.0.0),3,20006,P1,50,Q,2023-Q1,4.5,,,,
ABS:LCI(1.0.0),3,20006,P1,50,Q,2023-Q2,4.8,,,,
ABS:LCI(1.0.0),3,20006,P1,50,Q,2023-Q3,5,,,,
ABS:LCI(1.0.0),3,20006,P1,50,Q,2023-Q4,6.6,,,,
ABS:LCI(1.0.0),3,20006,P1,50,Q,2024-Q1,6.2,,,,
ABS:LCI(1.0.0),3,20006,P1,50,Q,2024-Q2,6.6,,,,
ABS:LCI(1.0.0),3,20006,P1,50,Q,2024-Q3,6.5,,,,
ABS:LCI(1.0.0),3,20006,P1,50,Q,2024-Q4,6,,,,
ABS:LCI(1.0.0),3,20006,P1,50,Q,2025-Q1,6.4,,,,
ABS:LCI(1.0.0),3,20006,P1,50,Q,2025-Q2,5.5,,,,
ABS:LCI(1.0.0),3,20006,P1,50,Q,2025-Q3,5.8,,,,
ABS:LCI(1.0.0),3,20006,P1,50,Q,2025-Q4,4.3,,,,
ABS:LCI(1.0.0),3,20006,P1,50,Q,2026-Q1,4.4,,,,
ABS:LCI(1.0.0),3,20006,P1,50,Q,2026-Q2,4.3,,,,
ABS:LCI(1.0.0),3,115528,P4,50,Q,2004-Q1,2,,,,
ABS:LCI(1.0.0),3,115528,P4,50,Q,2004-Q2,1.8,,,,
ABS:LCI(1.0.0),3,115528,P4,50,Q,2004-Q3,2.5,,,,
ABS:LCI(1.0.0),3,115528,P4,50,Q,2004-Q4,2.5,,,,
ABS:LCI(1.0.0),3,115528,P4,50,Q,2005-Q1,2.5,,,,
ABS:LCI(1.0.0),3,115528,P4,50,Q,2005-Q2,3.7,,,,
ABS:LCI(1.0.0),3,115528,P4,50,Q,2005-Q3,2.9,,,,
ABS:LCI(1.0.0),3,115528,P4,50,Q,2005-Q4,3.4,,,,
ABS:LCI(1.0.0),3,115528,P4,50,Q,2006-Q1,3.2,,,,
ABS:LCI(1.0.0),3,115528,P4,50,Q,2006-Q2,2.5,,,,
ABS:LCI(1.0.0),3,115528,P4,50,Q,2006-Q3,4.9,,,,
ABS:LCI(1.0.0),3,115528,P4,50,Q,2006-Q4,3.7,,,,
ABS:LCI(1.0.0),3,115528,P4,50,Q,2007-Q1,2.8,,,,
ABS:LCI(1.0.0),3,115528,P4,50,Q,2007-Q2,2.4,,,,
ABS:LCI(1.0.0),3,115528,P4,50,Q,2007-Q3,0.6,,,,
ABS:LCI(1.0.0),3,115528,P4,50,Q,2007-Q4,2.8,,,,
ABS:LCI(1.0.0),3,115528,P4,50,Q,2008-Q1,5.3,,,,
ABS:LCI(1.0.0),3,115528,P4,50,Q,2008-Q2,7.8,,,,
ABS:LCI(1.0.0),3,115528,P4,50,Q,2008-Q3,10.3,,,,
ABS:LCI(1.0.0),3,115528,P4,50,Q,2008-Q4,9.1,,,,
ABS:LCI(1.0.0),3,115528,P4,50,Q,2009-Q1,10,,,,
ABS:LCI(1.0.0),3,115528,P4,50,Q,2009-Q2,7.8,,,,
ABS:LCI(1.0.0),3,115528,P4,50,Q,2009-Q3,7.4,,,,
ABS:LCI(1.0.0),3,115528,P4,50,Q,2009-Q4,7.6,,,,
ABS:LCI(1.0.0),3,115528,P4,50,Q,2010-Q1,6.5,,,,
ABS:LCI(1.0.0),3,115528,P4,50,Q,2010-Q2,6.6,,,,
ABS:LCI(1.0.0),3,115528,P4,50,Q,2010-Q3,5.9,,,,
ABS:LCI(1.0.0),3,115528,P4,50,Q,2010-Q4,5.3,,,,
ABS:LCI(1.0.0),3,115528,P4,50,Q,2011-Q1,5.3,,,,
ABS:LCI(1.0.0),3,115528,P4,50,Q,2011-Q2,6.4,,,,
ABS:LCI(1.0.0),3,115528,P4,50,Q,2011-Q3,3.9,,,,
ABS:LCI(1.0.0),3,115528,P4,50,Q,2011-Q4,4.4,,,,
ABS:LCI(1.0.0),3,115528,P4,50,Q,2012-Q1,2.8,,,,
ABS:LCI(1.0.0),3,115528,P4,50,Q,2012-Q2,2.1,,,,
ABS:LCI(1.0.0),3,115528,P4,50,Q,2012-Q3,4,,,,
ABS:LCI(1.0.0),3,115528,P4,50,Q,2012-Q4,5,,,,
ABS:LCI(1.0.0),3,115528,P4,50,Q,2013-Q1,7.5,,,,
ABS:LCI(1.0.0),3,115528,P4,50,Q,2013-Q2,6.8,,,,
ABS:LCI(1.0.0),3,115528,P4,50,Q,2013-Q3,4,,,,
ABS:LCI(1.0.0),3,115528,P4,50,Q,2013-Q4,2.3,,,,
ABS:LCI(1.0.0),3,115528,P4,50,Q,2014-Q1,-0.3,,,,
ABS:LCI(1.0.0),3,115528,P4,50,Q,2014-Q2,-0.2,,,,
ABS:LCI(1.0.0),3,115528,P4,50,Q,2014-Q3,1,,,,
ABS:LCI(1.0.0),3,115528,P4,50,Q,2014-Q4,2.4,,,,
ABS:LCI(1.0.0),3,115528,P4,50,Q,2015-Q1,2,,,,
ABS:LCI(1.0.0),3,115528,P4,50,Q,2015-Q2,1.4,,,,
ABS:LCI(1.0.0),3,115528,P4,50,Q,2015-Q3,2,,,,
ABS:LCI(1.0.0),3,115528,P4,50,Q,2015-Q4,2.1,,,,
ABS:LCI(1.0.0),3,115528,P4,50,Q,2016-Q1,3.6,,,,
ABS:LCI(1.0.0),3,115528,P4,50,Q,2016-Q2,5.4,,,,
ABS:LCI(1.0.0),3,115528,P4,50,Q,2016-Q3,7.3,,,,
ABS:LCI(1.0.0),3,115528,P4,50,Q,2016-Q4,7.1,,,,
ABS:LCI(1.0.0),3,115528,P4,50,Q,2017-Q1,7.4,,,,
ABS:LCI(1.0.0),3,115528,P4,50,Q,2017-Q2,5.4,,,,
ABS:LCI(1.0.0),3,115528,P4,50,Q,2017-Q3,3.5,,,,
ABS:LCI(1.0.0),3,115528,P4,50,Q,2017-Q4,3.8,,,,
ABS:LCI(1.0.0),3,115528,P4,50,Q,2018-Q1,2.4,,,,
ABS:LCI(1.0.0),3,115528,P4,50,Q,2018-Q2,3.7,,,,
ABS:LCI(1.0.0),3,115528,P4,50,Q,2018-Q3,3.4,,,,
ABS:LCI(1.0.0),3,115528,P4,50,Q,2018-Q4,2.3,,,,
ABS:LCI(1.0.0),3,115528,P4,50,Q,2019-Q1,1.7,,,,
ABS:LCI(1.0.0),3,115528,P4,50,Q,2019-Q2,1,,,,
ABS:LCI(1.0.0),3,115528,P4,50,Q,2019-Q3,0.6,,,,
ABS:LCI(1.0.0),3,115528,P4,50,Q,2019-Q4,0.4,,,,
ABS:LCI(1.0.0),3,115528,P4,50,Q,2020-Q1,1.3,,,,
ABS:LCI(1.0.0),3,115528,P4,50,Q,2020-Q2,1.9,,,,
ABS:LCI(1.0.0),3,115528,P4,50,Q,2020-Q3,1.9,,,,
ABS:LCI(1.0.0),3,115528,P4,50,Q,2020-Q4,2.2,,,,
ABS:LCI(1.0.0),3,115528,P4,50,Q,2021-Q1,1.1,,,,
ABS:LCI(1.0.0),3,115528,P4,50,Q,2021-Q2,2.3,,,,
ABS:LCI(1.0.0),3,115528,P4,50,Q,2021-Q3,3.2,,,,
ABS:LCI(1.0.0),3,115528,P4,50,Q,2021-Q4,3.1,,,,
ABS:LCI(1.0.0),3,115528,P4,50,Q,2022-Q1,4.7,,,,
ABS:LCI(1.0.0),3,115528,P4,50,Q,2022-Q2,3.2,,,,
ABS:LCI(1.0.0),3,115528,P4,50,Q,2022-Q3,4,,,,
ABS:LCI(1.0.0),3,115528,P4,50,Q,2022-Q4,5.5,,,,
ABS:LCI(1.0.0),3,115528,P4,50,Q,2023-Q1,8.5,,,,
ABS:LCI(1.0.0),3,115528,P4,50,Q,2023-Q2,13.6,,,,
ABS:LCI(1.0.0),3,115528,P4,50,Q,2023-Q3,14.3,,,,
ABS:LCI(1.0.0),3,115528,P4,50,Q,2023-Q4,16.6,,,,
ABS:LCI(1.0.0),3,115528,P4,50,Q,2024-Q1,16.7,,,,
ABS:LCI(1.0.0),3,115528,P4,50,Q,2024-Q2,14.6,,,,
ABS:LCI(1.0.0),3,115528,P4,50,Q,2024-Q3,14.6,,,,
ABS:LCI(1.0.0),3,115528,P4,50,Q,2024-Q4,11.1,,,,
ABS:LCI(1.0.0),3,115528,P4,50,Q,2025-Q1,6.8,,,,
ABS:LCI(1.0.0),3,115528,P4,50,Q,2025-Q2,3,,,,
ABS:LCI(1.0.0),3,115528,P4,50,Q,2025-Q3,1.4,,,,
ABS:LCI(1.0.0),3,115528,P4,50,Q,2025-Q4,1.5,,,,
ABS:LCI(1.0.0),3,115528,P4,50,Q,2026-Q1,3.8,,,,
ABS:LCI(1.0.0),3,115528,P4,50,Q,2026-Q2,5.7,,,,
ABS:LCI(1.0.0),4,20001,PBLCI,50,Q,2025-Q4,19.43,,,,
ABS:LCI(1.0.0),4,20001,PBLCI,50,Q,2026-Q1,19.63,,,,
ABS:LCI(1.0.0),4,20001,PBLCI,50,Q,2026-Q2,19.83,,,,
ABS:LCI(1.0.0),4,20001,P4,50,Q,2025-Q4,16.75,,,,
ABS:LCI(1.0.0),4,20001,P4,50,Q,2026-Q1,16.91,,,,
ABS:LCI(1.0.0),4,20001,P4,50,Q,2026-Q2,17.08,,,,
ABS:LCI(1.0.0),4,20002,PBLCI,50,Q,2025-Q4,3.05,,,,
ABS:LCI(1.0.0),4,20002,PBLCI,50,Q,2026-Q1,3.11,,,,
ABS:LCI(1.0.0),4,20002,PBLCI,50,Q,2026-Q2,3.14,,,,
ABS:LCI(1.0.0),4,20002,P4,50,Q,2025-Q4,2.57,,,,
ABS:LCI(1.0.0),4,20002,P4,50,Q,2026-Q1,2.63,,,,
ABS:LCI(1.0.0),4,20002,P4,50,Q,2026-Q2,2.66,,,,
ABS:LCI(1.0.0),4,20005,P3,50,Q,2025-Q4,9.46,,,,
ABS:LCI(1.0.0),4,20005,P3,50,Q,2026-Q1,9.68,,,,
ABS:LCI(1.0.0),4,20005,P3,50,Q,2026-Q2,9.6,,,,
ABS:LCI(1.0.0),4,115489,P1,50,Q,2025-Q4,11.98,,,,
ABS:LCI(1.0.0),4,115489,P1,50,Q,2026-Q1,11.82,,,,
ABS:LCI(1.0.0),4,115489,P1,50,Q,2026-Q2,11.78,,,,
ABS:LCI(1.0.0),4,115493,P4,50,Q,2025-Q4,1.33,,,,
ABS:LCI(1.0.0),4,115493,P4,50,Q,2026-Q1,1.38,,,,
ABS:LCI(1.0.0),4,115493,P4,50,Q,2026-Q2,1.4,,,,
ABS:LCI(1.0.0),4,131278,P3,50,Q,2025-Q4,4.63,,,,
ABS:LCI(1.0.0),4,131278,P3,50,Q,2026-Q1,4.71,,,,
ABS:LCI(1.0.0),4,131278,P3,50,Q,2026-Q2,5.09,,,,
ABS:LCI(1.0.0),5,20006,P3,50,Q,2025-Q4,0.21,,,,
ABS:LCI(1.0.0),5,20006,P3,50,Q,2026-Q1,0.1,,,,
ABS:LCI(1.0.0),5,20006,P3,50,Q,2026-Q2,0.08,,,,
ABS:LCI(1.0.0),5,20003,P4,50,Q,2025-Q4,0.02,,,,
ABS:LCI(1.0.0),5,20003,P4,50,Q,2026-Q1,0.5,,,,
ABS:LCI(1.0.0),5,20003,P4,50,Q,2026-Q2,0.04,,,,
ABS:LCI(1.0.0),5,131278,P1,50,Q,2025-Q4,-0.35,,,,
ABS:LCI(1.0.0),5,131278,P1,50,Q,2026-Q1,0.19,,,,
ABS:LCI(1.0.0),5,131278,P1,50,Q,2026-Q2,1.05,,,,
ABS:LCI(1.0.0),1,20003,PBLCI,50,Q,2007-Q2,49.96,,,,
ABS:LCI(1.0.0),1,20003,PBLCI,50,Q,2007-Q3,51.06,,,,
ABS:LCI(1.0.0),1,20003,PBLCI,50,Q,2007-Q4,51.81,,,,
ABS:LCI(1.0.0),1,20003,PBLCI,50,Q,2008-Q1,52.91,,,,
ABS:LCI(1.0.0),1,20003,PBLCI,50,Q,2008-Q2,53.31,,,,
ABS:LCI(1.0.0),1,20003,PBLCI,50,Q,2008-Q3,54.9,,,,
ABS:LCI(1.0.0),1,20003,PBLCI,50,Q,2008-Q4,55.75,,,,
ABS:LCI(1.0.0),1,20003,PBLCI,50,Q,2009-Q1,56.75,,,,
ABS:LCI(1.0.0),1,20003,PBLCI,50,Q,2009-Q2,56.97,,,,
ABS:LCI(1.0.0),1,20003,PBLCI,50,Q,2009-Q3,59.12,,,,
ABS:LCI(1.0.0),1,20003,PBLCI,50,Q,2009-Q4,59.76,,,,
ABS:LCI(1.0.0),1,20003,PBLCI,50,Q,2010-Q1,60.78,,,,
ABS:LCI(1.0.0),1,20003,PBLCI,50,Q,2010-Q2,61,,,,
ABS:LCI(1.0.0),1,20003,PBLCI,50,Q,2010-Q3,62.76,,,,
ABS:LCI(1.0.0),1,20003,PBLCI,50,Q,2010-Q4,63.43,,,,
ABS:LCI(1.0.0),1,20003,PBLCI,50,Q,2011-Q1,64.49,,,,
ABS:LCI(1.0.0),1,20003,PBLCI,50,Q,2011-Q2,64.51,,,,
ABS:LCI(1.0.0),1,20003,PBLCI,50,Q,2011-Q3,66.36,,,,
ABS:LCI(1.0.0),1,20003,PBLCI,50,Q,2011-Q4,66.9,,,,
ABS:LCI(1.0.0),1,20003,PBLCI,50,Q,2012-Q1,67.75,,,,
ABS:LCI(1.0.0),1,20003,PBLCI,50,Q,2012-Q2,68.05,,,,
ABS:LCI(1.0.0),1,20003,PBLCI,50,Q,2012-Q3,71.32,,,,
ABS:LCI(1.0.0),1,20003,PBLCI,50,Q,2012-Q4,71.55,,,,
ABS:LCI(1.0.0),1,20003,PBLCI,50,Q,2013-Q1,72.26,,,,
ABS:LCI(1.0.0),1,20003,PBLCI,50,Q,2013-Q2,72.69,,,,
ABS:LCI(1.0.0),1,20003,PBLCI,50,Q,2013-Q3,74.77,,,,
ABS:LCI(1.0.0),1,20003,PBLCI,50,Q,2013-Q4,75.04,,,,
ABS:LCI(1.0.0),1,20003,PBLCI,50,Q,2014-Q1,75.63,,,,
ABS:LCI(1.0.0),1,20003,PBLCI,50,Q,2014-Q2,75.82,,,,
ABS:LCI(1.0.0),1,20003,PBLCI,50,Q,2014-Q3,75.68,,,,
ABS:LCI(1.0.0),1,20003,PBLCI,50,Q,2014-Q4,75.87,,,,
ABS:LCI(1.0.0),1,20003,PBLCI,50,Q,2015-Q1,76.35,,,,
ABS:LCI(1.0.0),1,20003,PBLCI,50,Q,2015-Q2,76.47,,,,
ABS:LCI(1.0.0),1,20003,PBLCI,50,Q,2015-Q3,76.92,,,,
ABS:LCI(1.0.0),1,20003,PBLCI,50,Q,2015-Q4,76.98,,,,
ABS:LCI(1.0.0),1,20003,PBLCI,50,Q,2016-Q1,77.02,,,,
ABS:LCI(1.0.0),1,20003,PBLCI,50,Q,2016-Q2,77.13,,,,
ABS:LCI(1.0.0),1,20003,PBLCI,50,Q,2016-Q3,78.19,,,,
ABS:LCI(1.0.0),1,20003,PBLCI,50,Q,2016-Q4,78.25,,,,
ABS:LCI(1.0.0),1,20003,PBLCI,50,Q,2017-Q1,78.81,,,,
ABS:LCI(1.0.0),1,20003,PBLCI,50,Q,2017-Q2,78.97,,,,
ABS:LCI(1.0.0),1,20003,PBLCI,50,Q,2017-Q3,81.01,,,,
ABS:LCI(1.0.0),1,20003,PBLCI,50,Q,2017-Q4,81.17,,,,
ABS:LCI(1.0.0),1,20003,PBLCI,50,Q,2018-Q1,81.77,,,,
ABS:LCI(1.0.0),1,20003,PBLCI,50,Q,2018-Q2,81.56,,,,
ABS:LCI(1.0.0),1,20003,PBLCI,50,Q,2018-Q3,82.13,,,,
ABS:LCI(1.0.0),1,20003,PBLCI,50,Q,2018-Q4,82.32,,,,
ABS:LCI(1.0.0),1,20003,PBLCI,50,Q,2019-Q1,82.41,,,,
ABS:LCI(1.0.0),1,20003,PBLCI,50,Q,2019-Q2,82.27,,,,
ABS:LCI(1.0.0),1,20003,PBLCI,50,Q,2019-Q3,82.78,,,,
ABS:LCI(1.0.0),1,20003,PBLCI,50,Q,2019-Q4,82.76,,,,
ABS:LCI(1.0.0),1,20003,PBLCI,50,Q,2020-Q1,83.08,,,,
ABS:LCI(1.0.0),1,20003,PBLCI,50,Q,2020-Q2,81.95,,,,
ABS:LCI(1.0.0),1,20003,PBLCI,50,Q,2020-Q3,82.09,,,,
ABS:LCI(1.0.0),1,20003,PBLCI,50,Q,2020-Q4,81.01,,,,
ABS:LCI(1.0.0),1,20003,PBLCI,50,Q,2021-Q1,80.46,,,,
ABS:LCI(1.0.0),1,20003,PBLCI,50,Q,2021-Q2,81.48,,,,
ABS:LCI(1.0.0),1,20003,PBLCI,50,Q,2021-Q3,82.41,,,,
ABS:LCI(1.0.0),1,20003,PBLCI,50,Q,2021-Q4,82.71,,,,
ABS:LCI(1.0.0),1,20003,PBLCI,50,Q,2022-Q1,83.47,,,,
ABS:LCI(1.0.0),1,20003,PBLCI,50,Q,2022-Q2,83.87,,,,
ABS:LCI(1.0.0),1,20003,PBLCI,50,Q,2022-Q3,85.9,,,,
ABS:LCI(1.0.0),1,20003,PBLCI,50,Q,2022-Q4,87.57,,,,
ABS:LCI(1.0.0),1,20003,PBLCI,50,Q,2023-Q1,90.02,,,,
ABS:LCI(1.0.0),1,20003,PBLCI,50,Q,2023-Q2,90.8,,,,
ABS:LCI(1.0.0),1,20003,PBLCI,50,Q,2023-Q3,89.82,,,,
ABS:LCI(1.0.0),1,20003,PBLCI,50,Q,2023-Q4,90.91,,,,
ABS:LCI(1.0.0),1,20003,PBLCI,50,Q,2024-Q1,90.67,,,,
ABS:LCI(1.0.0),1,20003,PBLCI,50,Q,2024-Q2,92.64,,,,
ABS:LCI(1.0.0),1,20003,PBLCI,50,Q,2024-Q3,92.91,,,,
ABS:LCI(1.0.0),1,20003,PBLCI,50,Q,2024-Q4,90.93,,,,
ABS:LCI(1.0.0),1,20003,PBLCI,50,Q,2025-Q1,93.17,,,,
ABS:LCI(1.0.0),1,20003,PBLCI,50,Q,2025-Q2,96.37,,,,
ABS:LCI(1.0.0),1,20003,PBLCI,50,Q,2025-Q3,100,,,,
ABS:LCI(1.0.0),1,20003,PBLCI,50,Q,2025-Q4,99.25,,,,
ABS:LCI(1.0.0),1,20003,PBLCI,50,Q,2026-Q1,104.58,,,,
ABS:LCI(1.0.0),1,20003,PBLCI,50,Q,2026-Q2,105.07,,,,
ABS:LCI(1.0.0),1,115493,P4,50,Q,2007-Q2,44.39,,,,
ABS:LCI(1.0.0),1,115493,P4,50,Q,2007-Q3,43.74,,,,
ABS:LCI(1.0.0),1,115493,P4,50,Q,2007-Q4,43.76,,,,
ABS:LCI(1.0.0),1,115493,P4,50,Q,2008-Q1,46.3,,,,
ABS:LCI(1.0.0),1,115493,P4,50,Q,2008-Q2,46.33,,,,
ABS:LCI(1.0.0),1,115493,P4,50,Q,2008-Q3,46.01,,,,
ABS:LCI(1.0.0),1,115493,P4,50,Q,2008-Q4,46.03,,,,
ABS:LCI(1.0.0),1,115493,P4,50,Q,2009-Q1,48.96,,,,
ABS:LCI(1.0.0),1,115493,P4,50,Q,2009-Q2,49,,,,
ABS:LCI(1.0.0),1,115493,P4,50,Q,2009-Q3,49.02,,,,
ABS:LCI(1.0.0),1,115493,P4,50,Q,2009-Q4,49.06,,,,
ABS:LCI(1.0.0),1,115493,P4,50,Q,2010-Q1,51.66,,,,
ABS:LCI(1.0.0),1,115493,P4,50,Q,2010-Q2,51.67,,,,
ABS:LCI(1.0.0),1,115493,P4,50,Q,2010-Q3,51.74,,,,
ABS:LCI(1.0.0),1,115493,P4,50,Q,2010-Q4,51.73,,,,
ABS:LCI(1.0.0),1,115493,P4,50,Q,2011-Q1,54.86,,,,
ABS:LCI(1.0.0),1,115493,P4,50,Q,2011-Q2,54.87,,,,
ABS:LCI(1.0.0),1,115493,P4,50,Q,2011-Q3,54.89,,,,
ABS:LCI(1.0.0),1,115493,P4,50,Q,2011-Q4,54.9,,,,
ABS:LCI(1.0.0),1,115493,P4,50,Q,2012-Q1,58.29,,,,
ABS:LCI(1.0.0),1,115493,P4,50,Q,2012-Q2,58.3,,,,
ABS:LCI(1.0.0),1,115493,P4,50,Q,2012-Q3,58.33,,,,
ABS:LCI(1.0.0),1,115493,P4,50,Q,2012-Q4,58.34,,,,
ABS:LCI(1.0.0),1,115493,P4,50,Q,2013-Q1,61.64,,,,
ABS:LCI(1.0.0),1,115493,P4,50,Q,2013-Q2,61.57,,,,
ABS:LCI(1.0.0),1,115493,P4,50,Q,2013-Q3,61.59,,,,
ABS:LCI(1.0.0),1,115493,P4,50,Q,2013-Q4,61.6,,,,
ABS:LCI(1.0.0),1,115493,P4,50,Q,2014-Q1,64.86,,,,
ABS:LCI(1.0.0),1,115493,P4,50,Q,2014-Q2,64.87,,,,
ABS:LCI(1.0.0),1,115493,P4,50,Q,2014-Q3,64.9,,,,
ABS:LCI(1.0.0),1,115493,P4,50,Q,2014-Q4,64.92,,,,
ABS:LCI(1.0.0),1,115493,P4,50,Q,2015-Q1,68.37,,,,
ABS:LCI(1.0.0),1,115493,P4,50,Q,2015-Q2,68.38,,,,
ABS:LCI(1.0.0),1,115493,P4,50,Q,2015-Q3,68.44,,,,
ABS:LCI(1.0.0),1,115493,P4,50,Q,2015-Q4,68.44,,,,
ABS:LCI(1.0.0),1,115493,P4,50,Q,2016-Q1,70.8,,,,
ABS:LCI(1.0.0),1,115493,P4,50,Q,2016-Q2,70.81,,,,
ABS:LCI(1.0.0),1,115493,P4,50,Q,2016-Q3,70.89,,,,
ABS:LCI(1.0.0),1,115493,P4,50,Q,2016-Q4,70.9,,,,
ABS:LCI(1.0.0),1,115493,P4,50,Q,2017-Q1,73.23,,,,
ABS:LCI(1.0.0),1,115493,P4,50,Q,2017-Q2,73.23,,,,
ABS:LCI(1.0.0),1,115493,P4,50,Q,2017-Q3,73.26,,,,
ABS:LCI(1.0.0),1,115493,P4,50,Q,2017-Q4,73.27,,,,
ABS:LCI(1.0.0),1,115493,P4,50,Q,2018-Q1,75.45,,,,
ABS:LCI(1.0.0),1,115493,P4,50,Q,2018-Q2,75.46,,,,
ABS:LCI(1.0.0),1,115493,P4,50,Q,2018-Q3,75.6,,,,
ABS:LCI(1.0.0),1,115493,P4,50,Q,2018-Q4,75.6,,,,
ABS:LCI(1.0.0),1,115493,P4,50,Q,2019-Q1,78.21,,,,
ABS:LCI(1.0.0),1,115493,P4,50,Q,2019-Q2,78.22,,,,
ABS:LCI(1.0.0),1,115493,P4,50,Q,2019-Q3,78.24,,,,
ABS:LCI(1.0.0),1,115493,P4,50,Q,2019-Q4,78.25,,,,
ABS:LCI(1.0.0),1,115493,P4,50,Q,2020-Q1,80.61,,,,
ABS:LCI(1.0.0),1,115493,P4,50,Q,2020-Q2,79.68,,,,
ABS:LCI(1.0.0),1,115493,P4,50,Q,2020-Q3,80.11,,,,
ABS:LCI(1.0.0),1,115493,P4,50,Q,2020-Q4,80.38,,,,
ABS:LCI(1.0.0),1,115493,P4,50,Q,2021-Q1,81.32,,,,
ABS:LCI(1.0.0),1,115493,P4,50,Q,2021-Q2,81.32,,,,
ABS:LCI(1.0.0),1,115493,P4,50,Q,2021-Q3,81.34,,,,
ABS:LCI(1.0.0),1,115493,P4,50,Q,2021-Q4,81.34,,,,
ABS:LCI(1.0.0),1,115493,P4,50,Q,2022-Q1,84.48,,,,
ABS:LCI(1.0.0),1,115493,P4,50,Q,2022-Q2,84.48,,,,
ABS:LCI(1.0.0),1,115493,P4,50,Q,2022-Q3,84.48,,,,
ABS:LCI(1.0.0),1,115493,P4,50,Q,2022-Q4,84.5,,,,
ABS:LCI(1.0.0),1,115493,P4,50,Q,2023-Q1,89.13,,,,
ABS:LCI(1.0.0),1,115493,P4,50,Q,2023-Q2,89.06,,,,
ABS:LCI(1.0.0),1,115493,P4,50,Q,2023-Q3,89.05,,,,
ABS:LCI(1.0.0),1,115493,P4,50,Q,2023-Q4,89.03,,,,
ABS:LCI(1.0.0),1,115493,P4,50,Q,2024-Q1,94.44,,,,
ABS:LCI(1.0.0),1,115493,P4,50,Q,2024-Q2,94.5,,,,
ABS:LCI(1.0.0),1,115493,P4,50,Q,2024-Q3,94.62,,,,
ABS:LCI(1.0.0),1,115493,P4,50,Q,2024-Q4,94.61,,,,
ABS:LCI(1.0.0),1,115493,P4,50,Q,2025-Q1,99.94,,,,
ABS:LCI(1.0.0),1,115493,P4,50,Q,2025-Q2,99.94,,,,
ABS:LCI(1.0.0),1,115493,P4,50,Q,2025-Q3,100,,,,
ABS:LCI(1.0.0),1,115493,P4,50,Q,2025-Q4,100.03,,,,
ABS:LCI(1.0.0),1,115493,P4,50,Q,2026-Q1,103.67,,,,
ABS:LCI(1.0.0),1,115493,P4,50,Q,2026-Q2,105.5,,,,
ABS:LCI(1.0.0),1,126670,P4,50,Q,2007-Q2,43.49,,,,
ABS:LCI(1.0.0),1,126670,P4,50,Q,2007-Q3,44.22,,,,
ABS:LCI(1.0.0),1,126670,P4,50,Q,2007-Q4,45.12,,,,
ABS:LCI(1.0.0),1,126670,P4,50,Q,2008-Q1,46.5,,,,
ABS:LCI(1.0.0),1,126670,P4,50,Q,2008-Q2,48.11,,,,
ABS:LCI(1.0.0),1,126670,P4,50,Q,2008-Q3,49.62,,,,
ABS:LCI(1.0.0),1,126670,P4,50,Q,2008-Q4,49.85,,,,
ABS:LCI(1.0.0),1,126670,P4,50,Q,2009-Q1,49.97,,,,
ABS:LCI(1.0.0),1,126670,P4,50,Q,2009-Q2,48.43,,,,
ABS:LCI(1.0.0),1,126670,P4,50,Q,2009-Q3,49.59,,,,
ABS:LCI(1.0.0),1,126670,P4,50,Q,2009-Q4,50.35,,,,
ABS:LCI(1.0.0),1,126670,P4,50,Q,2010-Q1,51.82,,,,
ABS:LCI(1.0.0),1,126670,P4,50,Q,2010-Q2,52.72,,,,
ABS:LCI(1.0.0),1,126670,P4,50,Q,2010-Q3,54.13,,,,
ABS:LCI(1.0.0),1,126670,P4,50,Q,2010-Q4,54.66,,,,
ABS:LCI(1.0.0),1,126670,P4,50,Q,2011-Q1,55.87,,,,
ABS:LCI(1.0.0),1,126670,P4,50,Q,2011-Q2,56.66,,,,
ABS:LCI(1.0.0),1,126670,P4,50,Q,2011-Q3,56.78,,,,
ABS:LCI(1.0.0),1,126670,P4,50,Q,2011-Q4,57.26,,,,
ABS:LCI(1.0.0),1,126670,P4,50,Q,2012-Q1,57.1,,,,
ABS:LCI(1.0.0),1,126670,P4,50,Q,2012-Q2,57.45,,,,
ABS:LCI(1.0.0),1,126670,P4,50,Q,2012-Q3,57.85,,,,
ABS:LCI(1.0.0),1,126670,P4,50,Q,2012-Q4,58.61,,,,
ABS:LCI(1.0.0),1,126670,P4,50,Q,2013-Q1,59.73,,,,
ABS:LCI(1.0.0),1,126670,P4,50,Q,2013-Q2,59.67,,,,
ABS:LCI(1.0.0),1,126670,P4,50,Q,2013-Q3,59.08,,,,
ABS:LCI(1.0.0),1,126670,P4,50,Q,2013-Q4,58.96,,,,
ABS:LCI(1.0.0),1,126670,P4,50,Q,2014-Q1,59.19,,,,
ABS:LCI(1.0.0),1,126670,P4,50,Q,2014-Q2,59.29,,,,
ABS:LCI(1.0.0),1,126670,P4,50,Q,2014-Q3,59.55,,,,
ABS:LCI(1.0.0),1,126670,P4,50,Q,2014-Q4,60.29,,,,
ABS:LCI(1.0.0),1,126670,P4,50,Q,2015-Q1,60.28,,,,
ABS:LCI(1.0.0),1,126670,P4,50,Q,2015-Q2,59.84,,,,
ABS:LCI(1.0.0),1,126670,P4,50,Q,2015-Q3,60.29,,,,
ABS:LCI(1.0.0),1,126670,P4,50,Q,2015-Q4,61.12,,,,
ABS:LCI(1.0.0),1,126670,P4,50,Q,2016-Q1,62.05,,,,
ABS:LCI(1.0.0),1,126670,P4,50,Q,2016-Q2,62.69,,,,
ABS:LCI(1.0.0),1,126670,P4,50,Q,2016-Q3,64.06,,,,
ABS:LCI(1.0.0),1,126670,P4,50,Q,2016-Q4,64.61,,,,
ABS:LCI(1.0.0),1,126670,P4,50,Q,2017-Q1,65.64,,,,
ABS:LCI(1.0.0),1,126670,P4,50,Q,2017-Q2,65.32,,,,
ABS:LCI(1.0.0),1,126670,P4,50,Q,2017-Q3,66.07,,,,
ABS:LCI(1.0.0),1,126670,P4,50,Q,2017-Q4,67.06,,,,
ABS:LCI(1.0.0),1,126670,P4,50,Q,2018-Q1,67.27,,,,
ABS:LCI(1.0.0),1,126670,P4,50,Q,2018-Q2,67.7,,,,
ABS:LCI(1.0.0),1,126670,P4,50,Q,2018-Q3,68.2,,,,
ABS:LCI(1.0.0),1,126670,P4,50,Q,2018-Q4,68.6,,,,
ABS:LCI(1.0.0),1,126670,P4,50,Q,2019-Q1,68.41,,,,
ABS:LCI(1.0.0),1,126670,P4,50,Q,2019-Q2,68.42,,,,
ABS:LCI(1.0.0),1,126670,P4,50,Q,2019-Q3,68.27,,,,
ABS:LCI(1.0.0),1,126670,P4,50,Q,2019-Q4,68.26,,,,
ABS:LCI(1.0.0),1,126670,P4,50,Q,2020-Q1,68.53,,,,
ABS:LCI(1.0.0),1,126670,P4,50,Q,2020-Q2,68.73,,,,
ABS:LCI(1.0.0),1,126670,P4,50,Q,2020-Q3,68.6,,,,
ABS:LCI(1.0.0),1,126670,P4,50,Q,2020-Q4,68.84,,,,
ABS:LCI(1.0.0),1,126670,P4,50,Q,2021-Q1,68.45,,,,
ABS:LCI(1.0.0),1,126670,P4,50,Q,2021-Q2,69.4,,,,
ABS:LCI(1.0.0),1,126670,P4,50,Q,2021-Q3,70.18,,,,
ABS:LCI(1.0.0),1,126670,P4,50,Q,2021-Q4,70.41,,,,
ABS:LCI(1.0.0),1,126670,P4,50,Q,2022-Q1,71.11,,,,
ABS:LCI(1.0.0),1,126670,P4,50,Q,2022-Q2,71.31,,,,
ABS:LCI(1.0.0),1,126670,P4,50,Q,2022-Q3,73.48,,,,
ABS:LCI(1.0.0),1,126670,P4,50,Q,2022-Q4,75.97,,,,
ABS:LCI(1.0.0),1,126670,P4,50,Q,2023-Q1,79.31,,,,
ABS:LCI(1.0.0),1,126670,P4,50,Q,2023-Q2,83.45,,,,
ABS:LCI(1.0.0),1,126670,P4,50,Q,2023-Q3,86.08,,,,
ABS:LCI(1.0.0),1,126670,P4,50,Q,2023-Q4,89.65,,,,
ABS:LCI(1.0.0),1,126670,P4,50,Q,2024-Q1,93.57,,,,
ABS:LCI(1.0.0),1,126670,P4,50,Q,2024-Q2,96.35,,,,
ABS:LCI(1.0.0),1,126670,P4,50,Q,2024-Q3,98.91,,,,
ABS:LCI(1.0.0),1,126670,P4,50,Q,2024-Q4,99.84,,,,
ABS:LCI(1.0.0),1,126670,P4,50,Q,2025-Q1,100.16,,,,
ABS:LCI(1.0.0),1,126670,P4,50,Q,2025-Q2,99.58,,,,
ABS:LCI(1.0.0),1,126670,P4,50,Q,2025-Q3,100,,,,
ABS:LCI(1.0.0),1,126670,P4,50,Q,2025-Q4,100.47,,,,
ABS:LCI(1.0.0),1,126670,P4,50,Q,2026-Q1,102.57,,,,
ABS:LCI(1.0.0),1,126670,P4,50,Q,2026-Q2,104.7,,,,
ABS:LCI(1.0.0),2,10001,PBLCI,50,Q,2007-Q3,0.9,,,,
ABS:LCI(1.0.0),2,10001,PBLCI,50,Q,2007-Q4,0.8,,,,
ABS:LCI(1.0.0),2,10001,PBLCI,50,Q,2008-Q1,1.7,,,,
ABS:LCI(1.0.0),2,10001,PBLCI,50,Q,2008-Q2,1.2,,,,
ABS:LCI(1.0.0),2,10001,PBLCI,50,Q,2008-Q3,1.3,,,,
ABS:LCI(1.0.0),2,10001,PBLCI,50,Q,2008-Q4,-0.1,,,,
ABS:LCI(1.0.0),2,10001,PBLCI,50,Q,2009-Q1,0.9,,,,
ABS:LCI(1.0.0),2,10001,PBLCI,50,Q,2009-Q2,0.1,,,,
ABS:LCI(1.0.0),2,10001,PBLCI,50,Q,2009-Q3,1,,,,
ABS:LCI(1.0.0),2,10001,PBLCI,50,Q,2009-Q4,0.6,,,,
ABS:LCI(1.0.0),2,10001,PBLCI,50,Q,2010-Q1,1.2,,,,
ABS:LCI(1.0.0),2,10001,PBLCI,50,Q,2010-Q2,1,,,,
ABS:LCI(1.0.0),2,10001,PBLCI,50,Q,2010-Q3,1,,,,
ABS:LCI(1.0.0),2,10001,PBLCI,50,Q,2010-Q4,0.7,,,,
ABS:LCI(1.0.0),2,10001,PBLCI,50,Q,2011-Q1,1.8,,,,
ABS:LCI(1.0.0),2,10001,PBLCI,50,Q,2011-Q2,0.9,,,,
ABS:LCI(1.0.0),2,10001,PBLCI,50,Q,2011-Q3,0.6,,,,
ABS:LCI(1.0.0),2,10001,PBLCI,50,Q,2011-Q4,-0.2,,,,
ABS:LCI(1.0.0),2,10001,PBLCI,50,Q,2012-Q1,0.1,,,,
ABS:LCI(1.0.0),2,10001,PBLCI,50,Q,2012-Q2,0.5,,,,
ABS:LCI(1.0.0),2,10001,PBLCI,50,Q,2012-Q3,1.5,,,,
ABS:LCI(1.0.0),2,10001,PBLCI,50,Q,2012-Q4,0.1,,,,
ABS:LCI(1.0.0),2,10001,PBLCI,50,Q,2013-Q1,0.4,,,,
ABS:LCI(1.0.0),2,10001,PBLCI,50,Q,2013-Q2,0.3,,,,
ABS:LCI(1.0.0),2,10001,PBLCI,50,Q,2013-Q3,1.1,,,,
ABS:LCI(1.0.0),2,10001,PBLCI,50,Q,2013-Q4,0.5,,,,
ABS:LCI(1.0.0),2,10001,PBLCI,50,Q,2014-Q1,1,,,,
ABS:LCI(1.0.0),2,10001,PBLCI,50,Q,2014-Q2,0.4,,,,
ABS:LCI(1.0.0),2,10001,PBLCI,50,Q,2014-Q3,0.2,,,,
ABS:LCI(1.0.0),2,10001,PBLCI,50,Q,2014-Q4,0,,,,
ABS:LCI(1.0.0),2,10001,PBLCI,50,Q,2015-Q1,0.3,,,,
ABS:LCI(1.0.0),2,10001,PBLCI,50,Q,2015-Q2,0.5,,,,
ABS:LCI(1.0.0),2,10001,PBLCI,50,Q,2015-Q3,0.1,,,,
ABS:LCI(1.0.0),2,10001,PBLCI,50,Q,2015-Q4,0.4,,,,
ABS:LCI(1.0.0),2,10001,PBLCI,50,Q,2016-Q1,0,,,,
ABS:LCI(1.0.0),2,10001,PBLCI,50,Q,2016-Q2,0.4,,,,
ABS:LCI(1.0.0),2,10001,PBLCI,50,Q,2016-Q3,0.7,,,,
ABS:LCI(1.0.0),2,10001,PBLCI,50,Q,2016-Q4,0.6,,,,
ABS:LCI(1.0.0),2,10001,PBLCI,50,Q,2017-Q1,0.7,,,,
ABS:LCI(1.0.0),2,10001,PBLCI,50,Q,2017-Q2,0.1,,,,
ABS:LCI(1.0.0),2,10001,PBLCI,50,Q,2017-Q3,0.6,,,,
ABS:LCI(1.0.0),2,10001,PBLCI,50,Q,2017-Q4,0.8,,,,
ABS:LCI(1.0.0),2,10001,PBLCI,50,Q,2018-Q1,0.7,,,,
ABS:LCI(1.0.0),2,10001,PBLCI,50,Q,2018-Q2,0.3,,,,
ABS:LCI(1.0.0),2,10001,PBLCI,50,Q,2018-Q3,0.4,,,,
ABS:LCI(1.0.0),2,10001,PBLCI,50,Q,2018-Q4,0.6,,,,
ABS:LCI(1.0.0),2,10001,PBLCI,50,Q,2019-Q1,0.3,,,,
ABS:LCI(1.0.0),2,10001,PBLCI,50,Q,2019-Q2,0.6,,,,
ABS:LCI(1.0.0),2,10001,PBLCI,50,Q,2019-Q3,0.4,,,,
ABS:LCI(1.0.0),2,10001,PBLCI,50,Q,2019-Q4,0.7,,,,
ABS:LCI(1.0.0),2,10001,PBLCI,50,Q,2020-Q1,0.7,,,,
ABS:LCI(1.0.0),2,10001,PBLCI,50,Q,2020-Q2,-1.4,,,,
ABS:LCI(1.0.0),2,10001,PBLCI,50,Q,2020-Q3,0.8,,,,
ABS:LCI(1.0.0),2,10001,PBLCI,50,Q,2020-Q4,0.5,,,,
ABS:LCI(1.0.0),2,10001,PBLCI,50,Q,2021-Q1,0.7,,,,
ABS:LCI(1.0.0),2,10001,PBLCI,50,Q,2021-Q2,0.9,,,,
ABS:LCI(1.0.0),2,10001,PBLCI,50,Q,2021-Q3,0.5,,,,
ABS:LCI(1.0.0),2,10001,PBLCI,50,Q,2021-Q4,0.8,,,,
ABS:LCI(1.0.0),2,10001,PBLCI,50,Q,2022-Q1,2.3,,,,
ABS:LCI(1.0.0),2,10001,PBLCI,50,Q,2022-Q2,1.3,,,,
ABS:LCI(1.0.0),2,10001,PBLCI,50,Q,2022-Q3,1.8,,,,
ABS:LCI(1.0.0),2,10001,PBLCI,50,Q,2022-Q4,1.9,,,,
ABS:LCI(1.0.0),2,10001,PBLCI,50,Q,2023-Q1,2.1,,,,
ABS:LCI(1.0.0),2,10001,PBLCI,50,Q,2023-Q2,1.1,,,,
ABS:LCI(1.0.0),2,10001,PBLCI,50,Q,2023-Q3,0.5,,,,
ABS:LCI(1.0.0),2,10001,PBLCI,50,Q,2023-Q4,1,,,,
ABS:LCI(1.0.0),2,10001,PBLCI,50,Q,2024-Q1,1.3,,,,
ABS:LCI(1.0.0),2,10001,PBLCI,50,Q,2024-Q2,1.3,,,,
ABS:LCI(1.0.0),2,10001,PBLCI,50,Q,2024-Q3,0.3,,,,
ABS:LCI(1.0.0),2,10001,PBLCI,50,Q,2024-Q4,-0.1,,,,
ABS:LCI(1.0.0),2,10001,PBLCI,50,Q,2025-Q1,1.6,,,,
ABS:LCI(1.0.0),2,10001,PBLCI,50,Q,2025-Q2,1,,,,
ABS:LCI(1.0.0),2,10001,PBLCI,50,Q,2025-Q3,1.3,,,,
ABS:LCI(1.0.0),2,10001,PBLCI,50,Q,2025-Q4,0.1,,,,
ABS:LCI(1.0.0),2,10001,PBLCI,50,Q,2026-Q1,2.5,,,,
ABS:LCI(1.0.0),2,10001,PBLCI,50,Q,2026-Q2,0.6,,,,
ABS:LCI(1.0.0),2,115488,P1,50,Q,2007-Q3,0.1,,,,
ABS:LCI(1.0.0),2,115488,P1,50,Q,2007-Q4,0,,,,
ABS:LCI(1.0.0),2,115488,P1,50,Q,2008-Q1,-0.1,,,,
ABS:LCI(1.0.0),2,115488,P1,50,Q,2008-Q2,0.1,,,,
ABS:LCI(1.0.0),2,115488,P1,50,Q,2008-Q3,0.3,,,,
ABS:LCI(1.0.0),2,115488,P1,50,Q,2008-Q4,0.3,,,,
ABS:LCI(1.0.0),2,115488,P1,50,Q,2009-Q1,0.4,,,,
ABS:LCI(1.0.0),2,115488,P1,50,Q,2009-Q2,0.2,,,,
ABS:LCI(1.0.0),2,115488,P1,50,Q,2009-Q3,0,,,,
ABS:LCI(1.0.0),2,115488,P1,50,Q,2009-Q4,-0.1,,,,
ABS:LCI(1.0.0),2,115488,P1,50,Q,2010-Q1,-0.1,,,,
ABS:LCI(1.0.0),2,115488,P1,50,Q,2010-Q2,0,,,,
ABS:LCI(1.0.0),2,115488,P1,50,Q,2010-Q3,-0.3,,,,
ABS:LCI(1.0.0),2,115488,P1,50,Q,2010-Q4,0,,,,
ABS:LCI(1.0.0),2,115488,P1,50,Q,2011-Q1,0.2,,,,
ABS:LCI(1.0.0),2,115488,P1,50,Q,2011-Q2,0.4,,,,
ABS:LCI(1.0.0),2,115488,P1,50,Q,2011-Q3,0,,,,
ABS:LCI(1.0.0),2,115488,P1,50,Q,2011-Q4,1.1,,,,
ABS:LCI(1.0.0),2,115488,P1,50,Q,2012-Q1,0.1,,,,
ABS:LCI(1.0.0),2,115488,P1,50,Q,2012-Q2,-0.3,,,,
ABS:LCI(1.0.0),2,115488,P1,50,Q,2012-Q3,0.5,,,,
ABS:LCI(1.0.0),2,115488,P1,50,Q,2012-Q4,1.3,,,,
ABS:LCI(1.0.0),2,115488,P1,50,Q,2013-Q1,0,,,,
ABS:LCI(1.0.0),2,115488,P1,50,Q,2013-Q2,0.4,,,,
ABS:LCI(1.0.0),2,115488,P1,50,Q,2013-Q3,0.1,,,,
ABS:LCI(1.0.0),2,115488,P1,50,Q,2013-Q4,1.2,,,,
ABS:LCI(1.0.0),2,115488,P1,50,Q,2014-Q1,0.2,,,,
ABS:LCI(1.0.0),2,115488,P1,50,Q,2014-Q2,-1.7,,,,
ABS:LCI(1.0.0),2,115488,P1,50,Q,2014-Q3,-1.4,,,,
ABS:LCI(1.0.0),2,115488,P1,50,Q,2014-Q4,-0.1,,,,
ABS:LCI(1.0.0),2,115488,P1,50,Q,2015-Q1,-1.3,,,,
ABS:LCI(1.0.0),2,115488,P1,50,Q,2015-Q2,-0.7,,,,
ABS:LCI(1.0.0),2,115488,P1,50,Q,2015-Q3,-2,,,,
ABS:LCI(1.0.0),2,115488,P1,50,Q,2015-Q4,-2.4,,,,
ABS:LCI(1.0.0),2,115488,P1,50,Q,2016-Q1,-1.6,,,,
ABS:LCI(1.0.0),2,115488,P1,50,Q,2016-Q2,-1.5,,,,
ABS:LCI(1.0.0),2,115488,P1,50,Q,2016-Q3,-2.4,,,,
ABS:LCI(1.0.0),2,115488,P1,50,Q,2016-Q4,-0.7,,,,
ABS:LCI(1.0.0),2,115488,P1,50,Q,2017-Q1,-0.4,,,,
ABS:LCI(1.0.0),2,115488,P1,50,Q,2017-Q2,-0.5,,,,
ABS:LCI(1.0.0),2,115488,P1,50,Q,2017-Q3,-1.4,,,,
ABS:LCI(1.0.0),2,115488,P1,50,Q,2017-Q4,-1.3,,,,
ABS:LCI(1.0.0),2,115488,P1,50,Q,2018-Q1,-0.3,,,,
ABS:LCI(1.0.0),2,115488,P1,50,Q,2018-Q2,-1.3,,,,
ABS:LCI(1.0.0),2,115488,P1,50,Q,2018-Q3,-1.4,,,,
ABS:LCI(1.0.0),2,115488,P1,50,Q,2018-Q4,-1.4,,,,
ABS:LCI(1.0.0),2,115488,P1,50,Q,2019-Q1,-0.6,,,,
ABS:LCI(1.0.0),2,115488,P1,50,Q,2019-Q2,-1.2,,,,
ABS:LCI(1.0.0),2,115488,P1,50,Q,2019-Q3,-1.1,,,,
ABS:LCI(1.0.0),2,115488,P1,50,Q,2019-Q4,-1,,,,
ABS:LCI(1.0.0),2,115488,P1,50,Q,2020-Q1,-0.2,,,,
ABS:LCI(1.0.0),2,115488,P1,50,Q,2020-Q2,-1.3,,,,
ABS:LCI(1.0.0),2,115488,P1,50,Q,2020-Q3,-0.8,,,,
ABS:LCI(1.0.0),2,115488,P1,50,Q,2020-Q4,-0.4,,,,
ABS:LCI(1.0.0),2,115488,P1,50,Q,2021-Q1,0.4,,,,
ABS:LCI(1.0.0),2,115488,P1,50,Q,2021-Q2,-0.6,,,,
ABS:LCI(1.0.0),2,115488,P1,50,Q,2021-Q3,-0.6,,,,
ABS:LCI(1.0.0),2,115488,P1,50,Q,2021-Q4,0.2,,,,
ABS:LCI(1.0.0),2,115488,P1,50,Q,2022-Q1,0.3,,,,
ABS:LCI(1.0.0),2,115488,P1,50,Q,2022-Q2,0.1,,,,
ABS:LCI(1.0.0),2,115488,P1,50,Q,2022-Q3,1.4,,,,
ABS:LCI(1.0.0),2,115488,P1,50,Q,2022-Q4,-0.4,,,,
ABS:LCI(1.0.0),2,115488,P1,50,Q,2023-Q1,0.1,,,,
ABS:LCI(1.0.0),2,115488,P1,50,Q,2023-Q2,-0.5,,,,
ABS:LCI(1.0.0),2,115488,P1,50,Q,2023-Q3,2.1,,,,
ABS:LCI(1.0.0),2,115488,P1,50,Q,2023-Q4,0.3,,,,
ABS:LCI(1.0.0),2,115488,P1,50,Q,2024-Q1,-0.3,,,,
ABS:LCI(1.0.0),2,115488,P1,50,Q,2024-Q2,-0.7,,,,
ABS:LCI(1.0.0),2,115488,P1,50,Q,2024-Q3,0.5,,,,
ABS:LCI(1.0.0),2,115488,P1,50,Q,2024-Q4,0.5,,,,
ABS:LCI(1.0.0),2,115488,P1,50,Q,2025-Q1,-0.3,,,,
ABS:LCI(1.0.0),2,115488,P1,50,Q,2025-Q2,0.2,,,,
ABS:LCI(1.0.0),2,115488,P1,50,Q,2025-Q3,1.4,,,,
ABS:LCI(1.0.0),2,115488,P1,50,Q,2025-Q4,0,,,,
ABS:LCI(1.0.0),2,115488,P1,50,Q,2026-Q1,0,,,,
ABS:LCI(1.0.0),2,115488,P1,50,Q,2026-Q2,0.6,,,,
ABS:LCI(1.0.0),2,131279,P3,50,Q,1998-Q3,-0.9,,,,
ABS:LCI(1.0.0),2,131279,P3,50,Q,1998-Q4,-0.8,,,,
ABS:LCI(1.0.0),2,131279,P3,50,Q,1999-Q1,-1.5,,,,
ABS:LCI(1.0.0),2,131279,P3,50,Q,1999-Q2,-1.7,,,,
ABS:LCI(1.0.0),2,131279,P3,50,Q,1999-Q3,-1.3,,,,
ABS:LCI(1.0.0),2,131279,P3,50,Q,1999-Q4,0.5,,,,
ABS:LCI(1.0.0),2,131279,P3,50,Q,2000-Q1,-0.6,,,,
ABS:LCI(1.0.0),2,131279,P3,50,Q,2000-Q2,-2.4,,,,
ABS:LCI(1.0.0),2,131279,P3,50,Q,2000-Q3,4.1,,,,
ABS:LCI(1.0.0),2,131279,P3,50,Q,2000-Q4,2.5,,,,
ABS:LCI(1.0.0),2,131279,P3,50,Q,2001-Q1,-0.4,,,,
ABS:LCI(1.0.0),2,131279,P3,50,Q,2001-Q2,-0.5,,,,
ABS:LCI(1.0.0),2,131279,P3,50,Q,2001-Q3,-0.5,,,,
ABS:LCI(1.0.0),2,131279,P3,50,Q,2001-Q4,-0.5,,,,
ABS:LCI(1.0.0),2,131279,P3,50,Q,2002-Q1,1.9,,,,
ABS:LCI(1.0.0),2,131279,P3,50,Q,2002-Q2,-1.3,,,,
ABS:LCI(1.0.0),2,131279,P3,50,Q,2002-Q3,0.9,,,,
ABS:LCI(1.0.0),2,131279,P3,50,Q,2002-Q4,0.4,,,,
ABS:LCI(1.0.0),2,131279,P3,50,Q,2003-Q1,0.6,,,,
ABS:LCI(1.0.0),2,131279,P3,50,Q,2003-Q2,1.2,,,,
ABS:LCI(1.0.0),2,131279,P3,50,Q,2003-Q3,0.7,,,,
ABS:LCI(1.0.0),2,131279,P3,50,Q,2003-Q4,0.5,,,,
ABS:LCI(1.0.0),2,131279,P3,50,Q,2004-Q1,0.4,,,,
ABS:LCI(1.0.0),2,131279,P3,50,Q,2004-Q2,1.4,,,,
ABS:LCI(1.0.0),2,131279,P3,50,Q,2004-Q3,2.9,,,,
ABS:LCI(1.0.0),2,131279,P3,50,Q,2004-Q4,0.5,,,,
ABS:LCI(1.0.0),2,131279,P3,50,Q,2005-Q1,0.7,,,,
ABS:LCI(1.0.0),2,131279,P3,50,Q,2005-Q2,0.6,,,,
ABS:LCI(1.0.0),2,131279,P3,50,Q,2005-Q3,0.7,,,,
ABS:LCI(1.0.0),2,131279,P3,50,Q,2005-Q4,-0.9,,,,
ABS:LCI(1.0.0),2,131279,P3,50,Q,2006-Q1,0.5,,,,
ABS:LCI(1.0.0),2,131279,P3,50,Q,2006-Q2,1.2,,,,
ABS:LCI(1.0.0),2,131279,P3,50,Q,2006-Q3,1.8,,,,
ABS:LCI(1.0.0),2,131279,P3,50,Q,2006-Q4,1.8,,,,
ABS:LCI(1.0.0),2,131279,P3,50,Q,2007-Q1,1.4,,,,
ABS:LCI(1.0.0),2,131279,P3,50,Q,2007-Q2,0,,,,
ABS:LCI(1.0.0),2,131279,P3,50,Q,2007-Q3,3.3,,,,
ABS:LCI(1.0.0),2,131279,P3,50,Q,2007-Q4,2.2,,,,
ABS:LCI(1.0.0),2,131279,P3,50,Q,2008-Q1,3.3,,,,
ABS:LCI(1.0.0),2,131279,P3,50,Q,2008-Q2,2.1,,,,
ABS:LCI(1.0.0),2,131279,P3,50,Q,2008-Q3,3.4,,,,
ABS:LCI(1.0.0),2,131279,P3,50,Q,2008-Q4,5.2,,,,
ABS:LCI(1.0.0),2,131279,P3,50,Q,2009-Q1,-4.3,,,,
ABS:LCI(1.0.0),2,131279,P3,50,Q,2009-Q2,-2.7,,,,
ABS:LCI(1.0.0),2,131279,P3,50,Q,2009-Q3,0.2,,,,
ABS:LCI(1.0.0),2,131279,P3,50,Q,2009-Q4,2.3,,,,
ABS:LCI(1.0.0),2,131279,P3,50,Q,2010-Q1,3.5,,,,
ABS:LCI(1.0.0),2,131279,P3,50,Q,2010-Q2,2.4,,,,
ABS:LCI(1.0.0),2,131279,P3,50,Q,2010-Q3,2.2,,,,
ABS:LCI(1.0.0),2,131279,P3,50,Q,2010-Q4,2.5,,,,
ABS:LCI(1.0.0),2,131279,P3,50,Q,2011-Q1,1.7,,,,
ABS:LCI(1.0.0),2,131279,P3,50,Q,2011-Q2,0.7,,,,
ABS:LCI(1.0.0),2,131279,P3,50,Q,2011-Q3,2.5,,,,
ABS:LCI(1.0.0),2,131279,P3,50,Q,2011-Q4,0.4,,,,
ABS:LCI(1.0.0),2,131279,P3,50,Q,2012-Q1,-0.9,,,,
ABS:LCI(1.0.0),2,131279,P3,50,Q,2012-Q2,0,,,,
ABS:LCI(1.0.0),2,131279,P3,50,Q,2012-Q3,-0.8,,,,
ABS:LCI(1.0.0),2,131279,P3,50,Q,2012-Q4,-0.2,,,,
ABS:LCI(1.0.0),2,131279,P3,50,Q,2013-Q1,-0.1,,,,
ABS:LCI(1.0.0),2,131279,P3,50,Q,2013-Q2,-1.5,,,,
ABS:LCI(1.0.0),2,131279,P3,50,Q,2013-Q3,0.8,,,,
ABS:LCI(1.0.0),2,131279,P3,50,Q,2013-Q4,-0.4,,,,
ABS:LCI(1.0.0),2,131279,P3,50,Q,2014-Q1,0.9,,,,
ABS:LCI(1.0.0),2,131279,P3,50,Q,2014-Q2,-1.3,,,,
ABS:LCI(1.0.0),2,131279,P3,50,Q,2014-Q3,0.9,,,,
ABS:LCI(1.0.0),2,131279,P3,50,Q,2014-Q4,-0.7,,,,
ABS:LCI(1.0.0),2,131279,P3,50,Q,2015-Q1,0.5,,,,
ABS:LCI(1.0.0),2,131279,P3,50,Q,2015-Q2,-1.2,,,,
ABS:LCI(1.0.0),2,131279,P3,50,Q,2015-Q3,0.6,,,,
ABS:LCI(1.0.0),2,131279,P3,50,Q,2015-Q4,-0.3,,,,
ABS:LCI(1.0.0),2,131279,P3,50,Q,2016-Q1,0.7,,,,
ABS:LCI(1.0.0),2,131279,P3,50,Q,2016-Q2,0.2,,,,
ABS:LCI(1.0.0),2,131279,P3,50,Q,2016-Q3,0.6,,,,
ABS:LCI(1.0.0),2,131279,P3,50,Q,2016-Q4,-0.6,,,,
ABS:LCI(1.0.0),2,131279,P3,50,Q,2017-Q1,-0.3,,,,
ABS:LCI(1.0.0),2,131279,P3,50,Q,2017-Q2,0.4,,,,
ABS:LCI(1.0.0),2,131279,P3,50,Q,2017-Q3,1.2,,,,
ABS:LCI(1.0.0),2,131279,P3,50,Q,2017-Q4,0.1,,,,
ABS:LCI(1.0.0),2,131279,P3,50,Q,2018-Q1,1.2,,,,
ABS:LCI(1.0.0),2,131279,P3,50,Q,2018-Q2,-0.3,,,,
ABS:LCI(1.0.0),2,131279,P3,50,Q,2018-Q3,0.7,,,,
ABS:LCI(1.0.0),2,131279,P3,50,Q,2018-Q4,-0.1,,,,
ABS:LCI(1.0.0),2,131279,P3,50,Q,2019-Q1,-0.7,,,,
ABS:LCI(1.0.0),2,131279,P3,50,Q,2019-Q2,0,,,,
ABS:LCI(1.0.0),2,131279,P3,50,Q,2019-Q3,1.1,,,,
ABS:LCI(1.0.0),2,131279,P3,50,Q,2019-Q4,-0.5,,,,
ABS:LCI(1.0.0),2,131279,P3,50,Q,2020-Q1,-0.2,,,,
ABS:LCI(1.0.0),2,131279,P3,50,Q,2020-Q2,1.8,,,,
ABS:LCI(1.0.0),2,131279,P3,50,Q,2020-Q3,-3.8,,,,
ABS:LCI(1.0.0),2,131279,P3,50,Q,2020-Q4,-2.9,,,,
ABS:LCI(1.0.0),2,131279,P3,50,Q,2021-Q1,-0.9,,,,
ABS:LCI(1.0.0),2,131279,P3,50,Q,2021-Q2,-1.6,,,,
ABS:LCI(1.0.0),2,131279,P3,50,Q,2021-Q3,1.1,,,,
ABS:LCI(1.0.0),2,131279,P3,50,Q,2021-Q4,-2.6,,,,
ABS:LCI(1.0.0),2,131279,P3,50,Q,2022-Q1,-1.4,,,,
ABS:LCI(1.0.0),2,131279,P3,50,Q,2022-Q2,-0.9,,,,
ABS:LCI(1.0.0),2,131279,P3,50,Q,2022-Q3,1,,,,
ABS:LCI(1.0.0),2,131279,P3,50,Q,2022-Q4,1.9,,,,
ABS:LCI(1.0.0),2,131279,P3,50,Q,2023-Q1,3,,,,
ABS:LCI(1.0.0),2,131279,P3,50,Q,2023-Q2,1.5,,,,
ABS:LCI(1.0.0),2,131279,P3,50,Q,2023-Q3,3.4,,,,
ABS:LCI(1.0.0),2,131279,P3,50,Q,2023-Q4,2.9,,,,
ABS:LCI(1.0.0),2,131279,P3,50,Q,2024-Q1,2.4,,,,
ABS:LCI(1.0.0),2,131279,P3,50,Q,2024-Q2,2.1,,,,
ABS:LCI(1.0.0),2,131279,P3,50,Q,2024-Q3,3.1,,,,
ABS:LCI(1.0.0),2,131279,P3,50,Q,2024-Q4,0.2,,,,
ABS:LCI(1.0.0),2,131279,P3,50,Q,2025-Q1,2.5,,,,
ABS:LCI(1.0.0),2,131279,P3,50,Q,2025-Q2,1.2,,,,
ABS:LCI(1.0.0),2,131279,P3,50,Q,2025-Q3,0.3,,,,
ABS:LCI(1.0.0),2,131279,P3,50,Q,2025-Q4,-0.5,,,,
ABS:LCI(1.0.0),2,131279,P3,50,Q,2026-Q1,1.4,,,,
ABS:LCI(1.0.0),2,131279,P3,50,Q,2026-Q2,1.1,,,,
ABS:LCI(1.0.0),3,20003,P2,50,Q,2008-Q2,6.3,,,,
ABS:LCI(1.0.0),3,20003,P2,50,Q,2008-Q3,7.2,,,,
ABS:LCI(1.0.0),3,20003,P2,50,Q,2008-Q4,7.3,,,,
ABS:LCI(1.0.0),3,20003,P2,50,Q,2009-Q1,7,,,,
ABS:LCI(1.0.0),3,20003,P2,50,Q,2009-Q2,6.7,,,,
ABS:LCI(1.0.0),3,20003,P2,50,Q,2009-Q3,7.8,,,,
ABS:LCI(1.0.0),3,20003,P2,50,Q,2009-Q4,7.4,,,,
ABS:LCI(1.0.0),3,20003,P2,50,Q,2010-Q1,7.5,,,,
ABS:LCI(1.0.0),3,20003,P2,50,Q,2010-Q2,7.4,,,,
ABS:LCI(1.0.0),3,20003,P2,50,Q,2010-Q3,6.4,,,,
ABS:LCI(1.0.0),3,20003,P2,50,Q,2010-Q4,6.5,,,,
ABS:LCI(1.0.0),3,20003,P2,50,Q,2011-Q1,6.3,,,,
ABS:LCI(1.0.0),3,20003,P2,50,Q,2011-Q2,6.1,,,,
ABS:LCI(1.0.0),3,20003,P2,50,Q,2011-Q3,6.3,,,,
ABS:LCI(1.0.0),3,20003,P2,50,Q,2011-Q4,5.8,,,,
ABS:LCI(1.0.0),3,20003,P2,50,Q,2012-Q1,5.4,,,,
ABS:LCI(1.0.0),3,20003,P2,50,Q,2012-Q2,5.8,,,,
ABS:LCI(1.0.0),3,20003,P2,50,Q,2012-Q3,8.4,,,,
ABS:LCI(1.0.0),3,20003,P2,50,Q,2012-Q4,7.9,,,,
ABS:LCI(1.0.0),3,20003,P2,50,Q,2013-Q1,7.8,,,,
ABS:LCI(1.0.0),3,20003,P2,50,Q,2013-Q2,7.9,,,,
ABS:LCI(1.0.0),3,20003,P2,50,Q,2013-Q3,5.6,,,,
ABS:LCI(1.0.0),3,20003,P2,50,Q,2013-Q4,5.7,,,,
ABS:LCI(1.0.0),3,20003,P2,50,Q,2014-Q1,5.4,,,,
ABS:LCI(1.0.0),3,20003,P2,50,Q,2014-Q2,5.2,,,,
ABS:LCI(1.0.0),3,20003,P2,50,Q,2014-Q3,1.1,,,,
ABS:LCI(1.0.0),3,20003,P2,50,Q,2014-Q4,0.9,,,,
ABS:LCI(1.0.0),3,20003,P2,50,Q,2015-Q1,0.9,,,,
ABS:LCI(1.0.0),3,20003,P2,50,Q,2015-Q2,0.9,,,,
ABS:LCI(1.0.0),3,20003,P2,50,Q,2015-Q3,1.8,,,,
ABS:LCI(1.0.0),3,20003,P2,50,Q,2015-Q4,1.7,,,,
ABS:LCI(1.0.0),3,20003,P2,50,Q,2016-Q1,1.1,,,,
ABS:LCI(1.0.0),3,20003,P2,50,Q,2016-Q2,1.1,,,,
ABS:LCI(1.0.0),3,20003,P2,50,Q,2016-Q3,2.2,,,,
ABS:LCI(1.0.0),3,20003,P2,50,Q,2016-Q4,2.3,,,,
ABS:LCI(1.0.0),3,20003,P2,50,Q,2017-Q1,3.2,,,,
ABS:LCI(1.0.0),3,20003,P2,50,Q,2017-Q2,3.3,,,,
ABS:LCI(1.0.0),3,20003,P2,50,Q,2017-Q3,5,,,,
ABS:LCI(1.0.0),3,20003,P2,50,Q,2017-Q4,5.1,,,,
ABS:LCI(1.0.0),3,20003,P2,50,Q,2018-Q1,4.8,,,,
ABS:LCI(1.0.0),3,20003,P2,50,Q,2018-Q2,4.3,,,,
ABS:LCI(1.0.0),3,20003,P2,50,Q,2018-Q3,1.8,,,,
ABS:LCI(1.0.0),3,20003,P2,50,Q,2018-Q4,1.9,,,,
ABS:LCI(1.0.0),3,20003,P2,50,Q,2019-Q1,1.2,,,,
ABS:LCI(1.0.0),3,20003,P2,50,Q,2019-Q2,1.2,,,,
ABS:LCI(1.0.0),3,20003,P2,50,Q,2019-Q3,1,,,,
ABS:LCI(1.0.0),3,20003,P2,50,Q,2019-Q4,0.7,,,,
ABS:LCI(1.0.0),3,20003,P2,50,Q,2020-Q1,1,,,,
ABS:LCI(1.0.0),3,20003,P2,50,Q,2020-Q2,-0.2,,,,
ABS:LCI(1.0.0),3,20003,P2,50,Q,2020-Q3,-0.6,,,,
ABS:LCI(1.0.0),3,20003,P2,50,Q,2020-Q4,-2.2,,,,
ABS:LCI(1.0.0),3,20003,P2,50,Q,2021-Q1,-3.3,,,,
ABS:LCI(1.0.0),3,20003,P2,50,Q,2021-Q2,-0.4,,,,
ABS:LCI(1.0.0),3,20003,P2,50,Q,2021-Q3,0.7,,,,
ABS:LCI(1.0.0),3,20003,P2,50,Q,2021-Q4,3,,,,
ABS:LCI(1.0.0),3,20003,P2,50,Q,2022-Q1,4.6,,,,
ABS:LCI(1.0.0),3,20003,P2,50,Q,2022-Q2,3.4,,,,
ABS:LCI(1.0.0),3,20003,P2,50,Q,2022-Q3,4.6,,,,
ABS:LCI(1.0.0),3,20003,P2,50,Q,2022-Q4,6,,,,
ABS:LCI(1.0.0),3,20003,P2,50,Q,2023-Q1,8.4,,,,
ABS:LCI(1.0.0),3,20003,P2,50,Q,2023-Q2,8.4,,,,
ABS:LCI(1.0.0),3,20003,P2,50,Q,2023-Q3,4.1,,,,
ABS:LCI(1.0.0),3,20003,P2,50,Q,2023-Q4,3.9,,,,
ABS:LCI(1.0.0),3,20003,P2,50,Q,2024-Q1,-0.2,,,,
ABS:LCI(1.0.0),3,20003,P2,50,Q,2024-Q2,1.4,,,,
ABS:LCI(1.0.0),3,20003,P2,50,Q,2024-Q3,2.9,,,,
ABS:LCI(1.0.0),3,20003,P2,50,Q,2024-Q4,-1.1,,,,
ABS:LCI(1.0.0),3,20003,P2,50,Q,2025-Q1,2.3,,,,
ABS:LCI(1.0.0),3,20003,P2,50,Q,2025-Q2,4.4,,,,
ABS:LCI(1.0.0),3,20003,P2,50,Q,2025-Q3,9.4,,,,
ABS:LCI(1.0.0),3,20003,P2,50,Q,2025-Q4,10.9,,,,
ABS:LCI(1.0.0),3,20003,P2,50,Q,2026-Q1,14.9,,,,
ABS:LCI(1.0.0),3,20003,P2,50,Q,2026-Q2,10.8,,,,
ABS:LCI(1.0.0),3,20005,P4,50,Q,2008-Q2,7.3,,,,
ABS:LCI(1.0.0),3,20005,P4,50,Q,2008-Q3,9.4,,,,
ABS:LCI(1.0.0),3,20005,P4,50,Q,2008-Q4,-1.6,,,,
ABS:LCI(1.0.0),3,20005,P4,50,Q,2009-Q1,-5.5,,,,
ABS:LCI(1.0.0),3,20005,P4,50,Q,2009-Q2,-7.1,,,,
ABS:LCI(1.0.0),3,20005,P4,50,Q,2009-Q3,-6.1,,,,
ABS:LCI(1.0.0),3,20005,P4,50,Q,2009-Q4,0.9,,,,
ABS:LCI(1.0.0),3,20005,P4,50,Q,2010-Q1,4.3,,,,
ABS:LCI(1.0.0),3,20005,P4,50,Q,2010-Q2,3.4,,,,
ABS:LCI(1.0.0),3,20005,P4,50,Q,2010-Q3,0.5,,,,
ABS:LCI(1.0.0),3,20005,P4,50,Q,2010-Q4,1.8,,,,
ABS:LCI(1.0.0),3,20005,P4,50,Q,2011-Q1,3.4,,,,
ABS:LCI(1.0.0),3,20005,P4,50,Q,2011-Q2,3.9,,,,
ABS:LCI(1.0.0),3,20005,P4,50,Q,2011-Q3,4.6,,,,
ABS:LCI(1.0.0),3,20005,P4,50,Q,2011-Q4,4.2,,,,
ABS:LCI(1.0.0),3,20005,P4,50,Q,2012-Q1,2.2,,,,
ABS:LCI(1.0.0),3,20005,P4,50,Q,2012-Q2,1.8,,,,
ABS:LCI(1.0.0),3,20005,P4,50,Q,2012-Q3,0.9,,,,
ABS:LCI(1.0.0),3,20005,P4,50,Q,2012-Q4,1.6,,,,
ABS:LCI(1.0.0),3,20005,P4,50,Q,2013-Q1,1,,,,
ABS:LCI(1.0.0),3,20005,P4,50,Q,2013-Q2,-0.8,,,,
ABS:LCI(1.0.0),3,20005,P4,50,Q,2013-Q3,2.5,,,,
ABS:LCI(1.0.0),3,20005,P4,50,Q,2013-Q4,1.6,,,,
ABS:LCI(1.0.0),3,20005,P4,50,Q,2014-Q1,2.4,,,,
ABS:LCI(1.0.0),3,20005,P4,50,Q,2014-Q2,2.5,,,,
ABS:LCI(1.0.0),3,20005,P4,50,Q,2014-Q3,0.1,,,,
ABS:LCI(1.0.0),3,20005,P4,50,Q,2014-Q4,-1.9,,,,
ABS:LCI(1.0.0),3,20005,P4,50,Q,2015-Q1,-6.2,,,,
ABS:LCI(1.0.0),3,20005,P4,50,Q,2015-Q2,-2.4,,,,
ABS:LCI(1.0.0),3,20005,P4,50,Q,2015-Q3,-2.1,,,,
ABS:LCI(1.0.0),3,20005,P4,50,Q,2015-Q4,-1.2,,,,
ABS:LCI(1.0.0),3,20005,P4,50,Q,2016-Q1,-0.5,,,,
ABS:LCI(1.0.0),3,20005,P4,50,Q,2016-Q2,-2.8,,,,
ABS:LCI(1.0.0),3,20005,P4,50,Q,2016-Q3,-3.6,,,,
ABS:LCI(1.0.0),3,20005,P4,50,Q,2016-Q4,-0.6,,,,
ABS:LCI(1.0.0),3,20005,P4,50,Q,2017-Q1,3.6,,,,
ABS:LCI(1.0.0),3,20005,P4,50,Q,2017-Q2,2.1,,,,
ABS:LCI(1.0.0),3,20005,P4,50,Q,2017-Q3,2.5,,,,
ABS:LCI(1.0.0),3,20005,P4,50,Q,2017-Q4,3.2,,,,
ABS:LCI(1.0.0),3,20005,P4,50,Q,2018-Q1,2.7,,,,
ABS:LCI(1.0.0),3,20005,P4,50,Q,2018-Q2,4.8,,,,
ABS:LCI(1.0.0),3,20005,P4,50,Q,2018-Q3,5.6,,,,
ABS:LCI(1.0.0),3,20005,P4,50,Q,2018-Q4,2.6,,,,
ABS:LCI(1.0.0),3,20005,P4,50,Q,2019-Q1,-0.2,,,,
ABS:LCI(1.0.0),3,20005,P4,50,Q,2019-Q2,1.8,,,,
ABS:LCI(1.0.0),3,20005,P4,50,Q,2019-Q3,0.8,,,,
ABS:LCI(1.0.0),3,20005,P4,50,Q,2019-Q4,2.9,,,,
ABS:LCI(1.0.0),3,20005,P4,50,Q,2020-Q1,2.7,,,,
ABS:LCI(1.0.0),3,20005,P4,50,Q,2020-Q2,-7.1,,,,
ABS:LCI(1.0.0),3,20005,P4,50,Q,2020-Q3,-3.7,,,,
ABS:LCI(1.0.0),3,20005,P4,50,Q,2020-Q4,-4.2,,,,
ABS:LCI(1.0.0),3,20005,P4,50,Q,2021-Q1,0.6,,,,
ABS:LCI(1.0.0),3,20005,P4,50,Q,2021-Q2,10.7,,,,
ABS:LCI(1.0.0),3,20005,P4,50,Q,2021-Q3,10.3,,,,
ABS:LCI(1.0.0),3,20005,P4,50,Q,2021-Q4,12.4,,,,
ABS:LCI(1.0.0),3,20005,P4,50,Q,2022-Q1,13.4,,,,
ABS:LCI(1.0.0),3,20005,P4,50,Q,2022-Q2,12.8,,,,
ABS:LCI(1.0.0),3,20005,P4,50,Q,2022-Q3,9,,,,
ABS:LCI(1.0.0),3,20005,P4,50,Q,2022-Q4,7.8,,,,
ABS:LCI(1.0.0),3,20005,P4,50,Q,2023-Q1,4.5,,,,
ABS:LCI(1.0.0),3,20005,P4,50,Q,2023-Q2,1.9,,,,
ABS:LCI(1.0.0),3,20005,P4,50,Q,2023-Q3,5.5,,,,
ABS:LCI(1.0.0),3,20005,P4,50,Q,2023-Q4,3.6,,,,
ABS:LCI(1.0.0),3,20005,P4,50,Q,2024-Q1,3.4,,,,
ABS:LCI(1.0.0),3,20005,P4,50,Q,2024-Q2,4.5,,,,
ABS:LCI(1.0.0),3,20005,P4,50,Q,2024-Q3,-0.9,,,,
ABS:LCI(1.0.0),3,20005,P4,50,Q,2024-Q4,-1.2,,,,
ABS:LCI(1.0.0),3,20005,P4,50,Q,2025-Q1,-1,,,,
ABS:LCI(1.0.0),3,20005,P4,50,Q,2025-Q2,-2.4,,,,
ABS:LCI(1.0.0),3,20005,P4,50,Q,2025-Q3,0.9,,,,
ABS:LCI(1.0.0),3,20005,P4,50,Q,2025-Q4,2,,,,
ABS:LCI(1.0.0),3,20005,P4,50,Q,2026-Q1,3.2,,,,
ABS:LCI(1.0.0),3,20005,P4,50,Q,2026-Q2,3.4,,,,
ABS:LCI(1.0.0),3,115488,PBLCI,50,Q,2008-Q2,-0.5,,,,
ABS:LCI(1.0.0),3,115488,PBLCI,50,Q,2008-Q3,-0.4,,,,
ABS:LCI(1.0.0),3,115488,PBLCI,50,Q,2008-Q4,0.3,,,,
ABS:LCI(1.0.0),3,115488,PBLCI,50,Q,2009-Q1,0.7,,,,
ABS:LCI(1.0.0),3,115488,PBLCI,50,Q,2009-Q2,0.9,,,,
ABS:LCI(1.0.0),3,115488,PBLCI,50,Q,2009-Q3,1.1,,,,
ABS:LCI(1.0.0),3,115488,PBLCI,50,Q,2009-Q4,0.6,,,,
ABS:LCI(1.0.0),3,115488,PBLCI,50,Q,2010-Q1,0.1,,,,
ABS:LCI(1.0.0),3,115488,PBLCI,50,Q,2010-Q2,-0.1,,,,
ABS:LCI(1.0.0),3,115488,PBLCI,50,Q,2010-Q3,-0.3,,,,
ABS:LCI(1.0.0),3,115488,PBLCI,50,Q,2010-Q4,-0.2,,,,
ABS:LCI(1.0.0),3,115488,PBLCI,50,Q,2011-Q1,0,,,,
ABS:LCI(1.0.0),3,115488,PBLCI,50,Q,2011-Q2,0.5,,,,
ABS:LCI(1.0.0),3,115488,PBLCI,50,Q,2011-Q3,0.7,,,,
ABS:LCI(1.0.0),3,115488,PBLCI,50,Q,2011-Q4,1.7,,,,
ABS:LCI(1.0.0),3,115488,PBLCI,50,Q,2012-Q1,1.6,,,,
ABS:LCI(1.0.0),3,115488,PBLCI,50,Q,2012-Q2,0.9,,,,
ABS:LCI(1.0.0),3,115488,PBLCI,50,Q,2012-Q3,1.4,,,,
ABS:LCI(1.0.0),3,115488,PBLCI,50,Q,2012-Q4,1.6,,,,
ABS:LCI(1.0.0),3,115488,PBLCI,50,Q,2013-Q1,1.5,,,,
ABS:LCI(1.0.0),3,115488,PBLCI,50,Q,2013-Q2,2.2,,,,
ABS:LCI(1.0.0),3,115488,PBLCI,50,Q,2013-Q3,1.8,,,,
ABS:LCI(1.0.0),3,115488,PBLCI,50,Q,2013-Q4,1.7,,,,
ABS:LCI(1.0.0),3,115488,PBLCI,50,Q,2014-Q1,2,,,,
ABS:LCI(1.0.0),3,115488,PBLCI,50,Q,2014-Q2,-0.2,,,,
ABS:LCI(1.0.0),3,115488,PBLCI,50,Q,2014-Q3,-1.7,,,,
ABS:LCI(1.0.0),3,115488,PBLCI,50,Q,2014-Q4,-2.8,,,,
ABS:LCI(1.0.0),3,115488,PBLCI,50,Q,2015-Q1,-4.5,,,,
ABS:LCI(1.0.0),3,115488,PBLCI,50,Q,2015-Q2,-3.4,,,,
ABS:LCI(1.0.0),3,115488,PBLCI,50,Q,2015-Q3,-3.9,,,,
ABS:LCI(1.0.0),3,115488,PBLCI,50,Q,2015-Q4,-6.1,,,,
ABS:LCI(1.0.0),3,115488,PBLCI,50,Q,2016-Q1,-6.3,,,,
ABS:LCI(1.0.0),3,115488,PBLCI,50,Q,2016-Q2,-7,,,,
ABS:LCI(1.0.0),3,115488,PBLCI,50,Q,2016-Q3,-7.4,,,,
ABS:LCI(1.0.0),3,115488,PBLCI,50,Q,2016-Q4,-5.7,,,,
ABS:LCI(1.0.0),3,115488,PBLCI,50,Q,2017-Q1,-4.6,,,,
ABS:LCI(1.0.0),3,115488,PBLCI,50,Q,2017-Q2,-3.7,,,,
ABS:LCI(1.0.0),3,115488,PBLCI,50,Q,2017-Q3,-2.8,,,,
ABS:LCI(1.0.0),3,115488,PBLCI,50,Q,2017-Q4,-3.4,,,,
ABS:LCI(1.0.0),3,115488,PBLCI,50,Q,2018-Q1,-3.4,,,,
ABS:LCI(1.0.0),3,115488,PBLCI,50,Q,2018-Q2,-4.2,,,,
ABS:LCI(1.0.0),3,115488,PBLCI,50,Q,2018-Q3,-4.1,,,,
ABS:LCI(1.0.0),3,115488,PBLCI,50,Q,2018-Q4,-4.2,,,,
ABS:LCI(1.0.0),3,115488,PBLCI,50,Q,2019-Q1,-4.4,,,,
ABS:LCI(1.0.0),3,115488,PBLCI,50,Q,2019-Q2,-4.3,,,,
ABS:LCI(1.0.0),3,115488,PBLCI,50,Q,2019-Q3,-4.1,,,,
ABS:LCI(1.0.0),3,115488,PBLCI,50,Q,2019-Q4,-3.7,,,,
ABS:LCI(1.0.0),3,115488,PBLCI,50,Q,2020-Q1,-3.4,,,,
ABS:LCI(1.0.0),3,115488,PBLCI,50,Q,2020-Q2,-3.6,,,,
ABS:LCI(1.0.0),3,115488,PBLCI,50,Q,2020-Q3,-3.2,,,,
ABS:LCI(1.0.0),3,115488,PBLCI,50,Q,2020-Q4,-2.6,,,,
ABS:LCI(1.0.0),3,115488,PBLCI,50,Q,2021-Q1,-1.9,,,,
ABS:LCI(1.0.0),3,115488,PBLCI,50,Q,2021-Q2,-1.2,,,,
ABS:LCI(1.0.0),3,115488,PBLCI,50,Q,2021-Q3,-1,,,,
ABS:LCI(1.0.0),3,115488,PBLCI,50,Q,2021-Q4,-0.5,,,,
ABS:LCI(1.0.0),3,115488,PBLCI,50,Q,2022-Q1,-0.6,,,,
ABS:LCI(1.0.0),3,115488,PBLCI,50,Q,2022-Q2,0,,,,
ABS:LCI(1.0.0),3,115488,PBLCI,50,Q,2022-Q3,2,,,,
ABS:LCI(1.0.0),3,115488,PBLCI,50,Q,2022-Q4,1.4,,,,
ABS:LCI(1.0.0),3,115488,PBLCI,50,Q,2023-Q1,1.2,,,,
ABS:LCI(1.0.0),3,115488,PBLCI,50,Q,2023-Q2,0.7,,,,
ABS:LCI(1.0.0),3,115488,PBLCI,50,Q,2023-Q3,1.5,,,,
ABS:LCI(1.0.0),3,115488,PBLCI,50,Q,2023-Q4,2.3,,,,
ABS:LCI(1.0.0),3,115488,PBLCI,50,Q,2024-Q1,1.8,,,,
ABS:LCI(1.0.0),3,115488,PBLCI,50,Q,2024-Q2,1.5,,,,
ABS:LCI(1.0.0),3,115488,PBLCI,50,Q,2024-Q3,-0.1,,,,
ABS:LCI(1.0.0),3,115488,PBLCI,50,Q,2024-Q4,0,,,,
ABS:LCI(1.0.0),3,115488,PBLCI,50,Q,2025-Q1,0,,,,
ABS:LCI(1.0.0),3,115488,PBLCI,50,Q,2025-Q2,1,,,,
ABS:LCI(1.0.0),3,115488,PBLCI,50,Q,2025-Q3,1.8,,,,
ABS:LCI(1.0.0),3,115488,PBLCI,50,Q,2025-Q4,1.4,,,,
ABS:LCI(1.0.0),3,115488,PBLCI,50,Q,2026-Q1,1.7,,,,
ABS:LCI(1.0.0),3,115488,PBLCI,50,Q,2026-Q2,2.2,,,,
ABS:LCI(1.0.0),3,115493,P1,50,Q,2008-Q2,4.3,,,,
ABS:LCI(1.0.0),3,115493,P1,50,Q,2008-Q3,4.9,,,,
ABS:LCI(1.0.0),3,115493,P1,50,Q,2008-Q4,4.9,,,,
ABS:LCI(1.0.0),3,115493,P1,50,Q,2009-Q1,5.2,,,,
ABS:LCI(1.0.0),3,115493,P1,50,Q,2009-Q2,5.2,,,,
ABS:LCI(1.0.0),3,115493,P1,50,Q,2009-Q3,5.8,,,,
ABS:LCI(1.0.0),3,115493,P1,50,Q,2009-Q4,5.8,,,,
ABS:LCI(1.0.0),3,115493,P1,50,Q,2010-Q1,5.5,,,,
ABS:LCI(1.0.0),3,115493,P1,50,Q,2010-Q2,5.5,,,,
ABS:LCI(1.0.0),3,115493,P1,50,Q,2010-Q3,5.6,,,,
ABS:LCI(1.0.0),3,115493,P1,50,Q,2010-Q4,5.5,,,,
ABS:LCI(1.0.0),3,115493,P1,50,Q,2011-Q1,5.8,,,,
ABS:LCI(1.0.0),3,115493,P1,50,Q,2011-Q2,5.8,,,,
ABS:LCI(1.0.0),3,115493,P1,50,Q,2011-Q3,5.7,,,,
ABS:LCI(1.0.0),3,115493,P1,50,Q,2011-Q4,5.8,,,,
ABS:LCI(1.0.0),3,115493,P1,50,Q,2012-Q1,6.1,,,,
ABS:LCI(1.0.0),3,115493,P1,50,Q,2012-Q2,6.1,,,,
ABS:LCI(1.0.0),3,115493,P1,50,Q,2012-Q3,6.2,,,,
ABS:LCI(1.0.0),3,115493,P1,50,Q,2012-Q4,6.2,,,,
ABS:LCI(1.0.0),3,115493,P1,50,Q,2013-Q1,5.7,,,,
ABS:LCI(1.0.0),3,115493,P1,50,Q,2013-Q2,5.5,,,,
ABS:LCI(1.0.0),3,115493,P1,50,Q,2013-Q3,5.5,,,,
ABS:LCI(1.0.0),3,115493,P1,50,Q,2013-Q4,5.5,,,,
ABS:LCI(1.0.0),3,115493,P1,50,Q,2014-Q1,5.1,,,,
ABS:LCI(1.0.0),3,115493,P1,50,Q,2014-Q2,5.3,,,,
ABS:LCI(1.0.0),3,115493,P1,50,Q,2014-Q3,5.3,,,,
ABS:LCI(1.0.0),3,115493,P1,50,Q,2014-Q4,5.4,,,,
ABS:LCI(1.0.0),3,115493,P1,50,Q,2015-Q1,5.5,,,,
ABS:LCI(1.0.0),3,115493,P1,50,Q,2015-Q2,5.5,,,,
ABS:LCI(1.0.0),3,115493,P1,50,Q,2015-Q3,5.6,,,,
ABS:LCI(1.0.0),3,115493,P1,50,Q,2015-Q4,5.5,,,,
ABS:LCI(1.0.0),3,115493,P1,50,Q,2016-Q1,3.5,,,,
ABS:LCI(1.0.0),3,115493,P1,50,Q,2016-Q2,3.5,,,,
ABS:LCI(1.0.0),3,115493,P1,50,Q,2016-Q3,3.6,,,,
ABS:LCI(1.0.0),3,115493,P1,50,Q,2016-Q4,3.6,,,,
ABS:LCI(1.0.0),3,115493,P1,50,Q,2017-Q1,3.3,,,,
ABS:LCI(1.0.0),3,115493,P1,50,Q,2017-Q2,3.3,,,,
ABS:LCI(1.0.0),3,115493,P1,50,Q,2017-Q3,3.2,,,,
ABS:LCI(1.0.0),3,115493,P1,50,Q,2017-Q4,3.2,,,,
ABS:LCI(1.0.0),3,115493,P1,50,Q,2018-Q1,2.9,,,,
ABS:LCI(1.0.0),3,115493,P1,50,Q,2018-Q2,3,,,,
ABS:LCI(1.0.0),3,115493,P1,50,Q,2018-Q3,2.8,,,,
ABS:LCI(1.0.0),3,115493,P1,50,Q,2018-Q4,2.8,,,,
ABS:LCI(1.0.0),3,115493,P1,50,Q,2019-Q1,2.8,,,,
ABS:LCI(1.0.0),3,115493,P1,50,Q,2019-Q2,2.8,,,,
ABS:LCI(1.0.0),3,115493,P1,50,Q,2019-Q3,3,,,,
ABS:LCI(1.0.0),3,115493,P1,50,Q,2019-Q4,3,,,,
ABS:LCI(1.0.0),3,115493,P1,50,Q,2020-Q1,2.9,,,,
ABS:LCI(1.0.0),3,115493,P1,50,Q,2020-Q2,-1.5,,,,
ABS:LCI(1.0.0),3,115493,P1,50,Q,2020-Q3,0.7,,,,
ABS:LCI(1.0.0),3,115493,P1,50,Q,2020-Q4,2,,,,
ABS:LCI(1.0.0),3,115493,P1,50,Q,2021-Q1,0.1,,,,
ABS:LCI(1.0.0),3,115493,P1,50,Q,2021-Q2,4.5,,,,
ABS:LCI(1.0.0),3,115493,P1,50,Q,2021-Q3,2.3,,,,
ABS:LCI(1.0.0),3,115493,P1,50,Q,2021-Q4,0.9,,,,
ABS:LCI(1.0.0),3,115493,P1,50,Q,2022-Q1,4.5,,,,
ABS:LCI(1.0.0),3,115493,P1,50,Q,2022-Q2,4.5,,,,
ABS:LCI(1.0.0),3,115493,P1,50,Q,2022-Q3,4.4,,,,
ABS:LCI(1.0.0),3,115493,P1,50,Q,2022-Q4,4.5,,,,
ABS:LCI(1.0.0),3,115493,P1,50,Q,2023-Q1,4.9,,,,
ABS:LCI(1.0.0),3,115493,P1,50,Q,2023-Q2,4.6,,,,
ABS:LCI(1.0.0),3,115493,P1,50,Q,2023-Q3,4.1,,,,
ABS:LCI(1.0.0),3,115493,P1,50,Q,2023-Q4,3.9,,,,
ABS:LCI(1.0.0),3,115493,P1,50,Q,2024-Q1,4.9,,,,
ABS:LCI(1.0.0),3,115493,P1,50,Q,2024-Q2,5.4,,,,
ABS:LCI(1.0.0),3,115493,P1,50,Q,2024-Q3,6.3,,,,
ABS:LCI(1.0.0),3,115493,P1,50,Q,2024-Q4,6.4,,,,
ABS:LCI(1.0.0),3,115493,P1,50,Q,2025-Q1,6,,,,
ABS:LCI(1.0.0),3,115493,P1,50,Q,2025-Q2,5.7,,,,
ABS:LCI(1.0.0),3,115493,P1,50,Q,2025-Q3,5.4,,,,
ABS:LCI(1.0.0),3,115493,P1,50,Q,2025-Q4,5.6,,,,
ABS:LCI(1.0.0),3,115493,P1,50,Q,2026-Q1,3.4,,,,
ABS:LCI(1.0.0),3,115493,P1,50,Q,2026-Q2,5.1,,,,
ABS:LCI(1.0.0),4,10001,P2,50,Q,2025-Q4,100.13,,,,
ABS:LCI(1.0.0),4,10001,P2,50,Q,2026-Q1,102.67,,,,
ABS:LCI(1.0.0),4,10001,P2,50,Q,2026-Q2,103.21,,,,
ABS:LCI(1.0.0),4,20006,P4,50,Q,2025-Q4,6.56,,,,
ABS:LCI(1.0.0),4,20006,P4,50,Q,2026-Q1,6.66,,,,
ABS:LCI(1.0.0),4,20006,P4,50,Q,2026-Q2,6.67,,,,
ABS:LCI(1.0.0),4,115486,PBLCI,50,Q,2025-Q4,7.74,,,,
ABS:LCI(1.0.0),4,115486,PBLCI,50,Q,2026-Q1,8.3,,,,
ABS:LCI(1.0.0),4,115486,PBLCI,50,Q,2026-Q2,8.29,,,,
ABS:LCI(1.0.0),4,115488,P3,50,Q,2025-Q4,2.79,,,,
ABS:LCI(1.0.0),4,115488,P3,50,Q,2026-Q1,2.79,,,,
ABS:LCI(1.0.0),4,115488,P3,50,Q,2026-Q2,2.8,,,,
ABS:LCI(1.0.0),4,115493,PBLCI,50,Q,2025-Q4,1.97,,,,
ABS:LCI(1.0.0),4,115493,PBLCI,50,Q,2026-Q1,2.04,,,,
ABS:LCI(1.0.0),4,115493,PBLCI,50,Q,2026-Q2,2.07,,,,
ABS:LCI(1.0.0),4,126670,PBLCI,50,Q,2025-Q4,8.85,,,,
ABS:LCI(1.0.0),4,126670,PBLCI,50,Q,2026-Q1,9.02,,,,
ABS:LCI(1.0.0),4,126670,PBLCI,50,Q,2026-Q2,9.34,,,,
ABS:LCI(1.0.0),5,20004,P2,50,Q,2025-Q4,-0.04,,,,
ABS:LCI(1.0.0),5,20004,P2,50,Q,2026-Q1,-0.01,,,,
ABS:LCI(1.0.0),5,20004,P2,50,Q,2026-Q2,0,,,,
ABS:LCI(1.0.0),5,115488,P2,50,Q,2025-Q4,0,,,,
ABS:LCI(1.0.0),5,115488,P2,50,Q,2026-Q1,0,,,,
ABS:LCI(1.0.0),5,115488,P2,50,Q,2026-Q2,0.03,,,,
ABS:LCI(1.0.0),5,115493,P3,50,Q,2025-Q4,0,,,,
ABS:LCI(1.0.0),5,115493,P3,50,Q,2026-Q1,0.12,,,,
ABS:LCI(1.0.0),5,115493,P3,50,Q,2026-Q2,0.07,,,,
ABS:LCI(1.0.0),5,115528,P1,50,Q,2025-Q4,0.04,,,,
ABS:LCI(1.0.0),5,115528,P1,50,Q,2026-Q1,0.09,,,,
ABS:LCI(1.0.0),5,115528,P1,50,Q,2026-Q2,0.03,,,,
