DATAFLOW,ASGS_2011_STATE_GCCSA_SA4_SA3_SA2,HH_TYPE,PROJ_SERIES,FREQUENCY,TIME_PERIOD,OBS_VALUE,UNIT_MEASURE,OBS_STATUS,OBS_COMMENT
ABS:ABS_HH_PROV(1.0.0),9OTER,1_2,1,A,2021,1188,,,
ABS:ABS_HH_PROV(1.0.0),9OTER,1_2,1,A,2022,1195,,,
ABS:ABS_HH_PROV(1.0.0),9OTER,1_2,1,A,2023,1203,,,
ABS:ABS_HH_PROV(1.0.0),9OTER,1_2,1,A,2024,1204,,,
ABS:ABS_HH_PROV(1.0.0),9OTER,1_2,1,A,2025,1201,,,
ABS:ABS_HH_PROV(1.0.0),9OTER,1_2,1,A,2026,1202,,,
ABS:ABS_HH_PROV(1.0.0),9OTER,1_2,1,A,2027,1202,,,
ABS:ABS_HH_PROV(1.0.0),9OTER,1_2,1,A,2028,1208,,,
ABS:ABS_HH_PROV(1.0.0),9OTER,1_2,1,A,2029,1211,,,
ABS:ABS_HH_PROV(1.0.0),9OTER,1_2,1,A,2030,1214,,,
ABS:ABS_HH_PROV(1.0.0),9OTER,1_2,1,A,2031,1214,,,
ABS:ABS_HH_PROV(1.0.0),9OTER,1_2,1,A,2032,1218,,,
ABS:ABS_HH_PROV(1.0.0),9OTER,1_2,1,A,2033,1219,,,
ABS:ABS_HH_PROV(1.0.0),9OTER,1_2,1,A,2034,1220,,,
ABS:ABS_HH_PROV(1.0.0),9OTER,1_2,1,A,2035,1212,,,
ABS:ABS_HH_PROV(1.0.0),9OTER,1_2,1,A,2036,1203,,,
ABS:ABS_HH_PROV(1.0.0),9OTER,1_2,1,A,2037,1196,,,
ABS:ABS_HH_PROV(1.0.0),9OTER,1_2,1,A,2038,1192,,,
ABS:ABS_HH_PROV(1.0.0),9OTER,1_2,1,A,2039,1188,,,
ABS:ABS_HH_PROV(1.0.0),9OTER,1_2,1,A,2040,1182,,,
ABS:ABS_HH_PROV(1.0.0),9OTER,1_2,1,A,2041,1173,,,
ABS:ABS_HH_PROV(1.0.0),9OTER,1_2,1,A,2042,1163,,,
ABS:ABS_HH_PROV(1.0.0),9OTER,1_2,1,A,2043,1155,,,
ABS:ABS_HH_PROV(1.0.0),9OTER,1_2,1,A,2044,1148,,,
ABS:ABS_HH_PROV(1.0.0),9OTER,1_2,1,A,2045,1135,,,
ABS:ABS_HH_PROV(1.0.0),9OTER,1_2,1,A,2046,1126,,,
ABS:ABS_HH_PROV(1.0.0),3RQLD,31,2,A,2021,274908,,,
ABS:ABS_HH_PROV(1.0.0),3RQLD,31,2,A,2022,281507,,,
ABS:ABS_HH_PROV(1.0.0),3RQLD,31,2,A,2023,285111,,,
ABS:ABS_HH_PROV(1.0.0),3RQLD,31,2,A,2024,288630,,,
ABS:ABS_HH_PROV(1.0.0),3RQLD,31,2,A,2025,292150,,,
ABS:ABS_HH_PROV(1.0.0),3RQLD,31,2,A,2026,295775,,,
ABS:ABS_HH_PROV(1.0.0),3RQLD,31,2,A,2027,299612,,,
ABS:ABS_HH_PROV(1.0.0),3RQLD,31,2,A,2028,303217,,,
ABS:ABS_HH_PROV(1.0.0),3RQLD,31,2,A,2029,306715,,,
ABS:ABS_HH_PROV(1.0.0),3RQLD,31,2,A,2030,310055,,,
ABS:ABS_HH_PROV(1.0.0),3RQLD,31,2,A,2031,313339,,,
ABS:ABS_HH_PROV(1.0.0),3RQLD,31,2,A,2032,316806,,,
ABS:ABS_HH_PROV(1.0.0),3RQLD,31,2,A,2033,320103,,,
ABS:ABS_HH_PROV(1.0.0),3RQLD,31,2,A,2034,323249,,,
ABS:ABS_HH_PROV(1.0.0),3RQLD,31,2,A,2035,326291,,,
ABS:ABS_HH_PROV(1.0.0),3RQLD,31,2,A,2036,329345,,,
ABS:ABS_HH_PROV(1.0.0),3RQLD,31,2,A,2037,332539,,,
ABS:ABS_HH_PROV(1.0.0),3RQLD,31,2,A,2038,335722,,,
ABS:ABS_HH_PROV(1.0.0),3RQLD,31,2,A,2039,338870,,,
ABS:ABS_HH_PROV(1.0.0),3RQLD,31,2,A,2040,342028,,,
ABS:ABS_HH_PROV(1.0.0),3RQLD,31,2,A,2041,345293,,,
ABS:ABS_HH_PROV(1.0.0),3RQLD,31,2,A,2042,348604,,,
ABS:ABS_HH_PROV(1.0.0),3RQLD,31,2,A,2043,351921,,,
ABS:ABS_HH_PROV(1.0.0),3RQLD,31,2,A,2044,355309,,,
ABS:ABS_HH_PROV(1.0.0),3RQLD,31,2,A,2045,358772,,,
ABS:ABS_HH_PROV(1.0.0),3RQLD,31,2,A,2046,362334,,,
ABS:ABS_HH_PROV(1.0.0),5RWAU,32,1,A,2021,6250,,,
ABS:ABS_HH_PROV(1.0.0),5RWAU,32,1,A,2022,6266,,,
ABS:ABS_HH_PROV(1.0.0),5RWAU,32,1,A,2023,6534,,,
ABS:ABS_HH_PROV(1.0.0),5RWAU,32,1,A,2024,6750,,,
ABS:ABS_HH_PROV(1.0.0),5RWAU,32,1,A,2025,6945,,,
ABS:ABS_HH_PROV(1.0.0),5RWAU,32,1,A,2026,7114,,,
ABS:ABS_HH_PROV(1.0.0),5RWAU,32,1,A,2027,7263,,,
ABS:ABS_HH_PROV(1.0.0),5RWAU,32,1,A,2028,7392,,,
ABS:ABS_HH_PROV(1.0.0),5RWAU,32,1,A,2029,7501,,,
ABS:ABS_HH_PROV(1.0.0),5RWAU,32,1,A,2030,7598,,,
ABS:ABS_HH_PROV(1.0.0),5RWAU,32,1,A,2031,7677,,,
ABS:ABS_HH_PROV(1.0.0),5RWAU,32,1,A,2032,7752,,,
ABS:ABS_HH_PROV(1.0.0),5RWAU,32,1,A,2033,7821,,,
ABS:ABS_HH_PROV(1.0.0),5RWAU,32,1,A,2034,7886,,,
ABS:ABS_HH_PROV(1.0.0),5RWAU,32,1,A,2035,7943,,,
ABS:ABS_HH_PROV(1.0.0),5RWAU,32,1,A,2036,7997,,,
ABS:ABS_HH_PROV(1.0.0),5RWAU,32,1,A,2037,8047,,,
ABS:ABS_HH_PROV(1.0.0),5RWAU,32,1,A,2038,8099,,,
ABS:ABS_HH_PROV(1.0.0),5RWAU,32,1,A,2039,8153,,,
ABS:ABS_HH_PROV(1.0.0),5RWAU,32,1,A,2040,8208,,,
ABS:ABS_HH_PROV(1.0.0),5RWAU,32,1,A,2041,8268,,,
ABS:ABS_HH_PROV(1.0.0),5RWAU,32,1,A,2042,8336,,,
ABS:ABS_HH_PROV(1.0.0),5RWAU,32,1,A,2043,8409,,,
ABS:ABS_HH_PROV(1.0.0),5RWAU,32,1,A,2044,8487,,,
ABS:ABS_HH_PROV(1.0.0),5RWAU,32,1,A,2045,8573,,,
ABS:ABS_HH_PROV(1.0.0),5RWAU,32,1,A,2046,8664,,,
ABS:ABS_HH_PROV(1.0.0),6GHOB,31,1,A,2021,29148,,,
ABS:ABS_HH_PROV(1.0.0),6GHOB,31,1,A,2022,29553,,,
ABS:ABS_HH_PROV(1.0.0),6GHOB,31,1,A,2023,30185,,,
ABS:ABS_HH_PROV(1.0.0),6GHOB,31,1,A,2024,30781,,,
ABS:ABS_HH_PROV(1.0.0),6GHOB,31,1,A,2025,31349,,,
ABS:ABS_HH_PROV(1.0.0),6GHOB,31,1,A,2026,31883,,,
ABS:ABS_HH_PROV(1.0.0),6GHOB,31,1,A,2027,32431,,,
ABS:ABS_HH_PROV(1.0.0),6GHOB,31,1,A,2028,32938,,,
ABS:ABS_HH_PROV(1.0.0),6GHOB,31,1,A,2029,33424,,,
ABS:ABS_HH_PROV(1.0.0),6GHOB,31,1,A,2030,33897,,,
ABS:ABS_HH_PROV(1.0.0),6GHOB,31,1,A,2031,34352,,,
ABS:ABS_HH_PROV(1.0.0),6GHOB,31,1,A,2032,34791,,,
ABS:ABS_HH_PROV(1.0.0),6GHOB,31,1,A,2033,35195,,,
ABS:ABS_HH_PROV(1.0.0),6GHOB,31,1,A,2034,35582,,,
ABS:ABS_HH_PROV(1.0.0),6GHOB,31,1,A,2035,35959,,,
ABS:ABS_HH_PROV(1.0.0),6GHOB,31,1,A,2036,36326,,,
ABS:ABS_HH_PROV(1.0.0),6GHOB,31,1,A,2037,36668,,,
ABS:ABS_HH_PROV(1.0.0),6GHOB,31,1,A,2038,36977,,,
ABS:ABS_HH_PROV(1.0.0),6GHOB,31,1,A,2039,37278,,,
ABS:ABS_HH_PROV(1.0.0),6GHOB,31,1,A,2040,37555,,,
ABS:ABS_HH_PROV(1.0.0),6GHOB,31,1,A,2041,37824,,,
ABS:ABS_HH_PROV(1.0.0),6GHOB,31,1,A,2042,38071,,,
ABS:ABS_HH_PROV(1.0.0),6GHOB,31,1,A,2043,38301,,,
ABS:ABS_HH_PROV(1.0.0),6GHOB,31,1,A,2044,38532,,,
ABS:ABS_HH_PROV(1.0.0),6GHOB,31,1,A,2045,38747,,,
ABS:ABS_HH_PROV(1.0.0),6GHOB,31,1,A,2046,38952,,,
ABS:ABS_HH_PROV(1.0.0),2GMEL,32,2,A,2021,83086,,,
ABS:ABS_HH_PROV(1.0.0),2GMEL,32,2,A,2022,84888,,,
ABS:ABS_HH_PROV(1.0.0),2GMEL,32,2,A,2023,86915,,,
ABS:ABS_HH_PROV(1.0.0),2GMEL,32,2,A,2024,88570,,,
ABS:ABS_HH_PROV(1.0.0),2GMEL,32,2,A,2025,90385,,,
ABS:ABS_HH_PROV(1.0.0),2GMEL,32,2,A,2026,92449,,,
ABS:ABS_HH_PROV(1.0.0),2GMEL,32,2,A,2027,94398,,,
ABS:ABS_HH_PROV(1.0.0),2GMEL,32,2,A,2028,96424,,,
ABS:ABS_HH_PROV(1.0.0),2GMEL,32,2,A,2029,98354,,,
ABS:ABS_HH_PROV(1.0.0),2GMEL,32,2,A,2030,100154,,,
ABS:ABS_HH_PROV(1.0.0),2GMEL,32,2,A,2031,101877,,,
ABS:ABS_HH_PROV(1.0.0),2GMEL,32,2,A,2032,103536,,,
ABS:ABS_HH_PROV(1.0.0),2GMEL,32,2,A,2033,105234,,,
ABS:ABS_HH_PROV(1.0.0),2GMEL,32,2,A,2034,106774,,,
ABS:ABS_HH_PROV(1.0.0),2GMEL,32,2,A,2035,108188,,,
ABS:ABS_HH_PROV(1.0.0),2GMEL,32,2,A,2036,109571,,,
ABS:ABS_HH_PROV(1.0.0),2GMEL,32,2,A,2037,110643,,,
ABS:ABS_HH_PROV(1.0.0),2GMEL,32,2,A,2038,111618,,,
ABS:ABS_HH_PROV(1.0.0),2GMEL,32,2,A,2039,112510,,,
ABS:ABS_HH_PROV(1.0.0),2GMEL,32,2,A,2040,113241,,,
ABS:ABS_HH_PROV(1.0.0),2GMEL,32,2,A,2041,114011,,,
ABS:ABS_HH_PROV(1.0.0),2GMEL,32,2,A,2042,114709,,,
ABS:ABS_HH_PROV(1.0.0),2GMEL,32,2,A,2043,115214,,,
ABS:ABS_HH_PROV(1.0.0),2GMEL,32,2,A,2044,115718,,,
ABS:ABS_HH_PROV(1.0.0),2GMEL,32,2,A,2045,116174,,,
ABS:ABS_HH_PROV(1.0.0),2GMEL,32,2,A,2046,116585,,,
ABS:ABS_HH_PROV(1.0.0),2GMEL,31,1,A,2021,469596,,,
ABS:ABS_HH_PROV(1.0.0),2GMEL,31,1,A,2022,476618,,,
ABS:ABS_HH_PROV(1.0.0),2GMEL,31,1,A,2023,492993,,,
ABS:ABS_HH_PROV(1.0.0),2GMEL,31,1,A,2024,508157,,,
ABS:ABS_HH_PROV(1.0.0),2GMEL,31,1,A,2025,523667,,,
ABS:ABS_HH_PROV(1.0.0),2GMEL,31,1,A,2026,539471,,,
ABS:ABS_HH_PROV(1.0.0),2GMEL,31,1,A,2027,555543,,,
ABS:ABS_HH_PROV(1.0.0),2GMEL,31,1,A,2028,571322,,,
ABS:ABS_HH_PROV(1.0.0),2GMEL,31,1,A,2029,586886,,,
ABS:ABS_HH_PROV(1.0.0),2GMEL,31,1,A,2030,602226,,,
ABS:ABS_HH_PROV(1.0.0),2GMEL,31,1,A,2031,617387,,,
ABS:ABS_HH_PROV(1.0.0),2GMEL,31,1,A,2032,632293,,,
ABS:ABS_HH_PROV(1.0.0),2GMEL,31,1,A,2033,646958,,,
ABS:ABS_HH_PROV(1.0.0),2GMEL,31,1,A,2034,661283,,,
ABS:ABS_HH_PROV(1.0.0),2GMEL,31,1,A,2035,675354,,,
ABS:ABS_HH_PROV(1.0.0),2GMEL,31,1,A,2036,689294,,,
ABS:ABS_HH_PROV(1.0.0),2GMEL,31,1,A,2037,702896,,,
ABS:ABS_HH_PROV(1.0.0),2GMEL,31,1,A,2038,716151,,,
ABS:ABS_HH_PROV(1.0.0),2GMEL,31,1,A,2039,729015,,,
ABS:ABS_HH_PROV(1.0.0),2GMEL,31,1,A,2040,741470,,,
ABS:ABS_HH_PROV(1.0.0),2GMEL,31,1,A,2041,753734,,,
ABS:ABS_HH_PROV(1.0.0),2GMEL,31,1,A,2042,765532,,,
ABS:ABS_HH_PROV(1.0.0),2GMEL,31,1,A,2043,776881,,,
ABS:ABS_HH_PROV(1.0.0),2GMEL,31,1,A,2044,787908,,,
ABS:ABS_HH_PROV(1.0.0),2GMEL,31,1,A,2045,798557,,,
ABS:ABS_HH_PROV(1.0.0),2GMEL,31,1,A,2046,809010,,,
ABS:ABS_HH_PROV(1.0.0),7RNTE,31,1,A,2021,6045,,,
ABS:ABS_HH_PROV(1.0.0),7RNTE,31,1,A,2022,6176,,,
ABS:ABS_HH_PROV(1.0.0),7RNTE,31,1,A,2023,6340,,,
ABS:ABS_HH_PROV(1.0.0),7RNTE,31,1,A,2024,6464,,,
ABS:ABS_HH_PROV(1.0.0),7RNTE,31,1,A,2025,6577,,,
ABS:ABS_HH_PROV(1.0.0),7RNTE,31,1,A,2026,6710,,,
ABS:ABS_HH_PROV(1.0.0),7RNTE,31,1,A,2027,6839,,,
ABS:ABS_HH_PROV(1.0.0),7RNTE,31,1,A,2028,6964,,,
ABS:ABS_HH_PROV(1.0.0),7RNTE,31,1,A,2029,7083,,,
ABS:ABS_HH_PROV(1.0.0),7RNTE,31,1,A,2030,7195,,,
ABS:ABS_HH_PROV(1.0.0),7RNTE,31,1,A,2031,7304,,,
ABS:ABS_HH_PROV(1.0.0),7RNTE,31,1,A,2032,7408,,,
ABS:ABS_HH_PROV(1.0.0),7RNTE,31,1,A,2033,7505,,,
ABS:ABS_HH_PROV(1.0.0),7RNTE,31,1,A,2034,7604,,,
ABS:ABS_HH_PROV(1.0.0),7RNTE,31,1,A,2035,7694,,,
ABS:ABS_HH_PROV(1.0.0),7RNTE,31,1,A,2036,7792,,,
ABS:ABS_HH_PROV(1.0.0),7RNTE,31,1,A,2037,7880,,,
ABS:ABS_HH_PROV(1.0.0),7RNTE,31,1,A,2038,7965,,,
ABS:ABS_HH_PROV(1.0.0),7RNTE,31,1,A,2039,8051,,,
ABS:ABS_HH_PROV(1.0.0),7RNTE,31,1,A,2040,8129,,,
ABS:ABS_HH_PROV(1.0.0),7RNTE,31,1,A,2041,8209,,,
ABS:ABS_HH_PROV(1.0.0),7RNTE,31,1,A,2042,8284,,,
ABS:ABS_HH_PROV(1.0.0),7RNTE,31,1,A,2043,8357,,,
ABS:ABS_HH_PROV(1.0.0),7RNTE,31,1,A,2044,8427,,,
ABS:ABS_HH_PROV(1.0.0),7RNTE,31,1,A,2045,8495,,,
ABS:ABS_HH_PROV(1.0.0),7RNTE,31,1,A,2046,8563,,,
ABS:ABS_HH_PROV(1.0.0),6RTAS,1_2,3,A,2021,89939,,,
ABS:ABS_HH_PROV(1.0.0),6RTAS,1_2,3,A,2022,90490,,,
ABS:ABS_HH_PROV(1.0.0),6RTAS,1_2,3,A,2023,90927,,,
ABS:ABS_HH_PROV(1.0.0),6RTAS,1_2,3,A,2024,91223,,,
ABS:ABS_HH_PROV(1.0.0),6RTAS,1_2,3,A,2025,91545,,,
ABS:ABS_HH_PROV(1.0.0),6RTAS,1_2,3,A,2026,91837,,,
ABS:ABS_HH_PROV(1.0.0),6RTAS,1_2,3,A,2027,92101,,,
ABS:ABS_HH_PROV(1.0.0),6RTAS,1_2,3,A,2028,92318,,,
ABS:ABS_HH_PROV(1.0.0),6RTAS,1_2,3,A,2029,92507,,,
ABS:ABS_HH_PROV(1.0.0),6RTAS,1_2,3,A,2030,92669,,,
ABS:ABS_HH_PROV(1.0.0),6RTAS,1_2,3,A,2031,92768,,,
ABS:ABS_HH_PROV(1.0.0),6RTAS,1_2,3,A,2032,92780,,,
ABS:ABS_HH_PROV(1.0.0),6RTAS,1_2,3,A,2033,92777,,,
ABS:ABS_HH_PROV(1.0.0),6RTAS,1_2,3,A,2034,92781,,,
ABS:ABS_HH_PROV(1.0.0),6RTAS,1_2,3,A,2035,92763,,,
ABS:ABS_HH_PROV(1.0.0),6RTAS,1_2,3,A,2036,92716,,,
ABS:ABS_HH_PROV(1.0.0),6RTAS,1_2,3,A,2037,92655,,,
ABS:ABS_HH_PROV(1.0.0),6RTAS,1_2,3,A,2038,92559,,,
ABS:ABS_HH_PROV(1.0.0),6RTAS,1_2,3,A,2039,92448,,,
ABS:ABS_HH_PROV(1.0.0),6RTAS,1_2,3,A,2040,92313,,,
ABS:ABS_HH_PROV(1.0.0),6RTAS,1_2,3,A,2041,92154,,,
ABS:ABS_HH_PROV(1.0.0),6RTAS,1_2,3,A,2042,91976,,,
ABS:ABS_HH_PROV(1.0.0),6RTAS,1_2,3,A,2043,91768,,,
ABS:ABS_HH_PROV(1.0.0),6RTAS,1_2,3,A,2044,91539,,,
ABS:ABS_HH_PROV(1.0.0),6RTAS,1_2,3,A,2045,91279,,,
ABS:ABS_HH_PROV(1.0.0),6RTAS,1_2,3,A,2046,90995,,,
ABS:ABS_HH_PROV(1.0.0),1RNSW,4,1,A,2021,1172658,,,
ABS:ABS_HH_PROV(1.0.0),1RNSW,4,1,A,2022,1184848,,,
ABS:ABS_HH_PROV(1.0.0),1RNSW,4,1,A,2023,1203743,,,
ABS:ABS_HH_PROV(1.0.0),1RNSW,4,1,A,2024,1221704,,,
ABS:ABS_HH_PROV(1.0.0),1RNSW,4,1,A,2025,1239452,,,
ABS:ABS_HH_PROV(1.0.0),1RNSW,4,1,A,2026,1256669,,,
ABS:ABS_HH_PROV(1.0.0),1RNSW,4,1,A,2027,1273016,,,
ABS:ABS_HH_PROV(1.0.0),1RNSW,4,1,A,2028,1289355,,,
ABS:ABS_HH_PROV(1.0.0),1RNSW,4,1,A,2029,1305709,,,
ABS:ABS_HH_PROV(1.0.0),1RNSW,4,1,A,2030,1322177,,,
ABS:ABS_HH_PROV(1.0.0),1RNSW,4,1,A,2031,1338578,,,
ABS:ABS_HH_PROV(1.0.0),1RNSW,4,1,A,2032,1354832,,,
ABS:ABS_HH_PROV(1.0.0),1RNSW,4,1,A,2033,1371035,,,
ABS:ABS_HH_PROV(1.0.0),1RNSW,4,1,A,2034,1387153,,,
ABS:ABS_HH_PROV(1.0.0),1RNSW,4,1,A,2035,1403236,,,
ABS:ABS_HH_PROV(1.0.0),1RNSW,4,1,A,2036,1419367,,,
ABS:ABS_HH_PROV(1.0.0),1RNSW,4,1,A,2037,1435344,,,
ABS:ABS_HH_PROV(1.0.0),1RNSW,4,1,A,2038,1451082,,,
ABS:ABS_HH_PROV(1.0.0),1RNSW,4,1,A,2039,1466781,,,
ABS:ABS_HH_PROV(1.0.0),1RNSW,4,1,A,2040,1482411,,,
ABS:ABS_HH_PROV(1.0.0),1RNSW,4,1,A,2041,1498244,,,
ABS:ABS_HH_PROV(1.0.0),1RNSW,4,1,A,2042,1514169,,,
ABS:ABS_HH_PROV(1.0.0),1RNSW,4,1,A,2043,1529721,,,
ABS:ABS_HH_PROV(1.0.0),1RNSW,4,1,A,2044,1545392,,,
ABS:ABS_HH_PROV(1.0.0),1RNSW,4,1,A,2045,1561122,,,
ABS:ABS_HH_PROV(1.0.0),1RNSW,4,1,A,2046,1577093,,,
ABS:ABS_HH_PROV(1.0.0),5GPER,4,2,A,2021,832159,,,
ABS:ABS_HH_PROV(1.0.0),5GPER,4,2,A,2022,844886,,,
ABS:ABS_HH_PROV(1.0.0),5GPER,4,2,A,2023,863155,,,
ABS:ABS_HH_PROV(1.0.0),5GPER,4,2,A,2024,878995,,,
ABS:ABS_HH_PROV(1.0.0),5GPER,4,2,A,2025,894189,,,
ABS:ABS_HH_PROV(1.0.0),5GPER,4,2,A,2026,908576,,,
ABS:ABS_HH_PROV(1.0.0),5GPER,4,2,A,2027,923278,,,
ABS:ABS_HH_PROV(1.0.0),5GPER,4,2,A,2028,937646,,,
ABS:ABS_HH_PROV(1.0.0),5GPER,4,2,A,2029,951663,,,
ABS:ABS_HH_PROV(1.0.0),5GPER,4,2,A,2030,965427,,,
ABS:ABS_HH_PROV(1.0.0),5GPER,4,2,A,2031,978888,,,
ABS:ABS_HH_PROV(1.0.0),5GPER,4,2,A,2032,992433,,,
ABS:ABS_HH_PROV(1.0.0),5GPER,4,2,A,2033,1005747,,,
ABS:ABS_HH_PROV(1.0.0),5GPER,4,2,A,2034,1018642,,,
ABS:ABS_HH_PROV(1.0.0),5GPER,4,2,A,2035,1031257,,,
ABS:ABS_HH_PROV(1.0.0),5GPER,4,2,A,2036,1043639,,,
ABS:ABS_HH_PROV(1.0.0),5GPER,4,2,A,2037,1056203,,,
ABS:ABS_HH_PROV(1.0.0),5GPER,4,2,A,2038,1068316,,,
ABS:ABS_HH_PROV(1.0.0),5GPER,4,2,A,2039,1079918,,,
ABS:ABS_HH_PROV(1.0.0),5GPER,4,2,A,2040,1091012,,,
ABS:ABS_HH_PROV(1.0.0),5GPER,4,2,A,2041,1101800,,,
ABS:ABS_HH_PROV(1.0.0),5GPER,4,2,A,2042,1111978,,,
ABS:ABS_HH_PROV(1.0.0),5GPER,4,2,A,2043,1121493,,,
ABS:ABS_HH_PROV(1.0.0),5GPER,4,2,A,2044,1130512,,,
ABS:ABS_HH_PROV(1.0.0),5GPER,4,2,A,2045,1138988,,,
ABS:ABS_HH_PROV(1.0.0),5GPER,4,2,A,2046,1147145,,,
ABS:ABS_HH_PROV(1.0.0),8ACTE,4,2,A,2021,176879,,,
ABS:ABS_HH_PROV(1.0.0),8ACTE,4,2,A,2022,175726,,,
ABS:ABS_HH_PROV(1.0.0),8ACTE,4,2,A,2023,178951,,,
ABS:ABS_HH_PROV(1.0.0),8ACTE,4,2,A,2024,181903,,,
ABS:ABS_HH_PROV(1.0.0),8ACTE,4,2,A,2025,184919,,,
ABS:ABS_HH_PROV(1.0.0),8ACTE,4,2,A,2026,188097,,,
ABS:ABS_HH_PROV(1.0.0),8ACTE,4,2,A,2027,191533,,,
ABS:ABS_HH_PROV(1.0.0),8ACTE,4,2,A,2028,194833,,,
ABS:ABS_HH_PROV(1.0.0),8ACTE,4,2,A,2029,198103,,,
ABS:ABS_HH_PROV(1.0.0),8ACTE,4,2,A,2030,201292,,,
ABS:ABS_HH_PROV(1.0.0),8ACTE,4,2,A,2031,204384,,,
ABS:ABS_HH_PROV(1.0.0),8ACTE,4,2,A,2032,207411,,,
ABS:ABS_HH_PROV(1.0.0),8ACTE,4,2,A,2033,210239,,,
ABS:ABS_HH_PROV(1.0.0),8ACTE,4,2,A,2034,213120,,,
ABS:ABS_HH_PROV(1.0.0),8ACTE,4,2,A,2035,216054,,,
ABS:ABS_HH_PROV(1.0.0),8ACTE,4,2,A,2036,218938,,,
ABS:ABS_HH_PROV(1.0.0),8ACTE,4,2,A,2037,221849,,,
ABS:ABS_HH_PROV(1.0.0),8ACTE,4,2,A,2038,224717,,,
ABS:ABS_HH_PROV(1.0.0),8ACTE,4,2,A,2039,227537,,,
ABS:ABS_HH_PROV(1.0.0),8ACTE,4,2,A,2040,230340,,,
ABS:ABS_HH_PROV(1.0.0),8ACTE,4,2,A,2041,233129,,,
ABS:ABS_HH_PROV(1.0.0),8ACTE,4,2,A,2042,235839,,,
ABS:ABS_HH_PROV(1.0.0),8ACTE,4,2,A,2043,238437,,,
ABS:ABS_HH_PROV(1.0.0),8ACTE,4,2,A,2044,240989,,,
ABS:ABS_HH_PROV(1.0.0),8ACTE,4,2,A,2045,243465,,,
ABS:ABS_HH_PROV(1.0.0),8ACTE,4,2,A,2046,245888,,,
ABS:ABS_HH_PROV(1.0.0),6GHOB,4,3,A,2021,102203,,,
ABS:ABS_HH_PROV(1.0.0),6GHOB,4,3,A,2022,102955,,,
ABS:ABS_HH_PROV(1.0.0),6GHOB,4,3,A,2023,104362,,,
ABS:ABS_HH_PROV(1.0.0),6GHOB,4,3,A,2024,105573,,,
ABS:ABS_HH_PROV(1.0.0),6GHOB,4,3,A,2025,106721,,,
ABS:ABS_HH_PROV(1.0.0),6GHOB,4,3,A,2026,107731,,,
ABS:ABS_HH_PROV(1.0.0),6GHOB,4,3,A,2027,108729,,,
ABS:ABS_HH_PROV(1.0.0),6GHOB,4,3,A,2028,109624,,,
ABS:ABS_HH_PROV(1.0.0),6GHOB,4,3,A,2029,110437,,,
ABS:ABS_HH_PROV(1.0.0),6GHOB,4,3,A,2030,111227,,,
ABS:ABS_HH_PROV(1.0.0),6GHOB,4,3,A,2031,111921,,,
ABS:ABS_HH_PROV(1.0.0),6GHOB,4,3,A,2032,112487,,,
ABS:ABS_HH_PROV(1.0.0),6GHOB,4,3,A,2033,113008,,,
ABS:ABS_HH_PROV(1.0.0),6GHOB,4,3,A,2034,113499,,,
ABS:ABS_HH_PROV(1.0.0),6GHOB,4,3,A,2035,113968,,,
ABS:ABS_HH_PROV(1.0.0),6GHOB,4,3,A,2036,114416,,,
ABS:ABS_HH_PROV(1.0.0),6GHOB,4,3,A,2037,114785,,,
ABS:ABS_HH_PROV(1.0.0),6GHOB,4,3,A,2038,115104,,,
ABS:ABS_HH_PROV(1.0.0),6GHOB,4,3,A,2039,115394,,,
ABS:ABS_HH_PROV(1.0.0),6GHOB,4,3,A,2040,115654,,,
ABS:ABS_HH_PROV(1.0.0),6GHOB,4,3,A,2041,115892,,,
ABS:ABS_HH_PROV(1.0.0),6GHOB,4,3,A,2042,116087,,,
ABS:ABS_HH_PROV(1.0.0),6GHOB,4,3,A,2043,116235,,,
ABS:ABS_HH_PROV(1.0.0),6GHOB,4,3,A,2044,116364,,,
ABS:ABS_HH_PROV(1.0.0),6GHOB,4,3,A,2045,116473,,,
ABS:ABS_HH_PROV(1.0.0),6GHOB,4,3,A,2046,116563,,,
ABS:ABS_HH_PROV(1.0.0),7GDAR,4,3,A,2021,52621,,,
ABS:ABS_HH_PROV(1.0.0),7GDAR,4,3,A,2022,52781,,,
ABS:ABS_HH_PROV(1.0.0),7GDAR,4,3,A,2023,53824,,,
ABS:ABS_HH_PROV(1.0.0),7GDAR,4,3,A,2024,54554,,,
ABS:ABS_HH_PROV(1.0.0),7GDAR,4,3,A,2025,55312,,,
ABS:ABS_HH_PROV(1.0.0),7GDAR,4,3,A,2026,56004,,,
ABS:ABS_HH_PROV(1.0.0),7GDAR,4,3,A,2027,56718,,,
ABS:ABS_HH_PROV(1.0.0),7GDAR,4,3,A,2028,57414,,,
ABS:ABS_HH_PROV(1.0.0),7GDAR,4,3,A,2029,58017,,,
ABS:ABS_HH_PROV(1.0.0),7GDAR,4,3,A,2030,58613,,,
ABS:ABS_HH_PROV(1.0.0),7GDAR,4,3,A,2031,59121,,,
ABS:ABS_HH_PROV(1.0.0),7GDAR,4,3,A,2032,59611,,,
ABS:ABS_HH_PROV(1.0.0),7GDAR,4,3,A,2033,60097,,,
ABS:ABS_HH_PROV(1.0.0),7GDAR,4,3,A,2034,60571,,,
ABS:ABS_HH_PROV(1.0.0),7GDAR,4,3,A,2035,61047,,,
ABS:ABS_HH_PROV(1.0.0),7GDAR,4,3,A,2036,61501,,,
ABS:ABS_HH_PROV(1.0.0),7GDAR,4,3,A,2037,61950,,,
ABS:ABS_HH_PROV(1.0.0),7GDAR,4,3,A,2038,62383,,,
ABS:ABS_HH_PROV(1.0.0),7GDAR,4,3,A,2039,62804,,,
ABS:ABS_HH_PROV(1.0.0),7GDAR,4,3,A,2040,63214,,,
ABS:ABS_HH_PROV(1.0.0),7GDAR,4,3,A,2041,63624,,,
ABS:ABS_HH_PROV(1.0.0),7GDAR,4,3,A,2042,64020,,,
ABS:ABS_HH_PROV(1.0.0),7GDAR,4,3,A,2043,64385,,,
ABS:ABS_HH_PROV(1.0.0),7GDAR,4,3,A,2044,64750,,,
ABS:ABS_HH_PROV(1.0.0),7GDAR,4,3,A,2045,65101,,,
ABS:ABS_HH_PROV(1.0.0),7GDAR,4,3,A,2046,65448,,,
ABS:ABS_HH_PROV(1.0.0),5RWAU,1_2,2,A,2021,150543,,,
ABS:ABS_HH_PROV(1.0.0),5RWAU,1_2,2,A,2022,151722,,,
ABS:ABS_HH_PROV(1.0.0),5RWAU,1_2,2,A,2023,152693,,,
ABS:ABS_HH_PROV(1.0.0),5RWAU,1_2,2,A,2024,153542,,,
ABS:ABS_HH_PROV(1.0.0),5RWAU,1_2,2,A,2025,154644,,,
ABS:ABS_HH_PROV(1.0.0),5RWAU,1_2,2,A,2026,155850,,,
ABS:ABS_HH_PROV(1.0.0),5RWAU,1_2,2,A,2027,157364,,,
ABS:ABS_HH_PROV(1.0.0),5RWAU,1_2,2,A,2028,158973,,,
ABS:ABS_HH_PROV(1.0.0),5RWAU,1_2,2,A,2029,160678,,,
ABS:ABS_HH_PROV(1.0.0),5RWAU,1_2,2,A,2030,162495,,,
ABS:ABS_HH_PROV(1.0.0),5RWAU,1_2,2,A,2031,164338,,,
ABS:ABS_HH_PROV(1.0.0),5RWAU,1_2,2,A,2032,166356,,,
ABS:ABS_HH_PROV(1.0.0),5RWAU,1_2,2,A,2033,168404,,,
ABS:ABS_HH_PROV(1.0.0),5RWAU,1_2,2,A,2034,170508,,,
ABS:ABS_HH_PROV(1.0.0),5RWAU,1_2,2,A,2035,172673,,,
ABS:ABS_HH_PROV(1.0.0),5RWAU,1_2,2,A,2036,174827,,,
ABS:ABS_HH_PROV(1.0.0),5RWAU,1_2,2,A,2037,177154,,,
ABS:ABS_HH_PROV(1.0.0),5RWAU,1_2,2,A,2038,179469,,,
ABS:ABS_HH_PROV(1.0.0),5RWAU,1_2,2,A,2039,181801,,,
ABS:ABS_HH_PROV(1.0.0),5RWAU,1_2,2,A,2040,184137,,,
ABS:ABS_HH_PROV(1.0.0),5RWAU,1_2,2,A,2041,186474,,,
ABS:ABS_HH_PROV(1.0.0),5RWAU,1_2,2,A,2042,188842,,,
ABS:ABS_HH_PROV(1.0.0),5RWAU,1_2,2,A,2043,191188,,,
ABS:ABS_HH_PROV(1.0.0),5RWAU,1_2,2,A,2044,193553,,,
ABS:ABS_HH_PROV(1.0.0),5RWAU,1_2,2,A,2045,195922,,,
ABS:ABS_HH_PROV(1.0.0),5RWAU,1_2,2,A,2046,198321,,,
ABS:ABS_HH_PROV(1.0.0),7GDAR,1_2,2,A,2021,37588,,,
ABS:ABS_HH_PROV(1.0.0),7GDAR,1_2,2,A,2022,37690,,,
ABS:ABS_HH_PROV(1.0.0),7GDAR,1_2,2,A,2023,38459,,,
ABS:ABS_HH_PROV(1.0.0),7GDAR,1_2,2,A,2024,39010,,,
ABS:ABS_HH_PROV(1.0.0),7GDAR,1_2,2,A,2025,39586,,,
ABS:ABS_HH_PROV(1.0.0),7GDAR,1_2,2,A,2026,40108,,,
ABS:ABS_HH_PROV(1.0.0),7GDAR,1_2,2,A,2027,40692,,,
ABS:ABS_HH_PROV(1.0.0),7GDAR,1_2,2,A,2028,41259,,,
ABS:ABS_HH_PROV(1.0.0),7GDAR,1_2,2,A,2029,41755,,,
ABS:ABS_HH_PROV(1.0.0),7GDAR,1_2,2,A,2030,42246,,,
ABS:ABS_HH_PROV(1.0.0),7GDAR,1_2,2,A,2031,42674,,,
ABS:ABS_HH_PROV(1.0.0),7GDAR,1_2,2,A,2032,43107,,,
ABS:ABS_HH_PROV(1.0.0),7GDAR,1_2,2,A,2033,43534,,,
ABS:ABS_HH_PROV(1.0.0),7GDAR,1_2,2,A,2034,43965,,,
ABS:ABS_HH_PROV(1.0.0),7GDAR,1_2,2,A,2035,44397,,,
ABS:ABS_HH_PROV(1.0.0),7GDAR,1_2,2,A,2036,44826,,,
ABS:ABS_HH_PROV(1.0.0),7GDAR,1_2,2,A,2037,45282,,,
ABS:ABS_HH_PROV(1.0.0),7GDAR,1_2,2,A,2038,45726,,,
ABS:ABS_HH_PROV(1.0.0),7GDAR,1_2,2,A,2039,46164,,,
ABS:ABS_HH_PROV(1.0.0),7GDAR,1_2,2,A,2040,46601,,,
ABS:ABS_HH_PROV(1.0.0),7GDAR,1_2,2,A,2041,47036,,,
ABS:ABS_HH_PROV(1.0.0),7GDAR,1_2,2,A,2042,47465,,,
ABS:ABS_HH_PROV(1.0.0),7GDAR,1_2,2,A,2043,47878,,,
ABS:ABS_HH_PROV(1.0.0),7GDAR,1_2,2,A,2044,48281,,,
ABS:ABS_HH_PROV(1.0.0),7GDAR,1_2,2,A,2045,48681,,,
ABS:ABS_HH_PROV(1.0.0),7GDAR,1_2,2,A,2046,49084,,,
ABS:ABS_HH_PROV(1.0.0),7RNTE,32,2,A,2021,1181,,,
ABS:ABS_HH_PROV(1.0.0),7RNTE,32,2,A,2022,1209,,,
ABS:ABS_HH_PROV(1.0.0),7RNTE,32,2,A,2023,1233,,,
ABS:ABS_HH_PROV(1.0.0),7RNTE,32,2,A,2024,1248,,,
ABS:ABS_HH_PROV(1.0.0),7RNTE,32,2,A,2025,1263,,,
ABS:ABS_HH_PROV(1.0.0),7RNTE,32,2,A,2026,1284,,,
ABS:ABS_HH_PROV(1.0.0),7RNTE,32,2,A,2027,1301,,,
ABS:ABS_HH_PROV(1.0.0),7RNTE,32,2,A,2028,1320,,,
ABS:ABS_HH_PROV(1.0.0),7RNTE,32,2,A,2029,1336,,,
ABS:ABS_HH_PROV(1.0.0),7RNTE,32,2,A,2030,1354,,,
ABS:ABS_HH_PROV(1.0.0),7RNTE,32,2,A,2031,1372,,,
ABS:ABS_HH_PROV(1.0.0),7RNTE,32,2,A,2032,1388,,,
ABS:ABS_HH_PROV(1.0.0),7RNTE,32,2,A,2033,1403,,,
ABS:ABS_HH_PROV(1.0.0),7RNTE,32,2,A,2034,1417,,,
ABS:ABS_HH_PROV(1.0.0),7RNTE,32,2,A,2035,1432,,,
ABS:ABS_HH_PROV(1.0.0),7RNTE,32,2,A,2036,1446,,,
ABS:ABS_HH_PROV(1.0.0),7RNTE,32,2,A,2037,1457,,,
ABS:ABS_HH_PROV(1.0.0),7RNTE,32,2,A,2038,1467,,,
ABS:ABS_HH_PROV(1.0.0),7RNTE,32,2,A,2039,1476,,,
ABS:ABS_HH_PROV(1.0.0),7RNTE,32,2,A,2040,1484,,,
ABS:ABS_HH_PROV(1.0.0),7RNTE,32,2,A,2041,1491,,,
ABS:ABS_HH_PROV(1.0.0),7RNTE,32,2,A,2042,1497,,,
ABS:ABS_HH_PROV(1.0.0),7RNTE,32,2,A,2043,1504,,,
ABS:ABS_HH_PROV(1.0.0),7RNTE,32,2,A,2044,1510,,,
ABS:ABS_HH_PROV(1.0.0),7RNTE,32,2,A,2045,1517,,,
ABS:ABS_HH_PROV(1.0.0),7RNTE,32,2,A,2046,1524,,,
ABS:ABS_HH_PROV(1.0.0),1RNSW,31,3,A,2021,349932,,,
ABS:ABS_HH_PROV(1.0.0),1RNSW,31,3,A,2022,353906,,,
ABS:ABS_HH_PROV(1.0.0),1RNSW,31,3,A,2023,357780,,,
ABS:ABS_HH_PROV(1.0.0),1RNSW,31,3,A,2024,361366,,,
ABS:ABS_HH_PROV(1.0.0),1RNSW,31,3,A,2025,364634,,,
ABS:ABS_HH_PROV(1.0.0),1RNSW,31,3,A,2026,367802,,,
ABS:ABS_HH_PROV(1.0.0),1RNSW,31,3,A,2027,370765,,,
ABS:ABS_HH_PROV(1.0.0),1RNSW,31,3,A,2028,373414,,,
ABS:ABS_HH_PROV(1.0.0),1RNSW,31,3,A,2029,375947,,,
ABS:ABS_HH_PROV(1.0.0),1RNSW,31,3,A,2030,378309,,,
ABS:ABS_HH_PROV(1.0.0),1RNSW,31,3,A,2031,380639,,,
ABS:ABS_HH_PROV(1.0.0),1RNSW,31,3,A,2032,383044,,,
ABS:ABS_HH_PROV(1.0.0),1RNSW,31,3,A,2033,385204,,,
ABS:ABS_HH_PROV(1.0.0),1RNSW,31,3,A,2034,387194,,,
ABS:ABS_HH_PROV(1.0.0),1RNSW,31,3,A,2035,389080,,,
ABS:ABS_HH_PROV(1.0.0),1RNSW,31,3,A,2036,391021,,,
ABS:ABS_HH_PROV(1.0.0),1RNSW,31,3,A,2037,392843,,,
ABS:ABS_HH_PROV(1.0.0),1RNSW,31,3,A,2038,394621,,,
ABS:ABS_HH_PROV(1.0.0),1RNSW,31,3,A,2039,396332,,,
ABS:ABS_HH_PROV(1.0.0),1RNSW,31,3,A,2040,398064,,,
ABS:ABS_HH_PROV(1.0.0),1RNSW,31,3,A,2041,399867,,,
ABS:ABS_HH_PROV(1.0.0),1RNSW,31,3,A,2042,401686,,,
ABS:ABS_HH_PROV(1.0.0),1RNSW,31,3,A,2043,403525,,,
ABS:ABS_HH_PROV(1.0.0),1RNSW,31,3,A,2044,405466,,,
ABS:ABS_HH_PROV(1.0.0),1RNSW,31,3,A,2045,407507,,,
ABS:ABS_HH_PROV(1.0.0),1RNSW,31,3,A,2046,409626,,,
ABS:ABS_HH_PROV(1.0.0),3,4,2,A,2021,2027446,,,
ABS:ABS_HH_PROV(1.0.0),3,4,2,A,2022,2058918,,,
ABS:ABS_HH_PROV(1.0.0),3,4,2,A,2023,2103229,,,
ABS:ABS_HH_PROV(1.0.0),3,4,2,A,2024,2142547,,,
ABS:ABS_HH_PROV(1.0.0),3,4,2,A,2025,2180141,,,
ABS:ABS_HH_PROV(1.0.0),3,4,2,A,2026,2215521,,,
ABS:ABS_HH_PROV(1.0.0),3,4,2,A,2027,2250329,,,
ABS:ABS_HH_PROV(1.0.0),3,4,2,A,2028,2284256,,,
ABS:ABS_HH_PROV(1.0.0),3,4,2,A,2029,2317487,,,
ABS:ABS_HH_PROV(1.0.0),3,4,2,A,2030,2350071,,,
ABS:ABS_HH_PROV(1.0.0),3,4,2,A,2031,2381819,,,
ABS:ABS_HH_PROV(1.0.0),3,4,2,A,2032,2413495,,,
ABS:ABS_HH_PROV(1.0.0),3,4,2,A,2033,2444615,,,
ABS:ABS_HH_PROV(1.0.0),3,4,2,A,2034,2475106,,,
ABS:ABS_HH_PROV(1.0.0),3,4,2,A,2035,2504935,,,
ABS:ABS_HH_PROV(1.0.0),3,4,2,A,2036,2534131,,,
ABS:ABS_HH_PROV(1.0.0),3,4,2,A,2037,2563572,,,
ABS:ABS_HH_PROV(1.0.0),3,4,2,A,2038,2592086,,,
ABS:ABS_HH_PROV(1.0.0),3,4,2,A,2039,2619895,,,
ABS:ABS_HH_PROV(1.0.0),3,4,2,A,2040,2646802,,,
ABS:ABS_HH_PROV(1.0.0),3,4,2,A,2041,2673234,,,
ABS:ABS_HH_PROV(1.0.0),3,4,2,A,2042,2699249,,,
ABS:ABS_HH_PROV(1.0.0),3,4,2,A,2043,2724230,,,
ABS:ABS_HH_PROV(1.0.0),3,4,2,A,2044,2748715,,,
ABS:ABS_HH_PROV(1.0.0),3,4,2,A,2045,2772534,,,
ABS:ABS_HH_PROV(1.0.0),3,4,2,A,2046,2795982,,,
ABS:ABS_HH_PROV(1.0.0),6,1_2,2,A,2021,158626,,,
ABS:ABS_HH_PROV(1.0.0),6,1_2,2,A,2022,159668,,,
ABS:ABS_HH_PROV(1.0.0),6,1_2,2,A,2023,160998,,,
ABS:ABS_HH_PROV(1.0.0),6,1_2,2,A,2024,162055,,,
ABS:ABS_HH_PROV(1.0.0),6,1_2,2,A,2025,163106,,,
ABS:ABS_HH_PROV(1.0.0),6,1_2,2,A,2026,164040,,,
ABS:ABS_HH_PROV(1.0.0),6,1_2,2,A,2027,165121,,,
ABS:ABS_HH_PROV(1.0.0),6,1_2,2,A,2028,166091,,,
ABS:ABS_HH_PROV(1.0.0),6,1_2,2,A,2029,166978,,,
ABS:ABS_HH_PROV(1.0.0),6,1_2,2,A,2030,167828,,,
ABS:ABS_HH_PROV(1.0.0),6,1_2,2,A,2031,168540,,,
ABS:ABS_HH_PROV(1.0.0),6,1_2,2,A,2032,169124,,,
ABS:ABS_HH_PROV(1.0.0),6,1_2,2,A,2033,169688,,,
ABS:ABS_HH_PROV(1.0.0),6,1_2,2,A,2034,170244,,,
ABS:ABS_HH_PROV(1.0.0),6,1_2,2,A,2035,170757,,,
ABS:ABS_HH_PROV(1.0.0),6,1_2,2,A,2036,171210,,,
ABS:ABS_HH_PROV(1.0.0),6,1_2,2,A,2037,171681,,,
ABS:ABS_HH_PROV(1.0.0),6,1_2,2,A,2038,172109,,,
ABS:ABS_HH_PROV(1.0.0),6,1_2,2,A,2039,172497,,,
ABS:ABS_HH_PROV(1.0.0),6,1_2,2,A,2040,172829,,,
ABS:ABS_HH_PROV(1.0.0),6,1_2,2,A,2041,173126,,,
ABS:ABS_HH_PROV(1.0.0),6,1_2,2,A,2042,173379,,,
ABS:ABS_HH_PROV(1.0.0),6,1_2,2,A,2043,173581,,,
ABS:ABS_HH_PROV(1.0.0),6,1_2,2,A,2044,173737,,,
ABS:ABS_HH_PROV(1.0.0),6,1_2,2,A,2045,173851,,,
ABS:ABS_HH_PROV(1.0.0),6,1_2,2,A,2046,173942,,,
ABS:ABS_HH_PROV(1.0.0),1,31,2,A,2021,834620,,,
ABS:ABS_HH_PROV(1.0.0),1,31,2,A,2022,839871,,,
ABS:ABS_HH_PROV(1.0.0),1,31,2,A,2023,853881,,,
ABS:ABS_HH_PROV(1.0.0),1,31,2,A,2024,866129,,,
ABS:ABS_HH_PROV(1.0.0),1,31,2,A,2025,878047,,,
ABS:ABS_HH_PROV(1.0.0),1,31,2,A,2026,889732,,,
ABS:ABS_HH_PROV(1.0.0),1,31,2,A,2027,904235,,,
ABS:ABS_HH_PROV(1.0.0),1,31,2,A,2028,918193,,,
ABS:ABS_HH_PROV(1.0.0),1,31,2,A,2029,931786,,,
ABS:ABS_HH_PROV(1.0.0),1,31,2,A,2030,944899,,,
ABS:ABS_HH_PROV(1.0.0),1,31,2,A,2031,957815,,,
ABS:ABS_HH_PROV(1.0.0),1,31,2,A,2032,972236,,,
ABS:ABS_HH_PROV(1.0.0),1,31,2,A,2033,986159,,,
ABS:ABS_HH_PROV(1.0.0),1,31,2,A,2034,999531,,,
ABS:ABS_HH_PROV(1.0.0),1,31,2,A,2035,1012444,,,
ABS:ABS_HH_PROV(1.0.0),1,31,2,A,2036,1025255,,,
ABS:ABS_HH_PROV(1.0.0),1,31,2,A,2037,1039506,,,
ABS:ABS_HH_PROV(1.0.0),1,31,2,A,2038,1053408,,,
ABS:ABS_HH_PROV(1.0.0),1,31,2,A,2039,1066931,,,
ABS:ABS_HH_PROV(1.0.0),1,31,2,A,2040,1080050,,,
ABS:ABS_HH_PROV(1.0.0),1,31,2,A,2041,1093135,,,
ABS:ABS_HH_PROV(1.0.0),1,31,2,A,2042,1105927,,,
ABS:ABS_HH_PROV(1.0.0),1,31,2,A,2043,1118322,,,
ABS:ABS_HH_PROV(1.0.0),1,31,2,A,2044,1130475,,,
ABS:ABS_HH_PROV(1.0.0),1,31,2,A,2045,1142344,,,
ABS:ABS_HH_PROV(1.0.0),1,31,2,A,2046,1154141,,,
ABS:ABS_HH_PROV(1.0.0),4,32,2,A,2021,25673,,,
ABS:ABS_HH_PROV(1.0.0),4,32,2,A,2022,26157,,,
ABS:ABS_HH_PROV(1.0.0),4,32,2,A,2023,26869,,,
ABS:ABS_HH_PROV(1.0.0),4,32,2,A,2024,27453,,,
ABS:ABS_HH_PROV(1.0.0),4,32,2,A,2025,27987,,,
ABS:ABS_HH_PROV(1.0.0),4,32,2,A,2026,28518,,,
ABS:ABS_HH_PROV(1.0.0),4,32,2,A,2027,28904,,,
ABS:ABS_HH_PROV(1.0.0),4,32,2,A,2028,29289,,,
ABS:ABS_HH_PROV(1.0.0),4,32,2,A,2029,29647,,,
ABS:ABS_HH_PROV(1.0.0),4,32,2,A,2030,29960,,,
ABS:ABS_HH_PROV(1.0.0),4,32,2,A,2031,30256,,,
ABS:ABS_HH_PROV(1.0.0),4,32,2,A,2032,30489,,,
ABS:ABS_HH_PROV(1.0.0),4,32,2,A,2033,30715,,,
ABS:ABS_HH_PROV(1.0.0),4,32,2,A,2034,30918,,,
ABS:ABS_HH_PROV(1.0.0),4,32,2,A,2035,31090,,,
ABS:ABS_HH_PROV(1.0.0),4,32,2,A,2036,31263,,,
ABS:ABS_HH_PROV(1.0.0),4,32,2,A,2037,31325,,,
ABS:ABS_HH_PROV(1.0.0),4,32,2,A,2038,31371,,,
ABS:ABS_HH_PROV(1.0.0),4,32,2,A,2039,31403,,,
ABS:ABS_HH_PROV(1.0.0),4,32,2,A,2040,31411,,,
ABS:ABS_HH_PROV(1.0.0),4,32,2,A,2041,31438,,,
ABS:ABS_HH_PROV(1.0.0),4,32,2,A,2042,31454,,,
ABS:ABS_HH_PROV(1.0.0),4,32,2,A,2043,31455,,,
ABS:ABS_HH_PROV(1.0.0),4,32,2,A,2044,31459,,,
ABS:ABS_HH_PROV(1.0.0),4,32,2,A,2045,31466,,,
ABS:ABS_HH_PROV(1.0.0),4,32,2,A,2046,31463,,,
ABS:ABS_HH_PROV(1.0.0),6,32,1,A,2021,8186,,,
ABS:ABS_HH_PROV(1.0.0),6,32,1,A,2022,8158,,,
ABS:ABS_HH_PROV(1.0.0),6,32,1,A,2023,8203,,,
ABS:ABS_HH_PROV(1.0.0),6,32,1,A,2024,8221,,,
ABS:ABS_HH_PROV(1.0.0),6,32,1,A,2025,8243,,,
ABS:ABS_HH_PROV(1.0.0),6,32,1,A,2026,8276,,,
ABS:ABS_HH_PROV(1.0.0),6,32,1,A,2027,8326,,,
ABS:ABS_HH_PROV(1.0.0),6,32,1,A,2028,8372,,,
ABS:ABS_HH_PROV(1.0.0),6,32,1,A,2029,8410,,,
ABS:ABS_HH_PROV(1.0.0),6,32,1,A,2030,8437,,,
ABS:ABS_HH_PROV(1.0.0),6,32,1,A,2031,8463,,,
ABS:ABS_HH_PROV(1.0.0),6,32,1,A,2032,8486,,,
ABS:ABS_HH_PROV(1.0.0),6,32,1,A,2033,8513,,,
ABS:ABS_HH_PROV(1.0.0),6,32,1,A,2034,8532,,,
ABS:ABS_HH_PROV(1.0.0),6,32,1,A,2035,8541,,,
ABS:ABS_HH_PROV(1.0.0),6,32,1,A,2036,8550,,,
ABS:ABS_HH_PROV(1.0.0),6,32,1,A,2037,8552,,,
ABS:ABS_HH_PROV(1.0.0),6,32,1,A,2038,8550,,,
ABS:ABS_HH_PROV(1.0.0),6,32,1,A,2039,8543,,,
ABS:ABS_HH_PROV(1.0.0),6,32,1,A,2040,8530,,,
ABS:ABS_HH_PROV(1.0.0),6,32,1,A,2041,8515,,,
ABS:ABS_HH_PROV(1.0.0),6,32,1,A,2042,8501,,,
ABS:ABS_HH_PROV(1.0.0),6,32,1,A,2043,8479,,,
ABS:ABS_HH_PROV(1.0.0),6,32,1,A,2044,8459,,,
ABS:ABS_HH_PROV(1.0.0),6,32,1,A,2045,8439,,,
ABS:ABS_HH_PROV(1.0.0),6,32,1,A,2046,8416,,,
ABS:ABS_HH_PROV(1.0.0),2,1_2,2,A,2021,1768595,,,
ABS:ABS_HH_PROV(1.0.0),2,1_2,2,A,2022,1787804,,,
ABS:ABS_HH_PROV(1.0.0),2,1_2,2,A,2023,1823814,,,
ABS:ABS_HH_PROV(1.0.0),2,1_2,2,A,2024,1855913,,,
ABS:ABS_HH_PROV(1.0.0),2,1_2,2,A,2025,1889749,,,
ABS:ABS_HH_PROV(1.0.0),2,1_2,2,A,2026,1924731,,,
ABS:ABS_HH_PROV(1.0.0),2,1_2,2,A,2027,1960965,,,
ABS:ABS_HH_PROV(1.0.0),2,1_2,2,A,2028,1996622,,,
ABS:ABS_HH_PROV(1.0.0),2,1_2,2,A,2029,2031926,,,
ABS:ABS_HH_PROV(1.0.0),2,1_2,2,A,2030,2067174,,,
ABS:ABS_HH_PROV(1.0.0),2,1_2,2,A,2031,2101461,,,
ABS:ABS_HH_PROV(1.0.0),2,1_2,2,A,2032,2134926,,,
ABS:ABS_HH_PROV(1.0.0),2,1_2,2,A,2033,2168325,,,
ABS:ABS_HH_PROV(1.0.0),2,1_2,2,A,2034,2201753,,,
ABS:ABS_HH_PROV(1.0.0),2,1_2,2,A,2035,2235326,,,
ABS:ABS_HH_PROV(1.0.0),2,1_2,2,A,2036,2268466,,,
ABS:ABS_HH_PROV(1.0.0),2,1_2,2,A,2037,2302010,,,
ABS:ABS_HH_PROV(1.0.0),2,1_2,2,A,2038,2335058,,,
ABS:ABS_HH_PROV(1.0.0),2,1_2,2,A,2039,2367613,,,
ABS:ABS_HH_PROV(1.0.0),2,1_2,2,A,2040,2399729,,,
ABS:ABS_HH_PROV(1.0.0),2,1_2,2,A,2041,2431334,,,
ABS:ABS_HH_PROV(1.0.0),2,1_2,2,A,2042,2462369,,,
ABS:ABS_HH_PROV(1.0.0),2,1_2,2,A,2043,2492509,,,
ABS:ABS_HH_PROV(1.0.0),2,1_2,2,A,2044,2522054,,,
ABS:ABS_HH_PROV(1.0.0),2,1_2,2,A,2045,2550957,,,
ABS:ABS_HH_PROV(1.0.0),2,1_2,2,A,2046,2579577,,,
ABS:ABS_HH_PROV(1.0.0),3,1_2,1,A,2021,1416416,,,
ABS:ABS_HH_PROV(1.0.0),3,1_2,1,A,2022,1446152,,,
ABS:ABS_HH_PROV(1.0.0),3,1_2,1,A,2023,1478235,,,
ABS:ABS_HH_PROV(1.0.0),3,1_2,1,A,2024,1506683,,,
ABS:ABS_HH_PROV(1.0.0),3,1_2,1,A,2025,1534039,,,
ABS:ABS_HH_PROV(1.0.0),3,1_2,1,A,2026,1559642,,,
ABS:ABS_HH_PROV(1.0.0),3,1_2,1,A,2027,1582879,,,
ABS:ABS_HH_PROV(1.0.0),3,1_2,1,A,2028,1605691,,,
ABS:ABS_HH_PROV(1.0.0),3,1_2,1,A,2029,1628143,,,
ABS:ABS_HH_PROV(1.0.0),3,1_2,1,A,2030,1650361,,,
ABS:ABS_HH_PROV(1.0.0),3,1_2,1,A,2031,1671981,,,
ABS:ABS_HH_PROV(1.0.0),3,1_2,1,A,2032,1692460,,,
ABS:ABS_HH_PROV(1.0.0),3,1_2,1,A,2033,1712755,,,
ABS:ABS_HH_PROV(1.0.0),3,1_2,1,A,2034,1732891,,,
ABS:ABS_HH_PROV(1.0.0),3,1_2,1,A,2035,1752804,,,
ABS:ABS_HH_PROV(1.0.0),3,1_2,1,A,2036,1772246,,,
ABS:ABS_HH_PROV(1.0.0),3,1_2,1,A,2037,1791195,,,
ABS:ABS_HH_PROV(1.0.0),3,1_2,1,A,2038,1809569,,,
ABS:ABS_HH_PROV(1.0.0),3,1_2,1,A,2039,1827589,,,
ABS:ABS_HH_PROV(1.0.0),3,1_2,1,A,2040,1845089,,,
ABS:ABS_HH_PROV(1.0.0),3,1_2,1,A,2041,1862164,,,
ABS:ABS_HH_PROV(1.0.0),3,1_2,1,A,2042,1879007,,,
ABS:ABS_HH_PROV(1.0.0),3,1_2,1,A,2043,1895165,,,
ABS:ABS_HH_PROV(1.0.0),3,1_2,1,A,2044,1910965,,,
ABS:ABS_HH_PROV(1.0.0),3,1_2,1,A,2045,1926275,,,
ABS:ABS_HH_PROV(1.0.0),3,1_2,1,A,2046,1941273,,,
ABS:ABS_HH_PROV(1.0.0),0,1_2,2,A,2021,6950688,,,
ABS:ABS_HH_PROV(1.0.0),0,1_2,2,A,2022,7025067,,,
ABS:ABS_HH_PROV(1.0.0),0,1_2,2,A,2023,7152067,,,
ABS:ABS_HH_PROV(1.0.0),0,1_2,2,A,2024,7262388,,,
ABS:ABS_HH_PROV(1.0.0),0,1_2,2,A,2025,7373634,,,
ABS:ABS_HH_PROV(1.0.0),0,1_2,2,A,2026,7482235,,,
ABS:ABS_HH_PROV(1.0.0),0,1_2,2,A,2027,7591839,,,
ABS:ABS_HH_PROV(1.0.0),0,1_2,2,A,2028,7699268,,,
ABS:ABS_HH_PROV(1.0.0),0,1_2,2,A,2029,7804924,,,
ABS:ABS_HH_PROV(1.0.0),0,1_2,2,A,2030,7909901,,,
ABS:ABS_HH_PROV(1.0.0),0,1_2,2,A,2031,8011192,,,
ABS:ABS_HH_PROV(1.0.0),0,1_2,2,A,2032,8109563,,,
ABS:ABS_HH_PROV(1.0.0),0,1_2,2,A,2033,8207359,,,
ABS:ABS_HH_PROV(1.0.0),0,1_2,2,A,2034,8304804,,,
ABS:ABS_HH_PROV(1.0.0),0,1_2,2,A,2035,8402146,,,
ABS:ABS_HH_PROV(1.0.0),0,1_2,2,A,2036,8497565,,,
ABS:ABS_HH_PROV(1.0.0),0,1_2,2,A,2037,8594095,,,
ABS:ABS_HH_PROV(1.0.0),0,1_2,2,A,2038,8688313,,,
ABS:ABS_HH_PROV(1.0.0),0,1_2,2,A,2039,8780680,,,
ABS:ABS_HH_PROV(1.0.0),0,1_2,2,A,2040,8871093,,,
ABS:ABS_HH_PROV(1.0.0),0,1_2,2,A,2041,8959628,,,
ABS:ABS_HH_PROV(1.0.0),0,1_2,2,A,2042,9046292,,,
ABS:ABS_HH_PROV(1.0.0),0,1_2,2,A,2043,9129618,,,
ABS:ABS_HH_PROV(1.0.0),0,1_2,2,A,2044,9210904,,,
ABS:ABS_HH_PROV(1.0.0),0,1_2,2,A,2045,9289762,,,
ABS:ABS_HH_PROV(1.0.0),0,1_2,2,A,2046,9367465,,,
ABS:ABS_HH_PROV(1.0.0),5GPER,1_2,1,A,2021,595419,,,
ABS:ABS_HH_PROV(1.0.0),5GPER,1_2,1,A,2022,605689,,,
ABS:ABS_HH_PROV(1.0.0),5GPER,1_2,1,A,2023,618833,,,
ABS:ABS_HH_PROV(1.0.0),5GPER,1_2,1,A,2024,630047,,,
ABS:ABS_HH_PROV(1.0.0),5GPER,1_2,1,A,2025,640769,,,
ABS:ABS_HH_PROV(1.0.0),5GPER,1_2,1,A,2026,650763,,,
ABS:ABS_HH_PROV(1.0.0),5GPER,1_2,1,A,2027,659861,,,
ABS:ABS_HH_PROV(1.0.0),5GPER,1_2,1,A,2028,668777,,,
ABS:ABS_HH_PROV(1.0.0),5GPER,1_2,1,A,2029,677469,,,
ABS:ABS_HH_PROV(1.0.0),5GPER,1_2,1,A,2030,686026,,,
ABS:ABS_HH_PROV(1.0.0),5GPER,1_2,1,A,2031,694298,,,
ABS:ABS_HH_PROV(1.0.0),5GPER,1_2,1,A,2032,702045,,,
ABS:ABS_HH_PROV(1.0.0),5GPER,1_2,1,A,2033,709769,,,
ABS:ABS_HH_PROV(1.0.0),5GPER,1_2,1,A,2034,717329,,,
ABS:ABS_HH_PROV(1.0.0),5GPER,1_2,1,A,2035,724810,,,
ABS:ABS_HH_PROV(1.0.0),5GPER,1_2,1,A,2036,732134,,,
ABS:ABS_HH_PROV(1.0.0),5GPER,1_2,1,A,2037,739257,,,
ABS:ABS_HH_PROV(1.0.0),5GPER,1_2,1,A,2038,746164,,,
ABS:ABS_HH_PROV(1.0.0),5GPER,1_2,1,A,2039,752793,,,
ABS:ABS_HH_PROV(1.0.0),5GPER,1_2,1,A,2040,759166,,,
ABS:ABS_HH_PROV(1.0.0),5GPER,1_2,1,A,2041,765332,,,
ABS:ABS_HH_PROV(1.0.0),5GPER,1_2,1,A,2042,771224,,,
ABS:ABS_HH_PROV(1.0.0),5GPER,1_2,1,A,2043,776738,,,
ABS:ABS_HH_PROV(1.0.0),5GPER,1_2,1,A,2044,781940,,,
ABS:ABS_HH_PROV(1.0.0),5GPER,1_2,1,A,2045,786852,,,
ABS:ABS_HH_PROV(1.0.0),5GPER,1_2,1,A,2046,791592,,,
ABS:ABS_HH_PROV(1.0.0),2RVIC,31,2,A,2021,199541,,,
ABS:ABS_HH_PROV(1.0.0),2RVIC,31,2,A,2022,203015,,,
ABS:ABS_HH_PROV(1.0.0),2RVIC,31,2,A,2023,203738,,,
ABS:ABS_HH_PROV(1.0.0),2RVIC,31,2,A,2024,204509,,,
ABS:ABS_HH_PROV(1.0.0),2RVIC,31,2,A,2025,205468,,,
ABS:ABS_HH_PROV(1.0.0),2RVIC,31,2,A,2026,207006,,,
ABS:ABS_HH_PROV(1.0.0),2RVIC,31,2,A,2027,208920,,,
ABS:ABS_HH_PROV(1.0.0),2RVIC,31,2,A,2028,210781,,,
ABS:ABS_HH_PROV(1.0.0),2RVIC,31,2,A,2029,212690,,,
ABS:ABS_HH_PROV(1.0.0),2RVIC,31,2,A,2030,214622,,,
ABS:ABS_HH_PROV(1.0.0),2RVIC,31,2,A,2031,216671,,,
ABS:ABS_HH_PROV(1.0.0),2RVIC,31,2,A,2032,218969,,,
ABS:ABS_HH_PROV(1.0.0),2RVIC,31,2,A,2033,221294,,,
ABS:ABS_HH_PROV(1.0.0),2RVIC,31,2,A,2034,223672,,,
ABS:ABS_HH_PROV(1.0.0),2RVIC,31,2,A,2035,226119,,,
ABS:ABS_HH_PROV(1.0.0),2RVIC,31,2,A,2036,228698,,,
ABS:ABS_HH_PROV(1.0.0),2RVIC,31,2,A,2037,231444,,,
ABS:ABS_HH_PROV(1.0.0),2RVIC,31,2,A,2038,234319,,,
ABS:ABS_HH_PROV(1.0.0),2RVIC,31,2,A,2039,237290,,,
ABS:ABS_HH_PROV(1.0.0),2RVIC,31,2,A,2040,240363,,,
ABS:ABS_HH_PROV(1.0.0),2RVIC,31,2,A,2041,243610,,,
ABS:ABS_HH_PROV(1.0.0),2RVIC,31,2,A,2042,246959,,,
ABS:ABS_HH_PROV(1.0.0),2RVIC,31,2,A,2043,250424,,,
ABS:ABS_HH_PROV(1.0.0),2RVIC,31,2,A,2044,254040,,,
ABS:ABS_HH_PROV(1.0.0),2RVIC,31,2,A,2045,257804,,,
ABS:ABS_HH_PROV(1.0.0),2RVIC,31,2,A,2046,261733,,,
ABS:ABS_HH_PROV(1.0.0),3GBRI,32,2,A,2021,55141,,,
ABS:ABS_HH_PROV(1.0.0),3GBRI,32,2,A,2022,47024,,,
ABS:ABS_HH_PROV(1.0.0),3GBRI,32,2,A,2023,47558,,,
ABS:ABS_HH_PROV(1.0.0),3GBRI,32,2,A,2024,47933,,,
ABS:ABS_HH_PROV(1.0.0),3GBRI,32,2,A,2025,48348,,,
ABS:ABS_HH_PROV(1.0.0),3GBRI,32,2,A,2026,48849,,,
ABS:ABS_HH_PROV(1.0.0),3GBRI,32,2,A,2027,49407,,,
ABS:ABS_HH_PROV(1.0.0),3GBRI,32,2,A,2028,50074,,,
ABS:ABS_HH_PROV(1.0.0),3GBRI,32,2,A,2029,50782,,,
ABS:ABS_HH_PROV(1.0.0),3GBRI,32,2,A,2030,51498,,,
ABS:ABS_HH_PROV(1.0.0),3GBRI,32,2,A,2031,52208,,,
ABS:ABS_HH_PROV(1.0.0),3GBRI,32,2,A,2032,52922,,,
ABS:ABS_HH_PROV(1.0.0),3GBRI,32,2,A,2033,53668,,,
ABS:ABS_HH_PROV(1.0.0),3GBRI,32,2,A,2034,54385,,,
ABS:ABS_HH_PROV(1.0.0),3GBRI,32,2,A,2035,55033,,,
ABS:ABS_HH_PROV(1.0.0),3GBRI,32,2,A,2036,55657,,,
ABS:ABS_HH_PROV(1.0.0),3GBRI,32,2,A,2037,56157,,,
ABS:ABS_HH_PROV(1.0.0),3GBRI,32,2,A,2038,56590,,,
ABS:ABS_HH_PROV(1.0.0),3GBRI,32,2,A,2039,56984,,,
ABS:ABS_HH_PROV(1.0.0),3GBRI,32,2,A,2040,57294,,,
ABS:ABS_HH_PROV(1.0.0),3GBRI,32,2,A,2041,57585,,,
ABS:ABS_HH_PROV(1.0.0),3GBRI,32,2,A,2042,57900,,,
ABS:ABS_HH_PROV(1.0.0),3GBRI,32,2,A,2043,58148,,,
ABS:ABS_HH_PROV(1.0.0),3GBRI,32,2,A,2044,58361,,,
ABS:ABS_HH_PROV(1.0.0),3GBRI,32,2,A,2045,58547,,,
ABS:ABS_HH_PROV(1.0.0),3GBRI,32,2,A,2046,58681,,,
ABS:ABS_HH_PROV(1.0.0),8ACTE,1_2,1,A,2021,121665,,,
ABS:ABS_HH_PROV(1.0.0),8ACTE,1_2,1,A,2022,122031,,,
ABS:ABS_HH_PROV(1.0.0),8ACTE,1_2,1,A,2023,124564,,,
ABS:ABS_HH_PROV(1.0.0),8ACTE,1_2,1,A,2024,126894,,,
ABS:ABS_HH_PROV(1.0.0),8ACTE,1_2,1,A,2025,129236,,,
ABS:ABS_HH_PROV(1.0.0),8ACTE,1_2,1,A,2026,131599,,,
ABS:ABS_HH_PROV(1.0.0),8ACTE,1_2,1,A,2027,133998,,,
ABS:ABS_HH_PROV(1.0.0),8ACTE,1_2,1,A,2028,136319,,,
ABS:ABS_HH_PROV(1.0.0),8ACTE,1_2,1,A,2029,138582,,,
ABS:ABS_HH_PROV(1.0.0),8ACTE,1_2,1,A,2030,140804,,,
ABS:ABS_HH_PROV(1.0.0),8ACTE,1_2,1,A,2031,142941,,,
ABS:ABS_HH_PROV(1.0.0),8ACTE,1_2,1,A,2032,144966,,,
ABS:ABS_HH_PROV(1.0.0),8ACTE,1_2,1,A,2033,146924,,,
ABS:ABS_HH_PROV(1.0.0),8ACTE,1_2,1,A,2034,148907,,,
ABS:ABS_HH_PROV(1.0.0),8ACTE,1_2,1,A,2035,150923,,,
ABS:ABS_HH_PROV(1.0.0),8ACTE,1_2,1,A,2036,152894,,,
ABS:ABS_HH_PROV(1.0.0),8ACTE,1_2,1,A,2037,154847,,,
ABS:ABS_HH_PROV(1.0.0),8ACTE,1_2,1,A,2038,156771,,,
ABS:ABS_HH_PROV(1.0.0),8ACTE,1_2,1,A,2039,158670,,,
ABS:ABS_HH_PROV(1.0.0),8ACTE,1_2,1,A,2040,160554,,,
ABS:ABS_HH_PROV(1.0.0),8ACTE,1_2,1,A,2041,162407,,,
ABS:ABS_HH_PROV(1.0.0),8ACTE,1_2,1,A,2042,164215,,,
ABS:ABS_HH_PROV(1.0.0),8ACTE,1_2,1,A,2043,165961,,,
ABS:ABS_HH_PROV(1.0.0),8ACTE,1_2,1,A,2044,167679,,,
ABS:ABS_HH_PROV(1.0.0),8ACTE,1_2,1,A,2045,169342,,,
ABS:ABS_HH_PROV(1.0.0),8ACTE,1_2,1,A,2046,170987,,,
ABS:ABS_HH_PROV(1.0.0),7RNTE,1_2,3,A,2021,20293,,,
ABS:ABS_HH_PROV(1.0.0),7RNTE,1_2,3,A,2022,20623,,,
ABS:ABS_HH_PROV(1.0.0),7RNTE,1_2,3,A,2023,20983,,,
ABS:ABS_HH_PROV(1.0.0),7RNTE,1_2,3,A,2024,21199,,,
ABS:ABS_HH_PROV(1.0.0),7RNTE,1_2,3,A,2025,21412,,,
ABS:ABS_HH_PROV(1.0.0),7RNTE,1_2,3,A,2026,21661,,,
ABS:ABS_HH_PROV(1.0.0),7RNTE,1_2,3,A,2027,21909,,,
ABS:ABS_HH_PROV(1.0.0),7RNTE,1_2,3,A,2028,22156,,,
ABS:ABS_HH_PROV(1.0.0),7RNTE,1_2,3,A,2029,22370,,,
ABS:ABS_HH_PROV(1.0.0),7RNTE,1_2,3,A,2030,22585,,,
ABS:ABS_HH_PROV(1.0.0),7RNTE,1_2,3,A,2031,22776,,,
ABS:ABS_HH_PROV(1.0.0),7RNTE,1_2,3,A,2032,22945,,,
ABS:ABS_HH_PROV(1.0.0),7RNTE,1_2,3,A,2033,23108,,,
ABS:ABS_HH_PROV(1.0.0),7RNTE,1_2,3,A,2034,23270,,,
ABS:ABS_HH_PROV(1.0.0),7RNTE,1_2,3,A,2035,23423,,,
ABS:ABS_HH_PROV(1.0.0),7RNTE,1_2,3,A,2036,23576,,,
ABS:ABS_HH_PROV(1.0.0),7RNTE,1_2,3,A,2037,23719,,,
ABS:ABS_HH_PROV(1.0.0),7RNTE,1_2,3,A,2038,23852,,,
ABS:ABS_HH_PROV(1.0.0),7RNTE,1_2,3,A,2039,23975,,,
ABS:ABS_HH_PROV(1.0.0),7RNTE,1_2,3,A,2040,24094,,,
ABS:ABS_HH_PROV(1.0.0),7RNTE,1_2,3,A,2041,24203,,,
ABS:ABS_HH_PROV(1.0.0),7RNTE,1_2,3,A,2042,24308,,,
ABS:ABS_HH_PROV(1.0.0),7RNTE,1_2,3,A,2043,24412,,,
ABS:ABS_HH_PROV(1.0.0),7RNTE,1_2,3,A,2044,24504,,,
ABS:ABS_HH_PROV(1.0.0),7RNTE,1_2,3,A,2045,24594,,,
ABS:ABS_HH_PROV(1.0.0),7RNTE,1_2,3,A,2046,24684,,,
ABS:ABS_HH_PROV(1.0.0),9OTER,4,2,A,2021,1798,,,
ABS:ABS_HH_PROV(1.0.0),9OTER,4,2,A,2022,1793,,,
ABS:ABS_HH_PROV(1.0.0),9OTER,4,2,A,2023,1803,,,
ABS:ABS_HH_PROV(1.0.0),9OTER,4,2,A,2024,1807,,,
ABS:ABS_HH_PROV(1.0.0),9OTER,4,2,A,2025,1810,,,
ABS:ABS_HH_PROV(1.0.0),9OTER,4,2,A,2026,1823,,,
ABS:ABS_HH_PROV(1.0.0),9OTER,4,2,A,2027,1827,,,
ABS:ABS_HH_PROV(1.0.0),9OTER,4,2,A,2028,1836,,,
ABS:ABS_HH_PROV(1.0.0),9OTER,4,2,A,2029,1844,,,
ABS:ABS_HH_PROV(1.0.0),9OTER,4,2,A,2030,1851,,,
ABS:ABS_HH_PROV(1.0.0),9OTER,4,2,A,2031,1855,,,
ABS:ABS_HH_PROV(1.0.0),9OTER,4,2,A,2032,1865,,,
ABS:ABS_HH_PROV(1.0.0),9OTER,4,2,A,2033,1872,,,
ABS:ABS_HH_PROV(1.0.0),9OTER,4,2,A,2034,1881,,,
ABS:ABS_HH_PROV(1.0.0),9OTER,4,2,A,2035,1879,,,
ABS:ABS_HH_PROV(1.0.0),9OTER,4,2,A,2036,1869,,,
ABS:ABS_HH_PROV(1.0.0),9OTER,4,2,A,2037,1860,,,
ABS:ABS_HH_PROV(1.0.0),9OTER,4,2,A,2038,1855,,,
ABS:ABS_HH_PROV(1.0.0),9OTER,4,2,A,2039,1851,,,
ABS:ABS_HH_PROV(1.0.0),9OTER,4,2,A,2040,1847,,,
ABS:ABS_HH_PROV(1.0.0),9OTER,4,2,A,2041,1832,,,
ABS:ABS_HH_PROV(1.0.0),9OTER,4,2,A,2042,1815,,,
ABS:ABS_HH_PROV(1.0.0),9OTER,4,2,A,2043,1807,,,
ABS:ABS_HH_PROV(1.0.0),9OTER,4,2,A,2044,1792,,,
ABS:ABS_HH_PROV(1.0.0),9OTER,4,2,A,2045,1774,,,
ABS:ABS_HH_PROV(1.0.0),9OTER,4,2,A,2046,1759,,,
ABS:ABS_HH_PROV(1.0.0),4RSAU,4,2,A,2021,173717,,,
ABS:ABS_HH_PROV(1.0.0),4RSAU,4,2,A,2022,175057,,,
ABS:ABS_HH_PROV(1.0.0),4RSAU,4,2,A,2023,176136,,,
ABS:ABS_HH_PROV(1.0.0),4RSAU,4,2,A,2024,176906,,,
ABS:ABS_HH_PROV(1.0.0),4RSAU,4,2,A,2025,177703,,,
ABS:ABS_HH_PROV(1.0.0),4RSAU,4,2,A,2026,178629,,,
ABS:ABS_HH_PROV(1.0.0),4RSAU,4,2,A,2027,179624,,,
ABS:ABS_HH_PROV(1.0.0),4RSAU,4,2,A,2028,180497,,,
ABS:ABS_HH_PROV(1.0.0),4RSAU,4,2,A,2029,181264,,,
ABS:ABS_HH_PROV(1.0.0),4RSAU,4,2,A,2030,181902,,,
ABS:ABS_HH_PROV(1.0.0),4RSAU,4,2,A,2031,182442,,,
ABS:ABS_HH_PROV(1.0.0),4RSAU,4,2,A,2032,182917,,,
ABS:ABS_HH_PROV(1.0.0),4RSAU,4,2,A,2033,183288,,,
ABS:ABS_HH_PROV(1.0.0),4RSAU,4,2,A,2034,183570,,,
ABS:ABS_HH_PROV(1.0.0),4RSAU,4,2,A,2035,183728,,,
ABS:ABS_HH_PROV(1.0.0),4RSAU,4,2,A,2036,183821,,,
ABS:ABS_HH_PROV(1.0.0),4RSAU,4,2,A,2037,183845,,,
ABS:ABS_HH_PROV(1.0.0),4RSAU,4,2,A,2038,183784,,,
ABS:ABS_HH_PROV(1.0.0),4RSAU,4,2,A,2039,183637,,,
ABS:ABS_HH_PROV(1.0.0),4RSAU,4,2,A,2040,183383,,,
ABS:ABS_HH_PROV(1.0.0),4RSAU,4,2,A,2041,183092,,,
ABS:ABS_HH_PROV(1.0.0),4RSAU,4,2,A,2042,182700,,,
ABS:ABS_HH_PROV(1.0.0),4RSAU,4,2,A,2043,182230,,,
ABS:ABS_HH_PROV(1.0.0),4RSAU,4,2,A,2044,181708,,,
ABS:ABS_HH_PROV(1.0.0),4RSAU,4,2,A,2045,181120,,,
ABS:ABS_HH_PROV(1.0.0),4RSAU,4,2,A,2046,180495,,,
ABS:ABS_HH_PROV(1.0.0),6RTAS,32,2,A,2021,3818,,,
ABS:ABS_HH_PROV(1.0.0),6RTAS,32,2,A,2022,3840,,,
ABS:ABS_HH_PROV(1.0.0),6RTAS,32,2,A,2023,3900,,,
ABS:ABS_HH_PROV(1.0.0),6RTAS,32,2,A,2024,3953,,,
ABS:ABS_HH_PROV(1.0.0),6RTAS,32,2,A,2025,4004,,,
ABS:ABS_HH_PROV(1.0.0),6RTAS,32,2,A,2026,4065,,,
ABS:ABS_HH_PROV(1.0.0),6RTAS,32,2,A,2027,4104,,,
ABS:ABS_HH_PROV(1.0.0),6RTAS,32,2,A,2028,4142,,,
ABS:ABS_HH_PROV(1.0.0),6RTAS,32,2,A,2029,4180,,,
ABS:ABS_HH_PROV(1.0.0),6RTAS,32,2,A,2030,4206,,,
ABS:ABS_HH_PROV(1.0.0),6RTAS,32,2,A,2031,4237,,,
ABS:ABS_HH_PROV(1.0.0),6RTAS,32,2,A,2032,4257,,,
ABS:ABS_HH_PROV(1.0.0),6RTAS,32,2,A,2033,4278,,,
ABS:ABS_HH_PROV(1.0.0),6RTAS,32,2,A,2034,4298,,,
ABS:ABS_HH_PROV(1.0.0),6RTAS,32,2,A,2035,4310,,,
ABS:ABS_HH_PROV(1.0.0),6RTAS,32,2,A,2036,4319,,,
ABS:ABS_HH_PROV(1.0.0),6RTAS,32,2,A,2037,4315,,,
ABS:ABS_HH_PROV(1.0.0),6RTAS,32,2,A,2038,4310,,,
ABS:ABS_HH_PROV(1.0.0),6RTAS,32,2,A,2039,4302,,,
ABS:ABS_HH_PROV(1.0.0),6RTAS,32,2,A,2040,4291,,,
ABS:ABS_HH_PROV(1.0.0),6RTAS,32,2,A,2041,4280,,,
ABS:ABS_HH_PROV(1.0.0),6RTAS,32,2,A,2042,4264,,,
ABS:ABS_HH_PROV(1.0.0),6RTAS,32,2,A,2043,4246,,,
ABS:ABS_HH_PROV(1.0.0),6RTAS,32,2,A,2044,4228,,,
ABS:ABS_HH_PROV(1.0.0),6RTAS,32,2,A,2045,4211,,,
ABS:ABS_HH_PROV(1.0.0),6RTAS,32,2,A,2046,4194,,,
ABS:ABS_HH_PROV(1.0.0),1GSYD,32,3,A,2021,82935,,,
ABS:ABS_HH_PROV(1.0.0),1GSYD,32,3,A,2022,84486,,,
ABS:ABS_HH_PROV(1.0.0),1GSYD,32,3,A,2023,86204,,,
ABS:ABS_HH_PROV(1.0.0),1GSYD,32,3,A,2024,87616,,,
ABS:ABS_HH_PROV(1.0.0),1GSYD,32,3,A,2025,89178,,,
ABS:ABS_HH_PROV(1.0.0),1GSYD,32,3,A,2026,90927,,,
ABS:ABS_HH_PROV(1.0.0),1GSYD,32,3,A,2027,92890,,,
ABS:ABS_HH_PROV(1.0.0),1GSYD,32,3,A,2028,94928,,,
ABS:ABS_HH_PROV(1.0.0),1GSYD,32,3,A,2029,96972,,,
ABS:ABS_HH_PROV(1.0.0),1GSYD,32,3,A,2030,98946,,,
ABS:ABS_HH_PROV(1.0.0),1GSYD,32,3,A,2031,100942,,,
ABS:ABS_HH_PROV(1.0.0),1GSYD,32,3,A,2032,103046,,,
ABS:ABS_HH_PROV(1.0.0),1GSYD,32,3,A,2033,105143,,,
ABS:ABS_HH_PROV(1.0.0),1GSYD,32,3,A,2034,107151,,,
ABS:ABS_HH_PROV(1.0.0),1GSYD,32,3,A,2035,109028,,,
ABS:ABS_HH_PROV(1.0.0),1GSYD,32,3,A,2036,110905,,,
ABS:ABS_HH_PROV(1.0.0),1GSYD,32,3,A,2037,112729,,,
ABS:ABS_HH_PROV(1.0.0),1GSYD,32,3,A,2038,114438,,,
ABS:ABS_HH_PROV(1.0.0),1GSYD,32,3,A,2039,116096,,,
ABS:ABS_HH_PROV(1.0.0),1GSYD,32,3,A,2040,117583,,,
ABS:ABS_HH_PROV(1.0.0),1GSYD,32,3,A,2041,119070,,,
ABS:ABS_HH_PROV(1.0.0),1GSYD,32,3,A,2042,120551,,,
ABS:ABS_HH_PROV(1.0.0),1GSYD,32,3,A,2043,121902,,,
ABS:ABS_HH_PROV(1.0.0),1GSYD,32,3,A,2044,123219,,,
ABS:ABS_HH_PROV(1.0.0),1GSYD,32,3,A,2045,124445,,,
ABS:ABS_HH_PROV(1.0.0),1GSYD,32,3,A,2046,125588,,,
ABS:ABS_HH_PROV(1.0.0),2,4,3,A,2021,2540450,,,
ABS:ABS_HH_PROV(1.0.0),2,4,3,A,2022,2570635,,,
ABS:ABS_HH_PROV(1.0.0),2,4,3,A,2023,2625031,,,
ABS:ABS_HH_PROV(1.0.0),2,4,3,A,2024,2673784,,,
ABS:ABS_HH_PROV(1.0.0),2,4,3,A,2025,2724752,,,
ABS:ABS_HH_PROV(1.0.0),2,4,3,A,2026,2777864,,,
ABS:ABS_HH_PROV(1.0.0),2,4,3,A,2027,2831226,,,
ABS:ABS_HH_PROV(1.0.0),2,4,3,A,2028,2883512,,,
ABS:ABS_HH_PROV(1.0.0),2,4,3,A,2029,2935003,,,
ABS:ABS_HH_PROV(1.0.0),2,4,3,A,2030,2985878,,,
ABS:ABS_HH_PROV(1.0.0),2,4,3,A,2031,3035471,,,
ABS:ABS_HH_PROV(1.0.0),2,4,3,A,2032,3083527,,,
ABS:ABS_HH_PROV(1.0.0),2,4,3,A,2033,3131133,,,
ABS:ABS_HH_PROV(1.0.0),2,4,3,A,2034,3178126,,,
ABS:ABS_HH_PROV(1.0.0),2,4,3,A,2035,3224826,,,
ABS:ABS_HH_PROV(1.0.0),2,4,3,A,2036,3270922,,,
ABS:ABS_HH_PROV(1.0.0),2,4,3,A,2037,3316169,,,
ABS:ABS_HH_PROV(1.0.0),2,4,3,A,2038,3360511,,,
ABS:ABS_HH_PROV(1.0.0),2,4,3,A,2039,3403897,,,
ABS:ABS_HH_PROV(1.0.0),2,4,3,A,2040,3446405,,,
ABS:ABS_HH_PROV(1.0.0),2,4,3,A,2041,3488339,,,
ABS:ABS_HH_PROV(1.0.0),2,4,3,A,2042,3529263,,,
ABS:ABS_HH_PROV(1.0.0),2,4,3,A,2043,3568766,,,
ABS:ABS_HH_PROV(1.0.0),2,4,3,A,2044,3607456,,,
ABS:ABS_HH_PROV(1.0.0),2,4,3,A,2045,3645265,,,
ABS:ABS_HH_PROV(1.0.0),2,4,3,A,2046,3682596,,,
ABS:ABS_HH_PROV(1.0.0),5,4,1,A,2021,1053671,,,
ABS:ABS_HH_PROV(1.0.0),5,4,1,A,2022,1071927,,,
ABS:ABS_HH_PROV(1.0.0),5,4,1,A,2023,1094224,,,
ABS:ABS_HH_PROV(1.0.0),5,4,1,A,2024,1113944,,,
ABS:ABS_HH_PROV(1.0.0),5,4,1,A,2025,1133430,,,
ABS:ABS_HH_PROV(1.0.0),5,4,1,A,2026,1152386,,,
ABS:ABS_HH_PROV(1.0.0),5,4,1,A,2027,1170511,,,
ABS:ABS_HH_PROV(1.0.0),5,4,1,A,2028,1188439,,,
ABS:ABS_HH_PROV(1.0.0),5,4,1,A,2029,1206132,,,
ABS:ABS_HH_PROV(1.0.0),5,4,1,A,2030,1223745,,,
ABS:ABS_HH_PROV(1.0.0),5,4,1,A,2031,1241151,,,
ABS:ABS_HH_PROV(1.0.0),5,4,1,A,2032,1257998,,,
ABS:ABS_HH_PROV(1.0.0),5,4,1,A,2033,1274702,,,
ABS:ABS_HH_PROV(1.0.0),5,4,1,A,2034,1291084,,,
ABS:ABS_HH_PROV(1.0.0),5,4,1,A,2035,1307252,,,
ABS:ABS_HH_PROV(1.0.0),5,4,1,A,2036,1323260,,,
ABS:ABS_HH_PROV(1.0.0),5,4,1,A,2037,1338776,,,
ABS:ABS_HH_PROV(1.0.0),5,4,1,A,2038,1353824,,,
ABS:ABS_HH_PROV(1.0.0),5,4,1,A,2039,1368425,,,
ABS:ABS_HH_PROV(1.0.0),5,4,1,A,2040,1382515,,,
ABS:ABS_HH_PROV(1.0.0),5,4,1,A,2041,1396372,,,
ABS:ABS_HH_PROV(1.0.0),5,4,1,A,2042,1409706,,,
ABS:ABS_HH_PROV(1.0.0),5,4,1,A,2043,1422352,,,
ABS:ABS_HH_PROV(1.0.0),5,4,1,A,2044,1434586,,,
ABS:ABS_HH_PROV(1.0.0),5,4,1,A,2045,1446342,,,
ABS:ABS_HH_PROV(1.0.0),5,4,1,A,2046,1457857,,,
ABS:ABS_HH_PROV(1.0.0),9,1_2,3,A,2021,1188,,,
ABS:ABS_HH_PROV(1.0.0),9,1_2,3,A,2022,1195,,,
ABS:ABS_HH_PROV(1.0.0),9,1_2,3,A,2023,1197,,,
ABS:ABS_HH_PROV(1.0.0),9,1_2,3,A,2024,1190,,,
ABS:ABS_HH_PROV(1.0.0),9,1_2,3,A,2025,1183,,,
ABS:ABS_HH_PROV(1.0.0),9,1_2,3,A,2026,1178,,,
ABS:ABS_HH_PROV(1.0.0),9,1_2,3,A,2027,1170,,,
ABS:ABS_HH_PROV(1.0.0),9,1_2,3,A,2028,1169,,,
ABS:ABS_HH_PROV(1.0.0),9,1_2,3,A,2029,1164,,,
ABS:ABS_HH_PROV(1.0.0),9,1_2,3,A,2030,1159,,,
ABS:ABS_HH_PROV(1.0.0),9,1_2,3,A,2031,1152,,,
ABS:ABS_HH_PROV(1.0.0),9,1_2,3,A,2032,1150,,,
ABS:ABS_HH_PROV(1.0.0),9,1_2,3,A,2033,1140,,,
ABS:ABS_HH_PROV(1.0.0),9,1_2,3,A,2034,1134,,,
ABS:ABS_HH_PROV(1.0.0),9,1_2,3,A,2035,1127,,,
ABS:ABS_HH_PROV(1.0.0),9,1_2,3,A,2036,1112,,,
ABS:ABS_HH_PROV(1.0.0),9,1_2,3,A,2037,1100,,,
ABS:ABS_HH_PROV(1.0.0),9,1_2,3,A,2038,1090,,,
ABS:ABS_HH_PROV(1.0.0),9,1_2,3,A,2039,1082,,,
ABS:ABS_HH_PROV(1.0.0),9,1_2,3,A,2040,1073,,,
ABS:ABS_HH_PROV(1.0.0),9,1_2,3,A,2041,1061,,,
ABS:ABS_HH_PROV(1.0.0),9,1_2,3,A,2042,1044,,,
ABS:ABS_HH_PROV(1.0.0),9,1_2,3,A,2043,1027,,,
ABS:ABS_HH_PROV(1.0.0),9,1_2,3,A,2044,1014,,,
ABS:ABS_HH_PROV(1.0.0),9,1_2,3,A,2045,999,,,
ABS:ABS_HH_PROV(1.0.0),9,1_2,3,A,2046,985,,,
ABS:ABS_HH_PROV(1.0.0),9,32,3,A,2021,28,,,
ABS:ABS_HH_PROV(1.0.0),9,32,3,A,2022,28,,,
ABS:ABS_HH_PROV(1.0.0),9,32,3,A,2023,28,,,
ABS:ABS_HH_PROV(1.0.0),9,32,3,A,2024,28,,,
ABS:ABS_HH_PROV(1.0.0),9,32,3,A,2025,29,,,
ABS:ABS_HH_PROV(1.0.0),9,32,3,A,2026,30,,,
ABS:ABS_HH_PROV(1.0.0),9,32,3,A,2027,30,,,
ABS:ABS_HH_PROV(1.0.0),9,32,3,A,2028,30,,,
ABS:ABS_HH_PROV(1.0.0),9,32,3,A,2029,31,,,
ABS:ABS_HH_PROV(1.0.0),9,32,3,A,2030,31,,,
ABS:ABS_HH_PROV(1.0.0),9,32,3,A,2031,32,,,
ABS:ABS_HH_PROV(1.0.0),9,32,3,A,2032,32,,,
ABS:ABS_HH_PROV(1.0.0),9,32,3,A,2033,34,,,
ABS:ABS_HH_PROV(1.0.0),9,32,3,A,2034,34,,,
ABS:ABS_HH_PROV(1.0.0),9,32,3,A,2035,35,,,
ABS:ABS_HH_PROV(1.0.0),9,32,3,A,2036,36,,,
ABS:ABS_HH_PROV(1.0.0),9,32,3,A,2037,36,,,
ABS:ABS_HH_PROV(1.0.0),9,32,3,A,2038,35,,,
ABS:ABS_HH_PROV(1.0.0),9,32,3,A,2039,36,,,
ABS:ABS_HH_PROV(1.0.0),9,32,3,A,2040,36,,,
ABS:ABS_HH_PROV(1.0.0),9,32,3,A,2041,36,,,
ABS:ABS_HH_PROV(1.0.0),9,32,3,A,2042,35,,,
ABS:ABS_HH_PROV(1.0.0),9,32,3,A,2043,36,,,
ABS:ABS_HH_PROV(1.0.0),9,32,3,A,2044,37,,,
ABS:ABS_HH_PROV(1.0.0),9,32,3,A,2045,38,,,
ABS:ABS_HH_PROV(1.0.0),9,32,3,A,2046,38,,,
ABS:ABS_HH_PROV(1.0.0),2,32,1,A,2021,102718,,,
ABS:ABS_HH_PROV(1.0.0),2,32,1,A,2022,103702,,,
ABS:ABS_HH_PROV(1.0.0),2,32,1,A,2023,105658,,,
ABS:ABS_HH_PROV(1.0.0),2,32,1,A,2024,107207,,,
ABS:ABS_HH_PROV(1.0.0),2,32,1,A,2025,108878,,,
ABS:ABS_HH_PROV(1.0.0),2,32,1,A,2026,110856,,,
ABS:ABS_HH_PROV(1.0.0),2,32,1,A,2027,113108,,,
ABS:ABS_HH_PROV(1.0.0),2,32,1,A,2028,115360,,,
ABS:ABS_HH_PROV(1.0.0),2,32,1,A,2029,117442,,,
ABS:ABS_HH_PROV(1.0.0),2,32,1,A,2030,119324,,,
ABS:ABS_HH_PROV(1.0.0),2,32,1,A,2031,121073,,,
ABS:ABS_HH_PROV(1.0.0),2,32,1,A,2032,122892,,,
ABS:ABS_HH_PROV(1.0.0),2,32,1,A,2033,124716,,,
ABS:ABS_HH_PROV(1.0.0),2,32,1,A,2034,126362,,,
ABS:ABS_HH_PROV(1.0.0),2,32,1,A,2035,127849,,,
ABS:ABS_HH_PROV(1.0.0),2,32,1,A,2036,129303,,,
ABS:ABS_HH_PROV(1.0.0),2,32,1,A,2037,130599,,,
ABS:ABS_HH_PROV(1.0.0),2,32,1,A,2038,131788,,,
ABS:ABS_HH_PROV(1.0.0),2,32,1,A,2039,132910,,,
ABS:ABS_HH_PROV(1.0.0),2,32,1,A,2040,133880,,,
ABS:ABS_HH_PROV(1.0.0),2,32,1,A,2041,134908,,,
ABS:ABS_HH_PROV(1.0.0),2,32,1,A,2042,135906,,,
ABS:ABS_HH_PROV(1.0.0),2,32,1,A,2043,136717,,,
ABS:ABS_HH_PROV(1.0.0),2,32,1,A,2044,137554,,,
ABS:ABS_HH_PROV(1.0.0),2,32,1,A,2045,138381,,,
ABS:ABS_HH_PROV(1.0.0),2,32,1,A,2046,139168,,,
ABS:ABS_HH_PROV(1.0.0),8,32,1,A,2021,8386,,,
ABS:ABS_HH_PROV(1.0.0),8,32,1,A,2022,8466,,,
ABS:ABS_HH_PROV(1.0.0),8,32,1,A,2023,8426,,,
ABS:ABS_HH_PROV(1.0.0),8,32,1,A,2024,8365,,,
ABS:ABS_HH_PROV(1.0.0),8,32,1,A,2025,8335,,,
ABS:ABS_HH_PROV(1.0.0),8,32,1,A,2026,8361,,,
ABS:ABS_HH_PROV(1.0.0),8,32,1,A,2027,8444,,,
ABS:ABS_HH_PROV(1.0.0),8,32,1,A,2028,8542,,,
ABS:ABS_HH_PROV(1.0.0),8,32,1,A,2029,8653,,,
ABS:ABS_HH_PROV(1.0.0),8,32,1,A,2030,8770,,,
ABS:ABS_HH_PROV(1.0.0),8,32,1,A,2031,8880,,,
ABS:ABS_HH_PROV(1.0.0),8,32,1,A,2032,8992,,,
ABS:ABS_HH_PROV(1.0.0),8,32,1,A,2033,9109,,,
ABS:ABS_HH_PROV(1.0.0),8,32,1,A,2034,9219,,,
ABS:ABS_HH_PROV(1.0.0),8,32,1,A,2035,9316,,,
ABS:ABS_HH_PROV(1.0.0),8,32,1,A,2036,9408,,,
ABS:ABS_HH_PROV(1.0.0),8,32,1,A,2037,9486,,,
ABS:ABS_HH_PROV(1.0.0),8,32,1,A,2038,9550,,,
ABS:ABS_HH_PROV(1.0.0),8,32,1,A,2039,9611,,,
ABS:ABS_HH_PROV(1.0.0),8,32,1,A,2040,9661,,,
ABS:ABS_HH_PROV(1.0.0),8,32,1,A,2041,9713,,,
ABS:ABS_HH_PROV(1.0.0),8,32,1,A,2042,9776,,,
ABS:ABS_HH_PROV(1.0.0),8,32,1,A,2043,9828,,,
ABS:ABS_HH_PROV(1.0.0),8,32,1,A,2044,9880,,,
ABS:ABS_HH_PROV(1.0.0),8,32,1,A,2045,9933,,,
ABS:ABS_HH_PROV(1.0.0),8,32,1,A,2046,9980,,,
ABS:ABS_HH_PROV(1.0.0),7,32,3,A,2021,4282,,,
ABS:ABS_HH_PROV(1.0.0),7,32,3,A,2022,4343,,,
ABS:ABS_HH_PROV(1.0.0),7,32,3,A,2023,4417,,,
ABS:ABS_HH_PROV(1.0.0),7,32,3,A,2024,4459,,,
ABS:ABS_HH_PROV(1.0.0),7,32,3,A,2025,4504,,,
ABS:ABS_HH_PROV(1.0.0),7,32,3,A,2026,4560,,,
ABS:ABS_HH_PROV(1.0.0),7,32,3,A,2027,4624,,,
ABS:ABS_HH_PROV(1.0.0),7,32,3,A,2028,4697,,,
ABS:ABS_HH_PROV(1.0.0),7,32,3,A,2029,4763,,,
ABS:ABS_HH_PROV(1.0.0),7,32,3,A,2030,4831,,,
ABS:ABS_HH_PROV(1.0.0),7,32,3,A,2031,4893,,,
ABS:ABS_HH_PROV(1.0.0),7,32,3,A,2032,4961,,,
ABS:ABS_HH_PROV(1.0.0),7,32,3,A,2033,5034,,,
ABS:ABS_HH_PROV(1.0.0),7,32,3,A,2034,5102,,,
ABS:ABS_HH_PROV(1.0.0),7,32,3,A,2035,5169,,,
ABS:ABS_HH_PROV(1.0.0),7,32,3,A,2036,5236,,,
ABS:ABS_HH_PROV(1.0.0),7,32,3,A,2037,5299,,,
ABS:ABS_HH_PROV(1.0.0),7,32,3,A,2038,5358,,,
ABS:ABS_HH_PROV(1.0.0),7,32,3,A,2039,5413,,,
ABS:ABS_HH_PROV(1.0.0),7,32,3,A,2040,5463,,,
ABS:ABS_HH_PROV(1.0.0),7,32,3,A,2041,5510,,,
ABS:ABS_HH_PROV(1.0.0),7,32,3,A,2042,5555,,,
ABS:ABS_HH_PROV(1.0.0),7,32,3,A,2043,5595,,,
ABS:ABS_HH_PROV(1.0.0),7,32,3,A,2044,5636,,,
ABS:ABS_HH_PROV(1.0.0),7,32,3,A,2045,5676,,,
ABS:ABS_HH_PROV(1.0.0),7,32,3,A,2046,5714,,,
ABS:ABS_HH_PROV(1.0.0),6,4,3,A,2021,235906,,,
ABS:ABS_HH_PROV(1.0.0),6,4,3,A,2022,237926,,,
ABS:ABS_HH_PROV(1.0.0),6,4,3,A,2023,240334,,,
ABS:ABS_HH_PROV(1.0.0),6,4,3,A,2024,242349,,,
ABS:ABS_HH_PROV(1.0.0),6,4,3,A,2025,244299,,,
ABS:ABS_HH_PROV(1.0.0),6,4,3,A,2026,246103,,,
ABS:ABS_HH_PROV(1.0.0),6,4,3,A,2027,247871,,,
ABS:ABS_HH_PROV(1.0.0),6,4,3,A,2028,249422,,,
ABS:ABS_HH_PROV(1.0.0),6,4,3,A,2029,250831,,,
ABS:ABS_HH_PROV(1.0.0),6,4,3,A,2030,252137,,,
ABS:ABS_HH_PROV(1.0.0),6,4,3,A,2031,253254,,,
ABS:ABS_HH_PROV(1.0.0),6,4,3,A,2032,254136,,,
ABS:ABS_HH_PROV(1.0.0),6,4,3,A,2033,254916,,,
ABS:ABS_HH_PROV(1.0.0),6,4,3,A,2034,255636,,,
ABS:ABS_HH_PROV(1.0.0),6,4,3,A,2035,256264,,,
ABS:ABS_HH_PROV(1.0.0),6,4,3,A,2036,256819,,,
ABS:ABS_HH_PROV(1.0.0),6,4,3,A,2037,257243,,,
ABS:ABS_HH_PROV(1.0.0),6,4,3,A,2038,257569,,,
ABS:ABS_HH_PROV(1.0.0),6,4,3,A,2039,257823,,,
ABS:ABS_HH_PROV(1.0.0),6,4,3,A,2040,258000,,,
ABS:ABS_HH_PROV(1.0.0),6,4,3,A,2041,258124,,,
ABS:ABS_HH_PROV(1.0.0),6,4,3,A,2042,258162,,,
ABS:ABS_HH_PROV(1.0.0),6,4,3,A,2043,258103,,,
ABS:ABS_HH_PROV(1.0.0),6,4,3,A,2044,257993,,,
ABS:ABS_HH_PROV(1.0.0),6,4,3,A,2045,257828,,,
ABS:ABS_HH_PROV(1.0.0),6,4,3,A,2046,257621,,,
ABS:ABS_HH_PROV(1.0.0),5,1_2,1,A,2021,745962,,,
ABS:ABS_HH_PROV(1.0.0),5,1_2,1,A,2022,757904,,,
ABS:ABS_HH_PROV(1.0.0),5,1_2,1,A,2023,772589,,,
ABS:ABS_HH_PROV(1.0.0),5,1_2,1,A,2024,785266,,,
ABS:ABS_HH_PROV(1.0.0),5,1_2,1,A,2025,797739,,,
ABS:ABS_HH_PROV(1.0.0),5,1_2,1,A,2026,809604,,,
ABS:ABS_HH_PROV(1.0.0),5,1_2,1,A,2027,820604,,,
ABS:ABS_HH_PROV(1.0.0),5,1_2,1,A,2028,831519,,,
ABS:ABS_HH_PROV(1.0.0),5,1_2,1,A,2029,842296,,,
ABS:ABS_HH_PROV(1.0.0),5,1_2,1,A,2030,853058,,,
ABS:ABS_HH_PROV(1.0.0),5,1_2,1,A,2031,863547,,,
ABS:ABS_HH_PROV(1.0.0),5,1_2,1,A,2032,873521,,,
ABS:ABS_HH_PROV(1.0.0),5,1_2,1,A,2033,883503,,,
ABS:ABS_HH_PROV(1.0.0),5,1_2,1,A,2034,893372,,,
ABS:ABS_HH_PROV(1.0.0),5,1_2,1,A,2035,903211,,,
ABS:ABS_HH_PROV(1.0.0),5,1_2,1,A,2036,912886,,,
ABS:ABS_HH_PROV(1.0.0),5,1_2,1,A,2037,922372,,,
ABS:ABS_HH_PROV(1.0.0),5,1_2,1,A,2038,931629,,,
ABS:ABS_HH_PROV(1.0.0),5,1_2,1,A,2039,940627,,,
ABS:ABS_HH_PROV(1.0.0),5,1_2,1,A,2040,949372,,,
ABS:ABS_HH_PROV(1.0.0),5,1_2,1,A,2041,957918,,,
ABS:ABS_HH_PROV(1.0.0),5,1_2,1,A,2042,966230,,,
ABS:ABS_HH_PROV(1.0.0),5,1_2,1,A,2043,974143,,,
ABS:ABS_HH_PROV(1.0.0),5,1_2,1,A,2044,981767,,,
ABS:ABS_HH_PROV(1.0.0),5,1_2,1,A,2045,989108,,,
ABS:ABS_HH_PROV(1.0.0),5,1_2,1,A,2046,996298,,,
ABS:ABS_HH_PROV(1.0.0),1GSYD,31,2,A,2021,484688,,,
ABS:ABS_HH_PROV(1.0.0),1GSYD,31,2,A,2022,485965,,,
ABS:ABS_HH_PROV(1.0.0),1GSYD,31,2,A,2023,496101,,,
ABS:ABS_HH_PROV(1.0.0),1GSYD,31,2,A,2024,504763,,,
ABS:ABS_HH_PROV(1.0.0),1GSYD,31,2,A,2025,513413,,,
ABS:ABS_HH_PROV(1.0.0),1GSYD,31,2,A,2026,521930,,,
ABS:ABS_HH_PROV(1.0.0),1GSYD,31,2,A,2027,532745,,,
ABS:ABS_HH_PROV(1.0.0),1GSYD,31,2,A,2028,543273,,,
ABS:ABS_HH_PROV(1.0.0),1GSYD,31,2,A,2029,553510,,,
ABS:ABS_HH_PROV(1.0.0),1GSYD,31,2,A,2030,563389,,,
ABS:ABS_HH_PROV(1.0.0),1GSYD,31,2,A,2031,573059,,,
ABS:ABS_HH_PROV(1.0.0),1GSYD,31,2,A,2032,583717,,,
ABS:ABS_HH_PROV(1.0.0),1GSYD,31,2,A,2033,594048,,,
ABS:ABS_HH_PROV(1.0.0),1GSYD,31,2,A,2034,603934,,,
ABS:ABS_HH_PROV(1.0.0),1GSYD,31,2,A,2035,613421,,,
ABS:ABS_HH_PROV(1.0.0),1GSYD,31,2,A,2036,622695,,,
ABS:ABS_HH_PROV(1.0.0),1GSYD,31,2,A,2037,633024,,,
ABS:ABS_HH_PROV(1.0.0),1GSYD,31,2,A,2038,643008,,,
ABS:ABS_HH_PROV(1.0.0),1GSYD,31,2,A,2039,652618,,,
ABS:ABS_HH_PROV(1.0.0),1GSYD,31,2,A,2040,661783,,,
ABS:ABS_HH_PROV(1.0.0),1GSYD,31,2,A,2041,670776,,,
ABS:ABS_HH_PROV(1.0.0),1GSYD,31,2,A,2042,679422,,,
ABS:ABS_HH_PROV(1.0.0),1GSYD,31,2,A,2043,687682,,,
ABS:ABS_HH_PROV(1.0.0),1GSYD,31,2,A,2044,695561,,,
ABS:ABS_HH_PROV(1.0.0),1GSYD,31,2,A,2045,703055,,,
ABS:ABS_HH_PROV(1.0.0),1GSYD,31,2,A,2046,710329,,,
ABS:ABS_HH_PROV(1.0.0),4RSAU,1_2,2,A,2021,114107,,,
ABS:ABS_HH_PROV(1.0.0),4RSAU,1_2,2,A,2022,114443,,,
ABS:ABS_HH_PROV(1.0.0),4RSAU,1_2,2,A,2023,114756,,,
ABS:ABS_HH_PROV(1.0.0),4RSAU,1_2,2,A,2024,114838,,,
ABS:ABS_HH_PROV(1.0.0),4RSAU,1_2,2,A,2025,114941,,,
ABS:ABS_HH_PROV(1.0.0),4RSAU,1_2,2,A,2026,115107,,,
ABS:ABS_HH_PROV(1.0.0),4RSAU,1_2,2,A,2027,115405,,,
ABS:ABS_HH_PROV(1.0.0),4RSAU,1_2,2,A,2028,115667,,,
ABS:ABS_HH_PROV(1.0.0),4RSAU,1_2,2,A,2029,115865,,,
ABS:ABS_HH_PROV(1.0.0),4RSAU,1_2,2,A,2030,115982,,,
ABS:ABS_HH_PROV(1.0.0),4RSAU,1_2,2,A,2031,116041,,,
ABS:ABS_HH_PROV(1.0.0),4RSAU,1_2,2,A,2032,116083,,,
ABS:ABS_HH_PROV(1.0.0),4RSAU,1_2,2,A,2033,116097,,,
ABS:ABS_HH_PROV(1.0.0),4RSAU,1_2,2,A,2034,116083,,,
ABS:ABS_HH_PROV(1.0.0),4RSAU,1_2,2,A,2035,115988,,,
ABS:ABS_HH_PROV(1.0.0),4RSAU,1_2,2,A,2036,115858,,,
ABS:ABS_HH_PROV(1.0.0),4RSAU,1_2,2,A,2037,115749,,,
ABS:ABS_HH_PROV(1.0.0),4RSAU,1_2,2,A,2038,115573,,,
ABS:ABS_HH_PROV(1.0.0),4RSAU,1_2,2,A,2039,115347,,,
ABS:ABS_HH_PROV(1.0.0),4RSAU,1_2,2,A,2040,115056,,,
ABS:ABS_HH_PROV(1.0.0),4RSAU,1_2,2,A,2041,114726,,,
ABS:ABS_HH_PROV(1.0.0),4RSAU,1_2,2,A,2042,114357,,,
ABS:ABS_HH_PROV(1.0.0),4RSAU,1_2,2,A,2043,113941,,,
ABS:ABS_HH_PROV(1.0.0),4RSAU,1_2,2,A,2044,113498,,,
ABS:ABS_HH_PROV(1.0.0),4RSAU,1_2,2,A,2045,113015,,,
ABS:ABS_HH_PROV(1.0.0),4RSAU,1_2,2,A,2046,112520,,,
ABS:ABS_HH_PROV(1.0.0),6RTAS,31,1,A,2021,39946,,,
ABS:ABS_HH_PROV(1.0.0),6RTAS,31,1,A,2022,40611,,,
ABS:ABS_HH_PROV(1.0.0),6RTAS,31,1,A,2023,41100,,,
ABS:ABS_HH_PROV(1.0.0),6RTAS,31,1,A,2024,41551,,,
ABS:ABS_HH_PROV(1.0.0),6RTAS,31,1,A,2025,41996,,,
ABS:ABS_HH_PROV(1.0.0),6RTAS,31,1,A,2026,42460,,,
ABS:ABS_HH_PROV(1.0.0),6RTAS,31,1,A,2027,42944,,,
ABS:ABS_HH_PROV(1.0.0),6RTAS,31,1,A,2028,43380,,,
ABS:ABS_HH_PROV(1.0.0),6RTAS,31,1,A,2029,43794,,,
ABS:ABS_HH_PROV(1.0.0),6RTAS,31,1,A,2030,44170,,,
ABS:ABS_HH_PROV(1.0.0),6RTAS,31,1,A,2031,44529,,,
ABS:ABS_HH_PROV(1.0.0),6RTAS,31,1,A,2032,44870,,,
ABS:ABS_HH_PROV(1.0.0),6RTAS,31,1,A,2033,45171,,,
ABS:ABS_HH_PROV(1.0.0),6RTAS,31,1,A,2034,45445,,,
ABS:ABS_HH_PROV(1.0.0),6RTAS,31,1,A,2035,45679,,,
ABS:ABS_HH_PROV(1.0.0),6RTAS,31,1,A,2036,45902,,,
ABS:ABS_HH_PROV(1.0.0),6RTAS,31,1,A,2037,46094,,,
ABS:ABS_HH_PROV(1.0.0),6RTAS,31,1,A,2038,46262,,,
ABS:ABS_HH_PROV(1.0.0),6RTAS,31,1,A,2039,46406,,,
ABS:ABS_HH_PROV(1.0.0),6RTAS,31,1,A,2040,46524,,,
ABS:ABS_HH_PROV(1.0.0),6RTAS,31,1,A,2041,46642,,,
ABS:ABS_HH_PROV(1.0.0),6RTAS,31,1,A,2042,46731,,,
ABS:ABS_HH_PROV(1.0.0),6RTAS,31,1,A,2043,46791,,,
ABS:ABS_HH_PROV(1.0.0),6RTAS,31,1,A,2044,46834,,,
ABS:ABS_HH_PROV(1.0.0),6RTAS,31,1,A,2045,46859,,,
ABS:ABS_HH_PROV(1.0.0),6RTAS,31,1,A,2046,46884,,,
ABS:ABS_HH_PROV(1.0.0),7GDAR,31,1,A,2021,11932,,,
ABS:ABS_HH_PROV(1.0.0),7GDAR,31,1,A,2022,12081,,,
ABS:ABS_HH_PROV(1.0.0),7GDAR,31,1,A,2023,12437,,,
ABS:ABS_HH_PROV(1.0.0),7GDAR,31,1,A,2024,12730,,,
ABS:ABS_HH_PROV(1.0.0),7GDAR,31,1,A,2025,13023,,,
ABS:ABS_HH_PROV(1.0.0),7GDAR,31,1,A,2026,13298,,,
ABS:ABS_HH_PROV(1.0.0),7GDAR,31,1,A,2027,13580,,,
ABS:ABS_HH_PROV(1.0.0),7GDAR,31,1,A,2028,13860,,,
ABS:ABS_HH_PROV(1.0.0),7GDAR,31,1,A,2029,14118,,,
ABS:ABS_HH_PROV(1.0.0),7GDAR,31,1,A,2030,14369,,,
ABS:ABS_HH_PROV(1.0.0),7GDAR,31,1,A,2031,14603,,,
ABS:ABS_HH_PROV(1.0.0),7GDAR,31,1,A,2032,14826,,,
ABS:ABS_HH_PROV(1.0.0),7GDAR,31,1,A,2033,15049,,,
ABS:ABS_HH_PROV(1.0.0),7GDAR,31,1,A,2034,15266,,,
ABS:ABS_HH_PROV(1.0.0),7GDAR,31,1,A,2035,15480,,,
ABS:ABS_HH_PROV(1.0.0),7GDAR,31,1,A,2036,15688,,,
ABS:ABS_HH_PROV(1.0.0),7GDAR,31,1,A,2037,15895,,,
ABS:ABS_HH_PROV(1.0.0),7GDAR,31,1,A,2038,16097,,,
ABS:ABS_HH_PROV(1.0.0),7GDAR,31,1,A,2039,16288,,,
ABS:ABS_HH_PROV(1.0.0),7GDAR,31,1,A,2040,16478,,,
ABS:ABS_HH_PROV(1.0.0),7GDAR,31,1,A,2041,16666,,,
ABS:ABS_HH_PROV(1.0.0),7GDAR,31,1,A,2042,16847,,,
ABS:ABS_HH_PROV(1.0.0),7GDAR,31,1,A,2043,17023,,,
ABS:ABS_HH_PROV(1.0.0),7GDAR,31,1,A,2044,17196,,,
ABS:ABS_HH_PROV(1.0.0),7GDAR,31,1,A,2045,17371,,,
ABS:ABS_HH_PROV(1.0.0),7GDAR,31,1,A,2046,17542,,,
ABS:ABS_HH_PROV(1.0.0),2RVIC,31,1,A,2021,199541,,,
ABS:ABS_HH_PROV(1.0.0),2RVIC,31,1,A,2022,203244,,,
ABS:ABS_HH_PROV(1.0.0),2RVIC,31,1,A,2023,204227,,,
ABS:ABS_HH_PROV(1.0.0),2RVIC,31,1,A,2024,205291,,,
ABS:ABS_HH_PROV(1.0.0),2RVIC,31,1,A,2025,206583,,,
ABS:ABS_HH_PROV(1.0.0),2RVIC,31,1,A,2026,208488,,,
ABS:ABS_HH_PROV(1.0.0),2RVIC,31,1,A,2027,210642,,,
ABS:ABS_HH_PROV(1.0.0),2RVIC,31,1,A,2028,212774,,,
ABS:ABS_HH_PROV(1.0.0),2RVIC,31,1,A,2029,214954,,,
ABS:ABS_HH_PROV(1.0.0),2RVIC,31,1,A,2030,217159,,,
ABS:ABS_HH_PROV(1.0.0),2RVIC,31,1,A,2031,219488,,,
ABS:ABS_HH_PROV(1.0.0),2RVIC,31,1,A,2032,221939,,,
ABS:ABS_HH_PROV(1.0.0),2RVIC,31,1,A,2033,224453,,,
ABS:ABS_HH_PROV(1.0.0),2RVIC,31,1,A,2034,227023,,,
ABS:ABS_HH_PROV(1.0.0),2RVIC,31,1,A,2035,229639,,,
ABS:ABS_HH_PROV(1.0.0),2RVIC,31,1,A,2036,232407,,,
ABS:ABS_HH_PROV(1.0.0),2RVIC,31,1,A,2037,235209,,,
ABS:ABS_HH_PROV(1.0.0),2RVIC,31,1,A,2038,238108,,,
ABS:ABS_HH_PROV(1.0.0),2RVIC,31,1,A,2039,241104,,,
ABS:ABS_HH_PROV(1.0.0),2RVIC,31,1,A,2040,244169,,,
ABS:ABS_HH_PROV(1.0.0),2RVIC,31,1,A,2041,247415,,,
ABS:ABS_HH_PROV(1.0.0),2RVIC,31,1,A,2042,250750,,,
ABS:ABS_HH_PROV(1.0.0),2RVIC,31,1,A,2043,254165,,,
ABS:ABS_HH_PROV(1.0.0),2RVIC,31,1,A,2044,257724,,,
ABS:ABS_HH_PROV(1.0.0),2RVIC,31,1,A,2045,261406,,,
ABS:ABS_HH_PROV(1.0.0),2RVIC,31,1,A,2046,265263,,,
ABS:ABS_HH_PROV(1.0.0),4RSAU,1_2,1,A,2021,114107,,,
ABS:ABS_HH_PROV(1.0.0),4RSAU,1_2,1,A,2022,114773,,,
ABS:ABS_HH_PROV(1.0.0),4RSAU,1_2,1,A,2023,115412,,,
ABS:ABS_HH_PROV(1.0.0),4RSAU,1_2,1,A,2024,115811,,,
ABS:ABS_HH_PROV(1.0.0),4RSAU,1_2,1,A,2025,116213,,,
ABS:ABS_HH_PROV(1.0.0),4RSAU,1_2,1,A,2026,116667,,,
ABS:ABS_HH_PROV(1.0.0),4RSAU,1_2,1,A,2027,117092,,,
ABS:ABS_HH_PROV(1.0.0),4RSAU,1_2,1,A,2028,117464,,,
ABS:ABS_HH_PROV(1.0.0),4RSAU,1_2,1,A,2029,117771,,,
ABS:ABS_HH_PROV(1.0.0),4RSAU,1_2,1,A,2030,117991,,,
ABS:ABS_HH_PROV(1.0.0),4RSAU,1_2,1,A,2031,118143,,,
ABS:ABS_HH_PROV(1.0.0),4RSAU,1_2,1,A,2032,118202,,,
ABS:ABS_HH_PROV(1.0.0),4RSAU,1_2,1,A,2033,118227,,,
ABS:ABS_HH_PROV(1.0.0),4RSAU,1_2,1,A,2034,118216,,,
ABS:ABS_HH_PROV(1.0.0),4RSAU,1_2,1,A,2035,118132,,,
ABS:ABS_HH_PROV(1.0.0),4RSAU,1_2,1,A,2036,118004,,,
ABS:ABS_HH_PROV(1.0.0),4RSAU,1_2,1,A,2037,117837,,,
ABS:ABS_HH_PROV(1.0.0),4RSAU,1_2,1,A,2038,117605,,,
ABS:ABS_HH_PROV(1.0.0),4RSAU,1_2,1,A,2039,117333,,,
ABS:ABS_HH_PROV(1.0.0),4RSAU,1_2,1,A,2040,116999,,,
ABS:ABS_HH_PROV(1.0.0),4RSAU,1_2,1,A,2041,116630,,,
ABS:ABS_HH_PROV(1.0.0),4RSAU,1_2,1,A,2042,116229,,,
ABS:ABS_HH_PROV(1.0.0),4RSAU,1_2,1,A,2043,115780,,,
ABS:ABS_HH_PROV(1.0.0),4RSAU,1_2,1,A,2044,115307,,,
ABS:ABS_HH_PROV(1.0.0),4RSAU,1_2,1,A,2045,114798,,,
ABS:ABS_HH_PROV(1.0.0),4RSAU,1_2,1,A,2046,114270,,,
ABS:ABS_HH_PROV(1.0.0),5GPER,32,1,A,2021,30694,,,
ABS:ABS_HH_PROV(1.0.0),5GPER,32,1,A,2022,30992,,,
ABS:ABS_HH_PROV(1.0.0),5GPER,32,1,A,2023,31322,,,
ABS:ABS_HH_PROV(1.0.0),5GPER,32,1,A,2024,31567,,,
ABS:ABS_HH_PROV(1.0.0),5GPER,32,1,A,2025,31845,,,
ABS:ABS_HH_PROV(1.0.0),5GPER,32,1,A,2026,32187,,,
ABS:ABS_HH_PROV(1.0.0),5GPER,32,1,A,2027,32587,,,
ABS:ABS_HH_PROV(1.0.0),5GPER,32,1,A,2028,33032,,,
ABS:ABS_HH_PROV(1.0.0),5GPER,32,1,A,2029,33452,,,
ABS:ABS_HH_PROV(1.0.0),5GPER,32,1,A,2030,33883,,,
ABS:ABS_HH_PROV(1.0.0),5GPER,32,1,A,2031,34338,,,
ABS:ABS_HH_PROV(1.0.0),5GPER,32,1,A,2032,34808,,,
ABS:ABS_HH_PROV(1.0.0),5GPER,32,1,A,2033,35275,,,
ABS:ABS_HH_PROV(1.0.0),5GPER,32,1,A,2034,35695,,,
ABS:ABS_HH_PROV(1.0.0),5GPER,32,1,A,2035,36079,,,
ABS:ABS_HH_PROV(1.0.0),5GPER,32,1,A,2036,36453,,,
ABS:ABS_HH_PROV(1.0.0),5GPER,32,1,A,2037,36780,,,
ABS:ABS_HH_PROV(1.0.0),5GPER,32,1,A,2038,37054,,,
ABS:ABS_HH_PROV(1.0.0),5GPER,32,1,A,2039,37295,,,
ABS:ABS_HH_PROV(1.0.0),5GPER,32,1,A,2040,37474,,,
ABS:ABS_HH_PROV(1.0.0),5GPER,32,1,A,2041,37640,,,
ABS:ABS_HH_PROV(1.0.0),5GPER,32,1,A,2042,37780,,,
ABS:ABS_HH_PROV(1.0.0),5GPER,32,1,A,2043,37855,,,
ABS:ABS_HH_PROV(1.0.0),5GPER,32,1,A,2044,37920,,,
ABS:ABS_HH_PROV(1.0.0),5GPER,32,1,A,2045,37966,,,
ABS:ABS_HH_PROV(1.0.0),5GPER,32,1,A,2046,37985,,,
ABS:ABS_HH_PROV(1.0.0),2RVIC,32,2,A,2021,19632,,,
ABS:ABS_HH_PROV(1.0.0),2RVIC,32,2,A,2022,19806,,,
ABS:ABS_HH_PROV(1.0.0),2RVIC,32,2,A,2023,20741,,,
ABS:ABS_HH_PROV(1.0.0),2RVIC,32,2,A,2024,21650,,,
ABS:ABS_HH_PROV(1.0.0),2RVIC,32,2,A,2025,22544,,,
ABS:ABS_HH_PROV(1.0.0),2RVIC,32,2,A,2026,23531,,,
ABS:ABS_HH_PROV(1.0.0),2RVIC,32,2,A,2027,24419,,,
ABS:ABS_HH_PROV(1.0.0),2RVIC,32,2,A,2028,25244,,,
ABS:ABS_HH_PROV(1.0.0),2RVIC,32,2,A,2029,26016,,,
ABS:ABS_HH_PROV(1.0.0),2RVIC,32,2,A,2030,26719,,,
ABS:ABS_HH_PROV(1.0.0),2RVIC,32,2,A,2031,27390,,,
ABS:ABS_HH_PROV(1.0.0),2RVIC,32,2,A,2032,27967,,,
ABS:ABS_HH_PROV(1.0.0),2RVIC,32,2,A,2033,28525,,,
ABS:ABS_HH_PROV(1.0.0),2RVIC,32,2,A,2034,29052,,,
ABS:ABS_HH_PROV(1.0.0),2RVIC,32,2,A,2035,29546,,,
ABS:ABS_HH_PROV(1.0.0),2RVIC,32,2,A,2036,30030,,,
ABS:ABS_HH_PROV(1.0.0),2RVIC,32,2,A,2037,30379,,,
ABS:ABS_HH_PROV(1.0.0),2RVIC,32,2,A,2038,30722,,,
ABS:ABS_HH_PROV(1.0.0),2RVIC,32,2,A,2039,31065,,,
ABS:ABS_HH_PROV(1.0.0),2RVIC,32,2,A,2040,31400,,,
ABS:ABS_HH_PROV(1.0.0),2RVIC,32,2,A,2041,31761,,,
ABS:ABS_HH_PROV(1.0.0),2RVIC,32,2,A,2042,32147,,,
ABS:ABS_HH_PROV(1.0.0),2RVIC,32,2,A,2043,32523,,,
ABS:ABS_HH_PROV(1.0.0),2RVIC,32,2,A,2044,32927,,,
ABS:ABS_HH_PROV(1.0.0),2RVIC,32,2,A,2045,33359,,,
ABS:ABS_HH_PROV(1.0.0),2RVIC,32,2,A,2046,33799,,,
ABS:ABS_HH_PROV(1.0.0),8ACTE,32,1,A,2021,8386,,,
ABS:ABS_HH_PROV(1.0.0),8ACTE,32,1,A,2022,8466,,,
ABS:ABS_HH_PROV(1.0.0),8ACTE,32,1,A,2023,8426,,,
ABS:ABS_HH_PROV(1.0.0),8ACTE,32,1,A,2024,8365,,,
ABS:ABS_HH_PROV(1.0.0),8ACTE,32,1,A,2025,8335,,,
ABS:ABS_HH_PROV(1.0.0),8ACTE,32,1,A,2026,8361,,,
ABS:ABS_HH_PROV(1.0.0),8ACTE,32,1,A,2027,8444,,,
ABS:ABS_HH_PROV(1.0.0),8ACTE,32,1,A,2028,8542,,,
ABS:ABS_HH_PROV(1.0.0),8ACTE,32,1,A,2029,8653,,,
ABS:ABS_HH_PROV(1.0.0),8ACTE,32,1,A,2030,8770,,,
ABS:ABS_HH_PROV(1.0.0),8ACTE,32,1,A,2031,8880,,,
ABS:ABS_HH_PROV(1.0.0),8ACTE,32,1,A,2032,8992,,,
ABS:ABS_HH_PROV(1.0.0),8ACTE,32,1,A,2033,9109,,,
ABS:ABS_HH_PROV(1.0.0),8ACTE,32,1,A,2034,9219,,,
ABS:ABS_HH_PROV(1.0.0),8ACTE,32,1,A,2035,9316,,,
ABS:ABS_HH_PROV(1.0.0),8ACTE,32,1,A,2036,9408,,,
ABS:ABS_HH_PROV(1.0.0),8ACTE,32,1,A,2037,9486,,,
ABS:ABS_HH_PROV(1.0.0),8ACTE,32,1,A,2038,9550,,,
ABS:ABS_HH_PROV(1.0.0),8ACTE,32,1,A,2039,9611,,,
ABS:ABS_HH_PROV(1.0.0),8ACTE,32,1,A,2040,9661,,,
ABS:ABS_HH_PROV(1.0.0),8ACTE,32,1,A,2041,9713,,,
ABS:ABS_HH_PROV(1.0.0),8ACTE,32,1,A,2042,9776,,,
ABS:ABS_HH_PROV(1.0.0),8ACTE,32,1,A,2043,9828,,,
ABS:ABS_HH_PROV(1.0.0),8ACTE,32,1,A,2044,9880,,,
ABS:ABS_HH_PROV(1.0.0),8ACTE,32,1,A,2045,9933,,,
ABS:ABS_HH_PROV(1.0.0),8ACTE,32,1,A,2046,9980,,,
ABS:ABS_HH_PROV(1.0.0),9OTER,4,1,A,2021,1798,,,
ABS:ABS_HH_PROV(1.0.0),9OTER,4,1,A,2022,1800,,,
ABS:ABS_HH_PROV(1.0.0),9OTER,4,1,A,2023,1813,,,
ABS:ABS_HH_PROV(1.0.0),9OTER,4,1,A,2024,1822,,,
ABS:ABS_HH_PROV(1.0.0),9OTER,4,1,A,2025,1827,,,
ABS:ABS_HH_PROV(1.0.0),9OTER,4,1,A,2026,1840,,,
ABS:ABS_HH_PROV(1.0.0),9OTER,4,1,A,2027,1844,,,
ABS:ABS_HH_PROV(1.0.0),9OTER,4,1,A,2028,1857,,,
ABS:ABS_HH_PROV(1.0.0),9OTER,4,1,A,2029,1865,,,
ABS:ABS_HH_PROV(1.0.0),9OTER,4,1,A,2030,1874,,,
ABS:ABS_HH_PROV(1.0.0),9OTER,4,1,A,2031,1879,,,
ABS:ABS_HH_PROV(1.0.0),9OTER,4,1,A,2032,1889,,,
ABS:ABS_HH_PROV(1.0.0),9OTER,4,1,A,2033,1898,,,
ABS:ABS_HH_PROV(1.0.0),9OTER,4,1,A,2034,1905,,,
ABS:ABS_HH_PROV(1.0.0),9OTER,4,1,A,2035,1902,,,
ABS:ABS_HH_PROV(1.0.0),9OTER,4,1,A,2036,1888,,,
ABS:ABS_HH_PROV(1.0.0),9OTER,4,1,A,2037,1881,,,
ABS:ABS_HH_PROV(1.0.0),9OTER,4,1,A,2038,1875,,,
ABS:ABS_HH_PROV(1.0.0),9OTER,4,1,A,2039,1870,,,
ABS:ABS_HH_PROV(1.0.0),9OTER,4,1,A,2040,1865,,,
ABS:ABS_HH_PROV(1.0.0),9OTER,4,1,A,2041,1854,,,
ABS:ABS_HH_PROV(1.0.0),9OTER,4,1,A,2042,1839,,,
ABS:ABS_HH_PROV(1.0.0),9OTER,4,1,A,2043,1827,,,
ABS:ABS_HH_PROV(1.0.0),9OTER,4,1,A,2044,1814,,,
ABS:ABS_HH_PROV(1.0.0),9OTER,4,1,A,2045,1797,,,
ABS:ABS_HH_PROV(1.0.0),9OTER,4,1,A,2046,1783,,,
ABS:ABS_HH_PROV(1.0.0),4GADE,4,2,A,2021,566691,,,
ABS:ABS_HH_PROV(1.0.0),4GADE,4,2,A,2022,572675,,,
ABS:ABS_HH_PROV(1.0.0),4GADE,4,2,A,2023,582767,,,
ABS:ABS_HH_PROV(1.0.0),4GADE,4,2,A,2024,591146,,,
ABS:ABS_HH_PROV(1.0.0),4GADE,4,2,A,2025,599041,,,
ABS:ABS_HH_PROV(1.0.0),4GADE,4,2,A,2026,606260,,,
ABS:ABS_HH_PROV(1.0.0),4GADE,4,2,A,2027,613560,,,
ABS:ABS_HH_PROV(1.0.0),4GADE,4,2,A,2028,620487,,,
ABS:ABS_HH_PROV(1.0.0),4GADE,4,2,A,2029,627163,,,
ABS:ABS_HH_PROV(1.0.0),4GADE,4,2,A,2030,633504,,,
ABS:ABS_HH_PROV(1.0.0),4GADE,4,2,A,2031,639488,,,
ABS:ABS_HH_PROV(1.0.0),4GADE,4,2,A,2032,645406,,,
ABS:ABS_HH_PROV(1.0.0),4GADE,4,2,A,2033,651170,,,
ABS:ABS_HH_PROV(1.0.0),4GADE,4,2,A,2034,656778,,,
ABS:ABS_HH_PROV(1.0.0),4GADE,4,2,A,2035,662263,,,
ABS:ABS_HH_PROV(1.0.0),4GADE,4,2,A,2036,667587,,,
ABS:ABS_HH_PROV(1.0.0),4GADE,4,2,A,2037,673125,,,
ABS:ABS_HH_PROV(1.0.0),4GADE,4,2,A,2038,678421,,,
ABS:ABS_HH_PROV(1.0.0),4GADE,4,2,A,2039,683523,,,
ABS:ABS_HH_PROV(1.0.0),4GADE,4,2,A,2040,688430,,,
ABS:ABS_HH_PROV(1.0.0),4GADE,4,2,A,2041,693235,,,
ABS:ABS_HH_PROV(1.0.0),4GADE,4,2,A,2042,697817,,,
ABS:ABS_HH_PROV(1.0.0),4GADE,4,2,A,2043,702151,,,
ABS:ABS_HH_PROV(1.0.0),4GADE,4,2,A,2044,706322,,,
ABS:ABS_HH_PROV(1.0.0),4GADE,4,2,A,2045,710330,,,
ABS:ABS_HH_PROV(1.0.0),4GADE,4,2,A,2046,714262,,,
ABS:ABS_HH_PROV(1.0.0),2GMEL,4,3,A,2021,1882098,,,
ABS:ABS_HH_PROV(1.0.0),2GMEL,4,3,A,2022,1903866,,,
ABS:ABS_HH_PROV(1.0.0),2GMEL,4,3,A,2023,1953215,,,
ABS:ABS_HH_PROV(1.0.0),2GMEL,4,3,A,2024,1996573,,,
ABS:ABS_HH_PROV(1.0.0),2GMEL,4,3,A,2025,2040937,,,
ABS:ABS_HH_PROV(1.0.0),2GMEL,4,3,A,2026,2085423,,,
ABS:ABS_HH_PROV(1.0.0),2GMEL,4,3,A,2027,2129357,,,
ABS:ABS_HH_PROV(1.0.0),2GMEL,4,3,A,2028,2172054,,,
ABS:ABS_HH_PROV(1.0.0),2GMEL,4,3,A,2029,2213707,,,
ABS:ABS_HH_PROV(1.0.0),2GMEL,4,3,A,2030,2254546,,,
ABS:ABS_HH_PROV(1.0.0),2GMEL,4,3,A,2031,2293898,,,
ABS:ABS_HH_PROV(1.0.0),2GMEL,4,3,A,2032,2331528,,,
ABS:ABS_HH_PROV(1.0.0),2GMEL,4,3,A,2033,2368562,,,
ABS:ABS_HH_PROV(1.0.0),2GMEL,4,3,A,2034,2404799,,,
ABS:ABS_HH_PROV(1.0.0),2GMEL,4,3,A,2035,2440586,,,
ABS:ABS_HH_PROV(1.0.0),2GMEL,4,3,A,2036,2475574,,,
ABS:ABS_HH_PROV(1.0.0),2GMEL,4,3,A,2037,2509626,,,
ABS:ABS_HH_PROV(1.0.0),2GMEL,4,3,A,2038,2542667,,,
ABS:ABS_HH_PROV(1.0.0),2GMEL,4,3,A,2039,2574604,,,
ABS:ABS_HH_PROV(1.0.0),2GMEL,4,3,A,2040,2605556,,,
ABS:ABS_HH_PROV(1.0.0),2GMEL,4,3,A,2041,2635687,,,
ABS:ABS_HH_PROV(1.0.0),2GMEL,4,3,A,2042,2664663,,,
ABS:ABS_HH_PROV(1.0.0),2GMEL,4,3,A,2043,2692178,,,
ABS:ABS_HH_PROV(1.0.0),2GMEL,4,3,A,2044,2718678,,,
ABS:ABS_HH_PROV(1.0.0),2GMEL,4,3,A,2045,2744130,,,
ABS:ABS_HH_PROV(1.0.0),2GMEL,4,3,A,2046,2768856,,,
ABS:ABS_HH_PROV(1.0.0),7RNTE,4,3,A,2021,27519,,,
ABS:ABS_HH_PROV(1.0.0),7RNTE,4,3,A,2022,27984,,,
ABS:ABS_HH_PROV(1.0.0),7RNTE,4,3,A,2023,28507,,,
ABS:ABS_HH_PROV(1.0.0),7RNTE,4,3,A,2024,28840,,,
ABS:ABS_HH_PROV(1.0.0),7RNTE,4,3,A,2025,29160,,,
ABS:ABS_HH_PROV(1.0.0),7RNTE,4,3,A,2026,29534,,,
ABS:ABS_HH_PROV(1.0.0),7RNTE,4,3,A,2027,29902,,,
ABS:ABS_HH_PROV(1.0.0),7RNTE,4,3,A,2028,30269,,,
ABS:ABS_HH_PROV(1.0.0),7RNTE,4,3,A,2029,30592,,,
ABS:ABS_HH_PROV(1.0.0),7RNTE,4,3,A,2030,30912,,,
ABS:ABS_HH_PROV(1.0.0),7RNTE,4,3,A,2031,31197,,,
ABS:ABS_HH_PROV(1.0.0),7RNTE,4,3,A,2032,31456,,,
ABS:ABS_HH_PROV(1.0.0),7RNTE,4,3,A,2033,31703,,,
ABS:ABS_HH_PROV(1.0.0),7RNTE,4,3,A,2034,31947,,,
ABS:ABS_HH_PROV(1.0.0),7RNTE,4,3,A,2035,32173,,,
ABS:ABS_HH_PROV(1.0.0),7RNTE,4,3,A,2036,32403,,,
ABS:ABS_HH_PROV(1.0.0),7RNTE,4,3,A,2037,32613,,,
ABS:ABS_HH_PROV(1.0.0),7RNTE,4,3,A,2038,32809,,,
ABS:ABS_HH_PROV(1.0.0),7RNTE,4,3,A,2039,32990,,,
ABS:ABS_HH_PROV(1.0.0),7RNTE,4,3,A,2040,33158,,,
ABS:ABS_HH_PROV(1.0.0),7RNTE,4,3,A,2041,33322,,,
ABS:ABS_HH_PROV(1.0.0),7RNTE,4,3,A,2042,33474,,,
ABS:ABS_HH_PROV(1.0.0),7RNTE,4,3,A,2043,33617,,,
ABS:ABS_HH_PROV(1.0.0),7RNTE,4,3,A,2044,33743,,,
ABS:ABS_HH_PROV(1.0.0),7RNTE,4,3,A,2045,33859,,,
ABS:ABS_HH_PROV(1.0.0),7RNTE,4,3,A,2046,33973,,,
ABS:ABS_HH_PROV(1.0.0),5GPER,1_2,2,A,2021,595419,,,
ABS:ABS_HH_PROV(1.0.0),5GPER,1_2,2,A,2022,604813,,,
ABS:ABS_HH_PROV(1.0.0),5GPER,1_2,2,A,2023,617181,,,
ABS:ABS_HH_PROV(1.0.0),5GPER,1_2,2,A,2024,627731,,,
ABS:ABS_HH_PROV(1.0.0),5GPER,1_2,2,A,2025,637867,,,
ABS:ABS_HH_PROV(1.0.0),5GPER,1_2,2,A,2026,647329,,,
ABS:ABS_HH_PROV(1.0.0),5GPER,1_2,2,A,2027,656269,,,
ABS:ABS_HH_PROV(1.0.0),5GPER,1_2,2,A,2028,665028,,,
ABS:ABS_HH_PROV(1.0.0),5GPER,1_2,2,A,2029,673582,,,
ABS:ABS_HH_PROV(1.0.0),5GPER,1_2,2,A,2030,682024,,,
ABS:ABS_HH_PROV(1.0.0),5GPER,1_2,2,A,2031,690193,,,
ABS:ABS_HH_PROV(1.0.0),5GPER,1_2,2,A,2032,697947,,,
ABS:ABS_HH_PROV(1.0.0),5GPER,1_2,2,A,2033,705689,,,
ABS:ABS_HH_PROV(1.0.0),5GPER,1_2,2,A,2034,713298,,,
ABS:ABS_HH_PROV(1.0.0),5GPER,1_2,2,A,2035,720846,,,
ABS:ABS_HH_PROV(1.0.0),5GPER,1_2,2,A,2036,728258,,,
ABS:ABS_HH_PROV(1.0.0),5GPER,1_2,2,A,2037,735572,,,
ABS:ABS_HH_PROV(1.0.0),5GPER,1_2,2,A,2038,742695,,,
ABS:ABS_HH_PROV(1.0.0),5GPER,1_2,2,A,2039,749539,,,
ABS:ABS_HH_PROV(1.0.0),5GPER,1_2,2,A,2040,756140,,,
ABS:ABS_HH_PROV(1.0.0),5GPER,1_2,2,A,2041,762530,,,
ABS:ABS_HH_PROV(1.0.0),5GPER,1_2,2,A,2042,768629,,,
ABS:ABS_HH_PROV(1.0.0),5GPER,1_2,2,A,2043,774366,,,
ABS:ABS_HH_PROV(1.0.0),5GPER,1_2,2,A,2044,779785,,,
ABS:ABS_HH_PROV(1.0.0),5GPER,1_2,2,A,2045,784897,,,
ABS:ABS_HH_PROV(1.0.0),5GPER,1_2,2,A,2046,789845,,,
ABS:ABS_HH_PROV(1.0.0),6GHOB,32,2,A,2021,4368,,,
ABS:ABS_HH_PROV(1.0.0),6GHOB,32,2,A,2022,4417,,,
ABS:ABS_HH_PROV(1.0.0),6GHOB,32,2,A,2023,4501,,,
ABS:ABS_HH_PROV(1.0.0),6GHOB,32,2,A,2024,4567,,,
ABS:ABS_HH_PROV(1.0.0),6GHOB,32,2,A,2025,4638,,,
ABS:ABS_HH_PROV(1.0.0),6GHOB,32,2,A,2026,4706,,,
ABS:ABS_HH_PROV(1.0.0),6GHOB,32,2,A,2027,4757,,,
ABS:ABS_HH_PROV(1.0.0),6GHOB,32,2,A,2028,4806,,,
ABS:ABS_HH_PROV(1.0.0),6GHOB,32,2,A,2029,4848,,,
ABS:ABS_HH_PROV(1.0.0),6GHOB,32,2,A,2030,4892,,,
ABS:ABS_HH_PROV(1.0.0),6GHOB,32,2,A,2031,4938,,,
ABS:ABS_HH_PROV(1.0.0),6GHOB,32,2,A,2032,4969,,,
ABS:ABS_HH_PROV(1.0.0),6GHOB,32,2,A,2033,5007,,,
ABS:ABS_HH_PROV(1.0.0),6GHOB,32,2,A,2034,5038,,,
ABS:ABS_HH_PROV(1.0.0),6GHOB,32,2,A,2035,5066,,,
ABS:ABS_HH_PROV(1.0.0),6GHOB,32,2,A,2036,5098,,,
ABS:ABS_HH_PROV(1.0.0),6GHOB,32,2,A,2037,5112,,,
ABS:ABS_HH_PROV(1.0.0),6GHOB,32,2,A,2038,5121,,,
ABS:ABS_HH_PROV(1.0.0),6GHOB,32,2,A,2039,5127,,,
ABS:ABS_HH_PROV(1.0.0),6GHOB,32,2,A,2040,5128,,,
ABS:ABS_HH_PROV(1.0.0),6GHOB,32,2,A,2041,5130,,,
ABS:ABS_HH_PROV(1.0.0),6GHOB,32,2,A,2042,5130,,,
ABS:ABS_HH_PROV(1.0.0),6GHOB,32,2,A,2043,5127,,,
ABS:ABS_HH_PROV(1.0.0),6GHOB,32,2,A,2044,5123,,,
ABS:ABS_HH_PROV(1.0.0),6GHOB,32,2,A,2045,5119,,,
ABS:ABS_HH_PROV(1.0.0),6GHOB,32,2,A,2046,5114,,,
ABS:ABS_HH_PROV(1.0.0),7RNTE,1_2,2,A,2021,20293,,,
ABS:ABS_HH_PROV(1.0.0),7RNTE,1_2,2,A,2022,20623,,,
ABS:ABS_HH_PROV(1.0.0),7RNTE,1_2,2,A,2023,20983,,,
ABS:ABS_HH_PROV(1.0.0),7RNTE,1_2,2,A,2024,21199,,,
ABS:ABS_HH_PROV(1.0.0),7RNTE,1_2,2,A,2025,21412,,,
ABS:ABS_HH_PROV(1.0.0),7RNTE,1_2,2,A,2026,21661,,,
ABS:ABS_HH_PROV(1.0.0),7RNTE,1_2,2,A,2027,21935,,,
ABS:ABS_HH_PROV(1.0.0),7RNTE,1_2,2,A,2028,22212,,,
ABS:ABS_HH_PROV(1.0.0),7RNTE,1_2,2,A,2029,22459,,,
ABS:ABS_HH_PROV(1.0.0),7RNTE,1_2,2,A,2030,22703,,,
ABS:ABS_HH_PROV(1.0.0),7RNTE,1_2,2,A,2031,22920,,,
ABS:ABS_HH_PROV(1.0.0),7RNTE,1_2,2,A,2032,23135,,,
ABS:ABS_HH_PROV(1.0.0),7RNTE,1_2,2,A,2033,23348,,,
ABS:ABS_HH_PROV(1.0.0),7RNTE,1_2,2,A,2034,23553,,,
ABS:ABS_HH_PROV(1.0.0),7RNTE,1_2,2,A,2035,23757,,,
ABS:ABS_HH_PROV(1.0.0),7RNTE,1_2,2,A,2036,23959,,,
ABS:ABS_HH_PROV(1.0.0),7RNTE,1_2,2,A,2037,24163,,,
ABS:ABS_HH_PROV(1.0.0),7RNTE,1_2,2,A,2038,24360,,,
ABS:ABS_HH_PROV(1.0.0),7RNTE,1_2,2,A,2039,24551,,,
ABS:ABS_HH_PROV(1.0.0),7RNTE,1_2,2,A,2040,24736,,,
ABS:ABS_HH_PROV(1.0.0),7RNTE,1_2,2,A,2041,24919,,,
ABS:ABS_HH_PROV(1.0.0),7RNTE,1_2,2,A,2042,25096,,,
ABS:ABS_HH_PROV(1.0.0),7RNTE,1_2,2,A,2043,25273,,,
ABS:ABS_HH_PROV(1.0.0),7RNTE,1_2,2,A,2044,25440,,,
ABS:ABS_HH_PROV(1.0.0),7RNTE,1_2,2,A,2045,25604,,,
ABS:ABS_HH_PROV(1.0.0),7RNTE,1_2,2,A,2046,25766,,,
ABS:ABS_HH_PROV(1.0.0),1GSYD,31,3,A,2021,484688,,,
ABS:ABS_HH_PROV(1.0.0),1GSYD,31,3,A,2022,485965,,,
ABS:ABS_HH_PROV(1.0.0),1GSYD,31,3,A,2023,496101,,,
ABS:ABS_HH_PROV(1.0.0),1GSYD,31,3,A,2024,504763,,,
ABS:ABS_HH_PROV(1.0.0),1GSYD,31,3,A,2025,513413,,,
ABS:ABS_HH_PROV(1.0.0),1GSYD,31,3,A,2026,521930,,,
ABS:ABS_HH_PROV(1.0.0),1GSYD,31,3,A,2027,530419,,,
ABS:ABS_HH_PROV(1.0.0),1GSYD,31,3,A,2028,538485,,,
ABS:ABS_HH_PROV(1.0.0),1GSYD,31,3,A,2029,546123,,,
ABS:ABS_HH_PROV(1.0.0),1GSYD,31,3,A,2030,553273,,,
ABS:ABS_HH_PROV(1.0.0),1GSYD,31,3,A,2031,560098,,,
ABS:ABS_HH_PROV(1.0.0),1GSYD,31,3,A,2032,566503,,,
ABS:ABS_HH_PROV(1.0.0),1GSYD,31,3,A,2033,572398,,,
ABS:ABS_HH_PROV(1.0.0),1GSYD,31,3,A,2034,577685,,,
ABS:ABS_HH_PROV(1.0.0),1GSYD,31,3,A,2035,582418,,,
ABS:ABS_HH_PROV(1.0.0),1GSYD,31,3,A,2036,586776,,,
ABS:ABS_HH_PROV(1.0.0),1GSYD,31,3,A,2037,590576,,,
ABS:ABS_HH_PROV(1.0.0),1GSYD,31,3,A,2038,593851,,,
ABS:ABS_HH_PROV(1.0.0),1GSYD,31,3,A,2039,596596,,,
ABS:ABS_HH_PROV(1.0.0),1GSYD,31,3,A,2040,598779,,,
ABS:ABS_HH_PROV(1.0.0),1GSYD,31,3,A,2041,600647,,,
ABS:ABS_HH_PROV(1.0.0),1GSYD,31,3,A,2042,602075,,,
ABS:ABS_HH_PROV(1.0.0),1GSYD,31,3,A,2043,603029,,,
ABS:ABS_HH_PROV(1.0.0),1GSYD,31,3,A,2044,603515,,,
ABS:ABS_HH_PROV(1.0.0),1GSYD,31,3,A,2045,603610,,,
ABS:ABS_HH_PROV(1.0.0),1GSYD,31,3,A,2046,603395,,,
ABS:ABS_HH_PROV(1.0.0),3RQLD,32,3,A,2021,42908,,,
ABS:ABS_HH_PROV(1.0.0),3RQLD,32,3,A,2022,43597,,,
ABS:ABS_HH_PROV(1.0.0),3RQLD,32,3,A,2023,45645,,,
ABS:ABS_HH_PROV(1.0.0),3RQLD,32,3,A,2024,47514,,,
ABS:ABS_HH_PROV(1.0.0),3RQLD,32,3,A,2025,49212,,,
ABS:ABS_HH_PROV(1.0.0),3RQLD,32,3,A,2026,50759,,,
ABS:ABS_HH_PROV(1.0.0),3RQLD,32,3,A,2027,52140,,,
ABS:ABS_HH_PROV(1.0.0),3RQLD,32,3,A,2028,53411,,,
ABS:ABS_HH_PROV(1.0.0),3RQLD,32,3,A,2029,54565,,,
ABS:ABS_HH_PROV(1.0.0),3RQLD,32,3,A,2030,55572,,,
ABS:ABS_HH_PROV(1.0.0),3RQLD,32,3,A,2031,56518,,,
ABS:ABS_HH_PROV(1.0.0),3RQLD,32,3,A,2032,57423,,,
ABS:ABS_HH_PROV(1.0.0),3RQLD,32,3,A,2033,58287,,,
ABS:ABS_HH_PROV(1.0.0),3RQLD,32,3,A,2034,59072,,,
ABS:ABS_HH_PROV(1.0.0),3RQLD,32,3,A,2035,59767,,,
ABS:ABS_HH_PROV(1.0.0),3RQLD,32,3,A,2036,60434,,,
ABS:ABS_HH_PROV(1.0.0),3RQLD,32,3,A,2037,61061,,,
ABS:ABS_HH_PROV(1.0.0),3RQLD,32,3,A,2038,61676,,,
ABS:ABS_HH_PROV(1.0.0),3RQLD,32,3,A,2039,62280,,,
ABS:ABS_HH_PROV(1.0.0),3RQLD,32,3,A,2040,62867,,,
ABS:ABS_HH_PROV(1.0.0),3RQLD,32,3,A,2041,63476,,,
ABS:ABS_HH_PROV(1.0.0),3RQLD,32,3,A,2042,64140,,,
ABS:ABS_HH_PROV(1.0.0),3RQLD,32,3,A,2043,64789,,,
ABS:ABS_HH_PROV(1.0.0),3RQLD,32,3,A,2044,65486,,,
ABS:ABS_HH_PROV(1.0.0),3RQLD,32,3,A,2045,66223,,,
ABS:ABS_HH_PROV(1.0.0),3RQLD,32,3,A,2046,66975,,,
ABS:ABS_HH_PROV(1.0.0),7,31,2,A,2021,17977,,,
ABS:ABS_HH_PROV(1.0.0),7,31,2,A,2022,18109,,,
ABS:ABS_HH_PROV(1.0.0),7,31,2,A,2023,18472,,,
ABS:ABS_HH_PROV(1.0.0),7,31,2,A,2024,18726,,,
ABS:ABS_HH_PROV(1.0.0),7,31,2,A,2025,18970,,,
ABS:ABS_HH_PROV(1.0.0),7,31,2,A,2026,19209,,,
ABS:ABS_HH_PROV(1.0.0),7,31,2,A,2027,19528,,,
ABS:ABS_HH_PROV(1.0.0),7,31,2,A,2028,19845,,,
ABS:ABS_HH_PROV(1.0.0),7,31,2,A,2029,20127,,,
ABS:ABS_HH_PROV(1.0.0),7,31,2,A,2030,20399,,,
ABS:ABS_HH_PROV(1.0.0),7,31,2,A,2031,20648,,,
ABS:ABS_HH_PROV(1.0.0),7,31,2,A,2032,20928,,,
ABS:ABS_HH_PROV(1.0.0),7,31,2,A,2033,21204,,,
ABS:ABS_HH_PROV(1.0.0),7,31,2,A,2034,21473,,,
ABS:ABS_HH_PROV(1.0.0),7,31,2,A,2035,21728,,,
ABS:ABS_HH_PROV(1.0.0),7,31,2,A,2036,21983,,,
ABS:ABS_HH_PROV(1.0.0),7,31,2,A,2037,22266,,,
ABS:ABS_HH_PROV(1.0.0),7,31,2,A,2038,22543,,,
ABS:ABS_HH_PROV(1.0.0),7,31,2,A,2039,22811,,,
ABS:ABS_HH_PROV(1.0.0),7,31,2,A,2040,23072,,,
ABS:ABS_HH_PROV(1.0.0),7,31,2,A,2041,23337,,,
ABS:ABS_HH_PROV(1.0.0),7,31,2,A,2042,23590,,,
ABS:ABS_HH_PROV(1.0.0),7,31,2,A,2043,23833,,,
ABS:ABS_HH_PROV(1.0.0),7,31,2,A,2044,24072,,,
ABS:ABS_HH_PROV(1.0.0),7,31,2,A,2045,24305,,,
ABS:ABS_HH_PROV(1.0.0),7,31,2,A,2046,24542,,,
ABS:ABS_HH_PROV(1.0.0),1,32,3,A,2021,121406,,,
ABS:ABS_HH_PROV(1.0.0),1,32,3,A,2022,123461,,,
ABS:ABS_HH_PROV(1.0.0),1,32,3,A,2023,126841,,,
ABS:ABS_HH_PROV(1.0.0),1,32,3,A,2024,129811,,,
ABS:ABS_HH_PROV(1.0.0),1,32,3,A,2025,132868,,,
ABS:ABS_HH_PROV(1.0.0),1,32,3,A,2026,136061,,,
ABS:ABS_HH_PROV(1.0.0),1,32,3,A,2027,139425,,,
ABS:ABS_HH_PROV(1.0.0),1,32,3,A,2028,142826,,,
ABS:ABS_HH_PROV(1.0.0),1,32,3,A,2029,146156,,,
ABS:ABS_HH_PROV(1.0.0),1,32,3,A,2030,149357,,,
ABS:ABS_HH_PROV(1.0.0),1,32,3,A,2031,152524,,,
ABS:ABS_HH_PROV(1.0.0),1,32,3,A,2032,155781,,,
ABS:ABS_HH_PROV(1.0.0),1,32,3,A,2033,159023,,,
ABS:ABS_HH_PROV(1.0.0),1,32,3,A,2034,162129,,,
ABS:ABS_HH_PROV(1.0.0),1,32,3,A,2035,165067,,,
ABS:ABS_HH_PROV(1.0.0),1,32,3,A,2036,168009,,,
ABS:ABS_HH_PROV(1.0.0),1,32,3,A,2037,170842,,,
ABS:ABS_HH_PROV(1.0.0),1,32,3,A,2038,173557,,,
ABS:ABS_HH_PROV(1.0.0),1,32,3,A,2039,176235,,,
ABS:ABS_HH_PROV(1.0.0),1,32,3,A,2040,178749,,,
ABS:ABS_HH_PROV(1.0.0),1,32,3,A,2041,181316,,,
ABS:ABS_HH_PROV(1.0.0),1,32,3,A,2042,183924,,,
ABS:ABS_HH_PROV(1.0.0),1,32,3,A,2043,186360,,,
ABS:ABS_HH_PROV(1.0.0),1,32,3,A,2044,188818,,,
ABS:ABS_HH_PROV(1.0.0),1,32,3,A,2045,191238,,,
ABS:ABS_HH_PROV(1.0.0),1,32,3,A,2046,193600,,,
ABS:ABS_HH_PROV(1.0.0),4,1_2,3,A,2021,499199,,,
ABS:ABS_HH_PROV(1.0.0),4,1_2,3,A,2022,503779,,,
ABS:ABS_HH_PROV(1.0.0),4,1_2,3,A,2023,511181,,,
ABS:ABS_HH_PROV(1.0.0),4,1_2,3,A,2024,517126,,,
ABS:ABS_HH_PROV(1.0.0),4,1_2,3,A,2025,522840,,,
ABS:ABS_HH_PROV(1.0.0),4,1_2,3,A,2026,528121,,,
ABS:ABS_HH_PROV(1.0.0),4,1_2,3,A,2027,532774,,,
ABS:ABS_HH_PROV(1.0.0),4,1_2,3,A,2028,537196,,,
ABS:ABS_HH_PROV(1.0.0),4,1_2,3,A,2029,541434,,,
ABS:ABS_HH_PROV(1.0.0),4,1_2,3,A,2030,545435,,,
ABS:ABS_HH_PROV(1.0.0),4,1_2,3,A,2031,549124,,,
ABS:ABS_HH_PROV(1.0.0),4,1_2,3,A,2032,552301,,,
ABS:ABS_HH_PROV(1.0.0),4,1_2,3,A,2033,555451,,,
ABS:ABS_HH_PROV(1.0.0),4,1_2,3,A,2034,558554,,,
ABS:ABS_HH_PROV(1.0.0),4,1_2,3,A,2035,561597,,,
ABS:ABS_HH_PROV(1.0.0),4,1_2,3,A,2036,564491,,,
ABS:ABS_HH_PROV(1.0.0),4,1_2,3,A,2037,567291,,,
ABS:ABS_HH_PROV(1.0.0),4,1_2,3,A,2038,569921,,,
ABS:ABS_HH_PROV(1.0.0),4,1_2,3,A,2039,572418,,,
ABS:ABS_HH_PROV(1.0.0),4,1_2,3,A,2040,574766,,,
ABS:ABS_HH_PROV(1.0.0),4,1_2,3,A,2041,576988,,,
ABS:ABS_HH_PROV(1.0.0),4,1_2,3,A,2042,579046,,,
ABS:ABS_HH_PROV(1.0.0),4,1_2,3,A,2043,580905,,,
ABS:ABS_HH_PROV(1.0.0),4,1_2,3,A,2044,582605,,,
ABS:ABS_HH_PROV(1.0.0),4,1_2,3,A,2045,584130,,,
ABS:ABS_HH_PROV(1.0.0),4,1_2,3,A,2046,585612,,,
ABS:ABS_HH_PROV(1.0.0),9,31,1,A,2021,582,,,
ABS:ABS_HH_PROV(1.0.0),9,31,1,A,2022,576,,,
ABS:ABS_HH_PROV(1.0.0),9,31,1,A,2023,581,,,
ABS:ABS_HH_PROV(1.0.0),9,31,1,A,2024,589,,,
ABS:ABS_HH_PROV(1.0.0),9,31,1,A,2025,597,,,
ABS:ABS_HH_PROV(1.0.0),9,31,1,A,2026,608,,,
ABS:ABS_HH_PROV(1.0.0),9,31,1,A,2027,612,,,
ABS:ABS_HH_PROV(1.0.0),9,31,1,A,2028,619,,,
ABS:ABS_HH_PROV(1.0.0),9,31,1,A,2029,623,,,
ABS:ABS_HH_PROV(1.0.0),9,31,1,A,2030,630,,,
ABS:ABS_HH_PROV(1.0.0),9,31,1,A,2031,635,,,
ABS:ABS_HH_PROV(1.0.0),9,31,1,A,2032,642,,,
ABS:ABS_HH_PROV(1.0.0),9,31,1,A,2033,650,,,
ABS:ABS_HH_PROV(1.0.0),9,31,1,A,2034,656,,,
ABS:ABS_HH_PROV(1.0.0),9,31,1,A,2035,660,,,
ABS:ABS_HH_PROV(1.0.0),9,31,1,A,2036,654,,,
ABS:ABS_HH_PROV(1.0.0),9,31,1,A,2037,655,,,
ABS:ABS_HH_PROV(1.0.0),9,31,1,A,2038,653,,,
ABS:ABS_HH_PROV(1.0.0),9,31,1,A,2039,652,,,
ABS:ABS_HH_PROV(1.0.0),9,31,1,A,2040,654,,,
ABS:ABS_HH_PROV(1.0.0),9,31,1,A,2041,652,,,
ABS:ABS_HH_PROV(1.0.0),9,31,1,A,2042,648,,,
ABS:ABS_HH_PROV(1.0.0),9,31,1,A,2043,644,,,
ABS:ABS_HH_PROV(1.0.0),9,31,1,A,2044,639,,,
ABS:ABS_HH_PROV(1.0.0),9,31,1,A,2045,635,,,
ABS:ABS_HH_PROV(1.0.0),9,31,1,A,2046,630,,,
ABS:ABS_HH_PROV(1.0.0),3,32,1,A,2021,98049,,,
ABS:ABS_HH_PROV(1.0.0),3,32,1,A,2022,90247,,,
ABS:ABS_HH_PROV(1.0.0),3,32,1,A,2023,92448,,,
ABS:ABS_HH_PROV(1.0.0),3,32,1,A,2024,94300,,,
ABS:ABS_HH_PROV(1.0.0),3,32,1,A,2025,96013,,,
ABS:ABS_HH_PROV(1.0.0),3,32,1,A,2026,97646,,,
ABS:ABS_HH_PROV(1.0.0),3,32,1,A,2027,99235,,,
ABS:ABS_HH_PROV(1.0.0),3,32,1,A,2028,100817,,,
ABS:ABS_HH_PROV(1.0.0),3,32,1,A,2029,102304,,,
ABS:ABS_HH_PROV(1.0.0),3,32,1,A,2030,103632,,,
ABS:ABS_HH_PROV(1.0.0),3,32,1,A,2031,104857,,,
ABS:ABS_HH_PROV(1.0.0),3,32,1,A,2032,106039,,,
ABS:ABS_HH_PROV(1.0.0),3,32,1,A,2033,107190,,,
ABS:ABS_HH_PROV(1.0.0),3,32,1,A,2034,108230,,,
ABS:ABS_HH_PROV(1.0.0),3,32,1,A,2035,109110,,,
ABS:ABS_HH_PROV(1.0.0),3,32,1,A,2036,109944,,,
ABS:ABS_HH_PROV(1.0.0),3,32,1,A,2037,110654,,,
ABS:ABS_HH_PROV(1.0.0),3,32,1,A,2038,111273,,,
ABS:ABS_HH_PROV(1.0.0),3,32,1,A,2039,111854,,,
ABS:ABS_HH_PROV(1.0.0),3,32,1,A,2040,112344,,,
ABS:ABS_HH_PROV(1.0.0),3,32,1,A,2041,112830,,,
ABS:ABS_HH_PROV(1.0.0),3,32,1,A,2042,113432,,,
ABS:ABS_HH_PROV(1.0.0),3,32,1,A,2043,113954,,,
ABS:ABS_HH_PROV(1.0.0),3,32,1,A,2044,114492,,,
ABS:ABS_HH_PROV(1.0.0),3,32,1,A,2045,115052,,,
ABS:ABS_HH_PROV(1.0.0),3,32,1,A,2046,115574,,,
ABS:ABS_HH_PROV(1.0.0),6,4,2,A,2021,235906,,,
ABS:ABS_HH_PROV(1.0.0),6,4,2,A,2022,237926,,,
ABS:ABS_HH_PROV(1.0.0),6,4,2,A,2023,240334,,,
ABS:ABS_HH_PROV(1.0.0),6,4,2,A,2024,242349,,,
ABS:ABS_HH_PROV(1.0.0),6,4,2,A,2025,244299,,,
ABS:ABS_HH_PROV(1.0.0),6,4,2,A,2026,246103,,,
ABS:ABS_HH_PROV(1.0.0),6,4,2,A,2027,248140,,,
ABS:ABS_HH_PROV(1.0.0),6,4,2,A,2028,249965,,,
ABS:ABS_HH_PROV(1.0.0),6,4,2,A,2029,251656,,,
ABS:ABS_HH_PROV(1.0.0),6,4,2,A,2030,253245,,,
ABS:ABS_HH_PROV(1.0.0),6,4,2,A,2031,254658,,,
ABS:ABS_HH_PROV(1.0.0),6,4,2,A,2032,255962,,,
ABS:ABS_HH_PROV(1.0.0),6,4,2,A,2033,257180,,,
ABS:ABS_HH_PROV(1.0.0),6,4,2,A,2034,258331,,,
ABS:ABS_HH_PROV(1.0.0),6,4,2,A,2035,259393,,,
ABS:ABS_HH_PROV(1.0.0),6,4,2,A,2036,260378,,,
ABS:ABS_HH_PROV(1.0.0),6,4,2,A,2037,261378,,,
ABS:ABS_HH_PROV(1.0.0),6,4,2,A,2038,262279,,,
ABS:ABS_HH_PROV(1.0.0),6,4,2,A,2039,263103,,,
ABS:ABS_HH_PROV(1.0.0),6,4,2,A,2040,263830,,,
ABS:ABS_HH_PROV(1.0.0),6,4,2,A,2041,264514,,,
ABS:ABS_HH_PROV(1.0.0),6,4,2,A,2042,265109,,,
ABS:ABS_HH_PROV(1.0.0),6,4,2,A,2043,265600,,,
ABS:ABS_HH_PROV(1.0.0),6,4,2,A,2044,266035,,,
ABS:ABS_HH_PROV(1.0.0),6,4,2,A,2045,266409,,,
ABS:ABS_HH_PROV(1.0.0),6,4,2,A,2046,266746,,,
ABS:ABS_HH_PROV(1.0.0),2,31,1,A,2021,669137,,,
ABS:ABS_HH_PROV(1.0.0),2,31,1,A,2022,679862,,,
ABS:ABS_HH_PROV(1.0.0),2,31,1,A,2023,697220,,,
ABS:ABS_HH_PROV(1.0.0),2,31,1,A,2024,713448,,,
ABS:ABS_HH_PROV(1.0.0),2,31,1,A,2025,730250,,,
ABS:ABS_HH_PROV(1.0.0),2,31,1,A,2026,747959,,,
ABS:ABS_HH_PROV(1.0.0),2,31,1,A,2027,766185,,,
ABS:ABS_HH_PROV(1.0.0),2,31,1,A,2028,784096,,,
ABS:ABS_HH_PROV(1.0.0),2,31,1,A,2029,801840,,,
ABS:ABS_HH_PROV(1.0.0),2,31,1,A,2030,819385,,,
ABS:ABS_HH_PROV(1.0.0),2,31,1,A,2031,836875,,,
ABS:ABS_HH_PROV(1.0.0),2,31,1,A,2032,854232,,,
ABS:ABS_HH_PROV(1.0.0),2,31,1,A,2033,871411,,,
ABS:ABS_HH_PROV(1.0.0),2,31,1,A,2034,888306,,,
ABS:ABS_HH_PROV(1.0.0),2,31,1,A,2035,904993,,,
ABS:ABS_HH_PROV(1.0.0),2,31,1,A,2036,921701,,,
ABS:ABS_HH_PROV(1.0.0),2,31,1,A,2037,938105,,,
ABS:ABS_HH_PROV(1.0.0),2,31,1,A,2038,954259,,,
ABS:ABS_HH_PROV(1.0.0),2,31,1,A,2039,970119,,,
ABS:ABS_HH_PROV(1.0.0),2,31,1,A,2040,985639,,,
ABS:ABS_HH_PROV(1.0.0),2,31,1,A,2041,1001149,,,
ABS:ABS_HH_PROV(1.0.0),2,31,1,A,2042,1016282,,,
ABS:ABS_HH_PROV(1.0.0),2,31,1,A,2043,1031046,,,
ABS:ABS_HH_PROV(1.0.0),2,31,1,A,2044,1045632,,,
ABS:ABS_HH_PROV(1.0.0),2,31,1,A,2045,1059963,,,
ABS:ABS_HH_PROV(1.0.0),2,31,1,A,2046,1074273,,,
ABS:ABS_HH_PROV(1.0.0),9OTER,32,1,A,2021,28,,,
ABS:ABS_HH_PROV(1.0.0),9OTER,32,1,A,2022,29,,,
ABS:ABS_HH_PROV(1.0.0),9OTER,32,1,A,2023,29,,,
ABS:ABS_HH_PROV(1.0.0),9OTER,32,1,A,2024,29,,,
ABS:ABS_HH_PROV(1.0.0),9OTER,32,1,A,2025,29,,,
ABS:ABS_HH_PROV(1.0.0),9OTER,32,1,A,2026,30,,,
ABS:ABS_HH_PROV(1.0.0),9OTER,32,1,A,2027,30,,,
ABS:ABS_HH_PROV(1.0.0),9OTER,32,1,A,2028,30,,,
ABS:ABS_HH_PROV(1.0.0),9OTER,32,1,A,2029,31,,,
ABS:ABS_HH_PROV(1.0.0),9OTER,32,1,A,2030,30,,,
ABS:ABS_HH_PROV(1.0.0),9OTER,32,1,A,2031,30,,,
ABS:ABS_HH_PROV(1.0.0),9OTER,32,1,A,2032,29,,,
ABS:ABS_HH_PROV(1.0.0),9OTER,32,1,A,2033,29,,,
ABS:ABS_HH_PROV(1.0.0),9OTER,32,1,A,2034,29,,,
ABS:ABS_HH_PROV(1.0.0),9OTER,32,1,A,2035,30,,,
ABS:ABS_HH_PROV(1.0.0),9OTER,32,1,A,2036,31,,,
ABS:ABS_HH_PROV(1.0.0),9OTER,32,1,A,2037,30,,,
ABS:ABS_HH_PROV(1.0.0),9OTER,32,1,A,2038,30,,,
ABS:ABS_HH_PROV(1.0.0),9OTER,32,1,A,2039,30,,,
ABS:ABS_HH_PROV(1.0.0),9OTER,32,1,A,2040,29,,,
ABS:ABS_HH_PROV(1.0.0),9OTER,32,1,A,2041,29,,,
ABS:ABS_HH_PROV(1.0.0),9OTER,32,1,A,2042,28,,,
ABS:ABS_HH_PROV(1.0.0),9OTER,32,1,A,2043,28,,,
ABS:ABS_HH_PROV(1.0.0),9OTER,32,1,A,2044,27,,,
ABS:ABS_HH_PROV(1.0.0),9OTER,32,1,A,2045,27,,,
ABS:ABS_HH_PROV(1.0.0),9OTER,32,1,A,2046,27,,,
ABS:ABS_HH_PROV(1.0.0),1RNSW,1_2,1,A,2021,784255,,,
ABS:ABS_HH_PROV(1.0.0),1RNSW,1_2,1,A,2022,791260,,,
ABS:ABS_HH_PROV(1.0.0),1RNSW,1_2,1,A,2023,803848,,,
ABS:ABS_HH_PROV(1.0.0),1RNSW,1_2,1,A,2024,815844,,,
ABS:ABS_HH_PROV(1.0.0),1RNSW,1_2,1,A,2025,827936,,,
ABS:ABS_HH_PROV(1.0.0),1RNSW,1_2,1,A,2026,839593,,,
ABS:ABS_HH_PROV(1.0.0),1RNSW,1_2,1,A,2027,850549,,,
ABS:ABS_HH_PROV(1.0.0),1RNSW,1_2,1,A,2028,861759,,,
ABS:ABS_HH_PROV(1.0.0),1RNSW,1_2,1,A,2029,873148,,,
ABS:ABS_HH_PROV(1.0.0),1RNSW,1_2,1,A,2030,884826,,,
ABS:ABS_HH_PROV(1.0.0),1RNSW,1_2,1,A,2031,896461,,,
ABS:ABS_HH_PROV(1.0.0),1RNSW,1_2,1,A,2032,907922,,,
ABS:ABS_HH_PROV(1.0.0),1RNSW,1_2,1,A,2033,919480,,,
ABS:ABS_HH_PROV(1.0.0),1RNSW,1_2,1,A,2034,931096,,,
ABS:ABS_HH_PROV(1.0.0),1RNSW,1_2,1,A,2035,942794,,,
ABS:ABS_HH_PROV(1.0.0),1RNSW,1_2,1,A,2036,954415,,,
ABS:ABS_HH_PROV(1.0.0),1RNSW,1_2,1,A,2037,966001,,,
ABS:ABS_HH_PROV(1.0.0),1RNSW,1_2,1,A,2038,977427,,,
ABS:ABS_HH_PROV(1.0.0),1RNSW,1_2,1,A,2039,988798,,,
ABS:ABS_HH_PROV(1.0.0),1RNSW,1_2,1,A,2040,1000106,,,
ABS:ABS_HH_PROV(1.0.0),1RNSW,1_2,1,A,2041,1011429,,,
ABS:ABS_HH_PROV(1.0.0),1RNSW,1_2,1,A,2042,1022746,,,
ABS:ABS_HH_PROV(1.0.0),1RNSW,1_2,1,A,2043,1033804,,,
ABS:ABS_HH_PROV(1.0.0),1RNSW,1_2,1,A,2044,1044816,,,
ABS:ABS_HH_PROV(1.0.0),1RNSW,1_2,1,A,2045,1055773,,,
ABS:ABS_HH_PROV(1.0.0),1RNSW,1_2,1,A,2046,1066805,,,
ABS:ABS_HH_PROV(1.0.0),3GBRI,31,1,A,2021,238073,,,
ABS:ABS_HH_PROV(1.0.0),3GBRI,31,1,A,2022,244587,,,
ABS:ABS_HH_PROV(1.0.0),3GBRI,31,1,A,2023,254813,,,
ABS:ABS_HH_PROV(1.0.0),3GBRI,31,1,A,2024,264256,,,
ABS:ABS_HH_PROV(1.0.0),3GBRI,31,1,A,2025,273318,,,
ABS:ABS_HH_PROV(1.0.0),3GBRI,31,1,A,2026,281980,,,
ABS:ABS_HH_PROV(1.0.0),3GBRI,31,1,A,2027,290387,,,
ABS:ABS_HH_PROV(1.0.0),3GBRI,31,1,A,2028,298615,,,
ABS:ABS_HH_PROV(1.0.0),3GBRI,31,1,A,2029,306711,,,
ABS:ABS_HH_PROV(1.0.0),3GBRI,31,1,A,2030,314675,,,
ABS:ABS_HH_PROV(1.0.0),3GBRI,31,1,A,2031,322552,,,
ABS:ABS_HH_PROV(1.0.0),3GBRI,31,1,A,2032,330286,,,
ABS:ABS_HH_PROV(1.0.0),3GBRI,31,1,A,2033,337832,,,
ABS:ABS_HH_PROV(1.0.0),3GBRI,31,1,A,2034,345149,,,
ABS:ABS_HH_PROV(1.0.0),3GBRI,31,1,A,2035,352223,,,
ABS:ABS_HH_PROV(1.0.0),3GBRI,31,1,A,2036,359170,,,
ABS:ABS_HH_PROV(1.0.0),3GBRI,31,1,A,2037,365820,,,
ABS:ABS_HH_PROV(1.0.0),3GBRI,31,1,A,2038,372198,,,
ABS:ABS_HH_PROV(1.0.0),3GBRI,31,1,A,2039,378299,,,
ABS:ABS_HH_PROV(1.0.0),3GBRI,31,1,A,2040,384080,,,
ABS:ABS_HH_PROV(1.0.0),3GBRI,31,1,A,2041,389707,,,
ABS:ABS_HH_PROV(1.0.0),3GBRI,31,1,A,2042,395054,,,
ABS:ABS_HH_PROV(1.0.0),3GBRI,31,1,A,2043,400124,,,
ABS:ABS_HH_PROV(1.0.0),3GBRI,31,1,A,2044,404961,,,
ABS:ABS_HH_PROV(1.0.0),3GBRI,31,1,A,2045,409529,,,
ABS:ABS_HH_PROV(1.0.0),3GBRI,31,1,A,2046,413948,,,
ABS:ABS_HH_PROV(1.0.0),3RQLD,31,1,A,2021,274908,,,
ABS:ABS_HH_PROV(1.0.0),3RQLD,31,1,A,2022,282042,,,
ABS:ABS_HH_PROV(1.0.0),3RQLD,31,1,A,2023,286221,,,
ABS:ABS_HH_PROV(1.0.0),3RQLD,31,1,A,2024,290360,,,
ABS:ABS_HH_PROV(1.0.0),3RQLD,31,1,A,2025,294553,,,
ABS:ABS_HH_PROV(1.0.0),3RQLD,31,1,A,2026,298915,,,
ABS:ABS_HH_PROV(1.0.0),3RQLD,31,1,A,2027,303185,,,
ABS:ABS_HH_PROV(1.0.0),3RQLD,31,1,A,2028,307258,,,
ABS:ABS_HH_PROV(1.0.0),3RQLD,31,1,A,2029,311228,,,
ABS:ABS_HH_PROV(1.0.0),3RQLD,31,1,A,2030,315052,,,
ABS:ABS_HH_PROV(1.0.0),3RQLD,31,1,A,2031,318850,,,
ABS:ABS_HH_PROV(1.0.0),3RQLD,31,1,A,2032,322565,,,
ABS:ABS_HH_PROV(1.0.0),3RQLD,31,1,A,2033,326156,,,
ABS:ABS_HH_PROV(1.0.0),3RQLD,31,1,A,2034,329623,,,
ABS:ABS_HH_PROV(1.0.0),3RQLD,31,1,A,2035,332995,,,
ABS:ABS_HH_PROV(1.0.0),3RQLD,31,1,A,2036,336409,,,
ABS:ABS_HH_PROV(1.0.0),3RQLD,31,1,A,2037,339726,,,
ABS:ABS_HH_PROV(1.0.0),3RQLD,31,1,A,2038,343012,,,
ABS:ABS_HH_PROV(1.0.0),3RQLD,31,1,A,2039,346262,,,
ABS:ABS_HH_PROV(1.0.0),3RQLD,31,1,A,2040,349494,,,
ABS:ABS_HH_PROV(1.0.0),3RQLD,31,1,A,2041,352831,,,
ABS:ABS_HH_PROV(1.0.0),3RQLD,31,1,A,2042,356196,,,
ABS:ABS_HH_PROV(1.0.0),3RQLD,31,1,A,2043,359533,,,
ABS:ABS_HH_PROV(1.0.0),3RQLD,31,1,A,2044,362935,,,
ABS:ABS_HH_PROV(1.0.0),3RQLD,31,1,A,2045,366397,,,
ABS:ABS_HH_PROV(1.0.0),3RQLD,31,1,A,2046,369975,,,
ABS:ABS_HH_PROV(1.0.0),4GADE,1_2,1,A,2021,385092,,,
ABS:ABS_HH_PROV(1.0.0),4GADE,1_2,1,A,2022,389900,,,
ABS:ABS_HH_PROV(1.0.0),4GADE,1_2,1,A,2023,397538,,,
ABS:ABS_HH_PROV(1.0.0),4GADE,1_2,1,A,2024,403915,,,
ABS:ABS_HH_PROV(1.0.0),4GADE,1_2,1,A,2025,410013,,,
ABS:ABS_HH_PROV(1.0.0),4GADE,1_2,1,A,2026,415576,,,
ABS:ABS_HH_PROV(1.0.0),4GADE,1_2,1,A,2027,420484,,,
ABS:ABS_HH_PROV(1.0.0),4GADE,1_2,1,A,2028,425177,,,
ABS:ABS_HH_PROV(1.0.0),4GADE,1_2,1,A,2029,429705,,,
ABS:ABS_HH_PROV(1.0.0),4GADE,1_2,1,A,2030,434018,,,
ABS:ABS_HH_PROV(1.0.0),4GADE,1_2,1,A,2031,438034,,,
ABS:ABS_HH_PROV(1.0.0),4GADE,1_2,1,A,2032,441608,,,
ABS:ABS_HH_PROV(1.0.0),4GADE,1_2,1,A,2033,445151,,,
ABS:ABS_HH_PROV(1.0.0),4GADE,1_2,1,A,2034,448639,,,
ABS:ABS_HH_PROV(1.0.0),4GADE,1_2,1,A,2035,452092,,,
ABS:ABS_HH_PROV(1.0.0),4GADE,1_2,1,A,2036,455418,,,
ABS:ABS_HH_PROV(1.0.0),4GADE,1_2,1,A,2037,458668,,,
ABS:ABS_HH_PROV(1.0.0),4GADE,1_2,1,A,2038,461788,,,
ABS:ABS_HH_PROV(1.0.0),4GADE,1_2,1,A,2039,464795,,,
ABS:ABS_HH_PROV(1.0.0),4GADE,1_2,1,A,2040,467687,,,
ABS:ABS_HH_PROV(1.0.0),4GADE,1_2,1,A,2041,470503,,,
ABS:ABS_HH_PROV(1.0.0),4GADE,1_2,1,A,2042,473202,,,
ABS:ABS_HH_PROV(1.0.0),4GADE,1_2,1,A,2043,475754,,,
ABS:ABS_HH_PROV(1.0.0),4GADE,1_2,1,A,2044,478184,,,
ABS:ABS_HH_PROV(1.0.0),4GADE,1_2,1,A,2045,480497,,,
ABS:ABS_HH_PROV(1.0.0),4GADE,1_2,1,A,2046,482782,,,
ABS:ABS_HH_PROV(1.0.0),6RTAS,32,3,A,2021,3818,,,
ABS:ABS_HH_PROV(1.0.0),6RTAS,32,3,A,2022,3840,,,
ABS:ABS_HH_PROV(1.0.0),6RTAS,32,3,A,2023,3900,,,
ABS:ABS_HH_PROV(1.0.0),6RTAS,32,3,A,2024,3953,,,
ABS:ABS_HH_PROV(1.0.0),6RTAS,32,3,A,2025,4004,,,
ABS:ABS_HH_PROV(1.0.0),6RTAS,32,3,A,2026,4065,,,
ABS:ABS_HH_PROV(1.0.0),6RTAS,32,3,A,2027,4130,,,
ABS:ABS_HH_PROV(1.0.0),6RTAS,32,3,A,2028,4191,,,
ABS:ABS_HH_PROV(1.0.0),6RTAS,32,3,A,2029,4254,,,
ABS:ABS_HH_PROV(1.0.0),6RTAS,32,3,A,2030,4306,,,
ABS:ABS_HH_PROV(1.0.0),6RTAS,32,3,A,2031,4364,,,
ABS:ABS_HH_PROV(1.0.0),6RTAS,32,3,A,2032,4426,,,
ABS:ABS_HH_PROV(1.0.0),6RTAS,32,3,A,2033,4488,,,
ABS:ABS_HH_PROV(1.0.0),6RTAS,32,3,A,2034,4551,,,
ABS:ABS_HH_PROV(1.0.0),6RTAS,32,3,A,2035,4607,,,
ABS:ABS_HH_PROV(1.0.0),6RTAS,32,3,A,2036,4661,,,
ABS:ABS_HH_PROV(1.0.0),6RTAS,32,3,A,2037,4716,,,
ABS:ABS_HH_PROV(1.0.0),6RTAS,32,3,A,2038,4772,,,
ABS:ABS_HH_PROV(1.0.0),6RTAS,32,3,A,2039,4823,,,
ABS:ABS_HH_PROV(1.0.0),6RTAS,32,3,A,2040,4871,,,
ABS:ABS_HH_PROV(1.0.0),6RTAS,32,3,A,2041,4917,,,
ABS:ABS_HH_PROV(1.0.0),6RTAS,32,3,A,2042,4960,,,
ABS:ABS_HH_PROV(1.0.0),6RTAS,32,3,A,2043,5002,,,
ABS:ABS_HH_PROV(1.0.0),6RTAS,32,3,A,2044,5045,,,
ABS:ABS_HH_PROV(1.0.0),6RTAS,32,3,A,2045,5088,,,
ABS:ABS_HH_PROV(1.0.0),6RTAS,32,3,A,2046,5134,,,
ABS:ABS_HH_PROV(1.0.0),3GBRI,4,3,A,2021,978126,,,
ABS:ABS_HH_PROV(1.0.0),3GBRI,4,3,A,2022,990617,,,
ABS:ABS_HH_PROV(1.0.0),3GBRI,4,3,A,2023,1019523,,,
ABS:ABS_HH_PROV(1.0.0),3GBRI,4,3,A,2024,1044378,,,
ABS:ABS_HH_PROV(1.0.0),3GBRI,4,3,A,2025,1067412,,,
ABS:ABS_HH_PROV(1.0.0),3GBRI,4,3,A,2026,1088528,,,
ABS:ABS_HH_PROV(1.0.0),3GBRI,4,3,A,2027,1107732,,,
ABS:ABS_HH_PROV(1.0.0),3GBRI,4,3,A,2028,1126220,,,
ABS:ABS_HH_PROV(1.0.0),3GBRI,4,3,A,2029,1144116,,,
ABS:ABS_HH_PROV(1.0.0),3GBRI,4,3,A,2030,1161424,,,
ABS:ABS_HH_PROV(1.0.0),3GBRI,4,3,A,2031,1178122,,,
ABS:ABS_HH_PROV(1.0.0),3GBRI,4,3,A,2032,1194029,,,
ABS:ABS_HH_PROV(1.0.0),3GBRI,4,3,A,2033,1209492,,,
ABS:ABS_HH_PROV(1.0.0),3GBRI,4,3,A,2034,1224482,,,
ABS:ABS_HH_PROV(1.0.0),3GBRI,4,3,A,2035,1238909,,,
ABS:ABS_HH_PROV(1.0.0),3GBRI,4,3,A,2036,1252791,,,
ABS:ABS_HH_PROV(1.0.0),3GBRI,4,3,A,2037,1265918,,,
ABS:ABS_HH_PROV(1.0.0),3GBRI,4,3,A,2038,1278281,,,
ABS:ABS_HH_PROV(1.0.0),3GBRI,4,3,A,2039,1290046,,,
ABS:ABS_HH_PROV(1.0.0),3GBRI,4,3,A,2040,1301025,,,
ABS:ABS_HH_PROV(1.0.0),3GBRI,4,3,A,2041,1311468,,,
ABS:ABS_HH_PROV(1.0.0),3GBRI,4,3,A,2042,1321339,,,
ABS:ABS_HH_PROV(1.0.0),3GBRI,4,3,A,2043,1330405,,,
ABS:ABS_HH_PROV(1.0.0),3GBRI,4,3,A,2044,1338906,,,
ABS:ABS_HH_PROV(1.0.0),3GBRI,4,3,A,2045,1346720,,,
ABS:ABS_HH_PROV(1.0.0),3GBRI,4,3,A,2046,1354036,,,
ABS:ABS_HH_PROV(1.0.0),4RSAU,4,3,A,2021,173717,,,
ABS:ABS_HH_PROV(1.0.0),4RSAU,4,3,A,2022,175057,,,
ABS:ABS_HH_PROV(1.0.0),4RSAU,4,3,A,2023,176136,,,
ABS:ABS_HH_PROV(1.0.0),4RSAU,4,3,A,2024,176906,,,
ABS:ABS_HH_PROV(1.0.0),4RSAU,4,3,A,2025,177703,,,
ABS:ABS_HH_PROV(1.0.0),4RSAU,4,3,A,2026,178629,,,
ABS:ABS_HH_PROV(1.0.0),4RSAU,4,3,A,2027,179545,,,
ABS:ABS_HH_PROV(1.0.0),4RSAU,4,3,A,2028,180331,,,
ABS:ABS_HH_PROV(1.0.0),4RSAU,4,3,A,2029,181011,,,
ABS:ABS_HH_PROV(1.0.0),4RSAU,4,3,A,2030,181559,,,
ABS:ABS_HH_PROV(1.0.0),4RSAU,4,3,A,2031,182013,,,
ABS:ABS_HH_PROV(1.0.0),4RSAU,4,3,A,2032,182358,,,
ABS:ABS_HH_PROV(1.0.0),4RSAU,4,3,A,2033,182594,,,
ABS:ABS_HH_PROV(1.0.0),4RSAU,4,3,A,2034,182733,,,
ABS:ABS_HH_PROV(1.0.0),4RSAU,4,3,A,2035,182758,,,
ABS:ABS_HH_PROV(1.0.0),4RSAU,4,3,A,2036,182708,,,
ABS:ABS_HH_PROV(1.0.0),4RSAU,4,3,A,2037,182553,,,
ABS:ABS_HH_PROV(1.0.0),4RSAU,4,3,A,2038,182314,,,
ABS:ABS_HH_PROV(1.0.0),4RSAU,4,3,A,2039,181991,,,
ABS:ABS_HH_PROV(1.0.0),4RSAU,4,3,A,2040,181574,,,
ABS:ABS_HH_PROV(1.0.0),4RSAU,4,3,A,2041,181114,,,
ABS:ABS_HH_PROV(1.0.0),4RSAU,4,3,A,2042,180560,,,
ABS:ABS_HH_PROV(1.0.0),4RSAU,4,3,A,2043,179935,,,
ABS:ABS_HH_PROV(1.0.0),4RSAU,4,3,A,2044,179258,,,
ABS:ABS_HH_PROV(1.0.0),4RSAU,4,3,A,2045,178516,,,
ABS:ABS_HH_PROV(1.0.0),4RSAU,4,3,A,2046,177739,,,
ABS:ABS_HH_PROV(1.0.0),6RTAS,4,3,A,2021,133703,,,
ABS:ABS_HH_PROV(1.0.0),6RTAS,4,3,A,2022,134971,,,
ABS:ABS_HH_PROV(1.0.0),6RTAS,4,3,A,2023,135972,,,
ABS:ABS_HH_PROV(1.0.0),6RTAS,4,3,A,2024,136776,,,
ABS:ABS_HH_PROV(1.0.0),6RTAS,4,3,A,2025,137578,,,
ABS:ABS_HH_PROV(1.0.0),6RTAS,4,3,A,2026,138372,,,
ABS:ABS_HH_PROV(1.0.0),6RTAS,4,3,A,2027,139142,,,
ABS:ABS_HH_PROV(1.0.0),6RTAS,4,3,A,2028,139798,,,
ABS:ABS_HH_PROV(1.0.0),6RTAS,4,3,A,2029,140394,,,
ABS:ABS_HH_PROV(1.0.0),6RTAS,4,3,A,2030,140910,,,
ABS:ABS_HH_PROV(1.0.0),6RTAS,4,3,A,2031,141333,,,
ABS:ABS_HH_PROV(1.0.0),6RTAS,4,3,A,2032,141649,,,
ABS:ABS_HH_PROV(1.0.0),6RTAS,4,3,A,2033,141908,,,
ABS:ABS_HH_PROV(1.0.0),6RTAS,4,3,A,2034,142137,,,
ABS:ABS_HH_PROV(1.0.0),6RTAS,4,3,A,2035,142296,,,
ABS:ABS_HH_PROV(1.0.0),6RTAS,4,3,A,2036,142403,,,
ABS:ABS_HH_PROV(1.0.0),6RTAS,4,3,A,2037,142458,,,
ABS:ABS_HH_PROV(1.0.0),6RTAS,4,3,A,2038,142465,,,
ABS:ABS_HH_PROV(1.0.0),6RTAS,4,3,A,2039,142429,,,
ABS:ABS_HH_PROV(1.0.0),6RTAS,4,3,A,2040,142346,,,
ABS:ABS_HH_PROV(1.0.0),6RTAS,4,3,A,2041,142232,,,
ABS:ABS_HH_PROV(1.0.0),6RTAS,4,3,A,2042,142075,,,
ABS:ABS_HH_PROV(1.0.0),6RTAS,4,3,A,2043,141868,,,
ABS:ABS_HH_PROV(1.0.0),6RTAS,4,3,A,2044,141629,,,
ABS:ABS_HH_PROV(1.0.0),6RTAS,4,3,A,2045,141355,,,
ABS:ABS_HH_PROV(1.0.0),6RTAS,4,3,A,2046,141058,,,
ABS:ABS_HH_PROV(1.0.0),7RNTE,31,2,A,2021,6045,,,
ABS:ABS_HH_PROV(1.0.0),7RNTE,31,2,A,2022,6152,,,
ABS:ABS_HH_PROV(1.0.0),7RNTE,31,2,A,2023,6291,,,
ABS:ABS_HH_PROV(1.0.0),7RNTE,31,2,A,2024,6393,,,
ABS:ABS_HH_PROV(1.0.0),7RNTE,31,2,A,2025,6485,,,
ABS:ABS_HH_PROV(1.0.0),7RNTE,31,2,A,2026,6589,,,
ABS:ABS_HH_PROV(1.0.0),7RNTE,31,2,A,2027,6701,,,
ABS:ABS_HH_PROV(1.0.0),7RNTE,31,2,A,2028,6815,,,
ABS:ABS_HH_PROV(1.0.0),7RNTE,31,2,A,2029,6919,,,
ABS:ABS_HH_PROV(1.0.0),7RNTE,31,2,A,2030,7015,,,
ABS:ABS_HH_PROV(1.0.0),7RNTE,31,2,A,2031,7107,,,
ABS:ABS_HH_PROV(1.0.0),7RNTE,31,2,A,2032,7205,,,
ABS:ABS_HH_PROV(1.0.0),7RNTE,31,2,A,2033,7299,,,
ABS:ABS_HH_PROV(1.0.0),7RNTE,31,2,A,2034,7392,,,
ABS:ABS_HH_PROV(1.0.0),7RNTE,31,2,A,2035,7478,,,
ABS:ABS_HH_PROV(1.0.0),7RNTE,31,2,A,2036,7568,,,
ABS:ABS_HH_PROV(1.0.0),7RNTE,31,2,A,2037,7656,,,
ABS:ABS_HH_PROV(1.0.0),7RNTE,31,2,A,2038,7742,,,
ABS:ABS_HH_PROV(1.0.0),7RNTE,31,2,A,2039,7827,,,
ABS:ABS_HH_PROV(1.0.0),7RNTE,31,2,A,2040,7907,,,
ABS:ABS_HH_PROV(1.0.0),7RNTE,31,2,A,2041,7989,,,
ABS:ABS_HH_PROV(1.0.0),7RNTE,31,2,A,2042,8065,,,
ABS:ABS_HH_PROV(1.0.0),7RNTE,31,2,A,2043,8139,,,
ABS:ABS_HH_PROV(1.0.0),7RNTE,31,2,A,2044,8210,,,
ABS:ABS_HH_PROV(1.0.0),7RNTE,31,2,A,2045,8276,,,
ABS:ABS_HH_PROV(1.0.0),7RNTE,31,2,A,2046,8344,,,
ABS:ABS_HH_PROV(1.0.0),2RVIC,32,3,A,2021,19632,,,
ABS:ABS_HH_PROV(1.0.0),2RVIC,32,3,A,2022,19806,,,
ABS:ABS_HH_PROV(1.0.0),2RVIC,32,3,A,2023,20741,,,
ABS:ABS_HH_PROV(1.0.0),2RVIC,32,3,A,2024,21650,,,
ABS:ABS_HH_PROV(1.0.0),2RVIC,32,3,A,2025,22544,,,
ABS:ABS_HH_PROV(1.0.0),2RVIC,32,3,A,2026,23531,,,
ABS:ABS_HH_PROV(1.0.0),2RVIC,32,3,A,2027,24556,,,
ABS:ABS_HH_PROV(1.0.0),2RVIC,32,3,A,2028,25530,,,
ABS:ABS_HH_PROV(1.0.0),2RVIC,32,3,A,2029,26460,,,
ABS:ABS_HH_PROV(1.0.0),2RVIC,32,3,A,2030,27332,,,
ABS:ABS_HH_PROV(1.0.0),2RVIC,32,3,A,2031,28178,,,
ABS:ABS_HH_PROV(1.0.0),2RVIC,32,3,A,2032,29027,,,
ABS:ABS_HH_PROV(1.0.0),2RVIC,32,3,A,2033,29870,,,
ABS:ABS_HH_PROV(1.0.0),2RVIC,32,3,A,2034,30692,,,
ABS:ABS_HH_PROV(1.0.0),2RVIC,32,3,A,2035,31488,,,
ABS:ABS_HH_PROV(1.0.0),2RVIC,32,3,A,2036,32282,,,
ABS:ABS_HH_PROV(1.0.0),2RVIC,32,3,A,2037,33040,,,
ABS:ABS_HH_PROV(1.0.0),2RVIC,32,3,A,2038,33804,,,
ABS:ABS_HH_PROV(1.0.0),2RVIC,32,3,A,2039,34573,,,
ABS:ABS_HH_PROV(1.0.0),2RVIC,32,3,A,2040,35339,,,
ABS:ABS_HH_PROV(1.0.0),2RVIC,32,3,A,2041,36141,,,
ABS:ABS_HH_PROV(1.0.0),2RVIC,32,3,A,2042,36961,,,
ABS:ABS_HH_PROV(1.0.0),2RVIC,32,3,A,2043,37778,,,
ABS:ABS_HH_PROV(1.0.0),2RVIC,32,3,A,2044,38629,,,
ABS:ABS_HH_PROV(1.0.0),2RVIC,32,3,A,2045,39508,,,
ABS:ABS_HH_PROV(1.0.0),2RVIC,32,3,A,2046,40408,,,
ABS:ABS_HH_PROV(1.0.0),8,4,2,A,2021,176879,,,
ABS:ABS_HH_PROV(1.0.0),8,4,2,A,2022,175726,,,
ABS:ABS_HH_PROV(1.0.0),8,4,2,A,2023,178951,,,
ABS:ABS_HH_PROV(1.0.0),8,4,2,A,2024,181903,,,
ABS:ABS_HH_PROV(1.0.0),8,4,2,A,2025,184919,,,
ABS:ABS_HH_PROV(1.0.0),8,4,2,A,2026,188097,,,
ABS:ABS_HH_PROV(1.0.0),8,4,2,A,2027,191533,,,
ABS:ABS_HH_PROV(1.0.0),8,4,2,A,2028,194833,,,
ABS:ABS_HH_PROV(1.0.0),8,4,2,A,2029,198103,,,
ABS:ABS_HH_PROV(1.0.0),8,4,2,A,2030,201292,,,
ABS:ABS_HH_PROV(1.0.0),8,4,2,A,2031,204384,,,
ABS:ABS_HH_PROV(1.0.0),8,4,2,A,2032,207411,,,
ABS:ABS_HH_PROV(1.0.0),8,4,2,A,2033,210239,,,
ABS:ABS_HH_PROV(1.0.0),8,4,2,A,2034,213120,,,
ABS:ABS_HH_PROV(1.0.0),8,4,2,A,2035,216054,,,
ABS:ABS_HH_PROV(1.0.0),8,4,2,A,2036,218938,,,
ABS:ABS_HH_PROV(1.0.0),8,4,2,A,2037,221849,,,
ABS:ABS_HH_PROV(1.0.0),8,4,2,A,2038,224717,,,
ABS:ABS_HH_PROV(1.0.0),8,4,2,A,2039,227537,,,
ABS:ABS_HH_PROV(1.0.0),8,4,2,A,2040,230340,,,
ABS:ABS_HH_PROV(1.0.0),8,4,2,A,2041,233129,,,
ABS:ABS_HH_PROV(1.0.0),8,4,2,A,2042,235839,,,
ABS:ABS_HH_PROV(1.0.0),8,4,2,A,2043,238437,,,
ABS:ABS_HH_PROV(1.0.0),8,4,2,A,2044,240989,,,
ABS:ABS_HH_PROV(1.0.0),8,4,2,A,2045,243465,,,
ABS:ABS_HH_PROV(1.0.0),8,4,2,A,2046,245888,,,
ABS:ABS_HH_PROV(1.0.0),6,32,2,A,2021,8186,,,
ABS:ABS_HH_PROV(1.0.0),6,32,2,A,2022,8257,,,
ABS:ABS_HH_PROV(1.0.0),6,32,2,A,2023,8401,,,
ABS:ABS_HH_PROV(1.0.0),6,32,2,A,2024,8520,,,
ABS:ABS_HH_PROV(1.0.0),6,32,2,A,2025,8642,,,
ABS:ABS_HH_PROV(1.0.0),6,32,2,A,2026,8771,,,
ABS:ABS_HH_PROV(1.0.0),6,32,2,A,2027,8861,,,
ABS:ABS_HH_PROV(1.0.0),6,32,2,A,2028,8948,,,
ABS:ABS_HH_PROV(1.0.0),6,32,2,A,2029,9028,,,
ABS:ABS_HH_PROV(1.0.0),6,32,2,A,2030,9098,,,
ABS:ABS_HH_PROV(1.0.0),6,32,2,A,2031,9175,,,
ABS:ABS_HH_PROV(1.0.0),6,32,2,A,2032,9226,,,
ABS:ABS_HH_PROV(1.0.0),6,32,2,A,2033,9285,,,
ABS:ABS_HH_PROV(1.0.0),6,32,2,A,2034,9336,,,
ABS:ABS_HH_PROV(1.0.0),6,32,2,A,2035,9376,,,
ABS:ABS_HH_PROV(1.0.0),6,32,2,A,2036,9417,,,
ABS:ABS_HH_PROV(1.0.0),6,32,2,A,2037,9427,,,
ABS:ABS_HH_PROV(1.0.0),6,32,2,A,2038,9431,,,
ABS:ABS_HH_PROV(1.0.0),6,32,2,A,2039,9429,,,
ABS:ABS_HH_PROV(1.0.0),6,32,2,A,2040,9419,,,
ABS:ABS_HH_PROV(1.0.0),6,32,2,A,2041,9410,,,
ABS:ABS_HH_PROV(1.0.0),6,32,2,A,2042,9394,,,
ABS:ABS_HH_PROV(1.0.0),6,32,2,A,2043,9373,,,
ABS:ABS_HH_PROV(1.0.0),6,32,2,A,2044,9351,,,
ABS:ABS_HH_PROV(1.0.0),6,32,2,A,2045,9330,,,
ABS:ABS_HH_PROV(1.0.0),6,32,2,A,2046,9308,,,
ABS:ABS_HH_PROV(1.0.0),9,31,2,A,2021,582,,,
ABS:ABS_HH_PROV(1.0.0),9,31,2,A,2022,570,,,
ABS:ABS_HH_PROV(1.0.0),9,31,2,A,2023,578,,,
ABS:ABS_HH_PROV(1.0.0),9,31,2,A,2024,589,,,
ABS:ABS_HH_PROV(1.0.0),9,31,2,A,2025,598,,,
ABS:ABS_HH_PROV(1.0.0),9,31,2,A,2026,615,,,
ABS:ABS_HH_PROV(1.0.0),9,31,2,A,2027,622,,,
ABS:ABS_HH_PROV(1.0.0),9,31,2,A,2028,633,,,
ABS:ABS_HH_PROV(1.0.0),9,31,2,A,2029,641,,,
ABS:ABS_HH_PROV(1.0.0),9,31,2,A,2030,649,,,
ABS:ABS_HH_PROV(1.0.0),9,31,2,A,2031,656,,,
ABS:ABS_HH_PROV(1.0.0),9,31,2,A,2032,663,,,
ABS:ABS_HH_PROV(1.0.0),9,31,2,A,2033,671,,,
ABS:ABS_HH_PROV(1.0.0),9,31,2,A,2034,679,,,
ABS:ABS_HH_PROV(1.0.0),9,31,2,A,2035,682,,,
ABS:ABS_HH_PROV(1.0.0),9,31,2,A,2036,680,,,
ABS:ABS_HH_PROV(1.0.0),9,31,2,A,2037,677,,,
ABS:ABS_HH_PROV(1.0.0),9,31,2,A,2038,677,,,
ABS:ABS_HH_PROV(1.0.0),9,31,2,A,2039,679,,,
ABS:ABS_HH_PROV(1.0.0),9,31,2,A,2040,676,,,
ABS:ABS_HH_PROV(1.0.0),9,31,2,A,2041,667,,,
ABS:ABS_HH_PROV(1.0.0),9,31,2,A,2042,662,,,
ABS:ABS_HH_PROV(1.0.0),9,31,2,A,2043,662,,,
ABS:ABS_HH_PROV(1.0.0),9,31,2,A,2044,653,,,
ABS:ABS_HH_PROV(1.0.0),9,31,2,A,2045,647,,,
ABS:ABS_HH_PROV(1.0.0),9,31,2,A,2046,641,,,
ABS:ABS_HH_PROV(1.0.0),1,31,1,A,2021,834620,,,
ABS:ABS_HH_PROV(1.0.0),1,31,1,A,2022,844927,,,
ABS:ABS_HH_PROV(1.0.0),1,31,1,A,2023,864351,,,
ABS:ABS_HH_PROV(1.0.0),1,31,1,A,2024,882356,,,
ABS:ABS_HH_PROV(1.0.0),1,31,1,A,2025,900397,,,
ABS:ABS_HH_PROV(1.0.0),1,31,1,A,2026,918552,,,
ABS:ABS_HH_PROV(1.0.0),1,31,1,A,2027,936893,,,
ABS:ABS_HH_PROV(1.0.0),1,31,1,A,2028,954866,,,
ABS:ABS_HH_PROV(1.0.0),1,31,1,A,2029,972552,,,
ABS:ABS_HH_PROV(1.0.0),1,31,1,A,2030,989899,,,
ABS:ABS_HH_PROV(1.0.0),1,31,1,A,2031,1007178,,,
ABS:ABS_HH_PROV(1.0.0),1,31,1,A,2032,1024225,,,
ABS:ABS_HH_PROV(1.0.0),1,31,1,A,2033,1040896,,,
ABS:ABS_HH_PROV(1.0.0),1,31,1,A,2034,1057077,,,
ABS:ABS_HH_PROV(1.0.0),1,31,1,A,2035,1072822,,,
ABS:ABS_HH_PROV(1.0.0),1,31,1,A,2036,1088533,,,
ABS:ABS_HH_PROV(1.0.0),1,31,1,A,2037,1103824,,,
ABS:ABS_HH_PROV(1.0.0),1,31,1,A,2038,1118702,,,
ABS:ABS_HH_PROV(1.0.0),1,31,1,A,2039,1133149,,,
ABS:ABS_HH_PROV(1.0.0),1,31,1,A,2040,1147087,,,
ABS:ABS_HH_PROV(1.0.0),1,31,1,A,2041,1160991,,,
ABS:ABS_HH_PROV(1.0.0),1,31,1,A,2042,1174532,,,
ABS:ABS_HH_PROV(1.0.0),1,31,1,A,2043,1187574,,,
ABS:ABS_HH_PROV(1.0.0),1,31,1,A,2044,1200333,,,
ABS:ABS_HH_PROV(1.0.0),1,31,1,A,2045,1212701,,,
ABS:ABS_HH_PROV(1.0.0),1,31,1,A,2046,1225008,,,
ABS:ABS_HH_PROV(1.0.0),4,32,1,A,2021,25673,,,
ABS:ABS_HH_PROV(1.0.0),4,32,1,A,2022,25855,,,
ABS:ABS_HH_PROV(1.0.0),4,32,1,A,2023,26262,,,
ABS:ABS_HH_PROV(1.0.0),4,32,1,A,2024,26538,,,
ABS:ABS_HH_PROV(1.0.0),4,32,1,A,2025,26762,,,
ABS:ABS_HH_PROV(1.0.0),4,32,1,A,2026,26982,,,
ABS:ABS_HH_PROV(1.0.0),4,32,1,A,2027,27213,,,
ABS:ABS_HH_PROV(1.0.0),4,32,1,A,2028,27443,,,
ABS:ABS_HH_PROV(1.0.0),4,32,1,A,2029,27647,,,
ABS:ABS_HH_PROV(1.0.0),4,32,1,A,2030,27803,,,
ABS:ABS_HH_PROV(1.0.0),4,32,1,A,2031,27939,,,
ABS:ABS_HH_PROV(1.0.0),4,32,1,A,2032,28082,,,
ABS:ABS_HH_PROV(1.0.0),4,32,1,A,2033,28215,,,
ABS:ABS_HH_PROV(1.0.0),4,32,1,A,2034,28327,,,
ABS:ABS_HH_PROV(1.0.0),4,32,1,A,2035,28407,,,
ABS:ABS_HH_PROV(1.0.0),4,32,1,A,2036,28492,,,
ABS:ABS_HH_PROV(1.0.0),4,32,1,A,2037,28538,,,
ABS:ABS_HH_PROV(1.0.0),4,32,1,A,2038,28570,,,
ABS:ABS_HH_PROV(1.0.0),4,32,1,A,2039,28592,,,
ABS:ABS_HH_PROV(1.0.0),4,32,1,A,2040,28591,,,
ABS:ABS_HH_PROV(1.0.0),4,32,1,A,2041,28608,,,
ABS:ABS_HH_PROV(1.0.0),4,32,1,A,2042,28618,,,
ABS:ABS_HH_PROV(1.0.0),4,32,1,A,2043,28611,,,
ABS:ABS_HH_PROV(1.0.0),4,32,1,A,2044,28609,,,
ABS:ABS_HH_PROV(1.0.0),4,32,1,A,2045,28610,,,
ABS:ABS_HH_PROV(1.0.0),4,32,1,A,2046,28598,,,
ABS:ABS_HH_PROV(1.0.0),2,32,2,A,2021,102718,,,
ABS:ABS_HH_PROV(1.0.0),2,32,2,A,2022,104694,,,
ABS:ABS_HH_PROV(1.0.0),2,32,2,A,2023,107656,,,
ABS:ABS_HH_PROV(1.0.0),2,32,2,A,2024,110220,,,
ABS:ABS_HH_PROV(1.0.0),2,32,2,A,2025,112929,,,
ABS:ABS_HH_PROV(1.0.0),2,32,2,A,2026,115980,,,
ABS:ABS_HH_PROV(1.0.0),2,32,2,A,2027,118817,,,
ABS:ABS_HH_PROV(1.0.0),2,32,2,A,2028,121668,,,
ABS:ABS_HH_PROV(1.0.0),2,32,2,A,2029,124370,,,
ABS:ABS_HH_PROV(1.0.0),2,32,2,A,2030,126873,,,
ABS:ABS_HH_PROV(1.0.0),2,32,2,A,2031,129267,,,
ABS:ABS_HH_PROV(1.0.0),2,32,2,A,2032,131503,,,
ABS:ABS_HH_PROV(1.0.0),2,32,2,A,2033,133759,,,
ABS:ABS_HH_PROV(1.0.0),2,32,2,A,2034,135826,,,
ABS:ABS_HH_PROV(1.0.0),2,32,2,A,2035,137734,,,
ABS:ABS_HH_PROV(1.0.0),2,32,2,A,2036,139601,,,
ABS:ABS_HH_PROV(1.0.0),2,32,2,A,2037,141022,,,
ABS:ABS_HH_PROV(1.0.0),2,32,2,A,2038,142340,,,
ABS:ABS_HH_PROV(1.0.0),2,32,2,A,2039,143575,,,
ABS:ABS_HH_PROV(1.0.0),2,32,2,A,2040,144641,,,
ABS:ABS_HH_PROV(1.0.0),2,32,2,A,2041,145772,,,
ABS:ABS_HH_PROV(1.0.0),2,32,2,A,2042,146856,,,
ABS:ABS_HH_PROV(1.0.0),2,32,2,A,2043,147737,,,
ABS:ABS_HH_PROV(1.0.0),2,32,2,A,2044,148645,,,
ABS:ABS_HH_PROV(1.0.0),2,32,2,A,2045,149533,,,
ABS:ABS_HH_PROV(1.0.0),2,32,2,A,2046,150384,,,
ABS:ABS_HH_PROV(1.0.0),5,31,3,A,2021,270765,,,
ABS:ABS_HH_PROV(1.0.0),5,31,3,A,2022,275058,,,
ABS:ABS_HH_PROV(1.0.0),5,31,3,A,2023,280247,,,
ABS:ABS_HH_PROV(1.0.0),5,31,3,A,2024,284907,,,
ABS:ABS_HH_PROV(1.0.0),5,31,3,A,2025,289414,,,
ABS:ABS_HH_PROV(1.0.0),5,31,3,A,2026,293845,,,
ABS:ABS_HH_PROV(1.0.0),5,31,3,A,2027,298152,,,
ABS:ABS_HH_PROV(1.0.0),5,31,3,A,2028,302210,,,
ABS:ABS_HH_PROV(1.0.0),5,31,3,A,2029,306133,,,
ABS:ABS_HH_PROV(1.0.0),5,31,3,A,2030,309885,,,
ABS:ABS_HH_PROV(1.0.0),5,31,3,A,2031,313586,,,
ABS:ABS_HH_PROV(1.0.0),5,31,3,A,2032,317233,,,
ABS:ABS_HH_PROV(1.0.0),5,31,3,A,2033,320609,,,
ABS:ABS_HH_PROV(1.0.0),5,31,3,A,2034,323723,,,
ABS:ABS_HH_PROV(1.0.0),5,31,3,A,2035,326607,,,
ABS:ABS_HH_PROV(1.0.0),5,31,3,A,2036,329394,,,
ABS:ABS_HH_PROV(1.0.0),5,31,3,A,2037,331862,,,
ABS:ABS_HH_PROV(1.0.0),5,31,3,A,2038,334071,,,
ABS:ABS_HH_PROV(1.0.0),5,31,3,A,2039,336055,,,
ABS:ABS_HH_PROV(1.0.0),5,31,3,A,2040,337837,,,
ABS:ABS_HH_PROV(1.0.0),5,31,3,A,2041,339550,,,
ABS:ABS_HH_PROV(1.0.0),5,31,3,A,2042,340968,,,
ABS:ABS_HH_PROV(1.0.0),5,31,3,A,2043,342163,,,
ABS:ABS_HH_PROV(1.0.0),5,31,3,A,2044,343211,,,
ABS:ABS_HH_PROV(1.0.0),5,31,3,A,2045,344097,,,
ABS:ABS_HH_PROV(1.0.0),5,31,3,A,2046,344862,,,
ABS:ABS_HH_PROV(1.0.0),2,4,2,A,2021,2540450,,,
ABS:ABS_HH_PROV(1.0.0),2,4,2,A,2022,2570635,,,
ABS:ABS_HH_PROV(1.0.0),2,4,2,A,2023,2625031,,,
ABS:ABS_HH_PROV(1.0.0),2,4,2,A,2024,2673784,,,
ABS:ABS_HH_PROV(1.0.0),2,4,2,A,2025,2724752,,,
ABS:ABS_HH_PROV(1.0.0),2,4,2,A,2026,2777864,,,
ABS:ABS_HH_PROV(1.0.0),2,4,2,A,2027,2833475,,,
ABS:ABS_HH_PROV(1.0.0),2,4,2,A,2028,2888089,,,
ABS:ABS_HH_PROV(1.0.0),2,4,2,A,2029,2941981,,,
ABS:ABS_HH_PROV(1.0.0),2,4,2,A,2030,2995314,,,
ABS:ABS_HH_PROV(1.0.0),2,4,2,A,2031,3047431,,,
ABS:ABS_HH_PROV(1.0.0),2,4,2,A,2032,3099234,,,
ABS:ABS_HH_PROV(1.0.0),2,4,2,A,2033,3150689,,,
ABS:ABS_HH_PROV(1.0.0),2,4,2,A,2034,3201625,,,
ABS:ABS_HH_PROV(1.0.0),2,4,2,A,2035,3252333,,,
ABS:ABS_HH_PROV(1.0.0),2,4,2,A,2036,3302524,,,
ABS:ABS_HH_PROV(1.0.0),2,4,2,A,2037,3353221,,,
ABS:ABS_HH_PROV(1.0.0),2,4,2,A,2038,3403089,,,
ABS:ABS_HH_PROV(1.0.0),2,4,2,A,2039,3452097,,,
ABS:ABS_HH_PROV(1.0.0),2,4,2,A,2040,3500258,,,
ABS:ABS_HH_PROV(1.0.0),2,4,2,A,2041,3547972,,,
ABS:ABS_HH_PROV(1.0.0),2,4,2,A,2042,3594752,,,
ABS:ABS_HH_PROV(1.0.0),2,4,2,A,2043,3640141,,,
ABS:ABS_HH_PROV(1.0.0),2,4,2,A,2044,3684822,,,
ABS:ABS_HH_PROV(1.0.0),2,4,2,A,2045,3728670,,,
ABS:ABS_HH_PROV(1.0.0),2,4,2,A,2046,3772161,,,
ABS:ABS_HH_PROV(1.0.0),0,32,1,A,2021,405672,,,
ABS:ABS_HH_PROV(1.0.0),0,32,1,A,2022,400124,,,
ABS:ABS_HH_PROV(1.0.0),0,32,1,A,2023,407328,,,
ABS:ABS_HH_PROV(1.0.0),0,32,1,A,2024,413004,,,
ABS:ABS_HH_PROV(1.0.0),0,32,1,A,2025,418726,,,
ABS:ABS_HH_PROV(1.0.0),0,32,1,A,2026,424898,,,
ABS:ABS_HH_PROV(1.0.0),0,32,1,A,2027,431590,,,
ABS:ABS_HH_PROV(1.0.0),0,32,1,A,2028,438324,,,
ABS:ABS_HH_PROV(1.0.0),0,32,1,A,2029,444616,,,
ABS:ABS_HH_PROV(1.0.0),0,32,1,A,2030,450340,,,
ABS:ABS_HH_PROV(1.0.0),0,32,1,A,2031,455720,,,
ABS:ABS_HH_PROV(1.0.0),0,32,1,A,2032,461170,,,
ABS:ABS_HH_PROV(1.0.0),0,32,1,A,2033,466525,,,
ABS:ABS_HH_PROV(1.0.0),0,32,1,A,2034,471354,,,
ABS:ABS_HH_PROV(1.0.0),0,32,1,A,2035,475589,,,
ABS:ABS_HH_PROV(1.0.0),0,32,1,A,2036,479727,,,
ABS:ABS_HH_PROV(1.0.0),0,32,1,A,2037,483342,,,
ABS:ABS_HH_PROV(1.0.0),0,32,1,A,2038,486542,,,
ABS:ABS_HH_PROV(1.0.0),0,32,1,A,2039,489558,,,
ABS:ABS_HH_PROV(1.0.0),0,32,1,A,2040,492084,,,
ABS:ABS_HH_PROV(1.0.0),0,32,1,A,2041,494700,,,
ABS:ABS_HH_PROV(1.0.0),0,32,1,A,2042,497456,,,
ABS:ABS_HH_PROV(1.0.0),0,32,1,A,2043,499699,,,
ABS:ABS_HH_PROV(1.0.0),0,32,1,A,2044,501996,,,
ABS:ABS_HH_PROV(1.0.0),0,32,1,A,2045,504277,,,
ABS:ABS_HH_PROV(1.0.0),0,32,1,A,2046,506371,,,
ABS:ABS_HH_PROV(1.0.0),1GSYD,32,2,A,2021,82935,,,
ABS:ABS_HH_PROV(1.0.0),1GSYD,32,2,A,2022,84486,,,
ABS:ABS_HH_PROV(1.0.0),1GSYD,32,2,A,2023,86204,,,
ABS:ABS_HH_PROV(1.0.0),1GSYD,32,2,A,2024,87616,,,
ABS:ABS_HH_PROV(1.0.0),1GSYD,32,2,A,2025,89178,,,
ABS:ABS_HH_PROV(1.0.0),1GSYD,32,2,A,2026,90927,,,
ABS:ABS_HH_PROV(1.0.0),1GSYD,32,2,A,2027,92448,,,
ABS:ABS_HH_PROV(1.0.0),1GSYD,32,2,A,2028,94047,,,
ABS:ABS_HH_PROV(1.0.0),1GSYD,32,2,A,2029,95650,,,
ABS:ABS_HH_PROV(1.0.0),1GSYD,32,2,A,2030,97183,,,
ABS:ABS_HH_PROV(1.0.0),1GSYD,32,2,A,2031,98733,,,
ABS:ABS_HH_PROV(1.0.0),1GSYD,32,2,A,2032,100156,,,
ABS:ABS_HH_PROV(1.0.0),1GSYD,32,2,A,2033,101558,,,
ABS:ABS_HH_PROV(1.0.0),1GSYD,32,2,A,2034,102865,,,
ABS:ABS_HH_PROV(1.0.0),1GSYD,32,2,A,2035,104039,,,
ABS:ABS_HH_PROV(1.0.0),1GSYD,32,2,A,2036,105206,,,
ABS:ABS_HH_PROV(1.0.0),1GSYD,32,2,A,2037,106075,,,
ABS:ABS_HH_PROV(1.0.0),1GSYD,32,2,A,2038,106828,,,
ABS:ABS_HH_PROV(1.0.0),1GSYD,32,2,A,2039,107528,,,
ABS:ABS_HH_PROV(1.0.0),1GSYD,32,2,A,2040,108067,,,
ABS:ABS_HH_PROV(1.0.0),1GSYD,32,2,A,2041,108599,,,
ABS:ABS_HH_PROV(1.0.0),1GSYD,32,2,A,2042,109133,,,
ABS:ABS_HH_PROV(1.0.0),1GSYD,32,2,A,2043,109552,,,
ABS:ABS_HH_PROV(1.0.0),1GSYD,32,2,A,2044,109937,,,
ABS:ABS_HH_PROV(1.0.0),1GSYD,32,2,A,2045,110251,,,
ABS:ABS_HH_PROV(1.0.0),1GSYD,32,2,A,2046,110488,,,
ABS:ABS_HH_PROV(1.0.0),7GDAR,1_2,1,A,2021,37588,,,
ABS:ABS_HH_PROV(1.0.0),7GDAR,1_2,1,A,2022,37821,,,
ABS:ABS_HH_PROV(1.0.0),7GDAR,1_2,1,A,2023,38715,,,
ABS:ABS_HH_PROV(1.0.0),7GDAR,1_2,1,A,2024,39381,,,
ABS:ABS_HH_PROV(1.0.0),7GDAR,1_2,1,A,2025,40063,,,
ABS:ABS_HH_PROV(1.0.0),7GDAR,1_2,1,A,2026,40698,,,
ABS:ABS_HH_PROV(1.0.0),7GDAR,1_2,1,A,2027,41336,,,
ABS:ABS_HH_PROV(1.0.0),7GDAR,1_2,1,A,2028,41959,,,
ABS:ABS_HH_PROV(1.0.0),7GDAR,1_2,1,A,2029,42513,,,
ABS:ABS_HH_PROV(1.0.0),7GDAR,1_2,1,A,2030,43059,,,
ABS:ABS_HH_PROV(1.0.0),7GDAR,1_2,1,A,2031,43541,,,
ABS:ABS_HH_PROV(1.0.0),7GDAR,1_2,1,A,2032,44005,,,
ABS:ABS_HH_PROV(1.0.0),7GDAR,1_2,1,A,2033,44463,,,
ABS:ABS_HH_PROV(1.0.0),7GDAR,1_2,1,A,2034,44922,,,
ABS:ABS_HH_PROV(1.0.0),7GDAR,1_2,1,A,2035,45385,,,
ABS:ABS_HH_PROV(1.0.0),7GDAR,1_2,1,A,2036,45839,,,
ABS:ABS_HH_PROV(1.0.0),7GDAR,1_2,1,A,2037,46292,,,
ABS:ABS_HH_PROV(1.0.0),7GDAR,1_2,1,A,2038,46737,,,
ABS:ABS_HH_PROV(1.0.0),7GDAR,1_2,1,A,2039,47177,,,
ABS:ABS_HH_PROV(1.0.0),7GDAR,1_2,1,A,2040,47614,,,
ABS:ABS_HH_PROV(1.0.0),7GDAR,1_2,1,A,2041,48042,,,
ABS:ABS_HH_PROV(1.0.0),7GDAR,1_2,1,A,2042,48476,,,
ABS:ABS_HH_PROV(1.0.0),7GDAR,1_2,1,A,2043,48889,,,
ABS:ABS_HH_PROV(1.0.0),7GDAR,1_2,1,A,2044,49293,,,
ABS:ABS_HH_PROV(1.0.0),7GDAR,1_2,1,A,2045,49692,,,
ABS:ABS_HH_PROV(1.0.0),7GDAR,1_2,1,A,2046,50088,,,
ABS:ABS_HH_PROV(1.0.0),1RNSW,31,2,A,2021,349932,,,
ABS:ABS_HH_PROV(1.0.0),1RNSW,31,2,A,2022,353906,,,
ABS:ABS_HH_PROV(1.0.0),1RNSW,31,2,A,2023,357780,,,
ABS:ABS_HH_PROV(1.0.0),1RNSW,31,2,A,2024,361366,,,
ABS:ABS_HH_PROV(1.0.0),1RNSW,31,2,A,2025,364634,,,
ABS:ABS_HH_PROV(1.0.0),1RNSW,31,2,A,2026,367802,,,
ABS:ABS_HH_PROV(1.0.0),1RNSW,31,2,A,2027,371490,,,
ABS:ABS_HH_PROV(1.0.0),1RNSW,31,2,A,2028,374920,,,
ABS:ABS_HH_PROV(1.0.0),1RNSW,31,2,A,2029,378276,,,
ABS:ABS_HH_PROV(1.0.0),1RNSW,31,2,A,2030,381510,,,
ABS:ABS_HH_PROV(1.0.0),1RNSW,31,2,A,2031,384756,,,
ABS:ABS_HH_PROV(1.0.0),1RNSW,31,2,A,2032,388519,,,
ABS:ABS_HH_PROV(1.0.0),1RNSW,31,2,A,2033,392111,,,
ABS:ABS_HH_PROV(1.0.0),1RNSW,31,2,A,2034,395597,,,
ABS:ABS_HH_PROV(1.0.0),1RNSW,31,2,A,2035,399023,,,
ABS:ABS_HH_PROV(1.0.0),1RNSW,31,2,A,2036,402560,,,
ABS:ABS_HH_PROV(1.0.0),1RNSW,31,2,A,2037,406482,,,
ABS:ABS_HH_PROV(1.0.0),1RNSW,31,2,A,2038,410400,,,
ABS:ABS_HH_PROV(1.0.0),1RNSW,31,2,A,2039,414313,,,
ABS:ABS_HH_PROV(1.0.0),1RNSW,31,2,A,2040,418267,,,
ABS:ABS_HH_PROV(1.0.0),1RNSW,31,2,A,2041,422359,,,
ABS:ABS_HH_PROV(1.0.0),1RNSW,31,2,A,2042,426505,,,
ABS:ABS_HH_PROV(1.0.0),1RNSW,31,2,A,2043,430640,,,
ABS:ABS_HH_PROV(1.0.0),1RNSW,31,2,A,2044,434914,,,
ABS:ABS_HH_PROV(1.0.0),1RNSW,31,2,A,2045,439289,,,
ABS:ABS_HH_PROV(1.0.0),1RNSW,31,2,A,2046,443812,,,
ABS:ABS_HH_PROV(1.0.0),2GMEL,31,2,A,2021,469596,,,
ABS:ABS_HH_PROV(1.0.0),2GMEL,31,2,A,2022,475122,,,
ABS:ABS_HH_PROV(1.0.0),2GMEL,31,2,A,2023,489823,,,
ABS:ABS_HH_PROV(1.0.0),2GMEL,31,2,A,2024,503142,,,
ABS:ABS_HH_PROV(1.0.0),2GMEL,31,2,A,2025,516606,,,
ABS:ABS_HH_PROV(1.0.0),2GMEL,31,2,A,2026,530147,,,
ABS:ABS_HH_PROV(1.0.0),2GMEL,31,2,A,2027,544773,,,
ABS:ABS_HH_PROV(1.0.0),2GMEL,31,2,A,2028,559018,,,
ABS:ABS_HH_PROV(1.0.0),2GMEL,31,2,A,2029,572995,,,
ABS:ABS_HH_PROV(1.0.0),2GMEL,31,2,A,2030,586645,,,
ABS:ABS_HH_PROV(1.0.0),2GMEL,31,2,A,2031,600032,,,
ABS:ABS_HH_PROV(1.0.0),2GMEL,31,2,A,2032,613836,,,
ABS:ABS_HH_PROV(1.0.0),2GMEL,31,2,A,2033,627311,,,
ABS:ABS_HH_PROV(1.0.0),2GMEL,31,2,A,2034,640374,,,
ABS:ABS_HH_PROV(1.0.0),2GMEL,31,2,A,2035,653154,,,
ABS:ABS_HH_PROV(1.0.0),2GMEL,31,2,A,2036,665759,,,
ABS:ABS_HH_PROV(1.0.0),2GMEL,31,2,A,2037,678745,,,
ABS:ABS_HH_PROV(1.0.0),2GMEL,31,2,A,2038,691372,,,
ABS:ABS_HH_PROV(1.0.0),2GMEL,31,2,A,2039,703619,,,
ABS:ABS_HH_PROV(1.0.0),2GMEL,31,2,A,2040,715525,,,
ABS:ABS_HH_PROV(1.0.0),2GMEL,31,2,A,2041,727256,,,
ABS:ABS_HH_PROV(1.0.0),2GMEL,31,2,A,2042,738568,,,
ABS:ABS_HH_PROV(1.0.0),2GMEL,31,2,A,2043,749471,,,
ABS:ABS_HH_PROV(1.0.0),2GMEL,31,2,A,2044,760083,,,
ABS:ABS_HH_PROV(1.0.0),2GMEL,31,2,A,2045,770376,,,
ABS:ABS_HH_PROV(1.0.0),2GMEL,31,2,A,2046,780467,,,
ABS:ABS_HH_PROV(1.0.0),2RVIC,1_2,2,A,2021,439179,,,
ABS:ABS_HH_PROV(1.0.0),2RVIC,1_2,2,A,2022,443948,,,
ABS:ABS_HH_PROV(1.0.0),2RVIC,1_2,2,A,2023,447337,,,
ABS:ABS_HH_PROV(1.0.0),2RVIC,1_2,2,A,2024,451052,,,
ABS:ABS_HH_PROV(1.0.0),2RVIC,1_2,2,A,2025,455803,,,
ABS:ABS_HH_PROV(1.0.0),2RVIC,1_2,2,A,2026,461904,,,
ABS:ABS_HH_PROV(1.0.0),2RVIC,1_2,2,A,2027,469189,,,
ABS:ABS_HH_PROV(1.0.0),2RVIC,1_2,2,A,2028,476801,,,
ABS:ABS_HH_PROV(1.0.0),2RVIC,1_2,2,A,2029,484717,,,
ABS:ABS_HH_PROV(1.0.0),2RVIC,1_2,2,A,2030,492902,,,
ABS:ABS_HH_PROV(1.0.0),2RVIC,1_2,2,A,2031,501247,,,
ABS:ABS_HH_PROV(1.0.0),2RVIC,1_2,2,A,2032,510019,,,
ABS:ABS_HH_PROV(1.0.0),2RVIC,1_2,2,A,2033,518971,,,
ABS:ABS_HH_PROV(1.0.0),2RVIC,1_2,2,A,2034,528126,,,
ABS:ABS_HH_PROV(1.0.0),2RVIC,1_2,2,A,2035,537421,,,
ABS:ABS_HH_PROV(1.0.0),2RVIC,1_2,2,A,2036,546824,,,
ABS:ABS_HH_PROV(1.0.0),2RVIC,1_2,2,A,2037,556712,,,
ABS:ABS_HH_PROV(1.0.0),2RVIC,1_2,2,A,2038,566607,,,
ABS:ABS_HH_PROV(1.0.0),2RVIC,1_2,2,A,2039,576577,,,
ABS:ABS_HH_PROV(1.0.0),2RVIC,1_2,2,A,2040,586572,,,
ABS:ABS_HH_PROV(1.0.0),2RVIC,1_2,2,A,2041,596656,,,
ABS:ABS_HH_PROV(1.0.0),2RVIC,1_2,2,A,2042,606787,,,
ABS:ABS_HH_PROV(1.0.0),2RVIC,1_2,2,A,2043,616853,,,
ABS:ABS_HH_PROV(1.0.0),2RVIC,1_2,2,A,2044,626969,,,
ABS:ABS_HH_PROV(1.0.0),2RVIC,1_2,2,A,2045,637083,,,
ABS:ABS_HH_PROV(1.0.0),2RVIC,1_2,2,A,2046,647318,,,
ABS:ABS_HH_PROV(1.0.0),7GDAR,1_2,3,A,2021,37588,,,
ABS:ABS_HH_PROV(1.0.0),7GDAR,1_2,3,A,2022,37690,,,
ABS:ABS_HH_PROV(1.0.0),7GDAR,1_2,3,A,2023,38459,,,
ABS:ABS_HH_PROV(1.0.0),7GDAR,1_2,3,A,2024,39010,,,
ABS:ABS_HH_PROV(1.0.0),7GDAR,1_2,3,A,2025,39586,,,
ABS:ABS_HH_PROV(1.0.0),7GDAR,1_2,3,A,2026,40108,,,
ABS:ABS_HH_PROV(1.0.0),7GDAR,1_2,3,A,2027,40637,,,
ABS:ABS_HH_PROV(1.0.0),7GDAR,1_2,3,A,2028,41148,,,
ABS:ABS_HH_PROV(1.0.0),7GDAR,1_2,3,A,2029,41597,,,
ABS:ABS_HH_PROV(1.0.0),7GDAR,1_2,3,A,2030,42038,,,
ABS:ABS_HH_PROV(1.0.0),7GDAR,1_2,3,A,2031,42414,,,
ABS:ABS_HH_PROV(1.0.0),7GDAR,1_2,3,A,2032,42773,,,
ABS:ABS_HH_PROV(1.0.0),7GDAR,1_2,3,A,2033,43127,,,
ABS:ABS_HH_PROV(1.0.0),7GDAR,1_2,3,A,2034,43481,,,
ABS:ABS_HH_PROV(1.0.0),7GDAR,1_2,3,A,2035,43841,,,
ABS:ABS_HH_PROV(1.0.0),7GDAR,1_2,3,A,2036,44190,,,
ABS:ABS_HH_PROV(1.0.0),7GDAR,1_2,3,A,2037,44541,,,
ABS:ABS_HH_PROV(1.0.0),7GDAR,1_2,3,A,2038,44886,,,
ABS:ABS_HH_PROV(1.0.0),7GDAR,1_2,3,A,2039,45226,,,
ABS:ABS_HH_PROV(1.0.0),7GDAR,1_2,3,A,2040,45564,,,
ABS:ABS_HH_PROV(1.0.0),7GDAR,1_2,3,A,2041,45902,,,
ABS:ABS_HH_PROV(1.0.0),7GDAR,1_2,3,A,2042,46231,,,
ABS:ABS_HH_PROV(1.0.0),7GDAR,1_2,3,A,2043,46542,,,
ABS:ABS_HH_PROV(1.0.0),7GDAR,1_2,3,A,2044,46849,,,
ABS:ABS_HH_PROV(1.0.0),7GDAR,1_2,3,A,2045,47146,,,
ABS:ABS_HH_PROV(1.0.0),7GDAR,1_2,3,A,2046,47439,,,
ABS:ABS_HH_PROV(1.0.0),8ACTE,31,3,A,2021,46828,,,
ABS:ABS_HH_PROV(1.0.0),8ACTE,31,3,A,2022,45485,,,
ABS:ABS_HH_PROV(1.0.0),8ACTE,31,3,A,2023,46464,,,
ABS:ABS_HH_PROV(1.0.0),8ACTE,31,3,A,2024,47380,,,
ABS:ABS_HH_PROV(1.0.0),8ACTE,31,3,A,2025,48316,,,
ABS:ABS_HH_PROV(1.0.0),8ACTE,31,3,A,2026,49324,,,
ABS:ABS_HH_PROV(1.0.0),8ACTE,31,3,A,2027,50382,,,
ABS:ABS_HH_PROV(1.0.0),8ACTE,31,3,A,2028,51358,,,
ABS:ABS_HH_PROV(1.0.0),8ACTE,31,3,A,2029,52339,,,
ABS:ABS_HH_PROV(1.0.0),8ACTE,31,3,A,2030,53265,,,
ABS:ABS_HH_PROV(1.0.0),8ACTE,31,3,A,2031,54186,,,
ABS:ABS_HH_PROV(1.0.0),8ACTE,31,3,A,2032,55079,,,
ABS:ABS_HH_PROV(1.0.0),8ACTE,31,3,A,2033,55843,,,
ABS:ABS_HH_PROV(1.0.0),8ACTE,31,3,A,2034,56634,,,
ABS:ABS_HH_PROV(1.0.0),8ACTE,31,3,A,2035,57449,,,
ABS:ABS_HH_PROV(1.0.0),8ACTE,31,3,A,2036,58248,,,
ABS:ABS_HH_PROV(1.0.0),8ACTE,31,3,A,2037,59034,,,
ABS:ABS_HH_PROV(1.0.0),8ACTE,31,3,A,2038,59806,,,
ABS:ABS_HH_PROV(1.0.0),8ACTE,31,3,A,2039,60548,,,
ABS:ABS_HH_PROV(1.0.0),8ACTE,31,3,A,2040,61282,,,
ABS:ABS_HH_PROV(1.0.0),8ACTE,31,3,A,2041,62011,,,
ABS:ABS_HH_PROV(1.0.0),8ACTE,31,3,A,2042,62690,,,
ABS:ABS_HH_PROV(1.0.0),8ACTE,31,3,A,2043,63321,,,
ABS:ABS_HH_PROV(1.0.0),8ACTE,31,3,A,2044,63934,,,
ABS:ABS_HH_PROV(1.0.0),8ACTE,31,3,A,2045,64524,,,
ABS:ABS_HH_PROV(1.0.0),8ACTE,31,3,A,2046,65085,,,
ABS:ABS_HH_PROV(1.0.0),4RSAU,4,1,A,2021,173717,,,
ABS:ABS_HH_PROV(1.0.0),4RSAU,4,1,A,2022,175172,,,
ABS:ABS_HH_PROV(1.0.0),4RSAU,4,1,A,2023,176381,,,
ABS:ABS_HH_PROV(1.0.0),4RSAU,4,1,A,2024,177291,,,
ABS:ABS_HH_PROV(1.0.0),4RSAU,4,1,A,2025,178232,,,
ABS:ABS_HH_PROV(1.0.0),4RSAU,4,1,A,2026,179308,,,
ABS:ABS_HH_PROV(1.0.0),4RSAU,4,1,A,2027,180382,,,
ABS:ABS_HH_PROV(1.0.0),4RSAU,4,1,A,2028,181337,,,
ABS:ABS_HH_PROV(1.0.0),4RSAU,4,1,A,2029,182185,,,
ABS:ABS_HH_PROV(1.0.0),4RSAU,4,1,A,2030,182899,,,
ABS:ABS_HH_PROV(1.0.0),4RSAU,4,1,A,2031,183511,,,
ABS:ABS_HH_PROV(1.0.0),4RSAU,4,1,A,2032,183998,,,
ABS:ABS_HH_PROV(1.0.0),4RSAU,4,1,A,2033,184384,,,
ABS:ABS_HH_PROV(1.0.0),4RSAU,4,1,A,2034,184686,,,
ABS:ABS_HH_PROV(1.0.0),4RSAU,4,1,A,2035,184862,,,
ABS:ABS_HH_PROV(1.0.0),4RSAU,4,1,A,2036,184974,,,
ABS:ABS_HH_PROV(1.0.0),4RSAU,4,1,A,2037,184969,,,
ABS:ABS_HH_PROV(1.0.0),4RSAU,4,1,A,2038,184872,,,
ABS:ABS_HH_PROV(1.0.0),4RSAU,4,1,A,2039,184684,,,
ABS:ABS_HH_PROV(1.0.0),4RSAU,4,1,A,2040,184386,,,
ABS:ABS_HH_PROV(1.0.0),4RSAU,4,1,A,2041,184051,,,
ABS:ABS_HH_PROV(1.0.0),4RSAU,4,1,A,2042,183621,,,
ABS:ABS_HH_PROV(1.0.0),4RSAU,4,1,A,2043,183111,,,
ABS:ABS_HH_PROV(1.0.0),4RSAU,4,1,A,2044,182544,,,
ABS:ABS_HH_PROV(1.0.0),4RSAU,4,1,A,2045,181916,,,
ABS:ABS_HH_PROV(1.0.0),4RSAU,4,1,A,2046,181250,,,
ABS:ABS_HH_PROV(1.0.0),5GPER,4,1,A,2021,832159,,,
ABS:ABS_HH_PROV(1.0.0),5GPER,4,1,A,2022,847455,,,
ABS:ABS_HH_PROV(1.0.0),5GPER,4,1,A,2023,868306,,,
ABS:ABS_HH_PROV(1.0.0),5GPER,4,1,A,2024,886707,,,
ABS:ABS_HH_PROV(1.0.0),5GPER,4,1,A,2025,904484,,,
ABS:ABS_HH_PROV(1.0.0),5GPER,4,1,A,2026,921503,,,
ABS:ABS_HH_PROV(1.0.0),5GPER,4,1,A,2027,937600,,,
ABS:ABS_HH_PROV(1.0.0),5GPER,4,1,A,2028,953410,,,
ABS:ABS_HH_PROV(1.0.0),5GPER,4,1,A,2029,968869,,,
ABS:ABS_HH_PROV(1.0.0),5GPER,4,1,A,2030,984097,,,
ABS:ABS_HH_PROV(1.0.0),5GPER,4,1,A,2031,999054,,,
ABS:ABS_HH_PROV(1.0.0),5GPER,4,1,A,2032,1013394,,,
ABS:ABS_HH_PROV(1.0.0),5GPER,4,1,A,2033,1027521,,,
ABS:ABS_HH_PROV(1.0.0),5GPER,4,1,A,2034,1041225,,,
ABS:ABS_HH_PROV(1.0.0),5GPER,4,1,A,2035,1054635,,,
ABS:ABS_HH_PROV(1.0.0),5GPER,4,1,A,2036,1067815,,,
ABS:ABS_HH_PROV(1.0.0),5GPER,4,1,A,2037,1080483,,,
ABS:ABS_HH_PROV(1.0.0),5GPER,4,1,A,2038,1092655,,,
ABS:ABS_HH_PROV(1.0.0),5GPER,4,1,A,2039,1104310,,,
ABS:ABS_HH_PROV(1.0.0),5GPER,4,1,A,2040,1115410,,,
ABS:ABS_HH_PROV(1.0.0),5GPER,4,1,A,2041,1126196,,,
ABS:ABS_HH_PROV(1.0.0),5GPER,4,1,A,2042,1136380,,,
ABS:ABS_HH_PROV(1.0.0),5GPER,4,1,A,2043,1145858,,,
ABS:ABS_HH_PROV(1.0.0),5GPER,4,1,A,2044,1154839,,,
ABS:ABS_HH_PROV(1.0.0),5GPER,4,1,A,2045,1163269,,,
ABS:ABS_HH_PROV(1.0.0),5GPER,4,1,A,2046,1171374,,,
ABS:ABS_HH_PROV(1.0.0),8ACTE,4,1,A,2021,176879,,,
ABS:ABS_HH_PROV(1.0.0),8ACTE,4,1,A,2022,175961,,,
ABS:ABS_HH_PROV(1.0.0),8ACTE,4,1,A,2023,179425,,,
ABS:ABS_HH_PROV(1.0.0),8ACTE,4,1,A,2024,182609,,,
ABS:ABS_HH_PROV(1.0.0),8ACTE,4,1,A,2025,185874,,,
ABS:ABS_HH_PROV(1.0.0),8ACTE,4,1,A,2026,189296,,,
ABS:ABS_HH_PROV(1.0.0),8ACTE,4,1,A,2027,192879,,,
ABS:ABS_HH_PROV(1.0.0),8ACTE,4,1,A,2028,196328,,,
ABS:ABS_HH_PROV(1.0.0),8ACTE,4,1,A,2029,199743,,,
ABS:ABS_HH_PROV(1.0.0),8ACTE,4,1,A,2030,203083,,,
ABS:ABS_HH_PROV(1.0.0),8ACTE,4,1,A,2031,206323,,,
ABS:ABS_HH_PROV(1.0.0),8ACTE,4,1,A,2032,209419,,,
ABS:ABS_HH_PROV(1.0.0),8ACTE,4,1,A,2033,212335,,,
ABS:ABS_HH_PROV(1.0.0),8ACTE,4,1,A,2034,215304,,,
ABS:ABS_HH_PROV(1.0.0),8ACTE,4,1,A,2035,218325,,,
ABS:ABS_HH_PROV(1.0.0),8ACTE,4,1,A,2036,221292,,,
ABS:ABS_HH_PROV(1.0.0),8ACTE,4,1,A,2037,224226,,,
ABS:ABS_HH_PROV(1.0.0),8ACTE,4,1,A,2038,227112,,,
ABS:ABS_HH_PROV(1.0.0),8ACTE,4,1,A,2039,229958,,,
ABS:ABS_HH_PROV(1.0.0),8ACTE,4,1,A,2040,232776,,,
ABS:ABS_HH_PROV(1.0.0),8ACTE,4,1,A,2041,235576,,,
ABS:ABS_HH_PROV(1.0.0),8ACTE,4,1,A,2042,238304,,,
ABS:ABS_HH_PROV(1.0.0),8ACTE,4,1,A,2043,240917,,,
ABS:ABS_HH_PROV(1.0.0),8ACTE,4,1,A,2044,243486,,,
ABS:ABS_HH_PROV(1.0.0),8ACTE,4,1,A,2045,245977,,,
ABS:ABS_HH_PROV(1.0.0),8ACTE,4,1,A,2046,248419,,,
ABS:ABS_HH_PROV(1.0.0),2RVIC,4,3,A,2021,658352,,,
ABS:ABS_HH_PROV(1.0.0),2RVIC,4,3,A,2022,666769,,,
ABS:ABS_HH_PROV(1.0.0),2RVIC,4,3,A,2023,671816,,,
ABS:ABS_HH_PROV(1.0.0),2RVIC,4,3,A,2024,677211,,,
ABS:ABS_HH_PROV(1.0.0),2RVIC,4,3,A,2025,683815,,,
ABS:ABS_HH_PROV(1.0.0),2RVIC,4,3,A,2026,692441,,,
ABS:ABS_HH_PROV(1.0.0),2RVIC,4,3,A,2027,701869,,,
ABS:ABS_HH_PROV(1.0.0),2RVIC,4,3,A,2028,711458,,,
ABS:ABS_HH_PROV(1.0.0),2RVIC,4,3,A,2029,721296,,,
ABS:ABS_HH_PROV(1.0.0),2RVIC,4,3,A,2030,731332,,,
ABS:ABS_HH_PROV(1.0.0),2RVIC,4,3,A,2031,741573,,,
ABS:ABS_HH_PROV(1.0.0),2RVIC,4,3,A,2032,751999,,,
ABS:ABS_HH_PROV(1.0.0),2RVIC,4,3,A,2033,762571,,,
ABS:ABS_HH_PROV(1.0.0),2RVIC,4,3,A,2034,773327,,,
ABS:ABS_HH_PROV(1.0.0),2RVIC,4,3,A,2035,784240,,,
ABS:ABS_HH_PROV(1.0.0),2RVIC,4,3,A,2036,795348,,,
ABS:ABS_HH_PROV(1.0.0),2RVIC,4,3,A,2037,806543,,,
ABS:ABS_HH_PROV(1.0.0),2RVIC,4,3,A,2038,817844,,,
ABS:ABS_HH_PROV(1.0.0),2RVIC,4,3,A,2039,829293,,,
ABS:ABS_HH_PROV(1.0.0),2RVIC,4,3,A,2040,840849,,,
ABS:ABS_HH_PROV(1.0.0),2RVIC,4,3,A,2041,852652,,,
ABS:ABS_HH_PROV(1.0.0),2RVIC,4,3,A,2042,864600,,,
ABS:ABS_HH_PROV(1.0.0),2RVIC,4,3,A,2043,876588,,,
ABS:ABS_HH_PROV(1.0.0),2RVIC,4,3,A,2044,888778,,,
ABS:ABS_HH_PROV(1.0.0),2RVIC,4,3,A,2045,901135,,,
ABS:ABS_HH_PROV(1.0.0),2RVIC,4,3,A,2046,913740,,,
ABS:ABS_HH_PROV(1.0.0),5GPER,4,3,A,2021,832159,,,
ABS:ABS_HH_PROV(1.0.0),5GPER,4,3,A,2022,844886,,,
ABS:ABS_HH_PROV(1.0.0),5GPER,4,3,A,2023,863155,,,
ABS:ABS_HH_PROV(1.0.0),5GPER,4,3,A,2024,878995,,,
ABS:ABS_HH_PROV(1.0.0),5GPER,4,3,A,2025,894189,,,
ABS:ABS_HH_PROV(1.0.0),5GPER,4,3,A,2026,908576,,,
ABS:ABS_HH_PROV(1.0.0),5GPER,4,3,A,2027,922004,,,
ABS:ABS_HH_PROV(1.0.0),5GPER,4,3,A,2028,935078,,,
ABS:ABS_HH_PROV(1.0.0),5GPER,4,3,A,2029,947789,,,
ABS:ABS_HH_PROV(1.0.0),5GPER,4,3,A,2030,960221,,,
ABS:ABS_HH_PROV(1.0.0),5GPER,4,3,A,2031,972325,,,
ABS:ABS_HH_PROV(1.0.0),5GPER,4,3,A,2032,983857,,,
ABS:ABS_HH_PROV(1.0.0),5GPER,4,3,A,2033,995119,,,
ABS:ABS_HH_PROV(1.0.0),5GPER,4,3,A,2034,1005942,,,
ABS:ABS_HH_PROV(1.0.0),5GPER,4,3,A,2035,1016463,,,
ABS:ABS_HH_PROV(1.0.0),5GPER,4,3,A,2036,1026716,,,
ABS:ABS_HH_PROV(1.0.0),5GPER,4,3,A,2037,1036456,,,
ABS:ABS_HH_PROV(1.0.0),5GPER,4,3,A,2038,1045732,,,
ABS:ABS_HH_PROV(1.0.0),5GPER,4,3,A,2039,1054468,,,
ABS:ABS_HH_PROV(1.0.0),5GPER,4,3,A,2040,1062708,,,
ABS:ABS_HH_PROV(1.0.0),5GPER,4,3,A,2041,1070629,,,
ABS:ABS_HH_PROV(1.0.0),5GPER,4,3,A,2042,1077923,,,
ABS:ABS_HH_PROV(1.0.0),5GPER,4,3,A,2043,1084569,,,
ABS:ABS_HH_PROV(1.0.0),5GPER,4,3,A,2044,1090713,,,
ABS:ABS_HH_PROV(1.0.0),5GPER,4,3,A,2045,1096315,,,
ABS:ABS_HH_PROV(1.0.0),5GPER,4,3,A,2046,1101607,,,
ABS:ABS_HH_PROV(1.0.0),1GSYD,1_2,3,A,2021,1396901,,,
ABS:ABS_HH_PROV(1.0.0),1GSYD,1_2,3,A,2022,1403179,,,
ABS:ABS_HH_PROV(1.0.0),1GSYD,1_2,3,A,2023,1428915,,,
ABS:ABS_HH_PROV(1.0.0),1GSYD,1_2,3,A,2024,1450437,,,
ABS:ABS_HH_PROV(1.0.0),1GSYD,1_2,3,A,2025,1472561,,,
ABS:ABS_HH_PROV(1.0.0),1GSYD,1_2,3,A,2026,1494200,,,
ABS:ABS_HH_PROV(1.0.0),1GSYD,1_2,3,A,2027,1515382,,,
ABS:ABS_HH_PROV(1.0.0),1GSYD,1_2,3,A,2028,1535778,,,
ABS:ABS_HH_PROV(1.0.0),1GSYD,1_2,3,A,2029,1555583,,,
ABS:ABS_HH_PROV(1.0.0),1GSYD,1_2,3,A,2030,1575092,,,
ABS:ABS_HH_PROV(1.0.0),1GSYD,1_2,3,A,2031,1593460,,,
ABS:ABS_HH_PROV(1.0.0),1GSYD,1_2,3,A,2032,1610356,,,
ABS:ABS_HH_PROV(1.0.0),1GSYD,1_2,3,A,2033,1627025,,,
ABS:ABS_HH_PROV(1.0.0),1GSYD,1_2,3,A,2034,1643605,,,
ABS:ABS_HH_PROV(1.0.0),1GSYD,1_2,3,A,2035,1660221,,,
ABS:ABS_HH_PROV(1.0.0),1GSYD,1_2,3,A,2036,1676377,,,
ABS:ABS_HH_PROV(1.0.0),1GSYD,1_2,3,A,2037,1692195,,,
ABS:ABS_HH_PROV(1.0.0),1GSYD,1_2,3,A,2038,1707528,,,
ABS:ABS_HH_PROV(1.0.0),1GSYD,1_2,3,A,2039,1722478,,,
ABS:ABS_HH_PROV(1.0.0),1GSYD,1_2,3,A,2040,1737091,,,
ABS:ABS_HH_PROV(1.0.0),1GSYD,1_2,3,A,2041,1751242,,,
ABS:ABS_HH_PROV(1.0.0),1GSYD,1_2,3,A,2042,1764973,,,
ABS:ABS_HH_PROV(1.0.0),1GSYD,1_2,3,A,2043,1778027,,,
ABS:ABS_HH_PROV(1.0.0),1GSYD,1_2,3,A,2044,1790643,,,
ABS:ABS_HH_PROV(1.0.0),1GSYD,1_2,3,A,2045,1802687,,,
ABS:ABS_HH_PROV(1.0.0),1GSYD,1_2,3,A,2046,1814358,,,
ABS:ABS_HH_PROV(1.0.0),1,4,3,A,2021,3137182,,,
ABS:ABS_HH_PROV(1.0.0),1,4,3,A,2022,3156233,,,
ABS:ABS_HH_PROV(1.0.0),1,4,3,A,2023,3210164,,,
ABS:ABS_HH_PROV(1.0.0),1,4,3,A,2024,3257015,,,
ABS:ABS_HH_PROV(1.0.0),1,4,3,A,2025,3304237,,,
ABS:ABS_HH_PROV(1.0.0),1,4,3,A,2026,3350391,,,
ABS:ABS_HH_PROV(1.0.0),1,4,3,A,2027,3395300,,,
ABS:ABS_HH_PROV(1.0.0),1,4,3,A,2028,3438954,,,
ABS:ABS_HH_PROV(1.0.0),1,4,3,A,2029,3481558,,,
ABS:ABS_HH_PROV(1.0.0),1,4,3,A,2030,3523383,,,
ABS:ABS_HH_PROV(1.0.0),1,4,3,A,2031,3563643,,,
ABS:ABS_HH_PROV(1.0.0),1,4,3,A,2032,3602013,,,
ABS:ABS_HH_PROV(1.0.0),1,4,3,A,2033,3639505,,,
ABS:ABS_HH_PROV(1.0.0),1,4,3,A,2034,3676079,,,
ABS:ABS_HH_PROV(1.0.0),1,4,3,A,2035,3711977,,,
ABS:ABS_HH_PROV(1.0.0),1,4,3,A,2036,3747011,,,
ABS:ABS_HH_PROV(1.0.0),1,4,3,A,2037,3780894,,,
ABS:ABS_HH_PROV(1.0.0),1,4,3,A,2038,3813447,,,
ABS:ABS_HH_PROV(1.0.0),1,4,3,A,2039,3844947,,,
ABS:ABS_HH_PROV(1.0.0),1,4,3,A,2040,3875335,,,
ABS:ABS_HH_PROV(1.0.0),1,4,3,A,2041,3905054,,,
ABS:ABS_HH_PROV(1.0.0),1,4,3,A,2042,3933916,,,
ABS:ABS_HH_PROV(1.0.0),1,4,3,A,2043,3961179,,,
ABS:ABS_HH_PROV(1.0.0),1,4,3,A,2044,3987568,,,
ABS:ABS_HH_PROV(1.0.0),1,4,3,A,2045,4012935,,,
ABS:ABS_HH_PROV(1.0.0),1,4,3,A,2046,4037697,,,
ABS:ABS_HH_PROV(1.0.0),8,4,1,A,2021,176879,,,
ABS:ABS_HH_PROV(1.0.0),8,4,1,A,2022,175961,,,
ABS:ABS_HH_PROV(1.0.0),8,4,1,A,2023,179425,,,
ABS:ABS_HH_PROV(1.0.0),8,4,1,A,2024,182609,,,
ABS:ABS_HH_PROV(1.0.0),8,4,1,A,2025,185874,,,
ABS:ABS_HH_PROV(1.0.0),8,4,1,A,2026,189296,,,
ABS:ABS_HH_PROV(1.0.0),8,4,1,A,2027,192879,,,
ABS:ABS_HH_PROV(1.0.0),8,4,1,A,2028,196328,,,
ABS:ABS_HH_PROV(1.0.0),8,4,1,A,2029,199743,,,
ABS:ABS_HH_PROV(1.0.0),8,4,1,A,2030,203083,,,
ABS:ABS_HH_PROV(1.0.0),8,4,1,A,2031,206323,,,
ABS:ABS_HH_PROV(1.0.0),8,4,1,A,2032,209419,,,
ABS:ABS_HH_PROV(1.0.0),8,4,1,A,2033,212335,,,
ABS:ABS_HH_PROV(1.0.0),8,4,1,A,2034,215304,,,
ABS:ABS_HH_PROV(1.0.0),8,4,1,A,2035,218325,,,
ABS:ABS_HH_PROV(1.0.0),8,4,1,A,2036,221292,,,
ABS:ABS_HH_PROV(1.0.0),8,4,1,A,2037,224226,,,
ABS:ABS_HH_PROV(1.0.0),8,4,1,A,2038,227112,,,
ABS:ABS_HH_PROV(1.0.0),8,4,1,A,2039,229958,,,
ABS:ABS_HH_PROV(1.0.0),8,4,1,A,2040,232776,,,
ABS:ABS_HH_PROV(1.0.0),8,4,1,A,2041,235576,,,
ABS:ABS_HH_PROV(1.0.0),8,4,1,A,2042,238304,,,
ABS:ABS_HH_PROV(1.0.0),8,4,1,A,2043,240917,,,
ABS:ABS_HH_PROV(1.0.0),8,4,1,A,2044,243486,,,
ABS:ABS_HH_PROV(1.0.0),8,4,1,A,2045,245977,,,
ABS:ABS_HH_PROV(1.0.0),8,4,1,A,2046,248419,,,
ABS:ABS_HH_PROV(1.0.0),9,1_2,2,A,2021,1188,,,
ABS:ABS_HH_PROV(1.0.0),9,1_2,2,A,2022,1195,,,
ABS:ABS_HH_PROV(1.0.0),9,1_2,2,A,2023,1197,,,
ABS:ABS_HH_PROV(1.0.0),9,1_2,2,A,2024,1190,,,
ABS:ABS_HH_PROV(1.0.0),9,1_2,2,A,2025,1183,,,
ABS:ABS_HH_PROV(1.0.0),9,1_2,2,A,2026,1178,,,
ABS:ABS_HH_PROV(1.0.0),9,1_2,2,A,2027,1175,,,
ABS:ABS_HH_PROV(1.0.0),9,1_2,2,A,2028,1173,,,
ABS:ABS_HH_PROV(1.0.0),9,1_2,2,A,2029,1173,,,
ABS:ABS_HH_PROV(1.0.0),9,1_2,2,A,2030,1172,,,
ABS:ABS_HH_PROV(1.0.0),9,1_2,2,A,2031,1168,,,
ABS:ABS_HH_PROV(1.0.0),9,1_2,2,A,2032,1171,,,
ABS:ABS_HH_PROV(1.0.0),9,1_2,2,A,2033,1171,,,
ABS:ABS_HH_PROV(1.0.0),9,1_2,2,A,2034,1171,,,
ABS:ABS_HH_PROV(1.0.0),9,1_2,2,A,2035,1167,,,
ABS:ABS_HH_PROV(1.0.0),9,1_2,2,A,2036,1158,,,
ABS:ABS_HH_PROV(1.0.0),9,1_2,2,A,2037,1153,,,
ABS:ABS_HH_PROV(1.0.0),9,1_2,2,A,2038,1148,,,
ABS:ABS_HH_PROV(1.0.0),9,1_2,2,A,2039,1143,,,
ABS:ABS_HH_PROV(1.0.0),9,1_2,2,A,2040,1143,,,
ABS:ABS_HH_PROV(1.0.0),9,1_2,2,A,2041,1137,,,
ABS:ABS_HH_PROV(1.0.0),9,1_2,2,A,2042,1126,,,
ABS:ABS_HH_PROV(1.0.0),9,1_2,2,A,2043,1118,,,
ABS:ABS_HH_PROV(1.0.0),9,1_2,2,A,2044,1113,,,
ABS:ABS_HH_PROV(1.0.0),9,1_2,2,A,2045,1101,,,
ABS:ABS_HH_PROV(1.0.0),9,1_2,2,A,2046,1092,,,
ABS:ABS_HH_PROV(1.0.0),2,1_2,3,A,2021,1768595,,,
ABS:ABS_HH_PROV(1.0.0),2,1_2,3,A,2022,1787804,,,
ABS:ABS_HH_PROV(1.0.0),2,1_2,3,A,2023,1823814,,,
ABS:ABS_HH_PROV(1.0.0),2,1_2,3,A,2024,1855913,,,
ABS:ABS_HH_PROV(1.0.0),2,1_2,3,A,2025,1889749,,,
ABS:ABS_HH_PROV(1.0.0),2,1_2,3,A,2026,1924731,,,
ABS:ABS_HH_PROV(1.0.0),2,1_2,3,A,2027,1959435,,,
ABS:ABS_HH_PROV(1.0.0),2,1_2,3,A,2028,1993619,,,
ABS:ABS_HH_PROV(1.0.0),2,1_2,3,A,2029,2027501,,,
ABS:ABS_HH_PROV(1.0.0),2,1_2,3,A,2030,2061396,,,
ABS:ABS_HH_PROV(1.0.0),2,1_2,3,A,2031,2094387,,,
ABS:ABS_HH_PROV(1.0.0),2,1_2,3,A,2032,2125886,,,
ABS:ABS_HH_PROV(1.0.0),2,1_2,3,A,2033,2157410,,,
ABS:ABS_HH_PROV(1.0.0),2,1_2,3,A,2034,2189059,,,
ABS:ABS_HH_PROV(1.0.0),2,1_2,3,A,2035,2220951,,,
ABS:ABS_HH_PROV(1.0.0),2,1_2,3,A,2036,2252518,,,
ABS:ABS_HH_PROV(1.0.0),2,1_2,3,A,2037,2283915,,,
ABS:ABS_HH_PROV(1.0.0),2,1_2,3,A,2038,2314947,,,
ABS:ABS_HH_PROV(1.0.0),2,1_2,3,A,2039,2345610,,,
ABS:ABS_HH_PROV(1.0.0),2,1_2,3,A,2040,2375940,,,
ABS:ABS_HH_PROV(1.0.0),2,1_2,3,A,2041,2405815,,,
ABS:ABS_HH_PROV(1.0.0),2,1_2,3,A,2042,2435162,,,
ABS:ABS_HH_PROV(1.0.0),2,1_2,3,A,2043,2463675,,,
ABS:ABS_HH_PROV(1.0.0),2,1_2,3,A,2044,2491607,,,
ABS:ABS_HH_PROV(1.0.0),2,1_2,3,A,2045,2518885,,,
ABS:ABS_HH_PROV(1.0.0),2,1_2,3,A,2046,2545898,,,
ABS:ABS_HH_PROV(1.0.0),5,32,1,A,2021,36944,,,
ABS:ABS_HH_PROV(1.0.0),5,32,1,A,2022,37258,,,
ABS:ABS_HH_PROV(1.0.0),5,32,1,A,2023,37856,,,
ABS:ABS_HH_PROV(1.0.0),5,32,1,A,2024,38317,,,
ABS:ABS_HH_PROV(1.0.0),5,32,1,A,2025,38790,,,
ABS:ABS_HH_PROV(1.0.0),5,32,1,A,2026,39301,,,
ABS:ABS_HH_PROV(1.0.0),5,32,1,A,2027,39850,,,
ABS:ABS_HH_PROV(1.0.0),5,32,1,A,2028,40424,,,
ABS:ABS_HH_PROV(1.0.0),5,32,1,A,2029,40953,,,
ABS:ABS_HH_PROV(1.0.0),5,32,1,A,2030,41481,,,
ABS:ABS_HH_PROV(1.0.0),5,32,1,A,2031,42015,,,
ABS:ABS_HH_PROV(1.0.0),5,32,1,A,2032,42560,,,
ABS:ABS_HH_PROV(1.0.0),5,32,1,A,2033,43096,,,
ABS:ABS_HH_PROV(1.0.0),5,32,1,A,2034,43581,,,
ABS:ABS_HH_PROV(1.0.0),5,32,1,A,2035,44022,,,
ABS:ABS_HH_PROV(1.0.0),5,32,1,A,2036,44450,,,
ABS:ABS_HH_PROV(1.0.0),5,32,1,A,2037,44827,,,
ABS:ABS_HH_PROV(1.0.0),5,32,1,A,2038,45153,,,
ABS:ABS_HH_PROV(1.0.0),5,32,1,A,2039,45448,,,
ABS:ABS_HH_PROV(1.0.0),5,32,1,A,2040,45682,,,
ABS:ABS_HH_PROV(1.0.0),5,32,1,A,2041,45908,,,
ABS:ABS_HH_PROV(1.0.0),5,32,1,A,2042,46116,,,
ABS:ABS_HH_PROV(1.0.0),5,32,1,A,2043,46264,,,
ABS:ABS_HH_PROV(1.0.0),5,32,1,A,2044,46407,,,
ABS:ABS_HH_PROV(1.0.0),5,32,1,A,2045,46539,,,
ABS:ABS_HH_PROV(1.0.0),5,32,1,A,2046,46649,,,
ABS:ABS_HH_PROV(1.0.0),7,1_2,1,A,2021,57881,,,
ABS:ABS_HH_PROV(1.0.0),7,1_2,1,A,2022,58490,,,
ABS:ABS_HH_PROV(1.0.0),7,1_2,1,A,2023,59795,,,
ABS:ABS_HH_PROV(1.0.0),7,1_2,1,A,2024,60731,,,
ABS:ABS_HH_PROV(1.0.0),7,1_2,1,A,2025,61679,,,
ABS:ABS_HH_PROV(1.0.0),7,1_2,1,A,2026,62615,,,
ABS:ABS_HH_PROV(1.0.0),7,1_2,1,A,2027,63552,,,
ABS:ABS_HH_PROV(1.0.0),7,1_2,1,A,2028,64475,,,
ABS:ABS_HH_PROV(1.0.0),7,1_2,1,A,2029,65300,,,
ABS:ABS_HH_PROV(1.0.0),7,1_2,1,A,2030,66121,,,
ABS:ABS_HH_PROV(1.0.0),7,1_2,1,A,2031,66844,,,
ABS:ABS_HH_PROV(1.0.0),7,1_2,1,A,2032,67537,,,
ABS:ABS_HH_PROV(1.0.0),7,1_2,1,A,2033,68220,,,
ABS:ABS_HH_PROV(1.0.0),7,1_2,1,A,2034,68897,,,
ABS:ABS_HH_PROV(1.0.0),7,1_2,1,A,2035,69576,,,
ABS:ABS_HH_PROV(1.0.0),7,1_2,1,A,2036,70244,,,
ABS:ABS_HH_PROV(1.0.0),7,1_2,1,A,2037,70900,,,
ABS:ABS_HH_PROV(1.0.0),7,1_2,1,A,2038,71540,,,
ABS:ABS_HH_PROV(1.0.0),7,1_2,1,A,2039,72168,,,
ABS:ABS_HH_PROV(1.0.0),7,1_2,1,A,2040,72789,,,
ABS:ABS_HH_PROV(1.0.0),7,1_2,1,A,2041,73397,,,
ABS:ABS_HH_PROV(1.0.0),7,1_2,1,A,2042,74008,,,
ABS:ABS_HH_PROV(1.0.0),7,1_2,1,A,2043,74590,,,
ABS:ABS_HH_PROV(1.0.0),7,1_2,1,A,2044,75161,,,
ABS:ABS_HH_PROV(1.0.0),7,1_2,1,A,2045,75723,,,
ABS:ABS_HH_PROV(1.0.0),7,1_2,1,A,2046,76280,,,
ABS:ABS_HH_PROV(1.0.0),2,1_2,1,A,2021,1768595,,,
ABS:ABS_HH_PROV(1.0.0),2,1_2,1,A,2022,1791280,,,
ABS:ABS_HH_PROV(1.0.0),2,1_2,1,A,2023,1830735,,,
ABS:ABS_HH_PROV(1.0.0),2,1_2,1,A,2024,1866175,,,
ABS:ABS_HH_PROV(1.0.0),2,1_2,1,A,2025,1903273,,,
ABS:ABS_HH_PROV(1.0.0),2,1_2,1,A,2026,1941480,,,
ABS:ABS_HH_PROV(1.0.0),2,1_2,1,A,2027,1979332,,,
ABS:ABS_HH_PROV(1.0.0),2,1_2,1,A,2028,2016607,,,
ABS:ABS_HH_PROV(1.0.0),2,1_2,1,A,2029,2053503,,,
ABS:ABS_HH_PROV(1.0.0),2,1_2,1,A,2030,2090243,,,
ABS:ABS_HH_PROV(1.0.0),2,1_2,1,A,2031,2125966,,,
ABS:ABS_HH_PROV(1.0.0),2,1_2,1,A,2032,2160151,,,
ABS:ABS_HH_PROV(1.0.0),2,1_2,1,A,2033,2194223,,,
ABS:ABS_HH_PROV(1.0.0),2,1_2,1,A,2034,2228256,,,
ABS:ABS_HH_PROV(1.0.0),2,1_2,1,A,2035,2262358,,,
ABS:ABS_HH_PROV(1.0.0),2,1_2,1,A,2036,2295996,,,
ABS:ABS_HH_PROV(1.0.0),2,1_2,1,A,2037,2329327,,,
ABS:ABS_HH_PROV(1.0.0),2,1_2,1,A,2038,2362121,,,
ABS:ABS_HH_PROV(1.0.0),2,1_2,1,A,2039,2394404,,,
ABS:ABS_HH_PROV(1.0.0),2,1_2,1,A,2040,2426242,,,
ABS:ABS_HH_PROV(1.0.0),2,1_2,1,A,2041,2457603,,,
ABS:ABS_HH_PROV(1.0.0),2,1_2,1,A,2042,2488438,,,
ABS:ABS_HH_PROV(1.0.0),2,1_2,1,A,2043,2518377,,,
ABS:ABS_HH_PROV(1.0.0),2,1_2,1,A,2044,2547746,,,
ABS:ABS_HH_PROV(1.0.0),2,1_2,1,A,2045,2576516,,,
ABS:ABS_HH_PROV(1.0.0),2,1_2,1,A,2046,2604997,,,
ABS:ABS_HH_PROV(1.0.0),7,1_2,3,A,2021,57881,,,
ABS:ABS_HH_PROV(1.0.0),7,1_2,3,A,2022,58313,,,
ABS:ABS_HH_PROV(1.0.0),7,1_2,3,A,2023,59442,,,
ABS:ABS_HH_PROV(1.0.0),7,1_2,3,A,2024,60209,,,
ABS:ABS_HH_PROV(1.0.0),7,1_2,3,A,2025,60998,,,
ABS:ABS_HH_PROV(1.0.0),7,1_2,3,A,2026,61769,,,
ABS:ABS_HH_PROV(1.0.0),7,1_2,3,A,2027,62546,,,
ABS:ABS_HH_PROV(1.0.0),7,1_2,3,A,2028,63304,,,
ABS:ABS_HH_PROV(1.0.0),7,1_2,3,A,2029,63967,,,
ABS:ABS_HH_PROV(1.0.0),7,1_2,3,A,2030,64623,,,
ABS:ABS_HH_PROV(1.0.0),7,1_2,3,A,2031,65190,,,
ABS:ABS_HH_PROV(1.0.0),7,1_2,3,A,2032,65718,,,
ABS:ABS_HH_PROV(1.0.0),7,1_2,3,A,2033,66235,,,
ABS:ABS_HH_PROV(1.0.0),7,1_2,3,A,2034,66751,,,
ABS:ABS_HH_PROV(1.0.0),7,1_2,3,A,2035,67264,,,
ABS:ABS_HH_PROV(1.0.0),7,1_2,3,A,2036,67766,,,
ABS:ABS_HH_PROV(1.0.0),7,1_2,3,A,2037,68260,,,
ABS:ABS_HH_PROV(1.0.0),7,1_2,3,A,2038,68738,,,
ABS:ABS_HH_PROV(1.0.0),7,1_2,3,A,2039,69201,,,
ABS:ABS_HH_PROV(1.0.0),7,1_2,3,A,2040,69658,,,
ABS:ABS_HH_PROV(1.0.0),7,1_2,3,A,2041,70105,,,
ABS:ABS_HH_PROV(1.0.0),7,1_2,3,A,2042,70539,,,
ABS:ABS_HH_PROV(1.0.0),7,1_2,3,A,2043,70954,,,
ABS:ABS_HH_PROV(1.0.0),7,1_2,3,A,2044,71353,,,
ABS:ABS_HH_PROV(1.0.0),7,1_2,3,A,2045,71740,,,
ABS:ABS_HH_PROV(1.0.0),7,1_2,3,A,2046,72123,,,
ABS:ABS_HH_PROV(1.0.0),1,4,1,A,2021,3137182,,,
ABS:ABS_HH_PROV(1.0.0),1,4,1,A,2022,3164217,,,
ABS:ABS_HH_PROV(1.0.0),1,4,1,A,2023,3226399,,,
ABS:ABS_HH_PROV(1.0.0),1,4,1,A,2024,3281662,,,
ABS:ABS_HH_PROV(1.0.0),1,4,1,A,2025,3337508,,,
ABS:ABS_HH_PROV(1.0.0),1,4,1,A,2026,3392485,,,
ABS:ABS_HH_PROV(1.0.0),1,4,1,A,2027,3446455,,,
ABS:ABS_HH_PROV(1.0.0),1,4,1,A,2028,3499378,,,
ABS:ABS_HH_PROV(1.0.0),1,4,1,A,2029,3551346,,,
ABS:ABS_HH_PROV(1.0.0),1,4,1,A,2030,3602625,,,
ABS:ABS_HH_PROV(1.0.0),1,4,1,A,2031,3652446,,,
ABS:ABS_HH_PROV(1.0.0),1,4,1,A,2032,3700327,,,
ABS:ABS_HH_PROV(1.0.0),1,4,1,A,2033,3747496,,,
ABS:ABS_HH_PROV(1.0.0),1,4,1,A,2034,3793871,,,
ABS:ABS_HH_PROV(1.0.0),1,4,1,A,2035,3839580,,,
ABS:ABS_HH_PROV(1.0.0),1,4,1,A,2036,3884606,,,
ABS:ABS_HH_PROV(1.0.0),1,4,1,A,2037,3928636,,,
ABS:ABS_HH_PROV(1.0.0),1,4,1,A,2038,3971316,,,
ABS:ABS_HH_PROV(1.0.0),1,4,1,A,2039,4013032,,,
ABS:ABS_HH_PROV(1.0.0),1,4,1,A,2040,4053558,,,
ABS:ABS_HH_PROV(1.0.0),1,4,1,A,2041,4093573,,,
ABS:ABS_HH_PROV(1.0.0),1,4,1,A,2042,4132864,,,
ABS:ABS_HH_PROV(1.0.0),1,4,1,A,2043,4170490,,,
ABS:ABS_HH_PROV(1.0.0),1,4,1,A,2044,4207350,,,
ABS:ABS_HH_PROV(1.0.0),1,4,1,A,2045,4243146,,,
ABS:ABS_HH_PROV(1.0.0),1,4,1,A,2046,4278444,,,
ABS:ABS_HH_PROV(1.0.0),8ACTE,31,1,A,2021,46828,,,
ABS:ABS_HH_PROV(1.0.0),8ACTE,31,1,A,2022,45464,,,
ABS:ABS_HH_PROV(1.0.0),8ACTE,31,1,A,2023,46435,,,
ABS:ABS_HH_PROV(1.0.0),8ACTE,31,1,A,2024,47350,,,
ABS:ABS_HH_PROV(1.0.0),8ACTE,31,1,A,2025,48303,,,
ABS:ABS_HH_PROV(1.0.0),8ACTE,31,1,A,2026,49336,,,
ABS:ABS_HH_PROV(1.0.0),8ACTE,31,1,A,2027,50437,,,
ABS:ABS_HH_PROV(1.0.0),8ACTE,31,1,A,2028,51467,,,
ABS:ABS_HH_PROV(1.0.0),8ACTE,31,1,A,2029,52508,,,
ABS:ABS_HH_PROV(1.0.0),8ACTE,31,1,A,2030,53509,,,
ABS:ABS_HH_PROV(1.0.0),8ACTE,31,1,A,2031,54502,,,
ABS:ABS_HH_PROV(1.0.0),8ACTE,31,1,A,2032,55461,,,
ABS:ABS_HH_PROV(1.0.0),8ACTE,31,1,A,2033,56302,,,
ABS:ABS_HH_PROV(1.0.0),8ACTE,31,1,A,2034,57178,,,
ABS:ABS_HH_PROV(1.0.0),8ACTE,31,1,A,2035,58086,,,
ABS:ABS_HH_PROV(1.0.0),8ACTE,31,1,A,2036,58990,,,
ABS:ABS_HH_PROV(1.0.0),8ACTE,31,1,A,2037,59893,,,
ABS:ABS_HH_PROV(1.0.0),8ACTE,31,1,A,2038,60791,,,
ABS:ABS_HH_PROV(1.0.0),8ACTE,31,1,A,2039,61677,,,
ABS:ABS_HH_PROV(1.0.0),8ACTE,31,1,A,2040,62561,,,
ABS:ABS_HH_PROV(1.0.0),8ACTE,31,1,A,2041,63456,,,
ABS:ABS_HH_PROV(1.0.0),8ACTE,31,1,A,2042,64313,,,
ABS:ABS_HH_PROV(1.0.0),8ACTE,31,1,A,2043,65128,,,
ABS:ABS_HH_PROV(1.0.0),8ACTE,31,1,A,2044,65927,,,
ABS:ABS_HH_PROV(1.0.0),8ACTE,31,1,A,2045,66702,,,
ABS:ABS_HH_PROV(1.0.0),8ACTE,31,1,A,2046,67452,,,
ABS:ABS_HH_PROV(1.0.0),3RQLD,1_2,2,A,2021,731504,,,
ABS:ABS_HH_PROV(1.0.0),3RQLD,1_2,2,A,2022,743197,,,
ABS:ABS_HH_PROV(1.0.0),3RQLD,1_2,2,A,2023,752950,,,
ABS:ABS_HH_PROV(1.0.0),3RQLD,1_2,2,A,2024,762025,,,
ABS:ABS_HH_PROV(1.0.0),3RQLD,1_2,2,A,2025,771367,,,
ABS:ABS_HH_PROV(1.0.0),3RQLD,1_2,2,A,2026,780459,,,
ABS:ABS_HH_PROV(1.0.0),3RQLD,1_2,2,A,2027,789957,,,
ABS:ABS_HH_PROV(1.0.0),3RQLD,1_2,2,A,2028,799614,,,
ABS:ABS_HH_PROV(1.0.0),3RQLD,1_2,2,A,2029,809378,,,
ABS:ABS_HH_PROV(1.0.0),3RQLD,1_2,2,A,2030,819366,,,
ABS:ABS_HH_PROV(1.0.0),3RQLD,1_2,2,A,2031,829239,,,
ABS:ABS_HH_PROV(1.0.0),3RQLD,1_2,2,A,2032,839235,,,
ABS:ABS_HH_PROV(1.0.0),3RQLD,1_2,2,A,2033,849298,,,
ABS:ABS_HH_PROV(1.0.0),3RQLD,1_2,2,A,2034,859419,,,
ABS:ABS_HH_PROV(1.0.0),3RQLD,1_2,2,A,2035,869623,,,
ABS:ABS_HH_PROV(1.0.0),3RQLD,1_2,2,A,2036,879712,,,
ABS:ABS_HH_PROV(1.0.0),3RQLD,1_2,2,A,2037,890206,,,
ABS:ABS_HH_PROV(1.0.0),3RQLD,1_2,2,A,2038,900526,,,
ABS:ABS_HH_PROV(1.0.0),3RQLD,1_2,2,A,2039,910747,,,
ABS:ABS_HH_PROV(1.0.0),3RQLD,1_2,2,A,2040,920858,,,
ABS:ABS_HH_PROV(1.0.0),3RQLD,1_2,2,A,2041,930863,,,
ABS:ABS_HH_PROV(1.0.0),3RQLD,1_2,2,A,2042,940852,,,
ABS:ABS_HH_PROV(1.0.0),3RQLD,1_2,2,A,2043,950605,,,
ABS:ABS_HH_PROV(1.0.0),3RQLD,1_2,2,A,2044,960302,,,
ABS:ABS_HH_PROV(1.0.0),3RQLD,1_2,2,A,2045,969892,,,
ABS:ABS_HH_PROV(1.0.0),3RQLD,1_2,2,A,2046,979492,,,
ABS:ABS_HH_PROV(1.0.0),4GADE,1_2,2,A,2021,385092,,,
ABS:ABS_HH_PROV(1.0.0),4GADE,1_2,2,A,2022,389336,,,
ABS:ABS_HH_PROV(1.0.0),4GADE,1_2,2,A,2023,396425,,,
ABS:ABS_HH_PROV(1.0.0),4GADE,1_2,2,A,2024,402288,,,
ABS:ABS_HH_PROV(1.0.0),4GADE,1_2,2,A,2025,407899,,,
ABS:ABS_HH_PROV(1.0.0),4GADE,1_2,2,A,2026,413014,,,
ABS:ABS_HH_PROV(1.0.0),4GADE,1_2,2,A,2027,417740,,,
ABS:ABS_HH_PROV(1.0.0),4GADE,1_2,2,A,2028,422247,,,
ABS:ABS_HH_PROV(1.0.0),4GADE,1_2,2,A,2029,426614,,,
ABS:ABS_HH_PROV(1.0.0),4GADE,1_2,2,A,2030,430800,,,
ABS:ABS_HH_PROV(1.0.0),4GADE,1_2,2,A,2031,434700,,,
ABS:ABS_HH_PROV(1.0.0),4GADE,1_2,2,A,2032,438253,,,
ABS:ABS_HH_PROV(1.0.0),4GADE,1_2,2,A,2033,441779,,,
ABS:ABS_HH_PROV(1.0.0),4GADE,1_2,2,A,2034,445255,,,
ABS:ABS_HH_PROV(1.0.0),4GADE,1_2,2,A,2035,448713,,,
ABS:ABS_HH_PROV(1.0.0),4GADE,1_2,2,A,2036,452045,,,
ABS:ABS_HH_PROV(1.0.0),4GADE,1_2,2,A,2037,455375,,,
ABS:ABS_HH_PROV(1.0.0),4GADE,1_2,2,A,2038,458574,,,
ABS:ABS_HH_PROV(1.0.0),4GADE,1_2,2,A,2039,461661,,,
ABS:ABS_HH_PROV(1.0.0),4GADE,1_2,2,A,2040,464636,,,
ABS:ABS_HH_PROV(1.0.0),4GADE,1_2,2,A,2041,467523,,,
ABS:ABS_HH_PROV(1.0.0),4GADE,1_2,2,A,2042,470281,,,
ABS:ABS_HH_PROV(1.0.0),4GADE,1_2,2,A,2043,472879,,,
ABS:ABS_HH_PROV(1.0.0),4GADE,1_2,2,A,2044,475351,,,
ABS:ABS_HH_PROV(1.0.0),4GADE,1_2,2,A,2045,477692,,,
ABS:ABS_HH_PROV(1.0.0),4GADE,1_2,2,A,2046,480000,,,
ABS:ABS_HH_PROV(1.0.0),6GHOB,1_2,1,A,2021,68687,,,
ABS:ABS_HH_PROV(1.0.0),6GHOB,1_2,1,A,2022,69392,,,
ABS:ABS_HH_PROV(1.0.0),6GHOB,1_2,1,A,2023,70487,,,
ABS:ABS_HH_PROV(1.0.0),6GHOB,1_2,1,A,2024,71445,,,
ABS:ABS_HH_PROV(1.0.0),6GHOB,1_2,1,A,2025,72360,,,
ABS:ABS_HH_PROV(1.0.0),6GHOB,1_2,1,A,2026,73182,,,
ABS:ABS_HH_PROV(1.0.0),6GHOB,1_2,1,A,2027,73969,,,
ABS:ABS_HH_PROV(1.0.0),6GHOB,1_2,1,A,2028,74694,,,
ABS:ABS_HH_PROV(1.0.0),6GHOB,1_2,1,A,2029,75365,,,
ABS:ABS_HH_PROV(1.0.0),6GHOB,1_2,1,A,2030,76029,,,
ABS:ABS_HH_PROV(1.0.0),6GHOB,1_2,1,A,2031,76615,,,
ABS:ABS_HH_PROV(1.0.0),6GHOB,1_2,1,A,2032,77070,,,
ABS:ABS_HH_PROV(1.0.0),6GHOB,1_2,1,A,2033,77523,,,
ABS:ABS_HH_PROV(1.0.0),6GHOB,1_2,1,A,2034,77966,,,
ABS:ABS_HH_PROV(1.0.0),6GHOB,1_2,1,A,2035,78392,,,
ABS:ABS_HH_PROV(1.0.0),6GHOB,1_2,1,A,2036,78806,,,
ABS:ABS_HH_PROV(1.0.0),6GHOB,1_2,1,A,2037,79160,,,
ABS:ABS_HH_PROV(1.0.0),6GHOB,1_2,1,A,2038,79491,,,
ABS:ABS_HH_PROV(1.0.0),6GHOB,1_2,1,A,2039,79809,,,
ABS:ABS_HH_PROV(1.0.0),6GHOB,1_2,1,A,2040,80114,,,
ABS:ABS_HH_PROV(1.0.0),6GHOB,1_2,1,A,2041,80411,,,
ABS:ABS_HH_PROV(1.0.0),6GHOB,1_2,1,A,2042,80681,,,
ABS:ABS_HH_PROV(1.0.0),6GHOB,1_2,1,A,2043,80935,,,
ABS:ABS_HH_PROV(1.0.0),6GHOB,1_2,1,A,2044,81166,,,
ABS:ABS_HH_PROV(1.0.0),6GHOB,1_2,1,A,2045,81392,,,
ABS:ABS_HH_PROV(1.0.0),6GHOB,1_2,1,A,2046,81614,,,
ABS:ABS_HH_PROV(1.0.0),6GHOB,32,1,A,2021,4368,,,
ABS:ABS_HH_PROV(1.0.0),6GHOB,32,1,A,2022,4359,,,
ABS:ABS_HH_PROV(1.0.0),6GHOB,32,1,A,2023,4385,,,
ABS:ABS_HH_PROV(1.0.0),6GHOB,32,1,A,2024,4394,,,
ABS:ABS_HH_PROV(1.0.0),6GHOB,32,1,A,2025,4410,,,
ABS:ABS_HH_PROV(1.0.0),6GHOB,32,1,A,2026,4427,,,
ABS:ABS_HH_PROV(1.0.0),6GHOB,32,1,A,2027,4457,,,
ABS:ABS_HH_PROV(1.0.0),6GHOB,32,1,A,2028,4487,,,
ABS:ABS_HH_PROV(1.0.0),6GHOB,32,1,A,2029,4510,,,
ABS:ABS_HH_PROV(1.0.0),6GHOB,32,1,A,2030,4533,,,
ABS:ABS_HH_PROV(1.0.0),6GHOB,32,1,A,2031,4555,,,
ABS:ABS_HH_PROV(1.0.0),6GHOB,32,1,A,2032,4574,,,
ABS:ABS_HH_PROV(1.0.0),6GHOB,32,1,A,2033,4595,,,
ABS:ABS_HH_PROV(1.0.0),6GHOB,32,1,A,2034,4612,,,
ABS:ABS_HH_PROV(1.0.0),6GHOB,32,1,A,2035,4623,,,
ABS:ABS_HH_PROV(1.0.0),6GHOB,32,1,A,2036,4638,,,
ABS:ABS_HH_PROV(1.0.0),6GHOB,32,1,A,2037,4647,,,
ABS:ABS_HH_PROV(1.0.0),6GHOB,32,1,A,2038,4651,,,
ABS:ABS_HH_PROV(1.0.0),6GHOB,32,1,A,2039,4653,,,
ABS:ABS_HH_PROV(1.0.0),6GHOB,32,1,A,2040,4651,,,
ABS:ABS_HH_PROV(1.0.0),6GHOB,32,1,A,2041,4649,,,
ABS:ABS_HH_PROV(1.0.0),6GHOB,32,1,A,2042,4650,,,
ABS:ABS_HH_PROV(1.0.0),6GHOB,32,1,A,2043,4647,,,
ABS:ABS_HH_PROV(1.0.0),6GHOB,32,1,A,2044,4645,,,
ABS:ABS_HH_PROV(1.0.0),6GHOB,32,1,A,2045,4643,,,
ABS:ABS_HH_PROV(1.0.0),6GHOB,32,1,A,2046,4638,,,
ABS:ABS_HH_PROV(1.0.0),2RVIC,32,1,A,2021,19632,,,
ABS:ABS_HH_PROV(1.0.0),2RVIC,32,1,A,2022,19590,,,
ABS:ABS_HH_PROV(1.0.0),2RVIC,32,1,A,2023,20290,,,
ABS:ABS_HH_PROV(1.0.0),2RVIC,32,1,A,2024,20944,,,
ABS:ABS_HH_PROV(1.0.0),2RVIC,32,1,A,2025,21561,,,
ABS:ABS_HH_PROV(1.0.0),2RVIC,32,1,A,2026,22242,,,
ABS:ABS_HH_PROV(1.0.0),2RVIC,32,1,A,2027,22943,,,
ABS:ABS_HH_PROV(1.0.0),2RVIC,32,1,A,2028,23575,,,
ABS:ABS_HH_PROV(1.0.0),2RVIC,32,1,A,2029,24145,,,
ABS:ABS_HH_PROV(1.0.0),2RVIC,32,1,A,2030,24645,,,
ABS:ABS_HH_PROV(1.0.0),2RVIC,32,1,A,2031,25098,,,
ABS:ABS_HH_PROV(1.0.0),2RVIC,32,1,A,2032,25526,,,
ABS:ABS_HH_PROV(1.0.0),2RVIC,32,1,A,2033,25931,,,
ABS:ABS_HH_PROV(1.0.0),2RVIC,32,1,A,2034,26308,,,
ABS:ABS_HH_PROV(1.0.0),2RVIC,32,1,A,2035,26651,,,
ABS:ABS_HH_PROV(1.0.0),2RVIC,32,1,A,2036,26990,,,
ABS:ABS_HH_PROV(1.0.0),2RVIC,32,1,A,2037,27288,,,
ABS:ABS_HH_PROV(1.0.0),2RVIC,32,1,A,2038,27581,,,
ABS:ABS_HH_PROV(1.0.0),2RVIC,32,1,A,2039,27879,,,
ABS:ABS_HH_PROV(1.0.0),2RVIC,32,1,A,2040,28175,,,
ABS:ABS_HH_PROV(1.0.0),2RVIC,32,1,A,2041,28497,,,
ABS:ABS_HH_PROV(1.0.0),2RVIC,32,1,A,2042,28852,,,
ABS:ABS_HH_PROV(1.0.0),2RVIC,32,1,A,2043,29199,,,
ABS:ABS_HH_PROV(1.0.0),2RVIC,32,1,A,2044,29574,,,
ABS:ABS_HH_PROV(1.0.0),2RVIC,32,1,A,2045,29978,,,
ABS:ABS_HH_PROV(1.0.0),2RVIC,32,1,A,2046,30389,,,
ABS:ABS_HH_PROV(1.0.0),3GBRI,31,2,A,2021,238073,,,
ABS:ABS_HH_PROV(1.0.0),3GBRI,31,2,A,2022,243683,,,
ABS:ABS_HH_PROV(1.0.0),3GBRI,31,2,A,2023,252838,,,
ABS:ABS_HH_PROV(1.0.0),3GBRI,31,2,A,2024,261055,,,
ABS:ABS_HH_PROV(1.0.0),3GBRI,31,2,A,2025,268745,,,
ABS:ABS_HH_PROV(1.0.0),3GBRI,31,2,A,2026,275898,,,
ABS:ABS_HH_PROV(1.0.0),3GBRI,31,2,A,2027,283341,,,
ABS:ABS_HH_PROV(1.0.0),3GBRI,31,2,A,2028,290550,,,
ABS:ABS_HH_PROV(1.0.0),3GBRI,31,2,A,2029,297603,,,
ABS:ABS_HH_PROV(1.0.0),3GBRI,31,2,A,2030,304492,,,
ABS:ABS_HH_PROV(1.0.0),3GBRI,31,2,A,2031,311254,,,
ABS:ABS_HH_PROV(1.0.0),3GBRI,31,2,A,2032,318320,,,
ABS:ABS_HH_PROV(1.0.0),3GBRI,31,2,A,2033,325171,,,
ABS:ABS_HH_PROV(1.0.0),3GBRI,31,2,A,2034,331785,,,
ABS:ABS_HH_PROV(1.0.0),3GBRI,31,2,A,2035,338154,,,
ABS:ABS_HH_PROV(1.0.0),3GBRI,31,2,A,2036,344378,,,
ABS:ABS_HH_PROV(1.0.0),3GBRI,31,2,A,2037,350750,,,
ABS:ABS_HH_PROV(1.0.0),3GBRI,31,2,A,2038,356854,,,
ABS:ABS_HH_PROV(1.0.0),3GBRI,31,2,A,2039,362669,,,
ABS:ABS_HH_PROV(1.0.0),3GBRI,31,2,A,2040,368185,,,
ABS:ABS_HH_PROV(1.0.0),3GBRI,31,2,A,2041,373543,,,
ABS:ABS_HH_PROV(1.0.0),3GBRI,31,2,A,2042,378618,,,
ABS:ABS_HH_PROV(1.0.0),3GBRI,31,2,A,2043,383441,,,
ABS:ABS_HH_PROV(1.0.0),3GBRI,31,2,A,2044,388053,,,
ABS:ABS_HH_PROV(1.0.0),3GBRI,31,2,A,2045,392417,,,
ABS:ABS_HH_PROV(1.0.0),3GBRI,31,2,A,2046,396646,,,
ABS:ABS_HH_PROV(1.0.0),6RTAS,4,1,A,2021,133703,,,
ABS:ABS_HH_PROV(1.0.0),6RTAS,4,1,A,2022,135143,,,
ABS:ABS_HH_PROV(1.0.0),6RTAS,4,1,A,2023,136321,,,
ABS:ABS_HH_PROV(1.0.0),6RTAS,4,1,A,2024,137311,,,
ABS:ABS_HH_PROV(1.0.0),6RTAS,4,1,A,2025,138302,,,
ABS:ABS_HH_PROV(1.0.0),6RTAS,4,1,A,2026,139291,,,
ABS:ABS_HH_PROV(1.0.0),6RTAS,4,1,A,2027,140267,,,
ABS:ABS_HH_PROV(1.0.0),6RTAS,4,1,A,2028,141137,,,
ABS:ABS_HH_PROV(1.0.0),6RTAS,4,1,A,2029,141947,,,
ABS:ABS_HH_PROV(1.0.0),6RTAS,4,1,A,2030,142672,,,
ABS:ABS_HH_PROV(1.0.0),6RTAS,4,1,A,2031,143309,,,
ABS:ABS_HH_PROV(1.0.0),6RTAS,4,1,A,2032,143834,,,
ABS:ABS_HH_PROV(1.0.0),6RTAS,4,1,A,2033,144306,,,
ABS:ABS_HH_PROV(1.0.0),6RTAS,4,1,A,2034,144748,,,
ABS:ABS_HH_PROV(1.0.0),6RTAS,4,1,A,2035,145110,,,
ABS:ABS_HH_PROV(1.0.0),6RTAS,4,1,A,2036,145425,,,
ABS:ABS_HH_PROV(1.0.0),6RTAS,4,1,A,2037,145692,,,
ABS:ABS_HH_PROV(1.0.0),6RTAS,4,1,A,2038,145907,,,
ABS:ABS_HH_PROV(1.0.0),6RTAS,4,1,A,2039,146072,,,
ABS:ABS_HH_PROV(1.0.0),6RTAS,4,1,A,2040,146174,,,
ABS:ABS_HH_PROV(1.0.0),6RTAS,4,1,A,2041,146246,,,
ABS:ABS_HH_PROV(1.0.0),6RTAS,4,1,A,2042,146273,,,
ABS:ABS_HH_PROV(1.0.0),6RTAS,4,1,A,2043,146234,,,
ABS:ABS_HH_PROV(1.0.0),6RTAS,4,1,A,2044,146165,,,
ABS:ABS_HH_PROV(1.0.0),6RTAS,4,1,A,2045,146053,,,
ABS:ABS_HH_PROV(1.0.0),6RTAS,4,1,A,2046,145923,,,
ABS:ABS_HH_PROV(1.0.0),1RNSW,4,2,A,2021,1172658,,,
ABS:ABS_HH_PROV(1.0.0),1RNSW,4,2,A,2022,1182603,,,
ABS:ABS_HH_PROV(1.0.0),1RNSW,4,2,A,2023,1198944,,,
ABS:ABS_HH_PROV(1.0.0),1RNSW,4,2,A,2024,1214199,,,
ABS:ABS_HH_PROV(1.0.0),1RNSW,4,2,A,2025,1229085,,,
ABS:ABS_HH_PROV(1.0.0),1RNSW,4,2,A,2026,1243334,,,
ABS:ABS_HH_PROV(1.0.0),1RNSW,4,2,A,2027,1257977,,,
ABS:ABS_HH_PROV(1.0.0),1RNSW,4,2,A,2028,1272564,,,
ABS:ABS_HH_PROV(1.0.0),1RNSW,4,2,A,2029,1287163,,,
ABS:ABS_HH_PROV(1.0.0),1RNSW,4,2,A,2030,1301876,,,
ABS:ABS_HH_PROV(1.0.0),1RNSW,4,2,A,2031,1316509,,,
ABS:ABS_HH_PROV(1.0.0),1RNSW,4,2,A,2032,1331790,,,
ABS:ABS_HH_PROV(1.0.0),1RNSW,4,2,A,2033,1347000,,,
ABS:ABS_HH_PROV(1.0.0),1RNSW,4,2,A,2034,1362128,,,
ABS:ABS_HH_PROV(1.0.0),1RNSW,4,2,A,2035,1377247,,,
ABS:ABS_HH_PROV(1.0.0),1RNSW,4,2,A,2036,1392398,,,
ABS:ABS_HH_PROV(1.0.0),1RNSW,4,2,A,2037,1408169,,,
ABS:ABS_HH_PROV(1.0.0),1RNSW,4,2,A,2038,1423756,,,
ABS:ABS_HH_PROV(1.0.0),1RNSW,4,2,A,2039,1439306,,,
ABS:ABS_HH_PROV(1.0.0),1RNSW,4,2,A,2040,1454824,,,
ABS:ABS_HH_PROV(1.0.0),1RNSW,4,2,A,2041,1470525,,,
ABS:ABS_HH_PROV(1.0.0),1RNSW,4,2,A,2042,1486306,,,
ABS:ABS_HH_PROV(1.0.0),1RNSW,4,2,A,2043,1501758,,,
ABS:ABS_HH_PROV(1.0.0),1RNSW,4,2,A,2044,1517330,,,
ABS:ABS_HH_PROV(1.0.0),1RNSW,4,2,A,2045,1532964,,,
ABS:ABS_HH_PROV(1.0.0),1RNSW,4,2,A,2046,1548831,,,
ABS:ABS_HH_PROV(1.0.0),7RNTE,4,2,A,2021,27519,,,
ABS:ABS_HH_PROV(1.0.0),7RNTE,4,2,A,2022,27984,,,
ABS:ABS_HH_PROV(1.0.0),7RNTE,4,2,A,2023,28507,,,
ABS:ABS_HH_PROV(1.0.0),7RNTE,4,2,A,2024,28840,,,
ABS:ABS_HH_PROV(1.0.0),7RNTE,4,2,A,2025,29160,,,
ABS:ABS_HH_PROV(1.0.0),7RNTE,4,2,A,2026,29534,,,
ABS:ABS_HH_PROV(1.0.0),7RNTE,4,2,A,2027,29937,,,
ABS:ABS_HH_PROV(1.0.0),7RNTE,4,2,A,2028,30347,,,
ABS:ABS_HH_PROV(1.0.0),7RNTE,4,2,A,2029,30714,,,
ABS:ABS_HH_PROV(1.0.0),7RNTE,4,2,A,2030,31072,,,
ABS:ABS_HH_PROV(1.0.0),7RNTE,4,2,A,2031,31399,,,
ABS:ABS_HH_PROV(1.0.0),7RNTE,4,2,A,2032,31728,,,
ABS:ABS_HH_PROV(1.0.0),7RNTE,4,2,A,2033,32050,,,
ABS:ABS_HH_PROV(1.0.0),7RNTE,4,2,A,2034,32362,,,
ABS:ABS_HH_PROV(1.0.0),7RNTE,4,2,A,2035,32667,,,
ABS:ABS_HH_PROV(1.0.0),7RNTE,4,2,A,2036,32973,,,
ABS:ABS_HH_PROV(1.0.0),7RNTE,4,2,A,2037,33276,,,
ABS:ABS_HH_PROV(1.0.0),7RNTE,4,2,A,2038,33569,,,
ABS:ABS_HH_PROV(1.0.0),7RNTE,4,2,A,2039,33854,,,
ABS:ABS_HH_PROV(1.0.0),7RNTE,4,2,A,2040,34127,,,
ABS:ABS_HH_PROV(1.0.0),7RNTE,4,2,A,2041,34399,,,
ABS:ABS_HH_PROV(1.0.0),7RNTE,4,2,A,2042,34658,,,
ABS:ABS_HH_PROV(1.0.0),7RNTE,4,2,A,2043,34916,,,
ABS:ABS_HH_PROV(1.0.0),7RNTE,4,2,A,2044,35160,,,
ABS:ABS_HH_PROV(1.0.0),7RNTE,4,2,A,2045,35397,,,
ABS:ABS_HH_PROV(1.0.0),7RNTE,4,2,A,2046,35634,,,
ABS:ABS_HH_PROV(1.0.0),5RWAU,32,2,A,2021,6250,,,
ABS:ABS_HH_PROV(1.0.0),5RWAU,32,2,A,2022,6332,,,
ABS:ABS_HH_PROV(1.0.0),5RWAU,32,2,A,2023,6676,,,
ABS:ABS_HH_PROV(1.0.0),5RWAU,32,2,A,2024,6976,,,
ABS:ABS_HH_PROV(1.0.0),5RWAU,32,2,A,2025,7265,,,
ABS:ABS_HH_PROV(1.0.0),5RWAU,32,2,A,2026,7530,,,
ABS:ABS_HH_PROV(1.0.0),5RWAU,32,2,A,2027,7740,,,
ABS:ABS_HH_PROV(1.0.0),5RWAU,32,2,A,2028,7931,,,
ABS:ABS_HH_PROV(1.0.0),5RWAU,32,2,A,2029,8102,,,
ABS:ABS_HH_PROV(1.0.0),5RWAU,32,2,A,2030,8264,,,
ABS:ABS_HH_PROV(1.0.0),5RWAU,32,2,A,2031,8409,,,
ABS:ABS_HH_PROV(1.0.0),5RWAU,32,2,A,2032,8528,,,
ABS:ABS_HH_PROV(1.0.0),5RWAU,32,2,A,2033,8640,,,
ABS:ABS_HH_PROV(1.0.0),5RWAU,32,2,A,2034,8748,,,
ABS:ABS_HH_PROV(1.0.0),5RWAU,32,2,A,2035,8847,,,
ABS:ABS_HH_PROV(1.0.0),5RWAU,32,2,A,2036,8939,,,
ABS:ABS_HH_PROV(1.0.0),5RWAU,32,2,A,2037,8998,,,
ABS:ABS_HH_PROV(1.0.0),5RWAU,32,2,A,2038,9059,,,
ABS:ABS_HH_PROV(1.0.0),5RWAU,32,2,A,2039,9121,,,
ABS:ABS_HH_PROV(1.0.0),5RWAU,32,2,A,2040,9182,,,
ABS:ABS_HH_PROV(1.0.0),5RWAU,32,2,A,2041,9250,,,
ABS:ABS_HH_PROV(1.0.0),5RWAU,32,2,A,2042,9325,,,
ABS:ABS_HH_PROV(1.0.0),5RWAU,32,2,A,2043,9402,,,
ABS:ABS_HH_PROV(1.0.0),5RWAU,32,2,A,2044,9487,,,
ABS:ABS_HH_PROV(1.0.0),5RWAU,32,2,A,2045,9579,,,
ABS:ABS_HH_PROV(1.0.0),5RWAU,32,2,A,2046,9676,,,
ABS:ABS_HH_PROV(1.0.0),9OTER,32,3,A,2021,28,,,
ABS:ABS_HH_PROV(1.0.0),9OTER,32,3,A,2022,28,,,
ABS:ABS_HH_PROV(1.0.0),9OTER,32,3,A,2023,28,,,
ABS:ABS_HH_PROV(1.0.0),9OTER,32,3,A,2024,28,,,
ABS:ABS_HH_PROV(1.0.0),9OTER,32,3,A,2025,29,,,
ABS:ABS_HH_PROV(1.0.0),9OTER,32,3,A,2026,30,,,
ABS:ABS_HH_PROV(1.0.0),9OTER,32,3,A,2027,30,,,
ABS:ABS_HH_PROV(1.0.0),9OTER,32,3,A,2028,30,,,
ABS:ABS_HH_PROV(1.0.0),9OTER,32,3,A,2029,31,,,
ABS:ABS_HH_PROV(1.0.0),9OTER,32,3,A,2030,31,,,
ABS:ABS_HH_PROV(1.0.0),9OTER,32,3,A,2031,32,,,
ABS:ABS_HH_PROV(1.0.0),9OTER,32,3,A,2032,32,,,
ABS:ABS_HH_PROV(1.0.0),9OTER,32,3,A,2033,34,,,
ABS:ABS_HH_PROV(1.0.0),9OTER,32,3,A,2034,34,,,
ABS:ABS_HH_PROV(1.0.0),9OTER,32,3,A,2035,35,,,
ABS:ABS_HH_PROV(1.0.0),9OTER,32,3,A,2036,36,,,
ABS:ABS_HH_PROV(1.0.0),9OTER,32,3,A,2037,36,,,
ABS:ABS_HH_PROV(1.0.0),9OTER,32,3,A,2038,35,,,
ABS:ABS_HH_PROV(1.0.0),9OTER,32,3,A,2039,36,,,
ABS:ABS_HH_PROV(1.0.0),9OTER,32,3,A,2040,36,,,
ABS:ABS_HH_PROV(1.0.0),9OTER,32,3,A,2041,36,,,
ABS:ABS_HH_PROV(1.0.0),9OTER,32,3,A,2042,35,,,
ABS:ABS_HH_PROV(1.0.0),9OTER,32,3,A,2043,36,,,
ABS:ABS_HH_PROV(1.0.0),9OTER,32,3,A,2044,37,,,
ABS:ABS_HH_PROV(1.0.0),9OTER,32,3,A,2045,38,,,
ABS:ABS_HH_PROV(1.0.0),9OTER,32,3,A,2046,38,,,
ABS:ABS_HH_PROV(1.0.0),9OTER,31,3,A,2021,582,,,
ABS:ABS_HH_PROV(1.0.0),9OTER,31,3,A,2022,570,,,
ABS:ABS_HH_PROV(1.0.0),9OTER,31,3,A,2023,578,,,
ABS:ABS_HH_PROV(1.0.0),9OTER,31,3,A,2024,589,,,
ABS:ABS_HH_PROV(1.0.0),9OTER,31,3,A,2025,598,,,
ABS:ABS_HH_PROV(1.0.0),9OTER,31,3,A,2026,615,,,
ABS:ABS_HH_PROV(1.0.0),9OTER,31,3,A,2027,627,,,
ABS:ABS_HH_PROV(1.0.0),9OTER,31,3,A,2028,637,,,
ABS:ABS_HH_PROV(1.0.0),9OTER,31,3,A,2029,649,,,
ABS:ABS_HH_PROV(1.0.0),9OTER,31,3,A,2030,662,,,
ABS:ABS_HH_PROV(1.0.0),9OTER,31,3,A,2031,675,,,
ABS:ABS_HH_PROV(1.0.0),9OTER,31,3,A,2032,686,,,
ABS:ABS_HH_PROV(1.0.0),9OTER,31,3,A,2033,702,,,
ABS:ABS_HH_PROV(1.0.0),9OTER,31,3,A,2034,718,,,
ABS:ABS_HH_PROV(1.0.0),9OTER,31,3,A,2035,723,,,
ABS:ABS_HH_PROV(1.0.0),9OTER,31,3,A,2036,726,,,
ABS:ABS_HH_PROV(1.0.0),9OTER,31,3,A,2037,733,,,
ABS:ABS_HH_PROV(1.0.0),9OTER,31,3,A,2038,740,,,
ABS:ABS_HH_PROV(1.0.0),9OTER,31,3,A,2039,746,,,
ABS:ABS_HH_PROV(1.0.0),9OTER,31,3,A,2040,748,,,
ABS:ABS_HH_PROV(1.0.0),9OTER,31,3,A,2041,747,,,
ABS:ABS_HH_PROV(1.0.0),9OTER,31,3,A,2042,747,,,
ABS:ABS_HH_PROV(1.0.0),9OTER,31,3,A,2043,758,,,
ABS:ABS_HH_PROV(1.0.0),9OTER,31,3,A,2044,759,,,
ABS:ABS_HH_PROV(1.0.0),9OTER,31,3,A,2045,763,,,
ABS:ABS_HH_PROV(1.0.0),9OTER,31,3,A,2046,766,,,
ABS:ABS_HH_PROV(1.0.0),4GADE,32,3,A,2021,21463,,,
ABS:ABS_HH_PROV(1.0.0),4GADE,32,3,A,2022,21890,,,
ABS:ABS_HH_PROV(1.0.0),4GADE,32,3,A,2023,22518,,,
ABS:ABS_HH_PROV(1.0.0),4GADE,32,3,A,2024,23033,,,
ABS:ABS_HH_PROV(1.0.0),4GADE,32,3,A,2025,23501,,,
ABS:ABS_HH_PROV(1.0.0),4GADE,32,3,A,2026,23959,,,
ABS:ABS_HH_PROV(1.0.0),4GADE,32,3,A,2027,24419,,,
ABS:ABS_HH_PROV(1.0.0),4GADE,32,3,A,2028,24880,,,
ABS:ABS_HH_PROV(1.0.0),4GADE,32,3,A,2029,25316,,,
ABS:ABS_HH_PROV(1.0.0),4GADE,32,3,A,2030,25709,,,
ABS:ABS_HH_PROV(1.0.0),4GADE,32,3,A,2031,26088,,,
ABS:ABS_HH_PROV(1.0.0),4GADE,32,3,A,2032,26478,,,
ABS:ABS_HH_PROV(1.0.0),4GADE,32,3,A,2033,26867,,,
ABS:ABS_HH_PROV(1.0.0),4GADE,32,3,A,2034,27235,,,
ABS:ABS_HH_PROV(1.0.0),4GADE,32,3,A,2035,27572,,,
ABS:ABS_HH_PROV(1.0.0),4GADE,32,3,A,2036,27913,,,
ABS:ABS_HH_PROV(1.0.0),4GADE,32,3,A,2037,28225,,,
ABS:ABS_HH_PROV(1.0.0),4GADE,32,3,A,2038,28520,,,
ABS:ABS_HH_PROV(1.0.0),4GADE,32,3,A,2039,28802,,,
ABS:ABS_HH_PROV(1.0.0),4GADE,32,3,A,2040,29062,,,
ABS:ABS_HH_PROV(1.0.0),4GADE,32,3,A,2041,29339,,,
ABS:ABS_HH_PROV(1.0.0),4GADE,32,3,A,2042,29605,,,
ABS:ABS_HH_PROV(1.0.0),4GADE,32,3,A,2043,29857,,,
ABS:ABS_HH_PROV(1.0.0),4GADE,32,3,A,2044,30111,,,
ABS:ABS_HH_PROV(1.0.0),4GADE,32,3,A,2045,30367,,,
ABS:ABS_HH_PROV(1.0.0),4GADE,32,3,A,2046,30616,,,
ABS:ABS_HH_PROV(1.0.0),4RSAU,31,3,A,2021,55400,,,
ABS:ABS_HH_PROV(1.0.0),4RSAU,31,3,A,2022,56347,,,
ABS:ABS_HH_PROV(1.0.0),4RSAU,31,3,A,2023,57029,,,
ABS:ABS_HH_PROV(1.0.0),4RSAU,31,3,A,2024,57648,,,
ABS:ABS_HH_PROV(1.0.0),4RSAU,31,3,A,2025,58276,,,
ABS:ABS_HH_PROV(1.0.0),4RSAU,31,3,A,2026,58963,,,
ABS:ABS_HH_PROV(1.0.0),4RSAU,31,3,A,2027,59657,,,
ABS:ABS_HH_PROV(1.0.0),4RSAU,31,3,A,2028,60258,,,
ABS:ABS_HH_PROV(1.0.0),4RSAU,31,3,A,2029,60807,,,
ABS:ABS_HH_PROV(1.0.0),4RSAU,31,3,A,2030,61303,,,
ABS:ABS_HH_PROV(1.0.0),4RSAU,31,3,A,2031,61755,,,
ABS:ABS_HH_PROV(1.0.0),4RSAU,31,3,A,2032,62177,,,
ABS:ABS_HH_PROV(1.0.0),4RSAU,31,3,A,2033,62516,,,
ABS:ABS_HH_PROV(1.0.0),4RSAU,31,3,A,2034,62779,,,
ABS:ABS_HH_PROV(1.0.0),4RSAU,31,3,A,2035,62991,,,
ABS:ABS_HH_PROV(1.0.0),4RSAU,31,3,A,2036,63165,,,
ABS:ABS_HH_PROV(1.0.0),4RSAU,31,3,A,2037,63270,,,
ABS:ABS_HH_PROV(1.0.0),4RSAU,31,3,A,2038,63345,,,
ABS:ABS_HH_PROV(1.0.0),4RSAU,31,3,A,2039,63381,,,
ABS:ABS_HH_PROV(1.0.0),4RSAU,31,3,A,2040,63386,,,
ABS:ABS_HH_PROV(1.0.0),4RSAU,31,3,A,2041,63387,,,
ABS:ABS_HH_PROV(1.0.0),4RSAU,31,3,A,2042,63329,,,
ABS:ABS_HH_PROV(1.0.0),4RSAU,31,3,A,2043,63250,,,
ABS:ABS_HH_PROV(1.0.0),4RSAU,31,3,A,2044,63139,,,
ABS:ABS_HH_PROV(1.0.0),4RSAU,31,3,A,2045,63001,,,
ABS:ABS_HH_PROV(1.0.0),4RSAU,31,3,A,2046,62835,,,
ABS:ABS_HH_PROV(1.0.0),5,31,2,A,2021,270765,,,
ABS:ABS_HH_PROV(1.0.0),5,31,2,A,2022,275058,,,
ABS:ABS_HH_PROV(1.0.0),5,31,2,A,2023,280247,,,
ABS:ABS_HH_PROV(1.0.0),5,31,2,A,2024,284907,,,
ABS:ABS_HH_PROV(1.0.0),5,31,2,A,2025,289414,,,
ABS:ABS_HH_PROV(1.0.0),5,31,2,A,2026,293845,,,
ABS:ABS_HH_PROV(1.0.0),5,31,2,A,2027,299170,,,
ABS:ABS_HH_PROV(1.0.0),5,31,2,A,2028,304305,,,
ABS:ABS_HH_PROV(1.0.0),5,31,2,A,2029,309359,,,
ABS:ABS_HH_PROV(1.0.0),5,31,2,A,2030,314297,,,
ABS:ABS_HH_PROV(1.0.0),5,31,2,A,2031,319238,,,
ABS:ABS_HH_PROV(1.0.0),5,31,2,A,2032,324729,,,
ABS:ABS_HH_PROV(1.0.0),5,31,2,A,2033,330033,,,
ABS:ABS_HH_PROV(1.0.0),5,31,2,A,2034,335150,,,
ABS:ABS_HH_PROV(1.0.0),5,31,2,A,2035,340112,,,
ABS:ABS_HH_PROV(1.0.0),5,31,2,A,2036,345061,,,
ABS:ABS_HH_PROV(1.0.0),5,31,2,A,2037,350381,,,
ABS:ABS_HH_PROV(1.0.0),5,31,2,A,2038,355529,,,
ABS:ABS_HH_PROV(1.0.0),5,31,2,A,2039,360531,,,
ABS:ABS_HH_PROV(1.0.0),5,31,2,A,2040,365374,,,
ABS:ABS_HH_PROV(1.0.0),5,31,2,A,2041,370210,,,
ABS:ABS_HH_PROV(1.0.0),5,31,2,A,2042,374791,,,
ABS:ABS_HH_PROV(1.0.0),5,31,2,A,2043,379177,,,
ABS:ABS_HH_PROV(1.0.0),5,31,2,A,2044,383460,,,
ABS:ABS_HH_PROV(1.0.0),5,31,2,A,2045,387591,,,
ABS:ABS_HH_PROV(1.0.0),5,31,2,A,2046,391648,,,
ABS:ABS_HH_PROV(1.0.0),7,32,2,A,2021,4282,,,
ABS:ABS_HH_PROV(1.0.0),7,32,2,A,2022,4343,,,
ABS:ABS_HH_PROV(1.0.0),7,32,2,A,2023,4417,,,
ABS:ABS_HH_PROV(1.0.0),7,32,2,A,2024,4459,,,
ABS:ABS_HH_PROV(1.0.0),7,32,2,A,2025,4504,,,
ABS:ABS_HH_PROV(1.0.0),7,32,2,A,2026,4560,,,
ABS:ABS_HH_PROV(1.0.0),7,32,2,A,2027,4616,,,
ABS:ABS_HH_PROV(1.0.0),7,32,2,A,2028,4679,,,
ABS:ABS_HH_PROV(1.0.0),7,32,2,A,2029,4735,,,
ABS:ABS_HH_PROV(1.0.0),7,32,2,A,2030,4793,,,
ABS:ABS_HH_PROV(1.0.0),7,32,2,A,2031,4848,,,
ABS:ABS_HH_PROV(1.0.0),7,32,2,A,2032,4904,,,
ABS:ABS_HH_PROV(1.0.0),7,32,2,A,2033,4962,,,
ABS:ABS_HH_PROV(1.0.0),7,32,2,A,2034,5017,,,
ABS:ABS_HH_PROV(1.0.0),7,32,2,A,2035,5071,,,
ABS:ABS_HH_PROV(1.0.0),7,32,2,A,2036,5122,,,
ABS:ABS_HH_PROV(1.0.0),7,32,2,A,2037,5167,,,
ABS:ABS_HH_PROV(1.0.0),7,32,2,A,2038,5208,,,
ABS:ABS_HH_PROV(1.0.0),7,32,2,A,2039,5247,,,
ABS:ABS_HH_PROV(1.0.0),7,32,2,A,2040,5281,,,
ABS:ABS_HH_PROV(1.0.0),7,32,2,A,2041,5314,,,
ABS:ABS_HH_PROV(1.0.0),7,32,2,A,2042,5346,,,
ABS:ABS_HH_PROV(1.0.0),7,32,2,A,2043,5374,,,
ABS:ABS_HH_PROV(1.0.0),7,32,2,A,2044,5403,,,
ABS:ABS_HH_PROV(1.0.0),7,32,2,A,2045,5430,,,
ABS:ABS_HH_PROV(1.0.0),7,32,2,A,2046,5456,,,
ABS:ABS_HH_PROV(1.0.0),1,31,3,A,2021,834620,,,
ABS:ABS_HH_PROV(1.0.0),1,31,3,A,2022,839871,,,
ABS:ABS_HH_PROV(1.0.0),1,31,3,A,2023,853881,,,
ABS:ABS_HH_PROV(1.0.0),1,31,3,A,2024,866129,,,
ABS:ABS_HH_PROV(1.0.0),1,31,3,A,2025,878047,,,
ABS:ABS_HH_PROV(1.0.0),1,31,3,A,2026,889732,,,
ABS:ABS_HH_PROV(1.0.0),1,31,3,A,2027,901184,,,
ABS:ABS_HH_PROV(1.0.0),1,31,3,A,2028,911899,,,
ABS:ABS_HH_PROV(1.0.0),1,31,3,A,2029,922070,,,
ABS:ABS_HH_PROV(1.0.0),1,31,3,A,2030,931582,,,
ABS:ABS_HH_PROV(1.0.0),1,31,3,A,2031,940737,,,
ABS:ABS_HH_PROV(1.0.0),1,31,3,A,2032,949547,,,
ABS:ABS_HH_PROV(1.0.0),1,31,3,A,2033,957602,,,
ABS:ABS_HH_PROV(1.0.0),1,31,3,A,2034,964879,,,
ABS:ABS_HH_PROV(1.0.0),1,31,3,A,2035,971498,,,
ABS:ABS_HH_PROV(1.0.0),1,31,3,A,2036,977797,,,
ABS:ABS_HH_PROV(1.0.0),1,31,3,A,2037,983419,,,
ABS:ABS_HH_PROV(1.0.0),1,31,3,A,2038,988472,,,
ABS:ABS_HH_PROV(1.0.0),1,31,3,A,2039,992928,,,
ABS:ABS_HH_PROV(1.0.0),1,31,3,A,2040,996843,,,
ABS:ABS_HH_PROV(1.0.0),1,31,3,A,2041,1000514,,,
ABS:ABS_HH_PROV(1.0.0),1,31,3,A,2042,1003761,,,
ABS:ABS_HH_PROV(1.0.0),1,31,3,A,2043,1006554,,,
ABS:ABS_HH_PROV(1.0.0),1,31,3,A,2044,1008981,,,
ABS:ABS_HH_PROV(1.0.0),1,31,3,A,2045,1011117,,,
ABS:ABS_HH_PROV(1.0.0),1,31,3,A,2046,1013021,,,
ABS:ABS_HH_PROV(1.0.0),8,31,1,A,2021,46828,,,
ABS:ABS_HH_PROV(1.0.0),8,31,1,A,2022,45464,,,
ABS:ABS_HH_PROV(1.0.0),8,31,1,A,2023,46435,,,
ABS:ABS_HH_PROV(1.0.0),8,31,1,A,2024,47350,,,
ABS:ABS_HH_PROV(1.0.0),8,31,1,A,2025,48303,,,
ABS:ABS_HH_PROV(1.0.0),8,31,1,A,2026,49336,,,
ABS:ABS_HH_PROV(1.0.0),8,31,1,A,2027,50437,,,
ABS:ABS_HH_PROV(1.0.0),8,31,1,A,2028,51467,,,
ABS:ABS_HH_PROV(1.0.0),8,31,1,A,2029,52508,,,
ABS:ABS_HH_PROV(1.0.0),8,31,1,A,2030,53509,,,
ABS:ABS_HH_PROV(1.0.0),8,31,1,A,2031,54502,,,
ABS:ABS_HH_PROV(1.0.0),8,31,1,A,2032,55461,,,
ABS:ABS_HH_PROV(1.0.0),8,31,1,A,2033,56302,,,
ABS:ABS_HH_PROV(1.0.0),8,31,1,A,2034,57178,,,
ABS:ABS_HH_PROV(1.0.0),8,31,1,A,2035,58086,,,
ABS:ABS_HH_PROV(1.0.0),8,31,1,A,2036,58990,,,
ABS:ABS_HH_PROV(1.0.0),8,31,1,A,2037,59893,,,
ABS:ABS_HH_PROV(1.0.0),8,31,1,A,2038,60791,,,
ABS:ABS_HH_PROV(1.0.0),8,31,1,A,2039,61677,,,
ABS:ABS_HH_PROV(1.0.0),8,31,1,A,2040,62561,,,
ABS:ABS_HH_PROV(1.0.0),8,31,1,A,2041,63456,,,
ABS:ABS_HH_PROV(1.0.0),8,31,1,A,2042,64313,,,
ABS:ABS_HH_PROV(1.0.0),8,31,1,A,2043,65128,,,
ABS:ABS_HH_PROV(1.0.0),8,31,1,A,2044,65927,,,
ABS:ABS_HH_PROV(1.0.0),8,31,1,A,2045,66702,,,
ABS:ABS_HH_PROV(1.0.0),8,31,1,A,2046,67452,,,
ABS:ABS_HH_PROV(1.0.0),4,1_2,2,A,2021,499199,,,
ABS:ABS_HH_PROV(1.0.0),4,1_2,2,A,2022,503779,,,
ABS:ABS_HH_PROV(1.0.0),4,1_2,2,A,2023,511181,,,
ABS:ABS_HH_PROV(1.0.0),4,1_2,2,A,2024,517126,,,
ABS:ABS_HH_PROV(1.0.0),4,1_2,2,A,2025,522840,,,
ABS:ABS_HH_PROV(1.0.0),4,1_2,2,A,2026,528121,,,
ABS:ABS_HH_PROV(1.0.0),4,1_2,2,A,2027,533145,,,
ABS:ABS_HH_PROV(1.0.0),4,1_2,2,A,2028,537914,,,
ABS:ABS_HH_PROV(1.0.0),4,1_2,2,A,2029,542479,,,
ABS:ABS_HH_PROV(1.0.0),4,1_2,2,A,2030,546782,,,
ABS:ABS_HH_PROV(1.0.0),4,1_2,2,A,2031,550741,,,
ABS:ABS_HH_PROV(1.0.0),4,1_2,2,A,2032,554336,,,
ABS:ABS_HH_PROV(1.0.0),4,1_2,2,A,2033,557876,,,
ABS:ABS_HH_PROV(1.0.0),4,1_2,2,A,2034,561338,,,
ABS:ABS_HH_PROV(1.0.0),4,1_2,2,A,2035,564701,,,
ABS:ABS_HH_PROV(1.0.0),4,1_2,2,A,2036,567903,,,
ABS:ABS_HH_PROV(1.0.0),4,1_2,2,A,2037,571124,,,
ABS:ABS_HH_PROV(1.0.0),4,1_2,2,A,2038,574147,,,
ABS:ABS_HH_PROV(1.0.0),4,1_2,2,A,2039,577008,,,
ABS:ABS_HH_PROV(1.0.0),4,1_2,2,A,2040,579692,,,
ABS:ABS_HH_PROV(1.0.0),4,1_2,2,A,2041,582249,,,
ABS:ABS_HH_PROV(1.0.0),4,1_2,2,A,2042,584638,,,
ABS:ABS_HH_PROV(1.0.0),4,1_2,2,A,2043,586820,,,
ABS:ABS_HH_PROV(1.0.0),4,1_2,2,A,2044,588849,,,
ABS:ABS_HH_PROV(1.0.0),4,1_2,2,A,2045,590707,,,
ABS:ABS_HH_PROV(1.0.0),4,1_2,2,A,2046,592520,,,
ABS:ABS_HH_PROV(1.0.0),3,1_2,2,A,2021,1416416,,,
ABS:ABS_HH_PROV(1.0.0),3,1_2,2,A,2022,1443107,,,
ABS:ABS_HH_PROV(1.0.0),3,1_2,2,A,2023,1472077,,,
ABS:ABS_HH_PROV(1.0.0),3,1_2,2,A,2024,1497415,,,
ABS:ABS_HH_PROV(1.0.0),3,1_2,2,A,2025,1521686,,,
ABS:ABS_HH_PROV(1.0.0),3,1_2,2,A,2026,1544240,,,
ABS:ABS_HH_PROV(1.0.0),3,1_2,2,A,2027,1565967,,,
ABS:ABS_HH_PROV(1.0.0),3,1_2,2,A,2028,1587282,,,
ABS:ABS_HH_PROV(1.0.0),3,1_2,2,A,2029,1608248,,,
ABS:ABS_HH_PROV(1.0.0),3,1_2,2,A,2030,1629032,,,
ABS:ABS_HH_PROV(1.0.0),3,1_2,2,A,2031,1649240,,,
ABS:ABS_HH_PROV(1.0.0),3,1_2,2,A,2032,1669008,,,
ABS:ABS_HH_PROV(1.0.0),3,1_2,2,A,2033,1688622,,,
ABS:ABS_HH_PROV(1.0.0),3,1_2,2,A,2034,1708108,,,
ABS:ABS_HH_PROV(1.0.0),3,1_2,2,A,2035,1727440,,,
ABS:ABS_HH_PROV(1.0.0),3,1_2,2,A,2036,1746324,,,
ABS:ABS_HH_PROV(1.0.0),3,1_2,2,A,2037,1765412,,,
ABS:ABS_HH_PROV(1.0.0),3,1_2,2,A,2038,1783938,,,
ABS:ABS_HH_PROV(1.0.0),3,1_2,2,A,2039,1802129,,,
ABS:ABS_HH_PROV(1.0.0),3,1_2,2,A,2040,1819806,,,
ABS:ABS_HH_PROV(1.0.0),3,1_2,2,A,2041,1837061,,,
ABS:ABS_HH_PROV(1.0.0),3,1_2,2,A,2042,1854040,,,
ABS:ABS_HH_PROV(1.0.0),3,1_2,2,A,2043,1870315,,,
ABS:ABS_HH_PROV(1.0.0),3,1_2,2,A,2044,1886221,,,
ABS:ABS_HH_PROV(1.0.0),3,1_2,2,A,2045,1901618,,,
ABS:ABS_HH_PROV(1.0.0),3,1_2,2,A,2046,1916718,,,
ABS:ABS_HH_PROV(1.0.0),6,1_2,3,A,2021,158626,,,
ABS:ABS_HH_PROV(1.0.0),6,1_2,3,A,2022,159668,,,
ABS:ABS_HH_PROV(1.0.0),6,1_2,3,A,2023,160998,,,
ABS:ABS_HH_PROV(1.0.0),6,1_2,3,A,2024,162055,,,
ABS:ABS_HH_PROV(1.0.0),6,1_2,3,A,2025,163106,,,
ABS:ABS_HH_PROV(1.0.0),6,1_2,3,A,2026,164040,,,
ABS:ABS_HH_PROV(1.0.0),6,1_2,3,A,2027,164914,,,
ABS:ABS_HH_PROV(1.0.0),6,1_2,3,A,2028,165690,,,
ABS:ABS_HH_PROV(1.0.0),6,1_2,3,A,2029,166385,,,
ABS:ABS_HH_PROV(1.0.0),6,1_2,3,A,2030,167056,,,
ABS:ABS_HH_PROV(1.0.0),6,1_2,3,A,2031,167589,,,
ABS:ABS_HH_PROV(1.0.0),6,1_2,3,A,2032,167910,,,
ABS:ABS_HH_PROV(1.0.0),6,1_2,3,A,2033,168214,,,
ABS:ABS_HH_PROV(1.0.0),6,1_2,3,A,2034,168523,,,
ABS:ABS_HH_PROV(1.0.0),6,1_2,3,A,2035,168798,,,
ABS:ABS_HH_PROV(1.0.0),6,1_2,3,A,2036,169018,,,
ABS:ABS_HH_PROV(1.0.0),6,1_2,3,A,2037,169169,,,
ABS:ABS_HH_PROV(1.0.0),6,1_2,3,A,2038,169277,,,
ABS:ABS_HH_PROV(1.0.0),6,1_2,3,A,2039,169356,,,
ABS:ABS_HH_PROV(1.0.0),6,1_2,3,A,2040,169398,,,
ABS:ABS_HH_PROV(1.0.0),6,1_2,3,A,2041,169398,,,
ABS:ABS_HH_PROV(1.0.0),6,1_2,3,A,2042,169358,,,
ABS:ABS_HH_PROV(1.0.0),6,1_2,3,A,2043,169259,,,
ABS:ABS_HH_PROV(1.0.0),6,1_2,3,A,2044,169114,,,
ABS:ABS_HH_PROV(1.0.0),6,1_2,3,A,2045,168925,,,
ABS:ABS_HH_PROV(1.0.0),6,1_2,3,A,2046,168699,,,
ABS:ABS_HH_PROV(1.0.0),3,4,1,A,2021,2027446,,,
ABS:ABS_HH_PROV(1.0.0),3,4,1,A,2022,2063028,,,
ABS:ABS_HH_PROV(1.0.0),3,4,1,A,2023,2111717,,,
ABS:ABS_HH_PROV(1.0.0),3,4,1,A,2024,2155599,,,
ABS:ABS_HH_PROV(1.0.0),3,4,1,A,2025,2197923,,,
ABS:ABS_HH_PROV(1.0.0),3,4,1,A,2026,2238183,,,
ABS:ABS_HH_PROV(1.0.0),3,4,1,A,2027,2275686,,,
ABS:ABS_HH_PROV(1.0.0),3,4,1,A,2028,2312381,,,
ABS:ABS_HH_PROV(1.0.0),3,4,1,A,2029,2348386,,,
ABS:ABS_HH_PROV(1.0.0),3,4,1,A,2030,2383720,,,
ABS:ABS_HH_PROV(1.0.0),3,4,1,A,2031,2418240,,,
ABS:ABS_HH_PROV(1.0.0),3,4,1,A,2032,2451350,,,
ABS:ABS_HH_PROV(1.0.0),3,4,1,A,2033,2483933,,,
ABS:ABS_HH_PROV(1.0.0),3,4,1,A,2034,2515893,,,
ABS:ABS_HH_PROV(1.0.0),3,4,1,A,2035,2547132,,,
ABS:ABS_HH_PROV(1.0.0),3,4,1,A,2036,2577769,,,
ABS:ABS_HH_PROV(1.0.0),3,4,1,A,2037,2607395,,,
ABS:ABS_HH_PROV(1.0.0),3,4,1,A,2038,2636052,,,
ABS:ABS_HH_PROV(1.0.0),3,4,1,A,2039,2664004,,,
ABS:ABS_HH_PROV(1.0.0),3,4,1,A,2040,2691007,,,
ABS:ABS_HH_PROV(1.0.0),3,4,1,A,2041,2717532,,,
ABS:ABS_HH_PROV(1.0.0),3,4,1,A,2042,2743689,,,
ABS:ABS_HH_PROV(1.0.0),3,4,1,A,2043,2768776,,,
ABS:ABS_HH_PROV(1.0.0),3,4,1,A,2044,2793353,,,
ABS:ABS_HH_PROV(1.0.0),3,4,1,A,2045,2817253,,,
ABS:ABS_HH_PROV(1.0.0),3,4,1,A,2046,2840770,,,
ABS:ABS_HH_PROV(1.0.0),4,4,2,A,2021,740408,,,
ABS:ABS_HH_PROV(1.0.0),4,4,2,A,2022,747732,,,
ABS:ABS_HH_PROV(1.0.0),4,4,2,A,2023,758903,,,
ABS:ABS_HH_PROV(1.0.0),4,4,2,A,2024,768052,,,
ABS:ABS_HH_PROV(1.0.0),4,4,2,A,2025,776744,,,
ABS:ABS_HH_PROV(1.0.0),4,4,2,A,2026,784889,,,
ABS:ABS_HH_PROV(1.0.0),4,4,2,A,2027,793184,,,
ABS:ABS_HH_PROV(1.0.0),4,4,2,A,2028,800984,,,
ABS:ABS_HH_PROV(1.0.0),4,4,2,A,2029,808427,,,
ABS:ABS_HH_PROV(1.0.0),4,4,2,A,2030,815406,,,
ABS:ABS_HH_PROV(1.0.0),4,4,2,A,2031,821930,,,
ABS:ABS_HH_PROV(1.0.0),4,4,2,A,2032,828323,,,
ABS:ABS_HH_PROV(1.0.0),4,4,2,A,2033,834458,,,
ABS:ABS_HH_PROV(1.0.0),4,4,2,A,2034,840348,,,
ABS:ABS_HH_PROV(1.0.0),4,4,2,A,2035,845991,,,
ABS:ABS_HH_PROV(1.0.0),4,4,2,A,2036,851408,,,
ABS:ABS_HH_PROV(1.0.0),4,4,2,A,2037,856970,,,
ABS:ABS_HH_PROV(1.0.0),4,4,2,A,2038,862205,,,
ABS:ABS_HH_PROV(1.0.0),4,4,2,A,2039,867160,,,
ABS:ABS_HH_PROV(1.0.0),4,4,2,A,2040,871813,,,
ABS:ABS_HH_PROV(1.0.0),4,4,2,A,2041,876327,,,
ABS:ABS_HH_PROV(1.0.0),4,4,2,A,2042,880517,,,
ABS:ABS_HH_PROV(1.0.0),4,4,2,A,2043,884381,,,
ABS:ABS_HH_PROV(1.0.0),4,4,2,A,2044,888030,,,
ABS:ABS_HH_PROV(1.0.0),4,4,2,A,2045,891450,,,
ABS:ABS_HH_PROV(1.0.0),4,4,2,A,2046,894757,,,
ABS:ABS_HH_PROV(1.0.0),0,32,2,A,2021,405672,,,
ABS:ABS_HH_PROV(1.0.0),0,32,2,A,2022,403494,,,
ABS:ABS_HH_PROV(1.0.0),0,32,2,A,2023,414121,,,
ABS:ABS_HH_PROV(1.0.0),0,32,2,A,2024,423261,,,
ABS:ABS_HH_PROV(1.0.0),0,32,2,A,2025,432505,,,
ABS:ABS_HH_PROV(1.0.0),0,32,2,A,2026,442274,,,
ABS:ABS_HH_PROV(1.0.0),0,32,2,A,2027,450842,,,
ABS:ABS_HH_PROV(1.0.0),0,32,2,A,2028,459489,,,
ABS:ABS_HH_PROV(1.0.0),0,32,2,A,2029,467760,,,
ABS:ABS_HH_PROV(1.0.0),0,32,2,A,2030,475506,,,
ABS:ABS_HH_PROV(1.0.0),0,32,2,A,2031,483016,,,
ABS:ABS_HH_PROV(1.0.0),0,32,2,A,2032,489832,,,
ABS:ABS_HH_PROV(1.0.0),0,32,2,A,2033,496612,,,
ABS:ABS_HH_PROV(1.0.0),0,32,2,A,2034,502848,,,
ABS:ABS_HH_PROV(1.0.0),0,32,2,A,2035,508492,,,
ABS:ABS_HH_PROV(1.0.0),0,32,2,A,2036,514016,,,
ABS:ABS_HH_PROV(1.0.0),0,32,2,A,2037,518050,,,
ABS:ABS_HH_PROV(1.0.0),0,32,2,A,2038,521675,,,
ABS:ABS_HH_PROV(1.0.0),0,32,2,A,2039,525068,,,
ABS:ABS_HH_PROV(1.0.0),0,32,2,A,2040,527921,,,
ABS:ABS_HH_PROV(1.0.0),0,32,2,A,2041,530882,,,
ABS:ABS_HH_PROV(1.0.0),0,32,2,A,2042,533913,,,
ABS:ABS_HH_PROV(1.0.0),0,32,2,A,2043,536390,,,
ABS:ABS_HH_PROV(1.0.0),0,32,2,A,2044,538915,,,
ABS:ABS_HH_PROV(1.0.0),0,32,2,A,2045,541395,,,
ABS:ABS_HH_PROV(1.0.0),0,32,2,A,2046,543688,,,
ABS:ABS_HH_PROV(1.0.0),9OTER,31,1,A,2021,582,,,
ABS:ABS_HH_PROV(1.0.0),9OTER,31,1,A,2022,576,,,
ABS:ABS_HH_PROV(1.0.0),9OTER,31,1,A,2023,581,,,
ABS:ABS_HH_PROV(1.0.0),9OTER,31,1,A,2024,589,,,
ABS:ABS_HH_PROV(1.0.0),9OTER,31,1,A,2025,597,,,
ABS:ABS_HH_PROV(1.0.0),9OTER,31,1,A,2026,608,,,
ABS:ABS_HH_PROV(1.0.0),9OTER,31,1,A,2027,612,,,
ABS:ABS_HH_PROV(1.0.0),9OTER,31,1,A,2028,619,,,
ABS:ABS_HH_PROV(1.0.0),9OTER,31,1,A,2029,623,,,
ABS:ABS_HH_PROV(1.0.0),9OTER,31,1,A,2030,630,,,
ABS:ABS_HH_PROV(1.0.0),9OTER,31,1,A,2031,635,,,
ABS:ABS_HH_PROV(1.0.0),9OTER,31,1,A,2032,642,,,
ABS:ABS_HH_PROV(1.0.0),9OTER,31,1,A,2033,650,,,
ABS:ABS_HH_PROV(1.0.0),9OTER,31,1,A,2034,656,,,
ABS:ABS_HH_PROV(1.0.0),9OTER,31,1,A,2035,660,,,
ABS:ABS_HH_PROV(1.0.0),9OTER,31,1,A,2036,654,,,
ABS:ABS_HH_PROV(1.0.0),9OTER,31,1,A,2037,655,,,
ABS:ABS_HH_PROV(1.0.0),9OTER,31,1,A,2038,653,,,
ABS:ABS_HH_PROV(1.0.0),9OTER,31,1,A,2039,652,,,
ABS:ABS_HH_PROV(1.0.0),9OTER,31,1,A,2040,654,,,
ABS:ABS_HH_PROV(1.0.0),9OTER,31,1,A,2041,652,,,
ABS:ABS_HH_PROV(1.0.0),9OTER,31,1,A,2042,648,,,
ABS:ABS_HH_PROV(1.0.0),9OTER,31,1,A,2043,644,,,
ABS:ABS_HH_PROV(1.0.0),9OTER,31,1,A,2044,639,,,
ABS:ABS_HH_PROV(1.0.0),9OTER,31,1,A,2045,635,,,
ABS:ABS_HH_PROV(1.0.0),9OTER,31,1,A,2046,630,,,
ABS:ABS_HH_PROV(1.0.0),3RQLD,32,2,A,2021,42908,,,
ABS:ABS_HH_PROV(1.0.0),3RQLD,32,2,A,2022,43597,,,
ABS:ABS_HH_PROV(1.0.0),3RQLD,32,2,A,2023,45645,,,
ABS:ABS_HH_PROV(1.0.0),3RQLD,32,2,A,2024,47514,,,
ABS:ABS_HH_PROV(1.0.0),3RQLD,32,2,A,2025,49212,,,
ABS:ABS_HH_PROV(1.0.0),3RQLD,32,2,A,2026,50759,,,
ABS:ABS_HH_PROV(1.0.0),3RQLD,32,2,A,2027,52002,,,
ABS:ABS_HH_PROV(1.0.0),3RQLD,32,2,A,2028,53133,,,
ABS:ABS_HH_PROV(1.0.0),3RQLD,32,2,A,2029,54139,,,
ABS:ABS_HH_PROV(1.0.0),3RQLD,32,2,A,2030,54994,,,
ABS:ABS_HH_PROV(1.0.0),3RQLD,32,2,A,2031,55778,,,
ABS:ABS_HH_PROV(1.0.0),3RQLD,32,2,A,2032,56439,,,
ABS:ABS_HH_PROV(1.0.0),3RQLD,32,2,A,2033,57051,,,
ABS:ABS_HH_PROV(1.0.0),3RQLD,32,2,A,2034,57579,,,
ABS:ABS_HH_PROV(1.0.0),3RQLD,32,2,A,2035,58017,,,
ABS:ABS_HH_PROV(1.0.0),3RQLD,32,2,A,2036,58427,,,
ABS:ABS_HH_PROV(1.0.0),3RQLD,32,2,A,2037,58714,,,
ABS:ABS_HH_PROV(1.0.0),3RQLD,32,2,A,2038,58982,,,
ABS:ABS_HH_PROV(1.0.0),3RQLD,32,2,A,2039,59243,,,
ABS:ABS_HH_PROV(1.0.0),3RQLD,32,2,A,2040,59489,,,
ABS:ABS_HH_PROV(1.0.0),3RQLD,32,2,A,2041,59752,,,
ABS:ABS_HH_PROV(1.0.0),3RQLD,32,2,A,2042,60087,,,
ABS:ABS_HH_PROV(1.0.0),3RQLD,32,2,A,2043,60405,,,
ABS:ABS_HH_PROV(1.0.0),3RQLD,32,2,A,2044,60771,,,
ABS:ABS_HH_PROV(1.0.0),3RQLD,32,2,A,2045,61180,,,
ABS:ABS_HH_PROV(1.0.0),3RQLD,32,2,A,2046,61603,,,
ABS:ABS_HH_PROV(1.0.0),5RWAU,31,1,A,2021,64719,,,
ABS:ABS_HH_PROV(1.0.0),5RWAU,31,1,A,2022,65991,,,
ABS:ABS_HH_PROV(1.0.0),5RWAU,31,1,A,2023,65628,,,
ABS:ABS_HH_PROV(1.0.0),5RWAU,31,1,A,2024,65268,,,
ABS:ABS_HH_PROV(1.0.0),5RWAU,31,1,A,2025,65031,,,
ABS:ABS_HH_PROV(1.0.0),5RWAU,31,1,A,2026,64928,,,
ABS:ABS_HH_PROV(1.0.0),5RWAU,31,1,A,2027,64905,,,
ABS:ABS_HH_PROV(1.0.0),5RWAU,31,1,A,2028,64895,,,
ABS:ABS_HH_PROV(1.0.0),5RWAU,31,1,A,2029,64935,,,
ABS:ABS_HH_PROV(1.0.0),5RWAU,31,1,A,2030,65018,,,
ABS:ABS_HH_PROV(1.0.0),5RWAU,31,1,A,2031,65171,,,
ABS:ABS_HH_PROV(1.0.0),5RWAU,31,1,A,2032,65376,,,
ABS:ABS_HH_PROV(1.0.0),5RWAU,31,1,A,2033,65626,,,
ABS:ABS_HH_PROV(1.0.0),5RWAU,31,1,A,2034,65930,,,
ABS:ABS_HH_PROV(1.0.0),5RWAU,31,1,A,2035,66273,,,
ABS:ABS_HH_PROV(1.0.0),5RWAU,31,1,A,2036,66696,,,
ABS:ABS_HH_PROV(1.0.0),5RWAU,31,1,A,2037,67131,,,
ABS:ABS_HH_PROV(1.0.0),5RWAU,31,1,A,2038,67605,,,
ABS:ABS_HH_PROV(1.0.0),5RWAU,31,1,A,2039,68128,,,
ABS:ABS_HH_PROV(1.0.0),5RWAU,31,1,A,2040,68691,,,
ABS:ABS_HH_PROV(1.0.0),5RWAU,31,1,A,2041,69322,,,
ABS:ABS_HH_PROV(1.0.0),5RWAU,31,1,A,2042,69984,,,
ABS:ABS_HH_PROV(1.0.0),5RWAU,31,1,A,2043,70680,,,
ABS:ABS_HH_PROV(1.0.0),5RWAU,31,1,A,2044,71433,,,
ABS:ABS_HH_PROV(1.0.0),5RWAU,31,1,A,2045,72244,,,
ABS:ABS_HH_PROV(1.0.0),5RWAU,31,1,A,2046,73113,,,
ABS:ABS_HH_PROV(1.0.0),3RQLD,32,1,A,2021,42908,,,
ABS:ABS_HH_PROV(1.0.0),3RQLD,32,1,A,2022,43355,,,
ABS:ABS_HH_PROV(1.0.0),3RQLD,32,1,A,2023,45155,,,
ABS:ABS_HH_PROV(1.0.0),3RQLD,32,1,A,2024,46763,,,
ABS:ABS_HH_PROV(1.0.0),3RQLD,32,1,A,2025,48185,,,
ABS:ABS_HH_PROV(1.0.0),3RQLD,32,1,A,2026,49436,,,
ABS:ABS_HH_PROV(1.0.0),3RQLD,32,1,A,2027,50516,,,
ABS:ABS_HH_PROV(1.0.0),3RQLD,32,1,A,2028,51478,,,
ABS:ABS_HH_PROV(1.0.0),3RQLD,32,1,A,2029,52306,,,
ABS:ABS_HH_PROV(1.0.0),3RQLD,32,1,A,2030,52973,,,
ABS:ABS_HH_PROV(1.0.0),3RQLD,32,1,A,2031,53557,,,
ABS:ABS_HH_PROV(1.0.0),3RQLD,32,1,A,2032,54080,,,
ABS:ABS_HH_PROV(1.0.0),3RQLD,32,1,A,2033,54552,,,
ABS:ABS_HH_PROV(1.0.0),3RQLD,32,1,A,2034,54945,,,
ABS:ABS_HH_PROV(1.0.0),3RQLD,32,1,A,2035,55255,,,
ABS:ABS_HH_PROV(1.0.0),3RQLD,32,1,A,2036,55544,,,
ABS:ABS_HH_PROV(1.0.0),3RQLD,32,1,A,2037,55799,,,
ABS:ABS_HH_PROV(1.0.0),3RQLD,32,1,A,2038,56036,,,
ABS:ABS_HH_PROV(1.0.0),3RQLD,32,1,A,2039,56274,,,
ABS:ABS_HH_PROV(1.0.0),3RQLD,32,1,A,2040,56501,,,
ABS:ABS_HH_PROV(1.0.0),3RQLD,32,1,A,2041,56745,,,
ABS:ABS_HH_PROV(1.0.0),3RQLD,32,1,A,2042,57073,,,
ABS:ABS_HH_PROV(1.0.0),3RQLD,32,1,A,2043,57385,,,
ABS:ABS_HH_PROV(1.0.0),3RQLD,32,1,A,2044,57745,,,
ABS:ABS_HH_PROV(1.0.0),3RQLD,32,1,A,2045,58149,,,
ABS:ABS_HH_PROV(1.0.0),3RQLD,32,1,A,2046,58564,,,
ABS:ABS_HH_PROV(1.0.0),6GHOB,1_2,3,A,2021,68687,,,
ABS:ABS_HH_PROV(1.0.0),6GHOB,1_2,3,A,2022,69178,,,
ABS:ABS_HH_PROV(1.0.0),6GHOB,1_2,3,A,2023,70071,,,
ABS:ABS_HH_PROV(1.0.0),6GHOB,1_2,3,A,2024,70832,,,
ABS:ABS_HH_PROV(1.0.0),6GHOB,1_2,3,A,2025,71561,,,
ABS:ABS_HH_PROV(1.0.0),6GHOB,1_2,3,A,2026,72203,,,
ABS:ABS_HH_PROV(1.0.0),6GHOB,1_2,3,A,2027,72813,,,
ABS:ABS_HH_PROV(1.0.0),6GHOB,1_2,3,A,2028,73372,,,
ABS:ABS_HH_PROV(1.0.0),6GHOB,1_2,3,A,2029,73878,,,
ABS:ABS_HH_PROV(1.0.0),6GHOB,1_2,3,A,2030,74387,,,
ABS:ABS_HH_PROV(1.0.0),6GHOB,1_2,3,A,2031,74821,,,
ABS:ABS_HH_PROV(1.0.0),6GHOB,1_2,3,A,2032,75130,,,
ABS:ABS_HH_PROV(1.0.0),6GHOB,1_2,3,A,2033,75437,,,
ABS:ABS_HH_PROV(1.0.0),6GHOB,1_2,3,A,2034,75742,,,
ABS:ABS_HH_PROV(1.0.0),6GHOB,1_2,3,A,2035,76035,,,
ABS:ABS_HH_PROV(1.0.0),6GHOB,1_2,3,A,2036,76302,,,
ABS:ABS_HH_PROV(1.0.0),6GHOB,1_2,3,A,2037,76514,,,
ABS:ABS_HH_PROV(1.0.0),6GHOB,1_2,3,A,2038,76718,,,
ABS:ABS_HH_PROV(1.0.0),6GHOB,1_2,3,A,2039,76908,,,
ABS:ABS_HH_PROV(1.0.0),6GHOB,1_2,3,A,2040,77085,,,
ABS:ABS_HH_PROV(1.0.0),6GHOB,1_2,3,A,2041,77244,,,
ABS:ABS_HH_PROV(1.0.0),6GHOB,1_2,3,A,2042,77382,,,
ABS:ABS_HH_PROV(1.0.0),6GHOB,1_2,3,A,2043,77491,,,
ABS:ABS_HH_PROV(1.0.0),6GHOB,1_2,3,A,2044,77575,,,
ABS:ABS_HH_PROV(1.0.0),6GHOB,1_2,3,A,2045,77646,,,
ABS:ABS_HH_PROV(1.0.0),6GHOB,1_2,3,A,2046,77704,,,
ABS:ABS_HH_PROV(1.0.0),6RTAS,31,3,A,2021,39946,,,
ABS:ABS_HH_PROV(1.0.0),6RTAS,31,3,A,2022,40641,,,
ABS:ABS_HH_PROV(1.0.0),6RTAS,31,3,A,2023,41145,,,
ABS:ABS_HH_PROV(1.0.0),6RTAS,31,3,A,2024,41600,,,
ABS:ABS_HH_PROV(1.0.0),6RTAS,31,3,A,2025,42029,,,
ABS:ABS_HH_PROV(1.0.0),6RTAS,31,3,A,2026,42470,,,
ABS:ABS_HH_PROV(1.0.0),6RTAS,31,3,A,2027,42911,,,
ABS:ABS_HH_PROV(1.0.0),6RTAS,31,3,A,2028,43289,,,
ABS:ABS_HH_PROV(1.0.0),6RTAS,31,3,A,2029,43633,,,
ABS:ABS_HH_PROV(1.0.0),6RTAS,31,3,A,2030,43935,,,
ABS:ABS_HH_PROV(1.0.0),6RTAS,31,3,A,2031,44201,,,
ABS:ABS_HH_PROV(1.0.0),6RTAS,31,3,A,2032,44443,,,
ABS:ABS_HH_PROV(1.0.0),6RTAS,31,3,A,2033,44643,,,
ABS:ABS_HH_PROV(1.0.0),6RTAS,31,3,A,2034,44805,,,
ABS:ABS_HH_PROV(1.0.0),6RTAS,31,3,A,2035,44926,,,
ABS:ABS_HH_PROV(1.0.0),6RTAS,31,3,A,2036,45026,,,
ABS:ABS_HH_PROV(1.0.0),6RTAS,31,3,A,2037,45087,,,
ABS:ABS_HH_PROV(1.0.0),6RTAS,31,3,A,2038,45134,,,
ABS:ABS_HH_PROV(1.0.0),6RTAS,31,3,A,2039,45158,,,
ABS:ABS_HH_PROV(1.0.0),6RTAS,31,3,A,2040,45162,,,
ABS:ABS_HH_PROV(1.0.0),6RTAS,31,3,A,2041,45161,,,
ABS:ABS_HH_PROV(1.0.0),6RTAS,31,3,A,2042,45139,,,
ABS:ABS_HH_PROV(1.0.0),6RTAS,31,3,A,2043,45098,,,
ABS:ABS_HH_PROV(1.0.0),6RTAS,31,3,A,2044,45045,,,
ABS:ABS_HH_PROV(1.0.0),6RTAS,31,3,A,2045,44988,,,
ABS:ABS_HH_PROV(1.0.0),6RTAS,31,3,A,2046,44929,,,
ABS:ABS_HH_PROV(1.0.0),6GHOB,1_2,2,A,2021,68687,,,
ABS:ABS_HH_PROV(1.0.0),6GHOB,1_2,2,A,2022,69178,,,
ABS:ABS_HH_PROV(1.0.0),6GHOB,1_2,2,A,2023,70071,,,
ABS:ABS_HH_PROV(1.0.0),6GHOB,1_2,2,A,2024,70832,,,
ABS:ABS_HH_PROV(1.0.0),6GHOB,1_2,2,A,2025,71561,,,
ABS:ABS_HH_PROV(1.0.0),6GHOB,1_2,2,A,2026,72203,,,
ABS:ABS_HH_PROV(1.0.0),6GHOB,1_2,2,A,2027,72908,,,
ABS:ABS_HH_PROV(1.0.0),6GHOB,1_2,2,A,2028,73550,,,
ABS:ABS_HH_PROV(1.0.0),6GHOB,1_2,2,A,2029,74144,,,
ABS:ABS_HH_PROV(1.0.0),6GHOB,1_2,2,A,2030,74733,,,
ABS:ABS_HH_PROV(1.0.0),6GHOB,1_2,2,A,2031,75248,,,
ABS:ABS_HH_PROV(1.0.0),6GHOB,1_2,2,A,2032,75680,,,
ABS:ABS_HH_PROV(1.0.0),6GHOB,1_2,2,A,2033,76106,,,
ABS:ABS_HH_PROV(1.0.0),6GHOB,1_2,2,A,2034,76522,,,
ABS:ABS_HH_PROV(1.0.0),6GHOB,1_2,2,A,2035,76925,,,
ABS:ABS_HH_PROV(1.0.0),6GHOB,1_2,2,A,2036,77302,,,
ABS:ABS_HH_PROV(1.0.0),6GHOB,1_2,2,A,2037,77663,,,
ABS:ABS_HH_PROV(1.0.0),6GHOB,1_2,2,A,2038,78014,,,
ABS:ABS_HH_PROV(1.0.0),6GHOB,1_2,2,A,2039,78347,,,
ABS:ABS_HH_PROV(1.0.0),6GHOB,1_2,2,A,2040,78664,,,
ABS:ABS_HH_PROV(1.0.0),6GHOB,1_2,2,A,2041,78967,,,
ABS:ABS_HH_PROV(1.0.0),6GHOB,1_2,2,A,2042,79248,,,
ABS:ABS_HH_PROV(1.0.0),6GHOB,1_2,2,A,2043,79508,,,
ABS:ABS_HH_PROV(1.0.0),6GHOB,1_2,2,A,2044,79741,,,
ABS:ABS_HH_PROV(1.0.0),6GHOB,1_2,2,A,2045,79968,,,
ABS:ABS_HH_PROV(1.0.0),6GHOB,1_2,2,A,2046,80188,,,
ABS:ABS_HH_PROV(1.0.0),6RTAS,31,2,A,2021,39946,,,
ABS:ABS_HH_PROV(1.0.0),6RTAS,31,2,A,2022,40641,,,
ABS:ABS_HH_PROV(1.0.0),6RTAS,31,2,A,2023,41145,,,
ABS:ABS_HH_PROV(1.0.0),6RTAS,31,2,A,2024,41600,,,
ABS:ABS_HH_PROV(1.0.0),6RTAS,31,2,A,2025,42029,,,
ABS:ABS_HH_PROV(1.0.0),6RTAS,31,2,A,2026,42470,,,
ABS:ABS_HH_PROV(1.0.0),6RTAS,31,2,A,2027,42919,,,
ABS:ABS_HH_PROV(1.0.0),6RTAS,31,2,A,2028,43314,,,
ABS:ABS_HH_PROV(1.0.0),6RTAS,31,2,A,2029,43684,,,
ABS:ABS_HH_PROV(1.0.0),6RTAS,31,2,A,2030,44018,,,
ABS:ABS_HH_PROV(1.0.0),6RTAS,31,2,A,2031,44325,,,
ABS:ABS_HH_PROV(1.0.0),6RTAS,31,2,A,2032,44626,,,
ABS:ABS_HH_PROV(1.0.0),6RTAS,31,2,A,2033,44891,,,
ABS:ABS_HH_PROV(1.0.0),6RTAS,31,2,A,2034,45124,,,
ABS:ABS_HH_PROV(1.0.0),6RTAS,31,2,A,2035,45327,,,
ABS:ABS_HH_PROV(1.0.0),6RTAS,31,2,A,2036,45511,,,
ABS:ABS_HH_PROV(1.0.0),6RTAS,31,2,A,2037,45686,,,
ABS:ABS_HH_PROV(1.0.0),6RTAS,31,2,A,2038,45843,,,
ABS:ABS_HH_PROV(1.0.0),6RTAS,31,2,A,2039,45984,,,
ABS:ABS_HH_PROV(1.0.0),6RTAS,31,2,A,2040,46107,,,
ABS:ABS_HH_PROV(1.0.0),6RTAS,31,2,A,2041,46227,,,
ABS:ABS_HH_PROV(1.0.0),6RTAS,31,2,A,2042,46326,,,
ABS:ABS_HH_PROV(1.0.0),6RTAS,31,2,A,2043,46395,,,
ABS:ABS_HH_PROV(1.0.0),6RTAS,31,2,A,2044,46451,,,
ABS:ABS_HH_PROV(1.0.0),6RTAS,31,2,A,2045,46496,,,
ABS:ABS_HH_PROV(1.0.0),6RTAS,31,2,A,2046,46539,,,
ABS:ABS_HH_PROV(1.0.0),7GDAR,32,2,A,2021,3101,,,
ABS:ABS_HH_PROV(1.0.0),7GDAR,32,2,A,2022,3134,,,
ABS:ABS_HH_PROV(1.0.0),7GDAR,32,2,A,2023,3184,,,
ABS:ABS_HH_PROV(1.0.0),7GDAR,32,2,A,2024,3211,,,
ABS:ABS_HH_PROV(1.0.0),7GDAR,32,2,A,2025,3241,,,
ABS:ABS_HH_PROV(1.0.0),7GDAR,32,2,A,2026,3276,,,
ABS:ABS_HH_PROV(1.0.0),7GDAR,32,2,A,2027,3315,,,
ABS:ABS_HH_PROV(1.0.0),7GDAR,32,2,A,2028,3359,,,
ABS:ABS_HH_PROV(1.0.0),7GDAR,32,2,A,2029,3399,,,
ABS:ABS_HH_PROV(1.0.0),7GDAR,32,2,A,2030,3439,,,
ABS:ABS_HH_PROV(1.0.0),7GDAR,32,2,A,2031,3476,,,
ABS:ABS_HH_PROV(1.0.0),7GDAR,32,2,A,2032,3516,,,
ABS:ABS_HH_PROV(1.0.0),7GDAR,32,2,A,2033,3559,,,
ABS:ABS_HH_PROV(1.0.0),7GDAR,32,2,A,2034,3600,,,
ABS:ABS_HH_PROV(1.0.0),7GDAR,32,2,A,2035,3639,,,
ABS:ABS_HH_PROV(1.0.0),7GDAR,32,2,A,2036,3676,,,
ABS:ABS_HH_PROV(1.0.0),7GDAR,32,2,A,2037,3710,,,
ABS:ABS_HH_PROV(1.0.0),7GDAR,32,2,A,2038,3741,,,
ABS:ABS_HH_PROV(1.0.0),7GDAR,32,2,A,2039,3771,,,
ABS:ABS_HH_PROV(1.0.0),7GDAR,32,2,A,2040,3797,,,
ABS:ABS_HH_PROV(1.0.0),7GDAR,32,2,A,2041,3823,,,
ABS:ABS_HH_PROV(1.0.0),7GDAR,32,2,A,2042,3849,,,
ABS:ABS_HH_PROV(1.0.0),7GDAR,32,2,A,2043,3870,,,
ABS:ABS_HH_PROV(1.0.0),7GDAR,32,2,A,2044,3893,,,
ABS:ABS_HH_PROV(1.0.0),7GDAR,32,2,A,2045,3913,,,
ABS:ABS_HH_PROV(1.0.0),7GDAR,32,2,A,2046,3932,,,
ABS:ABS_HH_PROV(1.0.0),9OTER,31,2,A,2021,582,,,
ABS:ABS_HH_PROV(1.0.0),9OTER,31,2,A,2022,570,,,
ABS:ABS_HH_PROV(1.0.0),9OTER,31,2,A,2023,578,,,
ABS:ABS_HH_PROV(1.0.0),9OTER,31,2,A,2024,589,,,
ABS:ABS_HH_PROV(1.0.0),9OTER,31,2,A,2025,598,,,
ABS:ABS_HH_PROV(1.0.0),9OTER,31,2,A,2026,615,,,
ABS:ABS_HH_PROV(1.0.0),9OTER,31,2,A,2027,622,,,
ABS:ABS_HH_PROV(1.0.0),9OTER,31,2,A,2028,633,,,
ABS:ABS_HH_PROV(1.0.0),9OTER,31,2,A,2029,641,,,
ABS:ABS_HH_PROV(1.0.0),9OTER,31,2,A,2030,649,,,
ABS:ABS_HH_PROV(1.0.0),9OTER,31,2,A,2031,656,,,
ABS:ABS_HH_PROV(1.0.0),9OTER,31,2,A,2032,663,,,
ABS:ABS_HH_PROV(1.0.0),9OTER,31,2,A,2033,671,,,
ABS:ABS_HH_PROV(1.0.0),9OTER,31,2,A,2034,679,,,
ABS:ABS_HH_PROV(1.0.0),9OTER,31,2,A,2035,682,,,
ABS:ABS_HH_PROV(1.0.0),9OTER,31,2,A,2036,680,,,
ABS:ABS_HH_PROV(1.0.0),9OTER,31,2,A,2037,677,,,
ABS:ABS_HH_PROV(1.0.0),9OTER,31,2,A,2038,677,,,
ABS:ABS_HH_PROV(1.0.0),9OTER,31,2,A,2039,679,,,
ABS:ABS_HH_PROV(1.0.0),9OTER,31,2,A,2040,676,,,
ABS:ABS_HH_PROV(1.0.0),9OTER,31,2,A,2041,667,,,
ABS:ABS_HH_PROV(1.0.0),9OTER,31,2,A,2042,662,,,
ABS:ABS_HH_PROV(1.0.0),9OTER,31,2,A,2043,662,,,
ABS:ABS_HH_PROV(1.0.0),9OTER,31,2,A,2044,653,,,
ABS:ABS_HH_PROV(1.0.0),9OTER,31,2,A,2045,647,,,
ABS:ABS_HH_PROV(1.0.0),9OTER,31,2,A,2046,641,,,
ABS:ABS_HH_PROV(1.0.0),9,32,2,A,2021,28,,,
ABS:ABS_HH_PROV(1.0.0),9,32,2,A,2022,28,,,
ABS:ABS_HH_PROV(1.0.0),9,32,2,A,2023,28,,,
ABS:ABS_HH_PROV(1.0.0),9,32,2,A,2024,28,,,
ABS:ABS_HH_PROV(1.0.0),9,32,2,A,2025,29,,,
ABS:ABS_HH_PROV(1.0.0),9,32,2,A,2026,30,,,
ABS:ABS_HH_PROV(1.0.0),9,32,2,A,2027,30,,,
ABS:ABS_HH_PROV(1.0.0),9,32,2,A,2028,30,,,
ABS:ABS_HH_PROV(1.0.0),9,32,2,A,2029,30,,,
ABS:ABS_HH_PROV(1.0.0),9,32,2,A,2030,30,,,
ABS:ABS_HH_PROV(1.0.0),9,32,2,A,2031,31,,,
ABS:ABS_HH_PROV(1.0.0),9,32,2,A,2032,31,,,
ABS:ABS_HH_PROV(1.0.0),9,32,2,A,2033,30,,,
ABS:ABS_HH_PROV(1.0.0),9,32,2,A,2034,31,,,
ABS:ABS_HH_PROV(1.0.0),9,32,2,A,2035,30,,,
ABS:ABS_HH_PROV(1.0.0),9,32,2,A,2036,31,,,
ABS:ABS_HH_PROV(1.0.0),9,32,2,A,2037,30,,,
ABS:ABS_HH_PROV(1.0.0),9,32,2,A,2038,30,,,
ABS:ABS_HH_PROV(1.0.0),9,32,2,A,2039,29,,,
ABS:ABS_HH_PROV(1.0.0),9,32,2,A,2040,28,,,
ABS:ABS_HH_PROV(1.0.0),9,32,2,A,2041,28,,,
ABS:ABS_HH_PROV(1.0.0),9,32,2,A,2042,27,,,
ABS:ABS_HH_PROV(1.0.0),9,32,2,A,2043,27,,,
ABS:ABS_HH_PROV(1.0.0),9,32,2,A,2044,26,,,
ABS:ABS_HH_PROV(1.0.0),9,32,2,A,2045,26,,,
ABS:ABS_HH_PROV(1.0.0),9,32,2,A,2046,26,,,
ABS:ABS_HH_PROV(1.0.0),9,32,1,A,2021,28,,,
ABS:ABS_HH_PROV(1.0.0),9,32,1,A,2022,29,,,
ABS:ABS_HH_PROV(1.0.0),9,32,1,A,2023,29,,,
ABS:ABS_HH_PROV(1.0.0),9,32,1,A,2024,29,,,
ABS:ABS_HH_PROV(1.0.0),9,32,1,A,2025,29,,,
ABS:ABS_HH_PROV(1.0.0),9,32,1,A,2026,30,,,
ABS:ABS_HH_PROV(1.0.0),9,32,1,A,2027,30,,,
ABS:ABS_HH_PROV(1.0.0),9,32,1,A,2028,30,,,
ABS:ABS_HH_PROV(1.0.0),9,32,1,A,2029,31,,,
ABS:ABS_HH_PROV(1.0.0),9,32,1,A,2030,30,,,
ABS:ABS_HH_PROV(1.0.0),9,32,1,A,2031,30,,,
ABS:ABS_HH_PROV(1.0.0),9,32,1,A,2032,29,,,
ABS:ABS_HH_PROV(1.0.0),9,32,1,A,2033,29,,,
ABS:ABS_HH_PROV(1.0.0),9,32,1,A,2034,29,,,
ABS:ABS_HH_PROV(1.0.0),9,32,1,A,2035,30,,,
ABS:ABS_HH_PROV(1.0.0),9,32,1,A,2036,31,,,
ABS:ABS_HH_PROV(1.0.0),9,32,1,A,2037,30,,,
ABS:ABS_HH_PROV(1.0.0),9,32,1,A,2038,30,,,
ABS:ABS_HH_PROV(1.0.0),9,32,1,A,2039,30,,,
ABS:ABS_HH_PROV(1.0.0),9,32,1,A,2040,29,,,
ABS:ABS_HH_PROV(1.0.0),9,32,1,A,2041,29,,,
ABS:ABS_HH_PROV(1.0.0),9,32,1,A,2042,28,,,
ABS:ABS_HH_PROV(1.0.0),9,32,1,A,2043,28,,,
ABS:ABS_HH_PROV(1.0.0),9,32,1,A,2044,27,,,
ABS:ABS_HH_PROV(1.0.0),9,32,1,A,2045,27,,,
ABS:ABS_HH_PROV(1.0.0),9,32,1,A,2046,27,,,
ABS:ABS_HH_PROV(1.0.0),4,1_2,1,A,2021,499199,,,
ABS:ABS_HH_PROV(1.0.0),4,1_2,1,A,2022,504673,,,
ABS:ABS_HH_PROV(1.0.0),4,1_2,1,A,2023,512950,,,
ABS:ABS_HH_PROV(1.0.0),4,1_2,1,A,2024,519726,,,
ABS:ABS_HH_PROV(1.0.0),4,1_2,1,A,2025,526226,,,
ABS:ABS_HH_PROV(1.0.0),4,1_2,1,A,2026,532243,,,
ABS:ABS_HH_PROV(1.0.0),4,1_2,1,A,2027,537576,,,
ABS:ABS_HH_PROV(1.0.0),4,1_2,1,A,2028,542641,,,
ABS:ABS_HH_PROV(1.0.0),4,1_2,1,A,2029,547476,,,
ABS:ABS_HH_PROV(1.0.0),4,1_2,1,A,2030,552009,,,
ABS:ABS_HH_PROV(1.0.0),4,1_2,1,A,2031,556177,,,
ABS:ABS_HH_PROV(1.0.0),4,1_2,1,A,2032,559810,,,
ABS:ABS_HH_PROV(1.0.0),4,1_2,1,A,2033,563378,,,
ABS:ABS_HH_PROV(1.0.0),4,1_2,1,A,2034,566855,,,
ABS:ABS_HH_PROV(1.0.0),4,1_2,1,A,2035,570224,,,
ABS:ABS_HH_PROV(1.0.0),4,1_2,1,A,2036,573422,,,
ABS:ABS_HH_PROV(1.0.0),4,1_2,1,A,2037,576505,,,
ABS:ABS_HH_PROV(1.0.0),4,1_2,1,A,2038,579393,,,
ABS:ABS_HH_PROV(1.0.0),4,1_2,1,A,2039,582128,,,
ABS:ABS_HH_PROV(1.0.0),4,1_2,1,A,2040,584686,,,
ABS:ABS_HH_PROV(1.0.0),4,1_2,1,A,2041,587133,,,
ABS:ABS_HH_PROV(1.0.0),4,1_2,1,A,2042,589431,,,
ABS:ABS_HH_PROV(1.0.0),4,1_2,1,A,2043,591534,,,
ABS:ABS_HH_PROV(1.0.0),4,1_2,1,A,2044,593491,,,
ABS:ABS_HH_PROV(1.0.0),4,1_2,1,A,2045,595295,,,
ABS:ABS_HH_PROV(1.0.0),4,1_2,1,A,2046,597052,,,
ABS:ABS_HH_PROV(1.0.0),0,31,1,A,2021,2637520,,,
ABS:ABS_HH_PROV(1.0.0),0,31,1,A,2022,2681553,,,
ABS:ABS_HH_PROV(1.0.0),0,31,1,A,2023,2746629,,,
ABS:ABS_HH_PROV(1.0.0),0,31,1,A,2024,2807304,,,
ABS:ABS_HH_PROV(1.0.0),0,31,1,A,2025,2868112,,,
ABS:ABS_HH_PROV(1.0.0),0,31,1,A,2026,2929778,,,
ABS:ABS_HH_PROV(1.0.0),0,31,1,A,2027,2991854,,,
ABS:ABS_HH_PROV(1.0.0),0,31,1,A,2028,3052364,,,
ABS:ABS_HH_PROV(1.0.0),0,31,1,A,2029,3111955,,,
ABS:ABS_HH_PROV(1.0.0),0,31,1,A,2030,3170420,,,
ABS:ABS_HH_PROV(1.0.0),0,31,1,A,2031,3228551,,,
ABS:ABS_HH_PROV(1.0.0),0,31,1,A,2032,3285850,,,
ABS:ABS_HH_PROV(1.0.0),0,31,1,A,2033,3341779,,,
ABS:ABS_HH_PROV(1.0.0),0,31,1,A,2034,3396274,,,
ABS:ABS_HH_PROV(1.0.0),0,31,1,A,2035,3449482,,,
ABS:ABS_HH_PROV(1.0.0),0,31,1,A,2036,3502521,,,
ABS:ABS_HH_PROV(1.0.0),0,31,1,A,2037,3553966,,,
ABS:ABS_HH_PROV(1.0.0),0,31,1,A,2038,3604051,,,
ABS:ABS_HH_PROV(1.0.0),0,31,1,A,2039,3652771,,,
ABS:ABS_HH_PROV(1.0.0),0,31,1,A,2040,3699909,,,
ABS:ABS_HH_PROV(1.0.0),0,31,1,A,2041,3746889,,,
ABS:ABS_HH_PROV(1.0.0),0,31,1,A,2042,3792333,,,
ABS:ABS_HH_PROV(1.0.0),0,31,1,A,2043,3836156,,,
ABS:ABS_HH_PROV(1.0.0),0,31,1,A,2044,3879109,,,
ABS:ABS_HH_PROV(1.0.0),0,31,1,A,2045,3920881,,,
ABS:ABS_HH_PROV(1.0.0),0,31,1,A,2046,3962381,,,
ABS:ABS_HH_PROV(1.0.0),0,31,2,A,2021,2637520,,,
ABS:ABS_HH_PROV(1.0.0),0,31,2,A,2022,2670217,,,
ABS:ABS_HH_PROV(1.0.0),0,31,2,A,2023,2722940,,,
ABS:ABS_HH_PROV(1.0.0),0,31,2,A,2024,2770314,,,
ABS:ABS_HH_PROV(1.0.0),0,31,2,A,2025,2816782,,,
ABS:ABS_HH_PROV(1.0.0),0,31,2,A,2026,2863093,,,
ABS:ABS_HH_PROV(1.0.0),0,31,2,A,2027,2915882,,,
ABS:ABS_HH_PROV(1.0.0),0,31,2,A,2028,2966630,,,
ABS:ABS_HH_PROV(1.0.0),0,31,2,A,2029,3016253,,,
ABS:ABS_HH_PROV(1.0.0),0,31,2,A,2030,3064388,,,
ABS:ABS_HH_PROV(1.0.0),0,31,2,A,2031,3111834,,,
ABS:ABS_HH_PROV(1.0.0),0,31,2,A,2032,3162851,,,
ABS:ABS_HH_PROV(1.0.0),0,31,2,A,2033,3212097,,,
ABS:ABS_HH_PROV(1.0.0),0,31,2,A,2034,3259688,,,
ABS:ABS_HH_PROV(1.0.0),0,31,2,A,2035,3305966,,,
ABS:ABS_HH_PROV(1.0.0),0,31,2,A,2036,3351857,,,
ABS:ABS_HH_PROV(1.0.0),0,31,2,A,2037,3400700,,,
ABS:ABS_HH_PROV(1.0.0),0,31,2,A,2038,3448341,,,
ABS:ABS_HH_PROV(1.0.0),0,31,2,A,2039,3494692,,,
ABS:ABS_HH_PROV(1.0.0),0,31,2,A,2040,3539804,,,
ABS:ABS_HH_PROV(1.0.0),0,31,2,A,2041,3584793,,,
ABS:ABS_HH_PROV(1.0.0),0,31,2,A,2042,3628447,,,
ABS:ABS_HH_PROV(1.0.0),0,31,2,A,2043,3670772,,,
ABS:ABS_HH_PROV(1.0.0),0,31,2,A,2044,3712371,,,
ABS:ABS_HH_PROV(1.0.0),0,31,2,A,2045,3753086,,,
ABS:ABS_HH_PROV(1.0.0),0,31,2,A,2046,3793488,,,
ABS:ABS_HH_PROV(1.0.0),0,32,3,A,2021,405672,,,
ABS:ABS_HH_PROV(1.0.0),0,32,3,A,2022,403494,,,
ABS:ABS_HH_PROV(1.0.0),0,32,3,A,2023,414121,,,
ABS:ABS_HH_PROV(1.0.0),0,32,3,A,2024,423261,,,
ABS:ABS_HH_PROV(1.0.0),0,32,3,A,2025,432505,,,
ABS:ABS_HH_PROV(1.0.0),0,32,3,A,2026,442274,,,
ABS:ABS_HH_PROV(1.0.0),0,32,3,A,2027,452583,,,
ABS:ABS_HH_PROV(1.0.0),0,32,3,A,2028,462992,,,
ABS:ABS_HH_PROV(1.0.0),0,32,3,A,2029,473052,,,
ABS:ABS_HH_PROV(1.0.0),0,32,3,A,2030,482615,,,
ABS:ABS_HH_PROV(1.0.0),0,32,3,A,2031,491982,,,
ABS:ABS_HH_PROV(1.0.0),0,32,3,A,2032,501641,,,
ABS:ABS_HH_PROV(1.0.0),0,32,3,A,2033,511342,,,
ABS:ABS_HH_PROV(1.0.0),0,32,3,A,2034,520543,,,
ABS:ABS_HH_PROV(1.0.0),0,32,3,A,2035,529184,,,
ABS:ABS_HH_PROV(1.0.0),0,32,3,A,2036,537728,,,
ABS:ABS_HH_PROV(1.0.0),0,32,3,A,2037,545806,,,
ABS:ABS_HH_PROV(1.0.0),0,32,3,A,2038,553545,,,
ABS:ABS_HH_PROV(1.0.0),0,32,3,A,2039,561066,,,
ABS:ABS_HH_PROV(1.0.0),0,32,3,A,2040,568049,,,
ABS:ABS_HH_PROV(1.0.0),0,32,3,A,2041,575191,,,
ABS:ABS_HH_PROV(1.0.0),0,32,3,A,2042,582343,,,
ABS:ABS_HH_PROV(1.0.0),0,32,3,A,2043,588919,,,
ABS:ABS_HH_PROV(1.0.0),0,32,3,A,2044,595567,,,
ABS:ABS_HH_PROV(1.0.0),0,32,3,A,2045,602122,,,
ABS:ABS_HH_PROV(1.0.0),0,32,3,A,2046,608518,,,
ABS:ABS_HH_PROV(1.0.0),7GDAR,32,1,A,2021,3101,,,
ABS:ABS_HH_PROV(1.0.0),7GDAR,32,1,A,2022,3117,,,
ABS:ABS_HH_PROV(1.0.0),7GDAR,32,1,A,2023,3151,,,
ABS:ABS_HH_PROV(1.0.0),7GDAR,32,1,A,2024,3164,,,
ABS:ABS_HH_PROV(1.0.0),7GDAR,32,1,A,2025,3181,,,
ABS:ABS_HH_PROV(1.0.0),7GDAR,32,1,A,2026,3203,,,
ABS:ABS_HH_PROV(1.0.0),7GDAR,32,1,A,2027,3235,,,
ABS:ABS_HH_PROV(1.0.0),7GDAR,32,1,A,2028,3274,,,
ABS:ABS_HH_PROV(1.0.0),7GDAR,32,1,A,2029,3308,,,
ABS:ABS_HH_PROV(1.0.0),7GDAR,32,1,A,2030,3343,,,
ABS:ABS_HH_PROV(1.0.0),7GDAR,32,1,A,2031,3374,,,
ABS:ABS_HH_PROV(1.0.0),7GDAR,32,1,A,2032,3410,,,
ABS:ABS_HH_PROV(1.0.0),7GDAR,32,1,A,2033,3447,,,
ABS:ABS_HH_PROV(1.0.0),7GDAR,32,1,A,2034,3484,,,
ABS:ABS_HH_PROV(1.0.0),7GDAR,32,1,A,2035,3518,,,
ABS:ABS_HH_PROV(1.0.0),7GDAR,32,1,A,2036,3551,,,
ABS:ABS_HH_PROV(1.0.0),7GDAR,32,1,A,2037,3583,,,
ABS:ABS_HH_PROV(1.0.0),7GDAR,32,1,A,2038,3612,,,
ABS:ABS_HH_PROV(1.0.0),7GDAR,32,1,A,2039,3641,,,
ABS:ABS_HH_PROV(1.0.0),7GDAR,32,1,A,2040,3666,,,
ABS:ABS_HH_PROV(1.0.0),7GDAR,32,1,A,2041,3691,,,
ABS:ABS_HH_PROV(1.0.0),7GDAR,32,1,A,2042,3716,,,
ABS:ABS_HH_PROV(1.0.0),7GDAR,32,1,A,2043,3737,,,
ABS:ABS_HH_PROV(1.0.0),7GDAR,32,1,A,2044,3759,,,
ABS:ABS_HH_PROV(1.0.0),7GDAR,32,1,A,2045,3779,,,
ABS:ABS_HH_PROV(1.0.0),7GDAR,32,1,A,2046,3798,,,
ABS:ABS_HH_PROV(1.0.0),1GSYD,32,1,A,2021,82935,,,
ABS:ABS_HH_PROV(1.0.0),1GSYD,32,1,A,2022,83566,,,
ABS:ABS_HH_PROV(1.0.0),1GSYD,32,1,A,2023,84367,,,
ABS:ABS_HH_PROV(1.0.0),1GSYD,32,1,A,2024,84878,,,
ABS:ABS_HH_PROV(1.0.0),1GSYD,32,1,A,2025,85538,,,
ABS:ABS_HH_PROV(1.0.0),1GSYD,32,1,A,2026,86390,,,
ABS:ABS_HH_PROV(1.0.0),1GSYD,32,1,A,2027,87458,,,
ABS:ABS_HH_PROV(1.0.0),1GSYD,32,1,A,2028,88594,,,
ABS:ABS_HH_PROV(1.0.0),1GSYD,32,1,A,2029,89720,,,
ABS:ABS_HH_PROV(1.0.0),1GSYD,32,1,A,2030,90768,,,
ABS:ABS_HH_PROV(1.0.0),1GSYD,32,1,A,2031,91811,,,
ABS:ABS_HH_PROV(1.0.0),1GSYD,32,1,A,2032,92922,,,
ABS:ABS_HH_PROV(1.0.0),1GSYD,32,1,A,2033,93998,,,
ABS:ABS_HH_PROV(1.0.0),1GSYD,32,1,A,2034,94979,,,
ABS:ABS_HH_PROV(1.0.0),1GSYD,32,1,A,2035,95830,,,
ABS:ABS_HH_PROV(1.0.0),1GSYD,32,1,A,2036,96671,,,
ABS:ABS_HH_PROV(1.0.0),1GSYD,32,1,A,2037,97444,,,
ABS:ABS_HH_PROV(1.0.0),1GSYD,32,1,A,2038,98108,,,
ABS:ABS_HH_PROV(1.0.0),1GSYD,32,1,A,2039,98729,,,
ABS:ABS_HH_PROV(1.0.0),1GSYD,32,1,A,2040,99206,,,
ABS:ABS_HH_PROV(1.0.0),1GSYD,32,1,A,2041,99671,,,
ABS:ABS_HH_PROV(1.0.0),1GSYD,32,1,A,2042,100145,,,
ABS:ABS_HH_PROV(1.0.0),1GSYD,32,1,A,2043,100518,,,
ABS:ABS_HH_PROV(1.0.0),1GSYD,32,1,A,2044,100856,,,
ABS:ABS_HH_PROV(1.0.0),1GSYD,32,1,A,2045,101133,,,
ABS:ABS_HH_PROV(1.0.0),1GSYD,32,1,A,2046,101341,,,
ABS:ABS_HH_PROV(1.0.0),4GADE,32,1,A,2021,21463,,,
ABS:ABS_HH_PROV(1.0.0),4GADE,32,1,A,2022,21655,,,
ABS:ABS_HH_PROV(1.0.0),4GADE,32,1,A,2023,22047,,,
ABS:ABS_HH_PROV(1.0.0),4GADE,32,1,A,2024,22325,,,
ABS:ABS_HH_PROV(1.0.0),4GADE,32,1,A,2025,22552,,,
ABS:ABS_HH_PROV(1.0.0),4GADE,32,1,A,2026,22772,,,
ABS:ABS_HH_PROV(1.0.0),4GADE,32,1,A,2027,22998,,,
ABS:ABS_HH_PROV(1.0.0),4GADE,32,1,A,2028,23227,,,
ABS:ABS_HH_PROV(1.0.0),4GADE,32,1,A,2029,23430,,,
ABS:ABS_HH_PROV(1.0.0),4GADE,32,1,A,2030,23590,,,
ABS:ABS_HH_PROV(1.0.0),4GADE,32,1,A,2031,23736,,,
ABS:ABS_HH_PROV(1.0.0),4GADE,32,1,A,2032,23888,,,
ABS:ABS_HH_PROV(1.0.0),4GADE,32,1,A,2033,24034,,,
ABS:ABS_HH_PROV(1.0.0),4GADE,32,1,A,2034,24158,,,
ABS:ABS_HH_PROV(1.0.0),4GADE,32,1,A,2035,24256,,,
ABS:ABS_HH_PROV(1.0.0),4GADE,32,1,A,2036,24359,,,
ABS:ABS_HH_PROV(1.0.0),4GADE,32,1,A,2037,24429,,,
ABS:ABS_HH_PROV(1.0.0),4GADE,32,1,A,2038,24485,,,
ABS:ABS_HH_PROV(1.0.0),4GADE,32,1,A,2039,24532,,,
ABS:ABS_HH_PROV(1.0.0),4GADE,32,1,A,2040,24560,,,
ABS:ABS_HH_PROV(1.0.0),4GADE,32,1,A,2041,24603,,,
ABS:ABS_HH_PROV(1.0.0),4GADE,32,1,A,2042,24641,,,
ABS:ABS_HH_PROV(1.0.0),4GADE,32,1,A,2043,24663,,,
ABS:ABS_HH_PROV(1.0.0),4GADE,32,1,A,2044,24690,,,
ABS:ABS_HH_PROV(1.0.0),4GADE,32,1,A,2045,24718,,,
ABS:ABS_HH_PROV(1.0.0),4GADE,32,1,A,2046,24735,,,
ABS:ABS_HH_PROV(1.0.0),5RWAU,32,3,A,2021,6250,,,
ABS:ABS_HH_PROV(1.0.0),5RWAU,32,3,A,2022,6332,,,
ABS:ABS_HH_PROV(1.0.0),5RWAU,32,3,A,2023,6676,,,
ABS:ABS_HH_PROV(1.0.0),5RWAU,32,3,A,2024,6976,,,
ABS:ABS_HH_PROV(1.0.0),5RWAU,32,3,A,2025,7265,,,
ABS:ABS_HH_PROV(1.0.0),5RWAU,32,3,A,2026,7530,,,
ABS:ABS_HH_PROV(1.0.0),5RWAU,32,3,A,2027,7786,,,
ABS:ABS_HH_PROV(1.0.0),5RWAU,32,3,A,2028,8026,,,
ABS:ABS_HH_PROV(1.0.0),5RWAU,32,3,A,2029,8250,,,
ABS:ABS_HH_PROV(1.0.0),5RWAU,32,3,A,2030,8468,,,
ABS:ABS_HH_PROV(1.0.0),5RWAU,32,3,A,2031,8674,,,
ABS:ABS_HH_PROV(1.0.0),5RWAU,32,3,A,2032,8883,,,
ABS:ABS_HH_PROV(1.0.0),5RWAU,32,3,A,2033,9088,,,
ABS:ABS_HH_PROV(1.0.0),5RWAU,32,3,A,2034,9290,,,
ABS:ABS_HH_PROV(1.0.0),5RWAU,32,3,A,2035,9486,,,
ABS:ABS_HH_PROV(1.0.0),5RWAU,32,3,A,2036,9675,,,
ABS:ABS_HH_PROV(1.0.0),5RWAU,32,3,A,2037,9860,,,
ABS:ABS_HH_PROV(1.0.0),5RWAU,32,3,A,2038,10051,,,
ABS:ABS_HH_PROV(1.0.0),5RWAU,32,3,A,2039,10246,,,
ABS:ABS_HH_PROV(1.0.0),5RWAU,32,3,A,2040,10439,,,
ABS:ABS_HH_PROV(1.0.0),5RWAU,32,3,A,2041,10645,,,
ABS:ABS_HH_PROV(1.0.0),5RWAU,32,3,A,2042,10856,,,
ABS:ABS_HH_PROV(1.0.0),5RWAU,32,3,A,2043,11071,,,
ABS:ABS_HH_PROV(1.0.0),5RWAU,32,3,A,2044,11297,,,
ABS:ABS_HH_PROV(1.0.0),5RWAU,32,3,A,2045,11531,,,
ABS:ABS_HH_PROV(1.0.0),5RWAU,32,3,A,2046,11771,,,
ABS:ABS_HH_PROV(1.0.0),7RNTE,4,1,A,2021,27519,,,
ABS:ABS_HH_PROV(1.0.0),7RNTE,4,1,A,2022,28046,,,
ABS:ABS_HH_PROV(1.0.0),7RNTE,4,1,A,2023,28639,,,
ABS:ABS_HH_PROV(1.0.0),7RNTE,4,1,A,2024,29040,,,
ABS:ABS_HH_PROV(1.0.0),7RNTE,4,1,A,2025,29429,,,
ABS:ABS_HH_PROV(1.0.0),7RNTE,4,1,A,2026,29875,,,
ABS:ABS_HH_PROV(1.0.0),7RNTE,4,1,A,2027,30318,,,
ABS:ABS_HH_PROV(1.0.0),7RNTE,4,1,A,2028,30757,,,
ABS:ABS_HH_PROV(1.0.0),7RNTE,4,1,A,2029,31161,,,
ABS:ABS_HH_PROV(1.0.0),7RNTE,4,1,A,2030,31562,,,
ABS:ABS_HH_PROV(1.0.0),7RNTE,4,1,A,2031,31925,,,
ABS:ABS_HH_PROV(1.0.0),7RNTE,4,1,A,2032,32271,,,
ABS:ABS_HH_PROV(1.0.0),7RNTE,4,1,A,2033,32606,,,
ABS:ABS_HH_PROV(1.0.0),7RNTE,4,1,A,2034,32934,,,
ABS:ABS_HH_PROV(1.0.0),7RNTE,4,1,A,2035,33251,,,
ABS:ABS_HH_PROV(1.0.0),7RNTE,4,1,A,2036,33573,,,
ABS:ABS_HH_PROV(1.0.0),7RNTE,4,1,A,2037,33874,,,
ABS:ABS_HH_PROV(1.0.0),7RNTE,4,1,A,2038,34162,,,
ABS:ABS_HH_PROV(1.0.0),7RNTE,4,1,A,2039,34444,,,
ABS:ABS_HH_PROV(1.0.0),7RNTE,4,1,A,2040,34714,,,
ABS:ABS_HH_PROV(1.0.0),7RNTE,4,1,A,2041,34980,,,
ABS:ABS_HH_PROV(1.0.0),7RNTE,4,1,A,2042,35237,,,
ABS:ABS_HH_PROV(1.0.0),7RNTE,4,1,A,2043,35484,,,
ABS:ABS_HH_PROV(1.0.0),7RNTE,4,1,A,2044,35729,,,
ABS:ABS_HH_PROV(1.0.0),7RNTE,4,1,A,2045,35966,,,
ABS:ABS_HH_PROV(1.0.0),7RNTE,4,1,A,2046,36201,,,
ABS:ABS_HH_PROV(1.0.0),2GMEL,31,3,A,2021,469596,,,
ABS:ABS_HH_PROV(1.0.0),2GMEL,31,3,A,2022,475122,,,
ABS:ABS_HH_PROV(1.0.0),2GMEL,31,3,A,2023,489823,,,
ABS:ABS_HH_PROV(1.0.0),2GMEL,31,3,A,2024,503142,,,
ABS:ABS_HH_PROV(1.0.0),2GMEL,31,3,A,2025,516606,,,
ABS:ABS_HH_PROV(1.0.0),2GMEL,31,3,A,2026,530147,,,
ABS:ABS_HH_PROV(1.0.0),2GMEL,31,3,A,2027,543716,,,
ABS:ABS_HH_PROV(1.0.0),2GMEL,31,3,A,2028,556780,,,
ABS:ABS_HH_PROV(1.0.0),2GMEL,31,3,A,2029,569464,,,
ABS:ABS_HH_PROV(1.0.0),2GMEL,31,3,A,2030,581703,,,
ABS:ABS_HH_PROV(1.0.0),2GMEL,31,3,A,2031,593566,,,
ABS:ABS_HH_PROV(1.0.0),2GMEL,31,3,A,2032,605113,,,
ABS:ABS_HH_PROV(1.0.0),2GMEL,31,3,A,2033,616151,,,
ABS:ABS_HH_PROV(1.0.0),2GMEL,31,3,A,2034,626612,,,
ABS:ABS_HH_PROV(1.0.0),2GMEL,31,3,A,2035,636627,,,
ABS:ABS_HH_PROV(1.0.0),2GMEL,31,3,A,2036,646295,,,
ABS:ABS_HH_PROV(1.0.0),2GMEL,31,3,A,2037,655401,,,
ABS:ABS_HH_PROV(1.0.0),2GMEL,31,3,A,2038,663936,,,
ABS:ABS_HH_PROV(1.0.0),2GMEL,31,3,A,2039,671893,,,
ABS:ABS_HH_PROV(1.0.0),2GMEL,31,3,A,2040,679381,,,
ABS:ABS_HH_PROV(1.0.0),2GMEL,31,3,A,2041,686521,,,
ABS:ABS_HH_PROV(1.0.0),2GMEL,31,3,A,2042,693138,,,
ABS:ABS_HH_PROV(1.0.0),2GMEL,31,3,A,2043,699237,,,
ABS:ABS_HH_PROV(1.0.0),2GMEL,31,3,A,2044,704922,,,
ABS:ABS_HH_PROV(1.0.0),2GMEL,31,3,A,2045,710248,,,
ABS:ABS_HH_PROV(1.0.0),2GMEL,31,3,A,2046,715252,,,
ABS:ABS_HH_PROV(1.0.0),2RVIC,1_2,3,A,2021,439179,,,
ABS:ABS_HH_PROV(1.0.0),2RVIC,1_2,3,A,2022,443948,,,
ABS:ABS_HH_PROV(1.0.0),2RVIC,1_2,3,A,2023,447337,,,
ABS:ABS_HH_PROV(1.0.0),2RVIC,1_2,3,A,2024,451052,,,
ABS:ABS_HH_PROV(1.0.0),2RVIC,1_2,3,A,2025,455803,,,
ABS:ABS_HH_PROV(1.0.0),2RVIC,1_2,3,A,2026,461904,,,
ABS:ABS_HH_PROV(1.0.0),2RVIC,1_2,3,A,2027,468565,,,
ABS:ABS_HH_PROV(1.0.0),2RVIC,1_2,3,A,2028,475514,,,
ABS:ABS_HH_PROV(1.0.0),2RVIC,1_2,3,A,2029,482726,,,
ABS:ABS_HH_PROV(1.0.0),2RVIC,1_2,3,A,2030,490189,,,
ABS:ABS_HH_PROV(1.0.0),2RVIC,1_2,3,A,2031,497784,,,
ABS:ABS_HH_PROV(1.0.0),2RVIC,1_2,3,A,2032,505426,,,
ABS:ABS_HH_PROV(1.0.0),2RVIC,1_2,3,A,2033,513224,,,
ABS:ABS_HH_PROV(1.0.0),2RVIC,1_2,3,A,2034,521210,,,
ABS:ABS_HH_PROV(1.0.0),2RVIC,1_2,3,A,2035,529319,,,
ABS:ABS_HH_PROV(1.0.0),2RVIC,1_2,3,A,2036,537516,,,
ABS:ABS_HH_PROV(1.0.0),2RVIC,1_2,3,A,2037,545809,,,
ABS:ABS_HH_PROV(1.0.0),2RVIC,1_2,3,A,2038,554086,,,
ABS:ABS_HH_PROV(1.0.0),2RVIC,1_2,3,A,2039,562431,,,
ABS:ABS_HH_PROV(1.0.0),2RVIC,1_2,3,A,2040,570787,,,
ABS:ABS_HH_PROV(1.0.0),2RVIC,1_2,3,A,2041,579207,,,
ABS:ABS_HH_PROV(1.0.0),2RVIC,1_2,3,A,2042,587651,,,
ABS:ABS_HH_PROV(1.0.0),2RVIC,1_2,3,A,2043,595991,,,
ABS:ABS_HH_PROV(1.0.0),2RVIC,1_2,3,A,2044,604348,,,
ABS:ABS_HH_PROV(1.0.0),2RVIC,1_2,3,A,2045,612678,,,
ABS:ABS_HH_PROV(1.0.0),2RVIC,1_2,3,A,2046,621099,,,
ABS:ABS_HH_PROV(1.0.0),3RQLD,1_2,3,A,2021,731504,,,
ABS:ABS_HH_PROV(1.0.0),3RQLD,1_2,3,A,2022,743197,,,
ABS:ABS_HH_PROV(1.0.0),3RQLD,1_2,3,A,2023,752950,,,
ABS:ABS_HH_PROV(1.0.0),3RQLD,1_2,3,A,2024,762025,,,
ABS:ABS_HH_PROV(1.0.0),3RQLD,1_2,3,A,2025,771367,,,
ABS:ABS_HH_PROV(1.0.0),3RQLD,1_2,3,A,2026,780459,,,
ABS:ABS_HH_PROV(1.0.0),3RQLD,1_2,3,A,2027,788902,,,
ABS:ABS_HH_PROV(1.0.0),3RQLD,1_2,3,A,2028,797479,,,
ABS:ABS_HH_PROV(1.0.0),3RQLD,1_2,3,A,2029,806146,,,
ABS:ABS_HH_PROV(1.0.0),3RQLD,1_2,3,A,2030,815035,,,
ABS:ABS_HH_PROV(1.0.0),3RQLD,1_2,3,A,2031,823799,,,
ABS:ABS_HH_PROV(1.0.0),3RQLD,1_2,3,A,2032,832134,,,
ABS:ABS_HH_PROV(1.0.0),3RQLD,1_2,3,A,2033,840538,,,
ABS:ABS_HH_PROV(1.0.0),3RQLD,1_2,3,A,2034,849008,,,
ABS:ABS_HH_PROV(1.0.0),3RQLD,1_2,3,A,2035,857589,,,
ABS:ABS_HH_PROV(1.0.0),3RQLD,1_2,3,A,2036,866073,,,
ABS:ABS_HH_PROV(1.0.0),3RQLD,1_2,3,A,2037,874408,,,
ABS:ABS_HH_PROV(1.0.0),3RQLD,1_2,3,A,2038,882594,,,
ABS:ABS_HH_PROV(1.0.0),3RQLD,1_2,3,A,2039,890697,,,
ABS:ABS_HH_PROV(1.0.0),3RQLD,1_2,3,A,2040,898714,,,
ABS:ABS_HH_PROV(1.0.0),3RQLD,1_2,3,A,2041,906630,,,
ABS:ABS_HH_PROV(1.0.0),3RQLD,1_2,3,A,2042,914493,,,
ABS:ABS_HH_PROV(1.0.0),3RQLD,1_2,3,A,2043,922121,,,
ABS:ABS_HH_PROV(1.0.0),3RQLD,1_2,3,A,2044,929673,,,
ABS:ABS_HH_PROV(1.0.0),3RQLD,1_2,3,A,2045,937102,,,
ABS:ABS_HH_PROV(1.0.0),3RQLD,1_2,3,A,2046,944546,,,
ABS:ABS_HH_PROV(1.0.0),8,31,3,A,2021,46828,,,
ABS:ABS_HH_PROV(1.0.0),8,31,3,A,2022,45485,,,
ABS:ABS_HH_PROV(1.0.0),8,31,3,A,2023,46464,,,
ABS:ABS_HH_PROV(1.0.0),8,31,3,A,2024,47380,,,
ABS:ABS_HH_PROV(1.0.0),8,31,3,A,2025,48316,,,
ABS:ABS_HH_PROV(1.0.0),8,31,3,A,2026,49324,,,
ABS:ABS_HH_PROV(1.0.0),8,31,3,A,2027,50382,,,
ABS:ABS_HH_PROV(1.0.0),8,31,3,A,2028,51358,,,
ABS:ABS_HH_PROV(1.0.0),8,31,3,A,2029,52339,,,
ABS:ABS_HH_PROV(1.0.0),8,31,3,A,2030,53265,,,
ABS:ABS_HH_PROV(1.0.0),8,31,3,A,2031,54186,,,
ABS:ABS_HH_PROV(1.0.0),8,31,3,A,2032,55079,,,
ABS:ABS_HH_PROV(1.0.0),8,31,3,A,2033,55843,,,
ABS:ABS_HH_PROV(1.0.0),8,31,3,A,2034,56634,,,
ABS:ABS_HH_PROV(1.0.0),8,31,3,A,2035,57449,,,
ABS:ABS_HH_PROV(1.0.0),8,31,3,A,2036,58248,,,
ABS:ABS_HH_PROV(1.0.0),8,31,3,A,2037,59034,,,
ABS:ABS_HH_PROV(1.0.0),8,31,3,A,2038,59806,,,
ABS:ABS_HH_PROV(1.0.0),8,31,3,A,2039,60548,,,
ABS:ABS_HH_PROV(1.0.0),8,31,3,A,2040,61282,,,
ABS:ABS_HH_PROV(1.0.0),8,31,3,A,2041,62011,,,
ABS:ABS_HH_PROV(1.0.0),8,31,3,A,2042,62690,,,
ABS:ABS_HH_PROV(1.0.0),8,31,3,A,2043,63321,,,
ABS:ABS_HH_PROV(1.0.0),8,31,3,A,2044,63934,,,
ABS:ABS_HH_PROV(1.0.0),8,31,3,A,2045,64524,,,
ABS:ABS_HH_PROV(1.0.0),8,31,3,A,2046,65085,,,
ABS:ABS_HH_PROV(1.0.0),5,32,3,A,2021,36944,,,
ABS:ABS_HH_PROV(1.0.0),5,32,3,A,2022,37457,,,
ABS:ABS_HH_PROV(1.0.0),5,32,3,A,2023,38261,,,
ABS:ABS_HH_PROV(1.0.0),5,32,3,A,2024,38932,,,
ABS:ABS_HH_PROV(1.0.0),5,32,3,A,2025,39622,,,
ABS:ABS_HH_PROV(1.0.0),5,32,3,A,2026,40352,,,
ABS:ABS_HH_PROV(1.0.0),5,32,3,A,2027,41120,,,
ABS:ABS_HH_PROV(1.0.0),5,32,3,A,2028,41915,,,
ABS:ABS_HH_PROV(1.0.0),5,32,3,A,2029,42678,,,
ABS:ABS_HH_PROV(1.0.0),5,32,3,A,2030,43453,,,
ABS:ABS_HH_PROV(1.0.0),5,32,3,A,2031,44256,,,
ABS:ABS_HH_PROV(1.0.0),5,32,3,A,2032,45098,,,
ABS:ABS_HH_PROV(1.0.0),5,32,3,A,2033,45952,,,
ABS:ABS_HH_PROV(1.0.0),5,32,3,A,2034,46757,,,
ABS:ABS_HH_PROV(1.0.0),5,32,3,A,2035,47533,,,
ABS:ABS_HH_PROV(1.0.0),5,32,3,A,2036,48299,,,
ABS:ABS_HH_PROV(1.0.0),5,32,3,A,2037,49024,,,
ABS:ABS_HH_PROV(1.0.0),5,32,3,A,2038,49720,,,
ABS:ABS_HH_PROV(1.0.0),5,32,3,A,2039,50386,,,
ABS:ABS_HH_PROV(1.0.0),5,32,3,A,2040,50995,,,
ABS:ABS_HH_PROV(1.0.0),5,32,3,A,2041,51605,,,
ABS:ABS_HH_PROV(1.0.0),5,32,3,A,2042,52182,,,
ABS:ABS_HH_PROV(1.0.0),5,32,3,A,2043,52693,,,
ABS:ABS_HH_PROV(1.0.0),5,32,3,A,2044,53197,,,
ABS:ABS_HH_PROV(1.0.0),5,32,3,A,2045,53673,,,
ABS:ABS_HH_PROV(1.0.0),5,32,3,A,2046,54125,,,
ABS:ABS_HH_PROV(1.0.0),6,1_2,1,A,2021,158626,,,
ABS:ABS_HH_PROV(1.0.0),6,1_2,1,A,2022,160125,,,
ABS:ABS_HH_PROV(1.0.0),6,1_2,1,A,2023,161890,,,
ABS:ABS_HH_PROV(1.0.0),6,1_2,1,A,2024,163378,,,
ABS:ABS_HH_PROV(1.0.0),6,1_2,1,A,2025,164833,,,
ABS:ABS_HH_PROV(1.0.0),6,1_2,1,A,2026,166164,,,
ABS:ABS_HH_PROV(1.0.0),6,1_2,1,A,2027,167423,,,
ABS:ABS_HH_PROV(1.0.0),6,1_2,1,A,2028,168566,,,
ABS:ABS_HH_PROV(1.0.0),6,1_2,1,A,2029,169618,,,
ABS:ABS_HH_PROV(1.0.0),6,1_2,1,A,2030,170627,,,
ABS:ABS_HH_PROV(1.0.0),6,1_2,1,A,2031,171487,,,
ABS:ABS_HH_PROV(1.0.0),6,1_2,1,A,2032,172122,,,
ABS:ABS_HH_PROV(1.0.0),6,1_2,1,A,2033,172740,,,
ABS:ABS_HH_PROV(1.0.0),6,1_2,1,A,2034,173349,,,
ABS:ABS_HH_PROV(1.0.0),6,1_2,1,A,2035,173905,,,
ABS:ABS_HH_PROV(1.0.0),6,1_2,1,A,2036,174417,,,
ABS:ABS_HH_PROV(1.0.0),6,1_2,1,A,2037,174853,,,
ABS:ABS_HH_PROV(1.0.0),6,1_2,1,A,2038,175237,,,
ABS:ABS_HH_PROV(1.0.0),6,1_2,1,A,2039,175585,,,
ABS:ABS_HH_PROV(1.0.0),6,1_2,1,A,2040,175885,,,
ABS:ABS_HH_PROV(1.0.0),6,1_2,1,A,2041,176149,,,
ABS:ABS_HH_PROV(1.0.0),6,1_2,1,A,2042,176372,,,
ABS:ABS_HH_PROV(1.0.0),6,1_2,1,A,2043,176546,,,
ABS:ABS_HH_PROV(1.0.0),6,1_2,1,A,2044,176683,,,
ABS:ABS_HH_PROV(1.0.0),6,1_2,1,A,2045,176790,,,
ABS:ABS_HH_PROV(1.0.0),6,1_2,1,A,2046,176875,,,
ABS:ABS_HH_PROV(1.0.0),3,4,3,A,2021,2027446,,,
ABS:ABS_HH_PROV(1.0.0),3,4,3,A,2022,2058918,,,
ABS:ABS_HH_PROV(1.0.0),3,4,3,A,2023,2103229,,,
ABS:ABS_HH_PROV(1.0.0),3,4,3,A,2024,2142547,,,
ABS:ABS_HH_PROV(1.0.0),3,4,3,A,2025,2180141,,,
ABS:ABS_HH_PROV(1.0.0),3,4,3,A,2026,2215521,,,
ABS:ABS_HH_PROV(1.0.0),3,4,3,A,2027,2248015,,,
ABS:ABS_HH_PROV(1.0.0),3,4,3,A,2028,2279542,,,
ABS:ABS_HH_PROV(1.0.0),3,4,3,A,2029,2310308,,,
ABS:ABS_HH_PROV(1.0.0),3,4,3,A,2030,2340365,,,
ABS:ABS_HH_PROV(1.0.0),3,4,3,A,2031,2369530,,,
ABS:ABS_HH_PROV(1.0.0),3,4,3,A,2032,2397378,,,
ABS:ABS_HH_PROV(1.0.0),3,4,3,A,2033,2424580,,,
ABS:ABS_HH_PROV(1.0.0),3,4,3,A,2034,2451085,,,
ABS:ABS_HH_PROV(1.0.0),3,4,3,A,2035,2476896,,,
ABS:ABS_HH_PROV(1.0.0),3,4,3,A,2036,2501991,,,
ABS:ABS_HH_PROV(1.0.0),3,4,3,A,2037,2525974,,,
ABS:ABS_HH_PROV(1.0.0),3,4,3,A,2038,2548966,,,
ABS:ABS_HH_PROV(1.0.0),3,4,3,A,2039,2571168,,,
ABS:ABS_HH_PROV(1.0.0),3,4,3,A,2040,2592455,,,
ABS:ABS_HH_PROV(1.0.0),3,4,3,A,2041,2613174,,,
ABS:ABS_HH_PROV(1.0.0),3,4,3,A,2042,2633333,,,
ABS:ABS_HH_PROV(1.0.0),3,4,3,A,2043,2652433,,,
ABS:ABS_HH_PROV(1.0.0),3,4,3,A,2044,2670968,,,
ABS:ABS_HH_PROV(1.0.0),3,4,3,A,2045,2688785,,,
ABS:ABS_HH_PROV(1.0.0),3,4,3,A,2046,2706173,,,
ABS:ABS_HH_PROV(1.0.0),4,4,3,A,2021,740408,,,
ABS:ABS_HH_PROV(1.0.0),4,4,3,A,2022,747732,,,
ABS:ABS_HH_PROV(1.0.0),4,4,3,A,2023,758903,,,
ABS:ABS_HH_PROV(1.0.0),4,4,3,A,2024,768052,,,
ABS:ABS_HH_PROV(1.0.0),4,4,3,A,2025,776744,,,
ABS:ABS_HH_PROV(1.0.0),4,4,3,A,2026,784889,,,
ABS:ABS_HH_PROV(1.0.0),4,4,3,A,2027,792299,,,
ABS:ABS_HH_PROV(1.0.0),4,4,3,A,2028,799206,,,
ABS:ABS_HH_PROV(1.0.0),4,4,3,A,2029,805750,,,
ABS:ABS_HH_PROV(1.0.0),4,4,3,A,2030,811832,,,
ABS:ABS_HH_PROV(1.0.0),4,4,3,A,2031,817465,,,
ABS:ABS_HH_PROV(1.0.0),4,4,3,A,2032,822524,,,
ABS:ABS_HH_PROV(1.0.0),4,4,3,A,2033,827314,,,
ABS:ABS_HH_PROV(1.0.0),4,4,3,A,2034,831861,,,
ABS:ABS_HH_PROV(1.0.0),4,4,3,A,2035,836177,,,
ABS:ABS_HH_PROV(1.0.0),4,4,3,A,2036,840252,,,
ABS:ABS_HH_PROV(1.0.0),4,4,3,A,2037,844031,,,
ABS:ABS_HH_PROV(1.0.0),4,4,3,A,2038,847487,,,
ABS:ABS_HH_PROV(1.0.0),4,4,3,A,2039,850667,,,
ABS:ABS_HH_PROV(1.0.0),4,4,3,A,2040,853574,,,
ABS:ABS_HH_PROV(1.0.0),4,4,3,A,2041,856331,,,
ABS:ABS_HH_PROV(1.0.0),4,4,3,A,2042,858784,,,
ABS:ABS_HH_PROV(1.0.0),4,4,3,A,2043,860932,,,
ABS:ABS_HH_PROV(1.0.0),4,4,3,A,2044,862875,,,
ABS:ABS_HH_PROV(1.0.0),4,4,3,A,2045,864609,,,
ABS:ABS_HH_PROV(1.0.0),4,4,3,A,2046,866228,,,
ABS:ABS_HH_PROV(1.0.0),1RNSW,31,1,A,2021,349932,,,
ABS:ABS_HH_PROV(1.0.0),1RNSW,31,1,A,2022,355063,,,
ABS:ABS_HH_PROV(1.0.0),1RNSW,31,1,A,2023,360186,,,
ABS:ABS_HH_PROV(1.0.0),1RNSW,31,1,A,2024,365101,,,
ABS:ABS_HH_PROV(1.0.0),1RNSW,31,1,A,2025,369795,,,
ABS:ABS_HH_PROV(1.0.0),1RNSW,31,1,A,2026,374471,,,
ABS:ABS_HH_PROV(1.0.0),1RNSW,31,1,A,2027,379039,,,
ABS:ABS_HH_PROV(1.0.0),1RNSW,31,1,A,2028,383405,,,
ABS:ABS_HH_PROV(1.0.0),1RNSW,31,1,A,2029,387704,,,
ABS:ABS_HH_PROV(1.0.0),1RNSW,31,1,A,2030,391904,,,
ABS:ABS_HH_PROV(1.0.0),1RNSW,31,1,A,2031,396157,,,
ABS:ABS_HH_PROV(1.0.0),1RNSW,31,1,A,2032,400483,,,
ABS:ABS_HH_PROV(1.0.0),1RNSW,31,1,A,2033,404687,,,
ABS:ABS_HH_PROV(1.0.0),1RNSW,31,1,A,2034,408801,,,
ABS:ABS_HH_PROV(1.0.0),1RNSW,31,1,A,2035,412842,,,
ABS:ABS_HH_PROV(1.0.0),1RNSW,31,1,A,2036,417001,,,
ABS:ABS_HH_PROV(1.0.0),1RNSW,31,1,A,2037,421100,,,
ABS:ABS_HH_PROV(1.0.0),1RNSW,31,1,A,2038,425141,,,
ABS:ABS_HH_PROV(1.0.0),1RNSW,31,1,A,2039,429185,,,
ABS:ABS_HH_PROV(1.0.0),1RNSW,31,1,A,2040,433220,,,
ABS:ABS_HH_PROV(1.0.0),1RNSW,31,1,A,2041,437404,,,
ABS:ABS_HH_PROV(1.0.0),1RNSW,31,1,A,2042,441626,,,
ABS:ABS_HH_PROV(1.0.0),1RNSW,31,1,A,2043,445780,,,
ABS:ABS_HH_PROV(1.0.0),1RNSW,31,1,A,2044,450057,,,
ABS:ABS_HH_PROV(1.0.0),1RNSW,31,1,A,2045,454405,,,
ABS:ABS_HH_PROV(1.0.0),1RNSW,31,1,A,2046,458914,,,
ABS:ABS_HH_PROV(1.0.0),3RQLD,1_2,1,A,2021,731504,,,
ABS:ABS_HH_PROV(1.0.0),3RQLD,1_2,1,A,2022,745049,,,
ABS:ABS_HH_PROV(1.0.0),3RQLD,1_2,1,A,2023,756844,,,
ABS:ABS_HH_PROV(1.0.0),3RQLD,1_2,1,A,2024,768095,,,
ABS:ABS_HH_PROV(1.0.0),3RQLD,1_2,1,A,2025,779709,,,
ABS:ABS_HH_PROV(1.0.0),3RQLD,1_2,1,A,2026,791132,,,
ABS:ABS_HH_PROV(1.0.0),3RQLD,1_2,1,A,2027,801932,,,
ABS:ABS_HH_PROV(1.0.0),3RQLD,1_2,1,A,2028,812892,,,
ABS:ABS_HH_PROV(1.0.0),3RQLD,1_2,1,A,2029,823961,,,
ABS:ABS_HH_PROV(1.0.0),3RQLD,1_2,1,A,2030,835219,,,
ABS:ABS_HH_PROV(1.0.0),3RQLD,1_2,1,A,2031,846351,,,
ABS:ABS_HH_PROV(1.0.0),3RQLD,1_2,1,A,2032,857056,,,
ABS:ABS_HH_PROV(1.0.0),3RQLD,1_2,1,A,2033,867801,,,
ABS:ABS_HH_PROV(1.0.0),3RQLD,1_2,1,A,2034,878565,,,
ABS:ABS_HH_PROV(1.0.0),3RQLD,1_2,1,A,2035,889361,,,
ABS:ABS_HH_PROV(1.0.0),3RQLD,1_2,1,A,2036,900015,,,
ABS:ABS_HH_PROV(1.0.0),3RQLD,1_2,1,A,2037,910509,,,
ABS:ABS_HH_PROV(1.0.0),3RQLD,1_2,1,A,2038,920818,,,
ABS:ABS_HH_PROV(1.0.0),3RQLD,1_2,1,A,2039,931024,,,
ABS:ABS_HH_PROV(1.0.0),3RQLD,1_2,1,A,2040,941117,,,
ABS:ABS_HH_PROV(1.0.0),3RQLD,1_2,1,A,2041,951112,,,
ABS:ABS_HH_PROV(1.0.0),3RQLD,1_2,1,A,2042,961130,,,
ABS:ABS_HH_PROV(1.0.0),3RQLD,1_2,1,A,2043,970914,,,
ABS:ABS_HH_PROV(1.0.0),3RQLD,1_2,1,A,2044,980659,,,
ABS:ABS_HH_PROV(1.0.0),3RQLD,1_2,1,A,2045,990309,,,
ABS:ABS_HH_PROV(1.0.0),3RQLD,1_2,1,A,2046,999963,,,
ABS:ABS_HH_PROV(1.0.0),6GHOB,31,3,A,2021,29148,,,
ABS:ABS_HH_PROV(1.0.0),6GHOB,31,3,A,2022,29360,,,
ABS:ABS_HH_PROV(1.0.0),6GHOB,31,3,A,2023,29790,,,
ABS:ABS_HH_PROV(1.0.0),6GHOB,31,3,A,2024,30174,,,
ABS:ABS_HH_PROV(1.0.0),6GHOB,31,3,A,2025,30522,,,
ABS:ABS_HH_PROV(1.0.0),6GHOB,31,3,A,2026,30822,,,
ABS:ABS_HH_PROV(1.0.0),6GHOB,31,3,A,2027,31132,,,
ABS:ABS_HH_PROV(1.0.0),6GHOB,31,3,A,2028,31393,,,
ABS:ABS_HH_PROV(1.0.0),6GHOB,31,3,A,2029,31634,,,
ABS:ABS_HH_PROV(1.0.0),6GHOB,31,3,A,2030,31848,,,
ABS:ABS_HH_PROV(1.0.0),6GHOB,31,3,A,2031,32040,,,
ABS:ABS_HH_PROV(1.0.0),6GHOB,31,3,A,2032,32229,,,
ABS:ABS_HH_PROV(1.0.0),6GHOB,31,3,A,2033,32370,,,
ABS:ABS_HH_PROV(1.0.0),6GHOB,31,3,A,2034,32487,,,
ABS:ABS_HH_PROV(1.0.0),6GHOB,31,3,A,2035,32600,,,
ABS:ABS_HH_PROV(1.0.0),6GHOB,31,3,A,2036,32712,,,
ABS:ABS_HH_PROV(1.0.0),6GHOB,31,3,A,2037,32804,,,
ABS:ABS_HH_PROV(1.0.0),6GHOB,31,3,A,2038,32859,,,
ABS:ABS_HH_PROV(1.0.0),6GHOB,31,3,A,2039,32901,,,
ABS:ABS_HH_PROV(1.0.0),6GHOB,31,3,A,2040,32933,,,
ABS:ABS_HH_PROV(1.0.0),6GHOB,31,3,A,2041,32961,,,
ABS:ABS_HH_PROV(1.0.0),6GHOB,31,3,A,2042,32973,,,
ABS:ABS_HH_PROV(1.0.0),6GHOB,31,3,A,2043,32973,,,
ABS:ABS_HH_PROV(1.0.0),6GHOB,31,3,A,2044,32978,,,
ABS:ABS_HH_PROV(1.0.0),6GHOB,31,3,A,2045,32979,,,
ABS:ABS_HH_PROV(1.0.0),6GHOB,31,3,A,2046,32977,,,
ABS:ABS_HH_PROV(1.0.0),2GMEL,4,1,A,2021,1882098,,,
ABS:ABS_HH_PROV(1.0.0),2GMEL,4,1,A,2022,1907052,,,
ABS:ABS_HH_PROV(1.0.0),2GMEL,4,1,A,2023,1959614,,,
ABS:ABS_HH_PROV(1.0.0),2GMEL,4,1,A,2024,2006158,,,
ABS:ABS_HH_PROV(1.0.0),2GMEL,4,1,A,2025,2053748,,,
ABS:ABS_HH_PROV(1.0.0),2GMEL,4,1,A,2026,2101516,,,
ABS:ABS_HH_PROV(1.0.0),2GMEL,4,1,A,2027,2148793,,,
ABS:ABS_HH_PROV(1.0.0),2GMEL,4,1,A,2028,2194926,,,
ABS:ABS_HH_PROV(1.0.0),2GMEL,4,1,A,2029,2240036,,,
ABS:ABS_HH_PROV(1.0.0),2GMEL,4,1,A,2030,2284364,,,
ABS:ABS_HH_PROV(1.0.0),2GMEL,4,1,A,2031,2327236,,,
ABS:ABS_HH_PROV(1.0.0),2GMEL,4,1,A,2032,2368326,,,
ABS:ABS_HH_PROV(1.0.0),2GMEL,4,1,A,2033,2408924,,,
ABS:ABS_HH_PROV(1.0.0),2GMEL,4,1,A,2034,2448804,,,
ABS:ABS_HH_PROV(1.0.0),2GMEL,4,1,A,2035,2488250,,,
ABS:ABS_HH_PROV(1.0.0),2GMEL,4,1,A,2036,2526968,,,
ABS:ABS_HH_PROV(1.0.0),2GMEL,4,1,A,2037,2564832,,,
ABS:ABS_HH_PROV(1.0.0),2GMEL,4,1,A,2038,2601707,,,
ABS:ABS_HH_PROV(1.0.0),2GMEL,4,1,A,2039,2637546,,,
ABS:ABS_HH_PROV(1.0.0),2GMEL,4,1,A,2040,2672362,,,
ABS:ABS_HH_PROV(1.0.0),2GMEL,4,1,A,2041,2706447,,,
ABS:ABS_HH_PROV(1.0.0),2GMEL,4,1,A,2042,2739413,,,
ABS:ABS_HH_PROV(1.0.0),2GMEL,4,1,A,2043,2770914,,,
ABS:ABS_HH_PROV(1.0.0),2GMEL,4,1,A,2044,2801465,,,
ABS:ABS_HH_PROV(1.0.0),2GMEL,4,1,A,2045,2830991,,,
ABS:ABS_HH_PROV(1.0.0),2GMEL,4,1,A,2046,2859860,,,
ABS:ABS_HH_PROV(1.0.0),3RQLD,4,2,A,2021,1049320,,,
ABS:ABS_HH_PROV(1.0.0),3RQLD,4,2,A,2022,1068301,,,
ABS:ABS_HH_PROV(1.0.0),3RQLD,4,2,A,2023,1083706,,,
ABS:ABS_HH_PROV(1.0.0),3RQLD,4,2,A,2024,1098169,,,
ABS:ABS_HH_PROV(1.0.0),3RQLD,4,2,A,2025,1112729,,,
ABS:ABS_HH_PROV(1.0.0),3RQLD,4,2,A,2026,1126993,,,
ABS:ABS_HH_PROV(1.0.0),3RQLD,4,2,A,2027,1141571,,,
ABS:ABS_HH_PROV(1.0.0),3RQLD,4,2,A,2028,1155964,,,
ABS:ABS_HH_PROV(1.0.0),3RQLD,4,2,A,2029,1170232,,,
ABS:ABS_HH_PROV(1.0.0),3RQLD,4,2,A,2030,1184415,,,
ABS:ABS_HH_PROV(1.0.0),3RQLD,4,2,A,2031,1198356,,,
ABS:ABS_HH_PROV(1.0.0),3RQLD,4,2,A,2032,1212480,,,
ABS:ABS_HH_PROV(1.0.0),3RQLD,4,2,A,2033,1226452,,,
ABS:ABS_HH_PROV(1.0.0),3RQLD,4,2,A,2034,1240247,,,
ABS:ABS_HH_PROV(1.0.0),3RQLD,4,2,A,2035,1253931,,,
ABS:ABS_HH_PROV(1.0.0),3RQLD,4,2,A,2036,1267484,,,
ABS:ABS_HH_PROV(1.0.0),3RQLD,4,2,A,2037,1281459,,,
ABS:ABS_HH_PROV(1.0.0),3RQLD,4,2,A,2038,1295230,,,
ABS:ABS_HH_PROV(1.0.0),3RQLD,4,2,A,2039,1308860,,,
ABS:ABS_HH_PROV(1.0.0),3RQLD,4,2,A,2040,1322375,,,
ABS:ABS_HH_PROV(1.0.0),3RQLD,4,2,A,2041,1335908,,,
ABS:ABS_HH_PROV(1.0.0),3RQLD,4,2,A,2042,1349543,,,
ABS:ABS_HH_PROV(1.0.0),3RQLD,4,2,A,2043,1362931,,,
ABS:ABS_HH_PROV(1.0.0),3RQLD,4,2,A,2044,1376382,,,
ABS:ABS_HH_PROV(1.0.0),3RQLD,4,2,A,2045,1389844,,,
ABS:ABS_HH_PROV(1.0.0),3RQLD,4,2,A,2046,1403429,,,
ABS:ABS_HH_PROV(1.0.0),6GHOB,4,1,A,2021,102203,,,
ABS:ABS_HH_PROV(1.0.0),6GHOB,4,1,A,2022,103304,,,
ABS:ABS_HH_PROV(1.0.0),6GHOB,4,1,A,2023,105057,,,
ABS:ABS_HH_PROV(1.0.0),6GHOB,4,1,A,2024,106620,,,
ABS:ABS_HH_PROV(1.0.0),6GHOB,4,1,A,2025,108119,,,
ABS:ABS_HH_PROV(1.0.0),6GHOB,4,1,A,2026,109492,,,
ABS:ABS_HH_PROV(1.0.0),6GHOB,4,1,A,2027,110857,,,
ABS:ABS_HH_PROV(1.0.0),6GHOB,4,1,A,2028,112119,,,
ABS:ABS_HH_PROV(1.0.0),6GHOB,4,1,A,2029,113299,,,
ABS:ABS_HH_PROV(1.0.0),6GHOB,4,1,A,2030,114459,,,
ABS:ABS_HH_PROV(1.0.0),6GHOB,4,1,A,2031,115522,,,
ABS:ABS_HH_PROV(1.0.0),6GHOB,4,1,A,2032,116435,,,
ABS:ABS_HH_PROV(1.0.0),6GHOB,4,1,A,2033,117313,,,
ABS:ABS_HH_PROV(1.0.0),6GHOB,4,1,A,2034,118160,,,
ABS:ABS_HH_PROV(1.0.0),6GHOB,4,1,A,2035,118974,,,
ABS:ABS_HH_PROV(1.0.0),6GHOB,4,1,A,2036,119770,,,
ABS:ABS_HH_PROV(1.0.0),6GHOB,4,1,A,2037,120475,,,
ABS:ABS_HH_PROV(1.0.0),6GHOB,4,1,A,2038,121119,,,
ABS:ABS_HH_PROV(1.0.0),6GHOB,4,1,A,2039,121740,,,
ABS:ABS_HH_PROV(1.0.0),6GHOB,4,1,A,2040,122320,,,
ABS:ABS_HH_PROV(1.0.0),6GHOB,4,1,A,2041,122884,,,
ABS:ABS_HH_PROV(1.0.0),6GHOB,4,1,A,2042,123402,,,
ABS:ABS_HH_PROV(1.0.0),6GHOB,4,1,A,2043,123883,,,
ABS:ABS_HH_PROV(1.0.0),6GHOB,4,1,A,2044,124343,,,
ABS:ABS_HH_PROV(1.0.0),6GHOB,4,1,A,2045,124782,,,
ABS:ABS_HH_PROV(1.0.0),6GHOB,4,1,A,2046,125204,,,
ABS:ABS_HH_PROV(1.0.0),1RNSW,4,3,A,2021,1172658,,,
ABS:ABS_HH_PROV(1.0.0),1RNSW,4,3,A,2022,1182603,,,
ABS:ABS_HH_PROV(1.0.0),1RNSW,4,3,A,2023,1198944,,,
ABS:ABS_HH_PROV(1.0.0),1RNSW,4,3,A,2024,1214199,,,
ABS:ABS_HH_PROV(1.0.0),1RNSW,4,3,A,2025,1229085,,,
ABS:ABS_HH_PROV(1.0.0),1RNSW,4,3,A,2026,1243334,,,
ABS:ABS_HH_PROV(1.0.0),1RNSW,4,3,A,2027,1256609,,,
ABS:ABS_HH_PROV(1.0.0),1RNSW,4,3,A,2028,1269763,,,
ABS:ABS_HH_PROV(1.0.0),1RNSW,4,3,A,2029,1282880,,,
ABS:ABS_HH_PROV(1.0.0),1RNSW,4,3,A,2030,1296072,,,
ABS:ABS_HH_PROV(1.0.0),1RNSW,4,3,A,2031,1309143,,,
ABS:ABS_HH_PROV(1.0.0),1RNSW,4,3,A,2032,1322108,,,
ABS:ABS_HH_PROV(1.0.0),1RNSW,4,3,A,2033,1334939,,,
ABS:ABS_HH_PROV(1.0.0),1RNSW,4,3,A,2034,1347638,,,
ABS:ABS_HH_PROV(1.0.0),1RNSW,4,3,A,2035,1360310,,,
ABS:ABS_HH_PROV(1.0.0),1RNSW,4,3,A,2036,1372953,,,
ABS:ABS_HH_PROV(1.0.0),1RNSW,4,3,A,2037,1385394,,,
ABS:ABS_HH_PROV(1.0.0),1RNSW,4,3,A,2038,1397630,,,
ABS:ABS_HH_PROV(1.0.0),1RNSW,4,3,A,2039,1409777,,,
ABS:ABS_HH_PROV(1.0.0),1RNSW,4,3,A,2040,1421882,,,
ABS:ABS_HH_PROV(1.0.0),1RNSW,4,3,A,2041,1434095,,,
ABS:ABS_HH_PROV(1.0.0),1RNSW,4,3,A,2042,1446317,,,
ABS:ABS_HH_PROV(1.0.0),1RNSW,4,3,A,2043,1458221,,,
ABS:ABS_HH_PROV(1.0.0),1RNSW,4,3,A,2044,1470191,,,
ABS:ABS_HH_PROV(1.0.0),1RNSW,4,3,A,2045,1482193,,,
ABS:ABS_HH_PROV(1.0.0),1RNSW,4,3,A,2046,1494356,,,
ABS:ABS_HH_PROV(1.0.0),4RSAU,31,2,A,2021,55400,,,
ABS:ABS_HH_PROV(1.0.0),4RSAU,31,2,A,2022,56347,,,
ABS:ABS_HH_PROV(1.0.0),4RSAU,31,2,A,2023,57029,,,
ABS:ABS_HH_PROV(1.0.0),4RSAU,31,2,A,2024,57648,,,
ABS:ABS_HH_PROV(1.0.0),4RSAU,31,2,A,2025,58276,,,
ABS:ABS_HH_PROV(1.0.0),4RSAU,31,2,A,2026,58963,,,
ABS:ABS_HH_PROV(1.0.0),4RSAU,31,2,A,2027,59619,,,
ABS:ABS_HH_PROV(1.0.0),4RSAU,31,2,A,2028,60193,,,
ABS:ABS_HH_PROV(1.0.0),4RSAU,31,2,A,2029,60726,,,
ABS:ABS_HH_PROV(1.0.0),4RSAU,31,2,A,2030,61215,,,
ABS:ABS_HH_PROV(1.0.0),4RSAU,31,2,A,2031,61667,,,
ABS:ABS_HH_PROV(1.0.0),4RSAU,31,2,A,2032,62089,,,
ABS:ABS_HH_PROV(1.0.0),4RSAU,31,2,A,2033,62440,,,
ABS:ABS_HH_PROV(1.0.0),4RSAU,31,2,A,2034,62730,,,
ABS:ABS_HH_PROV(1.0.0),4RSAU,31,2,A,2035,62981,,,
ABS:ABS_HH_PROV(1.0.0),4RSAU,31,2,A,2036,63204,,,
ABS:ABS_HH_PROV(1.0.0),4RSAU,31,2,A,2037,63360,,,
ABS:ABS_HH_PROV(1.0.0),4RSAU,31,2,A,2038,63499,,,
ABS:ABS_HH_PROV(1.0.0),4RSAU,31,2,A,2039,63604,,,
ABS:ABS_HH_PROV(1.0.0),4RSAU,31,2,A,2040,63671,,,
ABS:ABS_HH_PROV(1.0.0),4RSAU,31,2,A,2041,63736,,,
ABS:ABS_HH_PROV(1.0.0),4RSAU,31,2,A,2042,63742,,,
ABS:ABS_HH_PROV(1.0.0),4RSAU,31,2,A,2043,63720,,,
ABS:ABS_HH_PROV(1.0.0),4RSAU,31,2,A,2044,63671,,,
ABS:ABS_HH_PROV(1.0.0),4RSAU,31,2,A,2045,63596,,,
ABS:ABS_HH_PROV(1.0.0),4RSAU,31,2,A,2046,63497,,,
ABS:ABS_HH_PROV(1.0.0),9OTER,1_2,3,A,2021,1188,,,
ABS:ABS_HH_PROV(1.0.0),9OTER,1_2,3,A,2022,1195,,,
ABS:ABS_HH_PROV(1.0.0),9OTER,1_2,3,A,2023,1197,,,
ABS:ABS_HH_PROV(1.0.0),9OTER,1_2,3,A,2024,1190,,,
ABS:ABS_HH_PROV(1.0.0),9OTER,1_2,3,A,2025,1183,,,
ABS:ABS_HH_PROV(1.0.0),9OTER,1_2,3,A,2026,1178,,,
ABS:ABS_HH_PROV(1.0.0),9OTER,1_2,3,A,2027,1170,,,
ABS:ABS_HH_PROV(1.0.0),9OTER,1_2,3,A,2028,1169,,,
ABS:ABS_HH_PROV(1.0.0),9OTER,1_2,3,A,2029,1164,,,
ABS:ABS_HH_PROV(1.0.0),9OTER,1_2,3,A,2030,1159,,,
ABS:ABS_HH_PROV(1.0.0),9OTER,1_2,3,A,2031,1152,,,
ABS:ABS_HH_PROV(1.0.0),9OTER,1_2,3,A,2032,1150,,,
ABS:ABS_HH_PROV(1.0.0),9OTER,1_2,3,A,2033,1140,,,
ABS:ABS_HH_PROV(1.0.0),9OTER,1_2,3,A,2034,1134,,,
ABS:ABS_HH_PROV(1.0.0),9OTER,1_2,3,A,2035,1127,,,
ABS:ABS_HH_PROV(1.0.0),9OTER,1_2,3,A,2036,1112,,,
ABS:ABS_HH_PROV(1.0.0),9OTER,1_2,3,A,2037,1100,,,
ABS:ABS_HH_PROV(1.0.0),9OTER,1_2,3,A,2038,1090,,,
ABS:ABS_HH_PROV(1.0.0),9OTER,1_2,3,A,2039,1082,,,
ABS:ABS_HH_PROV(1.0.0),9OTER,1_2,3,A,2040,1073,,,
ABS:ABS_HH_PROV(1.0.0),9OTER,1_2,3,A,2041,1061,,,
ABS:ABS_HH_PROV(1.0.0),9OTER,1_2,3,A,2042,1044,,,
ABS:ABS_HH_PROV(1.0.0),9OTER,1_2,3,A,2043,1027,,,
ABS:ABS_HH_PROV(1.0.0),9OTER,1_2,3,A,2044,1014,,,
ABS:ABS_HH_PROV(1.0.0),9OTER,1_2,3,A,2045,999,,,
ABS:ABS_HH_PROV(1.0.0),9OTER,1_2,3,A,2046,985,,,
ABS:ABS_HH_PROV(1.0.0),8ACTE,31,2,A,2021,46828,,,
ABS:ABS_HH_PROV(1.0.0),8ACTE,31,2,A,2022,45485,,,
ABS:ABS_HH_PROV(1.0.0),8ACTE,31,2,A,2023,46464,,,
ABS:ABS_HH_PROV(1.0.0),8ACTE,31,2,A,2024,47380,,,
ABS:ABS_HH_PROV(1.0.0),8ACTE,31,2,A,2025,48316,,,
ABS:ABS_HH_PROV(1.0.0),8ACTE,31,2,A,2026,49324,,,
ABS:ABS_HH_PROV(1.0.0),8ACTE,31,2,A,2027,50388,,,
ABS:ABS_HH_PROV(1.0.0),8ACTE,31,2,A,2028,51381,,,
ABS:ABS_HH_PROV(1.0.0),8ACTE,31,2,A,2029,52386,,,
ABS:ABS_HH_PROV(1.0.0),8ACTE,31,2,A,2030,53347,,,
ABS:ABS_HH_PROV(1.0.0),8ACTE,31,2,A,2031,54305,,,
ABS:ABS_HH_PROV(1.0.0),8ACTE,31,2,A,2032,55254,,,
ABS:ABS_HH_PROV(1.0.0),8ACTE,31,2,A,2033,56077,,,
ABS:ABS_HH_PROV(1.0.0),8ACTE,31,2,A,2034,56932,,,
ABS:ABS_HH_PROV(1.0.0),8ACTE,31,2,A,2035,57822,,,
ABS:ABS_HH_PROV(1.0.0),8ACTE,31,2,A,2036,58705,,,
ABS:ABS_HH_PROV(1.0.0),8ACTE,31,2,A,2037,59601,,,
ABS:ABS_HH_PROV(1.0.0),8ACTE,31,2,A,2038,60491,,,
ABS:ABS_HH_PROV(1.0.0),8ACTE,31,2,A,2039,61366,,,
ABS:ABS_HH_PROV(1.0.0),8ACTE,31,2,A,2040,62239,,,
ABS:ABS_HH_PROV(1.0.0),8ACTE,31,2,A,2041,63124,,,
ABS:ABS_HH_PROV(1.0.0),8ACTE,31,2,A,2042,63967,,,
ABS:ABS_HH_PROV(1.0.0),8ACTE,31,2,A,2043,64769,,,
ABS:ABS_HH_PROV(1.0.0),8ACTE,31,2,A,2044,65557,,,
ABS:ABS_HH_PROV(1.0.0),8ACTE,31,2,A,2045,66325,,,
ABS:ABS_HH_PROV(1.0.0),8ACTE,31,2,A,2046,67066,,,
ABS:ABS_HH_PROV(1.0.0),4GADE,1_2,3,A,2021,385092,,,
ABS:ABS_HH_PROV(1.0.0),4GADE,1_2,3,A,2022,389336,,,
ABS:ABS_HH_PROV(1.0.0),4GADE,1_2,3,A,2023,396425,,,
ABS:ABS_HH_PROV(1.0.0),4GADE,1_2,3,A,2024,402288,,,
ABS:ABS_HH_PROV(1.0.0),4GADE,1_2,3,A,2025,407899,,,
ABS:ABS_HH_PROV(1.0.0),4GADE,1_2,3,A,2026,413014,,,
ABS:ABS_HH_PROV(1.0.0),4GADE,1_2,3,A,2027,417522,,,
ABS:ABS_HH_PROV(1.0.0),4GADE,1_2,3,A,2028,421833,,,
ABS:ABS_HH_PROV(1.0.0),4GADE,1_2,3,A,2029,426015,,,
ABS:ABS_HH_PROV(1.0.0),4GADE,1_2,3,A,2030,430035,,,
ABS:ABS_HH_PROV(1.0.0),4GADE,1_2,3,A,2031,433790,,,
ABS:ABS_HH_PROV(1.0.0),4GADE,1_2,3,A,2032,437115,,,
ABS:ABS_HH_PROV(1.0.0),4GADE,1_2,3,A,2033,440434,,,
ABS:ABS_HH_PROV(1.0.0),4GADE,1_2,3,A,2034,443729,,,
ABS:ABS_HH_PROV(1.0.0),4GADE,1_2,3,A,2035,447023,,,
ABS:ABS_HH_PROV(1.0.0),4GADE,1_2,3,A,2036,450203,,,
ABS:ABS_HH_PROV(1.0.0),4GADE,1_2,3,A,2037,453321,,,
ABS:ABS_HH_PROV(1.0.0),4GADE,1_2,3,A,2038,456325,,,
ABS:ABS_HH_PROV(1.0.0),4GADE,1_2,3,A,2039,459239,,,
ABS:ABS_HH_PROV(1.0.0),4GADE,1_2,3,A,2040,462064,,,
ABS:ABS_HH_PROV(1.0.0),4GADE,1_2,3,A,2041,464804,,,
ABS:ABS_HH_PROV(1.0.0),4GADE,1_2,3,A,2042,467412,,,
ABS:ABS_HH_PROV(1.0.0),4GADE,1_2,3,A,2043,469868,,,
ABS:ABS_HH_PROV(1.0.0),4GADE,1_2,3,A,2044,472187,,,
ABS:ABS_HH_PROV(1.0.0),4GADE,1_2,3,A,2045,474369,,,
ABS:ABS_HH_PROV(1.0.0),4GADE,1_2,3,A,2046,476513,,,
ABS:ABS_HH_PROV(1.0.0),5,32,2,A,2021,36944,,,
ABS:ABS_HH_PROV(1.0.0),5,32,2,A,2022,37457,,,
ABS:ABS_HH_PROV(1.0.0),5,32,2,A,2023,38261,,,
ABS:ABS_HH_PROV(1.0.0),5,32,2,A,2024,38932,,,
ABS:ABS_HH_PROV(1.0.0),5,32,2,A,2025,39622,,,
ABS:ABS_HH_PROV(1.0.0),5,32,2,A,2026,40352,,,
ABS:ABS_HH_PROV(1.0.0),5,32,2,A,2027,41008,,,
ABS:ABS_HH_PROV(1.0.0),5,32,2,A,2028,41688,,,
ABS:ABS_HH_PROV(1.0.0),5,32,2,A,2029,42335,,,
ABS:ABS_HH_PROV(1.0.0),5,32,2,A,2030,42988,,,
ABS:ABS_HH_PROV(1.0.0),5,32,2,A,2031,43660,,,
ABS:ABS_HH_PROV(1.0.0),5,32,2,A,2032,44304,,,
ABS:ABS_HH_PROV(1.0.0),5,32,2,A,2033,44947,,,
ABS:ABS_HH_PROV(1.0.0),5,32,2,A,2034,45537,,,
ABS:ABS_HH_PROV(1.0.0),5,32,2,A,2035,46093,,,
ABS:ABS_HH_PROV(1.0.0),5,32,2,A,2036,46632,,,
ABS:ABS_HH_PROV(1.0.0),5,32,2,A,2037,47056,,,
ABS:ABS_HH_PROV(1.0.0),5,32,2,A,2038,47434,,,
ABS:ABS_HH_PROV(1.0.0),5,32,2,A,2039,47779,,,
ABS:ABS_HH_PROV(1.0.0),5,32,2,A,2040,48060,,,
ABS:ABS_HH_PROV(1.0.0),5,32,2,A,2041,48331,,,
ABS:ABS_HH_PROV(1.0.0),5,32,2,A,2042,48576,,,
ABS:ABS_HH_PROV(1.0.0),5,32,2,A,2043,48753,,,
ABS:ABS_HH_PROV(1.0.0),5,32,2,A,2044,48924,,,
ABS:ABS_HH_PROV(1.0.0),5,32,2,A,2045,49077,,,
ABS:ABS_HH_PROV(1.0.0),5,32,2,A,2046,49205,,,
ABS:ABS_HH_PROV(1.0.0),8,31,2,A,2021,46828,,,
ABS:ABS_HH_PROV(1.0.0),8,31,2,A,2022,45485,,,
ABS:ABS_HH_PROV(1.0.0),8,31,2,A,2023,46464,,,
ABS:ABS_HH_PROV(1.0.0),8,31,2,A,2024,47380,,,
ABS:ABS_HH_PROV(1.0.0),8,31,2,A,2025,48316,,,
ABS:ABS_HH_PROV(1.0.0),8,31,2,A,2026,49324,,,
ABS:ABS_HH_PROV(1.0.0),8,31,2,A,2027,50388,,,
ABS:ABS_HH_PROV(1.0.0),8,31,2,A,2028,51381,,,
ABS:ABS_HH_PROV(1.0.0),8,31,2,A,2029,52386,,,
ABS:ABS_HH_PROV(1.0.0),8,31,2,A,2030,53347,,,
ABS:ABS_HH_PROV(1.0.0),8,31,2,A,2031,54305,,,
ABS:ABS_HH_PROV(1.0.0),8,31,2,A,2032,55254,,,
ABS:ABS_HH_PROV(1.0.0),8,31,2,A,2033,56077,,,
ABS:ABS_HH_PROV(1.0.0),8,31,2,A,2034,56932,,,
ABS:ABS_HH_PROV(1.0.0),8,31,2,A,2035,57822,,,
ABS:ABS_HH_PROV(1.0.0),8,31,2,A,2036,58705,,,
ABS:ABS_HH_PROV(1.0.0),8,31,2,A,2037,59601,,,
ABS:ABS_HH_PROV(1.0.0),8,31,2,A,2038,60491,,,
ABS:ABS_HH_PROV(1.0.0),8,31,2,A,2039,61366,,,
ABS:ABS_HH_PROV(1.0.0),8,31,2,A,2040,62239,,,
ABS:ABS_HH_PROV(1.0.0),8,31,2,A,2041,63124,,,
ABS:ABS_HH_PROV(1.0.0),8,31,2,A,2042,63967,,,
ABS:ABS_HH_PROV(1.0.0),8,31,2,A,2043,64769,,,
ABS:ABS_HH_PROV(1.0.0),8,31,2,A,2044,65557,,,
ABS:ABS_HH_PROV(1.0.0),8,31,2,A,2045,66325,,,
ABS:ABS_HH_PROV(1.0.0),8,31,2,A,2046,67066,,,
ABS:ABS_HH_PROV(1.0.0),7,32,1,A,2021,4282,,,
ABS:ABS_HH_PROV(1.0.0),7,32,1,A,2022,4318,,,
ABS:ABS_HH_PROV(1.0.0),7,32,1,A,2023,4370,,,
ABS:ABS_HH_PROV(1.0.0),7,32,1,A,2024,4390,,,
ABS:ABS_HH_PROV(1.0.0),7,32,1,A,2025,4417,,,
ABS:ABS_HH_PROV(1.0.0),7,32,1,A,2026,4451,,,
ABS:ABS_HH_PROV(1.0.0),7,32,1,A,2027,4498,,,
ABS:ABS_HH_PROV(1.0.0),7,32,1,A,2028,4551,,,
ABS:ABS_HH_PROV(1.0.0),7,32,1,A,2029,4599,,,
ABS:ABS_HH_PROV(1.0.0),7,32,1,A,2030,4648,,,
ABS:ABS_HH_PROV(1.0.0),7,32,1,A,2031,4692,,,
ABS:ABS_HH_PROV(1.0.0),7,32,1,A,2032,4741,,,
ABS:ABS_HH_PROV(1.0.0),7,32,1,A,2033,4791,,,
ABS:ABS_HH_PROV(1.0.0),7,32,1,A,2034,4839,,,
ABS:ABS_HH_PROV(1.0.0),7,32,1,A,2035,4884,,,
ABS:ABS_HH_PROV(1.0.0),7,32,1,A,2036,4927,,,
ABS:ABS_HH_PROV(1.0.0),7,32,1,A,2037,4969,,,
ABS:ABS_HH_PROV(1.0.0),7,32,1,A,2038,5006,,,
ABS:ABS_HH_PROV(1.0.0),7,32,1,A,2039,5043,,,
ABS:ABS_HH_PROV(1.0.0),7,32,1,A,2040,5076,,,
ABS:ABS_HH_PROV(1.0.0),7,32,1,A,2041,5107,,,
ABS:ABS_HH_PROV(1.0.0),7,32,1,A,2042,5137,,,
ABS:ABS_HH_PROV(1.0.0),7,32,1,A,2043,5163,,,
ABS:ABS_HH_PROV(1.0.0),7,32,1,A,2044,5193,,,
ABS:ABS_HH_PROV(1.0.0),7,32,1,A,2045,5219,,,
ABS:ABS_HH_PROV(1.0.0),7,32,1,A,2046,5244,,,
ABS:ABS_HH_PROV(1.0.0),9,4,2,A,2021,1798,,,
ABS:ABS_HH_PROV(1.0.0),9,4,2,A,2022,1793,,,
ABS:ABS_HH_PROV(1.0.0),9,4,2,A,2023,1803,,,
ABS:ABS_HH_PROV(1.0.0),9,4,2,A,2024,1807,,,
ABS:ABS_HH_PROV(1.0.0),9,4,2,A,2025,1810,,,
ABS:ABS_HH_PROV(1.0.0),9,4,2,A,2026,1823,,,
ABS:ABS_HH_PROV(1.0.0),9,4,2,A,2027,1827,,,
ABS:ABS_HH_PROV(1.0.0),9,4,2,A,2028,1836,,,
ABS:ABS_HH_PROV(1.0.0),9,4,2,A,2029,1844,,,
ABS:ABS_HH_PROV(1.0.0),9,4,2,A,2030,1851,,,
ABS:ABS_HH_PROV(1.0.0),9,4,2,A,2031,1855,,,
ABS:ABS_HH_PROV(1.0.0),9,4,2,A,2032,1865,,,
ABS:ABS_HH_PROV(1.0.0),9,4,2,A,2033,1872,,,
ABS:ABS_HH_PROV(1.0.0),9,4,2,A,2034,1881,,,
ABS:ABS_HH_PROV(1.0.0),9,4,2,A,2035,1879,,,
ABS:ABS_HH_PROV(1.0.0),9,4,2,A,2036,1869,,,
ABS:ABS_HH_PROV(1.0.0),9,4,2,A,2037,1860,,,
ABS:ABS_HH_PROV(1.0.0),9,4,2,A,2038,1855,,,
ABS:ABS_HH_PROV(1.0.0),9,4,2,A,2039,1851,,,
ABS:ABS_HH_PROV(1.0.0),9,4,2,A,2040,1847,,,
ABS:ABS_HH_PROV(1.0.0),9,4,2,A,2041,1832,,,
ABS:ABS_HH_PROV(1.0.0),9,4,2,A,2042,1815,,,
ABS:ABS_HH_PROV(1.0.0),9,4,2,A,2043,1807,,,
ABS:ABS_HH_PROV(1.0.0),9,4,2,A,2044,1792,,,
ABS:ABS_HH_PROV(1.0.0),9,4,2,A,2045,1774,,,
ABS:ABS_HH_PROV(1.0.0),9,4,2,A,2046,1759,,,
ABS:ABS_HH_PROV(1.0.0),1,4,2,A,2021,3137182,,,
ABS:ABS_HH_PROV(1.0.0),1,4,2,A,2022,3156233,,,
ABS:ABS_HH_PROV(1.0.0),1,4,2,A,2023,3210164,,,
ABS:ABS_HH_PROV(1.0.0),1,4,2,A,2024,3257015,,,
ABS:ABS_HH_PROV(1.0.0),1,4,2,A,2025,3304237,,,
ABS:ABS_HH_PROV(1.0.0),1,4,2,A,2026,3350391,,,
ABS:ABS_HH_PROV(1.0.0),1,4,2,A,2027,3399493,,,
ABS:ABS_HH_PROV(1.0.0),1,4,2,A,2028,3447435,,,
ABS:ABS_HH_PROV(1.0.0),1,4,2,A,2029,3494409,,,
ABS:ABS_HH_PROV(1.0.0),1,4,2,A,2030,3540671,,,
ABS:ABS_HH_PROV(1.0.0),1,4,2,A,2031,3585446,,,
ABS:ABS_HH_PROV(1.0.0),1,4,2,A,2032,3630546,,,
ABS:ABS_HH_PROV(1.0.0),1,4,2,A,2033,3674894,,,
ABS:ABS_HH_PROV(1.0.0),1,4,2,A,2034,3718428,,,
ABS:ABS_HH_PROV(1.0.0),1,4,2,A,2035,3761342,,,
ABS:ABS_HH_PROV(1.0.0),1,4,2,A,2036,3803522,,,
ABS:ABS_HH_PROV(1.0.0),1,4,2,A,2037,3846954,,,
ABS:ABS_HH_PROV(1.0.0),1,4,2,A,2038,3889134,,,
ABS:ABS_HH_PROV(1.0.0),1,4,2,A,2039,3930374,,,
ABS:ABS_HH_PROV(1.0.0),1,4,2,A,2040,3970527,,,
ABS:ABS_HH_PROV(1.0.0),1,4,2,A,2041,4010144,,,
ABS:ABS_HH_PROV(1.0.0),1,4,2,A,2042,4049036,,,
ABS:ABS_HH_PROV(1.0.0),1,4,2,A,2043,4086342,,,
ABS:ABS_HH_PROV(1.0.0),1,4,2,A,2044,4122889,,,
ABS:ABS_HH_PROV(1.0.0),1,4,2,A,2045,4158434,,,
ABS:ABS_HH_PROV(1.0.0),1,4,2,A,2046,4193481,,,
ABS:ABS_HH_PROV(1.0.0),1GSYD,1_2,2,A,2021,1396901,,,
ABS:ABS_HH_PROV(1.0.0),1GSYD,1_2,2,A,2022,1403179,,,
ABS:ABS_HH_PROV(1.0.0),1GSYD,1_2,2,A,2023,1428915,,,
ABS:ABS_HH_PROV(1.0.0),1GSYD,1_2,2,A,2024,1450437,,,
ABS:ABS_HH_PROV(1.0.0),1GSYD,1_2,2,A,2025,1472561,,,
ABS:ABS_HH_PROV(1.0.0),1GSYD,1_2,2,A,2026,1494200,,,
ABS:ABS_HH_PROV(1.0.0),1GSYD,1_2,2,A,2027,1516323,,,
ABS:ABS_HH_PROV(1.0.0),1GSYD,1_2,2,A,2028,1537551,,,
ABS:ABS_HH_PROV(1.0.0),1GSYD,1_2,2,A,2029,1558086,,,
ABS:ABS_HH_PROV(1.0.0),1GSYD,1_2,2,A,2030,1578223,,,
ABS:ABS_HH_PROV(1.0.0),1GSYD,1_2,2,A,2031,1597145,,,
ABS:ABS_HH_PROV(1.0.0),1GSYD,1_2,2,A,2032,1614883,,,
ABS:ABS_HH_PROV(1.0.0),1GSYD,1_2,2,A,2033,1632288,,,
ABS:ABS_HH_PROV(1.0.0),1GSYD,1_2,2,A,2034,1649501,,,
ABS:ABS_HH_PROV(1.0.0),1GSYD,1_2,2,A,2035,1666635,,,
ABS:ABS_HH_PROV(1.0.0),1GSYD,1_2,2,A,2036,1683223,,,
ABS:ABS_HH_PROV(1.0.0),1GSYD,1_2,2,A,2037,1699686,,,
ABS:ABS_HH_PROV(1.0.0),1GSYD,1_2,2,A,2038,1715542,,,
ABS:ABS_HH_PROV(1.0.0),1GSYD,1_2,2,A,2039,1730922,,,
ABS:ABS_HH_PROV(1.0.0),1GSYD,1_2,2,A,2040,1745853,,,
ABS:ABS_HH_PROV(1.0.0),1GSYD,1_2,2,A,2041,1760244,,,
ABS:ABS_HH_PROV(1.0.0),1GSYD,1_2,2,A,2042,1774175,,,
ABS:ABS_HH_PROV(1.0.0),1GSYD,1_2,2,A,2043,1787350,,,
ABS:ABS_HH_PROV(1.0.0),1GSYD,1_2,2,A,2044,1800061,,,
ABS:ABS_HH_PROV(1.0.0),1GSYD,1_2,2,A,2045,1812164,,,
ABS:ABS_HH_PROV(1.0.0),1GSYD,1_2,2,A,2046,1823833,,,
ABS:ABS_HH_PROV(1.0.0),4GADE,32,2,A,2021,21463,,,
ABS:ABS_HH_PROV(1.0.0),4GADE,32,2,A,2022,21890,,,
ABS:ABS_HH_PROV(1.0.0),4GADE,32,2,A,2023,22518,,,
ABS:ABS_HH_PROV(1.0.0),4GADE,32,2,A,2024,23033,,,
ABS:ABS_HH_PROV(1.0.0),4GADE,32,2,A,2025,23501,,,
ABS:ABS_HH_PROV(1.0.0),4GADE,32,2,A,2026,23959,,,
ABS:ABS_HH_PROV(1.0.0),4GADE,32,2,A,2027,24304,,,
ABS:ABS_HH_PROV(1.0.0),4GADE,32,2,A,2028,24652,,,
ABS:ABS_HH_PROV(1.0.0),4GADE,32,2,A,2029,24974,,,
ABS:ABS_HH_PROV(1.0.0),4GADE,32,2,A,2030,25255,,,
ABS:ABS_HH_PROV(1.0.0),4GADE,32,2,A,2031,25522,,,
ABS:ABS_HH_PROV(1.0.0),4GADE,32,2,A,2032,25744,,,
ABS:ABS_HH_PROV(1.0.0),4GADE,32,2,A,2033,25964,,,
ABS:ABS_HH_PROV(1.0.0),4GADE,32,2,A,2034,26161,,,
ABS:ABS_HH_PROV(1.0.0),4GADE,32,2,A,2035,26331,,,
ABS:ABS_HH_PROV(1.0.0),4GADE,32,2,A,2036,26504,,,
ABS:ABS_HH_PROV(1.0.0),4GADE,32,2,A,2037,26589,,,
ABS:ABS_HH_PROV(1.0.0),4GADE,32,2,A,2038,26659,,,
ABS:ABS_HH_PROV(1.0.0),4GADE,32,2,A,2039,26717,,,
ABS:ABS_HH_PROV(1.0.0),4GADE,32,2,A,2040,26755,,,
ABS:ABS_HH_PROV(1.0.0),4GADE,32,2,A,2041,26808,,,
ABS:ABS_HH_PROV(1.0.0),4GADE,32,2,A,2042,26853,,,
ABS:ABS_HH_PROV(1.0.0),4GADE,32,2,A,2043,26886,,,
ABS:ABS_HH_PROV(1.0.0),4GADE,32,2,A,2044,26920,,,
ABS:ABS_HH_PROV(1.0.0),4GADE,32,2,A,2045,26957,,,
ABS:ABS_HH_PROV(1.0.0),4GADE,32,2,A,2046,26985,,,
ABS:ABS_HH_PROV(1.0.0),6RTAS,1_2,1,A,2021,89939,,,
ABS:ABS_HH_PROV(1.0.0),6RTAS,1_2,1,A,2022,90733,,,
ABS:ABS_HH_PROV(1.0.0),6RTAS,1_2,1,A,2023,91403,,,
ABS:ABS_HH_PROV(1.0.0),6RTAS,1_2,1,A,2024,91933,,,
ABS:ABS_HH_PROV(1.0.0),6RTAS,1_2,1,A,2025,92473,,,
ABS:ABS_HH_PROV(1.0.0),6RTAS,1_2,1,A,2026,92982,,,
ABS:ABS_HH_PROV(1.0.0),6RTAS,1_2,1,A,2027,93454,,,
ABS:ABS_HH_PROV(1.0.0),6RTAS,1_2,1,A,2028,93872,,,
ABS:ABS_HH_PROV(1.0.0),6RTAS,1_2,1,A,2029,94253,,,
ABS:ABS_HH_PROV(1.0.0),6RTAS,1_2,1,A,2030,94598,,,
ABS:ABS_HH_PROV(1.0.0),6RTAS,1_2,1,A,2031,94872,,,
ABS:ABS_HH_PROV(1.0.0),6RTAS,1_2,1,A,2032,95052,,,
ABS:ABS_HH_PROV(1.0.0),6RTAS,1_2,1,A,2033,95217,,,
ABS:ABS_HH_PROV(1.0.0),6RTAS,1_2,1,A,2034,95383,,,
ABS:ABS_HH_PROV(1.0.0),6RTAS,1_2,1,A,2035,95513,,,
ABS:ABS_HH_PROV(1.0.0),6RTAS,1_2,1,A,2036,95611,,,
ABS:ABS_HH_PROV(1.0.0),6RTAS,1_2,1,A,2037,95693,,,
ABS:ABS_HH_PROV(1.0.0),6RTAS,1_2,1,A,2038,95746,,,
ABS:ABS_HH_PROV(1.0.0),6RTAS,1_2,1,A,2039,95776,,,
ABS:ABS_HH_PROV(1.0.0),6RTAS,1_2,1,A,2040,95771,,,
ABS:ABS_HH_PROV(1.0.0),6RTAS,1_2,1,A,2041,95738,,,
ABS:ABS_HH_PROV(1.0.0),6RTAS,1_2,1,A,2042,95691,,,
ABS:ABS_HH_PROV(1.0.0),6RTAS,1_2,1,A,2043,95611,,,
ABS:ABS_HH_PROV(1.0.0),6RTAS,1_2,1,A,2044,95517,,,
ABS:ABS_HH_PROV(1.0.0),6RTAS,1_2,1,A,2045,95398,,,
ABS:ABS_HH_PROV(1.0.0),6RTAS,1_2,1,A,2046,95261,,,
ABS:ABS_HH_PROV(1.0.0),2RVIC,1_2,1,A,2021,439179,,,
ABS:ABS_HH_PROV(1.0.0),2RVIC,1_2,1,A,2022,444958,,,
ABS:ABS_HH_PROV(1.0.0),2RVIC,1_2,1,A,2023,449482,,,
ABS:ABS_HH_PROV(1.0.0),2RVIC,1_2,1,A,2024,454437,,,
ABS:ABS_HH_PROV(1.0.0),2RVIC,1_2,1,A,2025,460509,,,
ABS:ABS_HH_PROV(1.0.0),2RVIC,1_2,1,A,2026,468049,,,
ABS:ABS_HH_PROV(1.0.0),2RVIC,1_2,1,A,2027,476247,,,
ABS:ABS_HH_PROV(1.0.0),2RVIC,1_2,1,A,2028,484788,,,
ABS:ABS_HH_PROV(1.0.0),2RVIC,1_2,1,A,2029,493650,,,
ABS:ABS_HH_PROV(1.0.0),2RVIC,1_2,1,A,2030,502784,,,
ABS:ABS_HH_PROV(1.0.0),2RVIC,1_2,1,A,2031,512092,,,
ABS:ABS_HH_PROV(1.0.0),2RVIC,1_2,1,A,2032,521484,,,
ABS:ABS_HH_PROV(1.0.0),2RVIC,1_2,1,A,2033,531042,,,
ABS:ABS_HH_PROV(1.0.0),2RVIC,1_2,1,A,2034,540789,,,
ABS:ABS_HH_PROV(1.0.0),2RVIC,1_2,1,A,2035,550660,,,
ABS:ABS_HH_PROV(1.0.0),2RVIC,1_2,1,A,2036,560635,,,
ABS:ABS_HH_PROV(1.0.0),2RVIC,1_2,1,A,2037,570702,,,
ABS:ABS_HH_PROV(1.0.0),2RVIC,1_2,1,A,2038,580772,,,
ABS:ABS_HH_PROV(1.0.0),2RVIC,1_2,1,A,2039,590904,,,
ABS:ABS_HH_PROV(1.0.0),2RVIC,1_2,1,A,2040,601055,,,
ABS:ABS_HH_PROV(1.0.0),2RVIC,1_2,1,A,2041,611301,,,
ABS:ABS_HH_PROV(1.0.0),2RVIC,1_2,1,A,2042,621611,,,
ABS:ABS_HH_PROV(1.0.0),2RVIC,1_2,1,A,2043,631862,,,
ABS:ABS_HH_PROV(1.0.0),2RVIC,1_2,1,A,2044,642169,,,
ABS:ABS_HH_PROV(1.0.0),2RVIC,1_2,1,A,2045,652485,,,
ABS:ABS_HH_PROV(1.0.0),2RVIC,1_2,1,A,2046,662926,,,
ABS:ABS_HH_PROV(1.0.0),7GDAR,32,3,A,2021,3101,,,
ABS:ABS_HH_PROV(1.0.0),7GDAR,32,3,A,2022,3134,,,
ABS:ABS_HH_PROV(1.0.0),7GDAR,32,3,A,2023,3184,,,
ABS:ABS_HH_PROV(1.0.0),7GDAR,32,3,A,2024,3211,,,
ABS:ABS_HH_PROV(1.0.0),7GDAR,32,3,A,2025,3241,,,
ABS:ABS_HH_PROV(1.0.0),7GDAR,32,3,A,2026,3276,,,
ABS:ABS_HH_PROV(1.0.0),7GDAR,32,3,A,2027,3320,,,
ABS:ABS_HH_PROV(1.0.0),7GDAR,32,3,A,2028,3371,,,
ABS:ABS_HH_PROV(1.0.0),7GDAR,32,3,A,2029,3418,,,
ABS:ABS_HH_PROV(1.0.0),7GDAR,32,3,A,2030,3465,,,
ABS:ABS_HH_PROV(1.0.0),7GDAR,32,3,A,2031,3507,,,
ABS:ABS_HH_PROV(1.0.0),7GDAR,32,3,A,2032,3554,,,
ABS:ABS_HH_PROV(1.0.0),7GDAR,32,3,A,2033,3606,,,
ABS:ABS_HH_PROV(1.0.0),7GDAR,32,3,A,2034,3655,,,
ABS:ABS_HH_PROV(1.0.0),7GDAR,32,3,A,2035,3702,,,
ABS:ABS_HH_PROV(1.0.0),7GDAR,32,3,A,2036,3750,,,
ABS:ABS_HH_PROV(1.0.0),7GDAR,32,3,A,2037,3796,,,
ABS:ABS_HH_PROV(1.0.0),7GDAR,32,3,A,2038,3839,,,
ABS:ABS_HH_PROV(1.0.0),7GDAR,32,3,A,2039,3880,,,
ABS:ABS_HH_PROV(1.0.0),7GDAR,32,3,A,2040,3917,,,
ABS:ABS_HH_PROV(1.0.0),7GDAR,32,3,A,2041,3952,,,
ABS:ABS_HH_PROV(1.0.0),7GDAR,32,3,A,2042,3987,,,
ABS:ABS_HH_PROV(1.0.0),7GDAR,32,3,A,2043,4017,,,
ABS:ABS_HH_PROV(1.0.0),7GDAR,32,3,A,2044,4049,,,
ABS:ABS_HH_PROV(1.0.0),7GDAR,32,3,A,2045,4080,,,
ABS:ABS_HH_PROV(1.0.0),7GDAR,32,3,A,2046,4110,,,
ABS:ABS_HH_PROV(1.0.0),7GDAR,31,3,A,2021,11932,,,
ABS:ABS_HH_PROV(1.0.0),7GDAR,31,3,A,2022,11957,,,
ABS:ABS_HH_PROV(1.0.0),7GDAR,31,3,A,2023,12181,,,
ABS:ABS_HH_PROV(1.0.0),7GDAR,31,3,A,2024,12333,,,
ABS:ABS_HH_PROV(1.0.0),7GDAR,31,3,A,2025,12485,,,
ABS:ABS_HH_PROV(1.0.0),7GDAR,31,3,A,2026,12620,,,
ABS:ABS_HH_PROV(1.0.0),7GDAR,31,3,A,2027,12761,,,
ABS:ABS_HH_PROV(1.0.0),7GDAR,31,3,A,2028,12895,,,
ABS:ABS_HH_PROV(1.0.0),7GDAR,31,3,A,2029,13002,,,
ABS:ABS_HH_PROV(1.0.0),7GDAR,31,3,A,2030,13110,,,
ABS:ABS_HH_PROV(1.0.0),7GDAR,31,3,A,2031,13200,,,
ABS:ABS_HH_PROV(1.0.0),7GDAR,31,3,A,2032,13284,,,
ABS:ABS_HH_PROV(1.0.0),7GDAR,31,3,A,2033,13364,,,
ABS:ABS_HH_PROV(1.0.0),7GDAR,31,3,A,2034,13435,,,
ABS:ABS_HH_PROV(1.0.0),7GDAR,31,3,A,2035,13504,,,
ABS:ABS_HH_PROV(1.0.0),7GDAR,31,3,A,2036,13561,,,
ABS:ABS_HH_PROV(1.0.0),7GDAR,31,3,A,2037,13613,,,
ABS:ABS_HH_PROV(1.0.0),7GDAR,31,3,A,2038,13658,,,
ABS:ABS_HH_PROV(1.0.0),7GDAR,31,3,A,2039,13698,,,
ABS:ABS_HH_PROV(1.0.0),7GDAR,31,3,A,2040,13733,,,
ABS:ABS_HH_PROV(1.0.0),7GDAR,31,3,A,2041,13770,,,
ABS:ABS_HH_PROV(1.0.0),7GDAR,31,3,A,2042,13802,,,
ABS:ABS_HH_PROV(1.0.0),7GDAR,31,3,A,2043,13826,,,
ABS:ABS_HH_PROV(1.0.0),7GDAR,31,3,A,2044,13852,,,
ABS:ABS_HH_PROV(1.0.0),7GDAR,31,3,A,2045,13875,,,
ABS:ABS_HH_PROV(1.0.0),7GDAR,31,3,A,2046,13899,,,
ABS:ABS_HH_PROV(1.0.0),7RNTE,31,3,A,2021,6045,,,
ABS:ABS_HH_PROV(1.0.0),7RNTE,31,3,A,2022,6152,,,
ABS:ABS_HH_PROV(1.0.0),7RNTE,31,3,A,2023,6291,,,
ABS:ABS_HH_PROV(1.0.0),7RNTE,31,3,A,2024,6393,,,
ABS:ABS_HH_PROV(1.0.0),7RNTE,31,3,A,2025,6485,,,
ABS:ABS_HH_PROV(1.0.0),7RNTE,31,3,A,2026,6589,,,
ABS:ABS_HH_PROV(1.0.0),7RNTE,31,3,A,2027,6689,,,
ABS:ABS_HH_PROV(1.0.0),7RNTE,31,3,A,2028,6787,,,
ABS:ABS_HH_PROV(1.0.0),7RNTE,31,3,A,2029,6877,,,
ABS:ABS_HH_PROV(1.0.0),7RNTE,31,3,A,2030,6961,,,
ABS:ABS_HH_PROV(1.0.0),7RNTE,31,3,A,2031,7035,,,
ABS:ABS_HH_PROV(1.0.0),7RNTE,31,3,A,2032,7104,,,
ABS:ABS_HH_PROV(1.0.0),7RNTE,31,3,A,2033,7167,,,
ABS:ABS_HH_PROV(1.0.0),7RNTE,31,3,A,2034,7230,,,
ABS:ABS_HH_PROV(1.0.0),7RNTE,31,3,A,2035,7283,,,
ABS:ABS_HH_PROV(1.0.0),7RNTE,31,3,A,2036,7341,,,
ABS:ABS_HH_PROV(1.0.0),7RNTE,31,3,A,2037,7391,,,
ABS:ABS_HH_PROV(1.0.0),7RNTE,31,3,A,2038,7438,,,
ABS:ABS_HH_PROV(1.0.0),7RNTE,31,3,A,2039,7482,,,
ABS:ABS_HH_PROV(1.0.0),7RNTE,31,3,A,2040,7518,,,
ABS:ABS_HH_PROV(1.0.0),7RNTE,31,3,A,2041,7561,,,
ABS:ABS_HH_PROV(1.0.0),7RNTE,31,3,A,2042,7598,,,
ABS:ABS_HH_PROV(1.0.0),7RNTE,31,3,A,2043,7627,,,
ABS:ABS_HH_PROV(1.0.0),7RNTE,31,3,A,2044,7652,,,
ABS:ABS_HH_PROV(1.0.0),7RNTE,31,3,A,2045,7669,,,
ABS:ABS_HH_PROV(1.0.0),7RNTE,31,3,A,2046,7685,,,
ABS:ABS_HH_PROV(1.0.0),3GBRI,4,1,A,2021,978126,,,
ABS:ABS_HH_PROV(1.0.0),3GBRI,4,1,A,2022,992582,,,
ABS:ABS_HH_PROV(1.0.0),3GBRI,4,1,A,2023,1023497,,,
ABS:ABS_HH_PROV(1.0.0),3GBRI,4,1,A,2024,1050381,,,
ABS:ABS_HH_PROV(1.0.0),3GBRI,4,1,A,2025,1075476,,,
ABS:ABS_HH_PROV(1.0.0),3GBRI,4,1,A,2026,1098700,,,
ABS:ABS_HH_PROV(1.0.0),3GBRI,4,1,A,2027,1120053,,,
ABS:ABS_HH_PROV(1.0.0),3GBRI,4,1,A,2028,1140753,,,
ABS:ABS_HH_PROV(1.0.0),3GBRI,4,1,A,2029,1160891,,,
ABS:ABS_HH_PROV(1.0.0),3GBRI,4,1,A,2030,1180476,,,
ABS:ABS_HH_PROV(1.0.0),3GBRI,4,1,A,2031,1199482,,,
ABS:ABS_HH_PROV(1.0.0),3GBRI,4,1,A,2032,1217649,,,
ABS:ABS_HH_PROV(1.0.0),3GBRI,4,1,A,2033,1235424,,,
ABS:ABS_HH_PROV(1.0.0),3GBRI,4,1,A,2034,1252760,,,
ABS:ABS_HH_PROV(1.0.0),3GBRI,4,1,A,2035,1269521,,,
ABS:ABS_HH_PROV(1.0.0),3GBRI,4,1,A,2036,1285801,,,
ABS:ABS_HH_PROV(1.0.0),3GBRI,4,1,A,2037,1301361,,,
ABS:ABS_HH_PROV(1.0.0),3GBRI,4,1,A,2038,1316186,,,
ABS:ABS_HH_PROV(1.0.0),3GBRI,4,1,A,2039,1330444,,,
ABS:ABS_HH_PROV(1.0.0),3GBRI,4,1,A,2040,1343895,,,
ABS:ABS_HH_PROV(1.0.0),3GBRI,4,1,A,2041,1356844,,,
ABS:ABS_HH_PROV(1.0.0),3GBRI,4,1,A,2042,1369290,,,
ABS:ABS_HH_PROV(1.0.0),3GBRI,4,1,A,2043,1380944,,,
ABS:ABS_HH_PROV(1.0.0),3GBRI,4,1,A,2044,1392014,,,
ABS:ABS_HH_PROV(1.0.0),3GBRI,4,1,A,2045,1402398,,,
ABS:ABS_HH_PROV(1.0.0),3GBRI,4,1,A,2046,1412268,,,
ABS:ABS_HH_PROV(1.0.0),5RWAU,4,1,A,2021,221512,,,
ABS:ABS_HH_PROV(1.0.0),5RWAU,4,1,A,2022,224472,,,
ABS:ABS_HH_PROV(1.0.0),5RWAU,4,1,A,2023,225918,,,
ABS:ABS_HH_PROV(1.0.0),5RWAU,4,1,A,2024,227237,,,
ABS:ABS_HH_PROV(1.0.0),5RWAU,4,1,A,2025,228946,,,
ABS:ABS_HH_PROV(1.0.0),5RWAU,4,1,A,2026,230883,,,
ABS:ABS_HH_PROV(1.0.0),5RWAU,4,1,A,2027,232911,,,
ABS:ABS_HH_PROV(1.0.0),5RWAU,4,1,A,2028,235029,,,
ABS:ABS_HH_PROV(1.0.0),5RWAU,4,1,A,2029,237263,,,
ABS:ABS_HH_PROV(1.0.0),5RWAU,4,1,A,2030,239648,,,
ABS:ABS_HH_PROV(1.0.0),5RWAU,4,1,A,2031,242097,,,
ABS:ABS_HH_PROV(1.0.0),5RWAU,4,1,A,2032,244604,,,
ABS:ABS_HH_PROV(1.0.0),5RWAU,4,1,A,2033,247181,,,
ABS:ABS_HH_PROV(1.0.0),5RWAU,4,1,A,2034,249859,,,
ABS:ABS_HH_PROV(1.0.0),5RWAU,4,1,A,2035,252617,,,
ABS:ABS_HH_PROV(1.0.0),5RWAU,4,1,A,2036,255445,,,
ABS:ABS_HH_PROV(1.0.0),5RWAU,4,1,A,2037,258293,,,
ABS:ABS_HH_PROV(1.0.0),5RWAU,4,1,A,2038,261169,,,
ABS:ABS_HH_PROV(1.0.0),5RWAU,4,1,A,2039,264115,,,
ABS:ABS_HH_PROV(1.0.0),5RWAU,4,1,A,2040,267105,,,
ABS:ABS_HH_PROV(1.0.0),5RWAU,4,1,A,2041,270176,,,
ABS:ABS_HH_PROV(1.0.0),5RWAU,4,1,A,2042,273326,,,
ABS:ABS_HH_PROV(1.0.0),5RWAU,4,1,A,2043,276494,,,
ABS:ABS_HH_PROV(1.0.0),5RWAU,4,1,A,2044,279747,,,
ABS:ABS_HH_PROV(1.0.0),5RWAU,4,1,A,2045,283073,,,
ABS:ABS_HH_PROV(1.0.0),5RWAU,4,1,A,2046,286483,,,
ABS:ABS_HH_PROV(1.0.0),5GPER,31,2,A,2021,206046,,,
ABS:ABS_HH_PROV(1.0.0),5GPER,31,2,A,2022,208948,,,
ABS:ABS_HH_PROV(1.0.0),5GPER,31,2,A,2023,214389,,,
ABS:ABS_HH_PROV(1.0.0),5GPER,31,2,A,2024,219308,,,
ABS:ABS_HH_PROV(1.0.0),5GPER,31,2,A,2025,223965,,,
ABS:ABS_HH_PROV(1.0.0),5GPER,31,2,A,2026,228425,,,
ABS:ABS_HH_PROV(1.0.0),5GPER,31,2,A,2027,233741,,,
ABS:ABS_HH_PROV(1.0.0),5GPER,31,2,A,2028,238861,,,
ABS:ABS_HH_PROV(1.0.0),5GPER,31,2,A,2029,243848,,,
ABS:ABS_HH_PROV(1.0.0),5GPER,31,2,A,2030,248679,,,
ABS:ABS_HH_PROV(1.0.0),5GPER,31,2,A,2031,253444,,,
ABS:ABS_HH_PROV(1.0.0),5GPER,31,2,A,2032,258710,,,
ABS:ABS_HH_PROV(1.0.0),5GPER,31,2,A,2033,263751,,,
ABS:ABS_HH_PROV(1.0.0),5GPER,31,2,A,2034,268555,,,
ABS:ABS_HH_PROV(1.0.0),5GPER,31,2,A,2035,273165,,,
ABS:ABS_HH_PROV(1.0.0),5GPER,31,2,A,2036,277688,,,
ABS:ABS_HH_PROV(1.0.0),5GPER,31,2,A,2037,282573,,,
ABS:ABS_HH_PROV(1.0.0),5GPER,31,2,A,2038,287246,,,
ABS:ABS_HH_PROV(1.0.0),5GPER,31,2,A,2039,291721,,,
ABS:ABS_HH_PROV(1.0.0),5GPER,31,2,A,2040,295994,,,
ABS:ABS_HH_PROV(1.0.0),5GPER,31,2,A,2041,300189,,,
ABS:ABS_HH_PROV(1.0.0),5GPER,31,2,A,2042,304098,,,
ABS:ABS_HH_PROV(1.0.0),5GPER,31,2,A,2043,307776,,,
ABS:ABS_HH_PROV(1.0.0),5GPER,31,2,A,2044,311290,,,
ABS:ABS_HH_PROV(1.0.0),5GPER,31,2,A,2045,314593,,,
ABS:ABS_HH_PROV(1.0.0),5GPER,31,2,A,2046,317771,,,
ABS:ABS_HH_PROV(1.0.0),5RWAU,31,2,A,2021,64719,,,
ABS:ABS_HH_PROV(1.0.0),5RWAU,31,2,A,2022,66110,,,
ABS:ABS_HH_PROV(1.0.0),5RWAU,31,2,A,2023,65858,,,
ABS:ABS_HH_PROV(1.0.0),5RWAU,31,2,A,2024,65599,,,
ABS:ABS_HH_PROV(1.0.0),5RWAU,31,2,A,2025,65449,,,
ABS:ABS_HH_PROV(1.0.0),5RWAU,31,2,A,2026,65420,,,
ABS:ABS_HH_PROV(1.0.0),5RWAU,31,2,A,2027,65429,,,
ABS:ABS_HH_PROV(1.0.0),5RWAU,31,2,A,2028,65444,,,
ABS:ABS_HH_PROV(1.0.0),5RWAU,31,2,A,2029,65511,,,
ABS:ABS_HH_PROV(1.0.0),5RWAU,31,2,A,2030,65618,,,
ABS:ABS_HH_PROV(1.0.0),5RWAU,31,2,A,2031,65794,,,
ABS:ABS_HH_PROV(1.0.0),5RWAU,31,2,A,2032,66019,,,
ABS:ABS_HH_PROV(1.0.0),5RWAU,31,2,A,2033,66282,,,
ABS:ABS_HH_PROV(1.0.0),5RWAU,31,2,A,2034,66595,,,
ABS:ABS_HH_PROV(1.0.0),5RWAU,31,2,A,2035,66947,,,
ABS:ABS_HH_PROV(1.0.0),5RWAU,31,2,A,2036,67373,,,
ABS:ABS_HH_PROV(1.0.0),5RWAU,31,2,A,2037,67808,,,
ABS:ABS_HH_PROV(1.0.0),5RWAU,31,2,A,2038,68283,,,
ABS:ABS_HH_PROV(1.0.0),5RWAU,31,2,A,2039,68810,,,
ABS:ABS_HH_PROV(1.0.0),5RWAU,31,2,A,2040,69380,,,
ABS:ABS_HH_PROV(1.0.0),5RWAU,31,2,A,2041,70021,,,
ABS:ABS_HH_PROV(1.0.0),5RWAU,31,2,A,2042,70693,,,
ABS:ABS_HH_PROV(1.0.0),5RWAU,31,2,A,2043,71401,,,
ABS:ABS_HH_PROV(1.0.0),5RWAU,31,2,A,2044,72170,,,
ABS:ABS_HH_PROV(1.0.0),5RWAU,31,2,A,2045,72998,,,
ABS:ABS_HH_PROV(1.0.0),5RWAU,31,2,A,2046,73877,,,
ABS:ABS_HH_PROV(1.0.0),3GBRI,31,3,A,2021,238073,,,
ABS:ABS_HH_PROV(1.0.0),3GBRI,31,3,A,2022,243683,,,
ABS:ABS_HH_PROV(1.0.0),3GBRI,31,3,A,2023,252838,,,
ABS:ABS_HH_PROV(1.0.0),3GBRI,31,3,A,2024,261055,,,
ABS:ABS_HH_PROV(1.0.0),3GBRI,31,3,A,2025,268745,,,
ABS:ABS_HH_PROV(1.0.0),3GBRI,31,3,A,2026,275898,,,
ABS:ABS_HH_PROV(1.0.0),3GBRI,31,3,A,2027,282666,,,
ABS:ABS_HH_PROV(1.0.0),3GBRI,31,3,A,2028,289138,,,
ABS:ABS_HH_PROV(1.0.0),3GBRI,31,3,A,2029,295386,,,
ABS:ABS_HH_PROV(1.0.0),3GBRI,31,3,A,2030,301409,,,
ABS:ABS_HH_PROV(1.0.0),3GBRI,31,3,A,2031,307241,,,
ABS:ABS_HH_PROV(1.0.0),3GBRI,31,3,A,2032,312945,,,
ABS:ABS_HH_PROV(1.0.0),3GBRI,31,3,A,2033,318358,,,
ABS:ABS_HH_PROV(1.0.0),3GBRI,31,3,A,2034,323460,,,
ABS:ABS_HH_PROV(1.0.0),3GBRI,31,3,A,2035,328263,,,
ABS:ABS_HH_PROV(1.0.0),3GBRI,31,3,A,2036,332841,,,
ABS:ABS_HH_PROV(1.0.0),3GBRI,31,3,A,2037,337044,,,
ABS:ABS_HH_PROV(1.0.0),3GBRI,31,3,A,2038,340892,,,
ABS:ABS_HH_PROV(1.0.0),3GBRI,31,3,A,2039,344362,,,
ABS:ABS_HH_PROV(1.0.0),3GBRI,31,3,A,2040,347471,,,
ABS:ABS_HH_PROV(1.0.0),3GBRI,31,3,A,2041,350337,,,
ABS:ABS_HH_PROV(1.0.0),3GBRI,31,3,A,2042,352849,,,
ABS:ABS_HH_PROV(1.0.0),3GBRI,31,3,A,2043,355060,,,
ABS:ABS_HH_PROV(1.0.0),3GBRI,31,3,A,2044,357026,,,
ABS:ABS_HH_PROV(1.0.0),3GBRI,31,3,A,2045,358716,,,
ABS:ABS_HH_PROV(1.0.0),3GBRI,31,3,A,2046,360236,,,
ABS:ABS_HH_PROV(1.0.0),4RSAU,32,3,A,2021,4210,,,
ABS:ABS_HH_PROV(1.0.0),4RSAU,32,3,A,2022,4267,,,
ABS:ABS_HH_PROV(1.0.0),4RSAU,32,3,A,2023,4351,,,
ABS:ABS_HH_PROV(1.0.0),4RSAU,32,3,A,2024,4420,,,
ABS:ABS_HH_PROV(1.0.0),4RSAU,32,3,A,2025,4486,,,
ABS:ABS_HH_PROV(1.0.0),4RSAU,32,3,A,2026,4559,,,
ABS:ABS_HH_PROV(1.0.0),4RSAU,32,3,A,2027,4636,,,
ABS:ABS_HH_PROV(1.0.0),4RSAU,32,3,A,2028,4710,,,
ABS:ABS_HH_PROV(1.0.0),4RSAU,32,3,A,2029,4785,,,
ABS:ABS_HH_PROV(1.0.0),4RSAU,32,3,A,2030,4856,,,
ABS:ABS_HH_PROV(1.0.0),4RSAU,32,3,A,2031,4924,,,
ABS:ABS_HH_PROV(1.0.0),4RSAU,32,3,A,2032,4995,,,
ABS:ABS_HH_PROV(1.0.0),4RSAU,32,3,A,2033,5061,,,
ABS:ABS_HH_PROV(1.0.0),4RSAU,32,3,A,2034,5129,,,
ABS:ABS_HH_PROV(1.0.0),4RSAU,32,3,A,2035,5193,,,
ABS:ABS_HH_PROV(1.0.0),4RSAU,32,3,A,2036,5255,,,
ABS:ABS_HH_PROV(1.0.0),4RSAU,32,3,A,2037,5313,,,
ABS:ABS_HH_PROV(1.0.0),4RSAU,32,3,A,2038,5373,,,
ABS:ABS_HH_PROV(1.0.0),4RSAU,32,3,A,2039,5431,,,
ABS:ABS_HH_PROV(1.0.0),4RSAU,32,3,A,2040,5486,,,
ABS:ABS_HH_PROV(1.0.0),4RSAU,32,3,A,2041,5543,,,
ABS:ABS_HH_PROV(1.0.0),4RSAU,32,3,A,2042,5597,,,
ABS:ABS_HH_PROV(1.0.0),4RSAU,32,3,A,2043,5648,,,
ABS:ABS_HH_PROV(1.0.0),4RSAU,32,3,A,2044,5701,,,
ABS:ABS_HH_PROV(1.0.0),4RSAU,32,3,A,2045,5754,,,
ABS:ABS_HH_PROV(1.0.0),4RSAU,32,3,A,2046,5805,,,
ABS:ABS_HH_PROV(1.0.0),7,1_2,2,A,2021,57881,,,
ABS:ABS_HH_PROV(1.0.0),7,1_2,2,A,2022,58313,,,
ABS:ABS_HH_PROV(1.0.0),7,1_2,2,A,2023,59442,,,
ABS:ABS_HH_PROV(1.0.0),7,1_2,2,A,2024,60209,,,
ABS:ABS_HH_PROV(1.0.0),7,1_2,2,A,2025,60998,,,
ABS:ABS_HH_PROV(1.0.0),7,1_2,2,A,2026,61769,,,
ABS:ABS_HH_PROV(1.0.0),7,1_2,2,A,2027,62627,,,
ABS:ABS_HH_PROV(1.0.0),7,1_2,2,A,2028,63471,,,
ABS:ABS_HH_PROV(1.0.0),7,1_2,2,A,2029,64214,,,
ABS:ABS_HH_PROV(1.0.0),7,1_2,2,A,2030,64949,,,
ABS:ABS_HH_PROV(1.0.0),7,1_2,2,A,2031,65594,,,
ABS:ABS_HH_PROV(1.0.0),7,1_2,2,A,2032,66242,,,
ABS:ABS_HH_PROV(1.0.0),7,1_2,2,A,2033,66882,,,
ABS:ABS_HH_PROV(1.0.0),7,1_2,2,A,2034,67518,,,
ABS:ABS_HH_PROV(1.0.0),7,1_2,2,A,2035,68154,,,
ABS:ABS_HH_PROV(1.0.0),7,1_2,2,A,2036,68785,,,
ABS:ABS_HH_PROV(1.0.0),7,1_2,2,A,2037,69445,,,
ABS:ABS_HH_PROV(1.0.0),7,1_2,2,A,2038,70086,,,
ABS:ABS_HH_PROV(1.0.0),7,1_2,2,A,2039,70715,,,
ABS:ABS_HH_PROV(1.0.0),7,1_2,2,A,2040,71337,,,
ABS:ABS_HH_PROV(1.0.0),7,1_2,2,A,2041,71955,,,
ABS:ABS_HH_PROV(1.0.0),7,1_2,2,A,2042,72561,,,
ABS:ABS_HH_PROV(1.0.0),7,1_2,2,A,2043,73151,,,
ABS:ABS_HH_PROV(1.0.0),7,1_2,2,A,2044,73721,,,
ABS:ABS_HH_PROV(1.0.0),7,1_2,2,A,2045,74285,,,
ABS:ABS_HH_PROV(1.0.0),7,1_2,2,A,2046,74850,,,
ABS:ABS_HH_PROV(1.0.0),4,31,3,A,2021,215536,,,
ABS:ABS_HH_PROV(1.0.0),4,31,3,A,2022,217796,,,
ABS:ABS_HH_PROV(1.0.0),4,31,3,A,2023,220853,,,
ABS:ABS_HH_PROV(1.0.0),4,31,3,A,2024,223473,,,
ABS:ABS_HH_PROV(1.0.0),4,31,3,A,2025,225917,,,
ABS:ABS_HH_PROV(1.0.0),4,31,3,A,2026,228250,,,
ABS:ABS_HH_PROV(1.0.0),4,31,3,A,2027,230470,,,
ABS:ABS_HH_PROV(1.0.0),4,31,3,A,2028,232420,,,
ABS:ABS_HH_PROV(1.0.0),4,31,3,A,2029,234215,,,
ABS:ABS_HH_PROV(1.0.0),4,31,3,A,2030,235832,,,
ABS:ABS_HH_PROV(1.0.0),4,31,3,A,2031,237329,,,
ABS:ABS_HH_PROV(1.0.0),4,31,3,A,2032,238750,,,
ABS:ABS_HH_PROV(1.0.0),4,31,3,A,2033,239935,,,
ABS:ABS_HH_PROV(1.0.0),4,31,3,A,2034,240943,,,
ABS:ABS_HH_PROV(1.0.0),4,31,3,A,2035,241815,,,
ABS:ABS_HH_PROV(1.0.0),4,31,3,A,2036,242593,,,
ABS:ABS_HH_PROV(1.0.0),4,31,3,A,2037,243202,,,
ABS:ABS_HH_PROV(1.0.0),4,31,3,A,2038,243673,,,
ABS:ABS_HH_PROV(1.0.0),4,31,3,A,2039,244016,,,
ABS:ABS_HH_PROV(1.0.0),4,31,3,A,2040,244260,,,
ABS:ABS_HH_PROV(1.0.0),4,31,3,A,2041,244461,,,
ABS:ABS_HH_PROV(1.0.0),4,31,3,A,2042,244536,,,
ABS:ABS_HH_PROV(1.0.0),4,31,3,A,2043,244522,,,
ABS:ABS_HH_PROV(1.0.0),4,31,3,A,2044,244458,,,
ABS:ABS_HH_PROV(1.0.0),4,31,3,A,2045,244358,,,
ABS:ABS_HH_PROV(1.0.0),4,31,3,A,2046,244195,,,
ABS:ABS_HH_PROV(1.0.0),4,4,1,A,2021,740408,,,
ABS:ABS_HH_PROV(1.0.0),4,4,1,A,2022,749437,,,
ABS:ABS_HH_PROV(1.0.0),4,4,1,A,2023,762379,,,
ABS:ABS_HH_PROV(1.0.0),4,4,1,A,2024,773322,,,
ABS:ABS_HH_PROV(1.0.0),4,4,1,A,2025,783836,,,
ABS:ABS_HH_PROV(1.0.0),4,4,1,A,2026,793821,,,
ABS:ABS_HH_PROV(1.0.0),4,4,1,A,2027,803093,,,
ABS:ABS_HH_PROV(1.0.0),4,4,1,A,2028,811889,,,
ABS:ABS_HH_PROV(1.0.0),4,4,1,A,2029,820314,,,
ABS:ABS_HH_PROV(1.0.0),4,4,1,A,2030,828245,,,
ABS:ABS_HH_PROV(1.0.0),4,4,1,A,2031,835698,,,
ABS:ABS_HH_PROV(1.0.0),4,4,1,A,2032,842519,,,
ABS:ABS_HH_PROV(1.0.0),4,4,1,A,2033,849102,,,
ABS:ABS_HH_PROV(1.0.0),4,4,1,A,2034,855439,,,
ABS:ABS_HH_PROV(1.0.0),4,4,1,A,2035,861503,,,
ABS:ABS_HH_PROV(1.0.0),4,4,1,A,2036,867346,,,
ABS:ABS_HH_PROV(1.0.0),4,4,1,A,2037,872872,,,
ABS:ABS_HH_PROV(1.0.0),4,4,1,A,2038,878056,,,
ABS:ABS_HH_PROV(1.0.0),4,4,1,A,2039,882960,,,
ABS:ABS_HH_PROV(1.0.0),4,4,1,A,2040,887524,,,
ABS:ABS_HH_PROV(1.0.0),4,4,1,A,2041,891957,,,
ABS:ABS_HH_PROV(1.0.0),4,4,1,A,2042,896064,,,
ABS:ABS_HH_PROV(1.0.0),4,4,1,A,2043,899835,,,
ABS:ABS_HH_PROV(1.0.0),4,4,1,A,2044,903381,,,
ABS:ABS_HH_PROV(1.0.0),4,4,1,A,2045,906692,,,
ABS:ABS_HH_PROV(1.0.0),4,4,1,A,2046,909894,,,
ABS:ABS_HH_PROV(1.0.0),3,32,2,A,2021,98049,,,
ABS:ABS_HH_PROV(1.0.0),3,32,2,A,2022,90621,,,
ABS:ABS_HH_PROV(1.0.0),3,32,2,A,2023,93203,,,
ABS:ABS_HH_PROV(1.0.0),3,32,2,A,2024,95447,,,
ABS:ABS_HH_PROV(1.0.0),3,32,2,A,2025,97560,,,
ABS:ABS_HH_PROV(1.0.0),3,32,2,A,2026,99608,,,
ABS:ABS_HH_PROV(1.0.0),3,32,2,A,2027,101409,,,
ABS:ABS_HH_PROV(1.0.0),3,32,2,A,2028,103207,,,
ABS:ABS_HH_PROV(1.0.0),3,32,2,A,2029,104921,,,
ABS:ABS_HH_PROV(1.0.0),3,32,2,A,2030,106492,,,
ABS:ABS_HH_PROV(1.0.0),3,32,2,A,2031,107986,,,
ABS:ABS_HH_PROV(1.0.0),3,32,2,A,2032,109361,,,
ABS:ABS_HH_PROV(1.0.0),3,32,2,A,2033,110719,,,
ABS:ABS_HH_PROV(1.0.0),3,32,2,A,2034,111964,,,
ABS:ABS_HH_PROV(1.0.0),3,32,2,A,2035,113050,,,
ABS:ABS_HH_PROV(1.0.0),3,32,2,A,2036,114084,,,
ABS:ABS_HH_PROV(1.0.0),3,32,2,A,2037,114871,,,
ABS:ABS_HH_PROV(1.0.0),3,32,2,A,2038,115572,,,
ABS:ABS_HH_PROV(1.0.0),3,32,2,A,2039,116227,,,
ABS:ABS_HH_PROV(1.0.0),3,32,2,A,2040,116783,,,
ABS:ABS_HH_PROV(1.0.0),3,32,2,A,2041,117337,,,
ABS:ABS_HH_PROV(1.0.0),3,32,2,A,2042,117987,,,
ABS:ABS_HH_PROV(1.0.0),3,32,2,A,2043,118553,,,
ABS:ABS_HH_PROV(1.0.0),3,32,2,A,2044,119132,,,
ABS:ABS_HH_PROV(1.0.0),3,32,2,A,2045,119727,,,
ABS:ABS_HH_PROV(1.0.0),3,32,2,A,2046,120284,,,
ABS:ABS_HH_PROV(1.0.0),3,31,2,A,2021,512981,,,
ABS:ABS_HH_PROV(1.0.0),3,31,2,A,2022,525190,,,
ABS:ABS_HH_PROV(1.0.0),3,31,2,A,2023,537949,,,
ABS:ABS_HH_PROV(1.0.0),3,31,2,A,2024,549685,,,
ABS:ABS_HH_PROV(1.0.0),3,31,2,A,2025,560895,,,
ABS:ABS_HH_PROV(1.0.0),3,31,2,A,2026,571673,,,
ABS:ABS_HH_PROV(1.0.0),3,31,2,A,2027,582953,,,
ABS:ABS_HH_PROV(1.0.0),3,31,2,A,2028,593767,,,
ABS:ABS_HH_PROV(1.0.0),3,31,2,A,2029,604318,,,
ABS:ABS_HH_PROV(1.0.0),3,31,2,A,2030,614547,,,
ABS:ABS_HH_PROV(1.0.0),3,31,2,A,2031,624593,,,
ABS:ABS_HH_PROV(1.0.0),3,31,2,A,2032,635126,,,
ABS:ABS_HH_PROV(1.0.0),3,31,2,A,2033,645274,,,
ABS:ABS_HH_PROV(1.0.0),3,31,2,A,2034,655034,,,
ABS:ABS_HH_PROV(1.0.0),3,31,2,A,2035,664445,,,
ABS:ABS_HH_PROV(1.0.0),3,31,2,A,2036,673723,,,
ABS:ABS_HH_PROV(1.0.0),3,31,2,A,2037,683289,,,
ABS:ABS_HH_PROV(1.0.0),3,31,2,A,2038,692576,,,
ABS:ABS_HH_PROV(1.0.0),3,31,2,A,2039,701539,,,
ABS:ABS_HH_PROV(1.0.0),3,31,2,A,2040,710213,,,
ABS:ABS_HH_PROV(1.0.0),3,31,2,A,2041,718836,,,
ABS:ABS_HH_PROV(1.0.0),3,31,2,A,2042,727222,,,
ABS:ABS_HH_PROV(1.0.0),3,31,2,A,2043,735362,,,
ABS:ABS_HH_PROV(1.0.0),3,31,2,A,2044,743362,,,
ABS:ABS_HH_PROV(1.0.0),3,31,2,A,2045,751189,,,
ABS:ABS_HH_PROV(1.0.0),3,31,2,A,2046,758980,,,
ABS:ABS_HH_PROV(1.0.0),5,31,1,A,2021,270765,,,
ABS:ABS_HH_PROV(1.0.0),5,31,1,A,2022,276765,,,
ABS:ABS_HH_PROV(1.0.0),5,31,1,A,2023,283779,,,
ABS:ABS_HH_PROV(1.0.0),5,31,1,A,2024,290361,,,
ABS:ABS_HH_PROV(1.0.0),5,31,1,A,2025,296901,,,
ABS:ABS_HH_PROV(1.0.0),5,31,1,A,2026,303481,,,
ABS:ABS_HH_PROV(1.0.0),5,31,1,A,2027,310057,,,
ABS:ABS_HH_PROV(1.0.0),5,31,1,A,2028,316496,,,
ABS:ABS_HH_PROV(1.0.0),5,31,1,A,2029,322883,,,
ABS:ABS_HH_PROV(1.0.0),5,31,1,A,2030,329206,,,
ABS:ABS_HH_PROV(1.0.0),5,31,1,A,2031,335589,,,
ABS:ABS_HH_PROV(1.0.0),5,31,1,A,2032,341917,,,
ABS:ABS_HH_PROV(1.0.0),5,31,1,A,2033,348103,,,
ABS:ABS_HH_PROV(1.0.0),5,31,1,A,2034,354131,,,
ABS:ABS_HH_PROV(1.0.0),5,31,1,A,2035,360019,,,
ABS:ABS_HH_PROV(1.0.0),5,31,1,A,2036,365924,,,
ABS:ABS_HH_PROV(1.0.0),5,31,1,A,2037,371577,,,
ABS:ABS_HH_PROV(1.0.0),5,31,1,A,2038,377042,,,
ABS:ABS_HH_PROV(1.0.0),5,31,1,A,2039,382350,,,
ABS:ABS_HH_PROV(1.0.0),5,31,1,A,2040,387461,,,
ABS:ABS_HH_PROV(1.0.0),5,31,1,A,2041,392546,,,
ABS:ABS_HH_PROV(1.0.0),5,31,1,A,2042,397360,,,
ABS:ABS_HH_PROV(1.0.0),5,31,1,A,2043,401945,,,
ABS:ABS_HH_PROV(1.0.0),5,31,1,A,2044,406412,,,
ABS:ABS_HH_PROV(1.0.0),5,31,1,A,2045,410695,,,
ABS:ABS_HH_PROV(1.0.0),5,31,1,A,2046,414910,,,
ABS:ABS_HH_PROV(1.0.0),6,32,3,A,2021,8186,,,
ABS:ABS_HH_PROV(1.0.0),6,32,3,A,2022,8257,,,
ABS:ABS_HH_PROV(1.0.0),6,32,3,A,2023,8401,,,
ABS:ABS_HH_PROV(1.0.0),6,32,3,A,2024,8520,,,
ABS:ABS_HH_PROV(1.0.0),6,32,3,A,2025,8642,,,
ABS:ABS_HH_PROV(1.0.0),6,32,3,A,2026,8771,,,
ABS:ABS_HH_PROV(1.0.0),6,32,3,A,2027,8914,,,
ABS:ABS_HH_PROV(1.0.0),6,32,3,A,2028,9050,,,
ABS:ABS_HH_PROV(1.0.0),6,32,3,A,2029,9179,,,
ABS:ABS_HH_PROV(1.0.0),6,32,3,A,2030,9298,,,
ABS:ABS_HH_PROV(1.0.0),6,32,3,A,2031,9424,,,
ABS:ABS_HH_PROV(1.0.0),6,32,3,A,2032,9554,,,
ABS:ABS_HH_PROV(1.0.0),6,32,3,A,2033,9689,,,
ABS:ABS_HH_PROV(1.0.0),6,32,3,A,2034,9821,,,
ABS:ABS_HH_PROV(1.0.0),6,32,3,A,2035,9940,,,
ABS:ABS_HH_PROV(1.0.0),6,32,3,A,2036,10063,,,
ABS:ABS_HH_PROV(1.0.0),6,32,3,A,2037,10183,,,
ABS:ABS_HH_PROV(1.0.0),6,32,3,A,2038,10299,,,
ABS:ABS_HH_PROV(1.0.0),6,32,3,A,2039,10408,,,
ABS:ABS_HH_PROV(1.0.0),6,32,3,A,2040,10507,,,
ABS:ABS_HH_PROV(1.0.0),6,32,3,A,2041,10604,,,
ABS:ABS_HH_PROV(1.0.0),6,32,3,A,2042,10692,,,
ABS:ABS_HH_PROV(1.0.0),6,32,3,A,2043,10773,,,
ABS:ABS_HH_PROV(1.0.0),6,32,3,A,2044,10856,,,
ABS:ABS_HH_PROV(1.0.0),6,32,3,A,2045,10936,,,
ABS:ABS_HH_PROV(1.0.0),6,32,3,A,2046,11016,,,
ABS:ABS_HH_PROV(1.0.0),0,31,3,A,2021,2637520,,,
ABS:ABS_HH_PROV(1.0.0),0,31,3,A,2022,2670217,,,
ABS:ABS_HH_PROV(1.0.0),0,31,3,A,2023,2722940,,,
ABS:ABS_HH_PROV(1.0.0),0,31,3,A,2024,2770314,,,
ABS:ABS_HH_PROV(1.0.0),0,31,3,A,2025,2816782,,,
ABS:ABS_HH_PROV(1.0.0),0,31,3,A,2026,2863093,,,
ABS:ABS_HH_PROV(1.0.0),0,31,3,A,2027,2908679,,,
ABS:ABS_HH_PROV(1.0.0),0,31,3,A,2028,2951652,,,
ABS:ABS_HH_PROV(1.0.0),0,31,3,A,2029,2992993,,,
ABS:ABS_HH_PROV(1.0.0),0,31,3,A,2030,3032337,,,
ABS:ABS_HH_PROV(1.0.0),0,31,3,A,2031,3070498,,,
ABS:ABS_HH_PROV(1.0.0),0,31,3,A,2032,3107751,,,
ABS:ABS_HH_PROV(1.0.0),0,31,3,A,2033,3142484,,,
ABS:ABS_HH_PROV(1.0.0),0,31,3,A,2034,3174874,,,
ABS:ABS_HH_PROV(1.0.0),0,31,3,A,2035,3205359,,,
ABS:ABS_HH_PROV(1.0.0),0,31,3,A,2036,3234777,,,
ABS:ABS_HH_PROV(1.0.0),0,31,3,A,2037,3261871,,,
ABS:ABS_HH_PROV(1.0.0),0,31,3,A,2038,3287048,,,
ABS:ABS_HH_PROV(1.0.0),0,31,3,A,2039,3310221,,,
ABS:ABS_HH_PROV(1.0.0),0,31,3,A,2040,3331740,,,
ABS:ABS_HH_PROV(1.0.0),0,31,3,A,2041,3352498,,,
ABS:ABS_HH_PROV(1.0.0),0,31,3,A,2042,3371550,,,
ABS:ABS_HH_PROV(1.0.0),0,31,3,A,2043,3389076,,,
ABS:ABS_HH_PROV(1.0.0),0,31,3,A,2044,3405522,,,
ABS:ABS_HH_PROV(1.0.0),0,31,3,A,2045,3421023,,,
ABS:ABS_HH_PROV(1.0.0),0,31,3,A,2046,3435756,,,
ABS:ABS_HH_PROV(1.0.0),0,4,1,A,2021,9993880,,,
ABS:ABS_HH_PROV(1.0.0),0,4,1,A,2022,10120726,,,
ABS:ABS_HH_PROV(1.0.0),0,4,1,A,2023,10333890,,,
ABS:ABS_HH_PROV(1.0.0),0,4,1,A,2024,10524034,,,
ABS:ABS_HH_PROV(1.0.0),0,4,1,A,2025,10714916,,,
ABS:ABS_HH_PROV(1.0.0),0,4,1,A,2026,10904163,,,
ABS:ABS_HH_PROV(1.0.0),0,4,1,A,2027,11088686,,,
ABS:ABS_HH_PROV(1.0.0),0,4,1,A,2028,11269441,,,
ABS:ABS_HH_PROV(1.0.0),0,4,1,A,2029,11446917,,,
ABS:ABS_HH_PROV(1.0.0),0,4,1,A,2030,11621708,,,
ABS:ABS_HH_PROV(1.0.0),0,4,1,A,2031,11791925,,,
ABS:ABS_HH_PROV(1.0.0),0,4,1,A,2032,11955558,,,
ABS:ABS_HH_PROV(1.0.0),0,4,1,A,2033,12117000,,,
ABS:ABS_HH_PROV(1.0.0),0,4,1,A,2034,12275934,,,
ABS:ABS_HH_PROV(1.0.0),0,4,1,A,2035,12432612,,,
ABS:ABS_HH_PROV(1.0.0),0,4,1,A,2036,12587007,,,
ABS:ABS_HH_PROV(1.0.0),0,4,1,A,2037,12737628,,,
ABS:ABS_HH_PROV(1.0.0),0,4,1,A,2038,12884037,,,
ABS:ABS_HH_PROV(1.0.0),0,4,1,A,2039,13027044,,,
ABS:ABS_HH_PROV(1.0.0),0,4,1,A,2040,13165972,,,
ABS:ABS_HH_PROV(1.0.0),0,4,1,A,2041,13303033,,,
ABS:ABS_HH_PROV(1.0.0),0,4,1,A,2042,13437043,,,
ABS:ABS_HH_PROV(1.0.0),0,4,1,A,2043,13565587,,,
ABS:ABS_HH_PROV(1.0.0),0,4,1,A,2044,13691387,,,
ABS:ABS_HH_PROV(1.0.0),0,4,1,A,2045,13813710,,,
ABS:ABS_HH_PROV(1.0.0),0,4,1,A,2046,13934361,,,
ABS:ABS_HH_PROV(1.0.0),1RNSW,1_2,2,A,2021,784255,,,
ABS:ABS_HH_PROV(1.0.0),1RNSW,1_2,2,A,2022,789722,,,
ABS:ABS_HH_PROV(1.0.0),1RNSW,1_2,2,A,2023,800527,,,
ABS:ABS_HH_PROV(1.0.0),1RNSW,1_2,2,A,2024,810638,,,
ABS:ABS_HH_PROV(1.0.0),1RNSW,1_2,2,A,2025,820761,,,
ABS:ABS_HH_PROV(1.0.0),1RNSW,1_2,2,A,2026,830398,,,
ABS:ABS_HH_PROV(1.0.0),1RNSW,1_2,2,A,2027,840217,,,
ABS:ABS_HH_PROV(1.0.0),1RNSW,1_2,2,A,2028,850289,,,
ABS:ABS_HH_PROV(1.0.0),1RNSW,1_2,2,A,2029,860534,,,
ABS:ABS_HH_PROV(1.0.0),1RNSW,1_2,2,A,2030,871085,,,
ABS:ABS_HH_PROV(1.0.0),1RNSW,1_2,2,A,2031,881611,,,
ABS:ABS_HH_PROV(1.0.0),1RNSW,1_2,2,A,2032,892444,,,
ABS:ABS_HH_PROV(1.0.0),1RNSW,1_2,2,A,2033,903400,,,
ABS:ABS_HH_PROV(1.0.0),1RNSW,1_2,2,A,2034,914436,,,
ABS:ABS_HH_PROV(1.0.0),1RNSW,1_2,2,A,2035,925572,,,
ABS:ABS_HH_PROV(1.0.0),1RNSW,1_2,2,A,2036,936627,,,
ABS:ABS_HH_PROV(1.0.0),1RNSW,1_2,2,A,2037,948138,,,
ABS:ABS_HH_PROV(1.0.0),1RNSW,1_2,2,A,2038,959487,,,
ABS:ABS_HH_PROV(1.0.0),1RNSW,1_2,2,A,2039,970796,,,
ABS:ABS_HH_PROV(1.0.0),1RNSW,1_2,2,A,2040,982031,,,
ABS:ABS_HH_PROV(1.0.0),1RNSW,1_2,2,A,2041,993270,,,
ABS:ABS_HH_PROV(1.0.0),1RNSW,1_2,2,A,2042,1004483,,,
ABS:ABS_HH_PROV(1.0.0),1RNSW,1_2,2,A,2043,1015427,,,
ABS:ABS_HH_PROV(1.0.0),1RNSW,1_2,2,A,2044,1026308,,,
ABS:ABS_HH_PROV(1.0.0),1RNSW,1_2,2,A,2045,1037106,,,
ABS:ABS_HH_PROV(1.0.0),1RNSW,1_2,2,A,2046,1047980,,,
ABS:ABS_HH_PROV(1.0.0),4GADE,31,2,A,2021,160136,,,
ABS:ABS_HH_PROV(1.0.0),4GADE,31,2,A,2022,161449,,,
ABS:ABS_HH_PROV(1.0.0),4GADE,31,2,A,2023,163824,,,
ABS:ABS_HH_PROV(1.0.0),4GADE,31,2,A,2024,165825,,,
ABS:ABS_HH_PROV(1.0.0),4GADE,31,2,A,2025,167641,,,
ABS:ABS_HH_PROV(1.0.0),4GADE,31,2,A,2026,169287,,,
ABS:ABS_HH_PROV(1.0.0),4GADE,31,2,A,2027,171516,,,
ABS:ABS_HH_PROV(1.0.0),4GADE,31,2,A,2028,173588,,,
ABS:ABS_HH_PROV(1.0.0),4GADE,31,2,A,2029,175575,,,
ABS:ABS_HH_PROV(1.0.0),4GADE,31,2,A,2030,177449,,,
ABS:ABS_HH_PROV(1.0.0),4GADE,31,2,A,2031,179266,,,
ABS:ABS_HH_PROV(1.0.0),4GADE,31,2,A,2032,181409,,,
ABS:ABS_HH_PROV(1.0.0),4GADE,31,2,A,2033,183427,,,
ABS:ABS_HH_PROV(1.0.0),4GADE,31,2,A,2034,185362,,,
ABS:ABS_HH_PROV(1.0.0),4GADE,31,2,A,2035,187219,,,
ABS:ABS_HH_PROV(1.0.0),4GADE,31,2,A,2036,189038,,,
ABS:ABS_HH_PROV(1.0.0),4GADE,31,2,A,2037,191161,,,
ABS:ABS_HH_PROV(1.0.0),4GADE,31,2,A,2038,193188,,,
ABS:ABS_HH_PROV(1.0.0),4GADE,31,2,A,2039,195145,,,
ABS:ABS_HH_PROV(1.0.0),4GADE,31,2,A,2040,197039,,,
ABS:ABS_HH_PROV(1.0.0),4GADE,31,2,A,2041,198904,,,
ABS:ABS_HH_PROV(1.0.0),4GADE,31,2,A,2042,200683,,,
ABS:ABS_HH_PROV(1.0.0),4GADE,31,2,A,2043,202386,,,
ABS:ABS_HH_PROV(1.0.0),4GADE,31,2,A,2044,204051,,,
ABS:ABS_HH_PROV(1.0.0),4GADE,31,2,A,2045,205681,,,
ABS:ABS_HH_PROV(1.0.0),4GADE,31,2,A,2046,207277,,,
ABS:ABS_HH_PROV(1.0.0),3GBRI,1_2,1,A,2021,684912,,,
ABS:ABS_HH_PROV(1.0.0),3GBRI,1_2,1,A,2022,701103,,,
ABS:ABS_HH_PROV(1.0.0),3GBRI,1_2,1,A,2023,721391,,,
ABS:ABS_HH_PROV(1.0.0),3GBRI,1_2,1,A,2024,738588,,,
ABS:ABS_HH_PROV(1.0.0),3GBRI,1_2,1,A,2025,754330,,,
ABS:ABS_HH_PROV(1.0.0),3GBRI,1_2,1,A,2026,768510,,,
ABS:ABS_HH_PROV(1.0.0),3GBRI,1_2,1,A,2027,780947,,,
ABS:ABS_HH_PROV(1.0.0),3GBRI,1_2,1,A,2028,792799,,,
ABS:ABS_HH_PROV(1.0.0),3GBRI,1_2,1,A,2029,804182,,,
ABS:ABS_HH_PROV(1.0.0),3GBRI,1_2,1,A,2030,815142,,,
ABS:ABS_HH_PROV(1.0.0),3GBRI,1_2,1,A,2031,825630,,,
ABS:ABS_HH_PROV(1.0.0),3GBRI,1_2,1,A,2032,835404,,,
ABS:ABS_HH_PROV(1.0.0),3GBRI,1_2,1,A,2033,844954,,,
ABS:ABS_HH_PROV(1.0.0),3GBRI,1_2,1,A,2034,854326,,,
ABS:ABS_HH_PROV(1.0.0),3GBRI,1_2,1,A,2035,863443,,,
ABS:ABS_HH_PROV(1.0.0),3GBRI,1_2,1,A,2036,872231,,,
ABS:ABS_HH_PROV(1.0.0),3GBRI,1_2,1,A,2037,880686,,,
ABS:ABS_HH_PROV(1.0.0),3GBRI,1_2,1,A,2038,888751,,,
ABS:ABS_HH_PROV(1.0.0),3GBRI,1_2,1,A,2039,896565,,,
ABS:ABS_HH_PROV(1.0.0),3GBRI,1_2,1,A,2040,903972,,,
ABS:ABS_HH_PROV(1.0.0),3GBRI,1_2,1,A,2041,911052,,,
ABS:ABS_HH_PROV(1.0.0),3GBRI,1_2,1,A,2042,917877,,,
ABS:ABS_HH_PROV(1.0.0),3GBRI,1_2,1,A,2043,924251,,,
ABS:ABS_HH_PROV(1.0.0),3GBRI,1_2,1,A,2044,930306,,,
ABS:ABS_HH_PROV(1.0.0),3GBRI,1_2,1,A,2045,935966,,,
ABS:ABS_HH_PROV(1.0.0),3GBRI,1_2,1,A,2046,941310,,,
ABS:ABS_HH_PROV(1.0.0),5RWAU,31,3,A,2021,64719,,,
ABS:ABS_HH_PROV(1.0.0),5RWAU,31,3,A,2022,66110,,,
ABS:ABS_HH_PROV(1.0.0),5RWAU,31,3,A,2023,65858,,,
ABS:ABS_HH_PROV(1.0.0),5RWAU,31,3,A,2024,65599,,,
ABS:ABS_HH_PROV(1.0.0),5RWAU,31,3,A,2025,65449,,,
ABS:ABS_HH_PROV(1.0.0),5RWAU,31,3,A,2026,65420,,,
ABS:ABS_HH_PROV(1.0.0),5RWAU,31,3,A,2027,65457,,,
ABS:ABS_HH_PROV(1.0.0),5RWAU,31,3,A,2028,65495,,,
ABS:ABS_HH_PROV(1.0.0),5RWAU,31,3,A,2029,65570,,,
ABS:ABS_HH_PROV(1.0.0),5RWAU,31,3,A,2030,65681,,,
ABS:ABS_HH_PROV(1.0.0),5RWAU,31,3,A,2031,65852,,,
ABS:ABS_HH_PROV(1.0.0),5RWAU,31,3,A,2032,66076,,,
ABS:ABS_HH_PROV(1.0.0),5RWAU,31,3,A,2033,66326,,,
ABS:ABS_HH_PROV(1.0.0),5RWAU,31,3,A,2034,66614,,,
ABS:ABS_HH_PROV(1.0.0),5RWAU,31,3,A,2035,66924,,,
ABS:ABS_HH_PROV(1.0.0),5RWAU,31,3,A,2036,67297,,,
ABS:ABS_HH_PROV(1.0.0),5RWAU,31,3,A,2037,67671,,,
ABS:ABS_HH_PROV(1.0.0),5RWAU,31,3,A,2038,68074,,,
ABS:ABS_HH_PROV(1.0.0),5RWAU,31,3,A,2039,68524,,,
ABS:ABS_HH_PROV(1.0.0),5RWAU,31,3,A,2040,69006,,,
ABS:ABS_HH_PROV(1.0.0),5RWAU,31,3,A,2041,69547,,,
ABS:ABS_HH_PROV(1.0.0),5RWAU,31,3,A,2042,70107,,,
ABS:ABS_HH_PROV(1.0.0),5RWAU,31,3,A,2043,70694,,,
ABS:ABS_HH_PROV(1.0.0),5RWAU,31,3,A,2044,71322,,,
ABS:ABS_HH_PROV(1.0.0),5RWAU,31,3,A,2045,71999,,,
ABS:ABS_HH_PROV(1.0.0),5RWAU,31,3,A,2046,72700,,,
ABS:ABS_HH_PROV(1.0.0),3GBRI,4,2,A,2021,978126,,,
ABS:ABS_HH_PROV(1.0.0),3GBRI,4,2,A,2022,990617,,,
ABS:ABS_HH_PROV(1.0.0),3GBRI,4,2,A,2023,1019523,,,
ABS:ABS_HH_PROV(1.0.0),3GBRI,4,2,A,2024,1044378,,,
ABS:ABS_HH_PROV(1.0.0),3GBRI,4,2,A,2025,1067412,,,
ABS:ABS_HH_PROV(1.0.0),3GBRI,4,2,A,2026,1088528,,,
ABS:ABS_HH_PROV(1.0.0),3GBRI,4,2,A,2027,1108758,,,
ABS:ABS_HH_PROV(1.0.0),3GBRI,4,2,A,2028,1128292,,,
ABS:ABS_HH_PROV(1.0.0),3GBRI,4,2,A,2029,1147255,,,
ABS:ABS_HH_PROV(1.0.0),3GBRI,4,2,A,2030,1165656,,,
ABS:ABS_HH_PROV(1.0.0),3GBRI,4,2,A,2031,1183463,,,
ABS:ABS_HH_PROV(1.0.0),3GBRI,4,2,A,2032,1201015,,,
ABS:ABS_HH_PROV(1.0.0),3GBRI,4,2,A,2033,1218163,,,
ABS:ABS_HH_PROV(1.0.0),3GBRI,4,2,A,2034,1234859,,,
ABS:ABS_HH_PROV(1.0.0),3GBRI,4,2,A,2035,1251004,,,
ABS:ABS_HH_PROV(1.0.0),3GBRI,4,2,A,2036,1266647,,,
ABS:ABS_HH_PROV(1.0.0),3GBRI,4,2,A,2037,1282113,,,
ABS:ABS_HH_PROV(1.0.0),3GBRI,4,2,A,2038,1296856,,,
ABS:ABS_HH_PROV(1.0.0),3GBRI,4,2,A,2039,1311035,,,
ABS:ABS_HH_PROV(1.0.0),3GBRI,4,2,A,2040,1324427,,,
ABS:ABS_HH_PROV(1.0.0),3GBRI,4,2,A,2041,1337326,,,
ABS:ABS_HH_PROV(1.0.0),3GBRI,4,2,A,2042,1349706,,,
ABS:ABS_HH_PROV(1.0.0),3GBRI,4,2,A,2043,1361299,,,
ABS:ABS_HH_PROV(1.0.0),3GBRI,4,2,A,2044,1372333,,,
ABS:ABS_HH_PROV(1.0.0),3GBRI,4,2,A,2045,1382690,,,
ABS:ABS_HH_PROV(1.0.0),3GBRI,4,2,A,2046,1392553,,,
ABS:ABS_HH_PROV(1.0.0),1GSYD,4,3,A,2021,1964524,,,
ABS:ABS_HH_PROV(1.0.0),1GSYD,4,3,A,2022,1973630,,,
ABS:ABS_HH_PROV(1.0.0),1GSYD,4,3,A,2023,2011220,,,
ABS:ABS_HH_PROV(1.0.0),1GSYD,4,3,A,2024,2042816,,,
ABS:ABS_HH_PROV(1.0.0),1GSYD,4,3,A,2025,2075152,,,
ABS:ABS_HH_PROV(1.0.0),1GSYD,4,3,A,2026,2107057,,,
ABS:ABS_HH_PROV(1.0.0),1GSYD,4,3,A,2027,2138691,,,
ABS:ABS_HH_PROV(1.0.0),1GSYD,4,3,A,2028,2169191,,,
ABS:ABS_HH_PROV(1.0.0),1GSYD,4,3,A,2029,2198678,,,
ABS:ABS_HH_PROV(1.0.0),1GSYD,4,3,A,2030,2227311,,,
ABS:ABS_HH_PROV(1.0.0),1GSYD,4,3,A,2031,2254500,,,
ABS:ABS_HH_PROV(1.0.0),1GSYD,4,3,A,2032,2279905,,,
ABS:ABS_HH_PROV(1.0.0),1GSYD,4,3,A,2033,2304566,,,
ABS:ABS_HH_PROV(1.0.0),1GSYD,4,3,A,2034,2328441,,,
ABS:ABS_HH_PROV(1.0.0),1GSYD,4,3,A,2035,2351667,,,
ABS:ABS_HH_PROV(1.0.0),1GSYD,4,3,A,2036,2374058,,,
ABS:ABS_HH_PROV(1.0.0),1GSYD,4,3,A,2037,2395500,,,
ABS:ABS_HH_PROV(1.0.0),1GSYD,4,3,A,2038,2415817,,,
ABS:ABS_HH_PROV(1.0.0),1GSYD,4,3,A,2039,2435170,,,
ABS:ABS_HH_PROV(1.0.0),1GSYD,4,3,A,2040,2453453,,,
ABS:ABS_HH_PROV(1.0.0),1GSYD,4,3,A,2041,2470959,,,
ABS:ABS_HH_PROV(1.0.0),1GSYD,4,3,A,2042,2487599,,,
ABS:ABS_HH_PROV(1.0.0),1GSYD,4,3,A,2043,2502958,,,
ABS:ABS_HH_PROV(1.0.0),1GSYD,4,3,A,2044,2517377,,,
ABS:ABS_HH_PROV(1.0.0),1GSYD,4,3,A,2045,2530742,,,
ABS:ABS_HH_PROV(1.0.0),1GSYD,4,3,A,2046,2543341,,,
ABS:ABS_HH_PROV(1.0.0),7GDAR,31,2,A,2021,11932,,,
ABS:ABS_HH_PROV(1.0.0),7GDAR,31,2,A,2022,11957,,,
ABS:ABS_HH_PROV(1.0.0),7GDAR,31,2,A,2023,12181,,,
ABS:ABS_HH_PROV(1.0.0),7GDAR,31,2,A,2024,12333,,,
ABS:ABS_HH_PROV(1.0.0),7GDAR,31,2,A,2025,12485,,,
ABS:ABS_HH_PROV(1.0.0),7GDAR,31,2,A,2026,12620,,,
ABS:ABS_HH_PROV(1.0.0),7GDAR,31,2,A,2027,12827,,,
ABS:ABS_HH_PROV(1.0.0),7GDAR,31,2,A,2028,13030,,,
ABS:ABS_HH_PROV(1.0.0),7GDAR,31,2,A,2029,13208,,,
ABS:ABS_HH_PROV(1.0.0),7GDAR,31,2,A,2030,13384,,,
ABS:ABS_HH_PROV(1.0.0),7GDAR,31,2,A,2031,13541,,,
ABS:ABS_HH_PROV(1.0.0),7GDAR,31,2,A,2032,13723,,,
ABS:ABS_HH_PROV(1.0.0),7GDAR,31,2,A,2033,13905,,,
ABS:ABS_HH_PROV(1.0.0),7GDAR,31,2,A,2034,14081,,,
ABS:ABS_HH_PROV(1.0.0),7GDAR,31,2,A,2035,14250,,,
ABS:ABS_HH_PROV(1.0.0),7GDAR,31,2,A,2036,14415,,,
ABS:ABS_HH_PROV(1.0.0),7GDAR,31,2,A,2037,14610,,,
ABS:ABS_HH_PROV(1.0.0),7GDAR,31,2,A,2038,14801,,,
ABS:ABS_HH_PROV(1.0.0),7GDAR,31,2,A,2039,14984,,,
ABS:ABS_HH_PROV(1.0.0),7GDAR,31,2,A,2040,15165,,,
ABS:ABS_HH_PROV(1.0.0),7GDAR,31,2,A,2041,15348,,,
ABS:ABS_HH_PROV(1.0.0),7GDAR,31,2,A,2042,15525,,,
ABS:ABS_HH_PROV(1.0.0),7GDAR,31,2,A,2043,15694,,,
ABS:ABS_HH_PROV(1.0.0),7GDAR,31,2,A,2044,15862,,,
ABS:ABS_HH_PROV(1.0.0),7GDAR,31,2,A,2045,16029,,,
ABS:ABS_HH_PROV(1.0.0),7GDAR,31,2,A,2046,16198,,,
ABS:ABS_HH_PROV(1.0.0),8ACTE,32,2,A,2021,8386,,,
ABS:ABS_HH_PROV(1.0.0),8ACTE,32,2,A,2022,8476,,,
ABS:ABS_HH_PROV(1.0.0),8ACTE,32,2,A,2023,8445,,,
ABS:ABS_HH_PROV(1.0.0),8ACTE,32,2,A,2024,8391,,,
ABS:ABS_HH_PROV(1.0.0),8ACTE,32,2,A,2025,8364,,,
ABS:ABS_HH_PROV(1.0.0),8ACTE,32,2,A,2026,8394,,,
ABS:ABS_HH_PROV(1.0.0),8ACTE,32,2,A,2027,8479,,,
ABS:ABS_HH_PROV(1.0.0),8ACTE,32,2,A,2028,8578,,,
ABS:ABS_HH_PROV(1.0.0),8ACTE,32,2,A,2029,8691,,,
ABS:ABS_HH_PROV(1.0.0),8ACTE,32,2,A,2030,8808,,,
ABS:ABS_HH_PROV(1.0.0),8ACTE,32,2,A,2031,8918,,,
ABS:ABS_HH_PROV(1.0.0),8ACTE,32,2,A,2032,9031,,,
ABS:ABS_HH_PROV(1.0.0),8ACTE,32,2,A,2033,9148,,,
ABS:ABS_HH_PROV(1.0.0),8ACTE,32,2,A,2034,9259,,,
ABS:ABS_HH_PROV(1.0.0),8ACTE,32,2,A,2035,9357,,,
ABS:ABS_HH_PROV(1.0.0),8ACTE,32,2,A,2036,9449,,,
ABS:ABS_HH_PROV(1.0.0),8ACTE,32,2,A,2037,9528,,,
ABS:ABS_HH_PROV(1.0.0),8ACTE,32,2,A,2038,9592,,,
ABS:ABS_HH_PROV(1.0.0),8ACTE,32,2,A,2039,9654,,,
ABS:ABS_HH_PROV(1.0.0),8ACTE,32,2,A,2040,9705,,,
ABS:ABS_HH_PROV(1.0.0),8ACTE,32,2,A,2041,9757,,,
ABS:ABS_HH_PROV(1.0.0),8ACTE,32,2,A,2042,9822,,,
ABS:ABS_HH_PROV(1.0.0),8ACTE,32,2,A,2043,9875,,,
ABS:ABS_HH_PROV(1.0.0),8ACTE,32,2,A,2044,9930,,,
ABS:ABS_HH_PROV(1.0.0),8ACTE,32,2,A,2045,9986,,,
ABS:ABS_HH_PROV(1.0.0),8ACTE,32,2,A,2046,10035,,,
ABS:ABS_HH_PROV(1.0.0),9OTER,32,2,A,2021,28,,,
ABS:ABS_HH_PROV(1.0.0),9OTER,32,2,A,2022,28,,,
ABS:ABS_HH_PROV(1.0.0),9OTER,32,2,A,2023,28,,,
ABS:ABS_HH_PROV(1.0.0),9OTER,32,2,A,2024,28,,,
ABS:ABS_HH_PROV(1.0.0),9OTER,32,2,A,2025,29,,,
ABS:ABS_HH_PROV(1.0.0),9OTER,32,2,A,2026,30,,,
ABS:ABS_HH_PROV(1.0.0),9OTER,32,2,A,2027,30,,,
ABS:ABS_HH_PROV(1.0.0),9OTER,32,2,A,2028,30,,,
ABS:ABS_HH_PROV(1.0.0),9OTER,32,2,A,2029,30,,,
ABS:ABS_HH_PROV(1.0.0),9OTER,32,2,A,2030,30,,,
ABS:ABS_HH_PROV(1.0.0),9OTER,32,2,A,2031,31,,,
ABS:ABS_HH_PROV(1.0.0),9OTER,32,2,A,2032,31,,,
ABS:ABS_HH_PROV(1.0.0),9OTER,32,2,A,2033,30,,,
ABS:ABS_HH_PROV(1.0.0),9OTER,32,2,A,2034,31,,,
ABS:ABS_HH_PROV(1.0.0),9OTER,32,2,A,2035,30,,,
ABS:ABS_HH_PROV(1.0.0),9OTER,32,2,A,2036,31,,,
ABS:ABS_HH_PROV(1.0.0),9OTER,32,2,A,2037,30,,,
ABS:ABS_HH_PROV(1.0.0),9OTER,32,2,A,2038,30,,,
ABS:ABS_HH_PROV(1.0.0),9OTER,32,2,A,2039,29,,,
ABS:ABS_HH_PROV(1.0.0),9OTER,32,2,A,2040,28,,,
ABS:ABS_HH_PROV(1.0.0),9OTER,32,2,A,2041,28,,,
ABS:ABS_HH_PROV(1.0.0),9OTER,32,2,A,2042,27,,,
ABS:ABS_HH_PROV(1.0.0),9OTER,32,2,A,2043,27,,,
ABS:ABS_HH_PROV(1.0.0),9OTER,32,2,A,2044,26,,,
ABS:ABS_HH_PROV(1.0.0),9OTER,32,2,A,2045,26,,,
ABS:ABS_HH_PROV(1.0.0),9OTER,32,2,A,2046,26,,,
ABS:ABS_HH_PROV(1.0.0),7,4,2,A,2021,80140,,,
ABS:ABS_HH_PROV(1.0.0),7,4,2,A,2022,80765,,,
ABS:ABS_HH_PROV(1.0.0),7,4,2,A,2023,82331,,,
ABS:ABS_HH_PROV(1.0.0),7,4,2,A,2024,83394,,,
ABS:ABS_HH_PROV(1.0.0),7,4,2,A,2025,84472,,,
ABS:ABS_HH_PROV(1.0.0),7,4,2,A,2026,85538,,,
ABS:ABS_HH_PROV(1.0.0),7,4,2,A,2027,86771,,,
ABS:ABS_HH_PROV(1.0.0),7,4,2,A,2028,87995,,,
ABS:ABS_HH_PROV(1.0.0),7,4,2,A,2029,89076,,,
ABS:ABS_HH_PROV(1.0.0),7,4,2,A,2030,90141,,,
ABS:ABS_HH_PROV(1.0.0),7,4,2,A,2031,91090,,,
ABS:ABS_HH_PROV(1.0.0),7,4,2,A,2032,92074,,,
ABS:ABS_HH_PROV(1.0.0),7,4,2,A,2033,93048,,,
ABS:ABS_HH_PROV(1.0.0),7,4,2,A,2034,94008,,,
ABS:ABS_HH_PROV(1.0.0),7,4,2,A,2035,94953,,,
ABS:ABS_HH_PROV(1.0.0),7,4,2,A,2036,95890,,,
ABS:ABS_HH_PROV(1.0.0),7,4,2,A,2037,96878,,,
ABS:ABS_HH_PROV(1.0.0),7,4,2,A,2038,97837,,,
ABS:ABS_HH_PROV(1.0.0),7,4,2,A,2039,98773,,,
ABS:ABS_HH_PROV(1.0.0),7,4,2,A,2040,99690,,,
ABS:ABS_HH_PROV(1.0.0),7,4,2,A,2041,100606,,,
ABS:ABS_HH_PROV(1.0.0),7,4,2,A,2042,101497,,,
ABS:ABS_HH_PROV(1.0.0),7,4,2,A,2043,102358,,,
ABS:ABS_HH_PROV(1.0.0),7,4,2,A,2044,103196,,,
ABS:ABS_HH_PROV(1.0.0),7,4,2,A,2045,104020,,,
ABS:ABS_HH_PROV(1.0.0),7,4,2,A,2046,104848,,,
ABS:ABS_HH_PROV(1.0.0),2,4,1,A,2021,2540450,,,
ABS:ABS_HH_PROV(1.0.0),2,4,1,A,2022,2574844,,,
ABS:ABS_HH_PROV(1.0.0),2,4,1,A,2023,2633613,,,
ABS:ABS_HH_PROV(1.0.0),2,4,1,A,2024,2686830,,,
ABS:ABS_HH_PROV(1.0.0),2,4,1,A,2025,2742401,,,
ABS:ABS_HH_PROV(1.0.0),2,4,1,A,2026,2800295,,,
ABS:ABS_HH_PROV(1.0.0),2,4,1,A,2027,2858625,,,
ABS:ABS_HH_PROV(1.0.0),2,4,1,A,2028,2916063,,,
ABS:ABS_HH_PROV(1.0.0),2,4,1,A,2029,2972785,,,
ABS:ABS_HH_PROV(1.0.0),2,4,1,A,2030,3028952,,,
ABS:ABS_HH_PROV(1.0.0),2,4,1,A,2031,3083914,,,
ABS:ABS_HH_PROV(1.0.0),2,4,1,A,2032,3137275,,,
ABS:ABS_HH_PROV(1.0.0),2,4,1,A,2033,3190350,,,
ABS:ABS_HH_PROV(1.0.0),2,4,1,A,2034,3242924,,,
ABS:ABS_HH_PROV(1.0.0),2,4,1,A,2035,3295200,,,
ABS:ABS_HH_PROV(1.0.0),2,4,1,A,2036,3347000,,,
ABS:ABS_HH_PROV(1.0.0),2,4,1,A,2037,3398031,,,
ABS:ABS_HH_PROV(1.0.0),2,4,1,A,2038,3448168,,,
ABS:ABS_HH_PROV(1.0.0),2,4,1,A,2039,3497433,,,
ABS:ABS_HH_PROV(1.0.0),2,4,1,A,2040,3545761,,,
ABS:ABS_HH_PROV(1.0.0),2,4,1,A,2041,3593660,,,
ABS:ABS_HH_PROV(1.0.0),2,4,1,A,2042,3640626,,,
ABS:ABS_HH_PROV(1.0.0),2,4,1,A,2043,3686140,,,
ABS:ABS_HH_PROV(1.0.0),2,4,1,A,2044,3730932,,,
ABS:ABS_HH_PROV(1.0.0),2,4,1,A,2045,3774860,,,
ABS:ABS_HH_PROV(1.0.0),2,4,1,A,2046,3818438,,,
ABS:ABS_HH_PROV(1.0.0),6,4,1,A,2021,235906,,,
ABS:ABS_HH_PROV(1.0.0),6,4,1,A,2022,238447,,,
ABS:ABS_HH_PROV(1.0.0),6,4,1,A,2023,241378,,,
ABS:ABS_HH_PROV(1.0.0),6,4,1,A,2024,243931,,,
ABS:ABS_HH_PROV(1.0.0),6,4,1,A,2025,246421,,,
ABS:ABS_HH_PROV(1.0.0),6,4,1,A,2026,248783,,,
ABS:ABS_HH_PROV(1.0.0),6,4,1,A,2027,251124,,,
ABS:ABS_HH_PROV(1.0.0),6,4,1,A,2028,253256,,,
ABS:ABS_HH_PROV(1.0.0),6,4,1,A,2029,255246,,,
ABS:ABS_HH_PROV(1.0.0),6,4,1,A,2030,257131,,,
ABS:ABS_HH_PROV(1.0.0),6,4,1,A,2031,258831,,,
ABS:ABS_HH_PROV(1.0.0),6,4,1,A,2032,260269,,,
ABS:ABS_HH_PROV(1.0.0),6,4,1,A,2033,261619,,,
ABS:ABS_HH_PROV(1.0.0),6,4,1,A,2034,262908,,,
ABS:ABS_HH_PROV(1.0.0),6,4,1,A,2035,264084,,,
ABS:ABS_HH_PROV(1.0.0),6,4,1,A,2036,265195,,,
ABS:ABS_HH_PROV(1.0.0),6,4,1,A,2037,266167,,,
ABS:ABS_HH_PROV(1.0.0),6,4,1,A,2038,267026,,,
ABS:ABS_HH_PROV(1.0.0),6,4,1,A,2039,267812,,,
ABS:ABS_HH_PROV(1.0.0),6,4,1,A,2040,268494,,,
ABS:ABS_HH_PROV(1.0.0),6,4,1,A,2041,269130,,,
ABS:ABS_HH_PROV(1.0.0),6,4,1,A,2042,269675,,,
ABS:ABS_HH_PROV(1.0.0),6,4,1,A,2043,270117,,,
ABS:ABS_HH_PROV(1.0.0),6,4,1,A,2044,270508,,,
ABS:ABS_HH_PROV(1.0.0),6,4,1,A,2045,270835,,,
ABS:ABS_HH_PROV(1.0.0),6,4,1,A,2046,271127,,,
ABS:ABS_HH_PROV(1.0.0),1GSYD,1_2,1,A,2021,1396901,,,
ABS:ABS_HH_PROV(1.0.0),1GSYD,1_2,1,A,2022,1405939,,,
ABS:ABS_HH_PROV(1.0.0),1GSYD,1_2,1,A,2023,1434124,,,
ABS:ABS_HH_PROV(1.0.0),1GSYD,1_2,1,A,2024,1457825,,,
ABS:ABS_HH_PROV(1.0.0),1GSYD,1_2,1,A,2025,1481916,,,
ABS:ABS_HH_PROV(1.0.0),1GSYD,1_2,1,A,2026,1505345,,,
ABS:ABS_HH_PROV(1.0.0),1GSYD,1_2,1,A,2027,1528127,,,
ABS:ABS_HH_PROV(1.0.0),1GSYD,1_2,1,A,2028,1549968,,,
ABS:ABS_HH_PROV(1.0.0),1GSYD,1_2,1,A,2029,1571069,,,
ABS:ABS_HH_PROV(1.0.0),1GSYD,1_2,1,A,2030,1591685,,,
ABS:ABS_HH_PROV(1.0.0),1GSYD,1_2,1,A,2031,1611036,,,
ABS:ABS_HH_PROV(1.0.0),1GSYD,1_2,1,A,2032,1628831,,,
ABS:ABS_HH_PROV(1.0.0),1GSYD,1_2,1,A,2033,1646254,,,
ABS:ABS_HH_PROV(1.0.0),1GSYD,1_2,1,A,2034,1663463,,,
ABS:ABS_HH_PROV(1.0.0),1GSYD,1_2,1,A,2035,1680534,,,
ABS:ABS_HH_PROV(1.0.0),1GSYD,1_2,1,A,2036,1697036,,,
ABS:ABS_HH_PROV(1.0.0),1GSYD,1_2,1,A,2037,1713124,,,
ABS:ABS_HH_PROV(1.0.0),1GSYD,1_2,1,A,2038,1728565,,,
ABS:ABS_HH_PROV(1.0.0),1GSYD,1_2,1,A,2039,1743558,,,
ABS:ABS_HH_PROV(1.0.0),1GSYD,1_2,1,A,2040,1758074,,,
ABS:ABS_HH_PROV(1.0.0),1GSYD,1_2,1,A,2041,1772071,,,
ABS:ABS_HH_PROV(1.0.0),1GSYD,1_2,1,A,2042,1785644,,,
ABS:ABS_HH_PROV(1.0.0),1GSYD,1_2,1,A,2043,1798457,,,
ABS:ABS_HH_PROV(1.0.0),1GSYD,1_2,1,A,2044,1810826,,,
ABS:ABS_HH_PROV(1.0.0),1GSYD,1_2,1,A,2045,1822595,,,
ABS:ABS_HH_PROV(1.0.0),1GSYD,1_2,1,A,2046,1833916,,,
ABS:ABS_HH_PROV(1.0.0),1GSYD,31,1,A,2021,484688,,,
ABS:ABS_HH_PROV(1.0.0),1GSYD,31,1,A,2022,489864,,,
ABS:ABS_HH_PROV(1.0.0),1GSYD,31,1,A,2023,504165,,,
ABS:ABS_HH_PROV(1.0.0),1GSYD,31,1,A,2024,517255,,,
ABS:ABS_HH_PROV(1.0.0),1GSYD,31,1,A,2025,530602,,,
ABS:ABS_HH_PROV(1.0.0),1GSYD,31,1,A,2026,544081,,,
ABS:ABS_HH_PROV(1.0.0),1GSYD,31,1,A,2027,557854,,,
ABS:ABS_HH_PROV(1.0.0),1GSYD,31,1,A,2028,571461,,,
ABS:ABS_HH_PROV(1.0.0),1GSYD,31,1,A,2029,584848,,,
ABS:ABS_HH_PROV(1.0.0),1GSYD,31,1,A,2030,597995,,,
ABS:ABS_HH_PROV(1.0.0),1GSYD,31,1,A,2031,611021,,,
ABS:ABS_HH_PROV(1.0.0),1GSYD,31,1,A,2032,623742,,,
ABS:ABS_HH_PROV(1.0.0),1GSYD,31,1,A,2033,636209,,,
ABS:ABS_HH_PROV(1.0.0),1GSYD,31,1,A,2034,648276,,,
ABS:ABS_HH_PROV(1.0.0),1GSYD,31,1,A,2035,659980,,,
ABS:ABS_HH_PROV(1.0.0),1GSYD,31,1,A,2036,671532,,,
ABS:ABS_HH_PROV(1.0.0),1GSYD,31,1,A,2037,682724,,,
ABS:ABS_HH_PROV(1.0.0),1GSYD,31,1,A,2038,693561,,,
ABS:ABS_HH_PROV(1.0.0),1GSYD,31,1,A,2039,703964,,,
ABS:ABS_HH_PROV(1.0.0),1GSYD,31,1,A,2040,713867,,,
ABS:ABS_HH_PROV(1.0.0),1GSYD,31,1,A,2041,723587,,,
ABS:ABS_HH_PROV(1.0.0),1GSYD,31,1,A,2042,732906,,,
ABS:ABS_HH_PROV(1.0.0),1GSYD,31,1,A,2043,741794,,,
ABS:ABS_HH_PROV(1.0.0),1GSYD,31,1,A,2044,750276,,,
ABS:ABS_HH_PROV(1.0.0),1GSYD,31,1,A,2045,758296,,,
ABS:ABS_HH_PROV(1.0.0),1GSYD,31,1,A,2046,766094,,,
ABS:ABS_HH_PROV(1.0.0),4GADE,31,1,A,2021,160136,,,
ABS:ABS_HH_PROV(1.0.0),4GADE,31,1,A,2022,162710,,,
ABS:ABS_HH_PROV(1.0.0),4GADE,31,1,A,2023,166413,,,
ABS:ABS_HH_PROV(1.0.0),4GADE,31,1,A,2024,169791,,,
ABS:ABS_HH_PROV(1.0.0),4GADE,31,1,A,2025,173039,,,
ABS:ABS_HH_PROV(1.0.0),4GADE,31,1,A,2026,176165,,,
ABS:ABS_HH_PROV(1.0.0),4GADE,31,1,A,2027,179229,,,
ABS:ABS_HH_PROV(1.0.0),4GADE,31,1,A,2028,182148,,,
ABS:ABS_HH_PROV(1.0.0),4GADE,31,1,A,2029,184994,,,
ABS:ABS_HH_PROV(1.0.0),4GADE,31,1,A,2030,187738,,,
ABS:ABS_HH_PROV(1.0.0),4GADE,31,1,A,2031,190417,,,
ABS:ABS_HH_PROV(1.0.0),4GADE,31,1,A,2032,193025,,,
ABS:ABS_HH_PROV(1.0.0),4GADE,31,1,A,2033,195533,,,
ABS:ABS_HH_PROV(1.0.0),4GADE,31,1,A,2034,197956,,,
ABS:ABS_HH_PROV(1.0.0),4GADE,31,1,A,2035,200293,,,
ABS:ABS_HH_PROV(1.0.0),4GADE,31,1,A,2036,202595,,,
ABS:ABS_HH_PROV(1.0.0),4GADE,31,1,A,2037,204806,,,
ABS:ABS_HH_PROV(1.0.0),4GADE,31,1,A,2038,206911,,,
ABS:ABS_HH_PROV(1.0.0),4GADE,31,1,A,2039,208949,,,
ABS:ABS_HH_PROV(1.0.0),4GADE,31,1,A,2040,210891,,,
ABS:ABS_HH_PROV(1.0.0),4GADE,31,1,A,2041,212800,,,
ABS:ABS_HH_PROV(1.0.0),4GADE,31,1,A,2042,214600,,,
ABS:ABS_HH_PROV(1.0.0),4GADE,31,1,A,2043,216307,,,
ABS:ABS_HH_PROV(1.0.0),4GADE,31,1,A,2044,217963,,,
ABS:ABS_HH_PROV(1.0.0),4GADE,31,1,A,2045,219561,,,
ABS:ABS_HH_PROV(1.0.0),4GADE,31,1,A,2046,221127,,,
ABS:ABS_HH_PROV(1.0.0),7RNTE,1_2,1,A,2021,20293,,,
ABS:ABS_HH_PROV(1.0.0),7RNTE,1_2,1,A,2022,20669,,,
ABS:ABS_HH_PROV(1.0.0),7RNTE,1_2,1,A,2023,21080,,,
ABS:ABS_HH_PROV(1.0.0),7RNTE,1_2,1,A,2024,21350,,,
ABS:ABS_HH_PROV(1.0.0),7RNTE,1_2,1,A,2025,21616,,,
ABS:ABS_HH_PROV(1.0.0),7RNTE,1_2,1,A,2026,21917,,,
ABS:ABS_HH_PROV(1.0.0),7RNTE,1_2,1,A,2027,22216,,,
ABS:ABS_HH_PROV(1.0.0),7RNTE,1_2,1,A,2028,22516,,,
ABS:ABS_HH_PROV(1.0.0),7RNTE,1_2,1,A,2029,22787,,,
ABS:ABS_HH_PROV(1.0.0),7RNTE,1_2,1,A,2030,23062,,,
ABS:ABS_HH_PROV(1.0.0),7RNTE,1_2,1,A,2031,23303,,,
ABS:ABS_HH_PROV(1.0.0),7RNTE,1_2,1,A,2032,23532,,,
ABS:ABS_HH_PROV(1.0.0),7RNTE,1_2,1,A,2033,23757,,,
ABS:ABS_HH_PROV(1.0.0),7RNTE,1_2,1,A,2034,23975,,,
ABS:ABS_HH_PROV(1.0.0),7RNTE,1_2,1,A,2035,24191,,,
ABS:ABS_HH_PROV(1.0.0),7RNTE,1_2,1,A,2036,24405,,,
ABS:ABS_HH_PROV(1.0.0),7RNTE,1_2,1,A,2037,24608,,,
ABS:ABS_HH_PROV(1.0.0),7RNTE,1_2,1,A,2038,24803,,,
ABS:ABS_HH_PROV(1.0.0),7RNTE,1_2,1,A,2039,24991,,,
ABS:ABS_HH_PROV(1.0.0),7RNTE,1_2,1,A,2040,25175,,,
ABS:ABS_HH_PROV(1.0.0),7RNTE,1_2,1,A,2041,25355,,,
ABS:ABS_HH_PROV(1.0.0),7RNTE,1_2,1,A,2042,25532,,,
ABS:ABS_HH_PROV(1.0.0),7RNTE,1_2,1,A,2043,25701,,,
ABS:ABS_HH_PROV(1.0.0),7RNTE,1_2,1,A,2044,25868,,,
ABS:ABS_HH_PROV(1.0.0),7RNTE,1_2,1,A,2045,26031,,,
ABS:ABS_HH_PROV(1.0.0),7RNTE,1_2,1,A,2046,26192,,,
ABS:ABS_HH_PROV(1.0.0),6GHOB,32,3,A,2021,4368,,,
ABS:ABS_HH_PROV(1.0.0),6GHOB,32,3,A,2022,4417,,,
ABS:ABS_HH_PROV(1.0.0),6GHOB,32,3,A,2023,4501,,,
ABS:ABS_HH_PROV(1.0.0),6GHOB,32,3,A,2024,4567,,,
ABS:ABS_HH_PROV(1.0.0),6GHOB,32,3,A,2025,4638,,,
ABS:ABS_HH_PROV(1.0.0),6GHOB,32,3,A,2026,4706,,,
ABS:ABS_HH_PROV(1.0.0),6GHOB,32,3,A,2027,4784,,,
ABS:ABS_HH_PROV(1.0.0),6GHOB,32,3,A,2028,4859,,,
ABS:ABS_HH_PROV(1.0.0),6GHOB,32,3,A,2029,4925,,,
ABS:ABS_HH_PROV(1.0.0),6GHOB,32,3,A,2030,4992,,,
ABS:ABS_HH_PROV(1.0.0),6GHOB,32,3,A,2031,5060,,,
ABS:ABS_HH_PROV(1.0.0),6GHOB,32,3,A,2032,5128,,,
ABS:ABS_HH_PROV(1.0.0),6GHOB,32,3,A,2033,5201,,,
ABS:ABS_HH_PROV(1.0.0),6GHOB,32,3,A,2034,5270,,,
ABS:ABS_HH_PROV(1.0.0),6GHOB,32,3,A,2035,5333,,,
ABS:ABS_HH_PROV(1.0.0),6GHOB,32,3,A,2036,5402,,,
ABS:ABS_HH_PROV(1.0.0),6GHOB,32,3,A,2037,5467,,,
ABS:ABS_HH_PROV(1.0.0),6GHOB,32,3,A,2038,5527,,,
ABS:ABS_HH_PROV(1.0.0),6GHOB,32,3,A,2039,5585,,,
ABS:ABS_HH_PROV(1.0.0),6GHOB,32,3,A,2040,5636,,,
ABS:ABS_HH_PROV(1.0.0),6GHOB,32,3,A,2041,5687,,,
ABS:ABS_HH_PROV(1.0.0),6GHOB,32,3,A,2042,5732,,,
ABS:ABS_HH_PROV(1.0.0),6GHOB,32,3,A,2043,5771,,,
ABS:ABS_HH_PROV(1.0.0),6GHOB,32,3,A,2044,5811,,,
ABS:ABS_HH_PROV(1.0.0),6GHOB,32,3,A,2045,5848,,,
ABS:ABS_HH_PROV(1.0.0),6GHOB,32,3,A,2046,5882,,,
ABS:ABS_HH_PROV(1.0.0),8ACTE,32,3,A,2021,8386,,,
ABS:ABS_HH_PROV(1.0.0),8ACTE,32,3,A,2022,8476,,,
ABS:ABS_HH_PROV(1.0.0),8ACTE,32,3,A,2023,8445,,,
ABS:ABS_HH_PROV(1.0.0),8ACTE,32,3,A,2024,8391,,,
ABS:ABS_HH_PROV(1.0.0),8ACTE,32,3,A,2025,8364,,,
ABS:ABS_HH_PROV(1.0.0),8ACTE,32,3,A,2026,8394,,,
ABS:ABS_HH_PROV(1.0.0),8ACTE,32,3,A,2027,8479,,,
ABS:ABS_HH_PROV(1.0.0),8ACTE,32,3,A,2028,8578,,,
ABS:ABS_HH_PROV(1.0.0),8ACTE,32,3,A,2029,8689,,,
ABS:ABS_HH_PROV(1.0.0),8ACTE,32,3,A,2030,8805,,,
ABS:ABS_HH_PROV(1.0.0),8ACTE,32,3,A,2031,8910,,,
ABS:ABS_HH_PROV(1.0.0),8ACTE,32,3,A,2032,9019,,,
ABS:ABS_HH_PROV(1.0.0),8ACTE,32,3,A,2033,9129,,,
ABS:ABS_HH_PROV(1.0.0),8ACTE,32,3,A,2034,9232,,,
ABS:ABS_HH_PROV(1.0.0),8ACTE,32,3,A,2035,9320,,,
ABS:ABS_HH_PROV(1.0.0),8ACTE,32,3,A,2036,9401,,,
ABS:ABS_HH_PROV(1.0.0),8ACTE,32,3,A,2037,9467,,,
ABS:ABS_HH_PROV(1.0.0),8ACTE,32,3,A,2038,9517,,,
ABS:ABS_HH_PROV(1.0.0),8ACTE,32,3,A,2039,9565,,,
ABS:ABS_HH_PROV(1.0.0),8ACTE,32,3,A,2040,9600,,,
ABS:ABS_HH_PROV(1.0.0),8ACTE,32,3,A,2041,9636,,,
ABS:ABS_HH_PROV(1.0.0),8ACTE,32,3,A,2042,9685,,,
ABS:ABS_HH_PROV(1.0.0),8ACTE,32,3,A,2043,9722,,,
ABS:ABS_HH_PROV(1.0.0),8ACTE,32,3,A,2044,9760,,,
ABS:ABS_HH_PROV(1.0.0),8ACTE,32,3,A,2045,9798,,,
ABS:ABS_HH_PROV(1.0.0),8ACTE,32,3,A,2046,9829,,,
ABS:ABS_HH_PROV(1.0.0),2RVIC,4,2,A,2021,658352,,,
ABS:ABS_HH_PROV(1.0.0),2RVIC,4,2,A,2022,666769,,,
ABS:ABS_HH_PROV(1.0.0),2RVIC,4,2,A,2023,671816,,,
ABS:ABS_HH_PROV(1.0.0),2RVIC,4,2,A,2024,677211,,,
ABS:ABS_HH_PROV(1.0.0),2RVIC,4,2,A,2025,683815,,,
ABS:ABS_HH_PROV(1.0.0),2RVIC,4,2,A,2026,692441,,,
ABS:ABS_HH_PROV(1.0.0),2RVIC,4,2,A,2027,702528,,,
ABS:ABS_HH_PROV(1.0.0),2RVIC,4,2,A,2028,712826,,,
ABS:ABS_HH_PROV(1.0.0),2RVIC,4,2,A,2029,723423,,,
ABS:ABS_HH_PROV(1.0.0),2RVIC,4,2,A,2030,734243,,,
ABS:ABS_HH_PROV(1.0.0),2RVIC,4,2,A,2031,745308,,,
ABS:ABS_HH_PROV(1.0.0),2RVIC,4,2,A,2032,756955,,,
ABS:ABS_HH_PROV(1.0.0),2RVIC,4,2,A,2033,768790,,,
ABS:ABS_HH_PROV(1.0.0),2RVIC,4,2,A,2034,780850,,,
ABS:ABS_HH_PROV(1.0.0),2RVIC,4,2,A,2035,793086,,,
ABS:ABS_HH_PROV(1.0.0),2RVIC,4,2,A,2036,805552,,,
ABS:ABS_HH_PROV(1.0.0),2RVIC,4,2,A,2037,818535,,,
ABS:ABS_HH_PROV(1.0.0),2RVIC,4,2,A,2038,831648,,,
ABS:ABS_HH_PROV(1.0.0),2RVIC,4,2,A,2039,844932,,,
ABS:ABS_HH_PROV(1.0.0),2RVIC,4,2,A,2040,858335,,,
ABS:ABS_HH_PROV(1.0.0),2RVIC,4,2,A,2041,872027,,,
ABS:ABS_HH_PROV(1.0.0),2RVIC,4,2,A,2042,885893,,,
ABS:ABS_HH_PROV(1.0.0),2RVIC,4,2,A,2043,899800,,,
ABS:ABS_HH_PROV(1.0.0),2RVIC,4,2,A,2044,913936,,,
ABS:ABS_HH_PROV(1.0.0),2RVIC,4,2,A,2045,928246,,,
ABS:ABS_HH_PROV(1.0.0),2RVIC,4,2,A,2046,942850,,,
ABS:ABS_HH_PROV(1.0.0),6GHOB,4,2,A,2021,102203,,,
ABS:ABS_HH_PROV(1.0.0),6GHOB,4,2,A,2022,102955,,,
ABS:ABS_HH_PROV(1.0.0),6GHOB,4,2,A,2023,104362,,,
ABS:ABS_HH_PROV(1.0.0),6GHOB,4,2,A,2024,105573,,,
ABS:ABS_HH_PROV(1.0.0),6GHOB,4,2,A,2025,106721,,,
ABS:ABS_HH_PROV(1.0.0),6GHOB,4,2,A,2026,107731,,,
ABS:ABS_HH_PROV(1.0.0),6GHOB,4,2,A,2027,108904,,,
ABS:ABS_HH_PROV(1.0.0),6GHOB,4,2,A,2028,109968,,,
ABS:ABS_HH_PROV(1.0.0),6GHOB,4,2,A,2029,110958,,,
ABS:ABS_HH_PROV(1.0.0),6GHOB,4,2,A,2030,111926,,,
ABS:ABS_HH_PROV(1.0.0),6GHOB,4,2,A,2031,112804,,,
ABS:ABS_HH_PROV(1.0.0),6GHOB,4,2,A,2032,113635,,,
ABS:ABS_HH_PROV(1.0.0),6GHOB,4,2,A,2033,114429,,,
ABS:ABS_HH_PROV(1.0.0),6GHOB,4,2,A,2034,115187,,,
ABS:ABS_HH_PROV(1.0.0),6GHOB,4,2,A,2035,115924,,,
ABS:ABS_HH_PROV(1.0.0),6GHOB,4,2,A,2036,116640,,,
ABS:ABS_HH_PROV(1.0.0),6GHOB,4,2,A,2037,117359,,,
ABS:ABS_HH_PROV(1.0.0),6GHOB,4,2,A,2038,118031,,,
ABS:ABS_HH_PROV(1.0.0),6GHOB,4,2,A,2039,118667,,,
ABS:ABS_HH_PROV(1.0.0),6GHOB,4,2,A,2040,119267,,,
ABS:ABS_HH_PROV(1.0.0),6GHOB,4,2,A,2041,119848,,,
ABS:ABS_HH_PROV(1.0.0),6GHOB,4,2,A,2042,120388,,,
ABS:ABS_HH_PROV(1.0.0),6GHOB,4,2,A,2043,120886,,,
ABS:ABS_HH_PROV(1.0.0),6GHOB,4,2,A,2044,121360,,,
ABS:ABS_HH_PROV(1.0.0),6GHOB,4,2,A,2045,121819,,,
ABS:ABS_HH_PROV(1.0.0),6GHOB,4,2,A,2046,122259,,,
ABS:ABS_HH_PROV(1.0.0),6RTAS,4,2,A,2021,133703,,,
ABS:ABS_HH_PROV(1.0.0),6RTAS,4,2,A,2022,134971,,,
ABS:ABS_HH_PROV(1.0.0),6RTAS,4,2,A,2023,135972,,,
ABS:ABS_HH_PROV(1.0.0),6RTAS,4,2,A,2024,136776,,,
ABS:ABS_HH_PROV(1.0.0),6RTAS,4,2,A,2025,137578,,,
ABS:ABS_HH_PROV(1.0.0),6RTAS,4,2,A,2026,138372,,,
ABS:ABS_HH_PROV(1.0.0),6RTAS,4,2,A,2027,139236,,,
ABS:ABS_HH_PROV(1.0.0),6RTAS,4,2,A,2028,139997,,,
ABS:ABS_HH_PROV(1.0.0),6RTAS,4,2,A,2029,140698,,,
ABS:ABS_HH_PROV(1.0.0),6RTAS,4,2,A,2030,141319,,,
ABS:ABS_HH_PROV(1.0.0),6RTAS,4,2,A,2031,141854,,,
ABS:ABS_HH_PROV(1.0.0),6RTAS,4,2,A,2032,142327,,,
ABS:ABS_HH_PROV(1.0.0),6RTAS,4,2,A,2033,142751,,,
ABS:ABS_HH_PROV(1.0.0),6RTAS,4,2,A,2034,143144,,,
ABS:ABS_HH_PROV(1.0.0),6RTAS,4,2,A,2035,143469,,,
ABS:ABS_HH_PROV(1.0.0),6RTAS,4,2,A,2036,143738,,,
ABS:ABS_HH_PROV(1.0.0),6RTAS,4,2,A,2037,144019,,,
ABS:ABS_HH_PROV(1.0.0),6RTAS,4,2,A,2038,144248,,,
ABS:ABS_HH_PROV(1.0.0),6RTAS,4,2,A,2039,144436,,,
ABS:ABS_HH_PROV(1.0.0),6RTAS,4,2,A,2040,144563,,,
ABS:ABS_HH_PROV(1.0.0),6RTAS,4,2,A,2041,144666,,,
ABS:ABS_HH_PROV(1.0.0),6RTAS,4,2,A,2042,144721,,,
ABS:ABS_HH_PROV(1.0.0),6RTAS,4,2,A,2043,144714,,,
ABS:ABS_HH_PROV(1.0.0),6RTAS,4,2,A,2044,144675,,,
ABS:ABS_HH_PROV(1.0.0),6RTAS,4,2,A,2045,144590,,,
ABS:ABS_HH_PROV(1.0.0),6RTAS,4,2,A,2046,144487,,,
ABS:ABS_HH_PROV(1.0.0),4GADE,4,3,A,2021,566691,,,
ABS:ABS_HH_PROV(1.0.0),4GADE,4,3,A,2022,572675,,,
ABS:ABS_HH_PROV(1.0.0),4GADE,4,3,A,2023,582767,,,
ABS:ABS_HH_PROV(1.0.0),4GADE,4,3,A,2024,591146,,,
ABS:ABS_HH_PROV(1.0.0),4GADE,4,3,A,2025,599041,,,
ABS:ABS_HH_PROV(1.0.0),4GADE,4,3,A,2026,606260,,,
ABS:ABS_HH_PROV(1.0.0),4GADE,4,3,A,2027,612754,,,
ABS:ABS_HH_PROV(1.0.0),4GADE,4,3,A,2028,618875,,,
ABS:ABS_HH_PROV(1.0.0),4GADE,4,3,A,2029,624739,,,
ABS:ABS_HH_PROV(1.0.0),4GADE,4,3,A,2030,630273,,,
ABS:ABS_HH_PROV(1.0.0),4GADE,4,3,A,2031,635452,,,
ABS:ABS_HH_PROV(1.0.0),4GADE,4,3,A,2032,640166,,,
ABS:ABS_HH_PROV(1.0.0),4GADE,4,3,A,2033,644720,,,
ABS:ABS_HH_PROV(1.0.0),4GADE,4,3,A,2034,649128,,,
ABS:ABS_HH_PROV(1.0.0),4GADE,4,3,A,2035,653419,,,
ABS:ABS_HH_PROV(1.0.0),4GADE,4,3,A,2036,657544,,,
ABS:ABS_HH_PROV(1.0.0),4GADE,4,3,A,2037,661478,,,
ABS:ABS_HH_PROV(1.0.0),4GADE,4,3,A,2038,665173,,,
ABS:ABS_HH_PROV(1.0.0),4GADE,4,3,A,2039,668676,,,
ABS:ABS_HH_PROV(1.0.0),4GADE,4,3,A,2040,672000,,,
ABS:ABS_HH_PROV(1.0.0),4GADE,4,3,A,2041,675217,,,
ABS:ABS_HH_PROV(1.0.0),4GADE,4,3,A,2042,678224,,,
ABS:ABS_HH_PROV(1.0.0),4GADE,4,3,A,2043,680997,,,
ABS:ABS_HH_PROV(1.0.0),4GADE,4,3,A,2044,683617,,,
ABS:ABS_HH_PROV(1.0.0),4GADE,4,3,A,2045,686093,,,
ABS:ABS_HH_PROV(1.0.0),4GADE,4,3,A,2046,688489,,,
ABS:ABS_HH_PROV(1.0.0),2GMEL,4,2,A,2021,1882098,,,
ABS:ABS_HH_PROV(1.0.0),2GMEL,4,2,A,2022,1903866,,,
ABS:ABS_HH_PROV(1.0.0),2GMEL,4,2,A,2023,1953215,,,
ABS:ABS_HH_PROV(1.0.0),2GMEL,4,2,A,2024,1996573,,,
ABS:ABS_HH_PROV(1.0.0),2GMEL,4,2,A,2025,2040937,,,
ABS:ABS_HH_PROV(1.0.0),2GMEL,4,2,A,2026,2085423,,,
ABS:ABS_HH_PROV(1.0.0),2GMEL,4,2,A,2027,2130947,,,
ABS:ABS_HH_PROV(1.0.0),2GMEL,4,2,A,2028,2175263,,,
ABS:ABS_HH_PROV(1.0.0),2GMEL,4,2,A,2029,2218558,,,
ABS:ABS_HH_PROV(1.0.0),2GMEL,4,2,A,2030,2261071,,,
ABS:ABS_HH_PROV(1.0.0),2GMEL,4,2,A,2031,2302123,,,
ABS:ABS_HH_PROV(1.0.0),2GMEL,4,2,A,2032,2342279,,,
ABS:ABS_HH_PROV(1.0.0),2GMEL,4,2,A,2033,2381899,,,
ABS:ABS_HH_PROV(1.0.0),2GMEL,4,2,A,2034,2420775,,,
ABS:ABS_HH_PROV(1.0.0),2GMEL,4,2,A,2035,2459247,,,
ABS:ABS_HH_PROV(1.0.0),2GMEL,4,2,A,2036,2496972,,,
ABS:ABS_HH_PROV(1.0.0),2GMEL,4,2,A,2037,2534686,,,
ABS:ABS_HH_PROV(1.0.0),2GMEL,4,2,A,2038,2571441,,,
ABS:ABS_HH_PROV(1.0.0),2GMEL,4,2,A,2039,2607165,,,
ABS:ABS_HH_PROV(1.0.0),2GMEL,4,2,A,2040,2641923,,,
ABS:ABS_HH_PROV(1.0.0),2GMEL,4,2,A,2041,2675945,,,
ABS:ABS_HH_PROV(1.0.0),2GMEL,4,2,A,2042,2708859,,,
ABS:ABS_HH_PROV(1.0.0),2GMEL,4,2,A,2043,2740341,,,
ABS:ABS_HH_PROV(1.0.0),2GMEL,4,2,A,2044,2770886,,,
ABS:ABS_HH_PROV(1.0.0),2GMEL,4,2,A,2045,2800424,,,
ABS:ABS_HH_PROV(1.0.0),2GMEL,4,2,A,2046,2829311,,,
ABS:ABS_HH_PROV(1.0.0),2GMEL,32,3,A,2021,83086,,,
ABS:ABS_HH_PROV(1.0.0),2GMEL,32,3,A,2022,84888,,,
ABS:ABS_HH_PROV(1.0.0),2GMEL,32,3,A,2023,86915,,,
ABS:ABS_HH_PROV(1.0.0),2GMEL,32,3,A,2024,88570,,,
ABS:ABS_HH_PROV(1.0.0),2GMEL,32,3,A,2025,90385,,,
ABS:ABS_HH_PROV(1.0.0),2GMEL,32,3,A,2026,92449,,,
ABS:ABS_HH_PROV(1.0.0),2GMEL,32,3,A,2027,94771,,,
ABS:ABS_HH_PROV(1.0.0),2GMEL,32,3,A,2028,97169,,,
ABS:ABS_HH_PROV(1.0.0),2GMEL,32,3,A,2029,99468,,,
ABS:ABS_HH_PROV(1.0.0),2GMEL,32,3,A,2030,101636,,,
ABS:ABS_HH_PROV(1.0.0),2GMEL,32,3,A,2031,103729,,,
ABS:ABS_HH_PROV(1.0.0),2GMEL,32,3,A,2032,105955,,,
ABS:ABS_HH_PROV(1.0.0),2GMEL,32,3,A,2033,108225,,,
ABS:ABS_HH_PROV(1.0.0),2GMEL,32,3,A,2034,110338,,,
ABS:ABS_HH_PROV(1.0.0),2GMEL,32,3,A,2035,112327,,,
ABS:ABS_HH_PROV(1.0.0),2GMEL,32,3,A,2036,114277,,,
ABS:ABS_HH_PROV(1.0.0),2GMEL,32,3,A,2037,116119,,,
ABS:ABS_HH_PROV(1.0.0),2GMEL,32,3,A,2038,117870,,,
ABS:ABS_HH_PROV(1.0.0),2GMEL,32,3,A,2039,119532,,,
ABS:ABS_HH_PROV(1.0.0),2GMEL,32,3,A,2040,121022,,,
ABS:ABS_HH_PROV(1.0.0),2GMEL,32,3,A,2041,122558,,,
ABS:ABS_HH_PROV(1.0.0),2GMEL,32,3,A,2042,124014,,,
ABS:ABS_HH_PROV(1.0.0),2GMEL,32,3,A,2043,125257,,,
ABS:ABS_HH_PROV(1.0.0),2GMEL,32,3,A,2044,126497,,,
ABS:ABS_HH_PROV(1.0.0),2GMEL,32,3,A,2045,127675,,,
ABS:ABS_HH_PROV(1.0.0),2GMEL,32,3,A,2046,128805,,,
ABS:ABS_HH_PROV(1.0.0),5GPER,1_2,3,A,2021,595419,,,
ABS:ABS_HH_PROV(1.0.0),5GPER,1_2,3,A,2022,604813,,,
ABS:ABS_HH_PROV(1.0.0),5GPER,1_2,3,A,2023,617181,,,
ABS:ABS_HH_PROV(1.0.0),5GPER,1_2,3,A,2024,627731,,,
ABS:ABS_HH_PROV(1.0.0),5GPER,1_2,3,A,2025,637867,,,
ABS:ABS_HH_PROV(1.0.0),5GPER,1_2,3,A,2026,647329,,,
ABS:ABS_HH_PROV(1.0.0),5GPER,1_2,3,A,2027,655975,,,
ABS:ABS_HH_PROV(1.0.0),5GPER,1_2,3,A,2028,664474,,,
ABS:ABS_HH_PROV(1.0.0),5GPER,1_2,3,A,2029,672798,,,
ABS:ABS_HH_PROV(1.0.0),5GPER,1_2,3,A,2030,681032,,,
ABS:ABS_HH_PROV(1.0.0),5GPER,1_2,3,A,2031,689009,,,
ABS:ABS_HH_PROV(1.0.0),5GPER,1_2,3,A,2032,696485,,,
ABS:ABS_HH_PROV(1.0.0),5GPER,1_2,3,A,2033,703972,,,
ABS:ABS_HH_PROV(1.0.0),5GPER,1_2,3,A,2034,711366,,,
ABS:ABS_HH_PROV(1.0.0),5GPER,1_2,3,A,2035,718733,,,
ABS:ABS_HH_PROV(1.0.0),5GPER,1_2,3,A,2036,725995,,,
ABS:ABS_HH_PROV(1.0.0),5GPER,1_2,3,A,2037,733101,,,
ABS:ABS_HH_PROV(1.0.0),5GPER,1_2,3,A,2038,740066,,,
ABS:ABS_HH_PROV(1.0.0),5GPER,1_2,3,A,2039,746797,,,
ABS:ABS_HH_PROV(1.0.0),5GPER,1_2,3,A,2040,753321,,,
ABS:ABS_HH_PROV(1.0.0),5GPER,1_2,3,A,2041,759666,,,
ABS:ABS_HH_PROV(1.0.0),5GPER,1_2,3,A,2042,765736,,,
ABS:ABS_HH_PROV(1.0.0),5GPER,1_2,3,A,2043,771478,,,
ABS:ABS_HH_PROV(1.0.0),5GPER,1_2,3,A,2044,776924,,,
ABS:ABS_HH_PROV(1.0.0),5GPER,1_2,3,A,2045,782075,,,
ABS:ABS_HH_PROV(1.0.0),5GPER,1_2,3,A,2046,787091,,,
ABS:ABS_HH_PROV(1.0.0),5RWAU,1_2,3,A,2021,150543,,,
ABS:ABS_HH_PROV(1.0.0),5RWAU,1_2,3,A,2022,151722,,,
ABS:ABS_HH_PROV(1.0.0),5RWAU,1_2,3,A,2023,152693,,,
ABS:ABS_HH_PROV(1.0.0),5RWAU,1_2,3,A,2024,153542,,,
ABS:ABS_HH_PROV(1.0.0),5RWAU,1_2,3,A,2025,154644,,,
ABS:ABS_HH_PROV(1.0.0),5RWAU,1_2,3,A,2026,155850,,,
ABS:ABS_HH_PROV(1.0.0),5RWAU,1_2,3,A,2027,157066,,,
ABS:ABS_HH_PROV(1.0.0),5RWAU,1_2,3,A,2028,158368,,,
ABS:ABS_HH_PROV(1.0.0),5RWAU,1_2,3,A,2029,159759,,,
ABS:ABS_HH_PROV(1.0.0),5RWAU,1_2,3,A,2030,161258,,,
ABS:ABS_HH_PROV(1.0.0),5RWAU,1_2,3,A,2031,162779,,,
ABS:ABS_HH_PROV(1.0.0),5RWAU,1_2,3,A,2032,164309,,,
ABS:ABS_HH_PROV(1.0.0),5RWAU,1_2,3,A,2033,165876,,,
ABS:ABS_HH_PROV(1.0.0),5RWAU,1_2,3,A,2034,167489,,,
ABS:ABS_HH_PROV(1.0.0),5RWAU,1_2,3,A,2035,169159,,,
ABS:ABS_HH_PROV(1.0.0),5RWAU,1_2,3,A,2036,170827,,,
ABS:ABS_HH_PROV(1.0.0),5RWAU,1_2,3,A,2037,172494,,,
ABS:ABS_HH_PROV(1.0.0),5RWAU,1_2,3,A,2038,174144,,,
ABS:ABS_HH_PROV(1.0.0),5RWAU,1_2,3,A,2039,175808,,,
ABS:ABS_HH_PROV(1.0.0),5RWAU,1_2,3,A,2040,177481,,,
ABS:ABS_HH_PROV(1.0.0),5RWAU,1_2,3,A,2041,179142,,,
ABS:ABS_HH_PROV(1.0.0),5RWAU,1_2,3,A,2042,180820,,,
ABS:ABS_HH_PROV(1.0.0),5RWAU,1_2,3,A,2043,182469,,,
ABS:ABS_HH_PROV(1.0.0),5RWAU,1_2,3,A,2044,184135,,,
ABS:ABS_HH_PROV(1.0.0),5RWAU,1_2,3,A,2045,185800,,,
ABS:ABS_HH_PROV(1.0.0),5RWAU,1_2,3,A,2046,187491,,,
ABS:ABS_HH_PROV(1.0.0),5,1_2,2,A,2021,745962,,,
ABS:ABS_HH_PROV(1.0.0),5,1_2,2,A,2022,756535,,,
ABS:ABS_HH_PROV(1.0.0),5,1_2,2,A,2023,769874,,,
ABS:ABS_HH_PROV(1.0.0),5,1_2,2,A,2024,781273,,,
ABS:ABS_HH_PROV(1.0.0),5,1_2,2,A,2025,792511,,,
ABS:ABS_HH_PROV(1.0.0),5,1_2,2,A,2026,803179,,,
ABS:ABS_HH_PROV(1.0.0),5,1_2,2,A,2027,813633,,,
ABS:ABS_HH_PROV(1.0.0),5,1_2,2,A,2028,824001,,,
ABS:ABS_HH_PROV(1.0.0),5,1_2,2,A,2029,834260,,,
ABS:ABS_HH_PROV(1.0.0),5,1_2,2,A,2030,844519,,,
ABS:ABS_HH_PROV(1.0.0),5,1_2,2,A,2031,854531,,,
ABS:ABS_HH_PROV(1.0.0),5,1_2,2,A,2032,864303,,,
ABS:ABS_HH_PROV(1.0.0),5,1_2,2,A,2033,874093,,,
ABS:ABS_HH_PROV(1.0.0),5,1_2,2,A,2034,883806,,,
ABS:ABS_HH_PROV(1.0.0),5,1_2,2,A,2035,893519,,,
ABS:ABS_HH_PROV(1.0.0),5,1_2,2,A,2036,903085,,,
ABS:ABS_HH_PROV(1.0.0),5,1_2,2,A,2037,912726,,,
ABS:ABS_HH_PROV(1.0.0),5,1_2,2,A,2038,922164,,,
ABS:ABS_HH_PROV(1.0.0),5,1_2,2,A,2039,931340,,,
ABS:ABS_HH_PROV(1.0.0),5,1_2,2,A,2040,940277,,,
ABS:ABS_HH_PROV(1.0.0),5,1_2,2,A,2041,949004,,,
ABS:ABS_HH_PROV(1.0.0),5,1_2,2,A,2042,957471,,,
ABS:ABS_HH_PROV(1.0.0),5,1_2,2,A,2043,965554,,,
ABS:ABS_HH_PROV(1.0.0),5,1_2,2,A,2044,973338,,,
ABS:ABS_HH_PROV(1.0.0),5,1_2,2,A,2045,980819,,,
ABS:ABS_HH_PROV(1.0.0),5,1_2,2,A,2046,988166,,,
ABS:ABS_HH_PROV(1.0.0),8,32,2,A,2021,8386,,,
ABS:ABS_HH_PROV(1.0.0),8,32,2,A,2022,8476,,,
ABS:ABS_HH_PROV(1.0.0),8,32,2,A,2023,8445,,,
ABS:ABS_HH_PROV(1.0.0),8,32,2,A,2024,8391,,,
ABS:ABS_HH_PROV(1.0.0),8,32,2,A,2025,8364,,,
ABS:ABS_HH_PROV(1.0.0),8,32,2,A,2026,8394,,,
ABS:ABS_HH_PROV(1.0.0),8,32,2,A,2027,8479,,,
ABS:ABS_HH_PROV(1.0.0),8,32,2,A,2028,8578,,,
ABS:ABS_HH_PROV(1.0.0),8,32,2,A,2029,8691,,,
ABS:ABS_HH_PROV(1.0.0),8,32,2,A,2030,8808,,,
ABS:ABS_HH_PROV(1.0.0),8,32,2,A,2031,8918,,,
ABS:ABS_HH_PROV(1.0.0),8,32,2,A,2032,9031,,,
ABS:ABS_HH_PROV(1.0.0),8,32,2,A,2033,9148,,,
ABS:ABS_HH_PROV(1.0.0),8,32,2,A,2034,9259,,,
ABS:ABS_HH_PROV(1.0.0),8,32,2,A,2035,9357,,,
ABS:ABS_HH_PROV(1.0.0),8,32,2,A,2036,9449,,,
ABS:ABS_HH_PROV(1.0.0),8,32,2,A,2037,9528,,,
ABS:ABS_HH_PROV(1.0.0),8,32,2,A,2038,9592,,,
ABS:ABS_HH_PROV(1.0.0),8,32,2,A,2039,9654,,,
ABS:ABS_HH_PROV(1.0.0),8,32,2,A,2040,9705,,,
ABS:ABS_HH_PROV(1.0.0),8,32,2,A,2041,9757,,,
ABS:ABS_HH_PROV(1.0.0),8,32,2,A,2042,9822,,,
ABS:ABS_HH_PROV(1.0.0),8,32,2,A,2043,9875,,,
ABS:ABS_HH_PROV(1.0.0),8,32,2,A,2044,9930,,,
ABS:ABS_HH_PROV(1.0.0),8,32,2,A,2045,9986,,,
ABS:ABS_HH_PROV(1.0.0),8,32,2,A,2046,10035,,,
ABS:ABS_HH_PROV(1.0.0),2,32,3,A,2021,102718,,,
ABS:ABS_HH_PROV(1.0.0),2,32,3,A,2022,104694,,,
ABS:ABS_HH_PROV(1.0.0),2,32,3,A,2023,107656,,,
ABS:ABS_HH_PROV(1.0.0),2,32,3,A,2024,110220,,,
ABS:ABS_HH_PROV(1.0.0),2,32,3,A,2025,112929,,,
ABS:ABS_HH_PROV(1.0.0),2,32,3,A,2026,115980,,,
ABS:ABS_HH_PROV(1.0.0),2,32,3,A,2027,119327,,,
ABS:ABS_HH_PROV(1.0.0),2,32,3,A,2028,122699,,,
ABS:ABS_HH_PROV(1.0.0),2,32,3,A,2029,125928,,,
ABS:ABS_HH_PROV(1.0.0),2,32,3,A,2030,128968,,,
ABS:ABS_HH_PROV(1.0.0),2,32,3,A,2031,131907,,,
ABS:ABS_HH_PROV(1.0.0),2,32,3,A,2032,134982,,,
ABS:ABS_HH_PROV(1.0.0),2,32,3,A,2033,138095,,,
ABS:ABS_HH_PROV(1.0.0),2,32,3,A,2034,141030,,,
ABS:ABS_HH_PROV(1.0.0),2,32,3,A,2035,143815,,,
ABS:ABS_HH_PROV(1.0.0),2,32,3,A,2036,146559,,,
ABS:ABS_HH_PROV(1.0.0),2,32,3,A,2037,149159,,,
ABS:ABS_HH_PROV(1.0.0),2,32,3,A,2038,151674,,,
ABS:ABS_HH_PROV(1.0.0),2,32,3,A,2039,154105,,,
ABS:ABS_HH_PROV(1.0.0),2,32,3,A,2040,156361,,,
ABS:ABS_HH_PROV(1.0.0),2,32,3,A,2041,158699,,,
ABS:ABS_HH_PROV(1.0.0),2,32,3,A,2042,160975,,,
ABS:ABS_HH_PROV(1.0.0),2,32,3,A,2043,163035,,,
ABS:ABS_HH_PROV(1.0.0),2,32,3,A,2044,165126,,,
ABS:ABS_HH_PROV(1.0.0),2,32,3,A,2045,167183,,,
ABS:ABS_HH_PROV(1.0.0),2,32,3,A,2046,169213,,,
ABS:ABS_HH_PROV(1.0.0),3,1_2,3,A,2021,1416416,,,
ABS:ABS_HH_PROV(1.0.0),3,1_2,3,A,2022,1443107,,,
ABS:ABS_HH_PROV(1.0.0),3,1_2,3,A,2023,1472077,,,
ABS:ABS_HH_PROV(1.0.0),3,1_2,3,A,2024,1497415,,,
ABS:ABS_HH_PROV(1.0.0),3,1_2,3,A,2025,1521686,,,
ABS:ABS_HH_PROV(1.0.0),3,1_2,3,A,2026,1544240,,,
ABS:ABS_HH_PROV(1.0.0),3,1_2,3,A,2027,1564499,,,
ABS:ABS_HH_PROV(1.0.0),3,1_2,3,A,2028,1584365,,,
ABS:ABS_HH_PROV(1.0.0),3,1_2,3,A,2029,1603914,,,
ABS:ABS_HH_PROV(1.0.0),3,1_2,3,A,2030,1623315,,,
ABS:ABS_HH_PROV(1.0.0),3,1_2,3,A,2031,1642174,,,
ABS:ABS_HH_PROV(1.0.0),3,1_2,3,A,2032,1659900,,,
ABS:ABS_HH_PROV(1.0.0),3,1_2,3,A,2033,1677501,,,
ABS:ABS_HH_PROV(1.0.0),3,1_2,3,A,2034,1695028,,,
ABS:ABS_HH_PROV(1.0.0),3,1_2,3,A,2035,1712462,,,
ABS:ABS_HH_PROV(1.0.0),3,1_2,3,A,2036,1729500,,,
ABS:ABS_HH_PROV(1.0.0),3,1_2,3,A,2037,1746085,,,
ABS:ABS_HH_PROV(1.0.0),3,1_2,3,A,2038,1762167,,,
ABS:ABS_HH_PROV(1.0.0),3,1_2,3,A,2039,1777976,,,
ABS:ABS_HH_PROV(1.0.0),3,1_2,3,A,2040,1793345,,,
ABS:ABS_HH_PROV(1.0.0),3,1_2,3,A,2041,1808334,,,
ABS:ABS_HH_PROV(1.0.0),3,1_2,3,A,2042,1823030,,,
ABS:ABS_HH_PROV(1.0.0),3,1_2,3,A,2043,1837055,,,
ABS:ABS_HH_PROV(1.0.0),3,1_2,3,A,2044,1850714,,,
ABS:ABS_HH_PROV(1.0.0),3,1_2,3,A,2045,1863870,,,
ABS:ABS_HH_PROV(1.0.0),3,1_2,3,A,2046,1876759,,,
ABS:ABS_HH_PROV(1.0.0),5,1_2,3,A,2021,745962,,,
ABS:ABS_HH_PROV(1.0.0),5,1_2,3,A,2022,756535,,,
ABS:ABS_HH_PROV(1.0.0),5,1_2,3,A,2023,769874,,,
ABS:ABS_HH_PROV(1.0.0),5,1_2,3,A,2024,781273,,,
ABS:ABS_HH_PROV(1.0.0),5,1_2,3,A,2025,792511,,,
ABS:ABS_HH_PROV(1.0.0),5,1_2,3,A,2026,803179,,,
ABS:ABS_HH_PROV(1.0.0),5,1_2,3,A,2027,813041,,,
ABS:ABS_HH_PROV(1.0.0),5,1_2,3,A,2028,822842,,,
ABS:ABS_HH_PROV(1.0.0),5,1_2,3,A,2029,832557,,,
ABS:ABS_HH_PROV(1.0.0),5,1_2,3,A,2030,842290,,,
ABS:ABS_HH_PROV(1.0.0),5,1_2,3,A,2031,851788,,,
ABS:ABS_HH_PROV(1.0.0),5,1_2,3,A,2032,860794,,,
ABS:ABS_HH_PROV(1.0.0),5,1_2,3,A,2033,869848,,,
ABS:ABS_HH_PROV(1.0.0),5,1_2,3,A,2034,878855,,,
ABS:ABS_HH_PROV(1.0.0),5,1_2,3,A,2035,887892,,,
ABS:ABS_HH_PROV(1.0.0),5,1_2,3,A,2036,896822,,,
ABS:ABS_HH_PROV(1.0.0),5,1_2,3,A,2037,905595,,,
ABS:ABS_HH_PROV(1.0.0),5,1_2,3,A,2038,914210,,,
ABS:ABS_HH_PROV(1.0.0),5,1_2,3,A,2039,922605,,,
ABS:ABS_HH_PROV(1.0.0),5,1_2,3,A,2040,930802,,,
ABS:ABS_HH_PROV(1.0.0),5,1_2,3,A,2041,938808,,,
ABS:ABS_HH_PROV(1.0.0),5,1_2,3,A,2042,946556,,,
ABS:ABS_HH_PROV(1.0.0),5,1_2,3,A,2043,953947,,,
ABS:ABS_HH_PROV(1.0.0),5,1_2,3,A,2044,961059,,,
ABS:ABS_HH_PROV(1.0.0),5,1_2,3,A,2045,967875,,,
ABS:ABS_HH_PROV(1.0.0),5,1_2,3,A,2046,974582,,,
ABS:ABS_HH_PROV(1.0.0),9,1_2,1,A,2021,1188,,,
ABS:ABS_HH_PROV(1.0.0),9,1_2,1,A,2022,1195,,,
ABS:ABS_HH_PROV(1.0.0),9,1_2,1,A,2023,1203,,,
ABS:ABS_HH_PROV(1.0.0),9,1_2,1,A,2024,1204,,,
ABS:ABS_HH_PROV(1.0.0),9,1_2,1,A,2025,1201,,,
ABS:ABS_HH_PROV(1.0.0),9,1_2,1,A,2026,1202,,,
ABS:ABS_HH_PROV(1.0.0),9,1_2,1,A,2027,1202,,,
ABS:ABS_HH_PROV(1.0.0),9,1_2,1,A,2028,1208,,,
ABS:ABS_HH_PROV(1.0.0),9,1_2,1,A,2029,1211,,,
ABS:ABS_HH_PROV(1.0.0),9,1_2,1,A,2030,1214,,,
ABS:ABS_HH_PROV(1.0.0),9,1_2,1,A,2031,1214,,,
ABS:ABS_HH_PROV(1.0.0),9,1_2,1,A,2032,1218,,,
ABS:ABS_HH_PROV(1.0.0),9,1_2,1,A,2033,1219,,,
ABS:ABS_HH_PROV(1.0.0),9,1_2,1,A,2034,1220,,,
ABS:ABS_HH_PROV(1.0.0),9,1_2,1,A,2035,1212,,,
ABS:ABS_HH_PROV(1.0.0),9,1_2,1,A,2036,1203,,,
ABS:ABS_HH_PROV(1.0.0),9,1_2,1,A,2037,1196,,,
ABS:ABS_HH_PROV(1.0.0),9,1_2,1,A,2038,1192,,,
ABS:ABS_HH_PROV(1.0.0),9,1_2,1,A,2039,1188,,,
ABS:ABS_HH_PROV(1.0.0),9,1_2,1,A,2040,1182,,,
ABS:ABS_HH_PROV(1.0.0),9,1_2,1,A,2041,1173,,,
ABS:ABS_HH_PROV(1.0.0),9,1_2,1,A,2042,1163,,,
ABS:ABS_HH_PROV(1.0.0),9,1_2,1,A,2043,1155,,,
ABS:ABS_HH_PROV(1.0.0),9,1_2,1,A,2044,1148,,,
ABS:ABS_HH_PROV(1.0.0),9,1_2,1,A,2045,1135,,,
ABS:ABS_HH_PROV(1.0.0),9,1_2,1,A,2046,1126,,,
ABS:ABS_HH_PROV(1.0.0),7,31,1,A,2021,17977,,,
ABS:ABS_HH_PROV(1.0.0),7,31,1,A,2022,18257,,,
ABS:ABS_HH_PROV(1.0.0),7,31,1,A,2023,18777,,,
ABS:ABS_HH_PROV(1.0.0),7,31,1,A,2024,19194,,,
ABS:ABS_HH_PROV(1.0.0),7,31,1,A,2025,19600,,,
ABS:ABS_HH_PROV(1.0.0),7,31,1,A,2026,20008,,,
ABS:ABS_HH_PROV(1.0.0),7,31,1,A,2027,20419,,,
ABS:ABS_HH_PROV(1.0.0),7,31,1,A,2028,20824,,,
ABS:ABS_HH_PROV(1.0.0),7,31,1,A,2029,21201,,,
ABS:ABS_HH_PROV(1.0.0),7,31,1,A,2030,21564,,,
ABS:ABS_HH_PROV(1.0.0),7,31,1,A,2031,21907,,,
ABS:ABS_HH_PROV(1.0.0),7,31,1,A,2032,22234,,,
ABS:ABS_HH_PROV(1.0.0),7,31,1,A,2033,22554,,,
ABS:ABS_HH_PROV(1.0.0),7,31,1,A,2034,22870,,,
ABS:ABS_HH_PROV(1.0.0),7,31,1,A,2035,23174,,,
ABS:ABS_HH_PROV(1.0.0),7,31,1,A,2036,23480,,,
ABS:ABS_HH_PROV(1.0.0),7,31,1,A,2037,23775,,,
ABS:ABS_HH_PROV(1.0.0),7,31,1,A,2038,24062,,,
ABS:ABS_HH_PROV(1.0.0),7,31,1,A,2039,24339,,,
ABS:ABS_HH_PROV(1.0.0),7,31,1,A,2040,24607,,,
ABS:ABS_HH_PROV(1.0.0),7,31,1,A,2041,24875,,,
ABS:ABS_HH_PROV(1.0.0),7,31,1,A,2042,25131,,,
ABS:ABS_HH_PROV(1.0.0),7,31,1,A,2043,25380,,,
ABS:ABS_HH_PROV(1.0.0),7,31,1,A,2044,25623,,,
ABS:ABS_HH_PROV(1.0.0),7,31,1,A,2045,25866,,,
ABS:ABS_HH_PROV(1.0.0),7,31,1,A,2046,26105,,,
ABS:ABS_HH_PROV(1.0.0),1,1_2,1,A,2021,2181156,,,
ABS:ABS_HH_PROV(1.0.0),1,1_2,1,A,2022,2197199,,,
ABS:ABS_HH_PROV(1.0.0),1,1_2,1,A,2023,2237972,,,
ABS:ABS_HH_PROV(1.0.0),1,1_2,1,A,2024,2273669,,,
ABS:ABS_HH_PROV(1.0.0),1,1_2,1,A,2025,2309852,,,
ABS:ABS_HH_PROV(1.0.0),1,1_2,1,A,2026,2344938,,,
ABS:ABS_HH_PROV(1.0.0),1,1_2,1,A,2027,2378676,,,
ABS:ABS_HH_PROV(1.0.0),1,1_2,1,A,2028,2411727,,,
ABS:ABS_HH_PROV(1.0.0),1,1_2,1,A,2029,2444217,,,
ABS:ABS_HH_PROV(1.0.0),1,1_2,1,A,2030,2476511,,,
ABS:ABS_HH_PROV(1.0.0),1,1_2,1,A,2031,2507497,,,
ABS:ABS_HH_PROV(1.0.0),1,1_2,1,A,2032,2536753,,,
ABS:ABS_HH_PROV(1.0.0),1,1_2,1,A,2033,2565734,,,
ABS:ABS_HH_PROV(1.0.0),1,1_2,1,A,2034,2594559,,,
ABS:ABS_HH_PROV(1.0.0),1,1_2,1,A,2035,2623328,,,
ABS:ABS_HH_PROV(1.0.0),1,1_2,1,A,2036,2651451,,,
ABS:ABS_HH_PROV(1.0.0),1,1_2,1,A,2037,2679125,,,
ABS:ABS_HH_PROV(1.0.0),1,1_2,1,A,2038,2705992,,,
ABS:ABS_HH_PROV(1.0.0),1,1_2,1,A,2039,2732356,,,
ABS:ABS_HH_PROV(1.0.0),1,1_2,1,A,2040,2758180,,,
ABS:ABS_HH_PROV(1.0.0),1,1_2,1,A,2041,2783500,,,
ABS:ABS_HH_PROV(1.0.0),1,1_2,1,A,2042,2808390,,,
ABS:ABS_HH_PROV(1.0.0),1,1_2,1,A,2043,2832261,,,
ABS:ABS_HH_PROV(1.0.0),1,1_2,1,A,2044,2855642,,,
ABS:ABS_HH_PROV(1.0.0),1,1_2,1,A,2045,2878368,,,
ABS:ABS_HH_PROV(1.0.0),1,1_2,1,A,2046,2900721,,,
ABS:ABS_HH_PROV(1.0.0),8,32,3,A,2021,8386,,,
ABS:ABS_HH_PROV(1.0.0),8,32,3,A,2022,8476,,,
ABS:ABS_HH_PROV(1.0.0),8,32,3,A,2023,8445,,,
ABS:ABS_HH_PROV(1.0.0),8,32,3,A,2024,8391,,,
ABS:ABS_HH_PROV(1.0.0),8,32,3,A,2025,8364,,,
ABS:ABS_HH_PROV(1.0.0),8,32,3,A,2026,8394,,,
ABS:ABS_HH_PROV(1.0.0),8,32,3,A,2027,8479,,,
ABS:ABS_HH_PROV(1.0.0),8,32,3,A,2028,8578,,,
ABS:ABS_HH_PROV(1.0.0),8,32,3,A,2029,8689,,,
ABS:ABS_HH_PROV(1.0.0),8,32,3,A,2030,8805,,,
ABS:ABS_HH_PROV(1.0.0),8,32,3,A,2031,8910,,,
ABS:ABS_HH_PROV(1.0.0),8,32,3,A,2032,9019,,,
ABS:ABS_HH_PROV(1.0.0),8,32,3,A,2033,9129,,,
ABS:ABS_HH_PROV(1.0.0),8,32,3,A,2034,9232,,,
ABS:ABS_HH_PROV(1.0.0),8,32,3,A,2035,9320,,,
ABS:ABS_HH_PROV(1.0.0),8,32,3,A,2036,9401,,,
ABS:ABS_HH_PROV(1.0.0),8,32,3,A,2037,9467,,,
ABS:ABS_HH_PROV(1.0.0),8,32,3,A,2038,9517,,,
ABS:ABS_HH_PROV(1.0.0),8,32,3,A,2039,9565,,,
ABS:ABS_HH_PROV(1.0.0),8,32,3,A,2040,9600,,,
ABS:ABS_HH_PROV(1.0.0),8,32,3,A,2041,9636,,,
ABS:ABS_HH_PROV(1.0.0),8,32,3,A,2042,9685,,,
ABS:ABS_HH_PROV(1.0.0),8,32,3,A,2043,9722,,,
ABS:ABS_HH_PROV(1.0.0),8,32,3,A,2044,9760,,,
ABS:ABS_HH_PROV(1.0.0),8,32,3,A,2045,9798,,,
ABS:ABS_HH_PROV(1.0.0),8,32,3,A,2046,9829,,,
ABS:ABS_HH_PROV(1.0.0),7,4,3,A,2021,80140,,,
ABS:ABS_HH_PROV(1.0.0),7,4,3,A,2022,80765,,,
ABS:ABS_HH_PROV(1.0.0),7,4,3,A,2023,82331,,,
ABS:ABS_HH_PROV(1.0.0),7,4,3,A,2024,83394,,,
ABS:ABS_HH_PROV(1.0.0),7,4,3,A,2025,84472,,,
ABS:ABS_HH_PROV(1.0.0),7,4,3,A,2026,85538,,,
ABS:ABS_HH_PROV(1.0.0),7,4,3,A,2027,86620,,,
ABS:ABS_HH_PROV(1.0.0),7,4,3,A,2028,87683,,,
ABS:ABS_HH_PROV(1.0.0),7,4,3,A,2029,88609,,,
ABS:ABS_HH_PROV(1.0.0),7,4,3,A,2030,89525,,,
ABS:ABS_HH_PROV(1.0.0),7,4,3,A,2031,90318,,,
ABS:ABS_HH_PROV(1.0.0),7,4,3,A,2032,91067,,,
ABS:ABS_HH_PROV(1.0.0),7,4,3,A,2033,91800,,,
ABS:ABS_HH_PROV(1.0.0),7,4,3,A,2034,92518,,,
ABS:ABS_HH_PROV(1.0.0),7,4,3,A,2035,93220,,,
ABS:ABS_HH_PROV(1.0.0),7,4,3,A,2036,93904,,,
ABS:ABS_HH_PROV(1.0.0),7,4,3,A,2037,94563,,,
ABS:ABS_HH_PROV(1.0.0),7,4,3,A,2038,95192,,,
ABS:ABS_HH_PROV(1.0.0),7,4,3,A,2039,95794,,,
ABS:ABS_HH_PROV(1.0.0),7,4,3,A,2040,96372,,,
ABS:ABS_HH_PROV(1.0.0),7,4,3,A,2041,96946,,,
ABS:ABS_HH_PROV(1.0.0),7,4,3,A,2042,97494,,,
ABS:ABS_HH_PROV(1.0.0),7,4,3,A,2043,98002,,,
ABS:ABS_HH_PROV(1.0.0),7,4,3,A,2044,98493,,,
ABS:ABS_HH_PROV(1.0.0),7,4,3,A,2045,98960,,,
ABS:ABS_HH_PROV(1.0.0),7,4,3,A,2046,99421,,,
ABS:ABS_HH_PROV(1.0.0),3GBRI,32,1,A,2021,55141,,,
ABS:ABS_HH_PROV(1.0.0),3GBRI,32,1,A,2022,46892,,,
ABS:ABS_HH_PROV(1.0.0),3GBRI,32,1,A,2023,47293,,,
ABS:ABS_HH_PROV(1.0.0),3GBRI,32,1,A,2024,47537,,,
ABS:ABS_HH_PROV(1.0.0),3GBRI,32,1,A,2025,47828,,,
ABS:ABS_HH_PROV(1.0.0),3GBRI,32,1,A,2026,48210,,,
ABS:ABS_HH_PROV(1.0.0),3GBRI,32,1,A,2027,48719,,,
ABS:ABS_HH_PROV(1.0.0),3GBRI,32,1,A,2028,49339,,,
ABS:ABS_HH_PROV(1.0.0),3GBRI,32,1,A,2029,49998,,,
ABS:ABS_HH_PROV(1.0.0),3GBRI,32,1,A,2030,50659,,,
ABS:ABS_HH_PROV(1.0.0),3GBRI,32,1,A,2031,51300,,,
ABS:ABS_HH_PROV(1.0.0),3GBRI,32,1,A,2032,51959,,,
ABS:ABS_HH_PROV(1.0.0),3GBRI,32,1,A,2033,52638,,,
ABS:ABS_HH_PROV(1.0.0),3GBRI,32,1,A,2034,53285,,,
ABS:ABS_HH_PROV(1.0.0),3GBRI,32,1,A,2035,53855,,,
ABS:ABS_HH_PROV(1.0.0),3GBRI,32,1,A,2036,54400,,,
ABS:ABS_HH_PROV(1.0.0),3GBRI,32,1,A,2037,54855,,,
ABS:ABS_HH_PROV(1.0.0),3GBRI,32,1,A,2038,55237,,,
ABS:ABS_HH_PROV(1.0.0),3GBRI,32,1,A,2039,55580,,,
ABS:ABS_HH_PROV(1.0.0),3GBRI,32,1,A,2040,55843,,,
ABS:ABS_HH_PROV(1.0.0),3GBRI,32,1,A,2041,56085,,,
ABS:ABS_HH_PROV(1.0.0),3GBRI,32,1,A,2042,56359,,,
ABS:ABS_HH_PROV(1.0.0),3GBRI,32,1,A,2043,56569,,,
ABS:ABS_HH_PROV(1.0.0),3GBRI,32,1,A,2044,56747,,,
ABS:ABS_HH_PROV(1.0.0),3GBRI,32,1,A,2045,56903,,,
ABS:ABS_HH_PROV(1.0.0),3GBRI,32,1,A,2046,57010,,,
ABS:ABS_HH_PROV(1.0.0),4RSAU,31,1,A,2021,55400,,,
ABS:ABS_HH_PROV(1.0.0),4RSAU,31,1,A,2022,56199,,,
ABS:ABS_HH_PROV(1.0.0),4RSAU,31,1,A,2023,56754,,,
ABS:ABS_HH_PROV(1.0.0),4RSAU,31,1,A,2024,57267,,,
ABS:ABS_HH_PROV(1.0.0),4RSAU,31,1,A,2025,57809,,,
ABS:ABS_HH_PROV(1.0.0),4RSAU,31,1,A,2026,58431,,,
ABS:ABS_HH_PROV(1.0.0),4RSAU,31,1,A,2027,59075,,,
ABS:ABS_HH_PROV(1.0.0),4RSAU,31,1,A,2028,59657,,,
ABS:ABS_HH_PROV(1.0.0),4RSAU,31,1,A,2029,60197,,,
ABS:ABS_HH_PROV(1.0.0),4RSAU,31,1,A,2030,60695,,,
ABS:ABS_HH_PROV(1.0.0),4RSAU,31,1,A,2031,61165,,,
ABS:ABS_HH_PROV(1.0.0),4RSAU,31,1,A,2032,61602,,,
ABS:ABS_HH_PROV(1.0.0),4RSAU,31,1,A,2033,61976,,,
ABS:ABS_HH_PROV(1.0.0),4RSAU,31,1,A,2034,62301,,,
ABS:ABS_HH_PROV(1.0.0),4RSAU,31,1,A,2035,62579,,,
ABS:ABS_HH_PROV(1.0.0),4RSAU,31,1,A,2036,62837,,,
ABS:ABS_HH_PROV(1.0.0),4RSAU,31,1,A,2037,63023,,,
ABS:ABS_HH_PROV(1.0.0),4RSAU,31,1,A,2038,63182,,,
ABS:ABS_HH_PROV(1.0.0),4RSAU,31,1,A,2039,63291,,,
ABS:ABS_HH_PROV(1.0.0),4RSAU,31,1,A,2040,63356,,,
ABS:ABS_HH_PROV(1.0.0),4RSAU,31,1,A,2041,63416,,,
ABS:ABS_HH_PROV(1.0.0),4RSAU,31,1,A,2042,63415,,,
ABS:ABS_HH_PROV(1.0.0),4RSAU,31,1,A,2043,63383,,,
ABS:ABS_HH_PROV(1.0.0),4RSAU,31,1,A,2044,63318,,,
ABS:ABS_HH_PROV(1.0.0),4RSAU,31,1,A,2045,63226,,,
ABS:ABS_HH_PROV(1.0.0),4RSAU,31,1,A,2046,63117,,,
ABS:ABS_HH_PROV(1.0.0),5GPER,31,1,A,2021,206046,,,
ABS:ABS_HH_PROV(1.0.0),5GPER,31,1,A,2022,210774,,,
ABS:ABS_HH_PROV(1.0.0),5GPER,31,1,A,2023,218151,,,
ABS:ABS_HH_PROV(1.0.0),5GPER,31,1,A,2024,225093,,,
ABS:ABS_HH_PROV(1.0.0),5GPER,31,1,A,2025,231870,,,
ABS:ABS_HH_PROV(1.0.0),5GPER,31,1,A,2026,238553,,,
ABS:ABS_HH_PROV(1.0.0),5GPER,31,1,A,2027,245152,,,
ABS:ABS_HH_PROV(1.0.0),5GPER,31,1,A,2028,251601,,,
ABS:ABS_HH_PROV(1.0.0),5GPER,31,1,A,2029,257948,,,
ABS:ABS_HH_PROV(1.0.0),5GPER,31,1,A,2030,264188,,,
ABS:ABS_HH_PROV(1.0.0),5GPER,31,1,A,2031,270418,,,
ABS:ABS_HH_PROV(1.0.0),5GPER,31,1,A,2032,276541,,,
ABS:ABS_HH_PROV(1.0.0),5GPER,31,1,A,2033,282477,,,
ABS:ABS_HH_PROV(1.0.0),5GPER,31,1,A,2034,288201,,,
ABS:ABS_HH_PROV(1.0.0),5GPER,31,1,A,2035,293746,,,
ABS:ABS_HH_PROV(1.0.0),5GPER,31,1,A,2036,299228,,,
ABS:ABS_HH_PROV(1.0.0),5GPER,31,1,A,2037,304446,,,
ABS:ABS_HH_PROV(1.0.0),5GPER,31,1,A,2038,309437,,,
ABS:ABS_HH_PROV(1.0.0),5GPER,31,1,A,2039,314222,,,
ABS:ABS_HH_PROV(1.0.0),5GPER,31,1,A,2040,318770,,,
ABS:ABS_HH_PROV(1.0.0),5GPER,31,1,A,2041,323224,,,
ABS:ABS_HH_PROV(1.0.0),5GPER,31,1,A,2042,327376,,,
ABS:ABS_HH_PROV(1.0.0),5GPER,31,1,A,2043,331265,,,
ABS:ABS_HH_PROV(1.0.0),5GPER,31,1,A,2044,334979,,,
ABS:ABS_HH_PROV(1.0.0),5GPER,31,1,A,2045,338451,,,
ABS:ABS_HH_PROV(1.0.0),5GPER,31,1,A,2046,341797,,,
ABS:ABS_HH_PROV(1.0.0),3RQLD,4,1,A,2021,1049320,,,
ABS:ABS_HH_PROV(1.0.0),3RQLD,4,1,A,2022,1070446,,,
ABS:ABS_HH_PROV(1.0.0),3RQLD,4,1,A,2023,1088220,,,
ABS:ABS_HH_PROV(1.0.0),3RQLD,4,1,A,2024,1105218,,,
ABS:ABS_HH_PROV(1.0.0),3RQLD,4,1,A,2025,1122447,,,
ABS:ABS_HH_PROV(1.0.0),3RQLD,4,1,A,2026,1139483,,,
ABS:ABS_HH_PROV(1.0.0),3RQLD,4,1,A,2027,1155633,,,
ABS:ABS_HH_PROV(1.0.0),3RQLD,4,1,A,2028,1171628,,,
ABS:ABS_HH_PROV(1.0.0),3RQLD,4,1,A,2029,1187495,,,
ABS:ABS_HH_PROV(1.0.0),3RQLD,4,1,A,2030,1203244,,,
ABS:ABS_HH_PROV(1.0.0),3RQLD,4,1,A,2031,1218758,,,
ABS:ABS_HH_PROV(1.0.0),3RQLD,4,1,A,2032,1233701,,,
ABS:ABS_HH_PROV(1.0.0),3RQLD,4,1,A,2033,1248509,,,
ABS:ABS_HH_PROV(1.0.0),3RQLD,4,1,A,2034,1263133,,,
ABS:ABS_HH_PROV(1.0.0),3RQLD,4,1,A,2035,1277611,,,
ABS:ABS_HH_PROV(1.0.0),3RQLD,4,1,A,2036,1291968,,,
ABS:ABS_HH_PROV(1.0.0),3RQLD,4,1,A,2037,1306034,,,
ABS:ABS_HH_PROV(1.0.0),3RQLD,4,1,A,2038,1319866,,,
ABS:ABS_HH_PROV(1.0.0),3RQLD,4,1,A,2039,1333560,,,
ABS:ABS_HH_PROV(1.0.0),3RQLD,4,1,A,2040,1347112,,,
ABS:ABS_HH_PROV(1.0.0),3RQLD,4,1,A,2041,1360688,,,
ABS:ABS_HH_PROV(1.0.0),3RQLD,4,1,A,2042,1374399,,,
ABS:ABS_HH_PROV(1.0.0),3RQLD,4,1,A,2043,1387832,,,
ABS:ABS_HH_PROV(1.0.0),3RQLD,4,1,A,2044,1401339,,,
ABS:ABS_HH_PROV(1.0.0),3RQLD,4,1,A,2045,1414855,,,
ABS:ABS_HH_PROV(1.0.0),3RQLD,4,1,A,2046,1428502,,,
ABS:ABS_HH_PROV(1.0.0),8ACTE,4,3,A,2021,176879,,,
ABS:ABS_HH_PROV(1.0.0),8ACTE,4,3,A,2022,175726,,,
ABS:ABS_HH_PROV(1.0.0),8ACTE,4,3,A,2023,178951,,,
ABS:ABS_HH_PROV(1.0.0),8ACTE,4,3,A,2024,181903,,,
ABS:ABS_HH_PROV(1.0.0),8ACTE,4,3,A,2025,184919,,,
ABS:ABS_HH_PROV(1.0.0),8ACTE,4,3,A,2026,188097,,,
ABS:ABS_HH_PROV(1.0.0),8ACTE,4,3,A,2027,191419,,,
ABS:ABS_HH_PROV(1.0.0),8ACTE,4,3,A,2028,194599,,,
ABS:ABS_HH_PROV(1.0.0),8ACTE,4,3,A,2029,197735,,,
ABS:ABS_HH_PROV(1.0.0),8ACTE,4,3,A,2030,200789,,,
ABS:ABS_HH_PROV(1.0.0),8ACTE,4,3,A,2031,203738,,,
ABS:ABS_HH_PROV(1.0.0),8ACTE,4,3,A,2032,206548,,,
ABS:ABS_HH_PROV(1.0.0),8ACTE,4,3,A,2033,209156,,,
ABS:ABS_HH_PROV(1.0.0),8ACTE,4,3,A,2034,211810,,,
ABS:ABS_HH_PROV(1.0.0),8ACTE,4,3,A,2035,214506,,,
ABS:ABS_HH_PROV(1.0.0),8ACTE,4,3,A,2036,217139,,,
ABS:ABS_HH_PROV(1.0.0),8ACTE,4,3,A,2037,219721,,,
ABS:ABS_HH_PROV(1.0.0),8ACTE,4,3,A,2038,222246,,,
ABS:ABS_HH_PROV(1.0.0),8ACTE,4,3,A,2039,224714,,,
ABS:ABS_HH_PROV(1.0.0),8ACTE,4,3,A,2040,227151,,,
ABS:ABS_HH_PROV(1.0.0),8ACTE,4,3,A,2041,229563,,,
ABS:ABS_HH_PROV(1.0.0),8ACTE,4,3,A,2042,231885,,,
ABS:ABS_HH_PROV(1.0.0),8ACTE,4,3,A,2043,234078,,,
ABS:ABS_HH_PROV(1.0.0),8ACTE,4,3,A,2044,236212,,,
ABS:ABS_HH_PROV(1.0.0),8ACTE,4,3,A,2045,238264,,,
ABS:ABS_HH_PROV(1.0.0),8ACTE,4,3,A,2046,240245,,,
ABS:ABS_HH_PROV(1.0.0),9OTER,4,3,A,2021,1798,,,
ABS:ABS_HH_PROV(1.0.0),9OTER,4,3,A,2022,1793,,,
ABS:ABS_HH_PROV(1.0.0),9OTER,4,3,A,2023,1803,,,
ABS:ABS_HH_PROV(1.0.0),9OTER,4,3,A,2024,1807,,,
ABS:ABS_HH_PROV(1.0.0),9OTER,4,3,A,2025,1810,,,
ABS:ABS_HH_PROV(1.0.0),9OTER,4,3,A,2026,1823,,,
ABS:ABS_HH_PROV(1.0.0),9OTER,4,3,A,2027,1827,,,
ABS:ABS_HH_PROV(1.0.0),9OTER,4,3,A,2028,1836,,,
ABS:ABS_HH_PROV(1.0.0),9OTER,4,3,A,2029,1844,,,
ABS:ABS_HH_PROV(1.0.0),9OTER,4,3,A,2030,1852,,,
ABS:ABS_HH_PROV(1.0.0),9OTER,4,3,A,2031,1859,,,
ABS:ABS_HH_PROV(1.0.0),9OTER,4,3,A,2032,1868,,,
ABS:ABS_HH_PROV(1.0.0),9OTER,4,3,A,2033,1876,,,
ABS:ABS_HH_PROV(1.0.0),9OTER,4,3,A,2034,1886,,,
ABS:ABS_HH_PROV(1.0.0),9OTER,4,3,A,2035,1885,,,
ABS:ABS_HH_PROV(1.0.0),9OTER,4,3,A,2036,1874,,,
ABS:ABS_HH_PROV(1.0.0),9OTER,4,3,A,2037,1869,,,
ABS:ABS_HH_PROV(1.0.0),9OTER,4,3,A,2038,1865,,,
ABS:ABS_HH_PROV(1.0.0),9OTER,4,3,A,2039,1864,,,
ABS:ABS_HH_PROV(1.0.0),9OTER,4,3,A,2040,1857,,,
ABS:ABS_HH_PROV(1.0.0),9OTER,4,3,A,2041,1844,,,
ABS:ABS_HH_PROV(1.0.0),9OTER,4,3,A,2042,1826,,,
ABS:ABS_HH_PROV(1.0.0),9OTER,4,3,A,2043,1821,,,
ABS:ABS_HH_PROV(1.0.0),9OTER,4,3,A,2044,1810,,,
ABS:ABS_HH_PROV(1.0.0),9OTER,4,3,A,2045,1800,,,
ABS:ABS_HH_PROV(1.0.0),9OTER,4,3,A,2046,1789,,,
ABS:ABS_HH_PROV(1.0.0),3RQLD,4,3,A,2021,1049320,,,
ABS:ABS_HH_PROV(1.0.0),3RQLD,4,3,A,2022,1068301,,,
ABS:ABS_HH_PROV(1.0.0),3RQLD,4,3,A,2023,1083706,,,
ABS:ABS_HH_PROV(1.0.0),3RQLD,4,3,A,2024,1098169,,,
ABS:ABS_HH_PROV(1.0.0),3RQLD,4,3,A,2025,1112729,,,
ABS:ABS_HH_PROV(1.0.0),3RQLD,4,3,A,2026,1126993,,,
ABS:ABS_HH_PROV(1.0.0),3RQLD,4,3,A,2027,1140283,,,
ABS:ABS_HH_PROV(1.0.0),3RQLD,4,3,A,2028,1153322,,,
ABS:ABS_HH_PROV(1.0.0),3RQLD,4,3,A,2029,1166192,,,
ABS:ABS_HH_PROV(1.0.0),3RQLD,4,3,A,2030,1178941,,,
ABS:ABS_HH_PROV(1.0.0),3RQLD,4,3,A,2031,1191408,,,
ABS:ABS_HH_PROV(1.0.0),3RQLD,4,3,A,2032,1203349,,,
ABS:ABS_HH_PROV(1.0.0),3RQLD,4,3,A,2033,1215088,,,
ABS:ABS_HH_PROV(1.0.0),3RQLD,4,3,A,2034,1226603,,,
ABS:ABS_HH_PROV(1.0.0),3RQLD,4,3,A,2035,1237987,,,
ABS:ABS_HH_PROV(1.0.0),3RQLD,4,3,A,2036,1249200,,,
ABS:ABS_HH_PROV(1.0.0),3RQLD,4,3,A,2037,1260056,,,
ABS:ABS_HH_PROV(1.0.0),3RQLD,4,3,A,2038,1270685,,,
ABS:ABS_HH_PROV(1.0.0),3RQLD,4,3,A,2039,1281122,,,
ABS:ABS_HH_PROV(1.0.0),3RQLD,4,3,A,2040,1291430,,,
ABS:ABS_HH_PROV(1.0.0),3RQLD,4,3,A,2041,1301706,,,
ABS:ABS_HH_PROV(1.0.0),3RQLD,4,3,A,2042,1311994,,,
ABS:ABS_HH_PROV(1.0.0),3RQLD,4,3,A,2043,1322028,,,
ABS:ABS_HH_PROV(1.0.0),3RQLD,4,3,A,2044,1332062,,,
ABS:ABS_HH_PROV(1.0.0),3RQLD,4,3,A,2045,1342065,,,
ABS:ABS_HH_PROV(1.0.0),3RQLD,4,3,A,2046,1352137,,,
ABS:ABS_HH_PROV(1.0.0),6GHOB,31,2,A,2021,29148,,,
ABS:ABS_HH_PROV(1.0.0),6GHOB,31,2,A,2022,29360,,,
ABS:ABS_HH_PROV(1.0.0),6GHOB,31,2,A,2023,29790,,,
ABS:ABS_HH_PROV(1.0.0),6GHOB,31,2,A,2024,30174,,,
ABS:ABS_HH_PROV(1.0.0),6GHOB,31,2,A,2025,30522,,,
ABS:ABS_HH_PROV(1.0.0),6GHOB,31,2,A,2026,30822,,,
ABS:ABS_HH_PROV(1.0.0),6GHOB,31,2,A,2027,31239,,,
ABS:ABS_HH_PROV(1.0.0),6GHOB,31,2,A,2028,31612,,,
ABS:ABS_HH_PROV(1.0.0),6GHOB,31,2,A,2029,31966,,,
ABS:ABS_HH_PROV(1.0.0),6GHOB,31,2,A,2030,32301,,,
ABS:ABS_HH_PROV(1.0.0),6GHOB,31,2,A,2031,32618,,,
ABS:ABS_HH_PROV(1.0.0),6GHOB,31,2,A,2032,32986,,,
ABS:ABS_HH_PROV(1.0.0),6GHOB,31,2,A,2033,33316,,,
ABS:ABS_HH_PROV(1.0.0),6GHOB,31,2,A,2034,33627,,,
ABS:ABS_HH_PROV(1.0.0),6GHOB,31,2,A,2035,33933,,,
ABS:ABS_HH_PROV(1.0.0),6GHOB,31,2,A,2036,34240,,,
ABS:ABS_HH_PROV(1.0.0),6GHOB,31,2,A,2037,34584,,,
ABS:ABS_HH_PROV(1.0.0),6GHOB,31,2,A,2038,34896,,,
ABS:ABS_HH_PROV(1.0.0),6GHOB,31,2,A,2039,35193,,,
ABS:ABS_HH_PROV(1.0.0),6GHOB,31,2,A,2040,35475,,,
ABS:ABS_HH_PROV(1.0.0),6GHOB,31,2,A,2041,35751,,,
ABS:ABS_HH_PROV(1.0.0),6GHOB,31,2,A,2042,36010,,,
ABS:ABS_HH_PROV(1.0.0),6GHOB,31,2,A,2043,36251,,,
ABS:ABS_HH_PROV(1.0.0),6GHOB,31,2,A,2044,36496,,,
ABS:ABS_HH_PROV(1.0.0),6GHOB,31,2,A,2045,36732,,,
ABS:ABS_HH_PROV(1.0.0),6GHOB,31,2,A,2046,36957,,,
ABS:ABS_HH_PROV(1.0.0),6RTAS,1_2,2,A,2021,89939,,,
ABS:ABS_HH_PROV(1.0.0),6RTAS,1_2,2,A,2022,90490,,,
ABS:ABS_HH_PROV(1.0.0),6RTAS,1_2,2,A,2023,90927,,,
ABS:ABS_HH_PROV(1.0.0),6RTAS,1_2,2,A,2024,91223,,,
ABS:ABS_HH_PROV(1.0.0),6RTAS,1_2,2,A,2025,91545,,,
ABS:ABS_HH_PROV(1.0.0),6RTAS,1_2,2,A,2026,91837,,,
ABS:ABS_HH_PROV(1.0.0),6RTAS,1_2,2,A,2027,92213,,,
ABS:ABS_HH_PROV(1.0.0),6RTAS,1_2,2,A,2028,92541,,,
ABS:ABS_HH_PROV(1.0.0),6RTAS,1_2,2,A,2029,92834,,,
ABS:ABS_HH_PROV(1.0.0),6RTAS,1_2,2,A,2030,93095,,,
ABS:ABS_HH_PROV(1.0.0),6RTAS,1_2,2,A,2031,93292,,,
ABS:ABS_HH_PROV(1.0.0),6RTAS,1_2,2,A,2032,93444,,,
ABS:ABS_HH_PROV(1.0.0),6RTAS,1_2,2,A,2033,93582,,,
ABS:ABS_HH_PROV(1.0.0),6RTAS,1_2,2,A,2034,93722,,,
ABS:ABS_HH_PROV(1.0.0),6RTAS,1_2,2,A,2035,93832,,,
ABS:ABS_HH_PROV(1.0.0),6RTAS,1_2,2,A,2036,93908,,,
ABS:ABS_HH_PROV(1.0.0),6RTAS,1_2,2,A,2037,94018,,,
ABS:ABS_HH_PROV(1.0.0),6RTAS,1_2,2,A,2038,94095,,,
ABS:ABS_HH_PROV(1.0.0),6RTAS,1_2,2,A,2039,94150,,,
ABS:ABS_HH_PROV(1.0.0),6RTAS,1_2,2,A,2040,94165,,,
ABS:ABS_HH_PROV(1.0.0),6RTAS,1_2,2,A,2041,94159,,,
ABS:ABS_HH_PROV(1.0.0),6RTAS,1_2,2,A,2042,94131,,,
ABS:ABS_HH_PROV(1.0.0),6RTAS,1_2,2,A,2043,94073,,,
ABS:ABS_HH_PROV(1.0.0),6RTAS,1_2,2,A,2044,93996,,,
ABS:ABS_HH_PROV(1.0.0),6RTAS,1_2,2,A,2045,93883,,,
ABS:ABS_HH_PROV(1.0.0),6RTAS,1_2,2,A,2046,93754,,,
ABS:ABS_HH_PROV(1.0.0),9OTER,1_2,2,A,2021,1188,,,
ABS:ABS_HH_PROV(1.0.0),9OTER,1_2,2,A,2022,1195,,,
ABS:ABS_HH_PROV(1.0.0),9OTER,1_2,2,A,2023,1197,,,
ABS:ABS_HH_PROV(1.0.0),9OTER,1_2,2,A,2024,1190,,,
ABS:ABS_HH_PROV(1.0.0),9OTER,1_2,2,A,2025,1183,,,
ABS:ABS_HH_PROV(1.0.0),9OTER,1_2,2,A,2026,1178,,,
ABS:ABS_HH_PROV(1.0.0),9OTER,1_2,2,A,2027,1175,,,
ABS:ABS_HH_PROV(1.0.0),9OTER,1_2,2,A,2028,1173,,,
ABS:ABS_HH_PROV(1.0.0),9OTER,1_2,2,A,2029,1173,,,
ABS:ABS_HH_PROV(1.0.0),9OTER,1_2,2,A,2030,1172,,,
ABS:ABS_HH_PROV(1.0.0),9OTER,1_2,2,A,2031,1168,,,
ABS:ABS_HH_PROV(1.0.0),9OTER,1_2,2,A,2032,1171,,,
ABS:ABS_HH_PROV(1.0.0),9OTER,1_2,2,A,2033,1171,,,
ABS:ABS_HH_PROV(1.0.0),9OTER,1_2,2,A,2034,1171,,,
ABS:ABS_HH_PROV(1.0.0),9OTER,1_2,2,A,2035,1167,,,
ABS:ABS_HH_PROV(1.0.0),9OTER,1_2,2,A,2036,1158,,,
ABS:ABS_HH_PROV(1.0.0),9OTER,1_2,2,A,2037,1153,,,
ABS:ABS_HH_PROV(1.0.0),9OTER,1_2,2,A,2038,1148,,,
ABS:ABS_HH_PROV(1.0.0),9OTER,1_2,2,A,2039,1143,,,
ABS:ABS_HH_PROV(1.0.0),9OTER,1_2,2,A,2040,1143,,,
ABS:ABS_HH_PROV(1.0.0),9OTER,1_2,2,A,2041,1137,,,
ABS:ABS_HH_PROV(1.0.0),9OTER,1_2,2,A,2042,1126,,,
ABS:ABS_HH_PROV(1.0.0),9OTER,1_2,2,A,2043,1118,,,
ABS:ABS_HH_PROV(1.0.0),9OTER,1_2,2,A,2044,1113,,,
ABS:ABS_HH_PROV(1.0.0),9OTER,1_2,2,A,2045,1101,,,
ABS:ABS_HH_PROV(1.0.0),9OTER,1_2,2,A,2046,1092,,,
ABS:ABS_HH_PROV(1.0.0),3GBRI,32,3,A,2021,55141,,,
ABS:ABS_HH_PROV(1.0.0),3GBRI,32,3,A,2022,47024,,,
ABS:ABS_HH_PROV(1.0.0),3GBRI,32,3,A,2023,47558,,,
ABS:ABS_HH_PROV(1.0.0),3GBRI,32,3,A,2024,47933,,,
ABS:ABS_HH_PROV(1.0.0),3GBRI,32,3,A,2025,48348,,,
ABS:ABS_HH_PROV(1.0.0),3GBRI,32,3,A,2026,48849,,,
ABS:ABS_HH_PROV(1.0.0),3GBRI,32,3,A,2027,49469,,,
ABS:ABS_HH_PROV(1.0.0),3GBRI,32,3,A,2028,50196,,,
ABS:ABS_HH_PROV(1.0.0),3GBRI,32,3,A,2029,50962,,,
ABS:ABS_HH_PROV(1.0.0),3GBRI,32,3,A,2030,51735,,,
ABS:ABS_HH_PROV(1.0.0),3GBRI,32,3,A,2031,52506,,,
ABS:ABS_HH_PROV(1.0.0),3GBRI,32,3,A,2032,53318,,,
ABS:ABS_HH_PROV(1.0.0),3GBRI,32,3,A,2033,54171,,,
ABS:ABS_HH_PROV(1.0.0),3GBRI,32,3,A,2034,55002,,,
ABS:ABS_HH_PROV(1.0.0),3GBRI,32,3,A,2035,55773,,,
ABS:ABS_HH_PROV(1.0.0),3GBRI,32,3,A,2036,56523,,,
ABS:ABS_HH_PROV(1.0.0),3GBRI,32,3,A,2037,57197,,,
ABS:ABS_HH_PROV(1.0.0),3GBRI,32,3,A,2038,57816,,,
ABS:ABS_HH_PROV(1.0.0),3GBRI,32,3,A,2039,58405,,,
ABS:ABS_HH_PROV(1.0.0),3GBRI,32,3,A,2040,58923,,,
ABS:ABS_HH_PROV(1.0.0),3GBRI,32,3,A,2041,59427,,,
ABS:ABS_HH_PROV(1.0.0),3GBRI,32,3,A,2042,59953,,,
ABS:ABS_HH_PROV(1.0.0),3GBRI,32,3,A,2043,60411,,,
ABS:ABS_HH_PROV(1.0.0),3GBRI,32,3,A,2044,60839,,,
ABS:ABS_HH_PROV(1.0.0),3GBRI,32,3,A,2045,61236,,,
ABS:ABS_HH_PROV(1.0.0),3GBRI,32,3,A,2046,61587,,,
ABS:ABS_HH_PROV(1.0.0),5GPER,31,3,A,2021,206046,,,
ABS:ABS_HH_PROV(1.0.0),5GPER,31,3,A,2022,208948,,,
ABS:ABS_HH_PROV(1.0.0),5GPER,31,3,A,2023,214389,,,
ABS:ABS_HH_PROV(1.0.0),5GPER,31,3,A,2024,219308,,,
ABS:ABS_HH_PROV(1.0.0),5GPER,31,3,A,2025,223965,,,
ABS:ABS_HH_PROV(1.0.0),5GPER,31,3,A,2026,228425,,,
ABS:ABS_HH_PROV(1.0.0),5GPER,31,3,A,2027,232695,,,
ABS:ABS_HH_PROV(1.0.0),5GPER,31,3,A,2028,236715,,,
ABS:ABS_HH_PROV(1.0.0),5GPER,31,3,A,2029,240563,,,
ABS:ABS_HH_PROV(1.0.0),5GPER,31,3,A,2030,244204,,,
ABS:ABS_HH_PROV(1.0.0),5GPER,31,3,A,2031,247734,,,
ABS:ABS_HH_PROV(1.0.0),5GPER,31,3,A,2032,251157,,,
ABS:ABS_HH_PROV(1.0.0),5GPER,31,3,A,2033,254283,,,
ABS:ABS_HH_PROV(1.0.0),5GPER,31,3,A,2034,257109,,,
ABS:ABS_HH_PROV(1.0.0),5GPER,31,3,A,2035,259683,,,
ABS:ABS_HH_PROV(1.0.0),5GPER,31,3,A,2036,262097,,,
ABS:ABS_HH_PROV(1.0.0),5GPER,31,3,A,2037,264191,,,
ABS:ABS_HH_PROV(1.0.0),5GPER,31,3,A,2038,265997,,,
ABS:ABS_HH_PROV(1.0.0),5GPER,31,3,A,2039,267531,,,
ABS:ABS_HH_PROV(1.0.0),5GPER,31,3,A,2040,268831,,,
ABS:ABS_HH_PROV(1.0.0),5GPER,31,3,A,2041,270003,,,
ABS:ABS_HH_PROV(1.0.0),5GPER,31,3,A,2042,270861,,,
ABS:ABS_HH_PROV(1.0.0),5GPER,31,3,A,2043,271469,,,
ABS:ABS_HH_PROV(1.0.0),5GPER,31,3,A,2044,271889,,,
ABS:ABS_HH_PROV(1.0.0),5GPER,31,3,A,2045,272098,,,
ABS:ABS_HH_PROV(1.0.0),5GPER,31,3,A,2046,272162,,,
ABS:ABS_HH_PROV(1.0.0),9,4,3,A,2021,1798,,,
ABS:ABS_HH_PROV(1.0.0),9,4,3,A,2022,1793,,,
ABS:ABS_HH_PROV(1.0.0),9,4,3,A,2023,1803,,,
ABS:ABS_HH_PROV(1.0.0),9,4,3,A,2024,1807,,,
ABS:ABS_HH_PROV(1.0.0),9,4,3,A,2025,1810,,,
ABS:ABS_HH_PROV(1.0.0),9,4,3,A,2026,1823,,,
ABS:ABS_HH_PROV(1.0.0),9,4,3,A,2027,1827,,,
ABS:ABS_HH_PROV(1.0.0),9,4,3,A,2028,1836,,,
ABS:ABS_HH_PROV(1.0.0),9,4,3,A,2029,1844,,,
ABS:ABS_HH_PROV(1.0.0),9,4,3,A,2030,1852,,,
ABS:ABS_HH_PROV(1.0.0),9,4,3,A,2031,1859,,,
ABS:ABS_HH_PROV(1.0.0),9,4,3,A,2032,1868,,,
ABS:ABS_HH_PROV(1.0.0),9,4,3,A,2033,1876,,,
ABS:ABS_HH_PROV(1.0.0),9,4,3,A,2034,1886,,,
ABS:ABS_HH_PROV(1.0.0),9,4,3,A,2035,1885,,,
ABS:ABS_HH_PROV(1.0.0),9,4,3,A,2036,1874,,,
ABS:ABS_HH_PROV(1.0.0),9,4,3,A,2037,1869,,,
ABS:ABS_HH_PROV(1.0.0),9,4,3,A,2038,1865,,,
ABS:ABS_HH_PROV(1.0.0),9,4,3,A,2039,1864,,,
ABS:ABS_HH_PROV(1.0.0),9,4,3,A,2040,1857,,,
ABS:ABS_HH_PROV(1.0.0),9,4,3,A,2041,1844,,,
ABS:ABS_HH_PROV(1.0.0),9,4,3,A,2042,1826,,,
ABS:ABS_HH_PROV(1.0.0),9,4,3,A,2043,1821,,,
ABS:ABS_HH_PROV(1.0.0),9,4,3,A,2044,1810,,,
ABS:ABS_HH_PROV(1.0.0),9,4,3,A,2045,1800,,,
ABS:ABS_HH_PROV(1.0.0),9,4,3,A,2046,1789,,,
ABS:ABS_HH_PROV(1.0.0),9,31,3,A,2021,582,,,
ABS:ABS_HH_PROV(1.0.0),9,31,3,A,2022,570,,,
ABS:ABS_HH_PROV(1.0.0),9,31,3,A,2023,578,,,
ABS:ABS_HH_PROV(1.0.0),9,31,3,A,2024,589,,,
ABS:ABS_HH_PROV(1.0.0),9,31,3,A,2025,598,,,
ABS:ABS_HH_PROV(1.0.0),9,31,3,A,2026,615,,,
ABS:ABS_HH_PROV(1.0.0),9,31,3,A,2027,627,,,
ABS:ABS_HH_PROV(1.0.0),9,31,3,A,2028,637,,,
ABS:ABS_HH_PROV(1.0.0),9,31,3,A,2029,649,,,
ABS:ABS_HH_PROV(1.0.0),9,31,3,A,2030,662,,,
ABS:ABS_HH_PROV(1.0.0),9,31,3,A,2031,675,,,
ABS:ABS_HH_PROV(1.0.0),9,31,3,A,2032,686,,,
ABS:ABS_HH_PROV(1.0.0),9,31,3,A,2033,702,,,
ABS:ABS_HH_PROV(1.0.0),9,31,3,A,2034,718,,,
ABS:ABS_HH_PROV(1.0.0),9,31,3,A,2035,723,,,
ABS:ABS_HH_PROV(1.0.0),9,31,3,A,2036,726,,,
ABS:ABS_HH_PROV(1.0.0),9,31,3,A,2037,733,,,
ABS:ABS_HH_PROV(1.0.0),9,31,3,A,2038,740,,,
ABS:ABS_HH_PROV(1.0.0),9,31,3,A,2039,746,,,
ABS:ABS_HH_PROV(1.0.0),9,31,3,A,2040,748,,,
ABS:ABS_HH_PROV(1.0.0),9,31,3,A,2041,747,,,
ABS:ABS_HH_PROV(1.0.0),9,31,3,A,2042,747,,,
ABS:ABS_HH_PROV(1.0.0),9,31,3,A,2043,758,,,
ABS:ABS_HH_PROV(1.0.0),9,31,3,A,2044,759,,,
ABS:ABS_HH_PROV(1.0.0),9,31,3,A,2045,763,,,
ABS:ABS_HH_PROV(1.0.0),9,31,3,A,2046,766,,,
ABS:ABS_HH_PROV(1.0.0),4,32,3,A,2021,25673,,,
ABS:ABS_HH_PROV(1.0.0),4,32,3,A,2022,26157,,,
ABS:ABS_HH_PROV(1.0.0),4,32,3,A,2023,26869,,,
ABS:ABS_HH_PROV(1.0.0),4,32,3,A,2024,27453,,,
ABS:ABS_HH_PROV(1.0.0),4,32,3,A,2025,27987,,,
ABS:ABS_HH_PROV(1.0.0),4,32,3,A,2026,28518,,,
ABS:ABS_HH_PROV(1.0.0),4,32,3,A,2027,29055,,,
ABS:ABS_HH_PROV(1.0.0),4,32,3,A,2028,29590,,,
ABS:ABS_HH_PROV(1.0.0),4,32,3,A,2029,30101,,,
ABS:ABS_HH_PROV(1.0.0),4,32,3,A,2030,30565,,,
ABS:ABS_HH_PROV(1.0.0),4,32,3,A,2031,31012,,,
ABS:ABS_HH_PROV(1.0.0),4,32,3,A,2032,31473,,,
ABS:ABS_HH_PROV(1.0.0),4,32,3,A,2033,31928,,,
ABS:ABS_HH_PROV(1.0.0),4,32,3,A,2034,32364,,,
ABS:ABS_HH_PROV(1.0.0),4,32,3,A,2035,32765,,,
ABS:ABS_HH_PROV(1.0.0),4,32,3,A,2036,33168,,,
ABS:ABS_HH_PROV(1.0.0),4,32,3,A,2037,33538,,,
ABS:ABS_HH_PROV(1.0.0),4,32,3,A,2038,33893,,,
ABS:ABS_HH_PROV(1.0.0),4,32,3,A,2039,34233,,,
ABS:ABS_HH_PROV(1.0.0),4,32,3,A,2040,34548,,,
ABS:ABS_HH_PROV(1.0.0),4,32,3,A,2041,34882,,,
ABS:ABS_HH_PROV(1.0.0),4,32,3,A,2042,35202,,,
ABS:ABS_HH_PROV(1.0.0),4,32,3,A,2043,35505,,,
ABS:ABS_HH_PROV(1.0.0),4,32,3,A,2044,35812,,,
ABS:ABS_HH_PROV(1.0.0),4,32,3,A,2045,36121,,,
ABS:ABS_HH_PROV(1.0.0),4,32,3,A,2046,36421,,,
ABS:ABS_HH_PROV(1.0.0),4,31,2,A,2021,215536,,,
ABS:ABS_HH_PROV(1.0.0),4,31,2,A,2022,217796,,,
ABS:ABS_HH_PROV(1.0.0),4,31,2,A,2023,220853,,,
ABS:ABS_HH_PROV(1.0.0),4,31,2,A,2024,223473,,,
ABS:ABS_HH_PROV(1.0.0),4,31,2,A,2025,225917,,,
ABS:ABS_HH_PROV(1.0.0),4,31,2,A,2026,228250,,,
ABS:ABS_HH_PROV(1.0.0),4,31,2,A,2027,231135,,,
ABS:ABS_HH_PROV(1.0.0),4,31,2,A,2028,233781,,,
ABS:ABS_HH_PROV(1.0.0),4,31,2,A,2029,236301,,,
ABS:ABS_HH_PROV(1.0.0),4,31,2,A,2030,238664,,,
ABS:ABS_HH_PROV(1.0.0),4,31,2,A,2031,240933,,,
ABS:ABS_HH_PROV(1.0.0),4,31,2,A,2032,243498,,,
ABS:ABS_HH_PROV(1.0.0),4,31,2,A,2033,245867,,,
ABS:ABS_HH_PROV(1.0.0),4,31,2,A,2034,248092,,,
ABS:ABS_HH_PROV(1.0.0),4,31,2,A,2035,250200,,,
ABS:ABS_HH_PROV(1.0.0),4,31,2,A,2036,252242,,,
ABS:ABS_HH_PROV(1.0.0),4,31,2,A,2037,254521,,,
ABS:ABS_HH_PROV(1.0.0),4,31,2,A,2038,256687,,,
ABS:ABS_HH_PROV(1.0.0),4,31,2,A,2039,258749,,,
ABS:ABS_HH_PROV(1.0.0),4,31,2,A,2040,260710,,,
ABS:ABS_HH_PROV(1.0.0),4,31,2,A,2041,262640,,,
ABS:ABS_HH_PROV(1.0.0),4,31,2,A,2042,264425,,,
ABS:ABS_HH_PROV(1.0.0),4,31,2,A,2043,266106,,,
ABS:ABS_HH_PROV(1.0.0),4,31,2,A,2044,267722,,,
ABS:ABS_HH_PROV(1.0.0),4,31,2,A,2045,269277,,,
ABS:ABS_HH_PROV(1.0.0),4,31,2,A,2046,270774,,,
ABS:ABS_HH_PROV(1.0.0),0,1_2,1,A,2021,6950688,,,
ABS:ABS_HH_PROV(1.0.0),0,1_2,1,A,2022,7039049,,,
ABS:ABS_HH_PROV(1.0.0),0,1_2,1,A,2023,7179933,,,
ABS:ABS_HH_PROV(1.0.0),0,1_2,1,A,2024,7303726,,,
ABS:ABS_HH_PROV(1.0.0),0,1_2,1,A,2025,7428078,,,
ABS:ABS_HH_PROV(1.0.0),0,1_2,1,A,2026,7549487,,,
ABS:ABS_HH_PROV(1.0.0),0,1_2,1,A,2027,7665242,,,
ABS:ABS_HH_PROV(1.0.0),0,1_2,1,A,2028,7778753,,,
ABS:ABS_HH_PROV(1.0.0),0,1_2,1,A,2029,7890346,,,
ABS:ABS_HH_PROV(1.0.0),0,1_2,1,A,2030,8000948,,,
ABS:ABS_HH_PROV(1.0.0),0,1_2,1,A,2031,8107654,,,
ABS:ABS_HH_PROV(1.0.0),0,1_2,1,A,2032,8208538,,,
ABS:ABS_HH_PROV(1.0.0),0,1_2,1,A,2033,8308696,,,
ABS:ABS_HH_PROV(1.0.0),0,1_2,1,A,2034,8408306,,,
ABS:ABS_HH_PROV(1.0.0),0,1_2,1,A,2035,8507541,,,
ABS:ABS_HH_PROV(1.0.0),0,1_2,1,A,2036,8604759,,,
ABS:ABS_HH_PROV(1.0.0),0,1_2,1,A,2037,8700320,,,
ABS:ABS_HH_PROV(1.0.0),0,1_2,1,A,2038,8793444,,,
ABS:ABS_HH_PROV(1.0.0),0,1_2,1,A,2039,8884715,,,
ABS:ABS_HH_PROV(1.0.0),0,1_2,1,A,2040,8973979,,,
ABS:ABS_HH_PROV(1.0.0),0,1_2,1,A,2041,9061444,,,
ABS:ABS_HH_PROV(1.0.0),0,1_2,1,A,2042,9147254,,,
ABS:ABS_HH_PROV(1.0.0),0,1_2,1,A,2043,9229732,,,
ABS:ABS_HH_PROV(1.0.0),0,1_2,1,A,2044,9310282,,,
ABS:ABS_HH_PROV(1.0.0),0,1_2,1,A,2045,9388552,,,
ABS:ABS_HH_PROV(1.0.0),0,1_2,1,A,2046,9465609,,,
ABS:ABS_HH_PROV(1.0.0),0,1_2,3,A,2021,6950688,,,
ABS:ABS_HH_PROV(1.0.0),0,1_2,3,A,2022,7025067,,,
ABS:ABS_HH_PROV(1.0.0),0,1_2,3,A,2023,7152067,,,
ABS:ABS_HH_PROV(1.0.0),0,1_2,3,A,2024,7262388,,,
ABS:ABS_HH_PROV(1.0.0),0,1_2,3,A,2025,7373634,,,
ABS:ABS_HH_PROV(1.0.0),0,1_2,3,A,2026,7482235,,,
ABS:ABS_HH_PROV(1.0.0),0,1_2,3,A,2027,7585628,,,
ABS:ABS_HH_PROV(1.0.0),0,1_2,3,A,2028,7687077,,,
ABS:ABS_HH_PROV(1.0.0),0,1_2,3,A,2029,7786961,,,
ABS:ABS_HH_PROV(1.0.0),0,1_2,3,A,2030,7886437,,,
ABS:ABS_HH_PROV(1.0.0),0,1_2,3,A,2031,7982428,,,
ABS:ABS_HH_PROV(1.0.0),0,1_2,3,A,2032,8072794,,,
ABS:ABS_HH_PROV(1.0.0),0,1_2,3,A,2033,8162863,,,
ABS:ABS_HH_PROV(1.0.0),0,1_2,3,A,2034,8252919,,,
ABS:ABS_HH_PROV(1.0.0),0,1_2,3,A,2035,8343240,,,
ABS:ABS_HH_PROV(1.0.0),0,1_2,3,A,2036,8431922,,,
ABS:ABS_HH_PROV(1.0.0),0,1_2,3,A,2037,8519268,,,
ABS:ABS_HH_PROV(1.0.0),0,1_2,3,A,2038,8604691,,,
ABS:ABS_HH_PROV(1.0.0),0,1_2,3,A,2039,8688633,,,
ABS:ABS_HH_PROV(1.0.0),0,1_2,3,A,2040,8770994,,,
ABS:ABS_HH_PROV(1.0.0),0,1_2,3,A,2041,8851649,,,
ABS:ABS_HH_PROV(1.0.0),0,1_2,3,A,2042,8930476,,,
ABS:ABS_HH_PROV(1.0.0),0,1_2,3,A,2043,9006122,,,
ABS:ABS_HH_PROV(1.0.0),0,1_2,3,A,2044,9079753,,,
ABS:ABS_HH_PROV(1.0.0),0,1_2,3,A,2045,9150946,,,
ABS:ABS_HH_PROV(1.0.0),0,1_2,3,A,2046,9221065,,,
ABS:ABS_HH_PROV(1.0.0),4RSAU,32,2,A,2021,4210,,,
ABS:ABS_HH_PROV(1.0.0),4RSAU,32,2,A,2022,4267,,,
ABS:ABS_HH_PROV(1.0.0),4RSAU,32,2,A,2023,4351,,,
ABS:ABS_HH_PROV(1.0.0),4RSAU,32,2,A,2024,4420,,,
ABS:ABS_HH_PROV(1.0.0),4RSAU,32,2,A,2025,4486,,,
ABS:ABS_HH_PROV(1.0.0),4RSAU,32,2,A,2026,4559,,,
ABS:ABS_HH_PROV(1.0.0),4RSAU,32,2,A,2027,4600,,,
ABS:ABS_HH_PROV(1.0.0),4RSAU,32,2,A,2028,4637,,,
ABS:ABS_HH_PROV(1.0.0),4RSAU,32,2,A,2029,4673,,,
ABS:ABS_HH_PROV(1.0.0),4RSAU,32,2,A,2030,4705,,,
ABS:ABS_HH_PROV(1.0.0),4RSAU,32,2,A,2031,4734,,,
ABS:ABS_HH_PROV(1.0.0),4RSAU,32,2,A,2032,4745,,,
ABS:ABS_HH_PROV(1.0.0),4RSAU,32,2,A,2033,4751,,,
ABS:ABS_HH_PROV(1.0.0),4RSAU,32,2,A,2034,4757,,,
ABS:ABS_HH_PROV(1.0.0),4RSAU,32,2,A,2035,4759,,,
ABS:ABS_HH_PROV(1.0.0),4RSAU,32,2,A,2036,4759,,,
ABS:ABS_HH_PROV(1.0.0),4RSAU,32,2,A,2037,4736,,,
ABS:ABS_HH_PROV(1.0.0),4RSAU,32,2,A,2038,4712,,,
ABS:ABS_HH_PROV(1.0.0),4RSAU,32,2,A,2039,4686,,,
ABS:ABS_HH_PROV(1.0.0),4RSAU,32,2,A,2040,4656,,,
ABS:ABS_HH_PROV(1.0.0),4RSAU,32,2,A,2041,4630,,,
ABS:ABS_HH_PROV(1.0.0),4RSAU,32,2,A,2042,4601,,,
ABS:ABS_HH_PROV(1.0.0),4RSAU,32,2,A,2043,4569,,,
ABS:ABS_HH_PROV(1.0.0),4RSAU,32,2,A,2044,4539,,,
ABS:ABS_HH_PROV(1.0.0),4RSAU,32,2,A,2045,4509,,,
ABS:ABS_HH_PROV(1.0.0),4RSAU,32,2,A,2046,4478,,,
ABS:ABS_HH_PROV(1.0.0),6RTAS,32,1,A,2021,3818,,,
ABS:ABS_HH_PROV(1.0.0),6RTAS,32,1,A,2022,3799,,,
ABS:ABS_HH_PROV(1.0.0),6RTAS,32,1,A,2023,3818,,,
ABS:ABS_HH_PROV(1.0.0),6RTAS,32,1,A,2024,3827,,,
ABS:ABS_HH_PROV(1.0.0),6RTAS,32,1,A,2025,3833,,,
ABS:ABS_HH_PROV(1.0.0),6RTAS,32,1,A,2026,3849,,,
ABS:ABS_HH_PROV(1.0.0),6RTAS,32,1,A,2027,3869,,,
ABS:ABS_HH_PROV(1.0.0),6RTAS,32,1,A,2028,3885,,,
ABS:ABS_HH_PROV(1.0.0),6RTAS,32,1,A,2029,3900,,,
ABS:ABS_HH_PROV(1.0.0),6RTAS,32,1,A,2030,3904,,,
ABS:ABS_HH_PROV(1.0.0),6RTAS,32,1,A,2031,3908,,,
ABS:ABS_HH_PROV(1.0.0),6RTAS,32,1,A,2032,3912,,,
ABS:ABS_HH_PROV(1.0.0),6RTAS,32,1,A,2033,3918,,,
ABS:ABS_HH_PROV(1.0.0),6RTAS,32,1,A,2034,3920,,,
ABS:ABS_HH_PROV(1.0.0),6RTAS,32,1,A,2035,3918,,,
ABS:ABS_HH_PROV(1.0.0),6RTAS,32,1,A,2036,3912,,,
ABS:ABS_HH_PROV(1.0.0),6RTAS,32,1,A,2037,3905,,,
ABS:ABS_HH_PROV(1.0.0),6RTAS,32,1,A,2038,3899,,,
ABS:ABS_HH_PROV(1.0.0),6RTAS,32,1,A,2039,3890,,,
ABS:ABS_HH_PROV(1.0.0),6RTAS,32,1,A,2040,3879,,,
ABS:ABS_HH_PROV(1.0.0),6RTAS,32,1,A,2041,3866,,,
ABS:ABS_HH_PROV(1.0.0),6RTAS,32,1,A,2042,3851,,,
ABS:ABS_HH_PROV(1.0.0),6RTAS,32,1,A,2043,3832,,,
ABS:ABS_HH_PROV(1.0.0),6RTAS,32,1,A,2044,3814,,,
ABS:ABS_HH_PROV(1.0.0),6RTAS,32,1,A,2045,3796,,,
ABS:ABS_HH_PROV(1.0.0),6RTAS,32,1,A,2046,3778,,,
ABS:ABS_HH_PROV(1.0.0),2GMEL,32,1,A,2021,83086,,,
ABS:ABS_HH_PROV(1.0.0),2GMEL,32,1,A,2022,84112,,,
ABS:ABS_HH_PROV(1.0.0),2GMEL,32,1,A,2023,85368,,,
ABS:ABS_HH_PROV(1.0.0),2GMEL,32,1,A,2024,86263,,,
ABS:ABS_HH_PROV(1.0.0),2GMEL,32,1,A,2025,87317,,,
ABS:ABS_HH_PROV(1.0.0),2GMEL,32,1,A,2026,88614,,,
ABS:ABS_HH_PROV(1.0.0),2GMEL,32,1,A,2027,90165,,,
ABS:ABS_HH_PROV(1.0.0),2GMEL,32,1,A,2028,91785,,,
ABS:ABS_HH_PROV(1.0.0),2GMEL,32,1,A,2029,93297,,,
ABS:ABS_HH_PROV(1.0.0),2GMEL,32,1,A,2030,94679,,,
ABS:ABS_HH_PROV(1.0.0),2GMEL,32,1,A,2031,95975,,,
ABS:ABS_HH_PROV(1.0.0),2GMEL,32,1,A,2032,97366,,,
ABS:ABS_HH_PROV(1.0.0),2GMEL,32,1,A,2033,98785,,,
ABS:ABS_HH_PROV(1.0.0),2GMEL,32,1,A,2034,100054,,,
ABS:ABS_HH_PROV(1.0.0),2GMEL,32,1,A,2035,101198,,,
ABS:ABS_HH_PROV(1.0.0),2GMEL,32,1,A,2036,102313,,,
ABS:ABS_HH_PROV(1.0.0),2GMEL,32,1,A,2037,103311,,,
ABS:ABS_HH_PROV(1.0.0),2GMEL,32,1,A,2038,104207,,,
ABS:ABS_HH_PROV(1.0.0),2GMEL,32,1,A,2039,105031,,,
ABS:ABS_HH_PROV(1.0.0),2GMEL,32,1,A,2040,105705,,,
ABS:ABS_HH_PROV(1.0.0),2GMEL,32,1,A,2041,106411,,,
ABS:ABS_HH_PROV(1.0.0),2GMEL,32,1,A,2042,107054,,,
ABS:ABS_HH_PROV(1.0.0),2GMEL,32,1,A,2043,107518,,,
ABS:ABS_HH_PROV(1.0.0),2GMEL,32,1,A,2044,107980,,,
ABS:ABS_HH_PROV(1.0.0),2GMEL,32,1,A,2045,108403,,,
ABS:ABS_HH_PROV(1.0.0),2GMEL,32,1,A,2046,108779,,,
ABS:ABS_HH_PROV(1.0.0),5RWAU,1_2,1,A,2021,150543,,,
ABS:ABS_HH_PROV(1.0.0),5RWAU,1_2,1,A,2022,152215,,,
ABS:ABS_HH_PROV(1.0.0),5RWAU,1_2,1,A,2023,153756,,,
ABS:ABS_HH_PROV(1.0.0),5RWAU,1_2,1,A,2024,155219,,,
ABS:ABS_HH_PROV(1.0.0),5RWAU,1_2,1,A,2025,156970,,,
ABS:ABS_HH_PROV(1.0.0),5RWAU,1_2,1,A,2026,158841,,,
ABS:ABS_HH_PROV(1.0.0),5RWAU,1_2,1,A,2027,160743,,,
ABS:ABS_HH_PROV(1.0.0),5RWAU,1_2,1,A,2028,162742,,,
ABS:ABS_HH_PROV(1.0.0),5RWAU,1_2,1,A,2029,164827,,,
ABS:ABS_HH_PROV(1.0.0),5RWAU,1_2,1,A,2030,167032,,,
ABS:ABS_HH_PROV(1.0.0),5RWAU,1_2,1,A,2031,169249,,,
ABS:ABS_HH_PROV(1.0.0),5RWAU,1_2,1,A,2032,171476,,,
ABS:ABS_HH_PROV(1.0.0),5RWAU,1_2,1,A,2033,173734,,,
ABS:ABS_HH_PROV(1.0.0),5RWAU,1_2,1,A,2034,176043,,,
ABS:ABS_HH_PROV(1.0.0),5RWAU,1_2,1,A,2035,178401,,,
ABS:ABS_HH_PROV(1.0.0),5RWAU,1_2,1,A,2036,180752,,,
ABS:ABS_HH_PROV(1.0.0),5RWAU,1_2,1,A,2037,183115,,,
ABS:ABS_HH_PROV(1.0.0),5RWAU,1_2,1,A,2038,185465,,,
ABS:ABS_HH_PROV(1.0.0),5RWAU,1_2,1,A,2039,187834,,,
ABS:ABS_HH_PROV(1.0.0),5RWAU,1_2,1,A,2040,190206,,,
ABS:ABS_HH_PROV(1.0.0),5RWAU,1_2,1,A,2041,192586,,,
ABS:ABS_HH_PROV(1.0.0),5RWAU,1_2,1,A,2042,195006,,,
ABS:ABS_HH_PROV(1.0.0),5RWAU,1_2,1,A,2043,197405,,,
ABS:ABS_HH_PROV(1.0.0),5RWAU,1_2,1,A,2044,199827,,,
ABS:ABS_HH_PROV(1.0.0),5RWAU,1_2,1,A,2045,202256,,,
ABS:ABS_HH_PROV(1.0.0),5RWAU,1_2,1,A,2046,204706,,,
ABS:ABS_HH_PROV(1.0.0),3GBRI,1_2,2,A,2021,684912,,,
ABS:ABS_HH_PROV(1.0.0),3GBRI,1_2,2,A,2022,699910,,,
ABS:ABS_HH_PROV(1.0.0),3GBRI,1_2,2,A,2023,719127,,,
ABS:ABS_HH_PROV(1.0.0),3GBRI,1_2,2,A,2024,735390,,,
ABS:ABS_HH_PROV(1.0.0),3GBRI,1_2,2,A,2025,750319,,,
ABS:ABS_HH_PROV(1.0.0),3GBRI,1_2,2,A,2026,763781,,,
ABS:ABS_HH_PROV(1.0.0),3GBRI,1_2,2,A,2027,776010,,,
ABS:ABS_HH_PROV(1.0.0),3GBRI,1_2,2,A,2028,787668,,,
ABS:ABS_HH_PROV(1.0.0),3GBRI,1_2,2,A,2029,798870,,,
ABS:ABS_HH_PROV(1.0.0),3GBRI,1_2,2,A,2030,809666,,,
ABS:ABS_HH_PROV(1.0.0),3GBRI,1_2,2,A,2031,820001,,,
ABS:ABS_HH_PROV(1.0.0),3GBRI,1_2,2,A,2032,829773,,,
ABS:ABS_HH_PROV(1.0.0),3GBRI,1_2,2,A,2033,839324,,,
ABS:ABS_HH_PROV(1.0.0),3GBRI,1_2,2,A,2034,848689,,,
ABS:ABS_HH_PROV(1.0.0),3GBRI,1_2,2,A,2035,857817,,,
ABS:ABS_HH_PROV(1.0.0),3GBRI,1_2,2,A,2036,866612,,,
ABS:ABS_HH_PROV(1.0.0),3GBRI,1_2,2,A,2037,875206,,,
ABS:ABS_HH_PROV(1.0.0),3GBRI,1_2,2,A,2038,883412,,,
ABS:ABS_HH_PROV(1.0.0),3GBRI,1_2,2,A,2039,891382,,,
ABS:ABS_HH_PROV(1.0.0),3GBRI,1_2,2,A,2040,898948,,,
ABS:ABS_HH_PROV(1.0.0),3GBRI,1_2,2,A,2041,906198,,,
ABS:ABS_HH_PROV(1.0.0),3GBRI,1_2,2,A,2042,913188,,,
ABS:ABS_HH_PROV(1.0.0),3GBRI,1_2,2,A,2043,919710,,,
ABS:ABS_HH_PROV(1.0.0),3GBRI,1_2,2,A,2044,925919,,,
ABS:ABS_HH_PROV(1.0.0),3GBRI,1_2,2,A,2045,931726,,,
ABS:ABS_HH_PROV(1.0.0),3GBRI,1_2,2,A,2046,937226,,,
ABS:ABS_HH_PROV(1.0.0),7RNTE,32,3,A,2021,1181,,,
ABS:ABS_HH_PROV(1.0.0),7RNTE,32,3,A,2022,1209,,,
ABS:ABS_HH_PROV(1.0.0),7RNTE,32,3,A,2023,1233,,,
ABS:ABS_HH_PROV(1.0.0),7RNTE,32,3,A,2024,1248,,,
ABS:ABS_HH_PROV(1.0.0),7RNTE,32,3,A,2025,1263,,,
ABS:ABS_HH_PROV(1.0.0),7RNTE,32,3,A,2026,1284,,,
ABS:ABS_HH_PROV(1.0.0),7RNTE,32,3,A,2027,1304,,,
ABS:ABS_HH_PROV(1.0.0),7RNTE,32,3,A,2028,1326,,,
ABS:ABS_HH_PROV(1.0.0),7RNTE,32,3,A,2029,1345,,,
ABS:ABS_HH_PROV(1.0.0),7RNTE,32,3,A,2030,1366,,,
ABS:ABS_HH_PROV(1.0.0),7RNTE,32,3,A,2031,1386,,,
ABS:ABS_HH_PROV(1.0.0),7RNTE,32,3,A,2032,1407,,,
ABS:ABS_HH_PROV(1.0.0),7RNTE,32,3,A,2033,1428,,,
ABS:ABS_HH_PROV(1.0.0),7RNTE,32,3,A,2034,1447,,,
ABS:ABS_HH_PROV(1.0.0),7RNTE,32,3,A,2035,1467,,,
ABS:ABS_HH_PROV(1.0.0),7RNTE,32,3,A,2036,1486,,,
ABS:ABS_HH_PROV(1.0.0),7RNTE,32,3,A,2037,1503,,,
ABS:ABS_HH_PROV(1.0.0),7RNTE,32,3,A,2038,1519,,,
ABS:ABS_HH_PROV(1.0.0),7RNTE,32,3,A,2039,1533,,,
ABS:ABS_HH_PROV(1.0.0),7RNTE,32,3,A,2040,1546,,,
ABS:ABS_HH_PROV(1.0.0),7RNTE,32,3,A,2041,1558,,,
ABS:ABS_HH_PROV(1.0.0),7RNTE,32,3,A,2042,1568,,,
ABS:ABS_HH_PROV(1.0.0),7RNTE,32,3,A,2043,1578,,,
ABS:ABS_HH_PROV(1.0.0),7RNTE,32,3,A,2044,1587,,,
ABS:ABS_HH_PROV(1.0.0),7RNTE,32,3,A,2045,1596,,,
ABS:ABS_HH_PROV(1.0.0),7RNTE,32,3,A,2046,1604,,,
ABS:ABS_HH_PROV(1.0.0),2RVIC,4,1,A,2021,658352,,,
ABS:ABS_HH_PROV(1.0.0),2RVIC,4,1,A,2022,667792,,,
ABS:ABS_HH_PROV(1.0.0),2RVIC,4,1,A,2023,673999,,,
ABS:ABS_HH_PROV(1.0.0),2RVIC,4,1,A,2024,680672,,,
ABS:ABS_HH_PROV(1.0.0),2RVIC,4,1,A,2025,688653,,,
ABS:ABS_HH_PROV(1.0.0),2RVIC,4,1,A,2026,698779,,,
ABS:ABS_HH_PROV(1.0.0),2RVIC,4,1,A,2027,709832,,,
ABS:ABS_HH_PROV(1.0.0),2RVIC,4,1,A,2028,721137,,,
ABS:ABS_HH_PROV(1.0.0),2RVIC,4,1,A,2029,732749,,,
ABS:ABS_HH_PROV(1.0.0),2RVIC,4,1,A,2030,744588,,,
ABS:ABS_HH_PROV(1.0.0),2RVIC,4,1,A,2031,756678,,,
ABS:ABS_HH_PROV(1.0.0),2RVIC,4,1,A,2032,768949,,,
ABS:ABS_HH_PROV(1.0.0),2RVIC,4,1,A,2033,781426,,,
ABS:ABS_HH_PROV(1.0.0),2RVIC,4,1,A,2034,794120,,,
ABS:ABS_HH_PROV(1.0.0),2RVIC,4,1,A,2035,806950,,,
ABS:ABS_HH_PROV(1.0.0),2RVIC,4,1,A,2036,820032,,,
ABS:ABS_HH_PROV(1.0.0),2RVIC,4,1,A,2037,833199,,,
ABS:ABS_HH_PROV(1.0.0),2RVIC,4,1,A,2038,846461,,,
ABS:ABS_HH_PROV(1.0.0),2RVIC,4,1,A,2039,859887,,,
ABS:ABS_HH_PROV(1.0.0),2RVIC,4,1,A,2040,873399,,,
ABS:ABS_HH_PROV(1.0.0),2RVIC,4,1,A,2041,887213,,,
ABS:ABS_HH_PROV(1.0.0),2RVIC,4,1,A,2042,901213,,,
ABS:ABS_HH_PROV(1.0.0),2RVIC,4,1,A,2043,915226,,,
ABS:ABS_HH_PROV(1.0.0),2RVIC,4,1,A,2044,929467,,,
ABS:ABS_HH_PROV(1.0.0),2RVIC,4,1,A,2045,943869,,,
ABS:ABS_HH_PROV(1.0.0),2RVIC,4,1,A,2046,958578,,,
ABS:ABS_HH_PROV(1.0.0),1GSYD,4,2,A,2021,1964524,,,
ABS:ABS_HH_PROV(1.0.0),1GSYD,4,2,A,2022,1973630,,,
ABS:ABS_HH_PROV(1.0.0),1GSYD,4,2,A,2023,2011220,,,
ABS:ABS_HH_PROV(1.0.0),1GSYD,4,2,A,2024,2042816,,,
ABS:ABS_HH_PROV(1.0.0),1GSYD,4,2,A,2025,2075152,,,
ABS:ABS_HH_PROV(1.0.0),1GSYD,4,2,A,2026,2107057,,,
ABS:ABS_HH_PROV(1.0.0),1GSYD,4,2,A,2027,2141516,,,
ABS:ABS_HH_PROV(1.0.0),1GSYD,4,2,A,2028,2174871,,,
ABS:ABS_HH_PROV(1.0.0),1GSYD,4,2,A,2029,2207246,,,
ABS:ABS_HH_PROV(1.0.0),1GSYD,4,2,A,2030,2238795,,,
ABS:ABS_HH_PROV(1.0.0),1GSYD,4,2,A,2031,2268937,,,
ABS:ABS_HH_PROV(1.0.0),1GSYD,4,2,A,2032,2298756,,,
ABS:ABS_HH_PROV(1.0.0),1GSYD,4,2,A,2033,2327894,,,
ABS:ABS_HH_PROV(1.0.0),1GSYD,4,2,A,2034,2356300,,,
ABS:ABS_HH_PROV(1.0.0),1GSYD,4,2,A,2035,2384095,,,
ABS:ABS_HH_PROV(1.0.0),1GSYD,4,2,A,2036,2411124,,,
ABS:ABS_HH_PROV(1.0.0),1GSYD,4,2,A,2037,2438785,,,
ABS:ABS_HH_PROV(1.0.0),1GSYD,4,2,A,2038,2465378,,,
ABS:ABS_HH_PROV(1.0.0),1GSYD,4,2,A,2039,2491068,,,
ABS:ABS_HH_PROV(1.0.0),1GSYD,4,2,A,2040,2515703,,,
ABS:ABS_HH_PROV(1.0.0),1GSYD,4,2,A,2041,2539619,,,
ABS:ABS_HH_PROV(1.0.0),1GSYD,4,2,A,2042,2562730,,,
ABS:ABS_HH_PROV(1.0.0),1GSYD,4,2,A,2043,2584584,,,
ABS:ABS_HH_PROV(1.0.0),1GSYD,4,2,A,2044,2605559,,,
ABS:ABS_HH_PROV(1.0.0),1GSYD,4,2,A,2045,2625470,,,
ABS:ABS_HH_PROV(1.0.0),1GSYD,4,2,A,2046,2644650,,,
ABS:ABS_HH_PROV(1.0.0),7GDAR,4,2,A,2021,52621,,,
ABS:ABS_HH_PROV(1.0.0),7GDAR,4,2,A,2022,52781,,,
ABS:ABS_HH_PROV(1.0.0),7GDAR,4,2,A,2023,53824,,,
ABS:ABS_HH_PROV(1.0.0),7GDAR,4,2,A,2024,54554,,,
ABS:ABS_HH_PROV(1.0.0),7GDAR,4,2,A,2025,55312,,,
ABS:ABS_HH_PROV(1.0.0),7GDAR,4,2,A,2026,56004,,,
ABS:ABS_HH_PROV(1.0.0),7GDAR,4,2,A,2027,56834,,,
ABS:ABS_HH_PROV(1.0.0),7GDAR,4,2,A,2028,57648,,,
ABS:ABS_HH_PROV(1.0.0),7GDAR,4,2,A,2029,58362,,,
ABS:ABS_HH_PROV(1.0.0),7GDAR,4,2,A,2030,59069,,,
ABS:ABS_HH_PROV(1.0.0),7GDAR,4,2,A,2031,59691,,,
ABS:ABS_HH_PROV(1.0.0),7GDAR,4,2,A,2032,60346,,,
ABS:ABS_HH_PROV(1.0.0),7GDAR,4,2,A,2033,60998,,,
ABS:ABS_HH_PROV(1.0.0),7GDAR,4,2,A,2034,61646,,,
ABS:ABS_HH_PROV(1.0.0),7GDAR,4,2,A,2035,62286,,,
ABS:ABS_HH_PROV(1.0.0),7GDAR,4,2,A,2036,62917,,,
ABS:ABS_HH_PROV(1.0.0),7GDAR,4,2,A,2037,63602,,,
ABS:ABS_HH_PROV(1.0.0),7GDAR,4,2,A,2038,64268,,,
ABS:ABS_HH_PROV(1.0.0),7GDAR,4,2,A,2039,64919,,,
ABS:ABS_HH_PROV(1.0.0),7GDAR,4,2,A,2040,65563,,,
ABS:ABS_HH_PROV(1.0.0),7GDAR,4,2,A,2041,66207,,,
ABS:ABS_HH_PROV(1.0.0),7GDAR,4,2,A,2042,66839,,,
ABS:ABS_HH_PROV(1.0.0),7GDAR,4,2,A,2043,67442,,,
ABS:ABS_HH_PROV(1.0.0),7GDAR,4,2,A,2044,68036,,,
ABS:ABS_HH_PROV(1.0.0),7GDAR,4,2,A,2045,68623,,,
ABS:ABS_HH_PROV(1.0.0),7GDAR,4,2,A,2046,69214,,,
ABS:ABS_HH_PROV(1.0.0),1RNSW,32,3,A,2021,38471,,,
ABS:ABS_HH_PROV(1.0.0),1RNSW,32,3,A,2022,38975,,,
ABS:ABS_HH_PROV(1.0.0),1RNSW,32,3,A,2023,40637,,,
ABS:ABS_HH_PROV(1.0.0),1RNSW,32,3,A,2024,42195,,,
ABS:ABS_HH_PROV(1.0.0),1RNSW,32,3,A,2025,43690,,,
ABS:ABS_HH_PROV(1.0.0),1RNSW,32,3,A,2026,45134,,,
ABS:ABS_HH_PROV(1.0.0),1RNSW,32,3,A,2027,46535,,,
ABS:ABS_HH_PROV(1.0.0),1RNSW,32,3,A,2028,47898,,,
ABS:ABS_HH_PROV(1.0.0),1RNSW,32,3,A,2029,49184,,,
ABS:ABS_HH_PROV(1.0.0),1RNSW,32,3,A,2030,50411,,,
ABS:ABS_HH_PROV(1.0.0),1RNSW,32,3,A,2031,51582,,,
ABS:ABS_HH_PROV(1.0.0),1RNSW,32,3,A,2032,52735,,,
ABS:ABS_HH_PROV(1.0.0),1RNSW,32,3,A,2033,53880,,,
ABS:ABS_HH_PROV(1.0.0),1RNSW,32,3,A,2034,54978,,,
ABS:ABS_HH_PROV(1.0.0),1RNSW,32,3,A,2035,56039,,,
ABS:ABS_HH_PROV(1.0.0),1RNSW,32,3,A,2036,57104,,,
ABS:ABS_HH_PROV(1.0.0),1RNSW,32,3,A,2037,58113,,,
ABS:ABS_HH_PROV(1.0.0),1RNSW,32,3,A,2038,59119,,,
ABS:ABS_HH_PROV(1.0.0),1RNSW,32,3,A,2039,60139,,,
ABS:ABS_HH_PROV(1.0.0),1RNSW,32,3,A,2040,61166,,,
ABS:ABS_HH_PROV(1.0.0),1RNSW,32,3,A,2041,62246,,,
ABS:ABS_HH_PROV(1.0.0),1RNSW,32,3,A,2042,63373,,,
ABS:ABS_HH_PROV(1.0.0),1RNSW,32,3,A,2043,64458,,,
ABS:ABS_HH_PROV(1.0.0),1RNSW,32,3,A,2044,65599,,,
ABS:ABS_HH_PROV(1.0.0),1RNSW,32,3,A,2045,66793,,,
ABS:ABS_HH_PROV(1.0.0),1RNSW,32,3,A,2046,68012,,,
ABS:ABS_HH_PROV(1.0.0),3RQLD,31,3,A,2021,274908,,,
ABS:ABS_HH_PROV(1.0.0),3RQLD,31,3,A,2022,281507,,,
ABS:ABS_HH_PROV(1.0.0),3RQLD,31,3,A,2023,285111,,,
ABS:ABS_HH_PROV(1.0.0),3RQLD,31,3,A,2024,288630,,,
ABS:ABS_HH_PROV(1.0.0),3RQLD,31,3,A,2025,292150,,,
ABS:ABS_HH_PROV(1.0.0),3RQLD,31,3,A,2026,295775,,,
ABS:ABS_HH_PROV(1.0.0),3RQLD,31,3,A,2027,299241,,,
ABS:ABS_HH_PROV(1.0.0),3RQLD,31,3,A,2028,302432,,,
ABS:ABS_HH_PROV(1.0.0),3RQLD,31,3,A,2029,305481,,,
ABS:ABS_HH_PROV(1.0.0),3RQLD,31,3,A,2030,308334,,,
ABS:ABS_HH_PROV(1.0.0),3RQLD,31,3,A,2031,311091,,,
ABS:ABS_HH_PROV(1.0.0),3RQLD,31,3,A,2032,313792,,,
ABS:ABS_HH_PROV(1.0.0),3RQLD,31,3,A,2033,316263,,,
ABS:ABS_HH_PROV(1.0.0),3RQLD,31,3,A,2034,318523,,,
ABS:ABS_HH_PROV(1.0.0),3RQLD,31,3,A,2035,320631,,,
ABS:ABS_HH_PROV(1.0.0),3RQLD,31,3,A,2036,322693,,,
ABS:ABS_HH_PROV(1.0.0),3RQLD,31,3,A,2037,324587,,,
ABS:ABS_HH_PROV(1.0.0),3RQLD,31,3,A,2038,326415,,,
ABS:ABS_HH_PROV(1.0.0),3RQLD,31,3,A,2039,328145,,,
ABS:ABS_HH_PROV(1.0.0),3RQLD,31,3,A,2040,329849,,,
ABS:ABS_HH_PROV(1.0.0),3RQLD,31,3,A,2041,331600,,,
ABS:ABS_HH_PROV(1.0.0),3RQLD,31,3,A,2042,333361,,,
ABS:ABS_HH_PROV(1.0.0),3RQLD,31,3,A,2043,335118,,,
ABS:ABS_HH_PROV(1.0.0),3RQLD,31,3,A,2044,336903,,,
ABS:ABS_HH_PROV(1.0.0),3RQLD,31,3,A,2045,338740,,,
ABS:ABS_HH_PROV(1.0.0),3RQLD,31,3,A,2046,340616,,,
ABS:ABS_HH_PROV(1.0.0),3,31,3,A,2021,512981,,,
ABS:ABS_HH_PROV(1.0.0),3,31,3,A,2022,525190,,,
ABS:ABS_HH_PROV(1.0.0),3,31,3,A,2023,537949,,,
ABS:ABS_HH_PROV(1.0.0),3,31,3,A,2024,549685,,,
ABS:ABS_HH_PROV(1.0.0),3,31,3,A,2025,560895,,,
ABS:ABS_HH_PROV(1.0.0),3,31,3,A,2026,571673,,,
ABS:ABS_HH_PROV(1.0.0),3,31,3,A,2027,581907,,,
ABS:ABS_HH_PROV(1.0.0),3,31,3,A,2028,591570,,,
ABS:ABS_HH_PROV(1.0.0),3,31,3,A,2029,600867,,,
ABS:ABS_HH_PROV(1.0.0),3,31,3,A,2030,609743,,,
ABS:ABS_HH_PROV(1.0.0),3,31,3,A,2031,618332,,,
ABS:ABS_HH_PROV(1.0.0),3,31,3,A,2032,626737,,,
ABS:ABS_HH_PROV(1.0.0),3,31,3,A,2033,634621,,,
ABS:ABS_HH_PROV(1.0.0),3,31,3,A,2034,641983,,,
ABS:ABS_HH_PROV(1.0.0),3,31,3,A,2035,648894,,,
ABS:ABS_HH_PROV(1.0.0),3,31,3,A,2036,655534,,,
ABS:ABS_HH_PROV(1.0.0),3,31,3,A,2037,661631,,,
ABS:ABS_HH_PROV(1.0.0),3,31,3,A,2038,667307,,,
ABS:ABS_HH_PROV(1.0.0),3,31,3,A,2039,672507,,,
ABS:ABS_HH_PROV(1.0.0),3,31,3,A,2040,677320,,,
ABS:ABS_HH_PROV(1.0.0),3,31,3,A,2041,681937,,,
ABS:ABS_HH_PROV(1.0.0),3,31,3,A,2042,686210,,,
ABS:ABS_HH_PROV(1.0.0),3,31,3,A,2043,690178,,,
ABS:ABS_HH_PROV(1.0.0),3,31,3,A,2044,693929,,,
ABS:ABS_HH_PROV(1.0.0),3,31,3,A,2045,697456,,,
ABS:ABS_HH_PROV(1.0.0),3,31,3,A,2046,700852,,,
ABS:ABS_HH_PROV(1.0.0),1,1_2,2,A,2021,2181156,,,
ABS:ABS_HH_PROV(1.0.0),1,1_2,2,A,2022,2192901,,,
ABS:ABS_HH_PROV(1.0.0),1,1_2,2,A,2023,2229442,,,
ABS:ABS_HH_PROV(1.0.0),1,1_2,2,A,2024,2261075,,,
ABS:ABS_HH_PROV(1.0.0),1,1_2,2,A,2025,2293322,,,
ABS:ABS_HH_PROV(1.0.0),1,1_2,2,A,2026,2324598,,,
ABS:ABS_HH_PROV(1.0.0),1,1_2,2,A,2027,2356540,,,
ABS:ABS_HH_PROV(1.0.0),1,1_2,2,A,2028,2387840,,,
ABS:ABS_HH_PROV(1.0.0),1,1_2,2,A,2029,2418620,,,
ABS:ABS_HH_PROV(1.0.0),1,1_2,2,A,2030,2449308,,,
ABS:ABS_HH_PROV(1.0.0),1,1_2,2,A,2031,2478756,,,
ABS:ABS_HH_PROV(1.0.0),1,1_2,2,A,2032,2507327,,,
ABS:ABS_HH_PROV(1.0.0),1,1_2,2,A,2033,2535688,,,
ABS:ABS_HH_PROV(1.0.0),1,1_2,2,A,2034,2563937,,,
ABS:ABS_HH_PROV(1.0.0),1,1_2,2,A,2035,2592207,,,
ABS:ABS_HH_PROV(1.0.0),1,1_2,2,A,2036,2619850,,,
ABS:ABS_HH_PROV(1.0.0),1,1_2,2,A,2037,2647824,,,
ABS:ABS_HH_PROV(1.0.0),1,1_2,2,A,2038,2675029,,,
ABS:ABS_HH_PROV(1.0.0),1,1_2,2,A,2039,2701718,,,
ABS:ABS_HH_PROV(1.0.0),1,1_2,2,A,2040,2727884,,,
ABS:ABS_HH_PROV(1.0.0),1,1_2,2,A,2041,2753514,,,
ABS:ABS_HH_PROV(1.0.0),1,1_2,2,A,2042,2778658,,,
ABS:ABS_HH_PROV(1.0.0),1,1_2,2,A,2043,2802777,,,
ABS:ABS_HH_PROV(1.0.0),1,1_2,2,A,2044,2826369,,,
ABS:ABS_HH_PROV(1.0.0),1,1_2,2,A,2045,2849270,,,
ABS:ABS_HH_PROV(1.0.0),1,1_2,2,A,2046,2871813,,,
ABS:ABS_HH_PROV(1.0.0),8,4,3,A,2021,176879,,,
ABS:ABS_HH_PROV(1.0.0),8,4,3,A,2022,175726,,,
ABS:ABS_HH_PROV(1.0.0),8,4,3,A,2023,178951,,,
ABS:ABS_HH_PROV(1.0.0),8,4,3,A,2024,181903,,,
ABS:ABS_HH_PROV(1.0.0),8,4,3,A,2025,184919,,,
ABS:ABS_HH_PROV(1.0.0),8,4,3,A,2026,188097,,,
ABS:ABS_HH_PROV(1.0.0),8,4,3,A,2027,191419,,,
ABS:ABS_HH_PROV(1.0.0),8,4,3,A,2028,194599,,,
ABS:ABS_HH_PROV(1.0.0),8,4,3,A,2029,197735,,,
ABS:ABS_HH_PROV(1.0.0),8,4,3,A,2030,200789,,,
ABS:ABS_HH_PROV(1.0.0),8,4,3,A,2031,203738,,,
ABS:ABS_HH_PROV(1.0.0),8,4,3,A,2032,206548,,,
ABS:ABS_HH_PROV(1.0.0),8,4,3,A,2033,209156,,,
ABS:ABS_HH_PROV(1.0.0),8,4,3,A,2034,211810,,,
ABS:ABS_HH_PROV(1.0.0),8,4,3,A,2035,214506,,,
ABS:ABS_HH_PROV(1.0.0),8,4,3,A,2036,217139,,,
ABS:ABS_HH_PROV(1.0.0),8,4,3,A,2037,219721,,,
ABS:ABS_HH_PROV(1.0.0),8,4,3,A,2038,222246,,,
ABS:ABS_HH_PROV(1.0.0),8,4,3,A,2039,224714,,,
ABS:ABS_HH_PROV(1.0.0),8,4,3,A,2040,227151,,,
ABS:ABS_HH_PROV(1.0.0),8,4,3,A,2041,229563,,,
ABS:ABS_HH_PROV(1.0.0),8,4,3,A,2042,231885,,,
ABS:ABS_HH_PROV(1.0.0),8,4,3,A,2043,234078,,,
ABS:ABS_HH_PROV(1.0.0),8,4,3,A,2044,236212,,,
ABS:ABS_HH_PROV(1.0.0),8,4,3,A,2045,238264,,,
ABS:ABS_HH_PROV(1.0.0),8,4,3,A,2046,240245,,,
ABS:ABS_HH_PROV(1.0.0),0,4,2,A,2021,9993880,,,
ABS:ABS_HH_PROV(1.0.0),0,4,2,A,2022,10098778,,,
ABS:ABS_HH_PROV(1.0.0),0,4,2,A,2023,10289128,,,
ABS:ABS_HH_PROV(1.0.0),0,4,2,A,2024,10455963,,,
ABS:ABS_HH_PROV(1.0.0),0,4,2,A,2025,10622921,,,
ABS:ABS_HH_PROV(1.0.0),0,4,2,A,2026,10787602,,,
ABS:ABS_HH_PROV(1.0.0),0,4,2,A,2027,10958563,,,
ABS:ABS_HH_PROV(1.0.0),0,4,2,A,2028,11125387,,,
ABS:ABS_HH_PROV(1.0.0),0,4,2,A,2029,11288937,,,
ABS:ABS_HH_PROV(1.0.0),0,4,2,A,2030,11449795,,,
ABS:ABS_HH_PROV(1.0.0),0,4,2,A,2031,11606042,,,
ABS:ABS_HH_PROV(1.0.0),0,4,2,A,2032,11762246,,,
ABS:ABS_HH_PROV(1.0.0),0,4,2,A,2033,11916068,,,
ABS:ABS_HH_PROV(1.0.0),0,4,2,A,2034,12067340,,,
ABS:ABS_HH_PROV(1.0.0),0,4,2,A,2035,12216604,,,
ABS:ABS_HH_PROV(1.0.0),0,4,2,A,2036,12363438,,,
ABS:ABS_HH_PROV(1.0.0),0,4,2,A,2037,12512845,,,
ABS:ABS_HH_PROV(1.0.0),0,4,2,A,2038,12658329,,,
ABS:ABS_HH_PROV(1.0.0),0,4,2,A,2039,12800440,,,
ABS:ABS_HH_PROV(1.0.0),0,4,2,A,2040,12938818,,,
ABS:ABS_HH_PROV(1.0.0),0,4,2,A,2041,13075303,,,
ABS:ABS_HH_PROV(1.0.0),0,4,2,A,2042,13208652,,,
ABS:ABS_HH_PROV(1.0.0),0,4,2,A,2043,13336780,,,
ABS:ABS_HH_PROV(1.0.0),0,4,2,A,2044,13462190,,,
ABS:ABS_HH_PROV(1.0.0),0,4,2,A,2045,13584243,,,
ABS:ABS_HH_PROV(1.0.0),0,4,2,A,2046,13704641,,,
ABS:ABS_HH_PROV(1.0.0),1RNSW,32,2,A,2021,38471,,,
ABS:ABS_HH_PROV(1.0.0),1RNSW,32,2,A,2022,38975,,,
ABS:ABS_HH_PROV(1.0.0),1RNSW,32,2,A,2023,40637,,,
ABS:ABS_HH_PROV(1.0.0),1RNSW,32,2,A,2024,42195,,,
ABS:ABS_HH_PROV(1.0.0),1RNSW,32,2,A,2025,43690,,,
ABS:ABS_HH_PROV(1.0.0),1RNSW,32,2,A,2026,45134,,,
ABS:ABS_HH_PROV(1.0.0),1RNSW,32,2,A,2027,46270,,,
ABS:ABS_HH_PROV(1.0.0),1RNSW,32,2,A,2028,47355,,,
ABS:ABS_HH_PROV(1.0.0),1RNSW,32,2,A,2029,48353,,,
ABS:ABS_HH_PROV(1.0.0),1RNSW,32,2,A,2030,49281,,,
ABS:ABS_HH_PROV(1.0.0),1RNSW,32,2,A,2031,50142,,,
ABS:ABS_HH_PROV(1.0.0),1RNSW,32,2,A,2032,50827,,,
ABS:ABS_HH_PROV(1.0.0),1RNSW,32,2,A,2033,51489,,,
ABS:ABS_HH_PROV(1.0.0),1RNSW,32,2,A,2034,52095,,,
ABS:ABS_HH_PROV(1.0.0),1RNSW,32,2,A,2035,52652,,,
ABS:ABS_HH_PROV(1.0.0),1RNSW,32,2,A,2036,53211,,,
ABS:ABS_HH_PROV(1.0.0),1RNSW,32,2,A,2037,53549,,,
ABS:ABS_HH_PROV(1.0.0),1RNSW,32,2,A,2038,53869,,,
ABS:ABS_HH_PROV(1.0.0),1RNSW,32,2,A,2039,54197,,,
ABS:ABS_HH_PROV(1.0.0),1RNSW,32,2,A,2040,54526,,,
ABS:ABS_HH_PROV(1.0.0),1RNSW,32,2,A,2041,54896,,,
ABS:ABS_HH_PROV(1.0.0),1RNSW,32,2,A,2042,55318,,,
ABS:ABS_HH_PROV(1.0.0),1RNSW,32,2,A,2043,55691,,,
ABS:ABS_HH_PROV(1.0.0),1RNSW,32,2,A,2044,56108,,,
ABS:ABS_HH_PROV(1.0.0),1RNSW,32,2,A,2045,56569,,,
ABS:ABS_HH_PROV(1.0.0),1RNSW,32,2,A,2046,57039,,,
ABS:ABS_HH_PROV(1.0.0),2GMEL,1_2,2,A,2021,1329416,,,
ABS:ABS_HH_PROV(1.0.0),2GMEL,1_2,2,A,2022,1343856,,,
ABS:ABS_HH_PROV(1.0.0),2GMEL,1_2,2,A,2023,1376477,,,
ABS:ABS_HH_PROV(1.0.0),2GMEL,1_2,2,A,2024,1404861,,,
ABS:ABS_HH_PROV(1.0.0),2GMEL,1_2,2,A,2025,1433946,,,
ABS:ABS_HH_PROV(1.0.0),2GMEL,1_2,2,A,2026,1462827,,,
ABS:ABS_HH_PROV(1.0.0),2GMEL,1_2,2,A,2027,1491776,,,
ABS:ABS_HH_PROV(1.0.0),2GMEL,1_2,2,A,2028,1519821,,,
ABS:ABS_HH_PROV(1.0.0),2GMEL,1_2,2,A,2029,1547209,,,
ABS:ABS_HH_PROV(1.0.0),2GMEL,1_2,2,A,2030,1574272,,,
ABS:ABS_HH_PROV(1.0.0),2GMEL,1_2,2,A,2031,1600214,,,
ABS:ABS_HH_PROV(1.0.0),2GMEL,1_2,2,A,2032,1624907,,,
ABS:ABS_HH_PROV(1.0.0),2GMEL,1_2,2,A,2033,1649354,,,
ABS:ABS_HH_PROV(1.0.0),2GMEL,1_2,2,A,2034,1673627,,,
ABS:ABS_HH_PROV(1.0.0),2GMEL,1_2,2,A,2035,1697905,,,
ABS:ABS_HH_PROV(1.0.0),2GMEL,1_2,2,A,2036,1721642,,,
ABS:ABS_HH_PROV(1.0.0),2GMEL,1_2,2,A,2037,1745298,,,
ABS:ABS_HH_PROV(1.0.0),2GMEL,1_2,2,A,2038,1768451,,,
ABS:ABS_HH_PROV(1.0.0),2GMEL,1_2,2,A,2039,1791036,,,
ABS:ABS_HH_PROV(1.0.0),2GMEL,1_2,2,A,2040,1813157,,,
ABS:ABS_HH_PROV(1.0.0),2GMEL,1_2,2,A,2041,1834678,,,
ABS:ABS_HH_PROV(1.0.0),2GMEL,1_2,2,A,2042,1855582,,,
ABS:ABS_HH_PROV(1.0.0),2GMEL,1_2,2,A,2043,1875656,,,
ABS:ABS_HH_PROV(1.0.0),2GMEL,1_2,2,A,2044,1895085,,,
ABS:ABS_HH_PROV(1.0.0),2GMEL,1_2,2,A,2045,1913874,,,
ABS:ABS_HH_PROV(1.0.0),2GMEL,1_2,2,A,2046,1932259,,,
ABS:ABS_HH_PROV(1.0.0),2GMEL,1_2,1,A,2021,1329416,,,
ABS:ABS_HH_PROV(1.0.0),2GMEL,1_2,1,A,2022,1346322,,,
ABS:ABS_HH_PROV(1.0.0),2GMEL,1_2,1,A,2023,1381253,,,
ABS:ABS_HH_PROV(1.0.0),2GMEL,1_2,1,A,2024,1411738,,,
ABS:ABS_HH_PROV(1.0.0),2GMEL,1_2,1,A,2025,1442764,,,
ABS:ABS_HH_PROV(1.0.0),2GMEL,1_2,1,A,2026,1473431,,,
ABS:ABS_HH_PROV(1.0.0),2GMEL,1_2,1,A,2027,1503085,,,
ABS:ABS_HH_PROV(1.0.0),2GMEL,1_2,1,A,2028,1531819,,,
ABS:ABS_HH_PROV(1.0.0),2GMEL,1_2,1,A,2029,1559853,,,
ABS:ABS_HH_PROV(1.0.0),2GMEL,1_2,1,A,2030,1587459,,,
ABS:ABS_HH_PROV(1.0.0),2GMEL,1_2,1,A,2031,1613874,,,
ABS:ABS_HH_PROV(1.0.0),2GMEL,1_2,1,A,2032,1638667,,,
ABS:ABS_HH_PROV(1.0.0),2GMEL,1_2,1,A,2033,1663181,,,
ABS:ABS_HH_PROV(1.0.0),2GMEL,1_2,1,A,2034,1687467,,,
ABS:ABS_HH_PROV(1.0.0),2GMEL,1_2,1,A,2035,1711698,,,
ABS:ABS_HH_PROV(1.0.0),2GMEL,1_2,1,A,2036,1735361,,,
ABS:ABS_HH_PROV(1.0.0),2GMEL,1_2,1,A,2037,1758625,,,
ABS:ABS_HH_PROV(1.0.0),2GMEL,1_2,1,A,2038,1781349,,,
ABS:ABS_HH_PROV(1.0.0),2GMEL,1_2,1,A,2039,1803500,,,
ABS:ABS_HH_PROV(1.0.0),2GMEL,1_2,1,A,2040,1825187,,,
ABS:ABS_HH_PROV(1.0.0),2GMEL,1_2,1,A,2041,1846302,,,
ABS:ABS_HH_PROV(1.0.0),2GMEL,1_2,1,A,2042,1866827,,,
ABS:ABS_HH_PROV(1.0.0),2GMEL,1_2,1,A,2043,1886515,,,
ABS:ABS_HH_PROV(1.0.0),2GMEL,1_2,1,A,2044,1905577,,,
ABS:ABS_HH_PROV(1.0.0),2GMEL,1_2,1,A,2045,1924031,,,
ABS:ABS_HH_PROV(1.0.0),2GMEL,1_2,1,A,2046,1942071,,,
ABS:ABS_HH_PROV(1.0.0),8ACTE,1_2,3,A,2021,121665,,,
ABS:ABS_HH_PROV(1.0.0),8ACTE,1_2,3,A,2022,121765,,,
ABS:ABS_HH_PROV(1.0.0),8ACTE,1_2,3,A,2023,124042,,,
ABS:ABS_HH_PROV(1.0.0),8ACTE,1_2,3,A,2024,126132,,,
ABS:ABS_HH_PROV(1.0.0),8ACTE,1_2,3,A,2025,128239,,,
ABS:ABS_HH_PROV(1.0.0),8ACTE,1_2,3,A,2026,130379,,,
ABS:ABS_HH_PROV(1.0.0),8ACTE,1_2,3,A,2027,132558,,,
ABS:ABS_HH_PROV(1.0.0),8ACTE,1_2,3,A,2028,134663,,,
ABS:ABS_HH_PROV(1.0.0),8ACTE,1_2,3,A,2029,136707,,,
ABS:ABS_HH_PROV(1.0.0),8ACTE,1_2,3,A,2030,138719,,,
ABS:ABS_HH_PROV(1.0.0),8ACTE,1_2,3,A,2031,140642,,,
ABS:ABS_HH_PROV(1.0.0),8ACTE,1_2,3,A,2032,142450,,,
ABS:ABS_HH_PROV(1.0.0),8ACTE,1_2,3,A,2033,144184,,,
ABS:ABS_HH_PROV(1.0.0),8ACTE,1_2,3,A,2034,145944,,,
ABS:ABS_HH_PROV(1.0.0),8ACTE,1_2,3,A,2035,147737,,,
ABS:ABS_HH_PROV(1.0.0),8ACTE,1_2,3,A,2036,149490,,,
ABS:ABS_HH_PROV(1.0.0),8ACTE,1_2,3,A,2037,151220,,,
ABS:ABS_HH_PROV(1.0.0),8ACTE,1_2,3,A,2038,152923,,,
ABS:ABS_HH_PROV(1.0.0),8ACTE,1_2,3,A,2039,154601,,,
ABS:ABS_HH_PROV(1.0.0),8ACTE,1_2,3,A,2040,156269,,,
ABS:ABS_HH_PROV(1.0.0),8ACTE,1_2,3,A,2041,157916,,,
ABS:ABS_HH_PROV(1.0.0),8ACTE,1_2,3,A,2042,159510,,,
ABS:ABS_HH_PROV(1.0.0),8ACTE,1_2,3,A,2043,161035,,,
ABS:ABS_HH_PROV(1.0.0),8ACTE,1_2,3,A,2044,162518,,,
ABS:ABS_HH_PROV(1.0.0),8ACTE,1_2,3,A,2045,163942,,,
ABS:ABS_HH_PROV(1.0.0),8ACTE,1_2,3,A,2046,165331,,,
ABS:ABS_HH_PROV(1.0.0),1GSYD,4,1,A,2021,1964524,,,
ABS:ABS_HH_PROV(1.0.0),1GSYD,4,1,A,2022,1979369,,,
ABS:ABS_HH_PROV(1.0.0),1GSYD,4,1,A,2023,2022656,,,
ABS:ABS_HH_PROV(1.0.0),1GSYD,4,1,A,2024,2059958,,,
ABS:ABS_HH_PROV(1.0.0),1GSYD,4,1,A,2025,2098056,,,
ABS:ABS_HH_PROV(1.0.0),1GSYD,4,1,A,2026,2135816,,,
ABS:ABS_HH_PROV(1.0.0),1GSYD,4,1,A,2027,2173439,,,
ABS:ABS_HH_PROV(1.0.0),1GSYD,4,1,A,2028,2210023,,,
ABS:ABS_HH_PROV(1.0.0),1GSYD,4,1,A,2029,2245637,,,
ABS:ABS_HH_PROV(1.0.0),1GSYD,4,1,A,2030,2280448,,,
ABS:ABS_HH_PROV(1.0.0),1GSYD,4,1,A,2031,2313868,,,
ABS:ABS_HH_PROV(1.0.0),1GSYD,4,1,A,2032,2345495,,,
ABS:ABS_HH_PROV(1.0.0),1GSYD,4,1,A,2033,2376461,,,
ABS:ABS_HH_PROV(1.0.0),1GSYD,4,1,A,2034,2406718,,,
ABS:ABS_HH_PROV(1.0.0),1GSYD,4,1,A,2035,2436344,,,
ABS:ABS_HH_PROV(1.0.0),1GSYD,4,1,A,2036,2465239,,,
ABS:ABS_HH_PROV(1.0.0),1GSYD,4,1,A,2037,2493292,,,
ABS:ABS_HH_PROV(1.0.0),1GSYD,4,1,A,2038,2520234,,,
ABS:ABS_HH_PROV(1.0.0),1GSYD,4,1,A,2039,2546251,,,
ABS:ABS_HH_PROV(1.0.0),1GSYD,4,1,A,2040,2571147,,,
ABS:ABS_HH_PROV(1.0.0),1GSYD,4,1,A,2041,2595329,,,
ABS:ABS_HH_PROV(1.0.0),1GSYD,4,1,A,2042,2618695,,,
ABS:ABS_HH_PROV(1.0.0),1GSYD,4,1,A,2043,2640769,,,
ABS:ABS_HH_PROV(1.0.0),1GSYD,4,1,A,2044,2661958,,,
ABS:ABS_HH_PROV(1.0.0),1GSYD,4,1,A,2045,2682024,,,
ABS:ABS_HH_PROV(1.0.0),1GSYD,4,1,A,2046,2701351,,,
ABS:ABS_HH_PROV(1.0.0),4GADE,4,1,A,2021,566691,,,
ABS:ABS_HH_PROV(1.0.0),4GADE,4,1,A,2022,574265,,,
ABS:ABS_HH_PROV(1.0.0),4GADE,4,1,A,2023,585998,,,
ABS:ABS_HH_PROV(1.0.0),4GADE,4,1,A,2024,596031,,,
ABS:ABS_HH_PROV(1.0.0),4GADE,4,1,A,2025,605604,,,
ABS:ABS_HH_PROV(1.0.0),4GADE,4,1,A,2026,614513,,,
ABS:ABS_HH_PROV(1.0.0),4GADE,4,1,A,2027,622711,,,
ABS:ABS_HH_PROV(1.0.0),4GADE,4,1,A,2028,630552,,,
ABS:ABS_HH_PROV(1.0.0),4GADE,4,1,A,2029,638129,,,
ABS:ABS_HH_PROV(1.0.0),4GADE,4,1,A,2030,645346,,,
ABS:ABS_HH_PROV(1.0.0),4GADE,4,1,A,2031,652187,,,
ABS:ABS_HH_PROV(1.0.0),4GADE,4,1,A,2032,658521,,,
ABS:ABS_HH_PROV(1.0.0),4GADE,4,1,A,2033,664718,,,
ABS:ABS_HH_PROV(1.0.0),4GADE,4,1,A,2034,670753,,,
ABS:ABS_HH_PROV(1.0.0),4GADE,4,1,A,2035,676641,,,
ABS:ABS_HH_PROV(1.0.0),4GADE,4,1,A,2036,682372,,,
ABS:ABS_HH_PROV(1.0.0),4GADE,4,1,A,2037,687903,,,
ABS:ABS_HH_PROV(1.0.0),4GADE,4,1,A,2038,693184,,,
ABS:ABS_HH_PROV(1.0.0),4GADE,4,1,A,2039,698276,,,
ABS:ABS_HH_PROV(1.0.0),4GADE,4,1,A,2040,703138,,,
ABS:ABS_HH_PROV(1.0.0),4GADE,4,1,A,2041,707906,,,
ABS:ABS_HH_PROV(1.0.0),4GADE,4,1,A,2042,712443,,,
ABS:ABS_HH_PROV(1.0.0),4GADE,4,1,A,2043,716724,,,
ABS:ABS_HH_PROV(1.0.0),4GADE,4,1,A,2044,720837,,,
ABS:ABS_HH_PROV(1.0.0),4GADE,4,1,A,2045,724776,,,
ABS:ABS_HH_PROV(1.0.0),4GADE,4,1,A,2046,728644,,,
ABS:ABS_HH_PROV(1.0.0),5RWAU,4,2,A,2021,221512,,,
ABS:ABS_HH_PROV(1.0.0),5RWAU,4,2,A,2022,224164,,,
ABS:ABS_HH_PROV(1.0.0),5RWAU,4,2,A,2023,225227,,,
ABS:ABS_HH_PROV(1.0.0),5RWAU,4,2,A,2024,226117,,,
ABS:ABS_HH_PROV(1.0.0),5RWAU,4,2,A,2025,227358,,,
ABS:ABS_HH_PROV(1.0.0),5RWAU,4,2,A,2026,228800,,,
ABS:ABS_HH_PROV(1.0.0),5RWAU,4,2,A,2027,230533,,,
ABS:ABS_HH_PROV(1.0.0),5RWAU,4,2,A,2028,232348,,,
ABS:ABS_HH_PROV(1.0.0),5RWAU,4,2,A,2029,234291,,,
ABS:ABS_HH_PROV(1.0.0),5RWAU,4,2,A,2030,236377,,,
ABS:ABS_HH_PROV(1.0.0),5RWAU,4,2,A,2031,238541,,,
ABS:ABS_HH_PROV(1.0.0),5RWAU,4,2,A,2032,240903,,,
ABS:ABS_HH_PROV(1.0.0),5RWAU,4,2,A,2033,243326,,,
ABS:ABS_HH_PROV(1.0.0),5RWAU,4,2,A,2034,245851,,,
ABS:ABS_HH_PROV(1.0.0),5RWAU,4,2,A,2035,248467,,,
ABS:ABS_HH_PROV(1.0.0),5RWAU,4,2,A,2036,251139,,,
ABS:ABS_HH_PROV(1.0.0),5RWAU,4,2,A,2037,253960,,,
ABS:ABS_HH_PROV(1.0.0),5RWAU,4,2,A,2038,256811,,,
ABS:ABS_HH_PROV(1.0.0),5RWAU,4,2,A,2039,259732,,,
ABS:ABS_HH_PROV(1.0.0),5RWAU,4,2,A,2040,262699,,,
ABS:ABS_HH_PROV(1.0.0),5RWAU,4,2,A,2041,265745,,,
ABS:ABS_HH_PROV(1.0.0),5RWAU,4,2,A,2042,268860,,,
ABS:ABS_HH_PROV(1.0.0),5RWAU,4,2,A,2043,271991,,,
ABS:ABS_HH_PROV(1.0.0),5RWAU,4,2,A,2044,275210,,,
ABS:ABS_HH_PROV(1.0.0),5RWAU,4,2,A,2045,278499,,,
ABS:ABS_HH_PROV(1.0.0),5RWAU,4,2,A,2046,281874,,,
ABS:ABS_HH_PROV(1.0.0),5GPER,32,2,A,2021,30694,,,
ABS:ABS_HH_PROV(1.0.0),5GPER,32,2,A,2022,31125,,,
ABS:ABS_HH_PROV(1.0.0),5GPER,32,2,A,2023,31585,,,
ABS:ABS_HH_PROV(1.0.0),5GPER,32,2,A,2024,31956,,,
ABS:ABS_HH_PROV(1.0.0),5GPER,32,2,A,2025,32357,,,
ABS:ABS_HH_PROV(1.0.0),5GPER,32,2,A,2026,32822,,,
ABS:ABS_HH_PROV(1.0.0),5GPER,32,2,A,2027,33268,,,
ABS:ABS_HH_PROV(1.0.0),5GPER,32,2,A,2028,33757,,,
ABS:ABS_HH_PROV(1.0.0),5GPER,32,2,A,2029,34233,,,
ABS:ABS_HH_PROV(1.0.0),5GPER,32,2,A,2030,34724,,,
ABS:ABS_HH_PROV(1.0.0),5GPER,32,2,A,2031,35251,,,
ABS:ABS_HH_PROV(1.0.0),5GPER,32,2,A,2032,35776,,,
ABS:ABS_HH_PROV(1.0.0),5GPER,32,2,A,2033,36307,,,
ABS:ABS_HH_PROV(1.0.0),5GPER,32,2,A,2034,36789,,,
ABS:ABS_HH_PROV(1.0.0),5GPER,32,2,A,2035,37246,,,
ABS:ABS_HH_PROV(1.0.0),5GPER,32,2,A,2036,37693,,,
ABS:ABS_HH_PROV(1.0.0),5GPER,32,2,A,2037,38058,,,
ABS:ABS_HH_PROV(1.0.0),5GPER,32,2,A,2038,38375,,,
ABS:ABS_HH_PROV(1.0.0),5GPER,32,2,A,2039,38658,,,
ABS:ABS_HH_PROV(1.0.0),5GPER,32,2,A,2040,38878,,,
ABS:ABS_HH_PROV(1.0.0),5GPER,32,2,A,2041,39081,,,
ABS:ABS_HH_PROV(1.0.0),5GPER,32,2,A,2042,39251,,,
ABS:ABS_HH_PROV(1.0.0),5GPER,32,2,A,2043,39351,,,
ABS:ABS_HH_PROV(1.0.0),5GPER,32,2,A,2044,39437,,,
ABS:ABS_HH_PROV(1.0.0),5GPER,32,2,A,2045,39498,,,
ABS:ABS_HH_PROV(1.0.0),5GPER,32,2,A,2046,39529,,,
ABS:ABS_HH_PROV(1.0.0),1RNSW,1_2,3,A,2021,784255,,,
ABS:ABS_HH_PROV(1.0.0),1RNSW,1_2,3,A,2022,789722,,,
ABS:ABS_HH_PROV(1.0.0),1RNSW,1_2,3,A,2023,800527,,,
ABS:ABS_HH_PROV(1.0.0),1RNSW,1_2,3,A,2024,810638,,,
ABS:ABS_HH_PROV(1.0.0),1RNSW,1_2,3,A,2025,820761,,,
ABS:ABS_HH_PROV(1.0.0),1RNSW,1_2,3,A,2026,830398,,,
ABS:ABS_HH_PROV(1.0.0),1RNSW,1_2,3,A,2027,839309,,,
ABS:ABS_HH_PROV(1.0.0),1RNSW,1_2,3,A,2028,848451,,,
ABS:ABS_HH_PROV(1.0.0),1RNSW,1_2,3,A,2029,857749,,,
ABS:ABS_HH_PROV(1.0.0),1RNSW,1_2,3,A,2030,867352,,,
ABS:ABS_HH_PROV(1.0.0),1RNSW,1_2,3,A,2031,876922,,,
ABS:ABS_HH_PROV(1.0.0),1RNSW,1_2,3,A,2032,886329,,,
ABS:ABS_HH_PROV(1.0.0),1RNSW,1_2,3,A,2033,895855,,,
ABS:ABS_HH_PROV(1.0.0),1RNSW,1_2,3,A,2034,905466,,,
ABS:ABS_HH_PROV(1.0.0),1RNSW,1_2,3,A,2035,915191,,,
ABS:ABS_HH_PROV(1.0.0),1RNSW,1_2,3,A,2036,924828,,,
ABS:ABS_HH_PROV(1.0.0),1RNSW,1_2,3,A,2037,934438,,,
ABS:ABS_HH_PROV(1.0.0),1RNSW,1_2,3,A,2038,943890,,,
ABS:ABS_HH_PROV(1.0.0),1RNSW,1_2,3,A,2039,953306,,,
ABS:ABS_HH_PROV(1.0.0),1RNSW,1_2,3,A,2040,962652,,,
ABS:ABS_HH_PROV(1.0.0),1RNSW,1_2,3,A,2041,971982,,,
ABS:ABS_HH_PROV(1.0.0),1RNSW,1_2,3,A,2042,981258,,,
ABS:ABS_HH_PROV(1.0.0),1RNSW,1_2,3,A,2043,990238,,,
ABS:ABS_HH_PROV(1.0.0),1RNSW,1_2,3,A,2044,999126,,,
ABS:ABS_HH_PROV(1.0.0),1RNSW,1_2,3,A,2045,1007893,,,
ABS:ABS_HH_PROV(1.0.0),1RNSW,1_2,3,A,2046,1016718,,,
ABS:ABS_HH_PROV(1.0.0),2GMEL,1_2,3,A,2021,1329416,,,
ABS:ABS_HH_PROV(1.0.0),2GMEL,1_2,3,A,2022,1343856,,,
ABS:ABS_HH_PROV(1.0.0),2GMEL,1_2,3,A,2023,1376477,,,
ABS:ABS_HH_PROV(1.0.0),2GMEL,1_2,3,A,2024,1404861,,,
ABS:ABS_HH_PROV(1.0.0),2GMEL,1_2,3,A,2025,1433946,,,
ABS:ABS_HH_PROV(1.0.0),2GMEL,1_2,3,A,2026,1462827,,,
ABS:ABS_HH_PROV(1.0.0),2GMEL,1_2,3,A,2027,1490870,,,
ABS:ABS_HH_PROV(1.0.0),2GMEL,1_2,3,A,2028,1518105,,,
ABS:ABS_HH_PROV(1.0.0),2GMEL,1_2,3,A,2029,1544775,,,
ABS:ABS_HH_PROV(1.0.0),2GMEL,1_2,3,A,2030,1571207,,,
ABS:ABS_HH_PROV(1.0.0),2GMEL,1_2,3,A,2031,1596603,,,
ABS:ABS_HH_PROV(1.0.0),2GMEL,1_2,3,A,2032,1620460,,,
ABS:ABS_HH_PROV(1.0.0),2GMEL,1_2,3,A,2033,1644186,,,
ABS:ABS_HH_PROV(1.0.0),2GMEL,1_2,3,A,2034,1667849,,,
ABS:ABS_HH_PROV(1.0.0),2GMEL,1_2,3,A,2035,1691632,,,
ABS:ABS_HH_PROV(1.0.0),2GMEL,1_2,3,A,2036,1715002,,,
ABS:ABS_HH_PROV(1.0.0),2GMEL,1_2,3,A,2037,1738106,,,
ABS:ABS_HH_PROV(1.0.0),2GMEL,1_2,3,A,2038,1760861,,,
ABS:ABS_HH_PROV(1.0.0),2GMEL,1_2,3,A,2039,1783179,,,
ABS:ABS_HH_PROV(1.0.0),2GMEL,1_2,3,A,2040,1805153,,,
ABS:ABS_HH_PROV(1.0.0),2GMEL,1_2,3,A,2041,1826608,,,
ABS:ABS_HH_PROV(1.0.0),2GMEL,1_2,3,A,2042,1847511,,,
ABS:ABS_HH_PROV(1.0.0),2GMEL,1_2,3,A,2043,1867684,,,
ABS:ABS_HH_PROV(1.0.0),2GMEL,1_2,3,A,2044,1887259,,,
ABS:ABS_HH_PROV(1.0.0),2GMEL,1_2,3,A,2045,1906207,,,
ABS:ABS_HH_PROV(1.0.0),2GMEL,1_2,3,A,2046,1924799,,,
ABS:ABS_HH_PROV(1.0.0),4GADE,31,3,A,2021,160136,,,
ABS:ABS_HH_PROV(1.0.0),4GADE,31,3,A,2022,161449,,,
ABS:ABS_HH_PROV(1.0.0),4GADE,31,3,A,2023,163824,,,
ABS:ABS_HH_PROV(1.0.0),4GADE,31,3,A,2024,165825,,,
ABS:ABS_HH_PROV(1.0.0),4GADE,31,3,A,2025,167641,,,
ABS:ABS_HH_PROV(1.0.0),4GADE,31,3,A,2026,169287,,,
ABS:ABS_HH_PROV(1.0.0),4GADE,31,3,A,2027,170813,,,
ABS:ABS_HH_PROV(1.0.0),4GADE,31,3,A,2028,172162,,,
ABS:ABS_HH_PROV(1.0.0),4GADE,31,3,A,2029,173408,,,
ABS:ABS_HH_PROV(1.0.0),4GADE,31,3,A,2030,174529,,,
ABS:ABS_HH_PROV(1.0.0),4GADE,31,3,A,2031,175574,,,
ABS:ABS_HH_PROV(1.0.0),4GADE,31,3,A,2032,176573,,,
ABS:ABS_HH_PROV(1.0.0),4GADE,31,3,A,2033,177419,,,
ABS:ABS_HH_PROV(1.0.0),4GADE,31,3,A,2034,178164,,,
ABS:ABS_HH_PROV(1.0.0),4GADE,31,3,A,2035,178824,,,
ABS:ABS_HH_PROV(1.0.0),4GADE,31,3,A,2036,179428,,,
ABS:ABS_HH_PROV(1.0.0),4GADE,31,3,A,2037,179932,,,
ABS:ABS_HH_PROV(1.0.0),4GADE,31,3,A,2038,180328,,,
ABS:ABS_HH_PROV(1.0.0),4GADE,31,3,A,2039,180635,,,
ABS:ABS_HH_PROV(1.0.0),4GADE,31,3,A,2040,180874,,,
ABS:ABS_HH_PROV(1.0.0),4GADE,31,3,A,2041,181074,,,
ABS:ABS_HH_PROV(1.0.0),4GADE,31,3,A,2042,181207,,,
ABS:ABS_HH_PROV(1.0.0),4GADE,31,3,A,2043,181272,,,
ABS:ABS_HH_PROV(1.0.0),4GADE,31,3,A,2044,181319,,,
ABS:ABS_HH_PROV(1.0.0),4GADE,31,3,A,2045,181357,,,
ABS:ABS_HH_PROV(1.0.0),4GADE,31,3,A,2046,181360,,,
ABS:ABS_HH_PROV(1.0.0),4RSAU,1_2,3,A,2021,114107,,,
ABS:ABS_HH_PROV(1.0.0),4RSAU,1_2,3,A,2022,114443,,,
ABS:ABS_HH_PROV(1.0.0),4RSAU,1_2,3,A,2023,114756,,,
ABS:ABS_HH_PROV(1.0.0),4RSAU,1_2,3,A,2024,114838,,,
ABS:ABS_HH_PROV(1.0.0),4RSAU,1_2,3,A,2025,114941,,,
ABS:ABS_HH_PROV(1.0.0),4RSAU,1_2,3,A,2026,115107,,,
ABS:ABS_HH_PROV(1.0.0),4RSAU,1_2,3,A,2027,115252,,,
ABS:ABS_HH_PROV(1.0.0),4RSAU,1_2,3,A,2028,115363,,,
ABS:ABS_HH_PROV(1.0.0),4RSAU,1_2,3,A,2029,115419,,,
ABS:ABS_HH_PROV(1.0.0),4RSAU,1_2,3,A,2030,115400,,,
ABS:ABS_HH_PROV(1.0.0),4RSAU,1_2,3,A,2031,115334,,,
ABS:ABS_HH_PROV(1.0.0),4RSAU,1_2,3,A,2032,115186,,,
ABS:ABS_HH_PROV(1.0.0),4RSAU,1_2,3,A,2033,115017,,,
ABS:ABS_HH_PROV(1.0.0),4RSAU,1_2,3,A,2034,114825,,,
ABS:ABS_HH_PROV(1.0.0),4RSAU,1_2,3,A,2035,114574,,,
ABS:ABS_HH_PROV(1.0.0),4RSAU,1_2,3,A,2036,114288,,,
ABS:ABS_HH_PROV(1.0.0),4RSAU,1_2,3,A,2037,113970,,,
ABS:ABS_HH_PROV(1.0.0),4RSAU,1_2,3,A,2038,113596,,,
ABS:ABS_HH_PROV(1.0.0),4RSAU,1_2,3,A,2039,113179,,,
ABS:ABS_HH_PROV(1.0.0),4RSAU,1_2,3,A,2040,112702,,,
ABS:ABS_HH_PROV(1.0.0),4RSAU,1_2,3,A,2041,112184,,,
ABS:ABS_HH_PROV(1.0.0),4RSAU,1_2,3,A,2042,111634,,,
ABS:ABS_HH_PROV(1.0.0),4RSAU,1_2,3,A,2043,111037,,,
ABS:ABS_HH_PROV(1.0.0),4RSAU,1_2,3,A,2044,110418,,,
ABS:ABS_HH_PROV(1.0.0),4RSAU,1_2,3,A,2045,109761,,,
ABS:ABS_HH_PROV(1.0.0),4RSAU,1_2,3,A,2046,109099,,,
ABS:ABS_HH_PROV(1.0.0),5,4,3,A,2021,1053671,,,
ABS:ABS_HH_PROV(1.0.0),5,4,3,A,2022,1069050,,,
ABS:ABS_HH_PROV(1.0.0),5,4,3,A,2023,1088382,,,
ABS:ABS_HH_PROV(1.0.0),5,4,3,A,2024,1105112,,,
ABS:ABS_HH_PROV(1.0.0),5,4,3,A,2025,1121547,,,
ABS:ABS_HH_PROV(1.0.0),5,4,3,A,2026,1137376,,,
ABS:ABS_HH_PROV(1.0.0),5,4,3,A,2027,1152313,,,
ABS:ABS_HH_PROV(1.0.0),5,4,3,A,2028,1166967,,,
ABS:ABS_HH_PROV(1.0.0),5,4,3,A,2029,1181368,,,
ABS:ABS_HH_PROV(1.0.0),5,4,3,A,2030,1195628,,,
ABS:ABS_HH_PROV(1.0.0),5,4,3,A,2031,1209630,,,
ABS:ABS_HH_PROV(1.0.0),5,4,3,A,2032,1223125,,,
ABS:ABS_HH_PROV(1.0.0),5,4,3,A,2033,1236409,,,
ABS:ABS_HH_PROV(1.0.0),5,4,3,A,2034,1249335,,,
ABS:ABS_HH_PROV(1.0.0),5,4,3,A,2035,1262032,,,
ABS:ABS_HH_PROV(1.0.0),5,4,3,A,2036,1274515,,,
ABS:ABS_HH_PROV(1.0.0),5,4,3,A,2037,1286481,,,
ABS:ABS_HH_PROV(1.0.0),5,4,3,A,2038,1298001,,,
ABS:ABS_HH_PROV(1.0.0),5,4,3,A,2039,1309046,,,
ABS:ABS_HH_PROV(1.0.0),5,4,3,A,2040,1319634,,,
ABS:ABS_HH_PROV(1.0.0),5,4,3,A,2041,1329963,,,
ABS:ABS_HH_PROV(1.0.0),5,4,3,A,2042,1339706,,,
ABS:ABS_HH_PROV(1.0.0),5,4,3,A,2043,1348803,,,
ABS:ABS_HH_PROV(1.0.0),5,4,3,A,2044,1357467,,,
ABS:ABS_HH_PROV(1.0.0),5,4,3,A,2045,1365645,,,
ABS:ABS_HH_PROV(1.0.0),5,4,3,A,2046,1373569,,,
ABS:ABS_HH_PROV(1.0.0),1,1_2,3,A,2021,2181156,,,
ABS:ABS_HH_PROV(1.0.0),1,1_2,3,A,2022,2192901,,,
ABS:ABS_HH_PROV(1.0.0),1,1_2,3,A,2023,2229442,,,
ABS:ABS_HH_PROV(1.0.0),1,1_2,3,A,2024,2261075,,,
ABS:ABS_HH_PROV(1.0.0),1,1_2,3,A,2025,2293322,,,
ABS:ABS_HH_PROV(1.0.0),1,1_2,3,A,2026,2324598,,,
ABS:ABS_HH_PROV(1.0.0),1,1_2,3,A,2027,2354691,,,
ABS:ABS_HH_PROV(1.0.0),1,1_2,3,A,2028,2384229,,,
ABS:ABS_HH_PROV(1.0.0),1,1_2,3,A,2029,2413332,,,
ABS:ABS_HH_PROV(1.0.0),1,1_2,3,A,2030,2442444,,,
ABS:ABS_HH_PROV(1.0.0),1,1_2,3,A,2031,2470382,,,
ABS:ABS_HH_PROV(1.0.0),1,1_2,3,A,2032,2496685,,,
ABS:ABS_HH_PROV(1.0.0),1,1_2,3,A,2033,2522880,,,
ABS:ABS_HH_PROV(1.0.0),1,1_2,3,A,2034,2549071,,,
ABS:ABS_HH_PROV(1.0.0),1,1_2,3,A,2035,2575412,,,
ABS:ABS_HH_PROV(1.0.0),1,1_2,3,A,2036,2601205,,,
ABS:ABS_HH_PROV(1.0.0),1,1_2,3,A,2037,2626633,,,
ABS:ABS_HH_PROV(1.0.0),1,1_2,3,A,2038,2651418,,,
ABS:ABS_HH_PROV(1.0.0),1,1_2,3,A,2039,2675784,,,
ABS:ABS_HH_PROV(1.0.0),1,1_2,3,A,2040,2699743,,,
ABS:ABS_HH_PROV(1.0.0),1,1_2,3,A,2041,2723224,,,
ABS:ABS_HH_PROV(1.0.0),1,1_2,3,A,2042,2746231,,,
ABS:ABS_HH_PROV(1.0.0),1,1_2,3,A,2043,2768265,,,
ABS:ABS_HH_PROV(1.0.0),1,1_2,3,A,2044,2789769,,,
ABS:ABS_HH_PROV(1.0.0),1,1_2,3,A,2045,2810580,,,
ABS:ABS_HH_PROV(1.0.0),1,1_2,3,A,2046,2831076,,,
ABS:ABS_HH_PROV(1.0.0),3,32,3,A,2021,98049,,,
ABS:ABS_HH_PROV(1.0.0),3,32,3,A,2022,90621,,,
ABS:ABS_HH_PROV(1.0.0),3,32,3,A,2023,93203,,,
ABS:ABS_HH_PROV(1.0.0),3,32,3,A,2024,95447,,,
ABS:ABS_HH_PROV(1.0.0),3,32,3,A,2025,97560,,,
ABS:ABS_HH_PROV(1.0.0),3,32,3,A,2026,99608,,,
ABS:ABS_HH_PROV(1.0.0),3,32,3,A,2027,101609,,,
ABS:ABS_HH_PROV(1.0.0),3,32,3,A,2028,103607,,,
ABS:ABS_HH_PROV(1.0.0),3,32,3,A,2029,105527,,,
ABS:ABS_HH_PROV(1.0.0),3,32,3,A,2030,107307,,,
ABS:ABS_HH_PROV(1.0.0),3,32,3,A,2031,109024,,,
ABS:ABS_HH_PROV(1.0.0),3,32,3,A,2032,110741,,,
ABS:ABS_HH_PROV(1.0.0),3,32,3,A,2033,112458,,,
ABS:ABS_HH_PROV(1.0.0),3,32,3,A,2034,114074,,,
ABS:ABS_HH_PROV(1.0.0),3,32,3,A,2035,115540,,,
ABS:ABS_HH_PROV(1.0.0),3,32,3,A,2036,116957,,,
ABS:ABS_HH_PROV(1.0.0),3,32,3,A,2037,118258,,,
ABS:ABS_HH_PROV(1.0.0),3,32,3,A,2038,119492,,,
ABS:ABS_HH_PROV(1.0.0),3,32,3,A,2039,120685,,,
ABS:ABS_HH_PROV(1.0.0),3,32,3,A,2040,121790,,,
ABS:ABS_HH_PROV(1.0.0),3,32,3,A,2041,122903,,,
ABS:ABS_HH_PROV(1.0.0),3,32,3,A,2042,124093,,,
ABS:ABS_HH_PROV(1.0.0),3,32,3,A,2043,125200,,,
ABS:ABS_HH_PROV(1.0.0),3,32,3,A,2044,126325,,,
ABS:ABS_HH_PROV(1.0.0),3,32,3,A,2045,127459,,,
ABS:ABS_HH_PROV(1.0.0),3,32,3,A,2046,128562,,,
ABS:ABS_HH_PROV(1.0.0),1,32,2,A,2021,121406,,,
ABS:ABS_HH_PROV(1.0.0),1,32,2,A,2022,123461,,,
ABS:ABS_HH_PROV(1.0.0),1,32,2,A,2023,126841,,,
ABS:ABS_HH_PROV(1.0.0),1,32,2,A,2024,129811,,,
ABS:ABS_HH_PROV(1.0.0),1,32,2,A,2025,132868,,,
ABS:ABS_HH_PROV(1.0.0),1,32,2,A,2026,136061,,,
ABS:ABS_HH_PROV(1.0.0),1,32,2,A,2027,138718,,,
ABS:ABS_HH_PROV(1.0.0),1,32,2,A,2028,141402,,,
ABS:ABS_HH_PROV(1.0.0),1,32,2,A,2029,144003,,,
ABS:ABS_HH_PROV(1.0.0),1,32,2,A,2030,146464,,,
ABS:ABS_HH_PROV(1.0.0),1,32,2,A,2031,148875,,,
ABS:ABS_HH_PROV(1.0.0),1,32,2,A,2032,150983,,,
ABS:ABS_HH_PROV(1.0.0),1,32,2,A,2033,153047,,,
ABS:ABS_HH_PROV(1.0.0),1,32,2,A,2034,154960,,,
ABS:ABS_HH_PROV(1.0.0),1,32,2,A,2035,156691,,,
ABS:ABS_HH_PROV(1.0.0),1,32,2,A,2036,158417,,,
ABS:ABS_HH_PROV(1.0.0),1,32,2,A,2037,159624,,,
ABS:ABS_HH_PROV(1.0.0),1,32,2,A,2038,160697,,,
ABS:ABS_HH_PROV(1.0.0),1,32,2,A,2039,161725,,,
ABS:ABS_HH_PROV(1.0.0),1,32,2,A,2040,162593,,,
ABS:ABS_HH_PROV(1.0.0),1,32,2,A,2041,163495,,,
ABS:ABS_HH_PROV(1.0.0),1,32,2,A,2042,164451,,,
ABS:ABS_HH_PROV(1.0.0),1,32,2,A,2043,165243,,,
ABS:ABS_HH_PROV(1.0.0),1,32,2,A,2044,166045,,,
ABS:ABS_HH_PROV(1.0.0),1,32,2,A,2045,166820,,,
ABS:ABS_HH_PROV(1.0.0),1,32,2,A,2046,167527,,,
ABS:ABS_HH_PROV(1.0.0),6,31,1,A,2021,69094,,,
ABS:ABS_HH_PROV(1.0.0),6,31,1,A,2022,70164,,,
ABS:ABS_HH_PROV(1.0.0),6,31,1,A,2023,71285,,,
ABS:ABS_HH_PROV(1.0.0),6,31,1,A,2024,72332,,,
ABS:ABS_HH_PROV(1.0.0),6,31,1,A,2025,73345,,,
ABS:ABS_HH_PROV(1.0.0),6,31,1,A,2026,74343,,,
ABS:ABS_HH_PROV(1.0.0),6,31,1,A,2027,75375,,,
ABS:ABS_HH_PROV(1.0.0),6,31,1,A,2028,76318,,,
ABS:ABS_HH_PROV(1.0.0),6,31,1,A,2029,77218,,,
ABS:ABS_HH_PROV(1.0.0),6,31,1,A,2030,78067,,,
ABS:ABS_HH_PROV(1.0.0),6,31,1,A,2031,78881,,,
ABS:ABS_HH_PROV(1.0.0),6,31,1,A,2032,79661,,,
ABS:ABS_HH_PROV(1.0.0),6,31,1,A,2033,80366,,,
ABS:ABS_HH_PROV(1.0.0),6,31,1,A,2034,81027,,,
ABS:ABS_HH_PROV(1.0.0),6,31,1,A,2035,81638,,,
ABS:ABS_HH_PROV(1.0.0),6,31,1,A,2036,82228,,,
ABS:ABS_HH_PROV(1.0.0),6,31,1,A,2037,82762,,,
ABS:ABS_HH_PROV(1.0.0),6,31,1,A,2038,83239,,,
ABS:ABS_HH_PROV(1.0.0),6,31,1,A,2039,83684,,,
ABS:ABS_HH_PROV(1.0.0),6,31,1,A,2040,84079,,,
ABS:ABS_HH_PROV(1.0.0),6,31,1,A,2041,84466,,,
ABS:ABS_HH_PROV(1.0.0),6,31,1,A,2042,84802,,,
ABS:ABS_HH_PROV(1.0.0),6,31,1,A,2043,85092,,,
ABS:ABS_HH_PROV(1.0.0),6,31,1,A,2044,85366,,,
ABS:ABS_HH_PROV(1.0.0),6,31,1,A,2045,85606,,,
ABS:ABS_HH_PROV(1.0.0),6,31,1,A,2046,85836,,,
ABS:ABS_HH_PROV(1.0.0),1,32,1,A,2021,121406,,,
ABS:ABS_HH_PROV(1.0.0),1,32,1,A,2022,122091,,,
ABS:ABS_HH_PROV(1.0.0),1,32,1,A,2023,124076,,,
ABS:ABS_HH_PROV(1.0.0),1,32,1,A,2024,125637,,,
ABS:ABS_HH_PROV(1.0.0),1,32,1,A,2025,127259,,,
ABS:ABS_HH_PROV(1.0.0),1,32,1,A,2026,128995,,,
ABS:ABS_HH_PROV(1.0.0),1,32,1,A,2027,130886,,,
ABS:ABS_HH_PROV(1.0.0),1,32,1,A,2028,132785,,,
ABS:ABS_HH_PROV(1.0.0),1,32,1,A,2029,134577,,,
ABS:ABS_HH_PROV(1.0.0),1,32,1,A,2030,136215,,,
ABS:ABS_HH_PROV(1.0.0),1,32,1,A,2031,137771,,,
ABS:ABS_HH_PROV(1.0.0),1,32,1,A,2032,139349,,,
ABS:ABS_HH_PROV(1.0.0),1,32,1,A,2033,140866,,,
ABS:ABS_HH_PROV(1.0.0),1,32,1,A,2034,142235,,,
ABS:ABS_HH_PROV(1.0.0),1,32,1,A,2035,143430,,,
ABS:ABS_HH_PROV(1.0.0),1,32,1,A,2036,144622,,,
ABS:ABS_HH_PROV(1.0.0),1,32,1,A,2037,145687,,,
ABS:ABS_HH_PROV(1.0.0),1,32,1,A,2038,146622,,,
ABS:ABS_HH_PROV(1.0.0),1,32,1,A,2039,147527,,,
ABS:ABS_HH_PROV(1.0.0),1,32,1,A,2040,148291,,,
ABS:ABS_HH_PROV(1.0.0),1,32,1,A,2041,149082,,,
ABS:ABS_HH_PROV(1.0.0),1,32,1,A,2042,149942,,,
ABS:ABS_HH_PROV(1.0.0),1,32,1,A,2043,150655,,,
ABS:ABS_HH_PROV(1.0.0),1,32,1,A,2044,151375,,,
ABS:ABS_HH_PROV(1.0.0),1,32,1,A,2045,152077,,,
ABS:ABS_HH_PROV(1.0.0),1,32,1,A,2046,152715,,,
ABS:ABS_HH_PROV(1.0.0),2,31,2,A,2021,669137,,,
ABS:ABS_HH_PROV(1.0.0),2,31,2,A,2022,678137,,,
ABS:ABS_HH_PROV(1.0.0),2,31,2,A,2023,693561,,,
ABS:ABS_HH_PROV(1.0.0),2,31,2,A,2024,707651,,,
ABS:ABS_HH_PROV(1.0.0),2,31,2,A,2025,722074,,,
ABS:ABS_HH_PROV(1.0.0),2,31,2,A,2026,737153,,,
ABS:ABS_HH_PROV(1.0.0),2,31,2,A,2027,753693,,,
ABS:ABS_HH_PROV(1.0.0),2,31,2,A,2028,769799,,,
ABS:ABS_HH_PROV(1.0.0),2,31,2,A,2029,785685,,,
ABS:ABS_HH_PROV(1.0.0),2,31,2,A,2030,801267,,,
ABS:ABS_HH_PROV(1.0.0),2,31,2,A,2031,816703,,,
ABS:ABS_HH_PROV(1.0.0),2,31,2,A,2032,832805,,,
ABS:ABS_HH_PROV(1.0.0),2,31,2,A,2033,848605,,,
ABS:ABS_HH_PROV(1.0.0),2,31,2,A,2034,864046,,,
ABS:ABS_HH_PROV(1.0.0),2,31,2,A,2035,879273,,,
ABS:ABS_HH_PROV(1.0.0),2,31,2,A,2036,894457,,,
ABS:ABS_HH_PROV(1.0.0),2,31,2,A,2037,910189,,,
ABS:ABS_HH_PROV(1.0.0),2,31,2,A,2038,925691,,,
ABS:ABS_HH_PROV(1.0.0),2,31,2,A,2039,940909,,,
ABS:ABS_HH_PROV(1.0.0),2,31,2,A,2040,955888,,,
ABS:ABS_HH_PROV(1.0.0),2,31,2,A,2041,970866,,,
ABS:ABS_HH_PROV(1.0.0),2,31,2,A,2042,985527,,,
ABS:ABS_HH_PROV(1.0.0),2,31,2,A,2043,999895,,,
ABS:ABS_HH_PROV(1.0.0),2,31,2,A,2044,1014123,,,
ABS:ABS_HH_PROV(1.0.0),2,31,2,A,2045,1028180,,,
ABS:ABS_HH_PROV(1.0.0),2,31,2,A,2046,1042200,,,
ABS:ABS_HH_PROV(1.0.0),8,1_2,1,A,2021,121665,,,
ABS:ABS_HH_PROV(1.0.0),8,1_2,1,A,2022,122031,,,
ABS:ABS_HH_PROV(1.0.0),8,1_2,1,A,2023,124564,,,
ABS:ABS_HH_PROV(1.0.0),8,1_2,1,A,2024,126894,,,
ABS:ABS_HH_PROV(1.0.0),8,1_2,1,A,2025,129236,,,
ABS:ABS_HH_PROV(1.0.0),8,1_2,1,A,2026,131599,,,
ABS:ABS_HH_PROV(1.0.0),8,1_2,1,A,2027,133998,,,
ABS:ABS_HH_PROV(1.0.0),8,1_2,1,A,2028,136319,,,
ABS:ABS_HH_PROV(1.0.0),8,1_2,1,A,2029,138582,,,
ABS:ABS_HH_PROV(1.0.0),8,1_2,1,A,2030,140804,,,
ABS:ABS_HH_PROV(1.0.0),8,1_2,1,A,2031,142941,,,
ABS:ABS_HH_PROV(1.0.0),8,1_2,1,A,2032,144966,,,
ABS:ABS_HH_PROV(1.0.0),8,1_2,1,A,2033,146924,,,
ABS:ABS_HH_PROV(1.0.0),8,1_2,1,A,2034,148907,,,
ABS:ABS_HH_PROV(1.0.0),8,1_2,1,A,2035,150923,,,
ABS:ABS_HH_PROV(1.0.0),8,1_2,1,A,2036,152894,,,
ABS:ABS_HH_PROV(1.0.0),8,1_2,1,A,2037,154847,,,
ABS:ABS_HH_PROV(1.0.0),8,1_2,1,A,2038,156771,,,
ABS:ABS_HH_PROV(1.0.0),8,1_2,1,A,2039,158670,,,
ABS:ABS_HH_PROV(1.0.0),8,1_2,1,A,2040,160554,,,
ABS:ABS_HH_PROV(1.0.0),8,1_2,1,A,2041,162407,,,
ABS:ABS_HH_PROV(1.0.0),8,1_2,1,A,2042,164215,,,
ABS:ABS_HH_PROV(1.0.0),8,1_2,1,A,2043,165961,,,
ABS:ABS_HH_PROV(1.0.0),8,1_2,1,A,2044,167679,,,
ABS:ABS_HH_PROV(1.0.0),8,1_2,1,A,2045,169342,,,
ABS:ABS_HH_PROV(1.0.0),8,1_2,1,A,2046,170987,,,
ABS:ABS_HH_PROV(1.0.0),6,31,3,A,2021,69094,,,
ABS:ABS_HH_PROV(1.0.0),6,31,3,A,2022,70001,,,
ABS:ABS_HH_PROV(1.0.0),6,31,3,A,2023,70935,,,
ABS:ABS_HH_PROV(1.0.0),6,31,3,A,2024,71774,,,
ABS:ABS_HH_PROV(1.0.0),6,31,3,A,2025,72551,,,
ABS:ABS_HH_PROV(1.0.0),6,31,3,A,2026,73292,,,
ABS:ABS_HH_PROV(1.0.0),6,31,3,A,2027,74043,,,
ABS:ABS_HH_PROV(1.0.0),6,31,3,A,2028,74682,,,
ABS:ABS_HH_PROV(1.0.0),6,31,3,A,2029,75267,,,
ABS:ABS_HH_PROV(1.0.0),6,31,3,A,2030,75783,,,
ABS:ABS_HH_PROV(1.0.0),6,31,3,A,2031,76241,,,
ABS:ABS_HH_PROV(1.0.0),6,31,3,A,2032,76672,,,
ABS:ABS_HH_PROV(1.0.0),6,31,3,A,2033,77013,,,
ABS:ABS_HH_PROV(1.0.0),6,31,3,A,2034,77292,,,
ABS:ABS_HH_PROV(1.0.0),6,31,3,A,2035,77526,,,
ABS:ABS_HH_PROV(1.0.0),6,31,3,A,2036,77738,,,
ABS:ABS_HH_PROV(1.0.0),6,31,3,A,2037,77891,,,
ABS:ABS_HH_PROV(1.0.0),6,31,3,A,2038,77993,,,
ABS:ABS_HH_PROV(1.0.0),6,31,3,A,2039,78059,,,
ABS:ABS_HH_PROV(1.0.0),6,31,3,A,2040,78095,,,
ABS:ABS_HH_PROV(1.0.0),6,31,3,A,2041,78122,,,
ABS:ABS_HH_PROV(1.0.0),6,31,3,A,2042,78112,,,
ABS:ABS_HH_PROV(1.0.0),6,31,3,A,2043,78071,,,
ABS:ABS_HH_PROV(1.0.0),6,31,3,A,2044,78023,,,
ABS:ABS_HH_PROV(1.0.0),6,31,3,A,2045,77967,,,
ABS:ABS_HH_PROV(1.0.0),6,31,3,A,2046,77906,,,
ABS:ABS_HH_PROV(1.0.0),7,31,3,A,2021,17977,,,
ABS:ABS_HH_PROV(1.0.0),7,31,3,A,2022,18109,,,
ABS:ABS_HH_PROV(1.0.0),7,31,3,A,2023,18472,,,
ABS:ABS_HH_PROV(1.0.0),7,31,3,A,2024,18726,,,
ABS:ABS_HH_PROV(1.0.0),7,31,3,A,2025,18970,,,
ABS:ABS_HH_PROV(1.0.0),7,31,3,A,2026,19209,,,
ABS:ABS_HH_PROV(1.0.0),7,31,3,A,2027,19450,,,
ABS:ABS_HH_PROV(1.0.0),7,31,3,A,2028,19682,,,
ABS:ABS_HH_PROV(1.0.0),7,31,3,A,2029,19879,,,
ABS:ABS_HH_PROV(1.0.0),7,31,3,A,2030,20071,,,
ABS:ABS_HH_PROV(1.0.0),7,31,3,A,2031,20235,,,
ABS:ABS_HH_PROV(1.0.0),7,31,3,A,2032,20388,,,
ABS:ABS_HH_PROV(1.0.0),7,31,3,A,2033,20531,,,
ABS:ABS_HH_PROV(1.0.0),7,31,3,A,2034,20665,,,
ABS:ABS_HH_PROV(1.0.0),7,31,3,A,2035,20787,,,
ABS:ABS_HH_PROV(1.0.0),7,31,3,A,2036,20902,,,
ABS:ABS_HH_PROV(1.0.0),7,31,3,A,2037,21004,,,
ABS:ABS_HH_PROV(1.0.0),7,31,3,A,2038,21096,,,
ABS:ABS_HH_PROV(1.0.0),7,31,3,A,2039,21180,,,
ABS:ABS_HH_PROV(1.0.0),7,31,3,A,2040,21251,,,
ABS:ABS_HH_PROV(1.0.0),7,31,3,A,2041,21331,,,
ABS:ABS_HH_PROV(1.0.0),7,31,3,A,2042,21400,,,
ABS:ABS_HH_PROV(1.0.0),7,31,3,A,2043,21453,,,
ABS:ABS_HH_PROV(1.0.0),7,31,3,A,2044,21504,,,
ABS:ABS_HH_PROV(1.0.0),7,31,3,A,2045,21544,,,
ABS:ABS_HH_PROV(1.0.0),7,31,3,A,2046,21584,,,
ABS:ABS_HH_PROV(1.0.0),8,1_2,3,A,2021,121665,,,
ABS:ABS_HH_PROV(1.0.0),8,1_2,3,A,2022,121765,,,
ABS:ABS_HH_PROV(1.0.0),8,1_2,3,A,2023,124042,,,
ABS:ABS_HH_PROV(1.0.0),8,1_2,3,A,2024,126132,,,
ABS:ABS_HH_PROV(1.0.0),8,1_2,3,A,2025,128239,,,
ABS:ABS_HH_PROV(1.0.0),8,1_2,3,A,2026,130379,,,
ABS:ABS_HH_PROV(1.0.0),8,1_2,3,A,2027,132558,,,
ABS:ABS_HH_PROV(1.0.0),8,1_2,3,A,2028,134663,,,
ABS:ABS_HH_PROV(1.0.0),8,1_2,3,A,2029,136707,,,
ABS:ABS_HH_PROV(1.0.0),8,1_2,3,A,2030,138719,,,
ABS:ABS_HH_PROV(1.0.0),8,1_2,3,A,2031,140642,,,
ABS:ABS_HH_PROV(1.0.0),8,1_2,3,A,2032,142450,,,
ABS:ABS_HH_PROV(1.0.0),8,1_2,3,A,2033,144184,,,
ABS:ABS_HH_PROV(1.0.0),8,1_2,3,A,2034,145944,,,
ABS:ABS_HH_PROV(1.0.0),8,1_2,3,A,2035,147737,,,
ABS:ABS_HH_PROV(1.0.0),8,1_2,3,A,2036,149490,,,
ABS:ABS_HH_PROV(1.0.0),8,1_2,3,A,2037,151220,,,
ABS:ABS_HH_PROV(1.0.0),8,1_2,3,A,2038,152923,,,
ABS:ABS_HH_PROV(1.0.0),8,1_2,3,A,2039,154601,,,
ABS:ABS_HH_PROV(1.0.0),8,1_2,3,A,2040,156269,,,
ABS:ABS_HH_PROV(1.0.0),8,1_2,3,A,2041,157916,,,
ABS:ABS_HH_PROV(1.0.0),8,1_2,3,A,2042,159510,,,
ABS:ABS_HH_PROV(1.0.0),8,1_2,3,A,2043,161035,,,
ABS:ABS_HH_PROV(1.0.0),8,1_2,3,A,2044,162518,,,
ABS:ABS_HH_PROV(1.0.0),8,1_2,3,A,2045,163942,,,
ABS:ABS_HH_PROV(1.0.0),8,1_2,3,A,2046,165331,,,
ABS:ABS_HH_PROV(1.0.0),7,4,1,A,2021,80140,,,
ABS:ABS_HH_PROV(1.0.0),7,4,1,A,2022,81065,,,
ABS:ABS_HH_PROV(1.0.0),7,4,1,A,2023,82942,,,
ABS:ABS_HH_PROV(1.0.0),7,4,1,A,2024,84315,,,
ABS:ABS_HH_PROV(1.0.0),7,4,1,A,2025,85696,,,
ABS:ABS_HH_PROV(1.0.0),7,4,1,A,2026,87074,,,
ABS:ABS_HH_PROV(1.0.0),7,4,1,A,2027,88469,,,
ABS:ABS_HH_PROV(1.0.0),7,4,1,A,2028,89850,,,
ABS:ABS_HH_PROV(1.0.0),7,4,1,A,2029,91100,,,
ABS:ABS_HH_PROV(1.0.0),7,4,1,A,2030,92333,,,
ABS:ABS_HH_PROV(1.0.0),7,4,1,A,2031,93443,,,
ABS:ABS_HH_PROV(1.0.0),7,4,1,A,2032,94512,,,
ABS:ABS_HH_PROV(1.0.0),7,4,1,A,2033,95565,,,
ABS:ABS_HH_PROV(1.0.0),7,4,1,A,2034,96606,,,
ABS:ABS_HH_PROV(1.0.0),7,4,1,A,2035,97634,,,
ABS:ABS_HH_PROV(1.0.0),7,4,1,A,2036,98651,,,
ABS:ABS_HH_PROV(1.0.0),7,4,1,A,2037,99644,,,
ABS:ABS_HH_PROV(1.0.0),7,4,1,A,2038,100608,,,
ABS:ABS_HH_PROV(1.0.0),7,4,1,A,2039,101550,,,
ABS:ABS_HH_PROV(1.0.0),7,4,1,A,2040,102472,,,
ABS:ABS_HH_PROV(1.0.0),7,4,1,A,2041,103379,,,
ABS:ABS_HH_PROV(1.0.0),7,4,1,A,2042,104276,,,
ABS:ABS_HH_PROV(1.0.0),7,4,1,A,2043,105133,,,
ABS:ABS_HH_PROV(1.0.0),7,4,1,A,2044,105977,,,
ABS:ABS_HH_PROV(1.0.0),7,4,1,A,2045,106808,,,
ABS:ABS_HH_PROV(1.0.0),7,4,1,A,2046,107629,,,
ABS:ABS_HH_PROV(1.0.0),5,4,2,A,2021,1053671,,,
ABS:ABS_HH_PROV(1.0.0),5,4,2,A,2022,1069050,,,
ABS:ABS_HH_PROV(1.0.0),5,4,2,A,2023,1088382,,,
ABS:ABS_HH_PROV(1.0.0),5,4,2,A,2024,1105112,,,
ABS:ABS_HH_PROV(1.0.0),5,4,2,A,2025,1121547,,,
ABS:ABS_HH_PROV(1.0.0),5,4,2,A,2026,1137376,,,
ABS:ABS_HH_PROV(1.0.0),5,4,2,A,2027,1153811,,,
ABS:ABS_HH_PROV(1.0.0),5,4,2,A,2028,1169994,,,
ABS:ABS_HH_PROV(1.0.0),5,4,2,A,2029,1185954,,,
ABS:ABS_HH_PROV(1.0.0),5,4,2,A,2030,1201804,,,
ABS:ABS_HH_PROV(1.0.0),5,4,2,A,2031,1217429,,,
ABS:ABS_HH_PROV(1.0.0),5,4,2,A,2032,1233336,,,
ABS:ABS_HH_PROV(1.0.0),5,4,2,A,2033,1249073,,,
ABS:ABS_HH_PROV(1.0.0),5,4,2,A,2034,1264493,,,
ABS:ABS_HH_PROV(1.0.0),5,4,2,A,2035,1279724,,,
ABS:ABS_HH_PROV(1.0.0),5,4,2,A,2036,1294778,,,
ABS:ABS_HH_PROV(1.0.0),5,4,2,A,2037,1310163,,,
ABS:ABS_HH_PROV(1.0.0),5,4,2,A,2038,1325127,,,
ABS:ABS_HH_PROV(1.0.0),5,4,2,A,2039,1339650,,,
ABS:ABS_HH_PROV(1.0.0),5,4,2,A,2040,1353711,,,
ABS:ABS_HH_PROV(1.0.0),5,4,2,A,2041,1367545,,,
ABS:ABS_HH_PROV(1.0.0),5,4,2,A,2042,1380838,,,
ABS:ABS_HH_PROV(1.0.0),5,4,2,A,2043,1393484,,,
ABS:ABS_HH_PROV(1.0.0),5,4,2,A,2044,1405722,,,
ABS:ABS_HH_PROV(1.0.0),5,4,2,A,2045,1417487,,,
ABS:ABS_HH_PROV(1.0.0),5,4,2,A,2046,1429019,,,
ABS:ABS_HH_PROV(1.0.0),1RNSW,32,1,A,2021,38471,,,
ABS:ABS_HH_PROV(1.0.0),1RNSW,32,1,A,2022,38525,,,
ABS:ABS_HH_PROV(1.0.0),1RNSW,32,1,A,2023,39709,,,
ABS:ABS_HH_PROV(1.0.0),1RNSW,32,1,A,2024,40759,,,
ABS:ABS_HH_PROV(1.0.0),1RNSW,32,1,A,2025,41721,,,
ABS:ABS_HH_PROV(1.0.0),1RNSW,32,1,A,2026,42605,,,
ABS:ABS_HH_PROV(1.0.0),1RNSW,32,1,A,2027,43428,,,
ABS:ABS_HH_PROV(1.0.0),1RNSW,32,1,A,2028,44191,,,
ABS:ABS_HH_PROV(1.0.0),1RNSW,32,1,A,2029,44857,,,
ABS:ABS_HH_PROV(1.0.0),1RNSW,32,1,A,2030,45447,,,
ABS:ABS_HH_PROV(1.0.0),1RNSW,32,1,A,2031,45960,,,
ABS:ABS_HH_PROV(1.0.0),1RNSW,32,1,A,2032,46427,,,
ABS:ABS_HH_PROV(1.0.0),1RNSW,32,1,A,2033,46868,,,
ABS:ABS_HH_PROV(1.0.0),1RNSW,32,1,A,2034,47256,,,
ABS:ABS_HH_PROV(1.0.0),1RNSW,32,1,A,2035,47600,,,
ABS:ABS_HH_PROV(1.0.0),1RNSW,32,1,A,2036,47951,,,
ABS:ABS_HH_PROV(1.0.0),1RNSW,32,1,A,2037,48243,,,
ABS:ABS_HH_PROV(1.0.0),1RNSW,32,1,A,2038,48514,,,
ABS:ABS_HH_PROV(1.0.0),1RNSW,32,1,A,2039,48798,,,
ABS:ABS_HH_PROV(1.0.0),1RNSW,32,1,A,2040,49085,,,
ABS:ABS_HH_PROV(1.0.0),1RNSW,32,1,A,2041,49411,,,
ABS:ABS_HH_PROV(1.0.0),1RNSW,32,1,A,2042,49797,,,
ABS:ABS_HH_PROV(1.0.0),1RNSW,32,1,A,2043,50137,,,
ABS:ABS_HH_PROV(1.0.0),1RNSW,32,1,A,2044,50519,,,
ABS:ABS_HH_PROV(1.0.0),1RNSW,32,1,A,2045,50944,,,
ABS:ABS_HH_PROV(1.0.0),1RNSW,32,1,A,2046,51374,,,
ABS:ABS_HH_PROV(1.0.0),4RSAU,32,1,A,2021,4210,,,
ABS:ABS_HH_PROV(1.0.0),4RSAU,32,1,A,2022,4200,,,
ABS:ABS_HH_PROV(1.0.0),4RSAU,32,1,A,2023,4215,,,
ABS:ABS_HH_PROV(1.0.0),4RSAU,32,1,A,2024,4213,,,
ABS:ABS_HH_PROV(1.0.0),4RSAU,32,1,A,2025,4210,,,
ABS:ABS_HH_PROV(1.0.0),4RSAU,32,1,A,2026,4210,,,
ABS:ABS_HH_PROV(1.0.0),4RSAU,32,1,A,2027,4215,,,
ABS:ABS_HH_PROV(1.0.0),4RSAU,32,1,A,2028,4216,,,
ABS:ABS_HH_PROV(1.0.0),4RSAU,32,1,A,2029,4217,,,
ABS:ABS_HH_PROV(1.0.0),4RSAU,32,1,A,2030,4213,,,
ABS:ABS_HH_PROV(1.0.0),4RSAU,32,1,A,2031,4203,,,
ABS:ABS_HH_PROV(1.0.0),4RSAU,32,1,A,2032,4194,,,
ABS:ABS_HH_PROV(1.0.0),4RSAU,32,1,A,2033,4181,,,
ABS:ABS_HH_PROV(1.0.0),4RSAU,32,1,A,2034,4169,,,
ABS:ABS_HH_PROV(1.0.0),4RSAU,32,1,A,2035,4151,,,
ABS:ABS_HH_PROV(1.0.0),4RSAU,32,1,A,2036,4133,,,
ABS:ABS_HH_PROV(1.0.0),4RSAU,32,1,A,2037,4109,,,
ABS:ABS_HH_PROV(1.0.0),4RSAU,32,1,A,2038,4085,,,
ABS:ABS_HH_PROV(1.0.0),4RSAU,32,1,A,2039,4060,,,
ABS:ABS_HH_PROV(1.0.0),4RSAU,32,1,A,2040,4031,,,
ABS:ABS_HH_PROV(1.0.0),4RSAU,32,1,A,2041,4005,,,
ABS:ABS_HH_PROV(1.0.0),4RSAU,32,1,A,2042,3977,,,
ABS:ABS_HH_PROV(1.0.0),4RSAU,32,1,A,2043,3948,,,
ABS:ABS_HH_PROV(1.0.0),4RSAU,32,1,A,2044,3919,,,
ABS:ABS_HH_PROV(1.0.0),4RSAU,32,1,A,2045,3892,,,
ABS:ABS_HH_PROV(1.0.0),4RSAU,32,1,A,2046,3863,,,
ABS:ABS_HH_PROV(1.0.0),7RNTE,32,1,A,2021,1181,,,
ABS:ABS_HH_PROV(1.0.0),7RNTE,32,1,A,2022,1201,,,
ABS:ABS_HH_PROV(1.0.0),7RNTE,32,1,A,2023,1219,,,
ABS:ABS_HH_PROV(1.0.0),7RNTE,32,1,A,2024,1226,,,
ABS:ABS_HH_PROV(1.0.0),7RNTE,32,1,A,2025,1236,,,
ABS:ABS_HH_PROV(1.0.0),7RNTE,32,1,A,2026,1248,,,
ABS:ABS_HH_PROV(1.0.0),7RNTE,32,1,A,2027,1263,,,
ABS:ABS_HH_PROV(1.0.0),7RNTE,32,1,A,2028,1277,,,
ABS:ABS_HH_PROV(1.0.0),7RNTE,32,1,A,2029,1291,,,
ABS:ABS_HH_PROV(1.0.0),7RNTE,32,1,A,2030,1305,,,
ABS:ABS_HH_PROV(1.0.0),7RNTE,32,1,A,2031,1318,,,
ABS:ABS_HH_PROV(1.0.0),7RNTE,32,1,A,2032,1331,,,
ABS:ABS_HH_PROV(1.0.0),7RNTE,32,1,A,2033,1344,,,
ABS:ABS_HH_PROV(1.0.0),7RNTE,32,1,A,2034,1355,,,
ABS:ABS_HH_PROV(1.0.0),7RNTE,32,1,A,2035,1366,,,
ABS:ABS_HH_PROV(1.0.0),7RNTE,32,1,A,2036,1376,,,
ABS:ABS_HH_PROV(1.0.0),7RNTE,32,1,A,2037,1386,,,
ABS:ABS_HH_PROV(1.0.0),7RNTE,32,1,A,2038,1394,,,
ABS:ABS_HH_PROV(1.0.0),7RNTE,32,1,A,2039,1402,,,
ABS:ABS_HH_PROV(1.0.0),7RNTE,32,1,A,2040,1410,,,
ABS:ABS_HH_PROV(1.0.0),7RNTE,32,1,A,2041,1416,,,
ABS:ABS_HH_PROV(1.0.0),7RNTE,32,1,A,2042,1421,,,
ABS:ABS_HH_PROV(1.0.0),7RNTE,32,1,A,2043,1426,,,
ABS:ABS_HH_PROV(1.0.0),7RNTE,32,1,A,2044,1434,,,
ABS:ABS_HH_PROV(1.0.0),7RNTE,32,1,A,2045,1440,,,
ABS:ABS_HH_PROV(1.0.0),7RNTE,32,1,A,2046,1446,,,
ABS:ABS_HH_PROV(1.0.0),7GDAR,4,1,A,2021,52621,,,
ABS:ABS_HH_PROV(1.0.0),7GDAR,4,1,A,2022,53019,,,
ABS:ABS_HH_PROV(1.0.0),7GDAR,4,1,A,2023,54303,,,
ABS:ABS_HH_PROV(1.0.0),7GDAR,4,1,A,2024,55275,,,
ABS:ABS_HH_PROV(1.0.0),7GDAR,4,1,A,2025,56267,,,
ABS:ABS_HH_PROV(1.0.0),7GDAR,4,1,A,2026,57199,,,
ABS:ABS_HH_PROV(1.0.0),7GDAR,4,1,A,2027,58151,,,
ABS:ABS_HH_PROV(1.0.0),7GDAR,4,1,A,2028,59093,,,
ABS:ABS_HH_PROV(1.0.0),7GDAR,4,1,A,2029,59939,,,
ABS:ABS_HH_PROV(1.0.0),7GDAR,4,1,A,2030,60771,,,
ABS:ABS_HH_PROV(1.0.0),7GDAR,4,1,A,2031,61518,,,
ABS:ABS_HH_PROV(1.0.0),7GDAR,4,1,A,2032,62241,,,
ABS:ABS_HH_PROV(1.0.0),7GDAR,4,1,A,2033,62959,,,
ABS:ABS_HH_PROV(1.0.0),7GDAR,4,1,A,2034,63672,,,
ABS:ABS_HH_PROV(1.0.0),7GDAR,4,1,A,2035,64383,,,
ABS:ABS_HH_PROV(1.0.0),7GDAR,4,1,A,2036,65078,,,
ABS:ABS_HH_PROV(1.0.0),7GDAR,4,1,A,2037,65770,,,
ABS:ABS_HH_PROV(1.0.0),7GDAR,4,1,A,2038,66446,,,
ABS:ABS_HH_PROV(1.0.0),7GDAR,4,1,A,2039,67106,,,
ABS:ABS_HH_PROV(1.0.0),7GDAR,4,1,A,2040,67758,,,
ABS:ABS_HH_PROV(1.0.0),7GDAR,4,1,A,2041,68399,,,
ABS:ABS_HH_PROV(1.0.0),7GDAR,4,1,A,2042,69039,,,
ABS:ABS_HH_PROV(1.0.0),7GDAR,4,1,A,2043,69649,,,
ABS:ABS_HH_PROV(1.0.0),7GDAR,4,1,A,2044,70248,,,
ABS:ABS_HH_PROV(1.0.0),7GDAR,4,1,A,2045,70842,,,
ABS:ABS_HH_PROV(1.0.0),7GDAR,4,1,A,2046,71428,,,
ABS:ABS_HH_PROV(1.0.0),5RWAU,4,3,A,2021,221512,,,
ABS:ABS_HH_PROV(1.0.0),5RWAU,4,3,A,2022,224164,,,
ABS:ABS_HH_PROV(1.0.0),5RWAU,4,3,A,2023,225227,,,
ABS:ABS_HH_PROV(1.0.0),5RWAU,4,3,A,2024,226117,,,
ABS:ABS_HH_PROV(1.0.0),5RWAU,4,3,A,2025,227358,,,
ABS:ABS_HH_PROV(1.0.0),5RWAU,4,3,A,2026,228800,,,
ABS:ABS_HH_PROV(1.0.0),5RWAU,4,3,A,2027,230309,,,
ABS:ABS_HH_PROV(1.0.0),5RWAU,4,3,A,2028,231889,,,
ABS:ABS_HH_PROV(1.0.0),5RWAU,4,3,A,2029,233579,,,
ABS:ABS_HH_PROV(1.0.0),5RWAU,4,3,A,2030,235407,,,
ABS:ABS_HH_PROV(1.0.0),5RWAU,4,3,A,2031,237305,,,
ABS:ABS_HH_PROV(1.0.0),5RWAU,4,3,A,2032,239268,,,
ABS:ABS_HH_PROV(1.0.0),5RWAU,4,3,A,2033,241290,,,
ABS:ABS_HH_PROV(1.0.0),5RWAU,4,3,A,2034,243393,,,
ABS:ABS_HH_PROV(1.0.0),5RWAU,4,3,A,2035,245569,,,
ABS:ABS_HH_PROV(1.0.0),5RWAU,4,3,A,2036,247799,,,
ABS:ABS_HH_PROV(1.0.0),5RWAU,4,3,A,2037,250025,,,
ABS:ABS_HH_PROV(1.0.0),5RWAU,4,3,A,2038,252269,,,
ABS:ABS_HH_PROV(1.0.0),5RWAU,4,3,A,2039,254578,,,
ABS:ABS_HH_PROV(1.0.0),5RWAU,4,3,A,2040,256926,,,
ABS:ABS_HH_PROV(1.0.0),5RWAU,4,3,A,2041,259334,,,
ABS:ABS_HH_PROV(1.0.0),5RWAU,4,3,A,2042,261783,,,
ABS:ABS_HH_PROV(1.0.0),5RWAU,4,3,A,2043,264234,,,
ABS:ABS_HH_PROV(1.0.0),5RWAU,4,3,A,2044,266754,,,
ABS:ABS_HH_PROV(1.0.0),5RWAU,4,3,A,2045,269330,,,
ABS:ABS_HH_PROV(1.0.0),5RWAU,4,3,A,2046,271962,,,
ABS:ABS_HH_PROV(1.0.0),8ACTE,1_2,2,A,2021,121665,,,
ABS:ABS_HH_PROV(1.0.0),8ACTE,1_2,2,A,2022,121765,,,
ABS:ABS_HH_PROV(1.0.0),8ACTE,1_2,2,A,2023,124042,,,
ABS:ABS_HH_PROV(1.0.0),8ACTE,1_2,2,A,2024,126132,,,
ABS:ABS_HH_PROV(1.0.0),8ACTE,1_2,2,A,2025,128239,,,
ABS:ABS_HH_PROV(1.0.0),8ACTE,1_2,2,A,2026,130379,,,
ABS:ABS_HH_PROV(1.0.0),8ACTE,1_2,2,A,2027,132666,,,
ABS:ABS_HH_PROV(1.0.0),8ACTE,1_2,2,A,2028,134874,,,
ABS:ABS_HH_PROV(1.0.0),8ACTE,1_2,2,A,2029,137026,,,
ABS:ABS_HH_PROV(1.0.0),8ACTE,1_2,2,A,2030,139137,,,
ABS:ABS_HH_PROV(1.0.0),8ACTE,1_2,2,A,2031,141161,,,
ABS:ABS_HH_PROV(1.0.0),8ACTE,1_2,2,A,2032,143126,,,
ABS:ABS_HH_PROV(1.0.0),8ACTE,1_2,2,A,2033,145014,,,
ABS:ABS_HH_PROV(1.0.0),8ACTE,1_2,2,A,2034,146929,,,
ABS:ABS_HH_PROV(1.0.0),8ACTE,1_2,2,A,2035,148875,,,
ABS:ABS_HH_PROV(1.0.0),8ACTE,1_2,2,A,2036,150784,,,
ABS:ABS_HH_PROV(1.0.0),8ACTE,1_2,2,A,2037,152720,,,
ABS:ABS_HH_PROV(1.0.0),8ACTE,1_2,2,A,2038,154634,,,
ABS:ABS_HH_PROV(1.0.0),8ACTE,1_2,2,A,2039,156517,,,
ABS:ABS_HH_PROV(1.0.0),8ACTE,1_2,2,A,2040,158396,,,
ABS:ABS_HH_PROV(1.0.0),8ACTE,1_2,2,A,2041,160248,,,
ABS:ABS_HH_PROV(1.0.0),8ACTE,1_2,2,A,2042,162050,,,
ABS:ABS_HH_PROV(1.0.0),8ACTE,1_2,2,A,2043,163793,,,
ABS:ABS_HH_PROV(1.0.0),8ACTE,1_2,2,A,2044,165502,,,
ABS:ABS_HH_PROV(1.0.0),8ACTE,1_2,2,A,2045,167154,,,
ABS:ABS_HH_PROV(1.0.0),8ACTE,1_2,2,A,2046,168787,,,
ABS:ABS_HH_PROV(1.0.0),2RVIC,31,3,A,2021,199541,,,
ABS:ABS_HH_PROV(1.0.0),2RVIC,31,3,A,2022,203015,,,
ABS:ABS_HH_PROV(1.0.0),2RVIC,31,3,A,2023,203738,,,
ABS:ABS_HH_PROV(1.0.0),2RVIC,31,3,A,2024,204509,,,
ABS:ABS_HH_PROV(1.0.0),2RVIC,31,3,A,2025,205468,,,
ABS:ABS_HH_PROV(1.0.0),2RVIC,31,3,A,2026,207006,,,
ABS:ABS_HH_PROV(1.0.0),2RVIC,31,3,A,2027,208748,,,
ABS:ABS_HH_PROV(1.0.0),2RVIC,31,3,A,2028,210414,,,
ABS:ABS_HH_PROV(1.0.0),2RVIC,31,3,A,2029,212110,,,
ABS:ABS_HH_PROV(1.0.0),2RVIC,31,3,A,2030,213811,,,
ABS:ABS_HH_PROV(1.0.0),2RVIC,31,3,A,2031,215611,,,
ABS:ABS_HH_PROV(1.0.0),2RVIC,31,3,A,2032,217546,,,
ABS:ABS_HH_PROV(1.0.0),2RVIC,31,3,A,2033,219477,,,
ABS:ABS_HH_PROV(1.0.0),2RVIC,31,3,A,2034,221425,,,
ABS:ABS_HH_PROV(1.0.0),2RVIC,31,3,A,2035,223433,,,
ABS:ABS_HH_PROV(1.0.0),2RVIC,31,3,A,2036,225550,,,
ABS:ABS_HH_PROV(1.0.0),2RVIC,31,3,A,2037,227694,,,
ABS:ABS_HH_PROV(1.0.0),2RVIC,31,3,A,2038,229954,,,
ABS:ABS_HH_PROV(1.0.0),2RVIC,31,3,A,2039,232289,,,
ABS:ABS_HH_PROV(1.0.0),2RVIC,31,3,A,2040,234723,,,
ABS:ABS_HH_PROV(1.0.0),2RVIC,31,3,A,2041,237304,,,
ABS:ABS_HH_PROV(1.0.0),2RVIC,31,3,A,2042,239988,,,
ABS:ABS_HH_PROV(1.0.0),2RVIC,31,3,A,2043,242819,,,
ABS:ABS_HH_PROV(1.0.0),2RVIC,31,3,A,2044,245801,,,
ABS:ABS_HH_PROV(1.0.0),2RVIC,31,3,A,2045,248949,,,
ABS:ABS_HH_PROV(1.0.0),2RVIC,31,3,A,2046,252233,,,
ABS:ABS_HH_PROV(1.0.0),3GBRI,1_2,3,A,2021,684912,,,
ABS:ABS_HH_PROV(1.0.0),3GBRI,1_2,3,A,2022,699910,,,
ABS:ABS_HH_PROV(1.0.0),3GBRI,1_2,3,A,2023,719127,,,
ABS:ABS_HH_PROV(1.0.0),3GBRI,1_2,3,A,2024,735390,,,
ABS:ABS_HH_PROV(1.0.0),3GBRI,1_2,3,A,2025,750319,,,
ABS:ABS_HH_PROV(1.0.0),3GBRI,1_2,3,A,2026,763781,,,
ABS:ABS_HH_PROV(1.0.0),3GBRI,1_2,3,A,2027,775597,,,
ABS:ABS_HH_PROV(1.0.0),3GBRI,1_2,3,A,2028,786886,,,
ABS:ABS_HH_PROV(1.0.0),3GBRI,1_2,3,A,2029,797768,,,
ABS:ABS_HH_PROV(1.0.0),3GBRI,1_2,3,A,2030,808280,,,
ABS:ABS_HH_PROV(1.0.0),3GBRI,1_2,3,A,2031,818375,,,
ABS:ABS_HH_PROV(1.0.0),3GBRI,1_2,3,A,2032,827766,,,
ABS:ABS_HH_PROV(1.0.0),3GBRI,1_2,3,A,2033,836963,,,
ABS:ABS_HH_PROV(1.0.0),3GBRI,1_2,3,A,2034,846020,,,
ABS:ABS_HH_PROV(1.0.0),3GBRI,1_2,3,A,2035,854873,,,
ABS:ABS_HH_PROV(1.0.0),3GBRI,1_2,3,A,2036,863427,,,
ABS:ABS_HH_PROV(1.0.0),3GBRI,1_2,3,A,2037,871677,,,
ABS:ABS_HH_PROV(1.0.0),3GBRI,1_2,3,A,2038,879573,,,
ABS:ABS_HH_PROV(1.0.0),3GBRI,1_2,3,A,2039,887279,,,
ABS:ABS_HH_PROV(1.0.0),3GBRI,1_2,3,A,2040,894631,,,
ABS:ABS_HH_PROV(1.0.0),3GBRI,1_2,3,A,2041,901704,,,
ABS:ABS_HH_PROV(1.0.0),3GBRI,1_2,3,A,2042,908537,,,
ABS:ABS_HH_PROV(1.0.0),3GBRI,1_2,3,A,2043,914934,,,
ABS:ABS_HH_PROV(1.0.0),3GBRI,1_2,3,A,2044,921041,,,
ABS:ABS_HH_PROV(1.0.0),3GBRI,1_2,3,A,2045,926768,,,
ABS:ABS_HH_PROV(1.0.0),3GBRI,1_2,3,A,2046,932213,,,
ABS:ABS_HH_PROV(1.0.0),5GPER,32,3,A,2021,30694,,,
ABS:ABS_HH_PROV(1.0.0),5GPER,32,3,A,2022,31125,,,
ABS:ABS_HH_PROV(1.0.0),5GPER,32,3,A,2023,31585,,,
ABS:ABS_HH_PROV(1.0.0),5GPER,32,3,A,2024,31956,,,
ABS:ABS_HH_PROV(1.0.0),5GPER,32,3,A,2025,32357,,,
ABS:ABS_HH_PROV(1.0.0),5GPER,32,3,A,2026,32822,,,
ABS:ABS_HH_PROV(1.0.0),5GPER,32,3,A,2027,33334,,,
ABS:ABS_HH_PROV(1.0.0),5GPER,32,3,A,2028,33889,,,
ABS:ABS_HH_PROV(1.0.0),5GPER,32,3,A,2029,34428,,,
ABS:ABS_HH_PROV(1.0.0),5GPER,32,3,A,2030,34985,,,
ABS:ABS_HH_PROV(1.0.0),5GPER,32,3,A,2031,35582,,,
ABS:ABS_HH_PROV(1.0.0),5GPER,32,3,A,2032,36215,,,
ABS:ABS_HH_PROV(1.0.0),5GPER,32,3,A,2033,36864,,,
ABS:ABS_HH_PROV(1.0.0),5GPER,32,3,A,2034,37467,,,
ABS:ABS_HH_PROV(1.0.0),5GPER,32,3,A,2035,38047,,,
ABS:ABS_HH_PROV(1.0.0),5GPER,32,3,A,2036,38624,,,
ABS:ABS_HH_PROV(1.0.0),5GPER,32,3,A,2037,39164,,,
ABS:ABS_HH_PROV(1.0.0),5GPER,32,3,A,2038,39669,,,
ABS:ABS_HH_PROV(1.0.0),5GPER,32,3,A,2039,40140,,,
ABS:ABS_HH_PROV(1.0.0),5GPER,32,3,A,2040,40556,,,
ABS:ABS_HH_PROV(1.0.0),5GPER,32,3,A,2041,40960,,,
ABS:ABS_HH_PROV(1.0.0),5GPER,32,3,A,2042,41326,,,
ABS:ABS_HH_PROV(1.0.0),5GPER,32,3,A,2043,41622,,,
ABS:ABS_HH_PROV(1.0.0),5GPER,32,3,A,2044,41900,,,
ABS:ABS_HH_PROV(1.0.0),5GPER,32,3,A,2045,42142,,,
ABS:ABS_HH_PROV(1.0.0),5GPER,32,3,A,2046,42354,,,
ABS:ABS_HH_PROV(1.0.0),9,4,1,A,2021,1798,,,
ABS:ABS_HH_PROV(1.0.0),9,4,1,A,2022,1800,,,
ABS:ABS_HH_PROV(1.0.0),9,4,1,A,2023,1813,,,
ABS:ABS_HH_PROV(1.0.0),9,4,1,A,2024,1822,,,
ABS:ABS_HH_PROV(1.0.0),9,4,1,A,2025,1827,,,
ABS:ABS_HH_PROV(1.0.0),9,4,1,A,2026,1840,,,
ABS:ABS_HH_PROV(1.0.0),9,4,1,A,2027,1844,,,
ABS:ABS_HH_PROV(1.0.0),9,4,1,A,2028,1857,,,
ABS:ABS_HH_PROV(1.0.0),9,4,1,A,2029,1865,,,
ABS:ABS_HH_PROV(1.0.0),9,4,1,A,2030,1874,,,
ABS:ABS_HH_PROV(1.0.0),9,4,1,A,2031,1879,,,
ABS:ABS_HH_PROV(1.0.0),9,4,1,A,2032,1889,,,
ABS:ABS_HH_PROV(1.0.0),9,4,1,A,2033,1898,,,
ABS:ABS_HH_PROV(1.0.0),9,4,1,A,2034,1905,,,
ABS:ABS_HH_PROV(1.0.0),9,4,1,A,2035,1902,,,
ABS:ABS_HH_PROV(1.0.0),9,4,1,A,2036,1888,,,
ABS:ABS_HH_PROV(1.0.0),9,4,1,A,2037,1881,,,
ABS:ABS_HH_PROV(1.0.0),9,4,1,A,2038,1875,,,
ABS:ABS_HH_PROV(1.0.0),9,4,1,A,2039,1870,,,
ABS:ABS_HH_PROV(1.0.0),9,4,1,A,2040,1865,,,
ABS:ABS_HH_PROV(1.0.0),9,4,1,A,2041,1854,,,
ABS:ABS_HH_PROV(1.0.0),9,4,1,A,2042,1839,,,
ABS:ABS_HH_PROV(1.0.0),9,4,1,A,2043,1827,,,
ABS:ABS_HH_PROV(1.0.0),9,4,1,A,2044,1814,,,
ABS:ABS_HH_PROV(1.0.0),9,4,1,A,2045,1797,,,
ABS:ABS_HH_PROV(1.0.0),9,4,1,A,2046,1783,,,
ABS:ABS_HH_PROV(1.0.0),6,31,2,A,2021,69094,,,
ABS:ABS_HH_PROV(1.0.0),6,31,2,A,2022,70001,,,
ABS:ABS_HH_PROV(1.0.0),6,31,2,A,2023,70935,,,
ABS:ABS_HH_PROV(1.0.0),6,31,2,A,2024,71774,,,
ABS:ABS_HH_PROV(1.0.0),6,31,2,A,2025,72551,,,
ABS:ABS_HH_PROV(1.0.0),6,31,2,A,2026,73292,,,
ABS:ABS_HH_PROV(1.0.0),6,31,2,A,2027,74158,,,
ABS:ABS_HH_PROV(1.0.0),6,31,2,A,2028,74926,,,
ABS:ABS_HH_PROV(1.0.0),6,31,2,A,2029,75650,,,
ABS:ABS_HH_PROV(1.0.0),6,31,2,A,2030,76319,,,
ABS:ABS_HH_PROV(1.0.0),6,31,2,A,2031,76943,,,
ABS:ABS_HH_PROV(1.0.0),6,31,2,A,2032,77612,,,
ABS:ABS_HH_PROV(1.0.0),6,31,2,A,2033,78207,,,
ABS:ABS_HH_PROV(1.0.0),6,31,2,A,2034,78751,,,
ABS:ABS_HH_PROV(1.0.0),6,31,2,A,2035,79260,,,
ABS:ABS_HH_PROV(1.0.0),6,31,2,A,2036,79751,,,
ABS:ABS_HH_PROV(1.0.0),6,31,2,A,2037,80270,,,
ABS:ABS_HH_PROV(1.0.0),6,31,2,A,2038,80739,,,
ABS:ABS_HH_PROV(1.0.0),6,31,2,A,2039,81177,,,
ABS:ABS_HH_PROV(1.0.0),6,31,2,A,2040,81582,,,
ABS:ABS_HH_PROV(1.0.0),6,31,2,A,2041,81978,,,
ABS:ABS_HH_PROV(1.0.0),6,31,2,A,2042,82336,,,
ABS:ABS_HH_PROV(1.0.0),6,31,2,A,2043,82646,,,
ABS:ABS_HH_PROV(1.0.0),6,31,2,A,2044,82947,,,
ABS:ABS_HH_PROV(1.0.0),6,31,2,A,2045,83228,,,
ABS:ABS_HH_PROV(1.0.0),6,31,2,A,2046,83496,,,
ABS:ABS_HH_PROV(1.0.0),8,1_2,2,A,2021,121665,,,
ABS:ABS_HH_PROV(1.0.0),8,1_2,2,A,2022,121765,,,
ABS:ABS_HH_PROV(1.0.0),8,1_2,2,A,2023,124042,,,
ABS:ABS_HH_PROV(1.0.0),8,1_2,2,A,2024,126132,,,
ABS:ABS_HH_PROV(1.0.0),8,1_2,2,A,2025,128239,,,
ABS:ABS_HH_PROV(1.0.0),8,1_2,2,A,2026,130379,,,
ABS:ABS_HH_PROV(1.0.0),8,1_2,2,A,2027,132666,,,
ABS:ABS_HH_PROV(1.0.0),8,1_2,2,A,2028,134874,,,
ABS:ABS_HH_PROV(1.0.0),8,1_2,2,A,2029,137026,,,
ABS:ABS_HH_PROV(1.0.0),8,1_2,2,A,2030,139137,,,
ABS:ABS_HH_PROV(1.0.0),8,1_2,2,A,2031,141161,,,
ABS:ABS_HH_PROV(1.0.0),8,1_2,2,A,2032,143126,,,
ABS:ABS_HH_PROV(1.0.0),8,1_2,2,A,2033,145014,,,
ABS:ABS_HH_PROV(1.0.0),8,1_2,2,A,2034,146929,,,
ABS:ABS_HH_PROV(1.0.0),8,1_2,2,A,2035,148875,,,
ABS:ABS_HH_PROV(1.0.0),8,1_2,2,A,2036,150784,,,
ABS:ABS_HH_PROV(1.0.0),8,1_2,2,A,2037,152720,,,
ABS:ABS_HH_PROV(1.0.0),8,1_2,2,A,2038,154634,,,
ABS:ABS_HH_PROV(1.0.0),8,1_2,2,A,2039,156517,,,
ABS:ABS_HH_PROV(1.0.0),8,1_2,2,A,2040,158396,,,
ABS:ABS_HH_PROV(1.0.0),8,1_2,2,A,2041,160248,,,
ABS:ABS_HH_PROV(1.0.0),8,1_2,2,A,2042,162050,,,
ABS:ABS_HH_PROV(1.0.0),8,1_2,2,A,2043,163793,,,
ABS:ABS_HH_PROV(1.0.0),8,1_2,2,A,2044,165502,,,
ABS:ABS_HH_PROV(1.0.0),8,1_2,2,A,2045,167154,,,
ABS:ABS_HH_PROV(1.0.0),8,1_2,2,A,2046,168787,,,
ABS:ABS_HH_PROV(1.0.0),2,31,3,A,2021,669137,,,
ABS:ABS_HH_PROV(1.0.0),2,31,3,A,2022,678137,,,
ABS:ABS_HH_PROV(1.0.0),2,31,3,A,2023,693561,,,
ABS:ABS_HH_PROV(1.0.0),2,31,3,A,2024,707651,,,
ABS:ABS_HH_PROV(1.0.0),2,31,3,A,2025,722074,,,
ABS:ABS_HH_PROV(1.0.0),2,31,3,A,2026,737153,,,
ABS:ABS_HH_PROV(1.0.0),2,31,3,A,2027,752464,,,
ABS:ABS_HH_PROV(1.0.0),2,31,3,A,2028,767194,,,
ABS:ABS_HH_PROV(1.0.0),2,31,3,A,2029,781574,,,
ABS:ABS_HH_PROV(1.0.0),2,31,3,A,2030,795514,,,
ABS:ABS_HH_PROV(1.0.0),2,31,3,A,2031,809177,,,
ABS:ABS_HH_PROV(1.0.0),2,31,3,A,2032,822659,,,
ABS:ABS_HH_PROV(1.0.0),2,31,3,A,2033,835628,,,
ABS:ABS_HH_PROV(1.0.0),2,31,3,A,2034,848037,,,
ABS:ABS_HH_PROV(1.0.0),2,31,3,A,2035,860060,,,
ABS:ABS_HH_PROV(1.0.0),2,31,3,A,2036,871845,,,
ABS:ABS_HH_PROV(1.0.0),2,31,3,A,2037,883095,,,
ABS:ABS_HH_PROV(1.0.0),2,31,3,A,2038,893890,,,
ABS:ABS_HH_PROV(1.0.0),2,31,3,A,2039,904182,,,
ABS:ABS_HH_PROV(1.0.0),2,31,3,A,2040,914104,,,
ABS:ABS_HH_PROV(1.0.0),2,31,3,A,2041,923825,,,
ABS:ABS_HH_PROV(1.0.0),2,31,3,A,2042,933126,,,
ABS:ABS_HH_PROV(1.0.0),2,31,3,A,2043,942056,,,
ABS:ABS_HH_PROV(1.0.0),2,31,3,A,2044,950723,,,
ABS:ABS_HH_PROV(1.0.0),2,31,3,A,2045,959197,,,
ABS:ABS_HH_PROV(1.0.0),2,31,3,A,2046,967485,,,
ABS:ABS_HH_PROV(1.0.0),3,31,1,A,2021,512981,,,
ABS:ABS_HH_PROV(1.0.0),3,31,1,A,2022,526629,,,
ABS:ABS_HH_PROV(1.0.0),3,31,1,A,2023,541034,,,
ABS:ABS_HH_PROV(1.0.0),3,31,1,A,2024,554616,,,
ABS:ABS_HH_PROV(1.0.0),3,31,1,A,2025,567871,,,
ABS:ABS_HH_PROV(1.0.0),3,31,1,A,2026,580895,,,
ABS:ABS_HH_PROV(1.0.0),3,31,1,A,2027,593572,,,
ABS:ABS_HH_PROV(1.0.0),3,31,1,A,2028,605873,,,
ABS:ABS_HH_PROV(1.0.0),3,31,1,A,2029,617939,,,
ABS:ABS_HH_PROV(1.0.0),3,31,1,A,2030,629727,,,
ABS:ABS_HH_PROV(1.0.0),3,31,1,A,2031,641402,,,
ABS:ABS_HH_PROV(1.0.0),3,31,1,A,2032,652851,,,
ABS:ABS_HH_PROV(1.0.0),3,31,1,A,2033,663988,,,
ABS:ABS_HH_PROV(1.0.0),3,31,1,A,2034,674772,,,
ABS:ABS_HH_PROV(1.0.0),3,31,1,A,2035,685218,,,
ABS:ABS_HH_PROV(1.0.0),3,31,1,A,2036,695579,,,
ABS:ABS_HH_PROV(1.0.0),3,31,1,A,2037,705546,,,
ABS:ABS_HH_PROV(1.0.0),3,31,1,A,2038,715210,,,
ABS:ABS_HH_PROV(1.0.0),3,31,1,A,2039,724561,,,
ABS:ABS_HH_PROV(1.0.0),3,31,1,A,2040,733574,,,
ABS:ABS_HH_PROV(1.0.0),3,31,1,A,2041,742538,,,
ABS:ABS_HH_PROV(1.0.0),3,31,1,A,2042,751250,,,
ABS:ABS_HH_PROV(1.0.0),3,31,1,A,2043,759657,,,
ABS:ABS_HH_PROV(1.0.0),3,31,1,A,2044,767896,,,
ABS:ABS_HH_PROV(1.0.0),3,31,1,A,2045,775926,,,
ABS:ABS_HH_PROV(1.0.0),3,31,1,A,2046,783923,,,
ABS:ABS_HH_PROV(1.0.0),4,31,1,A,2021,215536,,,
ABS:ABS_HH_PROV(1.0.0),4,31,1,A,2022,218909,,,
ABS:ABS_HH_PROV(1.0.0),4,31,1,A,2023,223167,,,
ABS:ABS_HH_PROV(1.0.0),4,31,1,A,2024,227058,,,
ABS:ABS_HH_PROV(1.0.0),4,31,1,A,2025,230848,,,
ABS:ABS_HH_PROV(1.0.0),4,31,1,A,2026,234596,,,
ABS:ABS_HH_PROV(1.0.0),4,31,1,A,2027,238304,,,
ABS:ABS_HH_PROV(1.0.0),4,31,1,A,2028,241805,,,
ABS:ABS_HH_PROV(1.0.0),4,31,1,A,2029,245191,,,
ABS:ABS_HH_PROV(1.0.0),4,31,1,A,2030,248433,,,
ABS:ABS_HH_PROV(1.0.0),4,31,1,A,2031,251582,,,
ABS:ABS_HH_PROV(1.0.0),4,31,1,A,2032,254627,,,
ABS:ABS_HH_PROV(1.0.0),4,31,1,A,2033,257509,,,
ABS:ABS_HH_PROV(1.0.0),4,31,1,A,2034,260257,,,
ABS:ABS_HH_PROV(1.0.0),4,31,1,A,2035,262872,,,
ABS:ABS_HH_PROV(1.0.0),4,31,1,A,2036,265432,,,
ABS:ABS_HH_PROV(1.0.0),4,31,1,A,2037,267829,,,
ABS:ABS_HH_PROV(1.0.0),4,31,1,A,2038,270093,,,
ABS:ABS_HH_PROV(1.0.0),4,31,1,A,2039,272240,,,
ABS:ABS_HH_PROV(1.0.0),4,31,1,A,2040,274247,,,
ABS:ABS_HH_PROV(1.0.0),4,31,1,A,2041,276216,,,
ABS:ABS_HH_PROV(1.0.0),4,31,1,A,2042,278015,,,
ABS:ABS_HH_PROV(1.0.0),4,31,1,A,2043,279690,,,
ABS:ABS_HH_PROV(1.0.0),4,31,1,A,2044,281281,,,
ABS:ABS_HH_PROV(1.0.0),4,31,1,A,2045,282787,,,
ABS:ABS_HH_PROV(1.0.0),4,31,1,A,2046,284244,,,
ABS:ABS_HH_PROV(1.0.0),0,4,3,A,2021,9993880,,,
ABS:ABS_HH_PROV(1.0.0),0,4,3,A,2022,10098778,,,
ABS:ABS_HH_PROV(1.0.0),0,4,3,A,2023,10289128,,,
ABS:ABS_HH_PROV(1.0.0),0,4,3,A,2024,10455963,,,
ABS:ABS_HH_PROV(1.0.0),0,4,3,A,2025,10622921,,,
ABS:ABS_HH_PROV(1.0.0),0,4,3,A,2026,10787602,,,
ABS:ABS_HH_PROV(1.0.0),0,4,3,A,2027,10946890,,,
ABS:ABS_HH_PROV(1.0.0),0,4,3,A,2028,11101721,,,
ABS:ABS_HH_PROV(1.0.0),0,4,3,A,2029,11253006,,,
ABS:ABS_HH_PROV(1.0.0),0,4,3,A,2030,11401389,,,
ABS:ABS_HH_PROV(1.0.0),0,4,3,A,2031,11544908,,,
ABS:ABS_HH_PROV(1.0.0),0,4,3,A,2032,11682186,,,
ABS:ABS_HH_PROV(1.0.0),0,4,3,A,2033,11816689,,,
ABS:ABS_HH_PROV(1.0.0),0,4,3,A,2034,11948336,,,
ABS:ABS_HH_PROV(1.0.0),0,4,3,A,2035,12077783,,,
ABS:ABS_HH_PROV(1.0.0),0,4,3,A,2036,12204427,,,
ABS:ABS_HH_PROV(1.0.0),0,4,3,A,2037,12326945,,,
ABS:ABS_HH_PROV(1.0.0),0,4,3,A,2038,12445284,,,
ABS:ABS_HH_PROV(1.0.0),0,4,3,A,2039,12559920,,,
ABS:ABS_HH_PROV(1.0.0),0,4,3,A,2040,12670783,,,
ABS:ABS_HH_PROV(1.0.0),0,4,3,A,2041,12779338,,,
ABS:ABS_HH_PROV(1.0.0),0,4,3,A,2042,12884369,,,
ABS:ABS_HH_PROV(1.0.0),0,4,3,A,2043,12984117,,,
ABS:ABS_HH_PROV(1.0.0),0,4,3,A,2044,13080842,,,
ABS:ABS_HH_PROV(1.0.0),0,4,3,A,2045,13174091,,,
ABS:ABS_HH_PROV(1.0.0),0,4,3,A,2046,13265339,,,
